character,manifest_source,source_id,is_danbooru_tag,status,candidate_count,score,post_id,wiki_title,label,source_tier,source,url,visual_tags,evidence_character_tag,character_tags,general_tags,meta_tags
abigail_williams_(fate),female_servant+danbooru_tag+legacy_appearance_pack,2500100,True,no_exact_tagged_post,0,,,,,,,,,,,,
abigail_williams_(first_ascension)_(fate),legacy_appearance_pack,,True,candidate,2,18,8971781,abigail_williams_(fate),First Ascension,game_mirror,https://apps.atlasacademy.io/db/JP/servant/195/assets,https://danbooru.donmai.us/posts/8971781,blonde_hair blue_eyes black_dress black_hat black_shoes very_long_hair,abigail_williams_(first_ascension)_(fate),abigail_williams_(fate) abigail_williams_(first_ascension)_(fate),1girl :o black_bow black_dress black_hat black_shoes blonde_hair bloomers blue_eyes bow dress floating foot_out_of_frame full_body hair_bow hat holding holding_stuffed_toy knees_together_feet_apart long_hair long_sleeves looking_at_viewer multiple_hair_bows orange_bow parted_hair parted_lips shoes sleeves_past_fingers sleeves_past_wrists solo stuffed_animal stuffed_toy teddy_bear very_long_hair white_bloomers,official_art third-party_source variant_set
abigail_williams_(santa)_(fate),female_servant+danbooru_tag,2800800,True,candidate,8,21,8594382,abigail_williams_(fate),Santa,game_asset,https://apps.atlasacademy.io/db/JP/script/9413850060,https://danbooru.donmai.us/posts/8594382,blonde_hair blue_eyes strapless_dress white_dress white_pantyhose white_shoes hair_bun very_long_hair,abigail_williams_(santa)_(fate),abigail_williams_(fate) abigail_williams_(santa)_(fate),1girl bare_shoulders bell blonde_hair blue_eyes blush bow box cloak double_bun dress flat_chest flower food fork fruit full_body fur-trimmed_cloak fur_trim gift gift_box gold_tiara hair_bow hair_bun long_hair looking_at_viewer oversized_fork pantyhose parted_bangs red_cloak rolling_suitcase shoes sidelocks simple_background smile snowflake_ornament solo standing strapless strapless_dress strawberry stuffed_animal stuffed_toy suitcase tachi-e teddy_bear transparent_background very_long_hair white_bow white_dress white_flower white_pantyhose white_shoes,game_asset highres official_art third-party_source
abigail_williams_(second_ascension)_(fate),legacy_appearance_pack,,True,candidate,2,18,8971791,abigail_williams_(fate),Second Ascension,game_mirror,https://apps.atlasacademy.io/db/JP/servant/195/assets,https://danbooru.donmai.us/posts/8971791,blonde_hair red_eyes black_hat black_shoes black_thighhighs witch_hat very_long_hair,abigail_williams_(second_ascension)_(fate),abigail_williams_(fate) abigail_williams_(second_ascension)_(fate),1girl asymmetrical_legwear black_bow black_hat black_shoes black_thighhighs blonde_hair bow closed_mouth dual_wielding floating floating_hair foot_out_of_frame full_body hat holding key key_ring keyhole knees_together_feet_apart long_hair looking_at_viewer mismatched_legwear multiple_hat_bows orange_bow oversized_object red_eyes revealing_clothes shoes single_thighhigh skinny smirk solo stuffed_animal stuffed_toy teddy_bear thighhighs very_long_hair witch_hat,official_art third-party_source variant_set
abigail_williams_(summer)_(fate),female_servant_official_name,2500700,False,official_name_without_tag,0,,,,,,,,,,,,
abigail_williams_(swimsuit_foreigner)_(first_ascension)_(fate),legacy_appearance_pack,,True,candidate,2,16,9219965,abigail_williams_(fate),Swimsuit Foreigner (First Ascension),game_asset,https://apps.atlasacademy.io/db/JP/servant/289/assets,https://danbooru.donmai.us/posts/9219965,white_hair red_eyes black_bikini lowleg_bikini swimsuit black_gloves braid hair_bun,abigail_williams_(swimsuit_foreigner)_(first_ascension)_(fate),abigail_williams_(fate) abigail_williams_(swimsuit_foreigner)_(first_ascension)_(fate) luthar_(fate) nosh_(fate),1girl absurdly_long_hair arm_at_side bare_legs bare_shoulders barefoot beach bikini black_bikini black_bow black_gloves bow braid braided_bun breasts closed_mouth cloud colored_skin creature dot_mouth double_bun full_body gloves grey_skin hair_bow hair_bun hand_up head_tilt horizon horror_(theme) keyhole long_hair long_sidelocks looking_at_viewer lowleg lowleg_bikini multiple_hair_bows navel ocean orange_bow parted_bangs red_eyes ribs sand sidelocks skinny sky small_breasts solo standing stomach strapless strapless_bikini swimsuit tentacles third_eye toes two-sided_fabric very_long_hair very_long_sidelocks white_hair,game_asset official_art third-party_source variant_set
abigail_williams_(swimsuit_foreigner)_(third_ascension)_(fate),legacy_appearance_pack,,True,candidate,2,16,9219967,abigail_williams_(fate),Swimsuit Foreigner (Third Ascension),game_asset,https://apps.atlasacademy.io/db/JP/servant/289/assets,https://danbooru.donmai.us/posts/9219967,blonde_hair blue_eyes bow_bikini strapless_bikini swimsuit bikini_skirt black_jacket very_long_hair,abigail_williams_(swimsuit_foreigner)_(third_ascension)_(fate),abigail_williams_(fate) abigail_williams_(swimsuit_foreigner)_(third_ascension)_(fate) luthar_(fate) nosh_(fate),1girl :o animal animal_on_shoulder arm_at_side ball bare_legs bare_shoulders barefoot beach beachball bikini bikini_skirt black_cat black_jacket blonde_hair blue_eyes blue_sky bonnet bow bow_bikini breasts cat chinstrap cloud day food fruit full_body grey_cat groin hand_up head_tilt heart holding holding_swim_ring holding_unworn_clothes holding_unworn_jacket horizon innertube jacket long_hair long_sidelocks looking_at_viewer microskirt navel net ocean outdoors parted_bangs parted_lips sand sidelocks skinny skirt sky small_breasts solo standing star_(symbol) strapless strapless_bikini swim_ring swimsuit toes unworn_jacket very_long_hair very_long_sidelocks watermelon white_bikini white_bonnet white_bow,game_asset official_art third-party_source variant_set
abigail_williams_(third_ascension)_(fate),legacy_appearance_pack,,True,candidate,3,18,8971804,abigail_williams_(fate),Third Ascension,game_mirror,https://apps.atlasacademy.io/db/JP/servant/195/assets,https://danbooru.donmai.us/posts/8971804,white_hair red_eyes black_hat witch_hat very_long_hair,abigail_williams_(third_ascension)_(fate),abigail_williams_(fate) abigail_williams_(third_ascension)_(fate),1girl black_bow black_hat bow colored_skin floating floating_hair foot_out_of_frame full_body glowing glowing_eye hat horror_(theme) key keyhole knees_together_feet_apart long_hair looking_at_viewer navel orange_bow oversized_object parted_lips red_eyes revealing_clothes skinny solo tentacles third_eye very_long_hair white_hair witch_hat,official_art third-party_source variant_set
abigail_williams_(traveling_outfit)_(fate),legacy_appearance_pack,,True,candidate,3,12,9041870,abigail_williams_(traveling_outfit)_(fate),Heroic Spirit Sightseeing Portrait,game_mirror,https://apps.atlasacademy.io/db/JP/craft-essence/1224/assets,https://danbooru.donmai.us/posts/9041870,blonde_hair blue_eyes black_jacket hair_bun,abigail_williams_(traveling_outfit)_(fate),abigail_williams_(fate) abigail_williams_(traveling_outfit)_(fate),1girl bandaid bandaid_on_face bandaid_on_forehead bare_legs black_bow black_jacket blonde_hair blue_background blue_eyes bow covered_mouth feet_out_of_frame hair_bow hair_bun jacket long_sleeves multiple_hair_bows orange_bow outdoors overcast own_hands_together parted_bangs photo_background sky sleeves_past_wrists solo standing stuffed_animal stuffed_toy teddy_bear tentacles water,commentary official_art third-party_source
aesc_(fate),legacy_appearance_pack,,True,no_exact_tagged_post,0,,,,,,,,,,,,
aesc_(rain_witch)_(fate),female_servant+danbooru_tag+legacy_appearance_pack,505300,True,candidate,2,18,6543594,aesc_(fate),Rain Witch,game_mirror,https://apps.atlasacademy.io/db/JP/servant/385/assets,https://danbooru.donmai.us/posts/6543594,blonde_hair blue_eyes white_robe white_cape white_shoes witch_hat bowtie braid very_long_hair,aesc_(rain_witch)_(fate),aesc_(fate) aesc_(rain_witch)_(fate),1girl blonde_hair blue_eyes book bow bowtie braid cape closed_mouth day floating floating_book floating_object full_body glasses grass hair_between_eyes hat high_heels holding holding_staff long_hair looking_at_viewer open_book outdoors robe shoes solo staff standing tree very_long_hair white_cape white_robe white_shoes wide_sleeves witch_hat,official_art third-party_source variant_set
altera_(fate),female_servant+danbooru_tag+legacy_appearance_pack,101800,True,candidate,4,9,9106743,altera_(fate),supplemental search,game_asset,https://apps.atlasacademy.io/db/JP/servant/8/assets,https://danbooru.donmai.us/posts/9106743,white_hair red_eyes leotard black_socks,altera_(fate),altera_(fate),1girl arm_at_side bandeau bare_shoulders battlefield black_panties black_socks breasts closed_mouth clothing_cutout collarbone dark-skinned_female dark_skin detached_sleeves diffraction_spikes expressionless feet_out_of_frame full-body_tattoo hand_on_hilt holding holding_sword holding_weapon legs_apart leotard long_veil looking_at_viewer navel orange_background panties photon_ray_(fate) red_eyes small_breasts socks solo standing sword tattoo underwear veil weapon white_bandeau white_hair white_sleeves white_veil,game_asset official_art third-party_source variant_set
altera_the_santa_(fate),female_servant+danbooru_tag,202200,True,candidate,1,13,9166656,altera_the_santa_(fate),,game_mirror,https://apps.atlasacademy.io/db/JP/servant/197/assets,https://danbooru.donmai.us/posts/9166656,white_hair red_eyes red_boots red_choker,altera_the_santa_(fate),altera_(fate) altera_the_santa_(fate) zerco_(fate),1girl animal bare_shoulders blue_background blush boots bow bow_bra bra breasts candy candy_cane choker christmas closed_mouth dark-skinned_female dark_skin detached_sleeves earmuffs food full-body_tattoo full_body headband holding holding_sheep holding_weapon horseback_riding looking_at_viewer mittens panties photon_ray_(fate) rainbow red_boots red_bra red_choker red_eyes red_panties red_sleeves riding sheep small_breasts solo spaghetti_strap tattoo underwear veil weapon white_bow white_hair white_mittens white_veil,official_art third-party_source
altria_pendragon_(alter)_(fate),female_servant_official_name,100200+301900+402700,False,official_name_without_tag,0,,,,,,,,,,,,
altria_pendragon_(lily)_(fate),female_servant_official_name,100300,False,official_name_without_tag,0,,,,,,,,,,,,
altria_pendragon_(santa_alter)_(fate),female_servant_official_name,402200,False,official_name_without_tag,0,,,,,,,,,,,,
amor_(caren)_(fate),female_servant_official_name,901100,False,official_name_without_tag,0,,,,,,,,,,,,
anastasia_(fate),female_servant+danbooru_tag+legacy_appearance_pack,503500,True,candidate,3,9,9172554,anastasia_(fate),supplemental search,game_asset,https://apps.atlasacademy.io/db/JP/servant/201/assets,https://danbooru.donmai.us/posts/9172554,blue_eyes long_dress off-shoulder_dress gold_choker gold_hairband very_long_hair,anastasia_(fate),anastasia_(fate) viy_(fate),1girl armlet bare_shoulders blue_eyes blunt_ends closed_mouth doll dress expressionless feet_out_of_frame gold_choker gold_hairband hair_over_one_eye hairband hands_up holding holding_doll ice jewelry long_dress long_hair looking_at_viewer off-shoulder_dress off_shoulder one_eye_covered solo standing strapless strapless_dress very_long_hair white_dress,game_asset official_art third-party_source variant_set
anastasia_and_viy_(fate),female_servant_official_name,204400,False,official_name_without_tag,0,,,,,,,,,,,,
andromeda_(fate),female_servant+danbooru_tag,405500,True,no_exact_tagged_post,0,,,,,,,,,,,,
anne_bonny_(fate),legacy_appearance_pack,,True,no_exact_tagged_post,0,,,,,,,,,,,,
anne_bonny_and_mary_read_(fate),female_servant_official_name,202500+400900,False,official_name_without_tag,0,,,,,,,,,,,,
aozaki_aoko_(fate),female_servant_official_name,2501400,False,official_name_without_tag,0,,,,,,,,,,,,
archetype_earth,female_servant+danbooru_tag+legacy_appearance_pack,2300500,True,no_exact_tagged_post,0,,,,,,,,,,,,
arcueid_brunestud,legacy_appearance_pack,,True,no_exact_tagged_post,0,,,,,,,,,,,,
arcueid_brunestud_(mooncancer),legacy_appearance_pack,,True,candidate,2,18,7535209,arcueid_brunestud,MoonCancer,game_mirror,https://apps.atlasacademy.io/db/JP/servant/351/assets,https://danbooru.donmai.us/posts/7535209,blonde_hair red_eyes white_dress showgirl_skirt black_gloves black_pantyhose white_shoes short_hair,arcueid_brunestud_(mooncancer),arcueid_brunestud arcueid_brunestud_(mooncancer),1girl ahoge armpits black_gloves black_pantyhose blonde_hair breasts detached_sleeves dress flower gloves hair_between_eyes hair_flower hair_ornament high_heels juliet_sleeves long_sleeves open_mouth pantyhose puffy_sleeves pumps red_eyes shoes short_hair showgirl_skirt smile solo white_dress white_shoes,official_art third-party_source
artoria_caster_(fate),female_servant+danbooru_tag+legacy_appearance_pack,504500+704700,True,no_exact_tagged_post,0,,,,,,,,,,,,
artoria_pendragon_(fate),female_servant+danbooru_tag+legacy_appearance_pack,100100+202600+302000+900900,True,needs_source_or_visual_review,1,1,11889405,artoria_pendragon_(fate),supplemental search,source_unverified,https://www.bilibili.com/blackboard/activity-Mz9T5bO5Q3.html?id=420150101&type=suit,https://danbooru.donmai.us/posts/11889405,blonde_hair green_eyes white_dress blue_coat braid hair_bun,artoria_pendragon_(fate),artoria_pendragon_(fate) saber_(fate),1girl ahoge blonde_hair blue_coat bow braid braided_base bun_with_braided_base coat copyright_notice cowboy_shot dress earrings green_eyes hair_bun hair_ornament hair_ribbon hand_on_hilt jewelry long_sleeves looking_at_viewer ribbon smile solo stuffed_animal stuffed_toy sword weapon white_dress,bad_source highres official_art promotional_art second-party_source
artoria_pendragon_(lancer)_(fate),legacy_appearance_pack,,True,candidate,6,15,9142190,artoria_pendragon_(lancer)_(fate),Second Ascension,game_asset,https://apps.atlasacademy.io/db/JP/servant/119/assets,https://danbooru.donmai.us/posts/9142190,blonde_hair green_eyes blue_dress shoulder_armor armored_boots armored_gloves blue_thighhighs braid hair_bun,artoria_pendragon_(lancer)_(fate),artoria_pendragon_(fate) artoria_pendragon_(lancer)_(fate) artoria_pendragon_(lancer)_(second_ascension)_(fate) dun_stallion_(fate),1girl ahoge armor armored_boots armored_gloves barding blonde_hair blue_dress blue_thighhighs boots braid braided_base breastplate bun_with_braided_base closed_mouth double-parted_bangs dress full_body gauntlets green_eyes hair_between_eyes hair_bun hand_up high_collar holding holding_polearm holding_reins holding_weapon horse horseback_riding lance looking_at_viewer pauldrons polearm purple_background reins rhongomyniad_(fate) riding saddle short_hair_with_long_locks shoulder_armor sidelocks single_bare_shoulder single_pauldron solo stirrups_(riding) thighhighs v-shaped_eyebrows weapon,game_asset official_art third-party_source variant_set
artoria_pendragon_(lancer)_(third_ascension)_(fate),legacy_appearance_pack,,True,candidate,1,21,9142191,artoria_pendragon_(lancer)_(fate),Third Ascension,game_asset,https://apps.atlasacademy.io/db/JP/servant/119/assets,https://danbooru.donmai.us/posts/9142191,blonde_hair green_eyes tiara blue_dress armored_boots armored_gloves blue_thighhighs fur-trimmed_cape red_cape braid hair_bun,artoria_pendragon_(lancer)_(third_ascension)_(fate),artoria_pendragon_(fate) artoria_pendragon_(lancer)_(fate) artoria_pendragon_(lancer)_(third_ascension)_(fate) dun_stallion_(fate),1girl ahoge armored_boots armored_gloves barding blonde_hair blue_dress blue_thighhighs boots braid braided_base breasts bun_with_braided_base cape cleavage cleavage_cutout closed_mouth clothing_cutout double-parted_bangs dress full_body fur-trimmed_cape fur_trim gauntlets glowing glowing_weapon green_eyes hair_between_eyes hair_bun hand_up high_collar holding holding_polearm holding_reins holding_weapon horse horseback_riding lance large_breasts looking_at_viewer pink_background polearm red_cape reins rhongomyniad_(fate) riding saddle short_hair_with_long_locks sidelocks solo stirrups_(riding) thighhighs tiara underbust v-shaped_eyebrows weapon,game_asset official_art third-party_source variant_set
artoria_pendragon_(lancer_alter)_(fate),legacy_appearance_pack,,True,candidate,9,13,2383947,artoria_pendragon_(lancer_alter)_(fate),Third Ascension,game_mirror,https://apps.atlasacademy.io/db/JP/servant/78/assets,https://danbooru.donmai.us/posts/2383947,white_hair yellow_eyes horns shoulder_armor black_thighhighs knee_boots short_hair,artoria_pendragon_(lancer_alter)_(fate),artoria_pendragon_(fate) artoria_pendragon_(lancer_alter)_(fate) llamrei_(fate),1girl armor black_thighhighs boots breasts closed_mouth dark_rhongomyniad_(fate) greaves holding holding_weapon horns horse horseback_riding knee_boots lance large_breasts looking_at_viewer navel pauldrons polearm riding saddle short_hair shoulder_armor solo thighhighs underboob weapon white_hair yellow_eyes,official_art variant_set
artoria_pendragon_(royal_icing)_(fate),legacy_appearance_pack,,True,needs_source_or_visual_review,5,10,3381788,artoria_pendragon_(royal_icing)_(fate),,source_unverified,https://ec.toranoana.jp/tora_r/ec/item/040030688512/,https://danbooru.donmai.us/posts/3381788,blonde_hair yellow_eyes horns black_thighhighs choker gloves short_hair,artoria_pendragon_(royal_icing)_(fate),artoria_pendragon_(fate) artoria_pendragon_(lancer_alter)_(fate) artoria_pendragon_(royal_icing)_(fate),1girl armpits arms_up black_panties black_thighhighs blonde_hair blue_bow blue_flower blue_rose bow breasts choker cleavage cowboy_shot flower garter_belt gloves horns large_breasts lingerie looking_at_viewer lying official_alternate_costume panties parted_lips pelvic_curtain revealing_clothes rose see-through_clothes shinpi_no_kuni_no_oniland!! short_hair smile solo sweat thighhighs underwear underwear_only yellow_eyes,bad_source cropped detexted official_art photoshop_(medium) third-party_edit
artoria_pendragon_(swimsuit_ruler)_(fate),legacy_appearance_pack,,True,candidate,5,15,9205783,artoria_pendragon_(swimsuit_ruler)_(fate),Third Ascension,game_asset,https://apps.atlasacademy.io/db/JP/servant/265/assets,https://danbooru.donmai.us/posts/9205783,blonde_hair green_eyes rabbit_ears tiara layered_dress strapless_dress armor armored_boots armored_gloves blue_gloves braid,artoria_pendragon_(swimsuit_ruler)_(fate),artoria_pendragon_(fate) artoria_pendragon_(lancer)_(fate) artoria_pendragon_(swimsuit_ruler)_(fate) artoria_pendragon_(swimsuit_ruler)_(third_ascension)_(fate),1girl ahoge animal_ears arm_at_side armor armored_boots armored_gloves bare_shoulders blonde_hair blue_background blue_collar blue_gloves boots braid braided_base breasts bright_pupils closed_mouth collar dress elbow_gloves expressionless feather_boa full_body gloves greaves green_eyes hair_between_eyes hand_up high_ponytail holding large_breasts layered_dress legs_together long_hair long_sidelocks looking_at_viewer narrow_waist ponytail ponytail_with_braided_base rabbit_ears see-through_clothes see-through_skirt_layer sidelocks solo standing straight-on strapless strapless_dress thigh_boots tiara very_long_hair white_dress,game_asset official_art third-party_source variant_set
artoria_pendragon_(swimsuit_ruler)_(first_ascension)_(fate),legacy_appearance_pack,,True,candidate,1,21,9205781,artoria_pendragon_(swimsuit_ruler)_(fate),First Ascension,game_asset,https://apps.atlasacademy.io/db/JP/servant/265/assets,https://danbooru.donmai.us/posts/9205781,blonde_hair green_eyes rabbit_ears tiara highleg_leotard strapless_leotard blue_necktie blue_pantyhose fishnet_pantyhose short_necktie braid,artoria_pendragon_(swimsuit_ruler)_(first_ascension)_(fate),artoria_pendragon_(fate) artoria_pendragon_(lancer)_(fate) artoria_pendragon_(swimsuit_ruler)_(fate) artoria_pendragon_(swimsuit_ruler)_(first_ascension)_(fate),1girl ahoge animal_ears arm_at_side ass_visible_through_thighs blonde_hair blue_necktie blue_pantyhose braid braided_base breasts bright_pupils card chandelier cleavage closed_mouth clothing_cutout collar detached_collar expressionless feather_boa fishnet_pantyhose fishnets full_body green_eyes hair_between_eyes hand_up high_ponytail highleg highleg_leotard holding holding_card large_breasts legs_together leotard long_hair long_sidelocks looking_at_viewer narrow_waist navel navel_cutout necktie pantyhose playboy_bunny poker_chip ponytail ponytail_with_braided_base pouch rabbit_ears shoes short_necktie sidelocks solo standing straight-on strapless strapless_leotard thigh_gap thigh_pouch tiara white_collar white_leotard white_shoes white_wrist_cuffs wing_collar wrist_cuffs,game_asset official_art third-party_source variant_set
asagami_fujino_(fate),female_servant_official_name,202900,False,official_name_without_tag,0,,,,,,,,,,,,
assassin_(fate/zero),legacy_appearance_pack,,True,candidate,3,9,9131970,assassin_(fate/zero),supplemental search,game_asset,https://apps.atlasacademy.io/db/JP/servant/110/assets,https://danbooru.donmai.us/posts/9131970,purple_hair grey_eyes black_pants black_shirt black_shoes long_hair,assassin_(fate/zero),assassin_(fate/zero) female_assassin_(fate/zero),1girl abs arms_up bare_shoulders black_pants black_shirt black_shoes breasts colored_skin crop_top curtained_hair earrings flower full_body grass grey_eyes grey_skin hoop_earrings jewelry lips long_hair lying mask on_side pants parted_lips purple_flower purple_hair shirt shoes sideboob silver_earrings skull_mask small_breasts solo stomach thigh_strap toned toned_female unworn_mask white_mask,flower_request game_asset official_art third-party_source
astraea_(fate),female_servant+danbooru_tag,900800,True,candidate,2,9,9199390,astraea_(fate),supplemental search,game_asset,https://apps.atlasacademy.io/db/JP/servant/242/assets,https://danbooru.donmai.us/posts/9199390,blonde_hair blue_hair orange_eyes armored_leotard black_leotard gold_armor blue_skirt showgirl_skirt drill_hair long_hair,astraea_(fate),astraea_(fate),1girl :d armor armored_leotard balance_scale black_leotard blonde_hair blue_flower blue_hair blue_ribbon blue_skirt breasts breasts_apart cleavage_cutout clothing_cutout curtained_hair drill_hair feet_out_of_frame flower gentiana_(flower) gold_armor hair_ornament hair_ribbon halter_leotard halterneck high_collar holding holding_scale holding_sword holding_weapon leg_up leotard light_particles long_hair long_sidelocks looking_at_viewer multicolored_hair open_mouth orange_eyes purple_flower ribbon showgirl_skirt sideless_leotard sidelocks single_sidelock skirt smile solo stomach_cutout sword teeth toned toned_female two-tone_hair upper_teeth_only weapon weighing_scale yellow_flower,flower_request game_asset official_art third-party_source
atalanta_(fate),female_servant+danbooru_tag+legacy_appearance_pack,200500,True,candidate,2,9,9106875,atalanta_(fate),supplemental search,game_asset,https://apps.atlasacademy.io/db/JP/servant/14/assets,https://danbooru.donmai.us/posts/9106875,blonde_hair green_hair green_eyes cat_ears cat_tail green_dress short_dress black_gloves black_thighhighs braid long_hair,atalanta_(fate),atalanta_(fate),1girl animal_ears black_gloves black_thighhighs blonde_hair bow_(weapon) braid cat_ears cat_girl cat_tail closed_mouth dress expressionless feet_out_of_frame gauntlets gloves green_dress green_eyes green_hair holding holding_bow_(weapon) holding_weapon long_hair looking_at_viewer multicolored_hair outdoors puffy_short_sleeves puffy_sleeves short_dress short_sleeves sidelocks solo standing tail thighhighs weapon wind,game_asset official_art third-party_source variant_set
atalanta_alter_(fate),female_servant+danbooru_tag+legacy_appearance_pack,703000,True,no_exact_tagged_post,0,,,,,,,,,,,,
baobhan_sith_(fate),female_servant+danbooru_tag+legacy_appearance_pack,204300,True,no_exact_tagged_post,0,,,,,,,,,,,,
baobhan_sith_(first_ascension)_(fate),legacy_appearance_pack,,True,candidate,5,9,9148204,baobhan_sith_(fate),supplemental search,game_asset,https://apps.atlasacademy.io/db/JP/servant/311/assets,https://danbooru.donmai.us/posts/9148204,pink_hair grey_eyes pointy_ears frilled_dress red_dress high_heel_boots thigh_boots long_hair,baobhan_sith_(first_ascension)_(fate),baobhan_sith_(fate) baobhan_sith_(first_ascension)_(fate),1girl boots breasts checkered_floor detached_sleeves dress earrings frilled_dress frills full_body grey_eyes hair_ornament hand_up high_heel_boots high_heels jewelry long_hair looking_at_viewer medium_breasts pink_hair platform_heels pointy_ears red_dress red_nails sidelocks solo thigh_boots,game_asset official_art third-party_source variant_set
baobhan_sith_(swimsuit_pretender)_(first_ascension)_(fate),legacy_appearance_pack,,True,candidate,3,9,9148239,baobhan_sith_(fate),supplemental search,game_asset,https://apps.atlasacademy.io/db/JP/servant/392/assets,https://danbooru.donmai.us/posts/9148239,pink_hair grey_eyes pointy_ears fur-trimmed_jacket pink_skirt white_jacket long_hair,baobhan_sith_(swimsuit_pretender)_(first_ascension)_(fate),baobhan_sith_(fate) baobhan_sith_(swimsuit_pretender)_(first_ascension)_(fate) cernunnos_(fate),1girl beach breasts camisole character_hair_ornament full_body fur-trimmed_jacket fur_trim grey_eyes hair_ornament hands_up headwear_with_attached_mittens jacket long_hair looking_at_viewer microskirt navel ocean one_eye_closed outdoors pink_hair pink_skirt platform_heels pointy_ears sand skirt solo stuffed_animal stuffed_rabbit stuffed_toy white_camisole white_jacket,game_asset official_art third-party_source
baobhan_sith_(swimsuit_pretender)_(third_ascension)_(fate),legacy_appearance_pack,,True,candidate,3,16,9148241,baobhan_sith_(fate),Swimsuit Pretender (Third Ascension),game_asset,https://apps.atlasacademy.io/db/JP/servant/392/assets,https://danbooru.donmai.us/posts/9148241,pink_hair grey_eyes pointy_ears tiara white_bikini swimsuit open-toe_boots platform_boots side_ponytail long_hair,baobhan_sith_(swimsuit_pretender)_(third_ascension)_(fate),baobhan_sith_(fate) baobhan_sith_(swimsuit_pretender)_(third_ascension)_(fate),1girl bikini boots breasts bridal_gauntlets earrings falling_petals flower grey_eyes hair_flower hair_ornament hammer hand_up holding holding_hammer jewelry long_hair looking_at_viewer medium_breasts navel open-toe_boots petals pink_hair platform_boots platform_heels pointy_ears red_flower red_rose rose side_ponytail smile solo swimsuit tiara veil white_bikini white_flower,game_asset official_art third-party_source
baobhan_sith_(third_ascension)_(fate),legacy_appearance_pack,,True,candidate,3,21,9148206,baobhan_sith_(fate),Third Ascension,game_asset,https://apps.atlasacademy.io/db/JP/servant/311/assets,https://danbooru.donmai.us/posts/9148206,pink_hair grey_eyes pointy_ears cross-laced_dress white_dress high_heel_boots thigh_boots white_hat long_hair,baobhan_sith_(third_ascension)_(fate),baobhan_sith_(fate) baobhan_sith_(third_ascension)_(fate),1girl boots breasts checkered_floor cleave_gag cloth_gag cross-laced_clothes cross-laced_dress detached_sleeves dress earrings facial_mark flower gag gagged grey_eyes hat hat_flower high_heel_boots high_heels improvised_gag jewelry large_breasts long_hair looking_at_viewer pink_hair platform_heels pointy_ears revealing_clothes solo thigh_boots white_dress white_hat,game_asset official_art third-party_source variant_set
barghest_(fate),female_servant+danbooru_tag+legacy_appearance_pack,105000,True,no_exact_tagged_post,0,,,,,,,,,,,,
bb_(fate),female_servant+danbooru_tag+legacy_appearance_pack,2300100+2300200,True,candidate,4,9,9312555,bb_(fate),supplemental search,game_asset,https://apps.atlasacademy.io/db/JP/servant/421/assets,https://danbooru.donmai.us/posts/9312555,purple_hair yellow_eyes gold_leotard halter_leotard animal_hat gold_hat very_long_hair,bb_(fate),bb_(fate) golden_bb_(fate),1girl animal_hat arm_at_side arm_support bare_arms bare_legs bare_shoulders breasts caustics city_lights closed_mouth earth_(planet) floating floating_hair floating_object from_side glowing gold_hat gold_leotard gold_ribbon hair_ribbon halter_leotard halterneck hand_up hat highleg highleg_leotard huge_breasts knee_up leotard long_hair long_ribbon long_sidelocks looking_at_viewer looking_to_the_side moon moon_(ornament) nail_polish neck_ribbon planet pool poolside purple_hair rabbit_hat ribbon sidelocks single_sidelock sitting skyline soaking_feet solo space turtleneck turtleneck_leotard two-sided_ribbon very_long_hair water wet yellow_eyes,game_asset official_art spoilers third-party_source
bb_(fate/extra),legacy_appearance_pack,,True,candidate,8,16,9152682,bb_(fate),[[BB (Fate/Extra)|]][br]([[Fate/Grand Order]]),game_asset,https://apps.atlasacademy.io/db/JP/servant/166/assets,https://danbooru.donmai.us/posts/9152682,purple_eyes black_coat black_skirt collared_shirt high-waist_skirt open_coat white_shirt very_long_hair,bb_(fate/extra),bb_(fate) bb_(fate/extra),1girl ass_visible_through_thighs black_boots black_coat black_skirt boots breasts chain closed_mouth coat collared_shirt full_body gloves hair_ribbon hands_on_own_hips high-waist_skirt high_collar large_breasts legs_together long_hair long_sidelocks long_sleeves looking_at_viewer microskirt narrow_waist neck_ribbon open_clothes open_coat panties pleated_skirt purple_background purple_eyes red_ribbon ribbon shirt sidelocks single_sidelock skirt smile solo thigh_boots thigh_gap two-sided_coat two-sided_fabric two-sided_skirt underwear v-shaped_eyebrows very_long_hair white_gloves white_panties white_shirt wide_sleeves wing_collar,game_asset official_art third-party_source variant_set
bb_(swimsuit_mooncancer)_(first_ascension)_(fate),legacy_appearance_pack,,True,candidate,1,16,9179237,bb_(fate),Swimsuit MoonCancer (First Ascension),game_asset,https://apps.atlasacademy.io/db/JP/servant/220/assets,https://danbooru.donmai.us/posts/9179237,purple_hair bikini swimsuit bikini_skirt cropped_jacket tied_jacket yellow_skirt braid very_long_hair,bb_(swimsuit_mooncancer)_(first_ascension)_(fate),bb_(fate) bb_(swimsuit_mooncancer)_(first_ascension)_(fate),1girl :d bandeau bare_shoulders baseball_cap beach bikini bikini_skirt boots braid breasts character_name cleavage closed_eyes clothes_writing collarbone cropped_jacket full_body grey_socks hat jacket large_breasts leaning_forward long_hair long_sidelocks miniskirt navel off_shoulder open_mouth purple_hair sidelocks single_braid single_sidelock skirt smile socks solo standing star_(symbol) swimsuit teeth three-quarter_sleeves tied_jacket upper_teeth_only very_long_hair white_bandeau white_boots white_hat yellow_jacket yellow_skirt,game_asset official_art third-party_source variant_set
bb_(swimsuit_mooncancer)_(second_ascension)_(fate),legacy_appearance_pack,,True,candidate,4,16,9179238,bb_(fate),Swimsuit MoonCancer (Second Ascension),game_asset,https://apps.atlasacademy.io/db/JP/servant/220/assets,https://danbooru.donmai.us/posts/9179238,purple_hair purple_eyes highleg_bikini purple_bikini swimsuit bikini_bottom_under_shorts black_shorts black_gloves very_long_hair,bb_(swimsuit_mooncancer)_(second_ascension)_(fate),bb_(fate) bb_(swimsuit_mooncancer)_(second_ascension)_(fate),1girl bare_arms bare_shoulders beach bead_bracelet beads belt bikini bikini_bottom_under_shorts bikini_under_clothes black_gloves black_shorts black_thighhighs bracelet breasts brown_belt choker cleavage closed_mouth collarbone dark-skinned_female dark_skin earrings fingerless_gloves fingernails full_body gloves hair_ribbon halterneck high_heel_sandals high_heels highleg highleg_bikini jewelry large_breasts leaning_forward legwear_garter long_hair long_ribbon long_sidelocks looking_at_viewer loose_belt micro_shorts multiple_belts navel no_socks open_fly panty_straps pink_nails pink_ribbon platform_sandals purple_bikini purple_eyes purple_hair purple_sandals ribbon sandals shorts sideboob sidelocks single_sidelock smile solo standing star_(symbol) star_choker star_earrings star_hairband stirrup_legwear swimsuit thighhighs toeless_legwear toenails v-shaped_eyebrows very_long_hair white_belt,game_asset official_art third-party_source variant_set
bb_(swimsuit_mooncancer)_(third_ascension)_(fate),legacy_appearance_pack,,True,candidate,4,16,9179239,bb_(fate),Swimsuit MoonCancer (Third Ascension),game_asset,https://apps.atlasacademy.io/db/JP/servant/220/assets,https://danbooru.donmai.us/posts/9179239,purple_hair purple_eyes collared_one-piece_swimsuit highleg_one-piece_swimsuit black_jacket open_coat red_coat red_bowtie very_long_hair,bb_(swimsuit_mooncancer)_(third_ascension)_(fate),bb_(fate) bb_(swimsuit_mooncancer)_(third_ascension)_(fate),1girl :d bare_legs bare_shoulders black_jacket bow bowtie breasts closed_mouth coat collared_one-piece_swimsuit dark-skinned_female dark_skin full_body gloves hair_bow halterneck high_heels highleg highleg_one-piece_swimsuit jacket large_breasts leaning_forward long_hair long_sidelocks long_sleeves looking_at_viewer no_socks off_shoulder one-piece_swimsuit open_clothes open_coat pumps purple_eyes purple_hair red_bow red_bowtie red_coat red_shoes shoes sidelocks single_sidelock smile solo swimsuit tentacles two-sided_coat two-sided_fabric v-shaped_eyebrows very_long_hair white_gloves white_one-piece_swimsuit wide_sleeves wing_collar,game_asset official_art third-party_source variant_set
bb_dubai_(fate),female_servant+danbooru_tag+legacy_appearance_pack,2300600,True,candidate,1,16,8003187,bb_dubai_(fate),,game_asset,https://apps.atlasacademy.io/db/JP/script/9409950131,https://danbooru.donmai.us/posts/8003187,purple_hair purple_eyes black_dress glitter_dress black_shoes braid drill_hair,bb_dubai_(fate),bb_(fate) bb_dubai_(fate),1girl :d bare_shoulders belly_chain black_dress black_shoes bracelet braid braided_hair_rings breasts center_opening chain cleavage collared_halterneck dress drill_hair evening_gown formal_clothes full_body full_cleavage glitter glitter_dress gold_chain gold_dress hair_ribbon hair_rings halter_dress halterneck hand_up huge_breasts jewelry long_hair looking_at_viewer necklace open_mouth plunging_neckline purple_eyes purple_hair red_nails ribbon shoes side_slit simple_background smile smirk solo standing tachi-e transparent_background twin_braids two-tone_dress two_side_up very_long_hair yellow_ribbon,game_asset highres official_art third-party_source
beast_iii_l_(fate),female_servant_official_name,9941730,False,official_name_without_tag,0,,,,,,,,,,,,
beast_iii_r_(fate),female_servant_official_name,9939130,False,official_name_without_tag,0,,,,,,,,,,,,
beast_iv_(fate),female_servant_official_name,9943610,False,official_name_without_tag,0,,,,,,,,,,,,
beni-enma,female_servant+danbooru_tag+legacy_appearance_pack,103700+705300,True,no_exact_tagged_post,0,,,,,,,,,,,,
beni-enma_(first_ascension),legacy_appearance_pack,,True,candidate,8,21,8915253,beni-enma,First Ascension,game_asset,https://static.atlasacademy.io/JP/Image/cut469_bem00_full/cut469_bem00_full.png,https://danbooru.donmai.us/posts/8915253,blonde_hair red_hair red_eyes horns short_kimono bird_hat apron ponytail long_hair,beni-enma_(first_ascension),beni-enma beni-enma_(first_ascension),1girl :o apron bird_hat blonde_hair blush feather_trim full_body gradient_hair hair_ornament hairclip hat holding horns japanese_clothes kimono long_hair long_sleeves looking_at_viewer low_ponytail multicolored_hair ohitsu okobo open_mouth parted_bangs platform_sandals ponytail red_eyes red_hair sandals shamoji short_kimono simple_background single_horn solo spoon standing tabi tachi-e transparent_background wide_sleeves wooden_spoon,game_asset highres official_art third-party_source
biscione_(fate),female_servant+danbooru_tag+legacy_appearance_pack,305700+506000,True,no_exact_tagged_post,0,,,,,,,,,,,,
boudica_(fate),female_servant+danbooru_tag+legacy_appearance_pack,401100,True,no_exact_tagged_post,0,,,,,,,,,,,,
boudica_(first_ascension)_(fate),legacy_appearance_pack,,True,candidate,2,21,9107473,boudica_(fate),First Ascension,game_asset,https://apps.atlasacademy.io/db/JP/servant/26/assets,https://danbooru.donmai.us/posts/9107473,red_hair aqua_eyes bikini_armor o-ring_bikini strapless_bikini swimsuit cropped_jacket white_jacket ponytail short_hair,boudica_(first_ascension)_(fate),boudica_(fate) boudica_(first_ascension)_(fate),1girl aqua_eyes armor ass_visible_through_thighs bikini bikini_armor blue_sky boots breasts brown_boots cleavage closed_mouth cloud cowboy_shot cropped_jacket curtained_hair day high_collar holding holding_shield holding_sword holding_weapon jacket juliet_sleeves large_breasts long_sleeves looking_at_viewer low_ponytail navel o-ring o-ring_bikini outdoors ponytail puffy_sleeves red_hair shield short_hair short_ponytail sideboob sky smile solo standing strapless strapless_bikini swimsuit sword thigh_boots thigh_strap weapon white_bikini white_jacket,game_asset official_art third-party_source variant_set
bradamante_(fate),female_servant+danbooru_tag+legacy_appearance_pack,303600,True,no_exact_tagged_post,0,,,,,,,,,,,,
bradamante_(third_ascension)_(fate),legacy_appearance_pack,,True,candidate,2,21,9195217,bradamante_(fate),Third Ascension,game_asset,https://apps.atlasacademy.io/db/JP/servant/232/assets,https://danbooru.donmai.us/posts/9195217,blonde_hair blue_eyes halo bikini_armor gold_armor open_coat two-sided_coat armored_boots white_boots braid twintails,bradamante_(third_ascension)_(fate),bradamante_(fate) bradamante_(third_ascension)_(fate),1girl armor armored_boots armpit_crease ass_visible_through_thighs bikini_armor blonde_hair blue_collar blue_eyes blue_sleeves boots bra braid breasts cleavage closed_mouth coat coat_on_shoulders collar criss-cross_halter crown_braid detached_collar detached_sleeves foot_out_of_frame gloves gold_armor groin hair_between_eyes halo halterneck hand_up high_collar highleg highleg_panties holding holding_polearm holding_shield holding_weapon large_breasts long_hair long_hair_between_eyes looking_at_viewer navel open_clothes open_coat panties polearm shield sidelocks skindentation smile solo standing standing_on_one_leg stomach thigh_strap twintails two-sided_coat two-sided_fabric underwear very_long_hair weapon white_boots white_bra white_coat white_gloves white_panties white_sleeves wing_collar,game_asset official_art third-party_source variant_set
britomart_(fate),female_servant+danbooru_tag,305300,True,no_exact_tagged_post,0,,,,,,,,,,,,
brynhild_(fate),female_servant+danbooru_tag+legacy_appearance_pack,301200+703800,True,needs_source_or_visual_review,1,1,7404915,brynhild_(fate),supplemental search,source_unverified,https://twitter.com/fluffy_atr/status/1774742648882159853,https://danbooru.donmai.us/posts/7404915,blue_hair white_hair purple_eyes soccer_uniform black_shirt skirt pink_socks white_shoes long_hair,brynhild_(fate),brynhild_(fate),1girl ball black_shirt blue_hair blue_shirt glasses holding holding_ball light_smile long_hair multicolored_hair pink_socks purple_eyes shirt shoes skirt soccer_ball soccer_uniform socks sportswear striped_clothes white_background white_hair white_shoes,commentary_request official_art
caenis_(fate),legacy_appearance_pack,,True,no_exact_tagged_post,0,,,,,,,,,,,,
caenis_(second_ascension)_(fate),legacy_appearance_pack,,True,candidate,2,21,9214402,caenis_(fate),Second Ascension,game_asset,https://apps.atlasacademy.io/db/JP/servant/279/assets,https://danbooru.donmai.us/posts/9214402,white_hair blue_eyes asymmetrical_armor bikini_armor armored_gloves asymmetrical_gloves black_hairband black_thighhighs ponytail very_long_hair,caenis_(second_ascension)_(fate),caenis_(fate) caenis_(second_ascension)_(fate),1girl arm_tattoo armlet armor armored_gloves armored_legwear ass_visible_through_thighs asymmetrical_armor asymmetrical_gloves asymmetrical_legwear beach belt bikini_armor black_gloves black_hairband black_panties black_thighhighs blue_eyes breasts breasts_apart chest_tattoo closed_mouth collar dark-skinned_female dark_skin elbow_gloves expressionless feet_out_of_frame gloves glowing glowing_weapon groin hair_intakes hairband hand_up headpiece hip_armor holding holding_polearm holding_shield holding_weapon impossible_clothes jewelry leg_tattoo light_particles long_hair looking_at_viewer low_ponytail navel night panties pauldrons polearm ponytail pubic_tattoo red_tattoo shield shoulder_armor sidelocks silver_armlet silver_belt sky solo spear standing stomach_tattoo tattoo thigh_strap thighhighs torn_clothes torn_thighhighs underboob underwear uneven_gloves uneven_legwear very_long_hair waist_cape weapon white_armor white_collar white_hair,animal_ear_request game_asset official_art third-party_source variant_set
cait_cu_cerpriestess_(fate),female_servant_official_name,2800600,False,official_name_without_tag,0,,,,,,,,,,,,
calamity_jane_(fate),female_servant+danbooru_tag,203700,True,no_exact_tagged_post,0,,,,,,,,,,,,
caren_hortensia,legacy_appearance_pack,,True,needs_source_or_visual_review,3,3,5560376,caren_hortensia,supplemental search,source_unverified,https://i.pximg.net/img-original/img/2022/08/04/00/13/23/100213661_p5.jpg,https://danbooru.donmai.us/posts/5560376,white_hair blue_dress blue_hat long_hair,caren_hortensia,caren_hortensia,1girl blue_dress blue_hat breasts closed_eyes copyright_notice dress hat instrument long_hair long_sleeves medium_breasts open_mouth organ_(instrument) playing_instrument shawl shroud_of_magdalene sitting solo stained_glass wavy_hair white_hair,commentary_request official_art
carmilla_(assassin)_(fate),legacy_appearance_pack,,True,candidate,4,15,9112188,carmilla_(assassin)_(fate),Third Ascension,game_asset,https://apps.atlasacademy.io/db/JP/servant/46/assets,https://danbooru.donmai.us/posts/9112188,white_hair yellow_eyes horns long_skirt red_skirt black_thighhighs long_hair,carmilla_(assassin)_(fate),carmilla_(assassin)_(fate) carmilla_(fate),1girl ascot black_bra black_horns black_panties black_thighhighs blunt_bangs bra breasts chain closed_mouth detached_sleeves feet_out_of_frame fingernails fire green_background green_fire green_nails hand_up headpiece holding holding_staff horns large_breasts linea_alba lingerie long_fingernails long_hair long_skirt looking_at_viewer o-ring panties phantom_maiden_(fate) red_ascot red_skirt showgirl_skirt skirt smile solo spikes staff standing statue strapless strapless_bra thighhighs underwear white_hair wide_sleeves yellow_eyes,game_asset official_art third-party_source variant_set
carmilla_(fate),female_servant+danbooru_tag+legacy_appearance_pack,403600+601700,True,no_exact_tagged_post,0,,,,,,,,,,,,
chacha_(fate),female_servant+danbooru_tag,702600,True,candidate,1,16,9152060,chacha_(fate),,game_asset,https://apps.atlasacademy.io/db/JP/servant/162/assets,https://danbooru.donmai.us/posts/9152060,brown_hair grey_eyes black_dress fur-trimmed_dress black_capelet black_gloves black_hat black_pantyhose long_hair,chacha_(fate),chacha_(fate),1girl black_capelet black_dress black_gloves black_hat black_pantyhose brown_hair capelet closed_mouth dress embers feet_out_of_frame fire flaming_sword flaming_weapon floating_hair fur-trimmed_capelet fur-trimmed_dress fur-trimmed_gloves fur_trim gloves grey_eyes hand_on_own_hip hat holding holding_sword holding_weapon japanese_clothes katana kikumon legs_apart long_hair looking_at_viewer mitsudomoe_(shape) overskirt pantyhose peaked_cap pink_sash pom_pom_(clothes) sash sleeveless sleeveless_dress smile solo standing sword tomoe_(symbol) v-shaped_eyebrows weapon,game_asset official_art third-party_source
charlotte_corday_(fate),female_servant+danbooru_tag,504800+603800,True,needs_source_or_visual_review,1,3,10182650,charlotte_corday_(fate),supplemental search,source_unverified,https://10th.fate-go.jp/,https://danbooru.donmai.us/posts/10182650,brown_hair green_eyes collared_shirt grey_skirt white_shirt white_hat braid short_hair,charlotte_corday_(fate),charlotte_corday_(fate),1girl aquarium braid breasts brooch brown_hair collared_shirt fish_tank green_eyes grey_skirt hat jellyfish jewelry large_breasts long_sleeves neck_ribbon photo_background ribbon shirt short_hair side_braid skirt smile solo white_hat white_shirt,highres lossy-lossless official_art
chloe_von_einzbern,female_servant+danbooru_tag+legacy_appearance_pack,1101600+202700,True,no_exact_tagged_post,0,,,,,,,,,,,,
chloe_von_einzbern_(archer_install),legacy_appearance_pack,,True,candidate,1,19,3242727,chloe_von_einzbern,Archer Install,game_mirror,https://apps.atlasacademy.io/db/JP/servant/137/assets,https://danbooru.donmai.us/posts/3242727,pink_hair white_hair pink_eyes yellow_eyes bikini swimsuit showgirl_skirt black_boots knee_boots waist_cape hair_bun,chloe_von_einzbern_(archer_install),chloe_von_einzbern chloe_von_einzbern_(archer_install),1girl bikini bikini_top_only black_boots black_bra black_panties blush boots bra cape closed_mouth dark-skinned_female dark_skin detached_sleeves flat_chest flower folded_ponytail hair_between_eyes hair_bun knee_boots leg_up lily_(flower) long_hair looking_at_viewer navel panties pink_eyes pink_flower pink_hair showgirl_skirt single_hair_bun smile solo standing standing_on_one_leg strapless strapless_bra swimsuit sword tattoo thigh_strap underwear w waist_cape weapon white_hair yellow_eyes,official_art
circe_(fate),female_servant+danbooru_tag+legacy_appearance_pack,503300,True,candidate,3,6,9166461,circe_(fate),supplemental search,game_mirror,https://apps.atlasacademy.io/db/JP/servant/192/assets,https://danbooru.donmai.us/posts/9166461,orange_hair pink_hair aqua_eyes pink_eyes pointy_ears wings white_skirt gold_hairband very_long_hair,circe_(fate),circe_(fate),1girl aqua_eyes armlet bangle bare_legs bare_shoulders belt bird_wings blunt_bangs bracelet breasts breasts_apart brown_background closed_mouth feather_hair_ornament feathers floating_clothes floating_hair full_body gold_armlet gold_belt gold_hairband gold_necklace gold_sandals gold_thighlet hair_ornament hairband hand_up head_tilt jewelry long_hair long_pointy_ears long_sidelocks looking_at_viewer miniskirt multicolored_eyes multicolored_hair multiple_bracelets nail_polish navel necklace no_shirt no_socks open_mouth orange_hair orange_wings pink_eyes pink_hair platform_sandals pointy_ears sandals sidelocks skirt sleeveless small_breasts smile solo squatting thighlet toenails toes two-tone_eyes two-tone_hair very_long_hair vest white_skirt white_vest wings,official_art third-party_source
cleopatra_(fate),female_servant+danbooru_tag,600800,True,candidate,5,9,9143936,cleopatra_(fate),supplemental search,game_asset,https://apps.atlasacademy.io/db/JP/servant/139/assets,https://danbooru.donmai.us/posts/9143936,aqua_hair blue_eyes black_jacket black_shorts pantyhose_under_shorts two-tone_jacket black_boots brown_pantyhose very_long_hair,cleopatra_(fate),cleopatra_(fate),1girl aqua_hair arm_at_side bangle belt belt_buckle black_boots black_jacket black_shorts blue_eyes blunt_bangs blunt_ends boots bracelet breasts brown_pantyhose buckle buttons closed_mouth earrings floating_hair foot_out_of_frame gold_earrings gold_hairband gold_ring hairband hand_on_own_hip hand_up hieroglyphics jacket jewelry kishimen_hair leaning_back leg_up light_particles long_hair long_sidelocks long_sleeves looking_at_viewer medium_breasts multicolored_jacket multiple_rings pantyhose pantyhose_under_shorts pendant ring short_shorts shorts sidelocks smile solo standing turtleneck two-tone_jacket very_long_hair white_belt white_jacket yellow_background,game_asset official_art third-party_source
cnoc_na_riabh_(fate),female_servant+danbooru_tag,2501200,True,no_exact_tagged_post,0,,,,,,,,,,,,
daedalus_(fate),female_servant+danbooru_tag,705400,True,candidate,5,7,12202489,daedalus_(fate),supplemental search,game_asset,https://apps.atlasacademy.io/db/JP/servant/482/assets,https://danbooru.donmai.us/posts/12202489,white_hair yellow_eyes sleeveless_dress white_dress black_hairband,daedalus_(fate),daedalus_(fate) naucrate_(fate),1girl bare_shoulders black_hairband detached_sleeves doll_joints dress full_body gears hairband hands_up holding_another's_arm joints light_bulb light_bulb_hair_ornament looking_at_viewer mechanical_arms robot_girl simple_background sleeveless sleeveless_dress triangle_mouth white_dress white_hair white_sleeves yellow_eyes,game_asset official_art third-party_source
daikokuten_(fate),female_servant+danbooru_tag,504700,True,no_exact_tagged_post,0,,,,,,,,,,,,
demeter_(fate),female_servant+danbooru_tag+legacy_appearance_pack,306400,True,candidate,2,9,11751852,demeter_(fate),supplemental search,game_asset,https://static.atlasacademy.io/JP/Back/back292801_1344_626.png,https://danbooru.donmai.us/posts/11751852,white_hair red_eyes long_hair,demeter_(fate),demeter_(fate) demeter_erinyes_(fate),1girl black_tears cracked_skin crying hair_ornament hair_over_one_eye long_hair portrait red_background red_eyes solo straight-on white_hair,game_asset official_art third-party_source
dobrynya_nikitich_(fate),female_servant+danbooru_tag+legacy_appearance_pack,305500+404400,True,no_exact_tagged_post,0,,,,,,,,,,,,
durga_(fate),female_servant+danbooru_tag+legacy_appearance_pack,204800,True,no_exact_tagged_post,0,,,,,,,,,,,,
durga_(first_ascension)_(fate),legacy_appearance_pack,,True,candidate,2,16,6454943,durga_(fate),First Ascension,game_mirror,https://apps.atlasacademy.io/db/JP/servant/383/assets,https://danbooru.donmai.us/posts/6454943,grey_hair red_eyes white_dress very_long_hair,durga_(first_ascension)_(fate),durga_(fate) durga_(first_ascension)_(fate),1girl asian_indian_clothes bare_shoulders belly_chain bracelet breasts cleavage closed_mouth desi dress earrings eclipse grey_hair hair_ribbon jewelry large_breasts long_hair pelvic_curtain red_eyes revealing_clothes ribbon snake very_long_hair white_dress,official_art third-party_source variant_set
e-aqua_marie_(fate),female_servant_official_name,9945600,False,official_name_without_tag,0,,,,,,,,,,,,
e-flare_marie_(fate),female_servant_official_name,9945590,False,official_name_without_tag,0,,,,,,,,,,,,
e-grand_marie_(fate),female_servant_official_name,9946280,False,official_name_without_tag,0,,,,,,,,,,,,
e-stellar_marie_(fate),female_servant_official_name,9946760,False,official_name_without_tag,0,,,,,,,,,,,,
elizabeth_bathory_(brave)_(fate),female_servant+danbooru_tag+legacy_appearance_pack,101000,True,candidate,7,9,9143866,elizabeth_bathory_(brave)_(fate),supplemental search,game_asset,https://apps.atlasacademy.io/db/JP/servant/138/assets,https://danbooru.donmai.us/posts/9143866,pink_hair blue_eyes dragon_tail horns bikini_armor red_armor armored_boots armored_gloves black_gloves black_thighhighs long_hair,elizabeth_bathory_(brave)_(fate),elizabeth_bathory_(brave)_(fate) elizabeth_bathory_(fate),1girl animal animal_on_shoulder arm_strap armor armored_boots armored_gloves armpits asymmetrical_legwear bikini_armor black_gloves black_thighhighs blue_background blue_eyes blush boots breasts cape chipmunk claws diamond_(shape) diffraction_spikes dragon_horns dragon_tail earrings eighteen_(fate) elbow_gloves fang field flower flower_field forked_tail full_body gauntlets gloves hair_between_eyes hands_on_hilt hands_up horns jewelry leaning_forward long_hair long_sidelocks looking_at_animal looking_to_the_side navel open_mouth oversized_clothes pink_claws pink_hair planted planted_sword pumpkin purple_horns red_armor red_boots seiza shoulder_armor sidelocks sitting skin_fang small_breasts solo squirrel stomach sweat sword tail thigh_strap thighhighs tiara tree uneven_legwear weapon white_cape,game_asset official_art third-party_source
elizabeth_bathory_(cinderella)_(fate),female_servant+danbooru_tag,404600,True,candidate,2,9,9234846,elizabeth_bathory_(cinderella)_(fate),supplemental search,game_asset,https://apps.atlasacademy.io/db/JP/servant/326/assets,https://danbooru.donmai.us/posts/9234846,pink_hair blue_eyes horns pointy_ears blue_dress long_dress hoop_skirt showgirl_skirt blue_shoes bow_choker hair_bun,elizabeth_bathory_(cinderella)_(fate),elizabeth_bathory_(cinderella)_(fate) elizabeth_bathory_(fate),1girl asymmetrical_horns bare_shoulders blue_background blue_dress blue_eyes blue_horns blue_panties blue_shoes blue_skin bow bow_choker bow_legwear breasts castle choker colored_extremities colored_skin crinoline detached_sleeves dress dress_bow earrings finger_cots fingerless_gloves forked_tail frilled_sleeves frills full_body full_moon gloves hair_bun hands_up head_tilt high_heels hoop_skirt horns jewelry long_dress long_sidelocks long_sleeves moon outstretched_arms panties pink_bow pink_hair pointy_ears princess pumps shoes short_hair_with_long_locks showgirl_skirt sideboob sidelocks single_hair_bun skirt skirt_bow sleeveless sleeveless_dress small_breasts solo sparkle spiked_shoes spikes standing stiletto_heels strapless strapless_dress tail thighhighs tiara underwear uneven_horns white_choker white_gloves white_sleeves white_thighhighs,game_asset official_art third-party_source
elizabeth_bathory_(fate),female_servant+danbooru_tag+legacy_appearance_pack,300500+306200,True,candidate,2,6,9166359,elizabeth_bathory_(fate),supplemental search,game_mirror,https://apps.atlasacademy.io/db/JP/servant/191/assets,https://danbooru.donmai.us/posts/9166359,grey_hair blue_eyes horns pointy_ears long_hair,elizabeth_bathory_(fate),elizabeth_bathory_(fate) mecha_eli-chan_mk.ii_(fate),1girl bat_(animal) blue_eyes bright_pupils castle character_name clenched_hands closed_mouth colored_skin dragon_girl dragon_horns dutch_angle dynamic_pose expressionless fangs full_body full_moon grey_hair grey_skin horns legs_apart long_hair mechanical_tail mechanical_wings metal_hair metal_skin moon motion_lines night outstretched_arm pointy_ears robot_girl rocket_punch sidelocks smile solo standing tail white_pupils wings,official_art third-party_source translated
elizabeth_bathory_(halloween)_(fate),female_servant+danbooru_tag,502600,True,no_exact_tagged_post,0,,,,,,,,,,,,
elizabeth_bathory_(second_ascension)_(fate),legacy_appearance_pack,,True,needs_source_or_visual_review,3,9,2531166,elizabeth_bathory_(second_ascension)_(fate),[[Fate/Grand Order]],source_unverified,,https://danbooru.donmai.us/posts/2531166,pink_hair blue_eyes dragon_tail horns black_dress circle_skirt long_hair,elizabeth_bathory_(second_ascension)_(fate),elizabeth_bathory_(fate) elizabeth_bathory_(second_ascension)_(fate),1girl asymmetrical_horns black_dress blue_eyes circle_skirt detached_sleeves dragon_tail dress full_body gradient_hair hair_ribbon horns long_hair microphone microphone_stand multicolored_hair pink_hair pointy_ears ribbon smile solo tail tail_ornament tail_ribbon transparent_background uneven_horns wrist_cuffs,absurdres highres official_art scan third-party_edit third-party_extraction
elizabeth_of_the_end_(fate),female_servant+danbooru_tag,1102200,True,candidate,1,16,10158224,elizabeth_of_the_end_(fate),,publisher,https://www.fate-go.jp/special/2025-halloween/assets/images/mv_servant_sr.png,https://danbooru.donmai.us/posts/10158224,red_hair blue_eyes dragon_tail horns white_dress fishnets_over_socks red_shoes white_headdress white_thighhighs long_hair,elizabeth_of_the_end_(fate),elizabeth_bathory_(fate) elizabeth_of_the_end_(fate),1girl asymmetrical_horns blood blue_eyes chain colored_fingertips cuffs dragon_girl dragon_horns dragon_tail dress fingernails fishnets fishnets_over_socks full_body handcuffs horns iron_maiden long_fingernails long_hair looking_at_viewer neck_ribbon outline pink_outline red_hair red_shoes ribbon shoes solo standing tail thighhighs transparent_background uneven_horns veil white_dress white_headdress white_ribbon white_thighhighs white_veil zettai_ryouiki,highres official_art second-party_source
ereshkigal_(fate),female_servant+danbooru_tag+legacy_appearance_pack,303200+3300200,True,candidate,25,9,10691922,ereshkigal_(fate),supplemental search,game_asset,https://static.atlasacademy.io/JP/Image/cut779_esor/cut779_esor.png,https://danbooru.donmai.us/posts/10691922,blonde_hair red_eyes tiara black_dress black_gloves black_shoes black_thighhighs fur-trimmed_cape white_socks long_hair,ereshkigal_(fate),ereshkigal_(fate) ereshkigal_alter_(fate),1girl aged_down black_dress black_gloves black_shoes black_thighhighs blonde_hair cape chaldean_floralia dark-skinned_female dark_skin dress earrings full_body fur-trimmed_cape fur_trim gloves hair_ribbon hand_on_own_hip hoop_earrings jewelry long_hair long_sleeves looking_at_viewer parted_bangs red_eyes ribbon shoes simple_background socks solo standing tachi-e thighhighs tiara transparent_background two_side_up white_socks zettai_ryouiki,game_asset highres official_art third-party_source
ereshkigal_(swimsuit_beast)_(fate),legacy_appearance_pack,,True,candidate,6,21,8003029,ereshkigal_(fate),Swimsuit Beast,game_asset,https://apps.atlasacademy.io/db/JP/script/9409950020,https://danbooru.donmai.us/posts/8003029,blonde_hair red_eyes grey_one-piece_swimsuit two-tone_swimsuit hairband long_hair,ereshkigal_(swimsuit_beast)_(fate),ereshkigal_(fate) ereshkigal_(swimsuit_beast)_(fate),1girl bare_shoulders birdcage blonde_hair blush bow breasts cage copyright_notice floating_hair full_body grey_one-piece_swimsuit hair_bow hairband holding holding_cage long_hair looking_at_viewer medium_breasts o-ring one-piece_swimsuit parted_bangs red_eyes sandals simple_background smile solo standing standing_on_one_leg swimsuit tachi-e transparent_background two-tone_swimsuit two_side_up white_one-piece_swimsuit,game_asset highres official_art third-party_source
europa_(fate),female_servant+danbooru_tag,404000,True,candidate,2,9,9210991,europa_(fate),supplemental search,game_asset,https://apps.atlasacademy.io/db/JP/servant/274/assets,https://danbooru.donmai.us/posts/9210991,purple_eyes crown frilled_dress high-low_dress very_long_hair,europa_(fate),europa_(fate),1girl bare_shoulders bra breasts cleavage cleavage_cutout closed_mouth clothing_cutout crown detached_leggings dress feet_out_of_frame fingernails frilled_dress frills halterneck hands_up high-low_dress high_collar large_breasts lingerie long_hair looking_at_viewer low_neckline off-shoulder_dress off_shoulder outstretched_arms panties panty_peek parted_bangs pink_nails purple_eyes red_bra red_panties sandals see-through_clothes see-through_dress smile solo strapless strapless_dress thigh_gap three-quarter_sleeves two-sided_dress two-sided_fabric underwear very_long_hair white_dress,game_asset official_art third-party_source variant_set
euryale_(fate),female_servant+danbooru_tag+legacy_appearance_pack,201200,True,candidate,4,6,8439477,euryale_(fate),supplemental search,game_mirror,https://apps.atlasacademy.io/db/JP/servant/15/assets,https://danbooru.donmai.us/posts/8439477,purple_hair purple_eyes frilled_dress long_dress black_hairband flower_hairband choker twintails very_long_hair,euryale_(fate),euryale_(fate),1girl absurdly_long_hair armlet bare_shoulders beads black_hairband black_ribbon blue_background bracelet breasts choker corsage dress feet_out_of_frame flower flower_hairband frilled_dress frilled_hairband frills hairband jewelry legband lolita_hairband long_dress long_hair looking_at_viewer necklace open_mouth purple_eyes purple_hair ribbon ribbon_trim rose small_breasts solo standing strapless strapless_dress thighlet twintails very_long_hair white_dress white_flower white_rose,official_art third-party_source variant_set
flora_(fate),female_servant+danbooru_tag,1002000,True,candidate,5,9,10699026,flora_(fate),supplemental search,game_asset,https://apps.atlasacademy.io/db/JP/servant/464/assets,https://danbooru.donmai.us/posts/10699026,white_hair short_dress white_dress braid hair_bun,flora_(fate),flora_(fate),1girl blunt_bangs blurry blurry_foreground braid cone_hair_bun cowboy_shot dress flower hair_bun hair_flower hair_intakes hair_ornament half-closed_eyes hands_up holding holding_flower long_hair long_sleeves monocle parted_lips short_dress sidelocks solo very_long_hair white_dress white_hair,game_asset official_art third-party_source
florence_nightingale_(berserker)_(fate),legacy_appearance_pack,,True,candidate,5,21,9128196,florence_nightingale_(fate),Berserker,game_asset,https://apps.atlasacademy.io/db/JP/servant/97/assets,https://danbooru.donmai.us/posts/9128196,brown_hair red_eyes black_skirt military_jacket red_jacket white_boots white_gloves white_pantyhose braid long_hair,florence_nightingale_(berserker)_(fate),florence_nightingale_(berserker)_(fate) florence_nightingale_(fate),1girl bag belt belt_buckle between_breasts black_skirt boots braid breasts brown_hair buckle buttons closed_mouth feet_out_of_frame gloves green_bag gun hair_tie handgun high_collar holstered jacket long_hair long_sleeves looking_at_viewer military_jacket miniskirt outstretched_arms pantyhose pepperbox_revolver pouch red_eyes red_jacket shoulder_boards shoulder_strap sidelocks single_braid skirt smile solo sparkle standing strap_between_breasts thigh_pouch weapon white_belt white_boots white_gloves white_pantyhose,game_asset official_art third-party_source variant_set
florence_nightingale_(fate),female_servant+danbooru_tag+legacy_appearance_pack,701400,True,no_exact_tagged_post,0,,,,,,,,,,,,
florence_nightingale_(santa)_(fate),female_servant+danbooru_tag,203900,True,candidate,2,21,9209474,florence_nightingale_(fate),Santa,game_asset,https://apps.atlasacademy.io/db/JP/servant/271/assets,https://danbooru.donmai.us/posts/9209474,grey_hair red_eyes fur-trimmed_jacket fur-trimmed_skirt long_skirt red_jacket white_shirt brown_pantyhose braid very_long_hair,florence_nightingale_(santa)_(fate),florence_nightingale_(fate) florence_nightingale_(santa)_(fate),1girl ammunition_belt arm_above_head arm_at_side assault_medicine bag bell bow bowtie braid breasts brown_pantyhose buttons center_frills christmas feet_out_of_frame floating_clothes floating_hair frills front_slit fur-trimmed_headwear fur-trimmed_jacket fur-trimmed_skirt fur_trim gloves green_bow green_bowtie green_umbrella grey_hair gun hair_bow hat high_collar holding holding_gun holding_weapon holly jacket lapels large_breasts large_syringe legs_together long_hair long_skirt looking_at_viewer looking_to_the_side notched_lapels oversized_object pantyhose parted_lips petticoat pom_pom_(clothes) red_bow red_eyes red_hat red_jacket red_skirt rifle santa_costume santa_hat shirt sidelocks skirt solo star_(sky) starry_sky_background striped_bow striped_bowtie striped_clothes syringe trigger_discipline umbrella umbrella_gun very_long_hair weapon white_gloves white_shirt,game_asset official_art third-party_source
florence_nightingale_(trick_or_treatment)_(fate),legacy_appearance_pack,,True,needs_source_or_visual_review,1,1,3648879,florence_nightingale_(fate),supplemental search,source_unverified,https://files.yande.re/image/822ed691e1f2bb3843ebd4605fc185bd/yande.re%20575935.jpg,https://danbooru.donmai.us/posts/3648879,pink_hair green_bikini layered_bikini swimsuit latex_skirt green_gloves green_thighhighs,florence_nightingale_(trick_or_treatment)_(fate),florence_nightingale_(fate) florence_nightingale_(trick_or_treatment)_(fate),1girl belt bikini boots breasts cleavage clipboard full_moon garter_straps gloves green_bikini green_gloves green_thighhighs halloween_strike! hat holding holding_syringe id_card latex latex_skirt layered_bikini moon navel nurse_cap official_alternate_costume panties pantyshot pink_hair purple_belt purple_bikini revealing_clothes skirt sky star_(sky) starry_sky stethoscope swimsuit syringe thigh_boots thighhighs thighhighs_under_boots underboob underwear,absurdres character_request highres official_art scan translated
francesca_prelati_(fate),legacy_appearance_pack,,True,needs_source_or_visual_review,1,3,11357486,francesca_prelati_(fate),supplemental search,source_unverified,https://x.com/forestman/status/2054016798027374969,https://danbooru.donmai.us/posts/11357486,grey_hair white_hair black_eyes striped_dress white_dress white_thighhighs braid very_long_hair,francesca_prelati_(fate),francesca_prelati_(fate),1girl bare_shoulders black_bow black_eyes blush bow braid breasts collar colored_inner_hair detached_sleeves dress frilled_collar frills full_body garter_straps grey_hair hair_bow high_heels long_hair looking_at_viewer medium_breasts multicolored_hair open_mouth panties parted_bangs patterned_hair ringed_eyes sidelocks skull_print smile solo striped_clothes striped_dress thighhighs underwear very_long_hair white_dress white_hair white_panties white_thighhighs,commentary_request official_art
francis_drake_(fate),female_servant+danbooru_tag+legacy_appearance_pack,400300,True,candidate,5,9,11250373,francis_drake_(fate),supplemental search,game_asset,https://apps.atlasacademy.io/db/JP/servant/65/assets,https://danbooru.donmai.us/posts/11250373,pink_hair blue_eyes red_coat sleeveless_coat white_pants black_boots black_hat pirate_hat very_long_hair,francis_drake_(fate),francis_drake_(fate),1girl bandana_around_arm black_boots black_hat black_vest blue_eyes blue_sky boots breasts brown_collar cleavage closed_mouth coat collar day feet_out_of_frame full_cleavage hand_on_own_hip hat headband horizon lapels large_breasts long_hair looking_at_viewer on_ship open_clothes open_vest outdoors pants pink_hair pirate_costume pirate_hat plunging_neckline red_coat scar scar_on_face ship's_wheel sky sleeveless sleeveless_coat smile solo standing very_long_hair vest white_headband white_pants wrist_cuffs,game_asset official_art revision third-party_source variant_set
frankenstein's_monster_(fate),female_servant+danbooru_tag+legacy_appearance_pack,103100+700400,True,no_exact_tagged_post,0,,,,,,,,,,,,
frankenstein's_monster_(swimsuit_saber)_(fate),legacy_appearance_pack,,True,candidate,7,13,9158419,frankenstein's_monster_(fate),Swimsuit Saber (Third Ascension),game_mirror,https://apps.atlasacademy.io/db/JP/servant/176/assets,https://danbooru.donmai.us/posts/9158419,pink_hair blue_eyes horns swimsuit hair_bun short_hair,frankenstein's_monster_(swimsuit_saber)_(fate),frankenstein's_monster_(fate) frankenstein's_monster_(swimsuit_saber)_(fate) frankenstein's_monster_(swimsuit_saber)_(third_ascension)_(fate),1girl arm_behind_back asymmetrical_sleeves bandaged_arm bandaged_foot bandaged_leg bandages bangle bare_shoulders barefoot beach black_collar blue_eyes blue_sky bracelet breasts bridal_blade_(fate) clenched_hand closed_mouth cloud collar day detached_collar detached_sleeves double_bun foot_out_of_frame hair_bun hair_ornament hair_over_one_eye hand_up holding holding_sword holding_weapon horns jewelry loincloth looking_at_viewer naked_bandage navel one_eye_covered outdoors pink_hair short_hair single_detached_sleeve single_horn sky sleeves_past_fingers sleeves_past_wrists small_breasts solo stomach swimsuit sword weapon white_loincloth white_sleeves,official_art third-party_source variant_set
fujimaru_ritsuka_(female),legacy_appearance_pack,,True,candidate,7,9,11323230,fujimaru_ritsuka_(female),supplemental search,game_asset,https://static.atlasacademy.io/JP/MasterFigure/equip00462.png,https://danbooru.donmai.us/posts/11323230,orange_hair orange_eyes snowfield_police_uniform blue_jacket blue_skirt collared_shirt white_shirt black_gloves,fujimaru_ritsuka_(female),fujimaru_ritsuka_(female),1girl ahoge bandolier belt black_gloves black_necktie black_shoes blue_jacket blue_skirt brown_pantyhose collared_shirt feet_out_of_frame gloves gun hair_between_eyes handgun holster jacket long_sleeves looking_at_viewer necktie one_side_up orange_eyes orange_hair pantyhose police police_uniform shirt shoes skirt snowfield_police_uniform solo transparent_background weapon white_shirt,game_asset official_art third-party_source
fujimaru_ritsuka_(female)_(brilliant_summer),legacy_appearance_pack,,True,no_exact_tagged_post,0,,,,,,,,,,,,
fujimaru_ritsuka_(female)_(chaldea_combat_uniform),legacy_appearance_pack,,True,no_exact_tagged_post,0,,,,,,,,,,,,
fujimaru_ritsuka_(female)_(decisive_battle_chaldea_uniform),legacy_appearance_pack,,True,no_exact_tagged_post,0,,,,,,,,,,,,
fujimaru_ritsuka_(female)_(polar_chaldea_uniform),legacy_appearance_pack,,True,needs_source_or_visual_review,1,1,3468099,fujimaru_ritsuka_(female)_(polar_chaldea_uniform),supplemental search,source_unverified,https://i.pximg.net/img-original/img/2019/04/06/00/00/02/74060619_p0.png,https://danbooru.donmai.us/posts/3468099,brown_hair brown_eyes chaldea_master_uniform strapless_dress white_dress black_jacket black_skirt pleated_skirt,fujimaru_ritsuka_(female)_(polar_chaldea_uniform),fujimaru_ritsuka_(female) fujimaru_ritsuka_(female)_(fgo_orchestra) fujimaru_ritsuka_(female)_(polar_chaldea_uniform),1girl :d ahoge bare_shoulders black_boots black_jacket black_pantyhose black_scrunchie black_skirt boots bow breasts brown_eyes brown_hair brown_scrunchie chaldea_master_uniform collarbone confetti diagonal-striped_background dress elbow_gloves flower gloves grey_skirt hair_between_eyes hair_down hair_flower hair_ornament hair_scrunchie heart jacket knee_boots multiple_views official_alternate_costume one_side_up open_mouth pantyhose pleated_skirt polka_dot scrunchie skirt small_breasts smile strapless strapless_dress striped_background white_boots white_bow white_dress white_flower white_gloves white_jacket,absurdres commentary_request highres official_art partial_commentary
galatea_(fate),female_servant+danbooru_tag,703900,True,candidate,4,9,9229514,galatea_(fate),supplemental search,game_asset,https://apps.atlasacademy.io/db/JP/servant/306/assets,https://danbooru.donmai.us/posts/9229514,white_hair blue_eyes bikini_armor floating_armor loose_pants white_pants white_shirt armored_boots long_hair,galatea_(fate),galatea_(fate),1girl armor armored_boots armored_gloves bare_shoulders bikini_armor blue_eyes boots breasts circlet cleavage_cutout closed_mouth clothing_cutout colored_eyelashes cowboy_shot crop_top detached_sleeves dot_mouth expressionless floating_armor gloves halterneck hand_up holding light_particles light_rays long_hair long_sidelocks long_sleeves looking_to_the_side loose_pants lowleg lowleg_panties medium_breasts pale_skin panties pants parted_bangs sculpture shirt sidelocks solo thighhighs turtleneck underwear white_armor white_eyelashes white_gloves white_hair white_pants white_shirt,game_asset official_art third-party_source
gareth_(fate),female_servant+danbooru_tag+legacy_appearance_pack,105400+303900,True,no_exact_tagged_post,0,,,,,,,,,,,,
gorgon_(fate),female_servant+danbooru_tag+legacy_appearance_pack,1100400,True,no_exact_tagged_post,0,,,,,,,,,,,,
gray_(fate),female_servant+danbooru_tag+legacy_appearance_pack,603900,True,no_exact_tagged_post,0,,,,,,,,,,,,
gray_lily_(fate),female_servant+danbooru_tag,106700+306300,True,no_exact_tagged_post,0,,,,,,,,,,,,
great_stone_statue_god_(fate),female_servant+danbooru_tag,2300300,True,needs_source_or_visual_review,1,16,8915256,great_stone_statue_god_(fate),,game_asset,https://static.atlasacademy.io/JP/Image/cut151_gns/cut151_gns.png,https://danbooru.donmai.us/posts/8915256,pants hat,great_stone_statue_god_(fate),great_stone_statue_god_(fate),1girl axe bindi bow bowl broken_tusk earrings elephant_girl extra_arms full_body hair_bow hat holding holding_axe holding_bowl jewelry looking_at_viewer navel pants simple_background sitting solo statue tachi-e transparent_background,game_asset official_art third-party_source
habetrot_(fate),female_servant+danbooru_tag+legacy_appearance_pack,2801300+404200,True,candidate,2,9,9230507,habetrot_(fate),supplemental search,game_asset,https://apps.atlasacademy.io/db/JP/servant/315/assets,https://danbooru.donmai.us/posts/9230507,pink_hair red_eyes pointy_ears cargo_pants hooded_coat pink_coat puffy_pants animal_hat black_boots long_hair,habetrot_(fate),habetrot_(fate),1girl :d animal animal_hat bag bench black_boots boots brown_bag buttons calico_(pattern) calico_cat cargo_pants cat cat_hat coat drawstring dynamic_pose full_body hat holding hood hood_down hooded_coat leg_up long_hair long_sleeves looking_at_viewer looking_back mini_person minigirl multiple_cats open_mouth outstretched_arms pants park_bench parted_bangs pink_coat pink_hair pink_hat pointy_ears puffy_long_sleeves puffy_pants puffy_sleeves red_eyes sidelocks smile solo spindle standing standing_on_one_leg string teeth thread white_pants,game_asset official_art third-party_source
hai_ba_trung_(fate),female_servant_official_name,105300,False,official_name_without_tag,0,,,,,,,,,,,,
hassan_of_serenity_(fate),legacy_appearance_pack,,True,candidate,5,9,9142668,hassan_of_serenity_(fate),supplemental search,game_asset,https://apps.atlasacademy.io/db/JP/servant/124/assets,https://danbooru.donmai.us/posts/9142668,purple_hair black_leotard halter_leotard black_pants black_gloves fingerless_gloves short_hair,hassan_of_serenity_(fate),hassan_of_serenity_(fate),1girl bare_shoulders belt between_fingers black_belt black_gloves black_leotard black_pants breasts breasts_apart clothing_cutout colored_skin dark_skin feet_out_of_frame fingerless_gloves flower gloves grey_skin halter_leotard halterneck holding holding_knife holding_weapon knife leotard mask medium_breasts navel pants pouch purple_background purple_flower purple_hair short_hair sidelocks skull_mask sleeveless solo stomach_cutout thigh_pouch thigh_strap throwing_knife turtleneck turtleneck_leotard very_dark_skin weapon white_mask,game_asset official_art third-party_source variant_set
hassan_of_the_hundred_personas_(fate),female_servant_official_name,600300,False,official_name_without_tag,0,,,,,,,,,,,,
hassan_of_the_serenity_(fate),female_servant_official_name,600900,False,official_name_without_tag,0,,,,,,,,,,,,
hebi_nyobo_(fate),female_servant_official_name,605200,False,official_name_without_tag,0,,,,,,,,,,,,
hebi_nyoubou_(fate),legacy_appearance_pack,,True,no_exact_tagged_post,0,,,,,,,,,,,,
hebi_nyoubou_(second_ascension)_(fate),legacy_appearance_pack,,True,candidate,4,10,10657862,hebi_nyoubou_(fate),supplemental search,game_asset,https://apps.atlasacademy.io/db/JP/servant/463/assets,https://danbooru.donmai.us/posts/10657862,white_hair yellow_eyes grey_dress sweater_dress black_shorts short_shorts white_jacket sweater long_hair,hebi_nyoubou_(second_ascension)_(fate),hebi_nyoubou_(fate) hebi_nyoubou_(second_ascension)_(fate),1girl bare_shoulders black_boots black_shorts blue_lips boots breasts choker cleavage dress earrings eyeliner grey_dress hair_over_one_eye hoop_earrings jacket jewelry large_breasts long_hair long_sleeves looking_at_viewer makeup off_shoulder short_shorts shorts solo sweater sweater_dress tassel thigh_boots thighs white_hair white_jacket yellow_eyes,game_asset official_art
helena_blavatsky_(caster)_(fate),legacy_appearance_pack,,True,candidate,4,18,2343992,helena_blavatsky_(fate),Caster,game_mirror,https://apps.atlasacademy.io/db/JP/servant/100/assets,https://danbooru.donmai.us/posts/2343992,purple_hair purple_eyes strapless_dress black_thighhighs long_hair,helena_blavatsky_(caster)_(fate),helena_blavatsky_(caster)_(fate) helena_blavatsky_(fate),1girl belt black_panties black_thighhighs book breasts closed_mouth detached_sleeves dress flat_chest gold_trim holding holding_book long_hair magic panties purple_eyes purple_hair sefirot small_breasts smile solo strapless strapless_dress thighhighs underwear white_sleeves,official_art third-party_source variant_set
helena_blavatsky_(fate),female_servant+danbooru_tag+legacy_appearance_pack,202800+502300,True,no_exact_tagged_post,0,,,,,,,,,,,,
hephaistion_(fate),female_servant_official_name,2800200,False,official_name_without_tag,0,,,,,,,,,,,,
hildr_(fate),female_servant+danbooru_tag,604400,True,no_exact_tagged_post,0,,,,,,,,,,,,
himiko_(fate),female_servant+danbooru_tag+legacy_appearance_pack,901000,True,no_exact_tagged_post,0,,,,,,,,,,,,
himiko_(first_ascension)_(fate),legacy_appearance_pack,,True,candidate,3,21,9220340,himiko_(fate),First Ascension,game_asset,https://apps.atlasacademy.io/db/JP/servant/292/assets,https://danbooru.donmai.us/posts/9220340,brown_hair grey_eyes high-low_dress sideless_dress ponytail very_long_hair,himiko_(first_ascension)_(fate),himiko_(fate) himiko_(first_ascension)_(fate),1girl arm_tattoo armlet armpits arms_behind_head axillary_tail_of_spence bare_shoulders bead_necklace beads breasts brown_hair brown_sandals brown_sash closed_mouth dress full_body grey_eyes hair_tie high-low_dress jewelry large_breasts leg_tattoo long_hair looking_at_viewer magatama magatama_necklace necklace platform_sandals ponytail sandals shide short_ponytail sideboob sideless_dress smile solo standing strapless strapless_dress tattoo toes underbust very_long_hair white_dress,game_asset official_art third-party_source variant_set
hippolyta_(fate),female_servant+danbooru_tag,405600,True,candidate,3,9,11241523,hippolyta_(fate),supplemental search,game_asset,https://apps.atlasacademy.io/db/JP/servant/468/assets,https://danbooru.donmai.us/posts/11241523,red_hair yellow_eyes white_dress sleeveless_shirt white_shirt white_skirt black_choker black_thighhighs braid hair_bun,hippolyta_(fate),hippolyta_(fate),1girl ancient_greek_clothes black_choker black_ribbon black_thighhighs braid braided_base breasts bun_with_braided_base choker closed_mouth cloud collarbone day dress feet_out_of_frame fingerless_gloves floating_clothes floating_hair garter_straps gloves greco-roman_clothes hair_bun hair_ribbon light_particles looking_at_viewer medium_breasts miniskirt outdoors purple_gloves purple_sash red_hair ribbon sash shirt short_hair side_slit sidelocks skirt sky sleeveless sleeveless_shirt smile solo standing stola thighhighs waist_sash white_dress white_shirt white_skirt yellow_eyes,game_asset official_art third-party_source
huyan_zhuo_(fate),female_servant+danbooru_tag+legacy_appearance_pack,604600+705200,True,no_exact_tagged_post,0,,,,,,,,,,,,
ibaraki_douji_(berserker)_(fate),legacy_appearance_pack,,True,candidate,4,21,9132759,ibaraki_douji_(fate),Berserker,game_asset,https://apps.atlasacademy.io/db/JP/servant/116/assets,https://danbooru.donmai.us/posts/9132759,blonde_hair yellow_eyes horns pointy_ears short_kimono strapless_leotard white_leotard yellow_kimono very_long_hair,ibaraki_douji_(berserker)_(fate),ibaraki_douji_(berserker)_(fate) ibaraki_douji_(fate),1girl arm_at_side bare_legs black_horns blonde_hair breasts brown_background closed_mouth collarbone colored_extremities colored_skin earrings facial_mark fiery_hair foot_out_of_frame gradient_horns hand_on_own_hip holding holding_sword holding_weapon horns japanese_clothes jewelry kimono leg_up leotard long_hair long_sleeves looking_at_viewer multicolored_horns multicolored_skin no_shoes obi obijime off_shoulder oni pointy_ears purple_sash red_feet red_hands red_horns red_skin sash short_kimono shoulder_sash sidelocks single_bare_shoulder small_breasts solo sphere_earrings standing standing_on_one_leg strapless strapless_leotard sword tassel two-tone_skin veins very_long_hair weapon white_leotard wide_sleeves yellow_eyes yellow_kimono,game_asset headwear_request official_art third-party_source variant_set
ibaraki_douji_(fate),female_servant_official_name+legacy_appearance_pack,303400+702200,True,no_exact_tagged_post,0,,,,,,,,,,,,
ibaraki_douji_(swimsuit_lancer)_(first_ascension)_(fate),legacy_appearance_pack,,True,candidate,1,16,9178895,ibaraki_douji_(fate),Swimsuit Lancer (First Ascension),game_asset,https://apps.atlasacademy.io/db/JP/servant/217/assets,https://danbooru.donmai.us/posts/9178895,blonde_hair yellow_eyes horns pointy_ears black_bikini blue_kimono open_kimono swimsuit very_long_hair,ibaraki_douji_(swimsuit_lancer)_(first_ascension)_(fate),ibaraki_douji_(fate) ibaraki_douji_(swimsuit_lancer)_(first_ascension)_(fate),1girl bandaged_foot bandages banner bare_legs bare_shoulders beach bikini black_bikini black_claws black_horns blonde_hair blue_kimono blue_sky breasts closed_mouth cloud collarbone colored_extremities colored_skin earrings facial_mark forehead_mark full_body gradient_horns hand_on_own_hip holding holding_pole horizon horns japanese_clothes jewelry kimono leaning_forward long_hair long_sidelocks long_sleeves mitsudomoe_(shape) multicolored_horns multicolored_skin no_socks obijime ocean off_shoulder open_clothes open_kimono outdoors palm_tree pointy_ears pole red_feet red_hands red_horns red_skin rope_belt sand sandals sidelocks sky small_breasts solo sphere_earrings standing swimsuit tomoe_(symbol) tree two-tone_skin very_long_hair wide_sleeves yellow_eyes zouri,game_asset official_art third-party_source translation_request variant_set
ibaraki_douji_(third_ascension)_(fate),legacy_appearance_pack,,True,candidate,3,21,9132760,ibaraki_douji_(berserker)_(fate),Third Ascension,game_asset,https://apps.atlasacademy.io/db/JP/servant/116/assets,https://danbooru.donmai.us/posts/9132760,blonde_hair yellow_eyes horns pointy_ears short_kimono strapless_leotard white_leotard yellow_kimono very_long_hair,ibaraki_douji_(third_ascension)_(fate),ibaraki_douji_(fate) ibaraki_douji_(third_ascension)_(fate),1girl arm_at_side bare_legs black_claws black_horns blonde_hair breasts brown_background claws closed_mouth collarbone colored_extremities colored_skin earrings facial_mark fiery_hair full_body glowing glowing_hair gradient_horns hand_on_own_hip holding holding_sword holding_weapon horns japanese_clothes jewelry kimono leg_up leotard long_hair long_sleeves looking_at_viewer multicolored_horns multicolored_skin no_shoes obi obijime off_shoulder oni pointy_ears purple_sash red_feet red_hands red_horns red_skin rope sash short_kimono shoulder_sash sidelocks single_bare_shoulder small_breasts solo sphere_earrings standing standing_on_one_leg strapless strapless_leotard sword tassel two-tone_skin veins very_long_hair weapon white_leotard wide_sleeves yellow_eyes yellow_kimono,game_asset headwear_request official_art third-party_source variant_set
ibuki_douji_(fate),female_servant_official_name+legacy_appearance_pack,104600+704300,True,no_exact_tagged_post,0,,,,,,,,,,,,
ibuki_douji_(swimsuit_berserker)_(fate),legacy_appearance_pack,,True,candidate,12,15,9248879,ibuki_douji_(swimsuit_berserker)_(fate),Malevolent Midsummer Goddess,game_asset,https://apps.atlasacademy.io/db/JP/servant/355/assets,https://danbooru.donmai.us/posts/9248879,grey_hair purple_hair red_eyes horns pointy_ears japanese_armor leg_armor waist_cape white_thighhighs long_hair,ibuki_douji_(swimsuit_berserker)_(fate),ibuki_douji_(fate) ibuki_douji_(malevolent_midsummer_goddess)_(fate) ibuki_douji_(swimsuit_berserker)_(fate),1girl animal arm_at_side arm_up armor asymmetrical_dual_wielding black_sclera black_shrug blue_background blue_fire breasts caustics center-flap_bangs cleavage cloud collared_shrug colored_sclera colored_skin curvy dual_wielding eyeshadow facial_mark fingernails fire fish fishnet_top fishnets floating floating_hair full_body green_nails grey_hair hair_rings holding holding_sword holding_weapon horns huge_breasts huge_horns japanese_armor katana kusanagi_no_tsurugi_(fate) leg_armor legs_up lightning long_fingernails long_hair long_pointy_ears long_sidelocks long_toenails looking_at_viewer makeup multicolored_hair multiple_horns outstretched_foot overcast parted_lips pink_eyeshadow pink_fire pinky_out pointy_ears purple_hair purple_skin red_eyes shide shrug_(clothing) sidelocks sidelocks_tied_back sky solo stirrup_legwear stone_lantern storm streaked_hair sword tail thighhighs toeless_legwear toenails unsheathed waist_cape water weapon white_thighhighs,game_asset official_art third-party_source variant_set
illyasviel_von_einzbern,female_servant+danbooru_tag+legacy_appearance_pack,204200+502800,True,candidate,2,9,9143804,illyasviel_von_einzbern,supplemental search,game_asset,https://apps.atlasacademy.io/db/JP/servant/136/assets,https://danbooru.donmai.us/posts/9143804,white_hair red_eyes homurabara_academy_elementary_school_uniform black_skirt pleated_skirt brown_shoes white_hat white_socks long_hair,illyasviel_von_einzbern,illyasviel_von_einzbern magical_ruby,1girl backpack bag beret black_skirt brown_bag brown_shoes closed_mouth cross dahlia floral_background full_body gerbera hair_between_eyes hat hat_ribbon holding holding_wand homurabara_academy_elementary_school_uniform kaleidostick loafers long_hair looking_at_viewer midriff_peek miniskirt navel neck_ribbon outstretched_arms pink_background pleated_skirt puffy_short_sleeves puffy_sleeves red_eyes red_ribbon ribbon sailor_collar school_uniform shoes short_sleeves skirt smile socks solo star_(symbol) wand white_hair white_hat white_socks,flower_request game_asset official_art third-party_source variant_set
illyasviel_von_einzbern_(swimsuit_archer)_(second_ascension),legacy_appearance_pack,,True,needs_source_or_visual_review,2,10,4043524,illyasviel_von_einzbern_(swimsuit_archer)_(second_ascension),,source_unverified,https://twitter.com/FateGrandOrder/status/1292794074768896000,https://danbooru.donmai.us/posts/4043524,white_hair dress swimsuit twintails,illyasviel_von_einzbern_(swimsuit_archer)_(second_ascension),illyasviel_von_einzbern illyasviel_von_einzbern_(swimsuit_archer)_(second_ascension) magical_ruby magical_ruby_(hose),1girl bow dress full_body hair_between_eyes hair_bow holding holding_hose hose hose_nozzle hose_reel looking_at_viewer smile solo standing star_(symbol) swimsuit transparent_background twintails white_hair,commentary_request official_art second-party_source translation_request
irisviel_(holy_grail)_(fate),female_servant_official_name,502000,False,official_name_without_tag,0,,,,,,,,,,,,
irisviel_von_einzbern,legacy_appearance_pack,,True,needs_source_or_visual_review,1,3,5638401,irisviel_von_einzbern,supplemental search,source_unverified,https://i.pximg.net/img-original/img/2022/09/02/00/34/30/100929880_p0.png,https://danbooru.donmai.us/posts/5638401,grey_hair red_eyes black_dress very_long_hair,irisviel_von_einzbern,irisviel_von_einzbern,1girl backlighting black_dress breasts center_opening cleavage closed_mouth copyright_notice cowboy_shot craft_essence_(fate) detached_sleeves dress earrings forehead full_moon grey_hair jewelry large_breasts long_hair long_sleeves moon moonlight navel outdoors red_eyes revealing_clothes see-through_clothes smile solo very_long_hair water,commentary_request official_art
ishtar_(fate),female_servant+danbooru_tag+legacy_appearance_pack,202000+402600,True,candidate,12,9,9147554,ishtar_(fate),supplemental search,game_asset,https://apps.atlasacademy.io/db/JP/servant/142/assets,https://danbooru.donmai.us/posts/9147554,red_eyes gold_armor leg_armor black_thighhighs gold_boots high_heel_boots very_long_hair,ishtar_(fate),ishtar_(fate),1girl :d armlet armor armpits ass bare_shoulders black_bow black_collar black_panties black_thighhighs boots bow bra breasts collar curtained_hair dynamic_pose earrings floating floating_hair foot_out_of_frame gold_armlet gold_armor gold_boots gold_earrings gold_trim hair_bow hands_up high_heel_boots high_heels jewelry leg_armor legs_up long_hair looking_at_viewer open_mouth panties red_eyes single_bare_leg single_thighhigh small_breasts smile solo sparkle strapless strapless_bra teeth thighhighs two_side_up underwear upper_teeth_only very_long_hair white_bra,game_asset official_art third-party_source
ishtar_(first_ascension)_(fate),prior_reviewed_appearance_pack,,True,candidate,1,21,9147551,ishtar_(fate),First Ascension,game_asset,https://apps.atlasacademy.io/db/JP/servant/142/assets,https://danbooru.donmai.us/posts/9147551,black_hair red_eyes tiara white_shirt white_skirt black_thighhighs long_hair,ishtar_(first_ascension)_(fate),ishtar_(fate) ishtar_(first_ascension)_(fate),1girl anklet armlet asymmetrical_legwear asymmetrical_sleeves bare_shoulders belt black_bow black_hair black_sleeves black_thighhighs bow breasts closed_mouth collarbone curtained_hair detached_sleeves earrings floating floating_hair foot_out_of_frame gold_anklet gold_armlet gold_belt gold_collar gold_earrings gold_trim groin hair_bow heavenly_boat_maanna holding jewelry leaning_forward long_hair looking_at_viewer no_shoes pelvic_curtain red_eyes shirt single_bare_leg single_detached_sleeve single_thighhigh skirt small_breasts smile solo star_(sky) starry_sky_background strapless thighhighs tiara toes two_side_up white_shirt white_skirt white_tiara yellow_background,game_asset official_art third-party_source variant_set
ishtar_(swimsuit_rider)_(fate),legacy_appearance_pack,,True,candidate,2,18,9158886,ishtar_(fate),Swimsuit Rider,game_mirror,https://apps.atlasacademy.io/db/JP/servant/182/assets,https://danbooru.donmai.us/posts/9158886,black_hair red_eyes tiara bow_swimsuit white_one-piece_swimsuit hooded_jacket pink_jacket very_long_hair,ishtar_(swimsuit_rider)_(fate),ishtar_(fate) ishtar_(swimsuit_rider)_(fate),1girl animal ankle_strap arm_support asymmetrical_legwear belt_buckle black_bow black_hair bow bow_swimsuit breasts buckle closed_mouth collarbone curtained_hair earrings floating_hair foot_out_of_frame frills from_above gold_earrings hair_bow hood hood_down hooded_jacket innertube jacket jewelry leg_belt long_hair long_sleeves looking_at_viewer looking_up one-piece_swimsuit partially_unzipped pink_jacket red_eyes shark single_bare_leg single_detached_legging sitting smile soaking_feet solo splashing swim_ring swimsuit swimsuit_under_clothes tiara two_side_up very_long_hair water water_drop white_one-piece_swimsuit zipper_pull_tab,official_art third-party_source
iyo_(fate),female_servant+danbooru_tag,901500,True,candidate,1,16,9253970,iyo_(fate),,game_asset,https://apps.atlasacademy.io/db/JP/servant/364/assets,https://danbooru.donmai.us/posts/9253970,brown_hair grey_eyes backless_dress collared_dress headdress twintails very_long_hair,iyo_(fate),iyo_(fate),1girl :o arm_at_side arm_tattoo backless_dress backless_outfit bare_shoulders blue_sash blue_sleeves blush breasts brown_hair brown_sandals collared_dress detached_sleeves dress finger_tattoo full_body grey_eyes halter_dress halterneck hand_up head_tilt headdress high_collar japanese_clothes leg_tattoo long_hair long_sleeves looking_at_viewer medium_breasts open_mouth outstretched_arm sandals sash short_dress shoulder_tattoo sideboob sideless_dress sleeveless sleeveless_dress solo standing tattoo toes twintails very_long_hair waist_sash wedge_heels white_dress wide_sleeves,game_asset official_art third-party_source variant_set
izumo-no-okuni_(fate),female_servant_official_name,504900,False,official_name_without_tag,0,,,,,,,,,,,,
jack_the_ripper_(fate),female_servant+danbooru_tag,600500,True,no_exact_tagged_post,0,,,,,,,,,,,,
jack_the_ripper_(fate/apocrypha),legacy_appearance_pack,,True,candidate,3,15,9123533,jack_the_ripper_(fate/apocrypha),Second Ascension,game_asset,https://apps.atlasacademy.io/db/JP/servant/75/assets,https://danbooru.donmai.us/posts/9123533,white_hair green_eyes black_shirt black_gloves black_thighhighs fingerless_gloves thigh_boots short_hair,jack_the_ripper_(fate/apocrypha),jack_the_ripper_(fate/apocrypha),1girl :o architecture arm_belt bandaged_arm bandaged_hand bandages bare_shoulders belt belt_buckle belt_collar black_gloves black_panties black_shirt black_thighhighs boots breasts brown_belt buckle buttons chest_belt cleavage_cutout clothing_cutout collar crop_top dagger dual_wielding feet_out_of_frame fingerless_gloves gloves green_eyes groin hair_between_eyes halterneck high_collar holding holding_dagger holding_knife holding_weapon knife legs_apart long_sleeves looking_at_viewer maria_the_ripper multiple_scars navel no_pants open_mouth outdoors panties reverse_grip scar scar_across_eye scar_on_cheek scar_on_face sheath shirt short_hair shoulder_tattoo single_glove sleeveless small_breasts solo standing stitches tattoo thigh_boots thighhighs underbust underwear weapon white_hair wide_sleeves,game_asset official_art third-party_source variant_set
jacques_de_molay_(fate),female_servant+danbooru_tag,2501000,True,no_exact_tagged_post,0,,,,,,,,,,,,
jacques_de_molay_(foreigner)_(fate),legacy_appearance_pack,,True,candidate,3,12,6765491,jacques_de_molay_(foreigner)_(fate),Third Ascension,game_mirror,https://apps.atlasacademy.io/db/JP/servant/324/assets,https://danbooru.donmai.us/posts/6765491,white_hair yellow_eyes horns dress short_hair,jacques_de_molay_(foreigner)_(fate),baphomet_(fate) jacques_de_molay_(foreigner)_(fate) jacques_de_molay_(foreigner)_(third_ascension)_(fate),1girl barefoot breasts closed_mouth cloud colored_skin dress glasses grey_skin horns looking_at_viewer pink_skin see-through_body short_hair skeleton smile solo town weapon white_hair yellow_eyes,official_art third-party_source variant_set
jade_rabbit_(fate),female_servant_official_name,2301100,False,official_name_without_tag,0,,,,,,,,,,,,
jaguar_warrior_(fate),female_servant_official_name,302800,False,official_name_without_tag,0,,,,,,,,,,,,
jaguarman_(fate),legacy_appearance_pack,,True,candidate,3,9,9148155,jaguarman_(fate),supplemental search,game_asset,https://apps.atlasacademy.io/db/JP/servant/148/assets,https://danbooru.donmai.us/posts/9148155,orange_hair orange_eyes tail paw_gloves short_hair,jaguarman_(fate),jaguarman_(fate),1girl animal_costume animal_hands animal_hood animal_print cat_hood closed_mouth cosplay fake_tail feet_out_of_frame gloves green_background hair_between_eyes hands_up hood hood_up kigurumi leopard_print long_sleeves looking_at_viewer onesie orange_eyes orange_hair paw_gloves paw_sleeves short_hair smile solo standing tail tiger_costume tiger_print tiger_tail,game_asset official_art third-party_source variant_set
jeanne_d'arc_(fate),female_servant+danbooru_tag+legacy_appearance_pack,203200+900100,True,needs_source_or_visual_review,1,3,7612857,jeanne_d'arc_(fate),supplemental search,source_unverified,https://e-hentai.org/s/1e767196d9/2925791-24,https://danbooru.donmai.us/posts/7612857,blonde_hair purple_eyes long_hair,jeanne_d'arc_(fate),jeanne_d'arc_(fate) laeticia_(fate),1girl blonde_hair detached_sleeves fingernails frills hands_up indoors long_hair long_sleeves night nightgown own_hands_together parted_lips purple_eyes reflection sky solo star_(sky) white_nightgown window,absurdres highres official_art scan
jeanne_d'arc_(ruler)_(fate),legacy_appearance_pack,,True,candidate,7,16,9112976,jeanne_d'arc_(fate),Ruler (Second Ascension),game_asset,https://apps.atlasacademy.io/db/JP/servant/59/assets,https://danbooru.donmai.us/posts/9112976,blonde_hair blue_eyes purple_dress armor armored_boots black_gloves elbow_gloves purple_capelet braid very_long_hair,jeanne_d'arc_(ruler)_(fate),jeanne_d'arc_(fate) jeanne_d'arc_(ruler)_(fate),1girl arm_above_head armor armored_boots banner belt black_belt black_bow black_gloves blonde_hair blue_eyes boots bow braid breasts capelet chain closed_mouth crossed_legs dress elbow_gloves feet_out_of_frame front_slit gauntlets gloves headpiece holding holding_banner holding_behind_back large_breasts long_hair looking_at_viewer luminosite_eternelle orange_background plackart purple_capelet purple_dress purple_thighhighs sheath sheathed short_sleeves sidelocks single_braid smile solo standing sword sword_of_st._catherine_(fate) thighhighs underbust very_long_hair weapon,game_asset official_art third-party_source variant_set
jeanne_d'arc_(swimsuit_archer)_(first_ascension)_(fate),legacy_appearance_pack,,True,candidate,3,16,8893963,jeanne_d'arc_(fate),Swimsuit Archer (First Ascension),game_asset,https://static.atlasacademy.io/JP/Image/cut084_jnn/cut084_jnn.png,https://danbooru.donmai.us/posts/8893963,blonde_hair blue_eyes black_bikini swimsuit blue_jacket hooded_jacket black_hairband shoes braid very_long_hair,jeanne_d'arc_(swimsuit_archer)_(first_ascension)_(fate),jeanne_d'arc_(fate) jeanne_d'arc_(swimsuit_archer)_(first_ascension)_(fate),1girl bag bikini black_bikini black_hairband blonde_hair blue_eyes blue_jacket braid breasts cleavage collarbone feet front-tie_bikini_top front-tie_top full_body hair_between_eyes hairband holding holding_swim_ring hood hooded_jacket innertube jacket large_breasts legs long_hair looking_at_viewer navel platform_sandals sandals shoes shoulder_bag simple_background single_braid smile solo standing swim_ring swimsuit tachi-e thigh_strap toenails toes transparent_background very_long_braid very_long_hair,game_asset official_art third-party_source
jeanne_d'arc_(third_ascension)_(fate),legacy_appearance_pack,,True,candidate,3,18,2136702,jeanne_d'arc_(ruler)_(fate),Third Ascension,game_mirror,https://apps.atlasacademy.io/db/JP/servant/59/assets,https://danbooru.donmai.us/posts/2136702,blonde_hair blue_eyes crown armored_dress long_dress armor armored_boots fur-trimmed_thighhighs very_long_hair,jeanne_d'arc_(third_ascension)_(fate),jeanne_d'arc_(fate) jeanne_d'arc_(ruler)_(fate) jeanne_d'arc_(third_ascension)_(fate),1girl armor armored_boots armored_dress banner blonde_hair blue_eyes boots breast_curtains breasts chain closed_mouth couter crown dress fur-trimmed_thighhighs fur_trim gauntlets large_breasts long_dress long_hair luminosite_eternelle smile solo sword sword_of_st._catherine_(fate) thighhighs very_long_hair weapon,official_art third-party_source variant_set
jeanne_d'arc_alter_(avenger)_(fate),legacy_appearance_pack,,True,candidate,3,12,2343998,jeanne_d'arc_alter_(avenger)_(fate),Second Ascension,game_mirror,https://apps.atlasacademy.io/db/JP/servant/106/assets,https://danbooru.donmai.us/posts/2343998,blonde_hair yellow_eyes armored_dress armor black_thighhighs cape short_hair,jeanne_d'arc_alter_(avenger)_(fate),jeanne_d'arc_alter_(avenger)_(fate) jeanne_d'arc_alter_(fate),1girl armor armored_dress black_thighhighs blonde_hair boobplate breasts cape dress gauntlets holding holding_sword holding_weapon la_grondement_du_haine large_breasts looking_at_viewer short_hair solo sword thighhighs weapon yellow_eyes,official_art third-party_source variant_set
jeanne_d'arc_alter_(avenger)_(first_ascension)_(fate),legacy_appearance_pack,,True,candidate,2,18,2343997,jeanne_d'arc_alter_(avenger)_(fate),First Ascension,game_mirror,https://apps.atlasacademy.io/db/JP/servant/106/assets,https://danbooru.donmai.us/posts/2343997,blonde_hair yellow_eyes armored_dress armor coat black_thighhighs fur-trimmed_cape short_hair,jeanne_d'arc_alter_(avenger)_(first_ascension)_(fate),jeanne_d'arc_alter_(avenger)_(fate) jeanne_d'arc_alter_(avenger)_(first_ascension)_(fate) jeanne_d'arc_alter_(fate),1girl armor armored_dress black_thighhighs blonde_hair boobplate breasts cape coat dress fur-trimmed_cape fur_collar fur_trim gauntlets holding holding_sword holding_weapon la_grondement_du_haine large_breasts looking_at_viewer short_hair solo sword teeth thighhighs weapon yellow_eyes,official_art third-party_source variant_set
jeanne_d'arc_alter_(avenger)_(third_ascension)_(fate),legacy_appearance_pack,,True,candidate,3,18,2343996,jeanne_d'arc_alter_(avenger)_(fate),Third Ascension,game_mirror,https://apps.atlasacademy.io/db/JP/servant/106/assets,https://danbooru.donmai.us/posts/2343996,blonde_hair yellow_eyes armored_dress armor armored_boots black_thighhighs very_long_hair,jeanne_d'arc_alter_(avenger)_(third_ascension)_(fate),jeanne_d'arc_alter_(avenger)_(fate) jeanne_d'arc_alter_(avenger)_(third_ascension)_(fate) jeanne_d'arc_alter_(fate),1girl absurdly_long_hair armor armored_boots armored_dress black_thighhighs blonde_hair boots breasts dress gauntlets holding holding_sword holding_weapon la_grondement_du_haine large_breasts long_hair looking_at_viewer solo sword thighhighs very_long_hair weapon yellow_eyes,official_art third-party_source variant_set
jeanne_d'arc_alter_(fate),female_servant+danbooru_tag+legacy_appearance_pack,1100300+703100,True,needs_source_or_visual_review,2,3,10553605,jeanne_d'arc_alter_(fate),supplemental search,source_unverified,https://t.bilibili.com/1153982123165614101,https://danbooru.donmai.us/posts/10553605,white_hair yellow_eyes black_dress frilled_dress ankle_socks thighhighs very_long_hair,jeanne_d'arc_alter_(fate),jeanne_d'arc_alter_(fate),1girl ahoge ankle_socks bare_shoulders black_bow black_dress border bow breasts cleavage detached_collar detached_sleeves dress flower frilled_dress frilled_sleeves frills hair_between_eyes headpiece high_heels holding_own_dress jewelry layered_dress long_hair looking_at_viewer necklace ornate_border outstretched_arm over-kneehighs reaching reaching_towards_viewer ring see-through_clothes see-through_dress_layer single_over-kneehigh single_thighhigh socks solo strapless strapless_dress thighhighs very_long_hair white_hair yellow_eyes,absurdres chinese_commentary commentary_request highres official_art
jeanne_d'arc_alter_(swimsuit_berserker)_(fate),legacy_appearance_pack,,True,candidate,8,21,9179059,jeanne_d'arc_alter_(fate),Swimsuit Berserker,game_asset,https://apps.atlasacademy.io/db/JP/servant/219/assets,https://danbooru.donmai.us/posts/9179059,blonde_hair white_hair yellow_eyes black_bikini o-ring_bikini swimsuit black_jacket cropped_jacket black_gloves very_long_hair,jeanne_d'arc_alter_(swimsuit_berserker)_(fate),jeanne_d'arc_alter_(fate) jeanne_d'arc_alter_(swimsuit_berserker)_(fate),1girl ahoge ass_visible_through_thighs asymmetrical_sleeves belt belt_buckle bikini black_bikini black_gloves black_jacket blonde_hair breasts buckle cleavage cropped_jacket feet_out_of_frame gloves grin hair_between_eyes halterneck hand_up holding holding_sword holding_weapon jacket katana large_breasts legs_apart long_hair long_sleeves looking_at_viewer o-ring o-ring_belt o-ring_bikini open_clothes open_jacket palm_tree red_sky red_thighhighs sheath sheathed sidelocks single_thighhigh sky smile solo standing swimsuit sword teeth thigh_belt thigh_strap thighhighs three-quarter_sleeves tree unsheathed very_long_hair weapon white_hair yellow_eyes,game_asset official_art third-party_source
jeanne_d'arc_alter_(ver._shinjuku_1999)_(fate),legacy_appearance_pack,,True,candidate,2,16,9131502,jeanne_d'arc_alter_(ver._shinjuku_1999)_(fate),,game_asset,https://apps.atlasacademy.io/db/JP/servant/106/assets,https://danbooru.donmai.us/posts/9131502,blonde_hair yellow_eyes black_dress blue_jacket fur-trimmed_jacket high_heel_boots short_hair,jeanne_d'arc_alter_(ver._shinjuku_1999)_(fate),jeanne_d'arc_alter_(fate) jeanne_d'arc_alter_(ver._shinjuku_1999)_(fate),1girl ahoge belt black_dress blonde_hair blue_background blue_jacket boots breasts brown_belt building city dress dutch_angle fire foot_out_of_frame fur-trimmed_jacket fur_trim grin high_heel_boots high_heels holding holding_sword holding_weapon jacket jewelry leg_up medium_breasts microdress open_clothes open_jacket outstretched_arms pendant short_hair skyscraper smile solo standing standing_on_one_leg stiletto_heels sword v-shaped_eyebrows weapon yellow_eyes,game_asset official_art third-party_source
jeanne_d'arc_alter_santa_lily_(fate),female_servant+danbooru_tag+legacy_appearance_pack,302600,True,candidate,4,9,9144109,jeanne_d'arc_alter_santa_lily_(fate),supplemental search,game_asset,https://apps.atlasacademy.io/db/JP/servant/141/assets,https://danbooru.donmai.us/posts/9144109,white_hair yellow_eyes short_dress white_dress armored_boots black_gloves black_thighhighs elbow_gloves,jeanne_d'arc_alter_santa_lily_(fate),jeanne_d'arc_alter_santa_lily_(fate),1girl ahoge arm_above_head arm_behind_back armored_boots bell black_bra black_gloves black_thighhighs boots bow bowtie bra breasts capelet cleavage_cutout clothing_cutout cloud cloudy_sky dress dynamic_pose elbow_gloves foot_out_of_frame fur-trimmed_capelet fur-trimmed_gloves fur_trim gloves green_bow green_bowtie hair_bow headpiece high_heel_boots high_heels holding holding_polearm holding_weapon leg_up linea_alba looking_at_viewer one_eye_covered open_mouth polearm pom_pom_(clothes) red_bow red_bowtie short_dress short_hair_with_long_locks shouting sky small_breasts solo spear thighhighs two-tone_bow two-tone_bowtie underwear v-shaped_eyebrows weapon white_capelet white_dress white_hair yellow_eyes,game_asset official_art third-party_source
jeunesse_crane_(fate),female_servant+danbooru_tag,1001900,True,no_exact_tagged_post,0,,,,,,,,,,,,
jing_ke_(fate),female_servant+danbooru_tag,601100,True,candidate,5,9,9111968,jing_ke_(fate),supplemental search,game_asset,https://apps.atlasacademy.io/db/JP/servant/42/assets,https://danbooru.donmai.us/posts/9111968,black_hair green_eyes white_skirt side_ponytail long_hair,jing_ke_(fate),jing_ke_(fate),1girl black_hair chinese_clothes dagger dutch_angle dynamic_pose earrings fingernails flower from_below from_side green_eyes green_nails grin hair_flower hair_ornament hand_up holding holding_dagger holding_knife holding_weapon indoors jewelry knife long_hair long_sleeves looking_at_viewer no_socks only_for_killing_(fate) petals qujupao sash scroll shawl side_ponytail skirt smile solo squatting teeth tiptoes toenails toes v-shaped_eyebrows weapon white_flower white_skirt,clothing_request flower_request game_asset official_art third-party_source variant_set
kama_(adult)_(fate),legacy_appearance_pack,,True,candidate,13,15,9234447,kama_(adult)_(fate),Swimsuit Avenger (Third Ascension),game_asset,https://apps.atlasacademy.io/db/JP/servant/321/assets,https://danbooru.donmai.us/posts/9234447,white_hair red_eyes very_long_hair,kama_(adult)_(fate),kama_(adult)_(fate) kama_(fate) kama_(swimsuit_avenger)_(third_ascension)_(fate),1girl anklet ass bare_shoulders barefoot bracelet breasts closed_mouth colored_inner_hair earrings feet_out_of_frame fiery_clothing fingernails flaming_foot flower frown hair_flower hair_ornament hair_ribbon jewelry large_breasts long_hair looking_at_viewer lying multicolored_hair on_side parted_lips pink_nails purple_ribbon red_eyes ribbon ripples single_sidelock solo starry_hair very_long_hair white_hair,game_asset official_art third-party_source
kama_(assassin)_(first_ascension)_(fate),legacy_appearance_pack,,True,candidate,1,16,9195813,kama_(assassin)_(first_ascension)_(fate),,game_asset,https://apps.atlasacademy.io/db/JP/servant/239/assets,https://danbooru.donmai.us/posts/9195813,white_hair red_eyes black_shirt black_skirt gradient_shirt purple_thighhighs short_hair,kama_(assassin)_(first_ascension)_(fate),kama_(assassin)_(first_ascension)_(fate) kama_(fate) kama_(young)_(fate),1girl arm_at_side bare_shoulders black_shirt black_skirt blue_sky bob_cut breasts bud closed_mouth covered_navel detached_sleeves earrings expressionless feet_out_of_frame flower gold_ring gold_trim gradient_clothes gradient_shirt hair_ribbon halterneck head_tilt high_collar jewelry long_shirt long_sleeves looking_at_viewer lotus lotus_leaf miniskirt multiple_rings outstretched_arm pink_flower pink_ribbon purple_shirt purple_sleeves purple_thighhighs red_eyes ribbon ring shirt short_hair side_slit skirt sky small_breasts solo thigh_strap thighhighs water white_hair,game_asset official_art third-party_source variant_set
kama_(assassin)_(second_ascension)_(fate),legacy_appearance_pack,,True,candidate,1,16,9195814,kama_(assassin)_(second_ascension)_(fate),,game_asset,https://apps.atlasacademy.io/db/JP/servant/239/assets,https://danbooru.donmai.us/posts/9195814,white_hair red_eyes gold_bikini swimsuit gradient_shirt long_shirt purple_thighhighs long_hair,kama_(assassin)_(second_ascension)_(fate),kama_(assassin)_(second_ascension)_(fate) kama_(fate) kama_(teenager)_(fate),1girl arm_at_side bikini bikini_bottom_only black_collar breasts closed_mouth collar collarbone covered_navel detached_sleeves earrings expressionless feet_out_of_frame flower gold_bikini gold_ring gold_trim gradient_clothes gradient_shirt groin hair_ribbon halterneck head_tilt jewelry long_hair long_shirt long_sleeves looking_at_viewer lotus lotus_leaf medium_breasts multiple_rings night outstretched_arm pink_flower pink_ribbon purple_shirt purple_sleeves purple_thighhighs red_eyes ribbon ring shirt side_slit sky solo swimsuit thigh_strap thighhighs water weapon white_hair,game_asset official_art third-party_source variant_set
kama_(assassin)_(third_ascension)_(fate),legacy_appearance_pack,,True,candidate,5,13,9005305,kama_(assassin)_(third_ascension)_(fate),,game_mirror,https://apps.atlasacademy.io/db/JP/servant/239,https://danbooru.donmai.us/posts/9005305,black_hair blue_hair red_eyes bikini_armor gold_armor gold_bikini shiny_swimsuit long_hair,kama_(assassin)_(third_ascension)_(fate),kama_(adult)_(fate) kama_(assassin)_(third_ascension)_(fate) kama_(fate),1girl arm_at_side armlet armor asymmetrical_bangs bare_arms bare_legs bare_shoulders bikini bikini_armor black_background black_hair black_skin blue_fire blue_hair blue_nails blue_ribbon blue_skin blunt_bangs bracelet breasts cleavage closed_mouth collar colored_extremities colored_inner_hair colored_skin cracked_skin curvy demon demon_girl diffraction_spikes dot_nose earrings evil_smile feet_out_of_frame fingernails fire floating floating_hair flower glint glowing glowing_arm glowing_hair glowing_hands glowing_legs glowing_nails glowing_skin gold_armlet gold_armor gold_bikini gold_bracelet gold_collar gold_earrings gold_lotus gold_petals gold_thighlet gold_thong gold_trim gold_weapon gradient_hair hair_floating_upwards hair_ribbon hand_up huge_weapon jewelry knife large_breasts long_fingernails long_hair long_sidelocks looking_at_viewer lotus lotus_earrings lotus_petals metal_collar multicolored_hair multicolored_skin nail_polish open_hand open_hands petal_earrings petals pink_flower pink_lips pink_petals pink_ribbon purple_flower purple_hair raised_eyebrows red_eyes red_flower ribbon ripples shaded_face shiny_petals shiny_skin shiny_swimsuit sidelocks smile solo sparkle sparkle_background standing starry_hair starry_skin stomach straight_hair swimsuit thighlet thong torn_clothes torn_ribbon two-tone_skin vajra_(object) weapon white_hair,official_art third-party_source variant_set
kama_(fate),female_servant+danbooru_tag+legacy_appearance_pack,1101100+603700,True,no_exact_tagged_post,0,,,,,,,,,,,,
kama_(swimsuit_avenger)_(first_ascension)_(fate),legacy_appearance_pack,,True,candidate,1,16,9234444,kama_(fate),Swimsuit Avenger (First Ascension),game_asset,https://apps.atlasacademy.io/db/JP/servant/321/assets,https://danbooru.donmai.us/posts/9234444,white_hair red_eyes frilled_bikini swimsuit bikini_skirt short_hair,kama_(swimsuit_avenger)_(first_ascension)_(fate),kama_(fate) kama_(swimsuit_avenger)_(first_ascension)_(fate) kama_(young)_(fate),1girl animal anklet arm_at_side bare_arms bare_shoulders beach bikini bikini_skirt bird blue_flower blue_sky bob_cut bracelet closed_mouth cloud day detached_leggings earrings fingernails flower flower_earrings flower_wreath frilled_bikini frills full_body green_bird hair_ribbon halterneck hand_up head_wreath hibiscus holding holding_swim_ring horizon jewelry leaning_forward looking_at_viewer miniskirt navel ocean outdoors palm_tree parakeet pink_flower pink_nails pink_ribbon red_eyes ribbon short_hair skirt sky smile solo stomach swim_ring swimsuit toenails toes tree vending_cart white_hair yellow_flower,flower_request game_asset official_art third-party_source
kama_(swimsuit_avenger)_(second_ascension)_(fate),legacy_appearance_pack,,True,candidate,3,16,8915339,kama_(fate),Swimsuit Avenger (Second Ascension),game_asset,https://static.atlasacademy.io/JP/Image/cut294_mkma07/cut294_mkma07.png,https://danbooru.donmai.us/posts/8915339,white_hair red_eyes green_bikini swimsuit hoodie fingerless_gloves braid long_hair,kama_(swimsuit_avenger)_(second_ascension)_(fate),kama_(fate) kama_(swimsuit_avenger)_(second_ascension)_(fate) kama_(teenager)_(fate),1girl animal_on_shoulder armlet bikini bird bird_on_shoulder blush bracelet braid braided_ponytail breasts cleavage collarbone earrings fingerless_gloves flower footwear_flower full_body gloves green_bikini green_vest hair_flower hair_ornament hair_ribbon hand_on_own_hip hood hooded_vest hoodie jewelry long_hair looking_at_viewer lotus medium_breasts navel necklace open_clothes open_vest parakeet parrot pendant pink_background pink_nails red_eyes ribbon sandals single_glove smile solo sparkle_background standing swimsuit thighlet vest white_hair,game_asset highres official_art third-party_source
kama_(teenager)_(fate),legacy_appearance_pack,,True,redundant_alias,0,,,,,,,,,,,,
kama_(young)_(fate),legacy_appearance_pack,,True,redundant_alias,0,,,,,,,,,,,,
katou_black_kite_danzo_(fate),female_servant_official_name,603000,False,official_name_without_tag,0,,,,,,,,,,,,
katou_danzou_(fate),legacy_appearance_pack,,True,needs_source_or_visual_review,1,6,2893205,katou_danzou_(fate),supplemental search,game_mirror,https://apps.atlasacademy.io/db/JP/servant/188/assets,https://danbooru.donmai.us/posts/2893205,black_hair yellow_eyes black_leotard impossible_leotard armor purple_shorts red_scarf ponytail long_hair,katou_danzou_(fate),katou_danzou_(fate),1girl android architecture arm_at_side armor belt black_hair black_leotard blunt_bangs blunt_ends breasts buckle building closed_mouth cloud covered_navel crotch_plate doll_joints east_asian_architecture expressionless eyes_visible_through_hair full_body full_moon hand_up high_ponytail hip_focus horizon impossible_clothes impossible_leotard joints kuji-in legs_together leotard long_hair looking_at_viewer medium_breasts moon moonlight mountain multicolored_leotard narrow_waist night ninja outdoors parted_bangs ponytail profile purple_leotard purple_shorts red_scarf river rooftop scarf shorts skin_tight solo standing star_(sky) thigh_gap water yellow_eyes,official_art third-party_source variant_set
katsushika_hokusai_(fate),female_servant+danbooru_tag+legacy_appearance_pack,104000+2500200,True,no_exact_tagged_post,0,,,,,,,,,,,,
katsushika_hokusai_(first_ascension)_(fate),legacy_appearance_pack,,True,candidate,2,18,9167121,katsushika_hokusai_(fate),First Ascension,game_mirror,https://apps.atlasacademy.io/db/JP/servant/198/assets,https://danbooru.donmai.us/posts/9167121,purple_hair blue_eyes print_kimono purple_kimono short_hair,katsushika_hokusai_(first_ascension)_(fate),katsushika_hokusai_(fate) katsushika_hokusai_(first_ascension)_(fate) toto-sama_(fate),1girl blue_eyes closed_mouth creature dot_mouth feet_out_of_frame flower fur_collar hair_flower hair_ornament hand_up holding holding_paintbrush japanese_clothes kimono looking_at_viewer obi obijime octopus oversized_object paintbrush print_kimono purple_hair purple_kimono red_kimono sandals sash short_hair short_sleeves solo standing tabi tasuki wide_sleeves yellow_sash zouri,official_art third-party_source variant_set
katsushika_hokusai_(swimsuit_saber)_(fate),legacy_appearance_pack,,True,candidate,5,21,9205590,katsushika_hokusai_(fate),Swimsuit Saber,game_asset,https://apps.atlasacademy.io/db/JP/servant/264/assets,https://danbooru.donmai.us/posts/9205590,brown_hair blue_eyes white_bikini swimsuit,katsushika_hokusai_(swimsuit_saber)_(fate),katsushika_hokusai_(fate) katsushika_hokusai_(swimsuit_saber)_(fate) toto-sama_(fate),1girl bare_shoulders bikini blue_eyes blue_ribbon bracelet breasts breasts_apart brown_hair creature feet_out_of_frame floral_print_sash goggles goggles_on_head hair_ornament hair_over_shoulder hands_up heel-less_heels jewelry katana legs_apart looking_at_viewer medium_breasts multiple_bracelets obijime octopus ribbon sandals sash sheath sheathed short_hair_with_long_locks solo standing swim_goggles swimsuit sword thigh_strap waist_sash weapon white_bikini,game_asset official_art third-party_source
kawakami_gensai_(fate),female_servant+danbooru_tag+legacy_appearance_pack,605100,True,no_exact_tagged_post,0,,,,,,,,,,,,
kawakami_gensai_(first_ascension)_(fate),legacy_appearance_pack,,True,candidate,15,21,10029867,kawakami_gensai_(fate),First Ascension,game_asset,https://apps.atlasacademy.io/db/JP/servant/453/assets,https://danbooru.donmai.us/posts/10029867,black_hair brown_eyes black_shorts black_scarf black_socks ponytail medium_hair,kawakami_gensai_(first_ascension)_(fate),kawakami_gensai_(fate) kawakami_gensai_(first_ascension)_(fate),1girl black_hair black_sandals black_scarf black_shorts black_socks breasts brown_eyes closed_mouth expressionless full_body hair_between_eyes hair_tie japanese_clothes layered_sleeves long_sleeves looking_at_viewer medium_breasts medium_hair multicolored_hair outdoors platform_sandals ponytail red_theme sandals scarf shorts sidelocks socks solo standing streaked_hair toes tree two-tone_hair weapon_bag,game_asset official_art third-party_source
kazuradrop_(fate),female_servant+danbooru_tag+legacy_appearance_pack,1001800,True,candidate,7,9,9313290,kazuradrop_(fate),supplemental search,game_asset,https://apps.atlasacademy.io/db/JP/servant/426/assets,https://danbooru.donmai.us/posts/9313290,purple_hair purple_eyes wings green_dress high-low_dress black_shorts brown_boots brown_gloves high_heel_boots short_hair,kazuradrop_(fate),kazuradrop_(fate) murian_(fate),1girl :d antenna_hair arm_at_side bare_shoulders black_shorts blue_sky boots brown_boots brown_collar brown_gloves cloud collar crossed_ankles daisy_(flower) dress fairy fairy_wings field flower flower_field full_body gloves green_dress green_wings hair_ribbon hand_up heart_antenna_hair high-low_dress high_heel_boots high_heels long_sleeves looking_at_viewer mini_person minigirl off-shoulder_dress off_shoulder on_flower open_mouth pom_pom_(clothes) puffy_long_sleeves puffy_sleeves purple_eyes purple_flower purple_hair ribbon shawl shoe_soles short_hair shorts sitting sky smile solo thigh_boots two_side_up white_flower wind wings yellow_ribbon yellow_shawl,game_asset official_art third-party_source
kijyo_koyo_(fate),female_servant+danbooru_tag,703700,True,no_exact_tagged_post,0,,,,,,,,,,,,
kingprotea_(fate),female_servant+danbooru_tag+legacy_appearance_pack,1000900+2301200,True,candidate,3,9,9195741,kingprotea_(fate),supplemental search,game_asset,https://apps.atlasacademy.io/db/JP/servant/238/assets,https://danbooru.donmai.us/posts/9195741,purple_hair purple_eyes very_long_hair,kingprotea_(fate),kingprotea_(fate),1girl bandage_over_one_eye bandaged_arm bandaged_hand bandaged_leg bandaged_neck bandages bow breasts chest_sarashi cleavage collar cracked_skin eye_reflection feet_out_of_frame full_moon giant giantess grid hair_bow kneeling leaning_forward long_hair looking_at_viewer midriff_sarashi moon moss naked_bandage one_eye_covered parted_lips purple_eyes purple_hair reaching reflection sarashi skindentation smile solo teeth very_long_hair white_bow white_collar,game_asset official_art third-party_source
kingprotea_alter_(fate),female_servant+danbooru_tag,1102300,True,no_exact_tagged_post,0,,,,,,,,,,,,
kishinami_hakuno_(fate),female_servant_official_name,2300800,False,official_name_without_tag,0,,,,,,,,,,,,
kishinami_hakuno_(female),legacy_appearance_pack,,True,candidate,2,15,8178900,kishinami_hakuno_(female),MoonCancer,game_asset,https://apps.atlasacademy.io/db/JP/script/0400042430,https://danbooru.donmai.us/posts/8178900,brown_hair brown_eyes school_uniform black_jacket black_shirt black_skirt cropped_jacket pleated_skirt long_hair,kishinami_hakuno_(female),kishinami_hakuno_(female) kishinami_hakuno_(female)_(mooncancer),1girl black_hat black_jacket black_pantyhose black_sailor_collar black_shirt black_shoes black_skirt brown_eyes brown_hair buttons cropped_jacket full_body hat high_collar jacket loafers long_hair long_sleeves looking_at_viewer neckerchief orange_neckerchief orange_skirt pantyhose pleated_skirt sailor_collar school_uniform serafuku shirt shoes simple_background skirt solo standing tachi-e transparent_background turtleneck two-tone_skirt wide_sleeves,game_asset highres official_art third-party_source
kiyohime_(fate),female_servant+danbooru_tag+legacy_appearance_pack,302500+701300,True,candidate,2,9,11512253,kiyohime_(fate),supplemental search,game_asset,https://static.atlasacademy.io/JP/CharaFigure/1098358710/1098358710.png,https://danbooru.donmai.us/posts/11512253,green_hair yellow_eyes horns chaldea_staff_uniform white_skirt shirt white_boots pantyhose ponytail long_hair,kiyohime_(fate),kiyohime_(fate),1girl boots chaldea_staff_uniform dragon_horns full_body green_hair hair_between_eyes hair_ornament hair_ribbon hand_fan holding holding_fan horns long_hair long_sleeves looking_at_viewer pantyhose past_chaldea_(fate/grand_order) ponytail ribbon shirt simple_background skirt smile solo standing tachi-e transparent_background white_boots white_horns white_skirt yellow_eyes,game_asset highres official_art third-party_source
kiyohime_(first_ascension)_(fate),legacy_appearance_pack,,True,candidate,3,18,8398282,kiyohime_(fate),First Ascension,game_mirror,https://apps.atlasacademy.io/db/JP/servant/56/assets,https://danbooru.donmai.us/posts/8398282,green_hair yellow_eyes horns aqua_kimono white_thighhighs very_long_hair,kiyohime_(first_ascension)_(fate),kiyohime_(fate) kiyohime_(first_ascension)_(fate),1girl aqua_kimono black_sash bow cherry_blossoms closed_mouth dragon_girl feet_out_of_frame folded_fan folding_fan green_hair hair_between_eyes hand_fan holding holding_fan horns japanese_clothes kimono long_hair looking_at_viewer multiple_horns obi obijime pelvic_curtain pink_background sash side_slit sidelocks solo standing thighhighs very_long_hair white_horns white_thighhighs wide_sleeves yellow_bow yellow_eyes,official_art third-party_source variant_set
kiyohime_(second_ascension)_(fate),legacy_appearance_pack,,True,candidate,4,18,8412162,kiyohime_(fate),Second Ascension,game_mirror,https://apps.atlasacademy.io/db/JP/servant/56/assets,https://danbooru.donmai.us/posts/8412162,green_hair yellow_eyes horns aqua_kimono white_thighhighs very_long_hair,kiyohime_(second_ascension)_(fate),kiyohime_(fate) kiyohime_(second_ascension)_(fate),1girl aqua_kimono black_sash bow cherry_blossoms closed_mouth dragon_girl feet_out_of_frame flower green_hair hair_between_eyes hand_fan holding holding_fan horns japanese_clothes kimono long_hair multiple_horns obi pelvic_curtain petals sash side_slit sidelocks solo thighhighs tree very_long_hair white_horns white_kimono white_thighhighs wide_sleeves yellow_bow yellow_eyes,official_art third-party_source variant_set
kiyohime_(swimsuit_lancer)_(first_ascension)_(fate),legacy_appearance_pack,,True,candidate,2,16,9143618,kiyohime_(fate),Swimsuit Lancer (First Ascension),game_asset,https://apps.atlasacademy.io/db/JP/servant/134/assets,https://danbooru.donmai.us/posts/9143618,aqua_hair yellow_eyes horns open_kimono white_kimono yellow_bikini swimsuit white_thighhighs twintails very_long_hair,kiyohime_(swimsuit_lancer)_(first_ascension)_(fate),kiyohime_(fate) kiyohime_(swimsuit_lancer)_(first_ascension)_(fate),1girl aqua_hair arm_above_head ass_visible_through_thighs bikini bikini_under_clothes blue_fire blue_sash bow breasts cleavage closed_mouth collar collarbone dragon_girl feet_out_of_frame fire green_background hair_between_eyes hair_bow hand_up holding holding_polearm holding_weapon horns japanese_clothes kimono legs_apart long_hair looking_at_viewer low_twintails medium_breasts midriff_peek off_shoulder open_clothes open_kimono polearm sash sidelocks single_bare_shoulder smile solo spear standing swimsuit thighhighs tree twintails two-handed very_long_hair weapon white_collar white_horns white_kimono white_thighhighs wide_sleeves yellow_bikini yellow_bow yellow_eyes,game_asset official_art third-party_source variant_set
koyanskaya_(assassin)_(first_ascension)_(fate),legacy_appearance_pack,,True,needs_source_or_visual_review,2,10,5058063,koyanskaya_(assassin)_(first_ascension)_(fate),,source_unverified,https://twitter.com/tsubuanfes/status/1422125510088224768,https://danbooru.donmai.us/posts/5058063,pink_hair yellow_eyes fox_ears fox_tail black_bodysuit open_bodysuit black_gloves elbow_gloves high_heel_boots knee_boots side_ponytail,koyanskaya_(assassin)_(first_ascension)_(fate),koyanskaya_(assassin)_(first_ascension)_(fate) koyanskaya_(fate),1girl animal_ears black_bodysuit black_gloves bodysuit boots bow breasts choker cleavage closed_mouth company_name copyright_name copyright_notice elbow_gloves fox_ears fox_girl fox_shadow_puppet fox_tail full_body glasses gloves hair_between_eyes hair_bow hand_on_own_hip high_heel_boots high_heels knee_boots large_breasts long_hair long_sleeves looking_at_viewer open_bodysuit open_clothes pink_bow pink_hair side_ponytail sidelocks smile solo tail transparent_background watermark yellow_eyes zipper,alpha_transparency commentary_request official_art
koyanskaya_(fate),legacy_appearance_pack,,True,needs_source_or_visual_review,1,0,11241756,koyanskaya_(fate),supplemental search,source_unverified,https://drive.google.com/drive/u/0/folders/14Khw1kHaaX4IerGL2rdw3no7qgIvZ1e1,https://danbooru.donmai.us/posts/11241756,pink_hair orange_eyes animal_ears black_bikini swimsuit black_cape black_gloves two-sided_cape very_long_hair,koyanskaya_(fate),koyanskaya_(fate),1girl :3 absurdly_long_hair alternate_animal_ears animal_ear_fluff animal_ears bikini black_bikini black_cape black_gloves cape fang full_moon glasses gloves hair_ornament holding koala_ears koala_girl long_hair moon navel open_mouth orange_eyes pink_background pink_hair red_cape round_eyewear sidelocks swimsuit two-sided_cape two-sided_fabric very_long_hair,official_art third-party_source
koyanskaya_(foreigner)_(first_ascension)_(fate),legacy_appearance_pack,,True,candidate,3,13,5146706,koyanskaya_(fate),Foreigner (First Ascension),game_mirror,https://apps.atlasacademy.io/db/JP/servant/334/assets,https://danbooru.donmai.us/posts/5146706,pink_hair yellow_eyes pencil_skirt white_jacket white_skirt pink_scarf pink_shoes white_hat medium_hair,koyanskaya_(foreigner)_(first_ascension)_(fate),koyanskaya_(fate) koyanskaya_(foreigner)_(first_ascension)_(fate),1girl breasts cleavage closed_mouth clothes_lift earrings full_body garrison_cap glasses gloves hand_on_own_hip hat high_heels jacket jacket_lift jewelry large_breasts long_sleeves looking_at_viewer medium_hair panties pantyhose pencil_skirt pink_hair pink_scarf pink_shoes ruins scarf shoes skirt solo stomach underwear white_hat white_jacket white_panties white_skirt yellow_eyes,official_art third-party_source
koyanskaya_of_dark_(fate),female_servant_official_name,2500900,False,official_name_without_tag,0,,,,,,,,,,,,
koyanskaya_of_light_(fate),female_servant_official_name,604200,False,official_name_without_tag,0,,,,,,,,,,,,
kriemhild_(fate),female_servant+danbooru_tag+legacy_appearance_pack,405800+704200,True,no_exact_tagged_post,0,,,,,,,,,,,,
kukulcan_(fate),female_servant_official_name,2501100,False,official_name_without_tag,0,,,,,,,,,,,,
kukulkan_(fate),legacy_appearance_pack,,True,needs_source_or_visual_review,1,3,10003915,kukulkan_(fate),supplemental search,source_unverified,https://10th.fate-go.jp/,https://danbooru.donmai.us/posts/10003915,blue_hair green_hair green_eyes white_kimono braid hair_bun,kukulkan_(fate),kukulkan_(fate),1girl ahoge blue_hair braid colored_inner_hair fireworks green_eyes green_hair hair_bun hair_ribbon hand_fan japanese_clothes kimono long_hair long_sleeves looking_at_viewer looking_back multicolored_hair photo_background ribbon sash sidelocks smile solo white_kimono wide_sleeves,highres lossy-lossless official_art
kukulkan_(second_ascension)_(fate),legacy_appearance_pack,,True,candidate,3,21,6051721,kukulkan_(fate),Second Ascension,publisher,https://www.fate-go.jp/special/2022-nahui-mictlan/assets/images/pu04_chara.png,https://danbooru.donmai.us/posts/6051721,green_hair white_hair green_eyes thigh_boots gloves long_hair,kukulkan_(second_ascension)_(fate),kukulkan_(fate) kukulkan_(second_ascension)_(fate),1girl ahoge boots breasts colored_inner_hair covered_navel full_body gloves green_eyes green_hair jewelry long_hair long_sleeves looking_at_viewer medium_breasts multicolored_hair puffy_sleeves ribs smile solo thigh_boots transparent_background white_hair,official_art
kuonji_alice_(fate),female_servant_official_name,505500,False,official_name_without_tag,0,,,,,,,,,,,,
kurohime_(fate),female_servant+danbooru_tag,106200,True,candidate,2,9,9322666,kurohime_(fate),supplemental search,game_asset,https://apps.atlasacademy.io/db/JP/servant/434/assets,https://danbooru.donmai.us/posts/9322666,brown_hair grey_eyes school_uniform black_shirt black_skirt pleated_skirt black_shoes black_socks very_long_hair,kurohime_(fate),kurohime_(fate),1girl belt black-framed_eyewear black_shirt black_shoes black_skirt black_socks blunt_bangs blunt_ends blunt_sidelocks breasts brown_hair buttons center-flap_bangs cherry_blossoms closed_mouth cross-laced_clothes cross-laced_sleeves crossed_legs full_body glasses grey_eyes hand_on_own_chest hand_up holding holding_sword holding_weapon kneehighs loafers long_hair long_sidelocks long_sleeves looking_at_viewer miniskirt multiple_scars neckerchief pleated_skirt rectangular_eyewear sailor_collar scar scar_across_eye scar_on_face school_uniform serafuku sheath sheathed shirt shoes short_sword sidelocks skirt skirt_set sleeve_cuffs sleeves_past_wrists smile socks solo standing straight_hair sword very_long_hair very_long_sidelocks weapon white_belt white_neckerchief white_sailor_collar,game_asset official_art third-party_source variant_set
kyokutei_bakin_(fate),female_servant+danbooru_tag,404800,True,no_exact_tagged_post,0,,,,,,,,,,,,
lady_avalon_(fate),female_servant+danbooru_tag+legacy_appearance_pack,2800300,True,no_exact_tagged_post,0,,,,,,,,,,,,
lakshmi_bai_(fate),female_servant_official_name,103900,False,official_name_without_tag,0,,,,,,,,,,,,
larva_tiamat_(fate),female_servant+danbooru_tag,1001600+205400,True,no_exact_tagged_post,0,,,,,,,,,,,,
lavinia_whateley_(fate),legacy_appearance_pack,,True,no_exact_tagged_post,0,,,,,,,,,,,,
leonardo_da_vinci_(caster)_(fate),legacy_appearance_pack,,True,candidate,8,15,9142940,leonardo_da_vinci_(caster)_(fate),Second Ascension,game_asset,https://apps.atlasacademy.io/db/JP/servant/127/assets,https://danbooru.donmai.us/posts/9142940,brown_hair blue_eyes brown_shirt layered_shirt red_skirt blue_cape blue_gloves blue_thighhighs long_hair,leonardo_da_vinci_(caster)_(fate),leonardo_da_vinci_(caster)_(fate) leonardo_da_vinci_(fate),1girl animal_on_shoulder bird bird_on_shoulder blue_cape blue_collar blue_eyes blue_gloves blue_thighhighs breasts brown_hair brown_shirt cape closed_mouth collar elbow_gloves feet_out_of_frame gauntlets gloves holding holding_staff lace-trimmed_sleeves lace_trim large_breasts layered_shirt legs_together lips long_hair looking_at_viewer miniskirt narrow_waist non-humanoid_robot outstretched_arm overskirt puff_and_slash_sleeves puffy_short_sleeves puffy_sleeves red_cape red_sash red_skirt robot robot_animal robot_bird sash shirt short_sleeves single_gauntlet single_glove skirt smile solo staff standing star_(symbol) thighhighs two-sided_cape two-sided_fabric underbust,game_asset official_art third-party_source variant_set
leonardo_da_vinci_(fate),female_servant+danbooru_tag+legacy_appearance_pack,403500+500900+901200,True,no_exact_tagged_post,0,,,,,,,,,,,,
leonardo_da_vinci_(rider)_(fate),legacy_appearance_pack,,True,candidate,12,15,9234277,leonardo_da_vinci_(rider)_(fate),Swimsuit Ruler,game_asset,https://apps.atlasacademy.io/db/JP/servant/320/assets,https://danbooru.donmai.us/posts/9234277,blue_eyes red_bikini swimsuit bikini_bottom_under_shorts brown_jacket cropped_jacket denim_shorts twintails long_hair,leonardo_da_vinci_(rider)_(fate),leonardo_da_vinci_(fate) leonardo_da_vinci_(rider)_(fate) leonardo_da_vinci_(swimsuit_ruler)_(fate),1girl adjusting_eyewear arm_up beach belt bikini bikini_bottom_under_shorts bikini_under_clothes blue_eyes blue_sky bow breasts brown_gloves brown_jacket brown_shoes closed_mouth cloud collarbone cropped_jacket denim denim_shorts dinosaur feet_out_of_frame fingerless_gloves gloves goggles goggles_on_head gun hair_bow hand_on_eyewear handgun holding holding_gun holding_weapon horizon jacket jewelry kneehighs legs_apart long_hair looking_at_viewer navel non-humanoid_robot ocean open_clothes open_jacket outstretched_arm parted_bangs pendant plesiosaur pouch puffy_short_sleeves puffy_sleeves red_bikini red_bow red_socks robot robot_animal robot_bird sand shoelaces shoes short_shorts short_sleeves shorts sidelocks sky small_breasts smile socks solo standing swimsuit thigh_pouch thigh_strap triceratops trigger_discipline twintails weapon,game_asset official_art third-party_source
leonardo_da_vinci_(rider)_(first_ascension)_(fate),legacy_appearance_pack,,True,candidate,3,21,9200648,leonardo_da_vinci_(fate),First Ascension,game_asset,https://apps.atlasacademy.io/db/JP/servant/253/assets,https://danbooru.donmai.us/posts/9200648,blue_eyes frilled_dress red_dress asymmetrical_gloves blue_bowtie blue_cape blue_gloves ponytail long_hair,leonardo_da_vinci_(rider)_(first_ascension)_(fate),leonardo_da_vinci_(fate) leonardo_da_vinci_(rider)_(fate) leonardo_da_vinci_(rider)_(first_ascension)_(fate),1girl asymmetrical_gloves black_bow blue_background blue_bow blue_bowtie blue_cape blue_eyes blue_gloves blue_pantyhose bow bowtie breasts brown_shoes cape closed_mouth collar dress frilled_collar frilled_dress frills full_body gauntlets gloves hair_bow holding holding_staff leg_up loafers long_hair looking_at_viewer low_ponytail mismatched_gloves multicolored_dress non-humanoid_robot outstretched_arms pantyhose parted_bangs ponytail puff_and_slash_sleeves puffy_short_sleeves puffy_sleeves red_cape red_dress red_sash robot robot_animal robot_bird sash shoes short_dress short_sleeves sidelocks single_gauntlet small_breasts smile solo staff standing standing_on_one_leg two-sided_cape two-sided_fabric,game_asset official_art third-party_source variant_set
lilith_(fate),female_servant+danbooru_tag+legacy_appearance_pack,405900+705100,True,no_exact_tagged_post,0,,,,,,,,,,,,
lilith_(second_ascension)_(fate),legacy_appearance_pack,,True,candidate,4,21,9267132,lilith_(fate),Second Ascension,game_asset,https://apps.atlasacademy.io/db/JP/servant/440/assets,https://danbooru.donmai.us/posts/9267132,white_hair green_eyes demon_wings pointy_ears black_jacket twintails very_long_hair,lilith_(second_ascension)_(fate),lilith_(fate) lilith_(second_ascension)_(fate),1girl black_hands black_jacket black_panties breasts colored_extremities demon_wings expressionless full_body green_eyes holding holding_weapon jacket long_hair looking_at_viewer medium_breasts panties pointy_ears scissors solo twintails underwear very_long_hair weapon white_hair wings,game_asset official_art third-party_source variant_set
lilith_(swimsuit_rider)_(first_ascension)_(fate),legacy_appearance_pack,,True,candidate,6,13,11991036,lilith_(swimsuit_rider)_(first_ascension)_(fate),Final ascension,game_asset,https://apps.atlasacademy.io/db/JP/servant/478/assets,https://danbooru.donmai.us/posts/11991036,grey_hair pink_hair green_eyes horns black_bikini zipper_bikini swimsuit long_hair,lilith_(swimsuit_rider)_(first_ascension)_(fate),lilith_(fate) lilith_(swimsuit_rider)_(first_ascension)_(fate),1girl bare_shoulders bikini black_bikini black_hands body_markings breasts cleavage colored_extremities fangs full_body gradient_hair green_eyes grey_hair horns long_hair looking_at_viewer multicolored_hair navel ocean one_eye_closed open_mouth pale_skin pink_hair smile swimsuit thigh_strap two-tone_hair zipper zipper_bikini,game_asset official_art third-party_source
locusta_(fate),female_servant+danbooru_tag+legacy_appearance_pack,604800,True,no_exact_tagged_post,0,,,,,,,,,,,,
lord_logres_(fate),female_servant+danbooru_tag,106500,True,no_exact_tagged_post,0,,,,,,,,,,,,
louhi_(fate),female_servant+danbooru_tag,705000,True,no_exact_tagged_post,0,,,,,,,,,,,,
manannan_mac_lir_(bazett)_(fate),female_servant_official_name,1001100,False,official_name_without_tag,0,,,,,,,,,,,,
marie_antoinette_(alter)_(fate),female_servant+danbooru_tag,1101300,True,no_exact_tagged_post,0,,,,,,,,,,,,
marie_antoinette_(fate),female_servant+danbooru_tag+legacy_appearance_pack,401700+502700,True,candidate,13,9,9303754,marie_antoinette_(fate),supplemental search,game_asset,https://apps.atlasacademy.io/db/JP/servant/407/assets,https://danbooru.donmai.us/posts/9303754,white_hair yellow_eyes black_dress layered_dress hoop_skirt black_choker black_gloves black_thighhighs long_hair,marie_antoinette_(fate),marie_antoinette_(fate) marie_antoinette_alter_(fate) marie_antoinette_alter_(third_ascension)_(fate),1girl arm_at_side bare_shoulders black_choker black_dress black_gloves black_thighhighs breasts cape choker cleavage detached_sleeves dress fleur-de-lis fleur-de-lis_print front_slit full_cleavage fur-trimmed_cape fur_trim gloves hair_ornament half_gloves hand_up hoop_skirt large_breasts layered_dress long_dress long_hair looking_at_viewer parted_lips plunging_neckline rubble short_sleeves sidelocks sitting solo strapless strapless_dress thighhighs weapon white_hair yellow_eyes,game_asset official_art third-party_source
martha_(fate),female_servant+danbooru_tag+legacy_appearance_pack,401900+900400,True,no_exact_tagged_post,0,,,,,,,,,,,,
martha_(rider)_(fate),legacy_appearance_pack,,True,candidate,3,12,2113754,martha_(rider)_(fate),Second Ascension,game_mirror,https://apps.atlasacademy.io/db/JP/servant/30/assets,https://danbooru.donmai.us/posts/2113754,purple_hair blue_eyes armor thighhighs,martha_(rider)_(fate),martha_(fate) martha_(rider)_(fate),1girl armor blue_eyes breasts cleavage closed_mouth contrapposto crosier hand_on_own_hip lake medium_breasts purple_hair solo staff thighhighs twilight,official_art third-party_source variant_set
martha_(santa)_(fate),female_servant+danbooru_tag,505000,True,candidate,3,21,8915344,martha_(fate),Santa,game_asset,https://static.atlasacademy.io/JP/Image/cut316_mrts00/cut316_mrts00.png,https://danbooru.donmai.us/posts/8915344,purple_hair blue_eyes brown_shirt red_skirt santa_hat white_apron white_socks boots long_hair,martha_(santa)_(fate),martha_(fate) martha_(santa)_(fate),1girl apron belt_pouch blue_eyes boots brown_shirt christmas full_body fur_trim hat holding holding_ladle jewelry ladle long_hair long_sleeves looking_at_viewer mittens orange_background pouch purple_hair red_skirt santa_hat shirt skirt smile socks solo soup_ladle sparkle standing standing_on_one_leg white_apron white_socks,game_asset highres official_art third-party_source
martha_(swimsuit_ruler)_(fate),legacy_appearance_pack,,True,candidate,11,16,9143682,martha_(fate),Swimsuit Ruler (Second Ascension),game_asset,https://apps.atlasacademy.io/db/JP/servant/135/assets,https://danbooru.donmai.us/posts/9143682,purple_hair blue_eyes black_bikini bow_bikini swimsuit hooded_jacket open_jacket black_choker very_long_hair,martha_(swimsuit_ruler)_(fate),martha_(fate) martha_(swimsuit_ruler)_(fate) martha_(swimsuit_ruler)_(second_ascension)_(fate),1girl ass_visible_through_thighs bare_legs bikini black_bikini black_choker blue_background blue_eyes blue_sky blunt_bangs bow bow_bikini breasts breasts_apart castle choker closed_mouth cloud collarbone cross cross_pendant earrings feet_out_of_frame fisheye frilled_bikini frills groin halterneck hand_in_own_hair hand_on_own_hip hand_up hood hood_down hooded_jacket jacket jewelry large_breasts latin_cross legs_apart lens_flare light_smile linea_alba long_hair long_sleeves looking_at_viewer navel ocean open_clothes open_jacket parted_bangs pendant_choker purple_hair red_jacket sky solo sparkle standing straight_hair sun sunlight swimsuit very_long_hair,game_asset official_art third-party_source variant_set
martha_(swimsuit_ruler)_(third_ascension)_(fate),legacy_appearance_pack,,True,candidate,4,21,9143684,martha_(swimsuit_ruler)_(fate),Third Ascension,game_asset,https://apps.atlasacademy.io/db/JP/servant/135/assets,https://danbooru.donmai.us/posts/9143684,purple_hair blue_eyes bow_bikini frilled_bikini swimsuit armored_gloves elbow_gloves pendant_choker very_long_hair,martha_(swimsuit_ruler)_(third_ascension)_(fate),martha_(fate) martha_(swimsuit_ruler)_(fate) martha_(swimsuit_ruler)_(third_ascension)_(fate),1girl armored_gloves ass_visible_through_thighs bare_shoulders bikini blue_background blue_eyes blue_sky blunt_bangs bow bow_bikini breasts breasts_apart choker closed_mouth cloud collarbone cross cross_pendant earrings elbow_gloves feet_out_of_frame frilled_bikini frills gauntlets gloves groin hair_ribbon halterneck hand_in_own_hair hand_on_own_hip hand_up jewelry large_breasts latin_cross legs_apart light_smile linea_alba long_hair looking_at_viewer multicolored_bikini navel parted_bangs pendant_choker purple_hair red_bikini red_gloves ribbon sky solo splashing standing straight_hair sun sunlight swimsuit thigh_strap two-tone_bikini very_long_hair water white_bikini white_choker white_ribbon,game_asset official_art third-party_source variant_set
mary_anning_(fate),female_servant+danbooru_tag,304900,True,needs_source_or_visual_review,1,1,6595207,mary_anning_(fate),supplemental search,source_unverified,https://www.tumblr.com/littleyelp/725284783681404928/%E3%82%A2%E3%83%8B%E3%83%B3%E3%82%B0%E3%81%A1%E3%82%83%E3%82%93?source=share (1).jpg,https://danbooru.donmai.us/posts/6595207,yellow_eyes white_hat long_hair,mary_anning_(fate),mary_anning_(fate),1girl alternate_hairstyle cloud cloudy_sky food fossil_hair_ornament hat ice_cream ice_cream_cone long_hair sky smile white_hat yellow_eyes,bad_id bad_tumblr_id commentary highres official_art
mash_kyrielight,female_servant+danbooru_tag+legacy_appearance_pack,800100,True,needs_source_or_visual_review,8,3,9702071,mash_kyrielight,supplemental search,source_unverified,https://twitter.com/mebarunrun/status/1949306078916984935,https://danbooru.donmai.us/posts/9702071,purple_hair purple_eyes purple_hoodie jacket purple_gloves,mash_kyrielight,mash_kyrielight,1girl anniversary belt_pouch chaldea_logo copyright_name english_text gloves goggles high_collar hood hoodie jacket light_smile looking_at_viewer pouch purple_eyes purple_gloves purple_hair purple_hoodie rainbow ski_goggles snow solo,commentary_request cropped highres official_art
mash_kyrielight_(chaldea_uniform),legacy_appearance_pack,,True,candidate,8,21,11512188,mash_kyrielight,Chaldea Uniform,game_asset,https://static.atlasacademy.io/JP/CharaFigure/1098359300/1098359300_merged.png,https://danbooru.donmai.us/posts/11512188,purple_hair purple_eyes black_skirt collared_shirt white_jacket white_shirt black_shoes black_socks short_hair,mash_kyrielight_(chaldea_uniform),mash_kyrielight mash_kyrielight_(chaldea_uniform),1girl black-framed_eyewear black_shoes black_skirt black_socks boots breasts collared_shirt colored_inner_hair full_body glasses hair_over_one_eye jacket long_sleeves looking_at_viewer multicolored_hair necktie purple_eyes purple_hair shirt shoes short_hair simple_background skirt socks solo standing tachi-e transparent_background white_jacket white_necktie white_shirt,game_asset highres official_art third-party_source
mash_kyrielight_(dangerous_beast),legacy_appearance_pack,,True,candidate,1,13,8986756,mash_kyrielight_(dangerous_beast),,game_mirror,https://apps.atlasacademy.io/db/JP/craft-essence/344/assets,https://danbooru.donmai.us/posts/8986756,pink_hair purple_eyes animal_ears chaldea_master_uniform chaldea_staff_uniform purple_gloves purple_scarf purple_thighhighs short_hair,mash_kyrielight_(dangerous_beast),fou_(fate) fujimaru_ritsuka_(female) fujimaru_ritsuka_(male) mash_kyrielight mash_kyrielight_(dangerous_beast) olga_marie_animusphere romani_archaman,1girl :d animal_ears ass bow breasts breasts_apart chaldea_master_uniform chaldea_staff_uniform character_doll creature detached_sleeves doll fake_animal_ears fang foot_out_of_frame gloves hair_over_one_eye halloween halloween_comeback! jack-o'-lantern large_breasts light_particles looking_at_viewer navel open_mouth pink_bow pink_hair purple_background purple_ears purple_eyes purple_gloves purple_scarf purple_sleeves purple_tail purple_theme purple_thighhighs revealing_clothes scarf short_hair smile solo stomach thighhighs,commentary official_art third-party_source
mash_kyrielight_(demi-servant),legacy_appearance_pack,,True,candidate,8,12,8394069,mash_kyrielight_(demi-servant),Third Ascension,game_mirror,https://apps.atlasacademy.io/db/JP/servant/1/assets,https://danbooru.donmai.us/posts/8394069,pink_hair purple_eyes armored_leotard black_armor black_leotard purple_skirt showgirl_skirt armored_gloves short_hair,mash_kyrielight_(demi-servant),mash_kyrielight mash_kyrielight_(demi-servant),1girl armor armored_gloves armored_legwear armored_leotard ars_almadel_salomonis_(fate) asymmetrical_legwear bare_shoulders belt black_armor black_gloves black_leotard black_thighhighs boobplate breasts closed_mouth elbow_gloves feet_out_of_frame gloves hair_over_one_eye hand_on_own_hip holding holding_shield legs_apart leotard looking_at_viewer lord_camelot_(fate) medium_breasts multicolored_gloves multicolored_leotard multicolored_thighhighs o-ring o-ring_belt one_eye_covered pink_hair purple_eyes purple_gloves purple_leotard purple_skirt purple_thighhighs shield short_hair showgirl_skirt skirt solo standing sword thigh_strap thighhighs two-tone_gloves two-tone_leotard two-tone_thighhighs uneven_legwear weapon,official_art third-party_source variant_set
mash_kyrielight_(ortenaus),legacy_appearance_pack,,True,candidate,5,15,9106366,mash_kyrielight_(ortenaus),Visor on,game_asset,https://apps.atlasacademy.io/db/JP/servant/1/assets,https://danbooru.donmai.us/posts/9106366,pink_hair armored_leotard black_armor black_leotard armored_boots black_boots black_gloves short_hair,mash_kyrielight_(ortenaus),mash_kyrielight mash_kyrielight_(ortenaus),1girl armor armored_boots armored_leotard black_armor black_boots black_gloves black_leotard black_thighhighs blue_background boots breasts closed_mouth covered_eyes expressionless feet_out_of_frame gloves gorget head-mounted_display holding holding_shield legs_apart leotard medium_breasts mold_camelot mountainous_horizon night outdoors pink_hair science_fiction shield short_hair sky solo standing thigh_boots thighhighs,game_asset official_art third-party_source variant_set
mash_kyrielight_(paladin),legacy_appearance_pack,,True,candidate,5,16,9233838,mash_kyrielight_(paladin),,game_asset,https://apps.atlasacademy.io/db/JP/script/0400052410,https://danbooru.donmai.us/posts/9233838,pink_hair purple_hair purple_eyes leg_armor white_armor armored_boots high_heel_boots waist_cape short_hair,mash_kyrielight_(paladin),mash_kyrielight mash_kyrielight_(paladin),1girl armor armored_boots bare_shoulders boobplate boots bracer breastplate closed_mouth colored_inner_hair full_body gauntlets gorget hair_over_one_eye hand_up high_heel_boots high_heels holding holding_shield leg_armor legs_apart looking_at_viewer lord_camelot_(fate) multicolored_hair one_eye_covered pink_hair purple_eyes purple_hair shield short_hair simple_background smile solo standing tachi-e transparent_background trinity_metatronius_(fate/grand_order) two-tone_hair waist_cape white_armor,game_asset highres official_art spoilers third-party_source
mash_kyrielight_(swimsuit_of_perpetual_summer),legacy_appearance_pack,,True,candidate,1,9,9106352,mash_kyrielight_(swimsuit_of_perpetual_summer),supplemental search,game_asset,https://apps.atlasacademy.io/db/JP/servant/1/assets,https://danbooru.donmai.us/posts/9106352,pink_hair purple_eyes short_dress white_dress sundress short_hair,mash_kyrielight_(swimsuit_of_perpetual_summer),mash_kyrielight mash_kyrielight_(swimsuit_of_perpetual_summer),1girl :d arms_at_sides bare_arms bare_shoulders beach black-framed_eyewear blue_sky bow breasts cleavage clenched_hands collarbone day dress feet_out_of_frame glasses hair_over_one_eye halterneck horizon legs_apart looking_at_viewer medium_breasts ocean one_eye_covered open_mouth outdoors pink_bow pink_hair purple_eyes round_eyewear short_dress short_hair sideboob sky smile solo standing sundress tree white_dress,game_asset official_art third-party_source
mash_kyrielight_(swimsuit_of_perpetual_summer_ver.02),legacy_appearance_pack,,True,candidate,1,13,4617677,mash_kyrielight_(swimsuit_of_perpetual_summer_ver.02),,game_mirror,https://apps.atlasacademy.io/db/JP/servant/1/assets,https://danbooru.donmai.us/posts/4617677,purple_hair purple_eyes bow_bikini striped_bikini swimsuit,mash_kyrielight_(swimsuit_of_perpetual_summer_ver.02),mash_kyrielight mash_kyrielight_(swimsuit_of_perpetual_summer_ver.02),1girl arm_support bare_legs barefoot beach bikini bikini_under_clothes bow bow_bikini breasts closed_mouth cloud cloudy_sky hair_over_one_eye halterneck hand_on_own_chest leaning_back legs legs_folded looking_at_viewer medium_breasts multicolored_bikini navel ocean official_alternate_costume one_eye_covered outdoors purple_eyes purple_hair purple_sky side-tie_bikini_bottom sitting sky smile solo striped_bikini striped_clothes sunlight swimsuit twilight water,official_art third-party_source
mata_hari_(fate),female_servant+danbooru_tag+legacy_appearance_pack,601400,True,candidate,8,9,9112129,mata_hari_(fate),supplemental search,game_asset,https://apps.atlasacademy.io/db/JP/servant/45/assets,https://danbooru.donmai.us/posts/9112129,brown_hair blue_eyes orange_shirt orange_choker orange_sarong pendant_choker see-through_sarong very_long_hair,mata_hari_(fate),mata_hari_(fate),1girl arms_up blue_eyes breasts brown_hair choker cleavage cowboy_shot crop_top flower frilled_panties frilled_thigh_strap frills hair_flower hair_ornament jewelry large_breasts long_hair looking_at_viewer looking_to_the_side low_neckline navel open_mouth orange_choker orange_panties orange_sarong orange_shirt orange_veil panties pendant_choker pink_background red_flower sarong see-through_clothes see-through_sarong see-through_veil shirt sidelocks smile solo sparkle thigh_strap underwear veil very_long_hair warm_colors,game_asset official_art third-party_source
matou_sakura,legacy_appearance_pack,,True,needs_source_or_visual_review,1,3,6041571,matou_sakura,supplemental search,source_unverified,https://twitter.com/ant0coffee/status/1621724445659529216,https://danbooru.donmai.us/posts/6041571,purple_hair purple_eyes off-shoulder_dress asymmetrical_gloves black_gloves long_hair,matou_sakura,matou_sakura,1girl asymmetrical_gloves black_gloves blue_butterfly breasts bridal_gauntlets bug butterfly copyright_notice craft_essence_(fate) dress gloves hair_behind_ear hair_ribbon hands_up long_hair looking_at_viewer off-shoulder_dress off_shoulder parted_lips purple_eyes purple_hair ribbon solo straight-on,commentary_request official_art
mecha_eli-chan_(fate),female_servant+danbooru_tag,1000400,True,no_exact_tagged_post,0,,,,,,,,,,,,
mecha_eli-chan_mk_ii_(fate),female_servant_official_name,1000500,False,official_name_without_tag,0,,,,,,,,,,,,
medb_(fate),legacy_appearance_pack,,True,no_exact_tagged_post,0,,,,,,,,,,,,
medb_(third_ascension)_(fate),legacy_appearance_pack,,True,candidate,2,18,2343988,medb_(fate),Third Ascension,game_mirror,https://apps.atlasacademy.io/db/JP/servant/99/assets,https://danbooru.donmai.us/posts/2343988,pink_hair brown_eyes frilled_skirt white_skirt white_gloves,medb_(third_ascension)_(fate),medb_(fate) medb_(third_ascension)_(fate),1girl blunt_bangs bra breasts brown_eyes cleavage diadem frilled_skirt frills gloves holding holding_riding_crop lake midriff navel open_mouth outdoors pink_hair riding_crop skirt small_breasts snow solo tree underwear white_bra white_gloves white_skirt,official_art third-party_source variant_set
medea_(caster)_(fate),legacy_appearance_pack,,True,candidate,11,15,9107764,medea_(caster)_(fate),Third Ascension,game_asset,https://apps.atlasacademy.io/db/JP/servant/31/assets,https://danbooru.donmai.us/posts/9107764,blue_hair blue_eyes pointy_ears purple_dress asymmetrical_gloves black_choker black_gloves braid long_hair,medea_(caster)_(fate),medea_(caster)_(fate) medea_(fate),1girl architecture arm_at_side asymmetrical_gloves asymmetrical_sleeves black_choker black_gloves blue_eyes blue_hair blue_sky braid breasts choker covered_nipples curtained_hair day dress elbow_gloves feet_out_of_frame garden gloves hair_tubes hand_up hecate's_staff_(fate) holding holding_staff long_hair long_sleeves looking_at_viewer medium_breasts parted_bangs parted_lips pointy_ears puffy_sleeves purple_dress purple_lips short_sleeves side_braid sidelocks single_braid single_elbow_glove single_hair_tube sky smile solo staff sunlight teeth uneven_gloves,game_asset official_art third-party_source variant_set
medea_(fate),female_servant+danbooru_tag+legacy_appearance_pack,500100,True,no_exact_tagged_post,0,,,,,,,,,,,,
medea_lily_(fate),female_servant+danbooru_tag+legacy_appearance_pack,501700,True,no_exact_tagged_post,0,,,,,,,,,,,,
medusa_(fate),female_servant+danbooru_tag+legacy_appearance_pack,105600+302700+400100,True,no_exact_tagged_post,0,,,,,,,,,,,,
medusa_(lancer)_(fate),legacy_appearance_pack,,True,candidate,12,15,9147993,medusa_(lancer)_(fate),Final Ascension,game_asset,https://apps.atlasacademy.io/db/JP/servant/146/assets,https://danbooru.donmai.us/posts/9147993,purple_hair purple_eyes white_thighhighs twintails very_long_hair,medusa_(lancer)_(fate),medusa_(fate) medusa_(lancer)_(fate) medusa_(lancer)_(final_ascension)_(fate),1girl anklet aqua_background arm_support babydoll bare_shoulders belt_buckle belt_collar between_legs black_bow black_panties bow bow_babydoll breasts buckle cleavage collar curtained_hair detached_sleeves flower flower_wreath frilled_babydoll full_body green_flower hand_between_own_legs head_tilt head_wreath jewelry long_hair long_sidelocks looking_at_viewer no_shoes panties parted_lips purple_babydoll purple_eyes purple_flower purple_hair red_collar sidelocks sitting small_breasts solo stirrup_legwear thighhighs toeless_legwear toes twintails underwear very_long_hair wariza white_babydoll white_sleeves white_thighhighs,game_asset official_art third-party_source
medusa_(rider)_(fate),legacy_appearance_pack,,True,candidate,9,15,9107324,medusa_(rider)_(fate),First Ascension,game_asset,https://apps.atlasacademy.io/db/JP/servant/23/assets,https://danbooru.donmai.us/posts/9107324,black_dress short_dress black_boots thigh_boots very_long_hair,medusa_(rider)_(fate),medusa_(fate) medusa_(fate/stay_night) medusa_(rider)_(fate),1girl belt_buckle belt_collar black_boots black_dress black_sleeves blindfold blue_sky boots breaker_gorgon breasts buckle chain cloud collar colored_blindfold covered_eyes curtained_hair detached_sleeves dress facial_mark foot_out_of_frame forehead_mark holding holding_weapon large_breasts leg_up long_hair long_sidelocks nameless_dagger_(fate) outdoors outstretched_arm parted_lips pink_collar reverse_grip ruins short_dress sidelocks sky solo standing standing_on_one_leg strapless strapless_dress thigh_boots very_long_hair very_long_sidelocks weapon,game_asset official_art third-party_source variant_set
medusa_(rider)_(third_ascension)_(fate),legacy_appearance_pack,,True,candidate,1,21,9107332,medusa_(rider)_(fate),Third Ascension,game_asset,https://apps.atlasacademy.io/db/JP/servant/23/assets,https://danbooru.donmai.us/posts/9107332,purple_hair purple_eyes black_dress strapless_dress black_boots black_choker thigh_boots very_long_hair,medusa_(rider)_(third_ascension)_(fate),medusa_(fate) medusa_(rider)_(fate) medusa_(rider)_(third_ascension)_(fate),1girl bare_shoulders black_boots black_choker black_dress black_sleeves blue_sky boots breasts chain choker cleavage_cutout clothing_cutout cloud curtained_hair detached_sleeves dress dual_wielding facial_mark foot_out_of_frame forehead_mark holding holding_weapon large_breasts leg_up long_hair long_sidelocks looking_at_viewer microdress nameless_dagger_(fate) purple_eyes purple_hair rectangular_pupils reverse_grip ruins side_cutout sidelocks sky solo standing standing_on_one_leg strapless strapless_dress thigh_boots very_long_hair very_long_sidelocks weapon,game_asset official_art third-party_source variant_set
meltryllis_(fate),female_servant+danbooru_tag+legacy_appearance_pack,1000200,True,candidate,6,9,9152175,meltryllis_(fate),supplemental search,game_asset,https://apps.atlasacademy.io/db/JP/servant/163/assets,https://danbooru.donmai.us/posts/9152175,purple_hair blue_eyes black_jacket black_skirt cropped_jacket long_skirt armored_boots black_thighhighs very_long_hair,meltryllis_(fate),meltryllis_(fate),1girl absurdly_long_hair armored_boots black_jacket black_skirt black_thighhighs blue_eyes blue_jacket blue_ribbon blue_skirt boots breasts chain closed_mouth cropped_jacket crotch_plate dynamic_pose expressionless floating_hair full_body grey_boots grid hair_between_eyes hair_ribbon hand_up high_collar jacket juliet_sleeves knee_spikes knee_up long_hair long_skirt long_sleeves looking_at_viewer navel platform_boots puffy_sleeves purple_hair ribbon showgirl_skirt skirt sleeves_past_fingers sleeves_past_wrists solo spikes thighhighs thong two-sided_fabric two-sided_jacket two-sided_skirt very_long_hair,game_asset official_art third-party_source variant_set
meltryllis_(swimsuit_lancer)_(fate),legacy_appearance_pack,,True,candidate,6,16,9205928,meltryllis_(fate),Swimsuit Lancer (Third Ascension),game_asset,https://apps.atlasacademy.io/db/JP/servant/266/assets,https://danbooru.donmai.us/posts/9205928,purple_hair blue_eyes lowleg_bikini off-shoulder_bikini swimsuit blue_skirt long_skirt blue_choker side_ponytail very_long_hair,meltryllis_(swimsuit_lancer)_(fate),meltryllis_(fate) meltryllis_(swimsuit_lancer)_(fate) meltryllis_(swimsuit_lancer)_(third_ascension)_(fate),1girl absurdly_long_hair animal bare_shoulders beach bikini bird blue_background blue_bow blue_choker blue_eyes blue_ribbon blue_skirt blue_sky bow breasts choker closed_mouth collarbone crossed_legs detached_sleeves earrings expressionless floating_hair full_body grey_leggings groin hair_bow high_side_ponytail jewelry leggings long_hair long_ribbon long_sidelocks long_skirt long_sleeves looking_at_viewer lowleg lowleg_bikini ocean off-shoulder_bikini off_shoulder outdoors prosthesis prosthetic_leg puffy_long_sleeves puffy_sleeves purple_hair ribbon ruffle_bikini sand showgirl_skirt side_ponytail sidelocks single_hair_intake single_sidelock skirt sky sleeves_past_fingers sleeves_past_wrists solo sphere_earrings standing stomach swimsuit very_long_hair white_bikini white_bird white_sleeves,bird_request game_asset official_art third-party_source variant_set
meltryllis_(swimsuit_lancer)_(first_ascension)_(fate),legacy_appearance_pack,,True,candidate,5,22,7591338,meltryllis_(swimsuit_lancer)_(fate),First Ascension,game_asset,https://fate-go.us/watermonsterscrisis/,https://danbooru.donmai.us/posts/7591338,purple_hair blue_eyes jacket armored_boots choker very_long_hair,meltryllis_(swimsuit_lancer)_(first_ascension)_(fate),meltryllis_(fate) meltryllis_(swimsuit_lancer)_(fate) meltryllis_(swimsuit_lancer)_(first_ascension)_(fate),1girl absurdly_long_hair animal_costume animal_hood armored_boots blue_eyes blue_ribbon boots choker collarbone full_body hood jacket long_hair long_sleeves looking_at_viewer penguin_costume penguin_hood prosthesis purple_hair ribbon simple_background sleeves_past_fingers sleeves_past_wrists solo tachi-e transparent_background very_long_hair,game_asset highres official_art
meltryllis_(third_ascension)_(fate),legacy_appearance_pack,,True,candidate,3,21,9152177,meltryllis_(fate),Third Ascension,game_asset,https://apps.atlasacademy.io/db/JP/servant/163/assets,https://danbooru.donmai.us/posts/9152177,purple_hair blue_eyes cropped_jacket frilled_jacket frilled_skirt long_skirt armored_boots blue_thighhighs very_long_hair,meltryllis_(third_ascension)_(fate),meltryllis_(fate) meltryllis_(third_ascension)_(fate),1girl absurdly_long_hair armored_boots blue_eyes blue_thighhighs boots breasts chain closed_mouth cropped_jacket crotch_plate dynamic_pose floating_hair frilled_jacket frilled_skirt frills full_body glowing grey_boots grid hair_between_eyes hair_ribbon hand_up high_collar jacket juliet_sleeves knee_spikes knee_up long_hair long_skirt long_sleeves looking_at_viewer multicolored_jacket navel platform_boots puffy_sleeves purple_hair ribbon showgirl_skirt skirt sleeves_past_fingers sleeves_past_wrists smile solo spikes thighhighs thong two-sided_fabric two-sided_jacket two-sided_skirt very_long_hair white_jacket white_ribbon white_skirt,game_asset official_art third-party_source variant_set
melusine_(fate),female_servant+danbooru_tag+legacy_appearance_pack,304800+901700,True,needs_source_or_visual_review,1,3,10562358,melusine_(fate),supplemental search,source_unverified,https://www.bilibili.com/opus/1154724293534285828,https://danbooru.donmai.us/posts/10562358,grey_hair purple_hair orange_eyes crown dragon_tail dress white_pantyhose gloves ponytail long_hair,melusine_(fate),melusine_(fate),1girl bare_shoulders blush border bow breasts crown cup dragon_girl dragon_tail dress drinking_glass forked_eyebrows formal_clothes full_body gloves gradient_background gradient_hair grey_hair hair_bow hair_ornament halterneck holding holding_cup long_hair looking_at_viewer mini_crown multicolored_hair open_mouth orange_eyes ornate_border pantyhose ponytail purple_hair small_breasts smile solo standing tail white_pantyhose wine_glass,chinese_commentary commentary_request highres official_art second-party_source
melusine_(second_ascension)_(fate),legacy_appearance_pack,,True,candidate,10,21,9230304,melusine_(fate),Second Ascension,game_asset,https://apps.atlasacademy.io/db/JP/servant/312/assets,https://danbooru.donmai.us/posts/9230304,white_hair yellow_eyes blue_dress frilled_dress black_cape black_gloves blue_boots side_cape long_hair,melusine_(second_ascension)_(fate),melusine_(fate) melusine_(second_ascension)_(fate),1girl arm_at_side black_cape black_gloves blue_boots blue_dress boots breasts cape closed_mouth collared_shrug dress expressionless fairy_sword_arondight frilled_dress frills full_body gloves halter_dress halterneck hand_on_own_hip legs_together long_hair long_sleeves looking_at_viewer short_dress shrug_(clothing) side_cape sidelocks sleeve_cuffs small_breasts solo standing thigh_gap thighhighs turtleneck turtleneck_dress underbust white_hair white_sleeves white_thighhighs yellow_eyes,game_asset large_variant_set official_art third-party_source variant_set
melusine_(swimsuit_ruler)_(fate),legacy_appearance_pack,,True,candidate,4,16,9282006,melusine_(fate),Swimsuit Ruler (Second Ascension),game_asset,https://apps.atlasacademy.io/db/JP/servant/390/assets,https://danbooru.donmai.us/posts/9282006,white_hair orange_eyes dragon_tail horns white_one-piece_swimsuit long_hair,melusine_(swimsuit_ruler)_(fate),melusine_(fate) melusine_(swimsuit_ruler)_(fate) melusine_(swimsuit_ruler)_(second_ascension)_(fate),1girl ahoge arm_at_side bare_shoulders black_sandals breasts clothing_cutout covered_navel crossed_legs dragon_girl dragon_tail dragon_wings dual_wielding expressionless fingernails full_body gradient_hair groin hair_ornament halterneck hand_up high_heel_sandals high_heels holding holding_weapon horns jewelry legs_together long_hair looking_at_viewer low_wings multicolored_hair one-piece_swimsuit orange_eyes outstretched_arm parted_lips sandals side_cutout sidelocks skinny small_breasts solo swimsuit tail thighlet toenails toes weapon white_hair white_horns white_one-piece_swimsuit white_tail white_wings wings,game_asset official_art third-party_source variant_set weapon_request
melusine_(swimsuit_ruler)_(first_ascension)_(fate),legacy_appearance_pack,,True,candidate,3,9,9282005,melusine_(fate),supplemental search,game_asset,https://apps.atlasacademy.io/db/JP/servant/390/assets,https://danbooru.donmai.us/posts/9282005,white_hair orange_eyes dragon_tail wings black_bikini jacket_over_swimsuit lowleg_bikini jacket ponytail long_hair,melusine_(swimsuit_ruler)_(first_ascension)_(fate),melusine_(fate) melusine_(swimsuit_ruler)_(fate) melusine_(swimsuit_ruler)_(first_ascension)_(fate),1girl aircraft aqua_nails arm_at_side bikini black_bikini black_mask black_shrug black_tail blue_sky blue_wings breasts cleavage cloud contrail contrapposto covered_mouth dragon_girl dragon_tail dragon_wings dual_wielding fingernails full_body gradient_hair groin hair_ornament hand_up high_ponytail holding holding_weapon hood hood_down hooded_shrug jacket jacket_over_swimsuit jewelry long_hair long_sleeves looking_at_viewer low_wings lowleg lowleg_bikini mask mouth_mask multicolored_hair nail_polish navel orange_eyes outdoors ponytail pubic_tattoo sandals see-through_cleavage see-through_clothes shrug_(clothing) sidelocks single_bare_leg skinny sky small_breasts solo stomach swimsuit tail tattoo thighlet toenails toes weapon white_hair wings,game_asset official_art third-party_source variant_set vehicle_request weapon_request
merlin_(caster)_(fate/prototype),legacy_appearance_pack,,True,candidate,1,15,9248523,merlin_(caster)_(fate/prototype),Lady Avalon (First Ascension),game_asset,https://apps.atlasacademy.io/db/JP/servant/353/assets,https://danbooru.donmai.us/posts/9248523,white_hair red_eyes high-low_dress white_dress black_boots black_gloves fingerless_gloves thigh_boots very_long_hair,merlin_(caster)_(fate/prototype),merlin_(caster)_(fate/prototype) merlin_(fate/prototype),1girl ahoge arms_at_sides black_boots black_gloves boots breasts closed_mouth clothing_cutout dress field fingerless_gloves flower flower_field full_body gloves hair_between_eyes hair_intakes high-low_dress high_collar holding holding_staff long_hair long_sidelocks long_sleeves looking_at_viewer medium_breasts red_eyes sidelocks smile solo staff standing thigh_boots very_long_hair white_dress white_hair wide_sleeves,game_asset official_art third-party_source variant_set
merlin_(fate/prototype),legacy_appearance_pack,,True,candidate,2,15,9248525,merlin_(fate/prototype),[[Lady Avalon (Third Ascension) (fate)|]],game_asset,https://apps.atlasacademy.io/db/JP/servant/353/assets,https://danbooru.donmai.us/posts/9248525,white_hair red_eyes high-low_dress white_bodysuit white_gloves white_shoes very_long_hair,merlin_(fate/prototype),lady_avalon_(fate) lady_avalon_(third_ascension)_(fate) merlin_(fate/prototype),1girl ahoge arm_at_side bodysuit bracer breasts closed_mouth clothing_cutout covered_navel dress full_body gloves hair_between_eyes hair_intakes hand_up high-low_dress holding holding_staff long_hair long_sidelocks looking_at_viewer medium_breasts red_eyes shoes side_cutout sidelocks smile solo staff standing turtleneck very_long_hair white_bodysuit white_gloves white_hair white_shoes,game_asset official_art third-party_source variant_set
metatron_jeanne_(fate),female_servant+danbooru_tag,901900,True,no_exact_tagged_post,0,,,,,,,,,,,,
minamoto-no-raikou_ushi_gozen_(fate),female_servant_official_name,1101800,False,official_name_without_tag,0,,,,,,,,,,,,
minamoto_no_raikou_(fate),female_servant_official_name+legacy_appearance_pack,302900+702300,True,needs_source_or_visual_review,2,3,4198696,minamoto_no_raikou_(fate),supplemental search,source_unverified,https://twitter.com/raita_z/status/1326404206832594944,https://danbooru.donmai.us/posts/4198696,purple_hair purple_eyes dolphin_shorts impossible_sweater micro_shorts ribbed_sweater braid very_long_hair,minamoto_no_raikou_(fate),minamoto_no_raikou_(fate),1girl blush braid breasts dolphin_shorts feet hand_in_own_hair hands_up huge_breasts impossible_clothes impossible_sweater kneeling legs long_hair micro_shorts parted_bangs pink_shorts purple_eyes purple_hair purple_scrunchie ribbed_sweater scrunchie shorts smile soles solo sweater thighs turtleneck turtleneck_sweater very_long_hair white_sweater,commentary_request official_art official_artist_extra revision
minamoto_no_raikou_(first_ascension)_(fate),legacy_appearance_pack,,True,candidate,5,21,9132138,minamoto_no_raikou_(fate),First Ascension,game_asset,https://apps.atlasacademy.io/db/JP/servant/114/assets,https://danbooru.donmai.us/posts/9132138,purple_hair purple_eyes japanese_armor purple_bodysuit armored_gloves black_boots black_gloves very_long_hair,minamoto_no_raikou_(first_ascension)_(fate),minamoto_no_raikou_(fate) minamoto_no_raikou_(first_ascension)_(fate),1girl armor armored_gloves belt black_belt black_boots black_gloves bodysuit boots breasts closed_mouth covered_navel doujigiri_yasutsuna_(fate) feet_out_of_frame fingerless_gloves gloves green_background hair_between_eyes hand_up high_collar huge_breasts japanese_armor japanese_clothes katana long_hair looking_at_viewer low-tied_long_hair pelvic_curtain puffy_sleeves purple_bodysuit purple_eyes purple_hair rope sheath sheathed single_breast_curtain smile solo standing sword tassel very_long_hair weapon,game_asset official_art third-party_source variant_set
minamoto_no_raikou_(second_ascension)_(fate),legacy_appearance_pack,,True,candidate,3,21,9132139,minamoto_no_raikou_(fate),Second Ascension,game_asset,https://apps.atlasacademy.io/db/JP/servant/114/assets,https://danbooru.donmai.us/posts/9132139,purple_hair purple_eyes japanese_armor purple_bodysuit armored_gloves black_boots black_choker black_gloves very_long_hair,minamoto_no_raikou_(second_ascension)_(fate),minamoto_no_raikou_(fate) minamoto_no_raikou_(second_ascension)_(fate),1girl armor armored_gloves arrow_(projectile) belt black_belt black_boots black_choker black_gloves bodysuit boots bow_(weapon) breasts choker closed_mouth covered_navel doujigiri_yasutsuna_(fate) feet_out_of_frame fingerless_gloves gloves green_background hair_between_eyes hand_up high_collar holding holding_bow_(weapon) holding_weapon huge_breasts japanese_armor japanese_clothes katana long_hair looking_at_viewer low-tied_long_hair pelvic_curtain puffy_sleeves purple_bodysuit purple_eyes purple_hair quiver rope sheath sheathed smile solo standing sword tassel very_long_hair weapon,game_asset official_art third-party_source variant_set
minamoto_no_raikou_(swimsuit_lancer)_(fate),legacy_appearance_pack,,True,candidate,10,13,9158847,minamoto_no_raikou_(fate),Swimsuit Lancer (Second Ascension),game_mirror,https://apps.atlasacademy.io/db/JP/servant/181/assets,https://danbooru.donmai.us/posts/9158847,purple_hair purple_eyes school_uniform bikini swimsuit black_shirt black_skirt cropped_shirt very_long_hair,minamoto_no_raikou_(swimsuit_lancer)_(fate),minamoto_no_raikou_(fate) minamoto_no_raikou_(swimsuit_lancer)_(fate) minamoto_no_raikou_(swimsuit_lancer)_(second_ascension)_(fate),1girl absurdly_long_hair beach between_breasts bikini bikini_under_clothes black_choker black_sailor_collar black_sandals black_serafuku black_shirt black_skirt blue_sky blurry bokeh breasts choker closed_mouth collarbone covered_nipples crop_top cropped_shirt crossed_ankles day delinquent depth_of_field doujigiri_yasutsuna_(fate) fingerless_gloves foot_out_of_frame front_slit gloves hand_up horizon huge_breasts katana linea_alba long_hair long_skirt looking_at_viewer low-tied_long_hair midriff navel neckerchief no_socks ocean outdoors palm_leaf parted_bangs pentagram pleated_skirt purple_eyes purple_hair red_gloves red_neckerchief rope sailor_collar sand sandals school_uniform serafuku sheath sheathed shirt short_sleeves side-tie_bikini_bottom single_glove skirt sky smile solo standing sukeban swimsuit sword toes very_long_hair weapon,official_art third-party_source variant_set
minamoto_no_raikou_(swimsuit_lancer)_(third_ascension)_(fate),legacy_appearance_pack,,True,candidate,4,18,9158848,minamoto_no_raikou_(swimsuit_lancer)_(fate),Third Ascension,game_mirror,https://apps.atlasacademy.io/db/JP/servant/181/assets,https://danbooru.donmai.us/posts/9158848,purple_hair purple_eyes eyepatch_bikini japanese_armor knee_armor pink_bikini swimsuit armored_gloves very_long_hair,minamoto_no_raikou_(swimsuit_lancer)_(third_ascension)_(fate),minamoto_no_raikou_(fate) minamoto_no_raikou_(swimsuit_lancer)_(fate) minamoto_no_raikou_(swimsuit_lancer)_(third_ascension)_(fate),1girl armlet armor armored_gloves bare_shoulders beach bikini black_choker black_gloves black_sandals blue_sky blurry bokeh breasts choker cleavage closed_mouth collarbone covered_nipples crossed_ankles day depth_of_field doujigiri_yasutsuna_(fate) eyepatch_bikini fingerless_gloves foot_out_of_frame gloves hagoromo hand_up horizon huge_breasts japanese_armor jewelry katana knee_armor linea_alba long_hair looking_at_viewer low-tied_long_hair navel no_socks ocean outdoors palm_leaf parted_bangs pink_bikini purple_eyes purple_hair rope sand sandals shawl sheath sheathed side-tie_bikini_bottom sideboob single_bare_leg single_glove skindentation sky smile solo standing strapless strapless_bikini swimsuit sword toes underboob very_long_hair weapon,official_art third-party_source variant_set
miss_crane_(fate),female_servant+danbooru_tag+legacy_appearance_pack,504600,True,needs_source_or_visual_review,2,3,10319662,miss_crane_(fate),supplemental search,source_unverified,https://10th.fate-go.jp/,https://danbooru.donmai.us/posts/10319662,red_hair purple_eyes black_kimono layered_kimono hair_bun long_hair,miss_crane_(fate),miss_crane_(fate),1girl architecture black_kimono blush breasts east_asian_architecture floral_print hair_bun ikou japanese_clothes kimono layered_kimono long_hair long_sleeves medium_breasts photo_background purple_eyes red_hair sash sidelocks smile solo tatami washitsu white_kimono wide_sleeves,highres lossy-lossless official_art
miyamoto_musashi_(fate),female_servant+danbooru_tag+legacy_appearance_pack,101700+703600,True,needs_source_or_visual_review,1,3,2982433,miyamoto_musashi_(fate),supplemental search,source_unverified,http://typemoon.com/news/2018/1AHaz3,https://danbooru.donmai.us/posts/2982433,pink_hair purple_eyes kimono,miyamoto_musashi_(fate),miyamoto_musashi_(fate),1girl 2018 asymmetrical_hair earrings flower japanese_clothes jewelry kimono leaf_earrings looking_at_viewer new_year obi pink_hair purple_eyes sash smile solo wide_sleeves,official_art paint.net_(medium) translated
miyamoto_musashi_(first_ascension)_(fate),legacy_appearance_pack,,True,candidate,3,21,9149154,miyamoto_musashi_(fate),First Ascension,game_asset,https://apps.atlasacademy.io/db/JP/servant/153/assets,https://danbooru.donmai.us/posts/9149154,pink_hair blue_eyes purple_kimono short_kimono black_thighhighs ponytail,miyamoto_musashi_(first_ascension)_(fate),miyamoto_musashi_(fate) miyamoto_musashi_(first_ascension)_(fate),1girl bare_shoulders black_sleeves black_thighhighs blue_eyes breasts closed_mouth detached_sleeves earrings feet_out_of_frame fire green_fire hand_up holding holding_sheath holding_sword holding_weapon japanese_clothes jewelry katana kimono leaf_earrings legs_apart long_sidelocks long_sleeves looking_at_viewer obi obijime over_shoulder parted_bangs pink_hair ponytail purple_kimono red_sash sash sheath sheathed short_hair_with_long_locks short_kimono short_ponytail sidelocks single_sidelock sleeveless sleeveless_kimono smile solo standing sword thighhighs tree unsheathed weapon weapon_over_shoulder wide_ponytail,game_asset official_art third-party_source variant_set
miyamoto_musashi_(second_ascension)_(fate),legacy_appearance_pack,,True,candidate,2,21,9149156,miyamoto_musashi_(fate),Second Ascension,game_asset,https://apps.atlasacademy.io/db/JP/servant/153/assets,https://danbooru.donmai.us/posts/9149156,pink_hair blue_eyes arm_armor purple_kimono short_kimono red_skirt black_thighhighs ponytail,miyamoto_musashi_(second_ascension)_(fate),miyamoto_musashi_(fate) miyamoto_musashi_(second_ascension)_(fate),1girl arm_armor arm_at_side black_sleeves black_thighhighs blue_eyes blue_fire breasts cleavage closed_mouth detached_sleeves dual_wielding earrings feet_out_of_frame fire halterneck hand_up holding holding_sword holding_weapon japanese_clothes jewelry katana kimono leaf_earrings leaf_print legs_apart long_sidelocks long_sleeves looking_at_viewer magatama maple_leaf_print obi obijime off_shoulder over_shoulder overskirt parted_bangs pink_hair ponytail purple_kimono red_fire red_sash red_skirt sash sheath short_hair_with_long_locks short_kimono short_ponytail sidelocks single_sidelock skirt sleeveless sleeveless_kimono sleeves_past_wrists smile solo standing sweater_guard sword thighhighs tree unsheathed weapon weapon_over_shoulder wide_ponytail,game_asset official_art third-party_source variant_set
miyamoto_musashi_(swimsuit_berserker)_(fate),legacy_appearance_pack,,True,needs_source_or_visual_review,1,6,8635086,miyamoto_musashi_(fate),supplemental search,game_mirror,https://apps.atlasacademy.io/db/JP/craft-essence/1655/assets,https://danbooru.donmai.us/posts/8635086,pink_hair blue_eyes dress brown_thighhighs boots hair_bun long_hair,miyamoto_musashi_(swimsuit_berserker)_(fate),miyamoto_musashi_(dream_portrait)_(fate) miyamoto_musashi_(fate) miyamoto_musashi_(swimsuit_berserker)_(fate),1girl asymmetrical_footwear blue_eyes blue_sky boots breasts brown_thighhighs bun_cover chinese_clothes cleavage_cutout clothing_cutout day dress earrings hair_bun hair_ribbon jewelry kanshou_&_bakuya_(fate) large_breasts long_hair outdoors pelvic_curtain piercing pink_hair qipao ribbon s_i_n_(fate/grand_order) single_side_bun sky smile solo swept_bangs sword tan thighhighs weapon,commentary official_art third-party_source
miyamoto_musashi_(swimsuit_berserker)_(first_ascension)_(fate),legacy_appearance_pack,,True,candidate,2,21,9204323,miyamoto_musashi_(fate),First Ascension,game_asset,https://apps.atlasacademy.io/db/JP/servant/261/assets,https://danbooru.donmai.us/posts/9204323,pink_hair blue_eyes black_one-piece_swimsuit highleg_one-piece_swimsuit hair_bun,miyamoto_musashi_(swimsuit_berserker)_(first_ascension)_(fate),miyamoto_musashi_(fate) miyamoto_musashi_(swimsuit_berserker)_(fate) miyamoto_musashi_(swimsuit_berserker)_(first_ascension)_(fate),1girl ass_visible_through_thighs bare_arms bare_legs bare_shoulders beach black_one-piece_swimsuit black_ribbon black_sandals blue_eyes blue_sky breasts bun_cover cleavage closed_mouth cloud collarbone contrapposto dual_wielding full_body groin hair_bun hand_up highleg highleg_one-piece_swimsuit holding holding_sword holding_weapon horizon large_breasts looking_to_the_side ocean one-piece_swimsuit outdoors pink_hair ribbon sand sandals short_hair_with_long_locks single_side_bun single_sidelock sky smile solo standing swept_bangs swimsuit sword toes toy_sword v-shaped_eyebrows weapon wristband,game_asset official_art third-party_source variant_set
miyamoto_musashi_(swimsuit_berserker)_(second_ascension)_(fate),legacy_appearance_pack,,True,candidate,7,21,9204324,miyamoto_musashi_(fate),Second Ascension,game_asset,https://apps.atlasacademy.io/db/JP/servant/261/assets,https://danbooru.donmai.us/posts/9204324,pink_hair blue_eyes american_flag_bikini blue_bikini swimsuit asymmetrical_gloves black_thighhighs brown_boots hair_bun,miyamoto_musashi_(swimsuit_berserker)_(second_ascension)_(fate),miyamoto_musashi_(fate) miyamoto_musashi_(swimsuit_berserker)_(fate) miyamoto_musashi_(swimsuit_berserker)_(second_ascension)_(fate),1girl :d ;d american_flag american_flag_bikini american_flag_legwear american_flag_print ass_visible_through_thighs asymmetrical_gloves asymmetrical_legwear belt bikini black_thighhighs blue_bikini blue_eyes blue_ribbon blue_sky blue_thighhighs boots breasts brown_belt brown_boots brown_gloves bun_cover canyon cleavage cloud collared_shrug cross-laced_clothes cross-laced_gloves dual_wielding elbow_gloves fingerless_gloves flag_print flag_print_bikini front-tie_bikini_top front-tie_top full_body gloves gunblade hair_bun hand_up high_collar holding holding_sword holding_weapon horizon lace-up_boots large_breasts legs_apart long_sleeves looking_to_the_side mismatched_legwear mismatched_thighhighs navel one_eye_closed open_mouth outdoors pink_hair print_bikini print_thighhighs red_bikini red_thighhighs ribbon short_hair_with_long_locks shrug_(clothing) sideboob single_side_bun single_sidelock skindentation sky smile solo standing swept_bangs swimsuit sword thigh_boots thigh_strap thighhighs triangle_bikini_top underboob uneven_gloves unsheathed v-shaped_eyebrows weapon,game_asset official_art third-party_source variant_set weapon_request
miyamoto_musashi_(swimsuit_berserker)_(third_ascension)_(fate),legacy_appearance_pack,,True,candidate,3,21,9204325,miyamoto_musashi_(fate),Third Ascension,game_asset,https://apps.atlasacademy.io/db/JP/servant/261/assets,https://danbooru.donmai.us/posts/9204325,pink_hair blue_eyes highleg_one-piece_swimsuit purple_one-piece_swimsuit blue_thighhighs hair_bun,miyamoto_musashi_(swimsuit_berserker)_(third_ascension)_(fate),miyamoto_musashi_(fate) miyamoto_musashi_(swimsuit_berserker)_(fate) miyamoto_musashi_(swimsuit_berserker)_(third_ascension)_(fate),1girl ass_visible_through_thighs black_ribbon blue_eyes blue_thighhighs breasts bun_cover cleavage cleavage_cutout closed_mouth clothing_cutout cloud contrapposto criss-cross_halter detached_sleeves feet_out_of_frame fur_trim groin hair_bun halterneck hand_up highleg highleg_one-piece_swimsuit holding holding_sword holding_weapon huge_weapon large_breasts long_sleeves looking_to_the_side one-piece_swimsuit orb pink_hair purple_background purple_one-piece_swimsuit ribbon short_hair_with_long_locks side-tie_one-piece_swimsuit single_side_bun single_sidelock smile solo standing swept_bangs swimsuit sword thighhighs toes torii two-tone_one-piece_swimsuit v-shaped_eyebrows weapon white_one-piece_swimsuit wide_sleeves,game_asset official_art third-party_source variant_set
miyamoto_musashi_(third_ascension)_(fate),legacy_appearance_pack,,True,candidate,5,21,9149157,miyamoto_musashi_(fate),Third Ascension,game_asset,https://apps.atlasacademy.io/db/JP/servant/153/assets,https://danbooru.donmai.us/posts/9149157,pink_hair blue_eyes purple_dress short_dress red_skirt black_thighhighs red_boots ponytail,miyamoto_musashi_(third_ascension)_(fate),miyamoto_musashi_(fate) miyamoto_musashi_(third_ascension)_(fate),1girl arm_at_side black_thighhighs blue_eyes boots breasts cleavage closed_mouth clothing_cutout detached_sleeves dress dual_wielding earrings feet_out_of_frame fire green_fire halterneck hand_up holding holding_sword holding_weapon japanese_clothes jewelry katana lace_trim leaf_earrings leaf_print legs_apart long_sidelocks long_sleeves looking_at_viewer low_neckline magatama maple_leaf_print navel navel_cutout obi over_shoulder overskirt parted_bangs pink_hair ponytail purple_dress purple_sleeves red_boots red_fire red_sash red_skirt sash sheath sheathed short_dress short_hair_with_long_locks short_ponytail sidelocks single_sidelock skirt sleeves_past_wrists smile solo standing strapless sword thighhighs tree unsheathed weapon weapon_over_shoulder wide_ponytail wide_sleeves,game_asset official_art third-party_source variant_set
miyu_edelfelt,female_servant+danbooru_tag+legacy_appearance_pack,306000+504100,True,needs_source_or_visual_review,1,3,9814547,miyu_edelfelt,supplemental search,source_unverified,https://twitter.com/hiroshi_/status/1957091405215719486,https://danbooru.donmai.us/posts/9814547,black_hair brown_eyes white_kimono long_hair,miyu_edelfelt,miyu_edelfelt,1girl black_hair breasts brown_eyes full_body japanese_clothes kimono long_hair long_sleeves looking_at_viewer shiroshouzoku small_breasts solo white_kimono wide_sleeves,commentary_request official_art
mochizuki_chiyome_(fate),female_servant+danbooru_tag,602900,True,no_exact_tagged_post,0,,,,,,,,,,,,
mordred_(fate),female_servant+danbooru_tag+legacy_appearance_pack,100900+402400,True,needs_source_or_visual_review,1,3,7402743,mordred_(fate),supplemental search,source_unverified,https://twitter.com/saberchankawaii/status/1774747435983888478,https://danbooru.donmai.us/posts/7402743,green_eyes soccer_uniform white_shirt white_shorts white_socks ponytail long_hair,mordred_(fate),mordred_(fate),1girl chibi fang green_eyes index_finger_raised kneehighs long_hair looking_at_viewer open_mouth pointing pointing_to_the_side ponytail running shirt short_sleeves shorts simple_background smile soccer_uniform socks solo sportswear sweat white_background white_shirt white_shorts white_socks,commentary official_art
mordred_(fate/apocrypha),legacy_appearance_pack,,True,redundant_alias,0,,,,,,,,,,,,
mordred_(memories_at_trifas)_(fate),legacy_appearance_pack,,True,candidate,3,13,3844613,mordred_(memories_at_trifas)_(fate),,game_mirror,https://apps.atlasacademy.io/db/JP/servant/76/assets,https://danbooru.donmai.us/posts/3844613,blonde_hair green_eyes denim_shorts micro_shorts ponytail short_hair,mordred_(memories_at_trifas)_(fate),mordred_(fate) mordred_(memories_at_trifas)_(fate),1girl arm_support bandeau bare_arms bare_legs bare_shoulders blonde_hair breasts car cat chevrolet chevrolet_corvette chevrolet_corvette_c1 cutoffs denim denim_shorts green_eyes hair_ornament hair_scrunchie head_tilt jewelry leaning_forward micro_shorts midriff motor_vehicle navel necklace on_car outdoors parted_lips ponytail red_scrunchie revealing_clothes scrunchie short_hair short_ponytail shorts small_breasts solo stomach thighs tree,official_art third-party_source variant_set
mordred_(swimsuit_rider)_(fate),legacy_appearance_pack,,True,candidate,3,16,9143422,mordred_(fate),Swimsuit Rider (Second Ascension),game_asset,https://apps.atlasacademy.io/db/JP/servant/132/assets,https://danbooru.donmai.us/posts/9143422,blonde_hair green_eyes sailor_dress short_dress bikini swimsuit blue_bowtie blue_sailor_collar braid ponytail,mordred_(swimsuit_rider)_(fate),mordred_(fate) mordred_(swimsuit_rider)_(fate) mordred_(swimsuit_rider)_(second_ascension)_(fate),1girl ass_visible_through_thighs beach bikini bikini_under_clothes blonde_hair blue_bow blue_bowtie blue_sailor_collar blue_sky bow bowtie bracelet braid breasts closed_mouth cloud collarbone cowboy_shot dress green_eyes hair_ornament hair_scrunchie holding holding_behind_back holding_surfboard jewelry long_sleeves looking_at_viewer medium_hair ocean outdoors palm_tree parted_bangs ponytail prydwen_(fate) red_scrunchie sailor_collar sailor_dress scrunchie short_dress sidelocks sky small_breasts smile solo standing surfboard swimsuit tan tied_dress tree v-shaped_eyebrows white_dress,game_asset official_art third-party_source variant_set
mordred_(swimsuit_rider)_(first_ascension)_(fate),legacy_appearance_pack,,True,candidate,6,9,9143424,mordred_(fate),supplemental search,game_asset,https://apps.atlasacademy.io/db/JP/servant/132/assets,https://danbooru.donmai.us/posts/9143424,blonde_hair green_eyes red_bikini swimsuit braid ponytail,mordred_(swimsuit_rider)_(first_ascension)_(fate),mordred_(fate) mordred_(swimsuit_rider)_(fate) mordred_(swimsuit_rider)_(first_ascension)_(fate),1girl :d ass bare_arms bare_legs bare_shoulders bikini blonde_hair blue_background bracelet braid breasts dynamic_pose front-tie_bikini_top front-tie_top full_body green_eyes hair_ornament hair_scrunchie halterneck hand_up jewelry lens_flare looking_at_viewer medium_hair navel ocean open_mouth outstretched_arm parted_bangs ponytail prydwen_(fate) red_bikini red_scrunchie scrunchie side-tie_bikini_bottom sidelocks small_breasts smile solo splashing surfboard surfing swimsuit tan v-shaped_eyebrows water,game_asset official_art third-party_source
mordred_(third_ascension)_(fate),legacy_appearance_pack,,True,candidate,4,16,9126454,mordred_(fate/apocrypha),[[Fate/Grand Order]][br][[mordred (third ascension) (fate)|Third Ascension]],game_asset,https://apps.atlasacademy.io/db/JP/servant/76/assets,https://danbooru.donmai.us/posts/9126454,blonde_hair green_eyes bikini_armor red_skirt black_thighhighs braid ponytail,mordred_(third_ascension)_(fate),mordred_(fate) mordred_(fate/apocrypha) mordred_(third_ascension)_(fate),1girl arm_at_side armor bandeau bare_shoulders bikini_armor black_thighhighs blonde_hair braid breasts clarent_(fate) clenched_hand closed_mouth collar detached_sleeves feet_out_of_frame green_eyes groin hair_ornament hair_scrunchie holding holding_sword holding_weapon juliet_sleeves legs_apart long_sleeves looking_at_viewer navel overcast pelvic_curtain ponytail puffy_sleeves red_bandeau red_collar red_scrunchie red_skirt red_sleeves scrunchie short_hair sidelocks skirt sky small_breasts smile solo standing strapless sword thighhighs underboob v-shaped_eyebrows weapon,game_asset official_art revision third-party_source variant_set
morgan_(fate),female_servant+danbooru_tag,704000,True,no_exact_tagged_post,0,,,,,,,,,,,,
morgan_le_fay_(fate),legacy_appearance_pack,,True,no_exact_tagged_post,0,,,,,,,,,,,,
morgan_le_fay_(first_ascension)_(fate),prior_reviewed_appearance_pack,,True,candidate,1,21,9229851,morgan_le_fay_(fate),First Ascension,game_asset,https://apps.atlasacademy.io/db/JP/servant/309/assets,https://danbooru.donmai.us/posts/9229851,white_hair blue_eyes black_dress long_dress white_skirt black_boots blue_choker thigh_boots braid ponytail,morgan_le_fay_(first_ascension)_(fate),morgan_le_fay_(fate) morgan_le_fay_(first_ascension)_(fate),1girl arm_at_side black_boots black_bow black_dress blue_background blue_bow blue_choker blue_eyes blue_theme boots bow braid breasts choker cleavage closed_mouth clothing_cutout dress expressionless floating_hair full_body gradient_hair hair_bow hand_up high_collar holding holding_polearm holding_weapon legs_apart long_dress long_hair long_sleeves looking_at_viewer medium_breasts multicolored_hair outstretched_arm overskirt pelvic_curtain polearm ponytail shrug_(clothing) sidelocks skirt sky sleeveless sleeveless_dress solo standing star_(sky) starry_sky stomach_cutout strapless strapless_dress tassel thigh_boots very_long_hair weapon white_hair white_shrug white_skirt wide_sleeves,game_asset official_art third-party_source variant_set
morgan_le_fay_(queen_of_winter)_(fate),legacy_appearance_pack,,True,candidate,2,16,9229854,morgan_le_fay_(queen_of_winter)_(fate),,game_asset,https://apps.atlasacademy.io/db/JP/servant/309/assets,https://danbooru.donmai.us/posts/9229854,blue_hair white_hair blue_eyes crown black_dress long_dress black_boots black_gloves high_heel_boots braid ponytail,morgan_le_fay_(queen_of_winter)_(fate),morgan_le_fay_(fate) morgan_le_fay_(queen_of_winter)_(fate),1girl arm_at_side black_boots black_crown black_dress black_gloves black_shrug black_veil blue_eyes blue_hair boots braid breasts cleavage closed_mouth clothing_cutout crown dress expressionless floating_hair full_body gloves gradient_hair halterneck hand_up high_heel_boots high_heels holding holding_polearm holding_weapon legs_apart long_dress long_hair long_sleeves looking_at_viewer medium_breasts multicolored_hair outstretched_arm pelvic_curtain polearm ponytail see-through_cleavage see-through_clothes see-through_veil shrug_(clothing) sidelocks sleeveless sleeveless_dress solo standing stole stomach_cutout thigh_boots veil very_long_hair weapon white_hair wide_ponytail wide_sleeves,game_asset official_art third-party_source variant_set
morgan_le_fay_(second_ascension)_(fate),legacy_appearance_pack,,True,candidate,3,22,7591341,morgan_le_fay_(fate),Second Ascension,game_asset,https://fate-go.us/watermonsterscrisis/,https://danbooru.donmai.us/posts/7591341,grey_hair blue_eyes black_dress two-tone_dress blue_choker boots braid ponytail,morgan_le_fay_(second_ascension)_(fate),morgan_le_fay_(fate) morgan_le_fay_(second_ascension)_(fate),1girl black_bow black_dress blue_choker blue_eyes boots bow braid breasts center_opening choker cleavage clothing_cutout dress drop_shadow grey_hair hair_bow half_up_braid long_hair long_sleeves looking_at_viewer medium_breasts navel ponytail sidelocks solo stomach_cutout transparent_background two-tone_dress very_long_hair,game_asset highres official_art
morgan_le_fay_(third_ascension)_(fate),legacy_appearance_pack,,True,candidate,3,21,9229853,morgan_le_fay_(fate),Third Ascension,game_asset,https://apps.atlasacademy.io/db/JP/servant/309/assets,https://danbooru.donmai.us/posts/9229853,blue_hair white_hair blue_eyes tiara black_dress long_dress black_boots high_heel_boots braid ponytail,morgan_le_fay_(third_ascension)_(fate),morgan_le_fay_(fate) morgan_le_fay_(third_ascension)_(fate),1girl arm_at_side black_boots black_bow black_dress black_tiara blue_bow blue_eyes blue_hair blue_tattoo boots bow braid breasts cleavage closed_mouth clothing_cutout dress expressionless floating_hair full_body gradient_hair hair_bow halterneck hand_up high_heel_boots high_heels holding holding_polearm holding_weapon legs_apart long_dress long_hair long_sleeves looking_at_viewer medium_breasts multicolored_hair navel outstretched_arm pelvic_curtain polearm ponytail pubic_tattoo shrug_(clothing) sidelocks sleeveless sleeveless_dress solo spikes standing stomach_cutout tattoo thigh_boots tiara very_long_hair weapon white_hair white_shrug wide_ponytail wide_sleeves,game_asset official_art third-party_source variant_set
morgan_le_fay_(water_princess)_(fate),legacy_appearance_pack,,True,candidate,2,14,6601646,morgan_le_fay_(water_princess)_(fate),,game_asset,https://static.atlasacademy.io/JP/Image/cut493_mrc00/cut493_mrc00.png,https://danbooru.donmai.us/posts/6601646,blue_hair white_hair blue_eyes white_bikini swimsuit long_skirt white_skirt red_necktie braid very_long_hair,morgan_le_fay_(water_princess)_(fate),morgan_le_fay_(fate) morgan_le_fay_(water_princess)_(fate),1girl barefoot bikini blue_eyes blue_hair blue_nails braid breasts detached_sleeves floating floating_object full_body gold_trim hair_ornament long_hair long_skirt medium_breasts necktie red_necktie skirt stomach_tattoo swimsuit tattoo tiptoes twin_braids very_long_hair white_bikini white_hair white_skirt,bad_link game_asset highres official_art third-party_source
murasaki_shikibu_(fate),female_servant+danbooru_tag+legacy_appearance_pack,404100+504200,True,needs_source_or_visual_review,1,3,3779924,murasaki_shikibu_(fate),supplemental search,source_unverified,https://twitter.com/raita_z/status/1226799088261201921,https://danbooru.donmai.us/posts/3779924,turtleneck_sweater hair_bun,murasaki_shikibu_(fate),murasaki_shikibu_(fate),1girl alternate_hairstyle breasts curly_hair double_bun greyscale hair_bun large_breasts monochrome petals sketch solo sweater tea turtleneck turtleneck_sweater white_background,commentary official_art
murasaki_shikibu_(first_ascension)_(fate),legacy_appearance_pack,,True,candidate,5,21,9195581,murasaki_shikibu_(fate),First Ascension,game_asset,https://apps.atlasacademy.io/db/JP/servant/237/assets,https://danbooru.donmai.us/posts/9195581,brown_hair purple_eyes black_dress frilled_dress black_corset hair_bun very_long_hair,murasaki_shikibu_(first_ascension)_(fate),murasaki_shikibu_(fate) murasaki_shikibu_(first_ascension)_(fate),1girl bag black_corset black_dress black_umbrella breasts brown_hair center-flap_bangs corset double_bun dress floating_hair frilled_dress frills full_body hair_between_eyes hair_bun hair_ornament handbag hands_up high_collar holding holding_umbrella juliet_sleeves large_breasts layered_sleeves long_dress long_hair long_sleeves looking_at_viewer parasol parted_lips puffy_sleeves purple_eyes sleeves_past_wrists solo standing umbrella underbust very_long_hair wide_sleeves,game_asset official_art third-party_source variant_set
mysterious_alter_ego_λ_(fate),female_servant_official_name,304000,False,official_name_without_tag,0,,,,,,,,,,,,
mysterious_executor_c_i_e_l_(fate),female_servant_official_name,2300900,False,official_name_without_tag,0,,,,,,,,,,,,
mysterious_heroine_x_(fate),female_servant+danbooru_tag+legacy_appearance_pack,601800,True,no_exact_tagged_post,0,,,,,,,,,,,,
mysterious_heroine_x_alter_(fate),female_servant+danbooru_tag+legacy_appearance_pack,702400,True,no_exact_tagged_post,0,,,,,,,,,,,,
mysterious_heroine_xx_(alter)_(fate),female_servant_official_name,2501600,False,official_name_without_tag,0,,,,,,,,,,,,
mysterious_heroine_xx_(fate),female_servant+danbooru_tag+legacy_appearance_pack,2500300,True,no_exact_tagged_post,0,,,,,,,,,,,,
mysterious_idol_x_(alter)_(fate),female_servant+danbooru_tag,2500800,True,no_exact_tagged_post,0,,,,,,,,,,,,
mysterious_ranmaru_x_(fate),legacy_appearance_pack,,True,candidate,1,16,9238691,mysterious_ranmaru_x_(fate),,game_asset,https://apps.atlasacademy.io/db/JP/servant/328/assets,https://danbooru.donmai.us/posts/9238691,black_hair grey_eyes black_dress collared_dress black_boots black_hat black_pantyhose short_necktie short_hair,mysterious_ranmaru_x_(fate),mysterious_ranmaru_x_(fate),1girl aiguillette arm_at_side belt belt_buckle black_belt black_boots black_dress black_hair black_hat black_pantyhose blue_dress blue_wrist_cuffs bob_cut boots buckle buttons chest_harness closed_mouth collared_dress crest double-breasted dress expressionless eyepatch family_crest feet_out_of_frame frilled_dress frills grey_eyes hair_over_one_eye hand_on_hilt hand_up harness hat high_collar huge_weapon katana layered_dress looking_at_viewer multicolored_dress necktie o-ring one_eye_covered pantyhose peaked_cap pink_dress sheath sheathed short_hair short_necktie short_sleeves solo sword weapon weapon_on_back wing_collar wrist_cuffs,game_asset official_art third-party_source
nagao_kagetora_(fate),female_servant+danbooru_tag+legacy_appearance_pack,303800,True,candidate,12,9,10777968,nagao_kagetora_(fate),supplemental search,game_asset,https://fate-go.us/gudaguda_goryoukaku/assets/images/mv_chara03.png,https://danbooru.donmai.us/posts/10777968,black_hair white_hair green_eyes japanese_armor shoulder_armor black_gloves thighhighs ponytail very_long_hair,nagao_kagetora_(fate),nagao_kagetora_(fate) uesugi_kenshin_(first_ascension)_(fate),1girl armor black_gloves black_hair breasts closed_mouth clothing_cutout full_body gloves green_eyes hip_vent holding holding_weapon japanese_armor japanese_clothes long_hair long_sleeves looking_at_viewer medium_breasts multicolored_hair outline outstretched_arm outstretched_hand partially_fingerless_gloves ponytail shoulder_armor sideless_outfit sidelocks simple_background smile sode solo standing streaked_hair tachi-e tassel thighhighs toes transparent_background two-tone_hair very_long_hair weapon white_hair white_outline white_sleeves wide_sleeves,game_asset official_art second-party_source third-party_source variant_set
nero_claudius_(bride)_(fate),female_servant+danbooru_tag+legacy_appearance_pack,100600,True,candidate,5,16,9127698,nero_claudius_(fate),Bride (Third Ascension),game_asset,https://apps.atlasacademy.io/db/JP/servant/90/assets,https://danbooru.donmai.us/posts/9127698,blonde_hair green_eyes strapless_leotard white_leotard showgirl_skirt white_skirt thigh_boots white_boots short_hair,nero_claudius_(bride)_(fate),nero_claudius_(bride)_(fate) nero_claudius_(bride)_(third_ascension)_(fate) nero_claudius_(fate),1girl aestus_estus ahoge belt blonde_hair boots bow breasts chain cleavage closed_mouth collar detached_sleeves full-length_zipper full_body gloves gold_belt gold_trim green_eyes hair_between_eyes hair_bow hair_intakes hand_on_own_hip hand_up head_tilt head_wreath holding holding_sword holding_weapon juliet_sleeves large_breasts leotard lock long_sleeves long_veil padlock padlocked_collar petals pink_petals puffy_sleeves shoes short_hair showgirl_skirt sidelocks skirt smile solo standing strapless strapless_leotard sword thigh_boots thigh_gap tree veil weapon white_boots white_bow white_collar white_gloves white_leotard white_shoes white_skirt white_sleeves white_veil wide_sleeves zipper zipper_pull_tab,game_asset official_art third-party_source variant_set
nero_claudius_(fate),female_servant+danbooru_tag+legacy_appearance_pack,100500+503200,True,no_exact_tagged_post,0,,,,,,,,,,,,
nero_claudius_(fate/extra),legacy_appearance_pack,,True,candidate,7,15,9106448,nero_claudius_(fate/extra),[[Fate/Grand Order]][br]Third Ascension,game_asset,https://apps.atlasacademy.io/db/JP/servant/5/assets,https://danbooru.donmai.us/posts/9106448,green_eyes gold_armor gradient_dress long_dress shoulder_armor red_jacket fur-trimmed_cape braid hair_bun,nero_claudius_(fate/extra),nero_claudius_(fate) nero_claudius_(fate/extra),1girl aestus_estus ahoge air_bubble armor asymmetrical_sleeves blue_background boots braid braided_base breasts bubble bun_with_braided_base cape cleavage closed_mouth dress epaulettes expressionless foot_out_of_frame frilled_sleeves frills fur-trimmed_cape fur_trim gauntlets gold_armor gold_boots gradient_clothes gradient_dress green_eyes hair_between_eyes hair_bun hair_intakes hair_ribbon high_collar holding holding_sword holding_weapon jacket juliet_sleeves laurel_crown legs_apart long_dress long_sleeves looking_at_viewer medium_breasts mismatched_sleeves outstretched_arm petals puffy_sleeves red_dress red_jacket red_petals red_ribbon ribbon rope see-through_clothes see-through_dress short_hair shoulder_armor side_cape sidelocks single_gauntlet single_hair_bun solo standing sword water weapon white_cape,game_asset official_art third-party_source variant_set
nero_claudius_(olympian_bloomers)_(fate),legacy_appearance_pack,,True,candidate,1,15,9106457,nero_claudius_(olympian_bloomers)_(fate),[[Fate/Grand Order]],game_asset,https://apps.atlasacademy.io/db/JP/servant/5/assets,https://danbooru.donmai.us/posts/9106457,gym_shirt white_shirt red_hairband braid hair_bun,nero_claudius_(olympian_bloomers)_(fate),nero_claudius_(fate) nero_claudius_(olympian_bloomers)_(fate),1girl :d ahoge blue_sky braid braided_base breasts bun_with_braided_base buruma character_name closed_eyes cloud cowboy_shot flag glint gold_medal gym_shirt hair_bun hair_intakes hairband happy holding holding_flag holding_medal large_breasts leaning_forward medal midriff_peek name_tag navel open_mouth outdoors pennant pinky_out red_buruma red_hairband round_teeth shirt short_hair short_sleeves sidelocks single_hair_bun sky smile solo standing string_of_flags teeth upper_teeth_only v-shaped_eyebrows white_shirt,game_asset official_art third-party_source
nero_claudius_(swimsuit_caster)_(fate),legacy_appearance_pack,,True,candidate,4,18,9158287,nero_claudius_(fate),Swimsuit Caster,game_mirror,https://apps.atlasacademy.io/db/JP/servant/175/assets,https://danbooru.donmai.us/posts/9158287,blonde_hair green_eyes red_bikini striped_bikini swimsuit twintails long_hair,nero_claudius_(swimsuit_caster)_(fate),nero_claudius_(fate) nero_claudius_(swimsuit_caster)_(fate),1girl aestus_estus ahoge anklet armpits bare_arms bare_legs bare_shoulders beach bead_anklet bead_bracelet beads bikini blonde_hair blue_sky bracelet breasts cameltoe cleavage closed_mouth cloud contrapposto criss-cross_halter day earrings full_body green_eyes groin hair_between_eyes hair_intakes halterneck hand_on_hilt hand_up holding holding_sword holding_weapon horizon jewelry large_breasts lens_flare long_hair looking_at_viewer multicolored_bikini multiple_bracelets narrow_waist navel ocean outdoors outstretched_arm platform_sandals red_bikini red_sandals sand sandals side-tie_bikini_bottom sideboob sidelocks sky sling_bikini_top smile solo striped_bikini striped_clothes swimsuit sword twintails two-tone_bikini water weapon,official_art third-party_source variant_set
nezha_(fate),female_servant+danbooru_tag,303100,True,candidate,2,6,9166528,nezha_(fate),supplemental search,game_mirror,https://apps.atlasacademy.io/db/JP/servant/193/assets,https://danbooru.donmai.us/posts/9166528,brown_hair brown_eyes brown_dress short_dress black_boots fishnet_pantyhose thigh_boots twintails short_hair,nezha_(fate),nezha_(fate),1girl ahoge bangle black_boots blue_sky boots bracelet breasts brown_dress brown_eyes brown_hair chinese_clothes cleavage cleavage_cutout closed_mouth clothing_cutout cowboy_shot curtained_hair dress expressionless facial_mark fishnet_pantyhose fishnets forehead_mark gold_thighlet hair_ornament hair_scrunchie holding holding_polearm holding_weapon jewelry leg_up looking_at_viewer mandarin_collar mountain pantyhose pelvic_curtain polearm qipao red_scrunchie scrunchie short_dress short_hair short_sleeves side_cutout side_slit sidelocks sky small_breasts solo spear thigh_boots thighlet twintails weapon,official_art third-party_source variant_set
nine-tattoo_dragon_elisa_(fate),female_servant_official_name,2800400,False,official_name_without_tag,0,,,,,,,,,,,,
nitocris_(caster)_(fate),legacy_appearance_pack,,True,candidate,2,13,2662496,nitocris_(fate),Caster (Second Ascension),game_mirror,https://apps.atlasacademy.io/db/JP/servant/120/assets,https://danbooru.donmai.us/posts/2662496,purple_hair purple_eyes animal_ears very_long_hair,nitocris_(caster)_(fate),nitocris_(caster)_(fate) nitocris_(fate),1girl absurdly_long_hair animal_ears breasts closed_mouth dark-skinned_female dark_skin earrings hair_between_eyes hand_on_own_hip headband holding holding_staff jackal_ears jewelry long_hair looking_at_viewer low-tied_long_hair midriff navel purple_eyes purple_hair sleeveless small_breasts smile solo staff standing stomach underwear very_long_hair,official_art photoshop_(medium) third-party_source variant_set
nitocris_(fate),female_servant+danbooru_tag+legacy_appearance_pack,501200+602800,True,needs_source_or_visual_review,1,3,3737600,nitocris_(fate),supplemental search,source_unverified,https://typemoon.com/news/2020/wlXNo6,https://danbooru.donmai.us/posts/3737600,purple_hair purple_eyes animal_ears pink_kimono print_kimono,nitocris_(fate),medjed_(fate) nitocris_(fate),1girl 2020 animal_ears chinese_zodiac dark-skinned_female dark_skin earrings facepaint facial_mark food food_on_head fruit fruit_on_head happy_new_year jackal_ears japanese_clothes jewelry kagami_mochi kimono mandarin_orange mochi mouse_ears new_year obi object_on_head orange_(fruit) pink_kimono print_kimono purple_eyes purple_hair sanbou sash solo wide_sleeves year_of_the_rat yukata,official_art photoshop_(medium)
nitocris_(swimsuit_assassin)_(fate),legacy_appearance_pack,,True,candidate,6,16,8893895,nitocris_(fate),Swimsuit Assassin (First Ascension),game_asset,https://static.atlasacademy.io/JP/Image/cut115_ntc0/cut115_ntc0.png,https://danbooru.donmai.us/posts/8893895,purple_hair animal_ears very_long_hair,nitocris_(swimsuit_assassin)_(fate),medjed_(fate) nitocris_(fate) nitocris_(swimsuit_assassin)_(fate) nitocris_(swimsuit_assassin)_(first_ascension)_(fate),1girl <o>_<o> animal_ears barefoot cosplay dark-skinned_female dark_skin full_body ghost_costume hair_ornament jackal_ears long_hair low-tied_long_hair medjed_(fate)_(cosplay) purple_hair simple_background solo standing standing_on_one_leg tachi-e transparent_background under_covers very_long_hair,game_asset official_art third-party_source
nitocris_alter_(fate),female_servant_official_name+legacy_appearance_pack,1101500,True,no_exact_tagged_post,0,,,,,,,,,,,,
nursery_rhyme_(fate),female_servant+danbooru_tag+legacy_appearance_pack,500400,True,candidate,1,9,9123466,nursery_rhyme_(fate),supplemental search,game_asset,https://apps.atlasacademy.io/db/JP/servant/74/assets,https://danbooru.donmai.us/posts/9123466,white_hair pink_eyes black_dress short_dress black_bowtie black_hat pinstripe_bowtie braid very_long_hair,nursery_rhyme_(fate),nursery_rhyme_(fate),1girl black_bow black_bowtie black_dress black_hat black_skin bow bowtie braid child closed_mouth colored_extremities colored_skin doll_joints dot_mouth dot_nose dress feet_out_of_frame flower hair_bow hand_up hat hat_bow joints long_hair looking_to_the_side low_twin_braids mushroom pansy pink_eyes pinstripe_bowtie puffy_short_sleeves puffy_sleeves purple_flower purple_pansy red_flower red_rose rose short_dress short_sleeves solo standing twin_braids very_long_hair white_bow white_flower white_hair yellow_flower yellow_pansy,game_asset official_art third-party_source variant_set
nursery_rhyme_(third_ascension)_(fate),legacy_appearance_pack,,True,candidate,2,21,9123467,nursery_rhyme_(fate),Third Ascension,game_asset,https://apps.atlasacademy.io/db/JP/servant/74/assets,https://danbooru.donmai.us/posts/9123467,white_hair pink_eyes black_dress frilled_dress black_boots black_bowtie black_hat frilled_boots braid very_long_hair,nursery_rhyme_(third_ascension)_(fate),alice_(alice_in_wonderland) cheshire_cat_(alice_in_wonderland) nursery_rhyme_(fate) nursery_rhyme_(third_ascension)_(fate) white_rabbit_(alice_in_wonderland),1girl black_boots black_bow black_bowtie black_dress black_hat black_skin book boots bow bowtie braid capelet child closed_mouth colored_extremities colored_skin doll_joints dot_mouth dot_nose dress english_text feet_out_of_frame flower frilled_boots frilled_dress frills fur-trimmed_capelet fur_trim hat hat_bow holding holding_book joints layered_dress long_hair long_sleeves looking_to_the_side mushroom open_book pansy pink_eyes pinstripe_bowtie puffy_short_sleeves puffy_sleeves purple_flower purple_pansy red_flower red_rose rose short_dress short_sleeves solo standing twin_braids very_long_hair white_flower white_hair yellow_flower yellow_pansy,game_asset official_art third-party_source variant_set
oda_nobunaga_(fate),female_servant+danbooru_tag+legacy_appearance_pack,202400+702900,True,no_exact_tagged_post,0,,,,,,,,,,,,
oda_nobunaga_(koha-ace),legacy_appearance_pack,,True,candidate,9,13,6585937,oda_nobunaga_(fate),[[Oda Nobunaga (koha-ace)|]][br]Avenger,game_mirror,https://apps.atlasacademy.io/db/JP/servant/250/assets,https://danbooru.donmai.us/posts/6585937,red_eyes red_cape boots hat long_hair,oda_nobunaga_(koha-ace),oda_nobunaga_(fate) oda_nobunaga_(koha-ace),1girl boots cape closed_mouth hat long_hair looking_at_viewer red_background red_cape red_eyes solo sword weapon,official_art third-party_source
oda_nobunaga_(maou_avenger)_(fate),legacy_appearance_pack,,True,candidate,3,13,6585946,oda_nobunaga_(maou_avenger)_(fate),,game_mirror,https://apps.atlasacademy.io/db/JP/servant/250/assets,https://danbooru.donmai.us/posts/6585946,red_eyes red_cape very_long_hair,oda_nobunaga_(maou_avenger)_(fate),oda_nobunaga_(fate) oda_nobunaga_(maou_avenger)_(fate),1girl breasts cape long_hair looking_at_viewer medium_breasts red_background red_cape red_eyes solo sword very_long_hair weapon,official_art third-party_source
oda_nobunaga_(swimsuit_berserker)_(fate),legacy_appearance_pack,,True,candidate,2,13,6585969,oda_nobunaga_(fate),Swimsuit Berserker (Third Ascension),game_mirror,https://apps.atlasacademy.io/db/JP/servant/178/assets,https://danbooru.donmai.us/posts/6585969,red_hair red_eyes bikini swimsuit hat long_hair,oda_nobunaga_(swimsuit_berserker)_(fate),oda_nobunaga_(fate) oda_nobunaga_(swimsuit_berserker)_(fate) oda_nobunaga_(swimsuit_berserker)_(third_ascension)_(fate),1girl bikini breasts fire grin hat long_hair looking_at_viewer medium_breasts red_eyes red_hair red_sky sky smile solo swimsuit teeth weapon weaponized_instrument,official_art third-party_source variant_set
oda_nobunaga_(swimsuit_berserker)_(first_ascension)_(fate),legacy_appearance_pack,,True,candidate,2,18,6585960,oda_nobunaga_(swimsuit_berserker)_(fate),First Ascension,game_mirror,https://apps.atlasacademy.io/db/JP/servant/178/assets,https://danbooru.donmai.us/posts/6585960,brown_hair red_eyes red_jacket hat very_long_hair,oda_nobunaga_(swimsuit_berserker)_(first_ascension)_(fate),oda_nobunaga_(fate) oda_nobunaga_(swimsuit_berserker)_(fate) oda_nobunaga_(swimsuit_berserker)_(first_ascension)_(fate),1girl barefoot breasts brown_hair cloud cloudy_sky grin hat jacket long_hair looking_at_viewer red_eyes red_jacket sky smile solo teeth very_long_hair weapon weaponized_instrument,official_art third-party_source variant_set
okita_j_souji_(fate),female_servant_official_name,604000,False,official_name_without_tag,0,,,,,,,,,,,,
okita_souji_(fate),female_servant+danbooru_tag+legacy_appearance_pack,102700,True,candidate,6,9,9233928,okita_souji_(fate),supplemental search,game_asset,https://apps.atlasacademy.io/db/JP/servant/317/assets,https://danbooru.donmai.us/posts/9233928,orange_hair white_hair grey_eyes black_armor bow_bikini white_bikini swimsuit armored_skirt armored_boots ponytail very_long_hair,okita_souji_(fate),okita_souji_(fate) okita_souji_alter_(swimsuit_saber)_(fate) okita_souji_alter_(swimsuit_saber)_(third_ascension)_(fate),1girl ahoge armor armored_boots armored_skirt bikini black_armor black_boots black_sleeves blunt_ends boots bow bow_bikini breasts chinese_knot cleavage closed_mouth detached_sleeves diffraction_spikes front-tie_bikini_top front-tie_top frown glowing glowing_hair grey_eyes hair_between_eyes hair_ornament halterneck hand_up holding holding_shield holding_sword holding_weapon huge_weapon katana long_hair long_sleeves looking_at_viewer medium_breasts multi-strapped_bikini_bottom multi-strapped_bikini_top orange_hair platform_boots ponytail red_background sheath sheathed shield sidelocks solo standing swimsuit sword tassel underboob v-shaped_eyebrows very_long_hair weapon white_bikini white_hair wide_sleeves,game_asset official_art third-party_source
okita_souji_(first_ascension)_(fate),legacy_appearance_pack,,True,candidate,3,21,9123073,okita_souji_(fate),First Ascension,game_asset,https://apps.atlasacademy.io/db/JP/servant/68/assets,https://danbooru.donmai.us/posts/9123073,pink_hair grey_eyes pink_kimono hakama_skirt short_hair,okita_souji_(first_ascension)_(fate),okita_souji_(fate) okita_souji_(first_ascension)_(fate) okita_souji_(koha-ace),1girl ahoge black_bow black_sash bow breasts cherry_blossoms closed_mouth double-parted_bangs feet_out_of_frame grey_eyes hair_between_eyes hair_bow hakama hakama_skirt holding holding_sheath holding_sword holding_weapon japanese_clothes katana kimono legs_apart long_sleeves looking_at_viewer medium_breasts obi pink_hair pink_hakama pink_kimono sash sheath short_hair sidelocks skirt smile solo standing sword tree unsheathed weapon wide_sleeves,game_asset official_art third-party_source variant_set
okita_souji_(koha-ace),legacy_appearance_pack,,True,redundant_alias,0,,,,,,,,,,,,
okita_souji_(second_ascension)_(fate),legacy_appearance_pack,,True,candidate,7,21,9123074,okita_souji_(fate),Second Ascension,game_asset,https://apps.atlasacademy.io/db/JP/servant/68/assets,https://danbooru.donmai.us/posts/9123074,pink_hair grey_eyes japanese_armor leg_armor short_kimono sleeveless_kimono black_scarf black_thighhighs short_hair,okita_souji_(second_ascension)_(fate),okita_souji_(fate) okita_souji_(koha-ace) okita_souji_(second_ascension)_(fate),1girl >:( ahoge armor black_bow black_sash black_scarf black_sleeves black_thighhighs bow breasts closed_mouth detached_sleeves double-parted_bangs feet_out_of_frame frown grey_eyes hair_between_eyes hair_bow holding holding_sheath holding_sword holding_weapon japanese_armor japanese_clothes katana kimono leaf leg_armor legs_apart looking_at_viewer medium_breasts obiage obijime pink_hair sash scarf sheath short_hair short_kimono sidelocks sleeveless sleeveless_kimono solo standing sword thighhighs tree unsheathed v-shaped_eyebrows weapon white_kimono,game_asset official_art third-party_source variant_set
okita_souji_(third_ascension)_(fate),legacy_appearance_pack,,True,candidate,3,21,9123075,okita_souji_(fate),Third Ascension,game_asset,https://apps.atlasacademy.io/db/JP/servant/68/assets,https://danbooru.donmai.us/posts/9123075,pink_hair grey_eyes japanese_armor leg_armor short_kimono white_kimono black_scarf black_thighhighs short_hair,okita_souji_(third_ascension)_(fate),okita_souji_(fate) okita_souji_(koha-ace) okita_souji_(third_ascension)_(fate),1girl >:( ahoge aqua_haori armor black_bow black_sash black_scarf black_thighhighs bow breasts closed_mouth double-parted_bangs feet_out_of_frame frown grey_eyes hair_between_eyes hair_bow haori holding holding_sheath holding_sword holding_weapon japanese_armor japanese_clothes katana kimono leg_armor legs_apart long_sleeves looking_at_viewer medium_breasts obiage obijime pink_hair sash scarf sheath shinsengumi short_hair short_kimono sidelocks snow snowing solo standing sword thighhighs tree unsheathed v-shaped_eyebrows weapon white_background white_kimono wide_sleeves,game_asset official_art third-party_source variant_set
okita_souji_alter_(fate),legacy_appearance_pack,,True,no_exact_tagged_post,0,,,,,,,,,,,,
olga_marie_animusphere,legacy_appearance_pack,,True,candidate,1,9,11180644,olga_marie_animusphere,supplemental search,game_asset,https://static.atlasacademy.io/JP/Back/back276901_1344_626.png,https://danbooru.donmai.us/posts/11180644,dress braid long_hair,olga_marie_animusphere,olga_marie_animusphere,1girl braid closed_eyes dress full_body long_hair single_braid solo,game_asset official_art spoilers third-party_source
olga_marie_animusphere_(unbeast),legacy_appearance_pack,,True,candidate,4,21,11751727,olga_marie_animusphere,UnBeast,game_asset,https://static.atlasacademy.io/JP/CharaFigure/1098364200/1098364200.png,https://danbooru.donmai.us/posts/11751727,white_hair orange_eyes black_shorts fur-trimmed_coat white_skirt orange_gloves orange_pantyhose red_necktie braid very_long_hair,olga_marie_animusphere_(unbeast),olga_marie_animusphere olga_marie_animusphere_(unbeast),1girl ahoge black_ribbon black_shorts braid breasts coat coat_on_shoulders earrings full_body fur-trimmed_coat fur_trim gloves gold_trim hair_ribbon high_heels jewelry large_breasts long_hair long_sleeves looking_at_viewer necktie orange_eyes orange_gloves orange_pantyhose pantyhose red_necktie ribbon shoes shorts side_braid simple_background single_braid skirt solo tachi-e transparent_background very_long_hair white_hair white_shoes white_skirt,game_asset highres official_art third-party_source
ono-no-komachi_(fate),female_servant_official_name,205600+505800,False,official_name_without_tag,0,,,,,,,,,,,,
ortlinde_(fate),female_servant+danbooru_tag,604300,True,no_exact_tagged_post,0,,,,,,,,,,,,
oryou_(fate),legacy_appearance_pack,,True,no_exact_tagged_post,0,,,,,,,,,,,,
osakabehime_(fate),female_servant+danbooru_tag+legacy_appearance_pack,203600+603100,True,candidate,8,9,11984968,osakabehime_(fate),supplemental search,game_asset,https://static.atlasacademy.io/JP/Image/cut842_okh/cut842_okh.png,https://danbooru.donmai.us/posts/11984968,grey_hair red_eyes fox_ears fox_tail black_skirt pink_shirt loose_socks platform_shoes short_hair,osakabehime_(fate),kamehime_(fate) osakabehime_(fate),1girl animal_ear_fluff animal_ears bandaged_leg bandages black_skirt chaldea_nankai_dai_kessen character_bag clothing_cutout earrings eyepatch fox_ears fox_girl fox_shadow_puppet fox_tail full_body grey_hair hair_ribbon jewelry jirai_kei long_sleeves loose_bandages loose_socks pink_nails pink_shirt platform_shoes red_eyes ribbon shirt shoes short_hair simple_background skirt socks solo tachi-e tail thigh_strap transparent_background,game_asset highres official_art third-party_source
parvati_(fate),female_servant+danbooru_tag+legacy_appearance_pack,303000,True,candidate,2,6,9162141,parvati_(fate),supplemental search,game_mirror,https://apps.atlasacademy.io/db/JP/servant/183/assets,https://danbooru.donmai.us/posts/9162141,purple_hair purple_eyes homurabara_academy_school_uniform black_skirt collared_shirt white_shirt long_hair,parvati_(fate),parvati_(fate),1girl asymmetrical_bangs black_skirt blurry breasts brown_vest buttons closed_mouth collared_shirt cosplay earrings flower glint hair_ribbon hands_up holding holding_flower homurabara_academy_school_uniform jewelry large_breasts long_hair long_sidelocks long_sleeves looking_at_viewer lotus neck_ribbon no_pupils official_cosplay petals pink_background pink_flower pink_petals pink_ribbon purple_eyes purple_hair red_ribbon ribbon school_uniform shirt sidelocks skirt smile solo star_(symbol) star_in_eye symbol_in_eye upper_body vest white_shirt wing_collar,official_art third-party_source
passionlip_(fate),female_servant+danbooru_tag+legacy_appearance_pack,1000100+106300,True,candidate,5,9,9152304,passionlip_(fate),supplemental search,game_asset,https://apps.atlasacademy.io/db/JP/servant/164/assets,https://danbooru.donmai.us/posts/9152304,purple_hair pink_eyes black_shirt pink_skirt black_boots black_pantyhose high_heel_boots very_long_hair,passionlip_(fate),passionlip_(fate),1girl above-cleavage_cutout bare_shoulders black_boots black_pantyhose black_shirt boots breasts brown_collar claw_(weapon) cleavage clothing_cutout collar floating_hair full_body grid hair_ribbon high_heel_boots high_heels huge_breasts long_hair long_sidelocks looking_at_viewer mechanical_arms miniskirt o-ring pantyhose parted_lips pink_eyes pink_ribbon pink_skirt purple_hair ribbon see-through_cleavage see-through_clothes shirt shoulder_cutout sidelocks single_sidelock sitting skirt solo very_long_hair weapon,game_asset official_art third-party_source variant_set
passionlip_(swimsuit_saber)_(first_ascension)_(fate),legacy_appearance_pack,,True,candidate,8,17,9788030,passionlip_(fate),Swimsuit Saber (First Ascension),game_asset,https://www.fate-go.jp/special/2025-summer/assets/images/mv_servant_ssr.png,https://danbooru.donmai.us/posts/9788030,purple_hair pink_eyes bikini swimsuit pink_shirt hair_bun very_long_hair,passionlip_(swimsuit_saber)_(first_ascension)_(fate),passionlip_(fate) passionlip_(swimsuit_saber)_(first_ascension)_(fate),1girl bare_legs bikini bikini_bottom_only blush breasts claws cleavage clothing_cutout double_bun full_body giant_hand hair_bun hair_ribbon huge_breasts long_hair looking_at_viewer outline oversized_forearms oversized_limbs pink_background pink_eyes pink_ribbon pink_shirt purple_hair ribbon sandals shirt shoulder_cutout simple_background solo sparkle_background standing standing_on_one_leg swimsuit transparent_background two_side_up very_long_hair white_outline white_shirt zipper,game_asset highres official_art second-party_source
paul_bunyan_(fate),female_servant+danbooru_tag+legacy_appearance_pack,702800,True,candidate,5,9,8893881,paul_bunyan_(fate),supplemental search,game_asset,https://static.atlasacademy.io/JP/Image/cut365_pby00_full/cut365_pby00_full.png,https://danbooru.donmai.us/posts/8893881,blonde_hair yellow_eyes collared_coat collared_shirt green_coat pants green_hat boots short_hair,paul_bunyan_(fate),paul_bunyan_(fate),1girl axe beret blonde_hair boots coat collared_coat collared_shirt full_body gloves green_coat green_hat hat holding holding_axe long_sleeves looking_at_viewer pants shirt short_hair simple_background solo standing tachi-e transparent_background yellow_eyes,game_asset official_art third-party_source
paul_bunyan_(third_ascension)_(fate),legacy_appearance_pack,,True,candidate,2,18,9158154,paul_bunyan_(fate),Third Ascension,game_mirror,https://apps.atlasacademy.io/db/JP/servant/174/assets,https://danbooru.donmai.us/posts/9158154,blonde_hair orange_eyes overall_shorts black_boots straw_hat sun_hat short_hair,paul_bunyan_(third_ascension)_(fate),paul_bunyan_(fate) paul_bunyan_(third_ascension)_(fate),1girl arm_at_side armpits badge bare_arms bare_shoulders black_boots blonde_hair blue_overalls bob_cut boots button_badge chainsaw closed_mouth collarbone denim denim_overalls dot_nose eyelashes full_body hand_up hat holding holding_chainsaw leaf legs_apart looking_at_viewer mountain naked_overalls no_shirt orange_eyes outdoors overall_shorts overalls parted_bangs short_hair sideless_outfit solo standing straw_hat sun_hat tree_stump wind,official_art third-party_source variant_set
penthesilea_(fate),female_servant+danbooru_tag,702700,True,candidate,2,6,9157504,penthesilea_(fate),supplemental search,game_mirror,https://apps.atlasacademy.io/db/JP/servant/171/assets,https://danbooru.donmai.us/posts/9157504,white_hair brown_eyes bikini_armor black_shorts micro_shorts armored_boots armored_gloves black_gloves short_hair,penthesilea_(fate),penthesilea_(fate),1girl armor armored_boots armored_gloves ball_and_chain_(weapon) bare_shoulders belt bikini_armor black_collar black_gloves black_shorts blue_ribbon blunt_bangs boobplate boots breasts brown_belt brown_eyes cape chain clawed_gauntlets clenched_hands closed_mouth collar crop_top elbow_gloves embers expressionless feet_out_of_frame fingerless_gloves fur-trimmed_waist_cape fur_trim gloves glowing glowing_weapon goddess_of_war_(fate) groin hair_ribbon hair_tie holding holding_chain holding_weapon legs_apart looking_at_viewer medium_breasts micro_shorts purple_thighhighs red_cape ribbon short_hair shorts sidelocks sleeveless solo spiked_ball_and_chain spiked_boots spiked_gauntlets spikes standing stomach thighhighs underboob waist_cape weapon white_hair wing_collar,official_art third-party_source variant_set
phantas-moon,legacy_appearance_pack,,True,no_exact_tagged_post,0,,,,,,,,,,,,
phantasmoon_(fate),female_servant_official_name,2800900,False,official_name_without_tag,0,,,,,,,,,,,,
pollux_(fate),legacy_appearance_pack,,True,no_exact_tagged_post,0,,,,,,,,,,,,
pope_johanna_(fate),female_servant_official_name,901600,False,official_name_without_tag,0,,,,,,,,,,,,
prisma_illya,legacy_appearance_pack,,True,no_exact_tagged_post,0,,,,,,,,,,,,
qin_liangyu_(fate),female_servant+danbooru_tag+legacy_appearance_pack,303500,True,candidate,4,9,9193734,qin_liangyu_(fate),supplemental search,game_asset,https://apps.atlasacademy.io/db/JP/servant/228/assets,https://danbooru.donmai.us/posts/9193734,black_hair green_eyes impossible_bodysuit shoulder_armor white_bodysuit armored_gloves black_gloves white_capelet hair_bun short_hair,qin_liangyu_(fate),qin_liangyu_(fate),1girl :d armor armored_gloves ass_visible_through_thighs bangle black_gloves black_hair bodysuit bracelet breasts bun_cover capelet chinese_clothes cleavage covered_groin cowboy_shot double_bun dutch_angle elbow_gloves fingerless_gloves full_moon gloves green_eyes hair_between_eyes hair_bun hand_up high_collar impossible_bodysuit impossible_clothes jewelry legs_apart looking_at_viewer medium_breasts moon night open_mouth outstretched_arm short_hair shoulder_armor sidelocks sky smile solo standing teeth thighhighs upper_teeth_only white_bodysuit white_capelet white_thighhighs,game_asset official_art third-party_source
queen_draco_(fate),legacy_appearance_pack,,True,no_exact_tagged_post,0,,,,,,,,,,,,
queen_medb_(fate),female_servant_official_name,103400+401300,False,official_name_without_tag,0,,,,,,,,,,,,
queen_of_sheba_(fate),female_servant+danbooru_tag+legacy_appearance_pack,503400,True,candidate,5,6,2943293,queen_of_sheba_(fate),supplemental search,game_mirror,https://apps.atlasacademy.io/db/JP/servant/194/assets,https://danbooru.donmai.us/posts/2943293,purple_hair aqua_eyes horns animal_ears long_hair,queen_of_sheba_(fate),queen_of_sheba_(fate),1girl animal_ears aqua_eyes breasts bridal_gauntlets cleavage dark-skinned_female dark_skin ears_through_headwear finger_to_own_chin hood horns jewelry large_breasts long_hair looking_at_viewer navel open_mouth pillar purple_hair smile smoke solo stone_pillar,official_art third-party_source
quetzalcoatl_(fate),female_servant+danbooru_tag+legacy_appearance_pack,401800,True,candidate,6,9,9147833,quetzalcoatl_(fate),supplemental search,game_asset,https://apps.atlasacademy.io/db/JP/servant/144/assets,https://danbooru.donmai.us/posts/9147833,blonde_hair green_eyes knee_armor red_skirt blue_cape gold_choker headdress long_hair,quetzalcoatl_(fate),quetzalcoatl_(fate),1girl armlet ass aztec aztec_clothes blonde_hair blue_cape blue_sash bracer breasts butt_crack cape chin_piercing closed_mouth colored_eyelashes curtained_hair earrings expressionless face_piercing feathers fringe_trim from_above from_behind full_body gold_armlet gold_choker gold_earrings green_eyes hair_tie hands_on_hilt headband headdress holding holding_weapon jewelry knee_armor light_particles lips long_hair looking_at_viewer looking_back looking_up low-tied_long_hair low-tied_sidelocks macuahuitl median_furrow no_shirt no_socks orange_headband pelvic_curtain piercing planted_club poncho red_skirt sandals sash shield sideboob sidelocks skirt solo toes weapon wind,game_asset official_art third-party_source
quetzalcoatl_(samba_santa)_(fate),female_servant+danbooru_tag,900700,True,no_exact_tagged_post,0,,,,,,,,,,,,
reines_el-melloi_archisorte,legacy_appearance_pack,,True,candidate,1,9,9199290,reines_el-melloi_archisorte,supplemental search,game_asset,https://apps.atlasacademy.io/db/JP/servant/241/assets,https://danbooru.donmai.us/posts/9199290,blonde_hair blue_eyes blue_dress short_dress cropped_jacket fur-trimmed_jacket black_hat black_pantyhose very_long_hair,reines_el-melloi_archisorte,reines_el-melloi_archisorte,1girl beret black_collar black_hat black_pantyhose blonde_hair blue_dress blue_eyes blue_shawl blunt_ends boots breasts brown_boots brown_gloves closed_mouth collar cropped_jacket dress expressionless feet_out_of_frame fur-trimmed_jacket fur_collar fur_trim gloves hand_up hat jacket long_hair long_sidelocks long_sleeves looking_at_viewer mini_hat pantyhose shawl short_dress sidelocks small_breasts solo standing straight_hair v-shaped_eyebrows very_long_hair,game_asset official_art third-party_source variant_set
ryougi_shiki,female_servant+danbooru_tag+legacy_appearance_pack,102800+602300,True,candidate,21,9,9804102,ryougi_shiki,supplemental search,game_asset,https://apps.atlasacademy.io/db/JP/servant/448/assets,https://danbooru.donmai.us/posts/9804102,brown_hair blue_eyes black_leotard black_bowtie black_gloves black_pantyhose very_long_hair,ryougi_shiki,ryougi_shiki void_shiki void_shiki_(swimsuit_mooncancer),1girl animal arm_up belt black_belt black_bow black_bowtie black_cat black_gloves black_leotard black_pantyhose black_sandals blue_eyes bow bowtie breasts brown_hair cat closed_mouth curtained_hair dagger dynamic_pose full_moon gloves glowing glowing_eyes hagoromo katana knife leotard long_hair long_sleeves looking_at_viewer medium_breasts moon pantyhose platform_sandals playboy_bunny sandals shawl shrug_(clothing) smile solo sword very_long_hair weapon white_shrug wide_sleeves,game_asset official_art third-party_source
saber_alter,legacy_appearance_pack,,True,no_exact_tagged_post,0,,,,,,,,,,,,
saber_lily,legacy_appearance_pack,,True,no_exact_tagged_post,0,,,,,,,,,,,,
saika_magoichi_(fate),female_servant+danbooru_tag,205200,True,candidate,3,9,9286593,saika_magoichi_(fate),supplemental search,game_asset,https://apps.atlasacademy.io/db/JP/servant/399/assets,https://danbooru.donmai.us/posts/9286593,white_hair blue_eyes japanese_armor black_coat hakama_skirt open_coat fingerless_gloves grey_gloves long_hair,saika_magoichi_(fate),saika_magoichi_(fate),1girl armor belt belt_buckle black_coat blue_eyes bright_pupils brown_belt buckle buttons cape closed_mouth coat eating feather_hair_ornament feathers feet_out_of_frame fingerless_gloves food gloves grey_gloves hair_between_eyes hair_ornament hakama hakama_skirt hands_up high_collar holding holding_food japanese_armor japanese_clothes kote kurokote long_hair looking_at_viewer looking_to_the_side onigiri open_clothes open_coat outdoors red_cape sidelocks skirt solo torn_cape torn_clothes wavy_mouth white_hair white_hakama white_pupils,game_asset official_art third-party_source
salome_(fate),female_servant+danbooru_tag,703400,True,candidate,3,9,9204199,salome_(fate),supplemental search,game_asset,https://apps.atlasacademy.io/db/JP/servant/260/assets,https://danbooru.donmai.us/posts/9204199,green_hair purple_eyes red_skirt showgirl_skirt braid,salome_(fate),salome_(fate),1girl bare_shoulders black_collar blue_fire bra braid breasts breasts_apart closed_mouth collar detached_leggings detached_sleeves fingernails fire full_body gold_sandals green_hair halterneck hand_up jewelry knee_up large_breasts leggings lips long_sleeves long_veil looking_at_viewer mirror navel outstretched_arm petals puffy_sleeves purple_eyes purple_nails red_bra red_leggings red_petals red_skirt red_sleeves red_veil sandals short_hair_with_long_locks showgirl_skirt sideboob sitting skirt skull smile solo stomach toenails turtleneck underwear veil,game_asset official_art third-party_source variant_set
scathach-skadi_(fate),female_servant+danbooru_tag+legacy_appearance_pack,503900+901400,True,no_exact_tagged_post,0,,,,,,,,,,,,
scathach_(fate),female_servant+danbooru_tag+legacy_appearance_pack,301300+602400,True,needs_source_or_visual_review,3,3,4534701,scathach_(fate),supplemental search,source_unverified,https://www.twitter.com/kousaki_r/status/948912639882674176,https://danbooru.donmai.us/posts/4534701,red_hair red_eyes black_jacket black_hat white_gloves long_hair,scathach_(fate),scathach_(fate),1girl ascot black_ascot black_hat black_jacket blurry blurry_background closed_mouth depth_of_field floating_hair gloves hair_between_eyes hand_on_headwear hand_up hat jacket long_hair long_sleeves looking_at_viewer peaked_cap pinky_out red_eyes red_hair solo white_gloves,commentary_request official_art
scathach_(lancer)_(fate),legacy_appearance_pack,,True,candidate,2,21,9123129,scathach_(fate),Lancer,game_asset,https://apps.atlasacademy.io/db/JP/servant/70/assets,https://danbooru.donmai.us/posts/9123129,purple_hair red_eyes black_bodysuit shoulder_armor very_long_hair,scathach_(lancer)_(fate),scathach_(fate) scathach_(lancer)_(fate),1girl armor black_bodysuit bodysuit breasts closed_mouth expressionless feet_out_of_frame gae_bolg_(fate) hair_between_eyes hair_intakes holding holding_polearm holding_weapon lightning_background long_hair looking_at_viewer medium_breasts polearm purple_background purple_bodysuit purple_hair red_eyes shoulder_armor sidelocks solo very_long_hair weapon,game_asset official_art third-party_source variant_set
scathach_(loungewear_mode)_(fate),legacy_appearance_pack,,True,needs_source_or_visual_review,3,9,7399927,scathach_(loungewear_mode)_(fate),[[Id (fate/grand order)|]],source_unverified,https://twitter.com/k_hiroriro/status/1774471972585603473,https://danbooru.donmai.us/posts/7399927,purple_hair red_eyes sweater_dress off-shoulder_sweater white_sweater pantyhose long_hair,scathach_(loungewear_mode)_(fate),scathach_(fate) scathach_(loungewear_mode)_(fate),1girl bare_shoulders breasts dress full_body large_breasts long_hair long_sleeves looking_at_viewer off-shoulder_sweater off_shoulder pantyhose purple_hair red_eyes simple_background solo sweater sweater_dress transparent_background white_sweater,commentary_request official_art
scathach_(piercing_bunny)_(fate),legacy_appearance_pack,,True,candidate,3,12,4618106,scathach_(piercing_bunny)_(fate),[[Fate/Grand Order]],game_mirror,https://apps.atlasacademy.io/db/JP/servant/70/assets,https://danbooru.donmai.us/posts/4618106,purple_hair red_eyes rabbit_ears tail black_leotard purple_bodysuit side-tie_leotard fishnet_pantyhose purple_shoes bowtie long_hair,scathach_(piercing_bunny)_(fate),scathach_(fate) scathach_(piercing_bunny)_(fate),1girl animal_ears armpits black_leotard bodysuit bow bowtie breasts closed_mouth detached_collar fake_animal_ears fake_tail fishnet_pantyhose fishnets frilled_thigh_strap gae_bolg_(fate) large_breasts legs leotard long_hair looking_at_viewer official_alternate_costume pantyhose playboy_bunny polearm purple_bodysuit purple_hair purple_shoes rabbit_ears red_eyes shoes side-tie_leotard solo spear strapless strapless_leotard tail thigh_strap thighs weapon wrist_cuffs,official_art third-party_source
scathach_(swimsuit_assassin)_(fate),legacy_appearance_pack,,True,candidate,3,14,4496259,scathach_(fate),Swimsuit Assassin,source_unverified,https://static.wikia.nocookie.net/typemoon/images/9/9d/AssassinScathachStage1.png/,https://danbooru.donmai.us/posts/4496259,purple_hair red_eyes bikini swimsuit bikini_skirt purple_sarong long_hair,scathach_(swimsuit_assassin)_(fate),scathach_(fate) scathach_(swimsuit_assassin)_(fate),1girl anklet beach bikini bikini_skirt bracelet breasts cleavage dagger feet flower full_body hair_flower hair_ornament hibiscus holding_own_skirt jewelry knife large_breasts long_hair looking_at_viewer navel outdoors purple_hair purple_sarong red_eyes red_flower sandals sarong see-through_clothes solo swimsuit transparent_background weapon weapon_in_garters,highres official_art third-party_source
scathach_(third_ascension)_(fate),legacy_appearance_pack,,True,candidate,3,21,9123130,scathach_(lancer)_(fate),Third Ascension,game_asset,https://apps.atlasacademy.io/db/JP/servant/70/assets,https://danbooru.donmai.us/posts/9123130,purple_hair red_eyes black_bodysuit shoulder_armor very_long_hair,scathach_(third_ascension)_(fate),scathach_(fate) scathach_(third_ascension)_(fate),1girl armor black_bodysuit black_veil bodysuit breasts closed_mouth dual_wielding expressionless feet_out_of_frame gae_bolg_(fate) hair_between_eyes hair_intakes holding holding_polearm holding_weapon lightning_background long_hair looking_at_viewer medium_breasts polearm purple_background purple_bodysuit purple_hair red_eyes shoulder_armor sidelocks solo veil very_long_hair weapon,game_asset official_art third-party_source variant_set
scheherazade_(fate),female_servant+danbooru_tag+legacy_appearance_pack,503000,True,candidate,1,6,9156844,scheherazade_(fate),supplemental search,game_mirror,https://apps.atlasacademy.io/db/JP/servant/169/assets,https://danbooru.donmai.us/posts/9156844,black_hair green_eyes shoulder_armor mini_hat purple_choker very_long_hair,scheherazade_(fate),scheherazade_(fate),1girl arabian_clothes armor bangle black_hair blue_bustier bracelet breasts bustier choker circlet cleavage closed_mouth covered_navel curvy dark-skinned_female dark_skin feet_out_of_frame gold_ring green_eyes groin hand_up hat headband holding holding_scepter jewelry large_breasts light_particles lips long_hair long_sidelocks looking_to_the_side mini_hat multiple_rings pelvic_curtain pink_lips purple_choker revealing_clothes ring scepter scroll shoulder_armor side_slit sidelocks skindentation solo staff standing very_dark_skin very_long_hair,official_art third-party_source variant_set
sei_shounagon_(fate),female_servant+danbooru_tag+legacy_appearance_pack,204000+704100,True,no_exact_tagged_post,0,,,,,,,,,,,,
sei_shounagon_(first_ascension)_(fate),legacy_appearance_pack,,True,candidate,5,21,3770351,sei_shounagon_(fate),First Ascension,publisher,https://news.fate-go.jp/2020/valentine2020/,https://danbooru.donmai.us/posts/3770351,black_hair blue_hair yellow_eyes open_jacket white_jacket black_choker black_sailor_collar black_socks twintails long_hair,sei_shounagon_(first_ascension)_(fate),sei_shounagon_(fate) sei_shounagon_(first_ascension)_(fate),1girl bag black_choker black_hair black_sailor_collar black_socks blue_hair blush choker egasumi full_body geta hair_ornament hair_ribbon hairclip handbag houndstooth jacket japanese_clothes long_hair looking_at_viewer multicolored_hair obi off_shoulder oil-paper_umbrella open_clothes open_jacket red_hair red_sandals ribbon sailor_collar sandals sash seigaiha short_sleeves smile socks solo standing tabi transparent_background twintails umbrella white_jacket yellow_eyes,official_art
semiramis_(fate),female_servant+danbooru_tag,603200,True,candidate,1,6,9167184,semiramis_(fate),supplemental search,game_mirror,https://apps.atlasacademy.io/db/JP/servant/199/assets,https://danbooru.donmai.us/posts/9167184,brown_hair yellow_eyes pointy_ears brown_dress strapless_dress black_boots frilled_boots very_long_hair,semiramis_(fate),semiramis_(fate),1girl bare_shoulders black_boots boots breasts brown_collar brown_dress brown_hair brown_ribbon brown_sleeves cleavage closed_mouth collar cross-laced_clothes detached_collar detached_sleeves dress feet_out_of_frame frilled_boots frilled_sleeves frills fur_collar hand_up large_breasts long_hair long_pointy_ears long_sidelocks looking_at_viewer looking_to_the_side outstretched_arm pointy_ears ribbon sidelocks slit_pupils solo standing strapless strapless_dress very_long_hair very_long_sidelocks yellow_eyes,official_art third-party_source variant_set
sen_no_rikyu_(fate),female_servant_official_name+legacy_appearance_pack,704400,True,candidate,2,9,9253695,sen_no_rikyu_(fate),supplemental search,game_asset,https://apps.atlasacademy.io/db/JP/servant/362/assets,https://danbooru.donmai.us/posts/9253695,black_hair white_hair black_eyes black_kimono hair_bun short_hair,sen_no_rikyu_(fate),sen_no_rikyu_(fate),1girl back_bow black_eyes black_hair black_kimono blunt_bangs bow closed_mouth from_side full_body gradient_hair hair_bun hand_on_lap hand_up hishaku holding japanese_clothes kimono long_sleeves looking_at_viewer multicolored_hair muted_colors obi obijime sash seiza short_hair single_hair_bun sitting smile solo tea_ceremony white_hair wide_sleeves,game_asset official_art third-party_source
sessyoin_kiara,female_servant+danbooru_tag+legacy_appearance_pack,1000300+2300400,True,candidate,2,9,9152782,sessyoin_kiara,supplemental search,game_asset,https://apps.atlasacademy.io/db/JP/servant/167/assets,https://danbooru.donmai.us/posts/9152782,yellow_eyes black_dress long_dress white_shoes white_thighhighs,sessyoin_kiara,sessyoin_kiara,1girl arm_at_side black_dress breasts buddhist_nun closed_mouth dress flower full_body grey_background guimpe hand_up large_breasts long_dress long_sleeves looking_at_viewer nun red_flower shoes side_slit smile solo spider_lily standing thighhighs white_hood white_shoes white_thighhighs wide_sleeves wimple yellow_eyes,game_asset official_art third-party_source variant_set
sessyoin_kiara_(heaven's_hole),legacy_appearance_pack,,True,candidate,7,15,9215128,sessyoin_kiara_(heaven's_hole),Swimsuit MoonCancer (Third Ascension),game_asset,https://apps.atlasacademy.io/db/JP/servant/285/assets,https://danbooru.donmai.us/posts/9215128,black_hair yellow_eyes horns tail micro_bikini white_bikini swimsuit hair_bun very_long_hair,sessyoin_kiara_(heaven's_hole),sessyoin_kiara sessyoin_kiara_(heaven's_hole) sessyoin_kiara_(swimsuit_mooncancer)_(third_ascension),1girl air_bubble arm_up bikini black_hair black_horns blue_background blue_collar blue_tail bow-shaped_hair breasts bubble cleavage closed_mouth collar curtained_hair detached_sleeves facial_mark fake_tail floating_hair forehead_mark full_body hair_bun hair_rings hand_up horns large_breasts legs_up long_hair long_ribbon long_sleeves looking_at_viewer mermaid_costume micro_bikini multi-strapped_bikini_top multicolored_hair narrow_waist navel ok_sign panty_straps pink_streaks side-tie_bikini_bottom smile solo streaked_hair swimsuit tail two-sided_fabric two-sided_veil two-tone_hair underboob veil very_long_hair white_bikini white_veil wide_sleeves yellow_eyes,game_asset official_art third-party_source variant_set
sessyoin_kiara_(lily),legacy_appearance_pack,,True,no_exact_tagged_post,0,,,,,,,,,,,,
sessyoin_kiara_(swimsuit_mooncancer)_(first_ascension),legacy_appearance_pack,,True,candidate,4,16,9215126,sessyoin_kiara,Swimsuit MoonCancer (First Ascension),game_asset,https://apps.atlasacademy.io/db/JP/servant/285/assets,https://danbooru.donmai.us/posts/9215126,black_hair yellow_eyes lowleg_bikini micro_bikini swimsuit pink_sarong braid very_long_hair,sessyoin_kiara_(swimsuit_mooncancer)_(first_ascension),sessyoin_kiara sessyoin_kiara_(swimsuit_mooncancer)_(first_ascension),1girl arm_up beach bead_bracelet beads bikini black_hair bracelet braid breasts chest_tattoo cleavage closed_mouth collarbone crossed_ankles crossed_legs curtained_hair earrings facial_mark fingernails floating_clothes floating_hair flower forehead_mark full_body gladiator_sandals green_ribbon hair_flower hair_ornament hair_ribbon hand_up horizon jewelry large_breasts legs_together long_hair looking_at_viewer lowleg lowleg_bikini micro_bikini mismatched_bikini multicolored_hair multiple_bracelets multiple_necklaces narrow_waist navel necklace ok_sign outdoors palm_tree pearl_necklace petals pink_bikini pink_flower pink_nails pink_petals pink_sarong pink_streaks platform_sandals ribbon sandals sarong seashell shell sling_bikini_top smile solo strapless strapless_bikini streaked_hair swimsuit tattoo toenails toes tree twin_braids two-tone_hair underboob very_long_hair wedge_heels white_bikini white_sandals yellow_eyes,flower_request game_asset official_art third-party_source variant_set
shuten_douji_(fate),female_servant_official_name+legacy_appearance_pack,504000+602100,True,candidate,6,9,9132034,shuten_douji_(fate),supplemental search,game_asset,https://apps.atlasacademy.io/db/JP/servant/112/assets,https://danbooru.donmai.us/posts/9132034,purple_hair purple_eyes horns black_bikini leg_armor open_kimono purple_kimono swimsuit black_choker short_hair,shuten_douji_(fate),shuten_douji_(fate),1girl ankle_strap bare_shoulders bikini black_bikini black_choker bob_cut breasts choker cup detached_leggings elbow_rest eyeliner foot_out_of_frame full_moon glint gourd grey_background groin hair_ornament hand_up holding holding_cup horns huge_moon japanese_clothes jewelry kimono leaning_back leg_armor makeup moon navel off_shoulder on_roof oni open_clothes open_kimono open_mouth petals petite purple_eyes purple_hair purple_horns purple_kimono red_eyeliner red_moon short_hair sideboob sitting skin-covered_horns small_breasts solo stirrup_footwear stomach swimsuit teeth toe_ring upper_teeth_only vase,game_asset official_art third-party_source
shuten_douji_(first_ascension)_(fate),legacy_appearance_pack,,True,candidate,2,18,2777357,shuten_douji_(fate),First Ascension,game_mirror,https://apps.atlasacademy.io/db/JP/servant/112/assets,https://danbooru.donmai.us/posts/2777357,purple_hair purple_eyes horns open_kimono purple_kimono short_hair,shuten_douji_(first_ascension)_(fate),shuten_douji_(fate) shuten_douji_(first_ascension)_(fate),1girl alcohol blush bob_cut breasts cup fangs feet_out_of_frame flower food fruit gourd grapes grey_background holding holding_cup horns japanese_clothes jar kimono looking_at_viewer navel oni open_clothes open_kimono open_mouth pale_skin peach petals petite purple_eyes purple_hair purple_kimono revealing_clothes sakazuki sake shide short_hair skin-covered_horns small_breasts smile solo standing thick_eyebrows urn,official_art third-party_source
shuten_douji_(halloween_caster)_(fate),legacy_appearance_pack,,True,candidate,4,21,9188760,shuten_douji_(fate),Halloween Caster,game_asset,https://apps.atlasacademy.io/db/JP/servant/225/assets,https://danbooru.donmai.us/posts/9188760,purple_hair purple_eyes horns pointy_ears black_shirt showgirl_skirt black_choker black_thighhighs ponytail short_hair,shuten_douji_(halloween_caster)_(fate),haku_(fate) shuten_douji_(fate) shuten_douji_(halloween_caster)_(fate),1girl bare_shoulders black_choker black_loincloth black_shirt black_sleeves black_thighhighs breasts choker closed_mouth clothes_writing creature crop_top detached_sleeves earrings eyeshadow familiar floating_clothes frilled_sleeves frills full_body gourd groin hair_tie halterneck headpiece heart horns jack-o'-lantern japanese_clothes jewelry loincloth long_sleeves looking_at_viewer low_ponytail makeup navel no_shoes off_shoulder oni outstretched_arms pelvic_curtain pointy_ears ponytail pumpkin purple_eyes purple_hair purple_shawl red_eyeshadow red_horns rope shawl shirt short_hair short_ponytail showgirl_skirt sidelocks sleeveless small_breasts smile solo spaghetti_strap stirrup_legwear stomach thighhighs toeless_legwear toes torii wide_hips wide_sleeves,game_asset official_art partially_translated third-party_source translation_request
sima_yi_(reines)_(fate),female_servant_official_name,403200,False,official_name_without_tag,0,,,,,,,,,,,,
sion_eltnam_sokaris,legacy_appearance_pack,,True,candidate,10,9,11187650,sion_eltnam_sokaris,supplemental search,game_asset,https://static.atlasacademy.io/JP/Back/back277212_1344_626.png,https://danbooru.donmai.us/posts/11187650,blue_hair atlas_academy_uniform collared_shirt hat necktie twintails long_hair,sion_eltnam_sokaris,sion_eltnam_(type-moon) sion_eltnam_sokaris,1girl atlas_academy_uniform blue_hair blush closed_eyes collared_shirt crying glasses hat long_hair necktie open_mouth shirt solo twintails upper_body,game_asset large_variant_set official_art spoilers third-party_source variant_set
sitonai_(fate),female_servant+danbooru_tag+legacy_appearance_pack,1000800,True,candidate,3,9,9188683,sitonai_(fate),supplemental search,game_asset,https://apps.atlasacademy.io/db/JP/servant/224/assets,https://danbooru.donmai.us/posts/9188683,pink_hair red_eyes red_skirt very_long_hair,sitonai_(fate),sitonai_(fate),1girl :o animal arm_support bare_arms bare_shoulders barefoot blush bow bow_bra bra breasts collarbone curtained_hair full_body hand_on_own_cheek hand_on_own_face hand_up long_hair long_sidelocks navel no_shirt one_eye_closed open_mouth pink_hair red_eyes red_skirt rubbing_eyes sidelocks sitting skirt sleepy small_breasts solo squeans strapless strapless_bra underwear very_long_hair wariza white_bra,animal_request game_asset official_art third-party_source
sodom's_beast_draco_(fate),female_servant_official_name,3300100,False,official_name_without_tag,0,,,,,,,,,,,,
space_ishtar_(fate),female_servant+danbooru_tag,1100900,True,no_exact_tagged_post,0,,,,,,,,,,,,
stheno_(fate),female_servant+danbooru_tag+legacy_appearance_pack,601000,True,candidate,3,9,9111920,stheno_(fate),supplemental search,game_asset,https://apps.atlasacademy.io/db/JP/servant/41/assets,https://danbooru.donmai.us/posts/9111920,purple_hair purple_eyes asymmetrical_dress frilled_dress frilled_choker white_hairband twintails very_long_hair,stheno_(fate),stheno_(fate),1girl absurdly_long_hair armband asymmetrical_dress bangle bare_shoulders bracelet breasts choker collar dress dress_flower feet_out_of_frame flower frilled_armband frilled_choker frilled_dress frills front_slit hairband hand_up jewelry long_hair looking_at_viewer parted_bangs parted_lips purple_background purple_eyes purple_hair rectangular_pupils sidelocks small_breasts smile solo standing strapless strapless_dress twintails very_long_hair white_collar white_dress white_hairband,game_asset official_art third-party_source variant_set
super_bunyan_(fate),female_servant+danbooru_tag,1001300,True,no_exact_tagged_post,0,,,,,,,,,,,,
suzuka_gozen_(fate),female_servant+danbooru_tag+legacy_appearance_pack,103000,True,candidate,1,9,9152606,suzuka_gozen_(fate),supplemental search,game_asset,https://apps.atlasacademy.io/db/JP/servant/165/assets,https://danbooru.donmai.us/posts/9152606,orange_hair orange_eyes fox_ears fox_tail collared_shirt pleated_skirt red_skirt white_shirt red_socks very_long_hair,suzuka_gozen_(fate),suzuka_gozen_(fate),1girl animal_ear_fluff animal_ears bag breasts cherry_blossoms closed_mouth collared_shirt expressionless floating_hair foot_out_of_frame fox_ears fox_girl fox_tail hair_between_eyes hands_up holding holding_sword holding_weapon japanese_clothes katana kenmyouren_(fate) large_breasts long_hair looking_at_viewer miniskirt neck_ribbon orange_background orange_eyes orange_hair outstretched_arms petals pleated_skirt red_ribbon red_scrunchie red_skirt red_socks ribbon school_bag scrunchie shirt short_sleeves side_slit sidelocks skirt socks solo sword tail unsheathed very_long_hair weapon white_shirt wing_collar wrist_scrunchie,game_asset official_art third-party_source variant_set
suzuka_gozen_(summer_vacation)_(fate),female_servant+danbooru_tag,405000,True,no_exact_tagged_post,0,,,,,,,,,,,,
tamamo_cat_(fate),female_servant+danbooru_tag+legacy_appearance_pack,701600,True,no_exact_tagged_post,0,,,,,,,,,,,,
tamamo_cat_(first_ascension)_(fate),legacy_appearance_pack,,True,candidate,5,18,2094450,tamamo_cat_(fate),First Ascension,game_mirror,https://apps.atlasacademy.io/db/JP/servant/58/assets,https://danbooru.donmai.us/posts/2094450,pink_hair yellow_eyes fox_ears fox_tail black_thighhighs,tamamo_cat_(first_ascension)_(fate),tamamo_cat_(fate) tamamo_cat_(first_ascension)_(fate),1girl animal_ear_fluff animal_ears bare_shoulders bell black_thighhighs blush_stickers breasts cleavage collar detached_sleeves fangs fox_ears fox_tail hair_ribbon japanese_clothes large_breasts looking_at_viewer neck_bell open_mouth pink_hair ribbon solo tail thighhighs yellow_eyes,official_art third-party_source variant_set
tamamo_cat_(second_ascension)_(fate),legacy_appearance_pack,,True,candidate,3,18,2094451,tamamo_cat_(fate),Second Ascension,game_mirror,https://apps.atlasacademy.io/db/JP/servant/58/assets,https://danbooru.donmai.us/posts/2094451,pink_hair yellow_eyes fox_ears fox_tail maid_apron maid_headdress white_thighhighs,tamamo_cat_(second_ascension)_(fate),tamamo_cat_(fate) tamamo_cat_(second_ascension)_(fate),1girl alternate_costume animal_ear_fluff animal_ears apron bell blush_stickers breasts collar fangs food food_writing fox_ears fox_tail hair_ribbon holding holding_plate ketchup large_breasts looking_at_viewer maid maid_apron maid_headdress neck_bell omelet omurice open_mouth pink_hair plate ribbon solo tail thighhighs white_thighhighs yellow_eyes,official_art third-party_source variant_set
tamamo_cat_(third_ascension)_(fate),legacy_appearance_pack,,True,candidate,5,18,8601261,tamamo_cat_(fate),Third Ascension,game_mirror,https://apps.atlasacademy.io/db/JP/servant/58/assets,https://danbooru.donmai.us/posts/8601261,pink_hair yellow_eyes fox_ears fox_tail frilled_apron frilled_hairband frilled_thighhighs maid_apron maid_headdress paw_gloves ponytail,tamamo_cat_(third_ascension)_(fate),tamamo_cat_(fate) tamamo_cat_(third_ascension)_(fate),1girl animal animal_ear_fluff animal_ears animal_hands apron arm_garter bell blush_stickers bow breasts cat cat_paws cleavage collar fangs foot_out_of_frame fox_ears fox_girl fox_tail frilled_apron frilled_bow frilled_hairband frilled_thighhighs frills gloves hair_between_eyes hair_bow hairband holding holding_knife holding_ladle indoors jingle_bell knife ladle large_breasts long_hair looking_at_viewer maid_apron maid_headdress naked_apron neck_bell open_mouth paw_gloves paw_print paw_shoes pink_hair ponytail red_bow red_collar single_thighhigh solo tail thighhighs white_apron white_bow white_hairband white_thighhighs yellow_eyes,official_art third-party_source variant_set
tamamo_no_mae_(fate),female_servant_official_name+legacy_appearance_pack,302400+500300,True,candidate,2,9,9122609,tamamo_no_mae_(fate),supplemental search,game_asset,https://apps.atlasacademy.io/db/JP/servant/62/assets,https://danbooru.donmai.us/posts/9122609,pink_hair orange_eyes fox_ears fox_tail blue_thighhighs long_hair,tamamo_no_mae_(fate),tamamo_no_mae_(fate),1girl animal_ear_fluff animal_ears architecture bare_shoulders black_sash blue_bow blue_sleeves blue_thighhighs bow breasts cleavage closed_mouth collar contrapposto detached_sleeves double-parted_bangs east_asian_architecture feet_out_of_frame fox_ears fox_girl fox_tail hair_between_eyes hair_bow hand_on_own_hip holding holding_mirror japanese_clothes large_breasts legs_apart long_hair long_sleeves looking_at_viewer mirror multiple_tails obi obijime orange_eyes pelvic_curtain pink_hair sash sidelocks smile solo split_ponytail standing suiten_nikkou_amaterasu_yanoshisu_ishi tail tassel thighhighs white_collar wide_sleeves,game_asset official_art third-party_source variant_set
tamamo_no_mae_(swimsuit_lancer)_(fate),legacy_appearance_pack,,True,candidate,2,12,2589658,tamamo_no_mae_(swimsuit_lancer)_(fate),Second Ascension,game_mirror,https://apps.atlasacademy.io/db/JP/servant/128/assets,https://danbooru.donmai.us/posts/2589658,pink_hair yellow_eyes fox_ears fox_tail blue_bikini swimsuit wet_shirt straw_hat sun_hat long_hair,tamamo_no_mae_(swimsuit_lancer)_(fate),tamamo_no_mae_(fate) tamamo_no_mae_(swimsuit_lancer)_(fate) tamamo_no_mae_(swimsuit_lancer)_(second_ascension)_(fate),1girl animal_ear_fluff animal_ears bikini blue_bikini bracelet breasts closed_mouth day ears_through_headwear fox_ears fox_tail hat innertube jewelry large_breasts long_hair looking_at_viewer nature ocean outdoors parasol pink_hair sandals see-through_clothes shirt solo straw_hat sun_hat swim_ring swimsuit tail umbrella wet wet_clothes wet_shirt yellow_eyes,official_art third-party_source variant_set
tamamo_no_mae_(swimsuit_lancer)_(third_ascension)_(fate),legacy_appearance_pack,,True,candidate,2,18,2589659,tamamo_no_mae_(fate),Third Ascension,game_mirror,https://apps.atlasacademy.io/db/JP/servant/128/assets,https://danbooru.donmai.us/posts/2589659,pink_hair yellow_eyes fox_ears fox_tail blue_bikini string_bikini swimsuit sun_hat white_hat long_hair,tamamo_no_mae_(swimsuit_lancer)_(third_ascension)_(fate),tamamo_no_mae_(fate) tamamo_no_mae_(swimsuit_lancer)_(fate) tamamo_no_mae_(swimsuit_lancer)_(third_ascension)_(fate),1girl animal_ear_fluff animal_ears bikini blue_bikini bracelet breasts closed_mouth day ears_through_headwear fox_ears fox_tail groin halterneck hat hat_ribbon jewelry large_breasts long_hair looking_at_viewer nature navel ocean outdoors parasol pink_hair ribbon sandals shawl side-tie_bikini_bottom smile solo string_bikini sun_hat swimsuit tail thigh_gap triangle_bikini_top umbrella white_hat yellow_eyes,official_art third-party_source variant_set
tamamo_no_mae_(third_ascension)_(fate),legacy_appearance_pack,,True,candidate,3,21,9122610,tamamo_no_mae_(fate),Third Ascension,game_asset,https://apps.atlasacademy.io/db/JP/servant/62/assets,https://danbooru.donmai.us/posts/9122610,pink_hair orange_eyes fox_ears fox_tail very_long_hair,tamamo_no_mae_(third_ascension)_(fate),tamamo_no_mae_(fate) tamamo_no_mae_(third_ascension)_(fate),1girl animal_ear_fluff animal_ears bell black_sash blue_bow bow breasts cleavage closed_mouth double-parted_bangs feet_out_of_frame fox_ears fox_girl fox_tail glowing gold_collar hair_between_eyes hair_bow hair_ornament headpiece holding holding_mirror japanese_clothes large_breasts legs_apart long_hair long_sidelocks looking_at_viewer mirror multiple_tails off_shoulder orange_eyes pink_hair sash sidelocks sleeves_past_fingers sleeves_past_wrists smile solo standing suiten_nikkou_amaterasu_yanoshisu_ishi tail very_long_hair wide_sleeves,game_asset official_art third-party_source variant_set
tenochtitlan_(fate),female_servant+danbooru_tag+legacy_appearance_pack,2301000,True,no_exact_tagged_post,0,,,,,,,,,,,,
thrud_(fate),female_servant+danbooru_tag+legacy_appearance_pack,604500,True,no_exact_tagged_post,0,,,,,,,,,,,,
tiamat_(fate),female_servant+danbooru_tag+legacy_appearance_pack,9935400,True,no_exact_tagged_post,0,,,,,,,,,,,,
tlaloc_(fate),female_servant+danbooru_tag,2800500,True,no_exact_tagged_post,0,,,,,,,,,,,,
tohsaka_rin,legacy_appearance_pack,,True,needs_source_or_visual_review,1,3,5400190,tohsaka_rin,supplemental search,source_unverified,https://i.pximg.net/img-original/img/2022/06/03/00/00/17/98785502_p0.png,https://danbooru.donmai.us/posts/5400190,black_hair red_hair green_eyes black_dress sleeveless_dress black_choker very_long_hair,tohsaka_rin,tohsaka_rin,1girl bare_arms bare_shoulders black_choker black_dress black_hair breasts castle choker cleavage colored_inner_hair company_name dress earrings feet_out_of_frame full_moon green_eyes hand_up jewelry long_hair medium_breasts moon multicolored_hair night open_mouth outdoors parted_bangs pelvic_curtain red_hair sky sleeveless sleeveless_dress solo standing star_(symbol) two-tone_hair two_side_up very_long_hair,commentary_request official_art
tomoe_gozen_(fate),female_servant+danbooru_tag+legacy_appearance_pack,104500+202100,True,no_exact_tagged_post,0,,,,,,,,,,,,
tomoe_gozen_(first_ascension)_(fate),legacy_appearance_pack,,True,candidate,1,18,9162306,tomoe_gozen_(fate),First Ascension,game_mirror,https://apps.atlasacademy.io/db/JP/servant/184/assets,https://danbooru.donmai.us/posts/9162306,grey_hair red_eyes japanese_armor white_kimono black_shirt purple_pants fingerless_gloves red_gloves ponytail long_hair,tomoe_gozen_(first_ascension)_(fate),tomoe_gozen_(fate) tomoe_gozen_(first_ascension)_(fate),1girl armor asymmetrical_sleeves black_shirt breasts brown_sash cherry_blossoms closed_mouth detached_sleeves double-parted_bangs feet_out_of_frame fingerless_gloves gloves grey_hair hair_between_eyes hair_ribbon high_ponytail holding holding_sheath holding_sword holding_weapon japanese_armor japanese_clothes katana kimono long_hair long_sleeves looking_at_viewer medium_breasts mitsudomoe_(shape) obi obiage obijime pants ponytail puffy_long_sleeves puffy_sleeves purple_pants red_eyes red_gloves red_ribbon ribbon sash sheath shirt side_slit single_bare_shoulder single_detached_sleeve single_sode slit_pupils solo standing sword tasuki tomoe_(symbol) turtleneck unsheathed weapon white_kimono white_sleeves,official_art third-party_source variant_set
tomoe_gozen_(swimsuit_saber)_(first_ascension)_(fate),legacy_appearance_pack,,True,candidate,2,16,9220111,tomoe_gozen_(fate),Swimsuit Saber (First Ascension),game_asset,https://apps.atlasacademy.io/db/JP/servant/290/assets,https://danbooru.donmai.us/posts/9220111,white_hair red_eyes blue_one-piece_swimsuit highleg_one-piece_swimsuit blue_jacket cropped_jacket ponytail very_long_hair,tomoe_gozen_(swimsuit_saber)_(first_ascension)_(fate),tomoe_gozen_(fate) tomoe_gozen_(swimsuit_saber)_(first_ascension)_(fate),1girl arm_at_side blue_bow blue_jacket blue_one-piece_swimsuit blue_sandals blue_sky bow breasts breasts_apart closed_mouth clothing_cutout cloud cropped_jacket dock double-parted_bangs dual_wielding energy_sword feet_out_of_frame floating_clothes floating_hair groin hair_between_eyes hair_bow halterneck hand_up high_ponytail highleg highleg_one-piece_swimsuit holding holding_sword holding_weapon jacket jacket_over_swimsuit lake long_hair looking_at_viewer medium_breasts multicolored_swimsuit one-piece_swimsuit open_clothes open_jacket ponytail racerback red_eyes sand sandals short_sleeves side_cutout sideboob sidelocks sky smile solo standing swimsuit sword thigh_strap turtleneck turtleneck_one-piece_swimsuit very_long_hair weapon white_hair white_one-piece_swimsuit wire wristband,game_asset official_art third-party_source variant_set
trung_nhi_(fate),legacy_appearance_pack,,True,no_exact_tagged_post,0,,,,,,,,,,,,
trung_trac_(fate),legacy_appearance_pack,,True,no_exact_tagged_post,0,,,,,,,,,,,,
trung_trac_(second_ascension)_(fate),legacy_appearance_pack,,True,no_exact_tagged_post,0,,,,,,,,,,,,
typhon_ephemeros_(fate),female_servant+danbooru_tag+legacy_appearance_pack,2801100,True,candidate,3,9,9445623,typhon_ephemeros_(fate),supplemental search,game_asset,https://apps.atlasacademy.io/db/JP/servant/441/assets,https://danbooru.donmai.us/posts/9445623,blue_hair blue_eyes high-low_dress layered_dress choker hairband braid very_long_hair,typhon_ephemeros_(fate),typhon_ephemeros_(fate) typhon_epsilon_(fate),1girl anklet aqua_background arm_at_side asymmetrical_legwear asymmetrical_sleeves bandaged_arm bandaged_leg bandages blue_eyes blue_hair braid choker closed_mouth curtained_hair dress floating_hair full_body hair_over_one_eye hairband hand_on_own_chest high-low_dress jewelry layered_dress long_hair looking_at_viewer mismatched_legwear mismatched_sleeves off-shoulder_dress off_shoulder one_eye_covered single_bare_foot single_bare_leg single_bare_shoulder smile solo standing toes two-sided_dress two-sided_fabric very_long_hair white_dress,game_asset official_art third-party_source variant_set
u-olga_marie,female_servant+danbooru_tag+legacy_appearance_pack,4000100,True,no_exact_tagged_post,0,,,,,,,,,,,,
udk-barghest_(fate),female_servant_official_name,204900,False,official_name_without_tag,0,,,,,,,,,,,,
uesugi_kenshin_(fate),female_servant+danbooru_tag,901800,True,no_exact_tagged_post,0,,,,,,,,,,,,
urd_(fate),legacy_appearance_pack,,True,candidate,5,9,11512411,urd_(fate),supplemental search,game_asset,https://apps.atlasacademy.io/db/JP/servant/470/assets,https://danbooru.donmai.us/posts/11512411,purple_hair red_eyes long_skirt white_skirt very_long_hair,urd_(fate),urd_(fate),1girl bare_shoulders breasts cleavage collar headpiece large_breasts long_hair long_skirt looking_at_viewer metal_collar navel purple_hair red_eyes ribbon skirt solo very_long_hair white_skirt,game_asset official_art third-party_source
urðr_(fate),female_servant_official_name,205500,False,official_name_without_tag,0,,,,,,,,,,,,
ushiwakamaru_(fate),female_servant+danbooru_tag+legacy_appearance_pack,401400+603400,True,candidate,8,9,9224148,ushiwakamaru_(fate),supplemental search,game_asset,https://apps.atlasacademy.io/db/JP/servant/303/assets,https://danbooru.donmai.us/posts/9224148,purple_hair purple_eyes bikini_armor japanese_armor armored_boots black_hat purple_gloves purple_thighhighs hair_bun side_ponytail,ushiwakamaru_(fate),taira_no_kagekiyo_(fate) taira_no_kagekiyo_(third_ascension)_(fate) ushiwakamaru_(fate),1girl armor armored_boots azamaru_(fate) bikini_armor black_hat black_ribbon boots breasts cleavage closed_mouth colored_eyelashes crossed_swords curtained_hair dual_wielding facial_mark forehead_mark garter_belt gloves hair_bun hair_ribbon hands_up hat high_collar high_side_ponytail highleg highleg_panties holding holding_sword holding_weapon japanese_armor kanmuri_(headwear) katana kote kusazuri leaf legs_apart linea_alba long_hair looking_at_viewer maple_leaf medium_breasts navel neck_armor outstretched_crossed_arms panties purple_eyes purple_gloves purple_hair purple_lips purple_panties purple_thighhighs red_background ribbon rope sheath shoulder_armor side_ponytail sidelocks single_side_bun smile sode solo standing stomach straight-on sword tassel thighhighs underboob underwear unsheathing very_long_hair weapon,game_asset official_art third-party_source
ushiwakamaru_(second_ascension)_(fate),legacy_appearance_pack,,True,candidate,2,21,9107574,ushiwakamaru_(fate),Second Ascension,game_asset,https://apps.atlasacademy.io/db/JP/servant/27/assets,https://danbooru.donmai.us/posts/9107574,blue_eyes bikini_armor japanese_armor armored_skirt purple_pants showgirl_skirt black_hat side_ponytail very_long_hair,ushiwakamaru_(second_ascension)_(fate),ushiwakamaru_(fate) ushiwakamaru_(second_ascension)_(fate),1girl architecture armor armored_skirt asymmetrical_clothes asymmetrical_sleeves bikini_armor black_hat black_shoes blue_eyes blue_gloves blue_panties breast_curtains breasts circlet closed_mouth clothing_cutout curtained_hair detached_sleeves east_asian_architecture eyeshadow feather_hair_ornament feathers feet_out_of_frame gloves hair_ornament hand_on_hilt hand_on_sheath hat high_side_ponytail japanese_armor kanmuri_(headwear) katana kusazuri leaf legs_apart linea_alba long_hair long_sleeves looking_at_viewer makeup mismatched_sleeves navel no_shirt outdoors panties pants pom_pom_(clothes) purple_pants purple_sleeves red_eyeshadow revealing_clothes sheath sheathed shoes showgirl_skirt side_ponytail sideboob sidelocks single_glove single_pantsleg small_breasts socks solo standing sword tassel thigh_cutout tree underwear very_long_hair weapon white_sleeves white_socks wide_sleeves wind,game_asset official_art third-party_source variant_set
utsumi_erice,female_servant+danbooru_tag+legacy_appearance_pack,1101400+304300,True,no_exact_tagged_post,0,,,,,,,,,,,,
utsumi_erice_(lancer),legacy_appearance_pack,,True,candidate,2,18,3931042,utsumi_erice,Lancer,game_mirror,https://apps.atlasacademy.io/db/JP/servant/283/assets,https://danbooru.donmai.us/posts/3931042,black_hair pink_hair blue_eyes short_dress white_dress two-sided_skirt medium_hair,utsumi_erice_(lancer),utsumi_erice utsumi_erice_(lancer),1girl ahoge ame-no-sakahoko_(fate) bare_shoulders black_hair blue_eyes blue_ribbon blunt_bangs breasts closed_mouth dress fundoshi japanese_clothes jewelry leg_warmers looking_at_viewer looking_back magatama medium_breasts medium_hair multicolored_hair necklace ocean pelvic_curtain pink_hair polearm ribbon seigaiha short_dress sideboob sidelocks smile solo spear streaked_hair thigh_strap thighs two-sided_fabric two-sided_skirt waves weapon white_dress white_leg_warmers,official_art third-party_source
valkyrie_(fate),female_servant+danbooru_tag,303300,True,candidate,3,9,9253578,valkyrie_(fate),supplemental search,game_asset,https://apps.atlasacademy.io/db/JP/servant/361/assets,https://danbooru.donmai.us/posts/9253578,orange_hair red_eyes wings black_one-piece_swimsuit black_jacket collared_jacket black_gloves black_hat very_long_hair,valkyrie_(fate),geirskogul_(fate) valkyrie_(fate),1girl belt beret black_belt black_gloves black_hat black_jacket black_one-piece_swimsuit black_sandals breasts bright_pupils cleavage_cutout closed_mouth clothing_cutout cloud collared_jacket cropped_jacket falling_feathers feathers floating_hair frown full_body gloves glowing glowing_feather glowing_wings gun hair_between_eyes hair_wings hand_up hat holding holding_gun holding_weapon jacket legs_apart long_hair long_sidelocks long_sleeves looking_at_viewer medium_breasts one-piece_swimsuit open_clothes open_jacket orange_hair outstretched_arms platform_sandals popped_collar pouch red_eyes sandals side_cutout sidelocks solo sparkle standing sunlight sunset swimsuit swimsuit_under_clothes thigh_pouch thigh_strap toes very_long_hair weapon white_pupils wings,game_asset large_variant_set official_art third-party_source variant_set weapon_request
van_gogh_(fate),female_servant+danbooru_tag+legacy_appearance_pack,2500600,True,needs_source_or_visual_review,1,3,9699174,van_gogh_(fate),supplemental search,source_unverified,https://10th.fate-go.jp/,https://danbooru.donmai.us/posts/9699174,orange_hair green_eyes blue_jacket white_pants shoes long_hair,van_gogh_(fate),van_gogh_(fate),1girl blue_jacket breasts clipboard drawing_(action) green_eyes jacket long_hair long_sleeves orange_hair pants parted_bangs photo_background shoes small_breasts sneakers solo white_pants,highres lossy-lossless official_art
van_gogh_(first_ascension)_(fate),legacy_appearance_pack,,True,candidate,4,21,9220568,van_gogh_(fate),First Ascension,game_asset,https://apps.atlasacademy.io/db/JP/servant/295/assets,https://danbooru.donmai.us/posts/9220568,orange_hair blue_eyes blue_pants high-waist_pants orange_boots platform_boots yellow_hat braid,van_gogh_(first_ascension)_(fate),van_gogh_(fate) van_gogh_(first_ascension)_(fate),1girl belt black_shrug blue_eyes blue_pants boots braid brown_belt chest_belt closed_mouth collar flower full_body hand_up hat head_tilt high-waist_pants holding holding_brush impressionism looking_at_viewer navel no_shirt orange_boots orange_hair oversized_object pants platform_boots short_hair_with_long_locks shrug_(clothing) smile solo sunflower unzipped white_collar yellow_hat zipper zipper_pull_tab,game_asset official_art third-party_source
van_gogh_(miner)_(fate),female_servant+danbooru_tag,305600,True,candidate,6,21,8427953,van_gogh_(fate),Miner,publisher,https://www.fate-go.jp/special/2024-mystery_house_crafters/,https://danbooru.donmai.us/posts/8427953,pink_hair blue_eyes blue_jacket brown_shorts shirt brown_boots hard_hat gloves,van_gogh_(miner)_(fate),van_gogh_(fate) van_gogh_(miner)_(fate),1girl @_@ backpack bag bandaid bandaid_on_face bandaid_on_knee bandaid_on_leg bandaid_on_nose blue_eyes blue_jacket boots brown_boots brown_shorts cleats full_body gloves hard_hat headlamp helmet holding holding_pickaxe huge_weapon jacket long_sleeves looking_at_viewer mining_helmet outline pickaxe pink_hair shirt shorts smile solo standing standing_on_one_leg transparent_background weapon white_outline,highres official_art
vritra_(fate),female_servant+danbooru_tag+legacy_appearance_pack,304600,True,candidate,3,9,9604218,vritra_(fate),supplemental search,game_asset,https://static.atlasacademy.io/JP/CharaFigure/1098328300/1098328300.png,https://danbooru.donmai.us/posts/9604218,blonde_hair yellow_eyes dragon_tail horns arm_armor leg_armor white_skirt fur_cape white_cape very_long_hair,vritra_(fate),vritra_(fate) vritra_trisiras_(fate),1girl absurdly_long_hair arm_armor armor blonde_hair blue_horns blue_nails breastplate breasts cape chin_piercing crop_top desi dragon_girl dragon_tail face_piercing facial_mark full_body fur_cape gauntlets grin hair_ornament hand_up holding holding_behind_back holding_polearm holding_polearm_behind_back holding_weapon holding_weapon_behind_back horns leg_armor legs_together long_hair long_sidelocks looking_at_viewer midriff miniskirt navel outstretched_arm piercing polearm scales sidelocks simple_background single_sidelock skirt smile solo tachi-e tail teeth toeless_legwear toenails toes transparent_background very_long_hair very_long_sidelocks very_long_tail weapon white_armor white_cape white_skirt yellow_eyes,game_asset highres official_art third-party_source
wu_zetian_(fate),female_servant+danbooru_tag+legacy_appearance_pack,505200+602700,True,no_exact_tagged_post,0,,,,,,,,,,,,
wu_zetian_(first_ascension)_(fate),legacy_appearance_pack,,True,candidate,2,22,7591347,wu_zetian_(fate),First Ascension,game_asset,https://fate-go.us/watermonsterscrisis/assets/images/pu2_wu_illust.png,https://danbooru.donmai.us/posts/7591347,purple_hair purple_eyes twintails very_long_hair,wu_zetian_(first_ascension)_(fate),wu_zetian_(fate) wu_zetian_(first_ascension)_(fate),1girl blush breasts chinese_clothes collarbone forehead full_body hair_ornament hair_scrunchie hanfu long_hair long_sleeves looking_at_viewer parted_bangs purple_eyes purple_hair scrunchie shawl sidelocks simple_background small_breasts smile solo tachi-e transparent_background twintails very_long_hair yellow_scrunchie,game_asset highres official_art
xu_fu_(fate),female_servant+danbooru_tag+legacy_appearance_pack,1001400+1101900,True,candidate,1,9,9248407,xu_fu_(fate),supplemental search,game_asset,https://apps.atlasacademy.io/db/JP/servant/352/assets,https://danbooru.donmai.us/posts/9248407,black_hair white_hair brown_eyes black_hat black_shoes short_hair,xu_fu_(fate),space_xu_fu_(fate) xu_fu_(fate),1girl arm_at_side bangle black_bridal_gauntlets black_hair black_hat black_shoes blunt_ends bracelet bridal_gauntlets brown_eyes character_doll chinese_clothes closed_mouth colored_inner_hair doll expressionless full_body hair_over_one_eye hand_up hat head_tilt jewelry lady_yu_doll looking_at_viewer mole mole_under_eye multicolored_hair multiple_bracelets one_eye_covered pentagram planet purple_background saint_quartz_(fate) shoes short_hair short_sleeves smoke solo standing turtleneck v white_hair,clothing_request game_asset official_art third-party_source variant_set
xuangzang_sanzang_(fate),legacy_appearance_pack,,True,candidate,3,9,9132092,xuangzang_sanzang_(fate),supplemental search,game_asset,https://apps.atlasacademy.io/db/JP/servant/113/assets,https://danbooru.donmai.us/posts/9132092,brown_hair pink_eyes long_coat open_coat sleeveless_jacket white_jacket purple_hat white_thighhighs very_long_hair,xuangzang_sanzang_(fate),xuangzang_sanzang_(fate),1girl abhaya_mudra above_clouds bare_shoulders bead_necklace beads blue_sky bra bracer breasts brown_hair chinese_clothes cleavage cloud coat earrings feet_out_of_frame gourd grin hair_between_eyes hair_rings hands_up hat holding holding_staff hoop_earrings jacket jewelry large_breasts long_coat long_hair looking_at_viewer necklace o-ring open_clothes open_coat outstretched_arm panties pink_eyes plunging_neckline purple_hat ring shakujou sky sleeveless sleeveless_coat sleeveless_jacket smile solo staff standing teeth thigh_gap thighhighs underboob underwear very_long_hair white_bra white_jacket white_panties white_thighhighs yellow_coat,game_asset headwear_request official_art third-party_source variant_set
xuanzang_sanzang_(fate),female_servant_official_name,502200,False,official_name_without_tag,0,,,,,,,,,,,,
yang_guifei_(fate),female_servant+danbooru_tag+legacy_appearance_pack,2500400,True,no_exact_tagged_post,0,,,,,,,,,,,,
yang_guifei_(first_ascension)_(fate),legacy_appearance_pack,,True,candidate,2,21,9211134,yang_guifei_(fate),First Ascension,game_asset,https://apps.atlasacademy.io/db/JP/servant/275/assets,https://danbooru.donmai.us/posts/9211134,brown_hair blue_eyes backless_dress black_dress black_shoes hair_bun twintails,yang_guifei_(first_ascension)_(fate),yang_guifei_(fate) yang_guifei_(first_ascension)_(fate),1girl absurdly_long_hair architecture armpits backless_dress backless_outfit bare_legs bare_shoulders black_dress black_shoes blue_eyes blunt_bangs bracer breasts brown_hair chinese_clothes chinese_knot closed_mouth double_bun dress east_asian_architecture flower flute footwear_flower full_body hair_bun hair_ornament halter_dress halterneck hands_on_own_shoulders hands_up high_heels instrument leaf_hair_ornament leg_up long_hair long_sidelocks looking_at_viewer looped_sidelocks mandarin_collar medium_breasts pankou pipa_(instrument) pumps shoes short_dress sidelocks smile solo stiletto_heels twintails two-sided_dress two-sided_fabric very_long_hair,game_asset official_art third-party_source variant_set
yang_guifei_(second_ascension)_(fate),legacy_appearance_pack,,True,candidate,2,21,9211135,yang_guifei_(fate),Second Ascension,game_asset,https://apps.atlasacademy.io/db/JP/servant/275/assets,https://danbooru.donmai.us/posts/9211135,brown_hair blue_eyes backless_dress black_dress black_shoes hair_bun twintails,yang_guifei_(second_ascension)_(fate),yang_guifei_(fate) yang_guifei_(second_ascension)_(fate),1girl absurdly_long_hair architecture armpits backless_dress backless_outfit bare_legs bare_shoulders black_dress black_shoes blue_eyes blunt_bangs bracer breasts brown_hair bun_cover chinese_clothes chinese_knot closed_mouth double_bun dress east_asian_architecture flower flute footwear_flower full_body hair_bun hair_ornament halter_dress halterneck hands_on_own_shoulders hands_up high-low_dress high_heels instrument leaf_hair_ornament leg_up long_hair long_sidelocks looking_at_viewer looped_sidelocks mandarin_collar medium_breasts pipa_(instrument) pumps shoes sidelocks smile solo stiletto_heels twintails very_long_hair,game_asset official_art third-party_source variant_set
yu_mei-ren_(fate),female_servant+danbooru_tag+legacy_appearance_pack,304400+603500,True,needs_source_or_visual_review,1,3,10937256,yu_mei-ren_(fate),supplemental search,source_unverified,https://x.com/toi81008/status/2031702874905071619,https://danbooru.donmai.us/posts/10937256,black_hair brown_eyes chaldea_staff_uniform black_jacket black_skirt long_skirt two-tone_jacket black_boots twintails very_long_hair,yu_mei-ren_(fate),akuta_hinako yu_mei-ren_(fate),1girl annoyed black_boots black_hair black_jacket black_skirt boots breasts brown_eyes chaldea_staff_uniform full_body glasses jacket long_hair long_skirt medium_breasts multicolored_jacket orange_jacket skirt solo twintails two-tone_jacket very_long_hair white_skirt,commentary_request official_art
yu_mei-ren_(first_ascension)_(fate),legacy_appearance_pack,,True,candidate,4,21,9193990,yu_mei-ren_(fate),First Ascension,game_asset,https://apps.atlasacademy.io/db/JP/servant/230/assets,https://danbooru.donmai.us/posts/9193990,brown_hair brown_eyes black_dress layered_dress brown_boots braid very_long_hair,yu_mei-ren_(first_ascension)_(fate),yu_mei-ren_(fate) yu_mei-ren_(first_ascension)_(fate),1girl arms_behind_back black-framed_eyewear black_dress blue_dress boots braid breasts brown_boots brown_eyes brown_hair closed_mouth dress ear_piercing full_body glasses head_tilt layered_dress legs_together long_dress long_hair long_sidelocks looking_at_viewer medium_breasts multiple_piercings narrow_waist parted_bangs piercing pinstripe_dress pinstripe_pattern sidelocks single_braid solo standing sword turtleneck turtleneck_dress very_long_hair weapon,game_asset official_art third-party_source variant_set
yu_mei-ren_(swimsuit_lancer)_(fate),legacy_appearance_pack,,True,candidate,2,21,9219880,yu_mei-ren_(fate),Swimsuit Lancer,game_asset,https://apps.atlasacademy.io/db/JP/servant/288/assets,https://danbooru.donmai.us/posts/9219880,brown_hair grey_eyes eyepatch_bikini lowleg_bikini swimsuit twintails very_long_hair,yu_mei-ren_(swimsuit_lancer)_(fate),yu_mei-ren_(fate) yu_mei-ren_(swimsuit_lancer)_(fate),1girl bare_legs bare_shoulders beach bikini blue_sky bracelet breasts brown_hair brown_sandals character_hair_ornament cleavage closed_mouth cloud ear_piercing eyepatch_bikini eyewear_on_head full_body grey_eyes groin hair_ornament hand_up holding holding_polearm holding_weapon horizon jewelry long_hair looking_at_viewer lowleg lowleg_bikini medium_breasts multiple_piercings navel ocean outdoors piercing platform_sandals polearm sand sandals side-tie_bikini_bottom sidelocks sky smile solo spaghetti_strap sparkle spear standing stomach sunglasses swimsuit swimsuit_cover-up toes twintails underboob very_long_hair weapon white_bikini,game_asset official_art third-party_source
yu_mei-ren_(third_ascension)_(fate),legacy_appearance_pack,,True,candidate,3,21,9193993,yu_mei-ren_(fate),Third Ascension,game_asset,https://apps.atlasacademy.io/db/JP/servant/230/assets,https://danbooru.donmai.us/posts/9193993,brown_hair red_eyes black_dress long_dress black_jacket fur-trimmed_jacket black_choker black_socks very_long_hair,yu_mei-ren_(third_ascension)_(fate),yu_mei-ren_(fate) yu_mei-ren_(third_ascension)_(fate),1girl arms_at_sides black_choker black_dress black_jacket black_socks breasts breasts_apart brown_hair choker closed_mouth clothing_cutout collarbone dress dual_wielding ear_piercing embers fire flaming_weapon floating_hair full_body fur-trimmed_jacket fur_trim head_tilt holding holding_sword holding_weapon jacket legs_together long_dress long_hair long_sidelocks long_sleeves looking_at_viewer medium_breasts multiple_piercings narrow_waist navel navel_cutout no_shoes open_clothes open_jacket parted_bangs piercing red_eyes revealing_clothes sideless_dress sidelocks socks solo standing stomach_cutout strapless strapless_dress sword underboob very_long_hair weapon,game_asset official_art third-party_source variant_set
yui_shousetsu_(fate),female_servant+danbooru_tag,505400,True,no_exact_tagged_post,0,,,,,,,,,,,,
zenobia_(fate),female_servant+danbooru_tag+legacy_appearance_pack,204500,True,candidate,5,9,9234785,zenobia_(fate),supplemental search,game_asset,https://apps.atlasacademy.io/db/JP/servant/325/assets,https://danbooru.donmai.us/posts/9234785,grey_hair pink_hair blue_eyes tiara black_skirt frilled_skirt black_gloves black_thighhighs elbow_gloves gold_choker very_long_hair,zenobia_(fate),zenobia_(fate),1girl anklet arm_at_side asymmetrical_dual_wielding ball_and_chain_restraint black_bra black_gloves black_panties black_skirt black_thighhighs blue_eyes bound bound_legs bra bracelet breasts breasts_apart chain closed_mouth cuffs dark-skinned_female dark_skin dual_wielding dust elbow_gloves fire fishnets flaming_weapon floating floating_object floating_weapon frilled_skirt frills full_body gloves gold_anklet gold_bracelet gold_chain gold_choker gold_tiara gradient_hair grey_hair groin hand_up high-low_skirt highleg highleg_panties holding holding_polearm holding_sword holding_weapon jewelry large_breasts layered_skirt long_hair long_skirt looking_to_the_side lowleg lowleg_skirt multicolored_hair navel panties pink_hair polearm revealing_clothes see-through_clothes see-through_skirt_layer shackles shawl skirt solo standing stomach sword thighhighs tiara toeless_legwear toned toned_female underboob underwear very_long_hair weapon white_shawl white_skirt,game_asset official_art third-party_source variant_set
