wiki_title,wiki_updated_at,status,image_type,image_id,form_title,label,wiki_url,form_wiki_url,form_wiki_status,form_wiki_updated_at,form_description,url,source,character_tags,copyright_tags,general_tags,meta_tags,md5
aino_(genshin_impact),2026-09-03T20:08:22.409-04:00,candidate,post,9734956,,Default,https://danbooru.donmai.us/wiki_pages/aino_(genshin_impact),,,,,https://danbooru.donmai.us/posts/9734956,https://twitter.com/genshinimpact/status/1951946396690448671,aino_(genshin_impact),genshin_impact,1girl arm_up asymmetrical_legwear bandaid bandaid_on_leg bandaid_on_thigh bangs_pinned_back black_choker black_dress bloomers choker closed_mouth coat copyright_name dress english_text forehead green_dress green_slippers grey_eyes hair_ornament hairclip halter_dress halterneck lab_coat long_hair looking_at_viewer mismatched_legwear mismatched_socks open_clothes open_coat pink_hair pink_socks screw_hair_ornament short_eyebrows sleeves_past_fingers sleeves_past_wrists slippers smile socks solo split_mouth very_long_hair white_coat white_socks x_hair_ornament,highres official_art,5def080d184818801467e1350aad5665
aino_(genshin_impact),2026-09-03T20:08:22.409-04:00,candidate,post,11935477,Aino (Vkusno I Tochka) (Genshin Impact),Vkusno I Tochka,https://danbooru.donmai.us/wiki_pages/aino_(genshin_impact),https://danbooru.donmai.us/wiki_pages/Aino_(Vkusno_I_Tochka)_(Genshin_Impact),found,2026-09-03T20:06:21.716-04:00,"An [[official alternate costume]] for [[Aino (Genshin Impact)|]] from the 2026 [[Genshin Impact]] and ""Vkusno i tochka"":[https://genshin-impact.fandom.com/wiki/Genshin_Impact_x_Vkusno_I_tochka] collaboration.",https://danbooru.donmai.us/posts/11935477,https://i.pximg.net/img-original/img/2026/08/06/18/17/45/148086456_p0.jpg,aino_(genshin_impact) aino_(vkusno_i_tochka)_(genshin_impact),genshin_impact,1girl :d ahoge bangs_pinned_back bare_shoulders coat dress forehead green_dress hair_between_eyes hair_ornament hair_ribbon hat huge_ahoge jacket large_forehead long_hair long_sleeves off_shoulder open_mouth pink_hair puffy_sleeves purple_eyes ribbon screw screw_hair_ornament simple_background sleeves_past_fingers sleeves_past_wrists smile solo standing v very_long_hair white_background,absurdres commentary highres,12503ebc190c6572527ab7fa178f3ccb
alice_(genshin_impact),2026-05-20T16:58:32.465-04:00,candidate,post,9671453,,Default,https://danbooru.donmai.us/wiki_pages/alice_(genshin_impact),,,,,https://danbooru.donmai.us/posts/9671453,https://twitter.com/genshinimpact/status/1947510173100126524,alice_(genshin_impact),genshin_impact,1girl blonde_hair character_name closed_mouth copyright_name english_text eyelashes from_behind hair_between_eyes hat long_hair looking_at_viewer looking_back nontraditional_witch_hat orange_eyes pointy_ears sidelocks smile solo upper_body very_long_hair vision_(genshin_impact) wavy_hair witch_hat,commentary english_commentary highres official_art,8b36f483d8fa4a76e61f195ac06a0b14
alice_(genshin_impact),2026-05-20T16:58:32.465-04:00,candidate,post,9424869,Alice (Prelude to Moonlight) (genshin impact),Prelude to Moonlight,https://danbooru.donmai.us/wiki_pages/alice_(genshin_impact),https://danbooru.donmai.us/wiki_pages/Alice_(Prelude_to_Moonlight)_(genshin_impact),found,2025-08-31T19:31:30.500-04:00,"An [[official alternate costume]] of [[Genshin Impact]]'s [[Alice (Genshin Impact)|]], as portrayed in the ""Prelude To Moonlight teaser trailer"":[https://www.youtube.com/watch?v=k1U2LnXd5GE].

This outfit bears a strong resemblance to Alice's daughter [[Klee (genshin impact)|]]'s costume [[Klee (Blossoming Starlight) (genshin impact)|Blossoming Starlight]], consisting of a [[red hat|red]] [[witch hat]] with a [[red bow|red]] [[hat bow]], a [[white shirt]] with a [[red bowtie]] and a [[red skirt]].",https://danbooru.donmai.us/posts/9424869,https://www.bilibili.com/opus/1075362968046141472,alice_(genshin_impact) alice_(prelude_to_moonlight)_(genshin_impact) dodoco_(genshin_impact),genshin_impact,1girl :< book bow bowtie grey_hair grin hat hat_bow long_hair red_bow red_bowtie red_hat shaded_face shirt smile very_long_hair white_shirt,commentary_request highres official_art,e8b24f50b3f9c431f6ed93b5cb6441bb
amber_(100%_outrider)_(genshin_impact),2026-08-10T03:31:08.077-04:00,appearance_missing,,,,,https://danbooru.donmai.us/wiki_pages/amber_(100%25_outrider)_(genshin_impact),,,,,,,,,,,
amber_(genshin_impact),2026-07-22T14:31:42.758-04:00,candidate,post,5304439,,Default,https://danbooru.donmai.us/wiki_pages/amber_(genshin_impact),,,,,https://danbooru.donmai.us/posts/5304439,https://twitter.com/Genshin_7/status/1236253535290789889,amber_(genshin_impact),genshin_impact,1girl boots breasts brown_gloves brown_hair brown_shorts cropped_jacket full_body gloves goggles goggles_on_head hairband jacket long_hair looking_at_viewer medium_breasts orange_eyes red_hairband red_jacket red_thighhighs shorts smile solo thigh_boots thigh_strap thighhighs thighhighs_under_boots thighs vision_(genshin_impact) white_boots,commentary_request highres official_art second-party_source translation_request,515bf7e8db2a38479a22a360af04ed5c
amber_(genshin_impact),2026-07-22T14:31:42.758-04:00,candidate,post,5577573,Amber (100% Outrider) (Genshin Impact),100% Outrider,https://danbooru.donmai.us/wiki_pages/amber_(genshin_impact),https://danbooru.donmai.us/wiki_pages/Amber_(100%25_Outrider)_(Genshin_Impact),found,2026-08-10T03:31:08.077-04:00,"[[Amber_(Genshin_Impact)|]]'s [[official alternate costume|costume]], replacing her default outfit on the Chinese server. 

Differences from the default outfit include a darker red/maroon (most noticeable in the [[short shorts]]) and added black accents to the colour palette, a switch to [[white gloves]], a reduction in her visible [[cleavage]], and a minor extension of the white fabric underneath her shorts (as her original shorts showed a small amount of her butt cheeks in-game).",https://danbooru.donmai.us/posts/5577573,https://twitter.com/genshinimpact/status/1557215159352950785,amber_(100%_outrider)_(genshin_impact) amber_(genshin_impact) baron_bunny_(genshin_impact),genshin_impact,1girl blush breasts brown_corset brown_eyes brown_gloves brown_hair cleavage corset cropped_jacket gloves goggles hair_between_eyes hair_ribbon hairband high-waist_shorts hood hooded_jacket jacket long_hair long_sleeves looking_at_viewer medium_breasts open_mouth outdoors red_jacket red_ribbon red_shorts ribbon short_shorts shorts shrug_(clothing) smile solo thighs underbust,absurdres commentary english_commentary highres official_art second-party_source,d73aac4a63e2bec556770448a1e682cc
amber_(genshin_impact),2026-07-22T14:31:42.758-04:00,candidate,post,9248170,Amber (Pizza Hut) (Genshin Impact),Pizza Hut,https://danbooru.donmai.us/wiki_pages/amber_(genshin_impact),https://danbooru.donmai.us/wiki_pages/Amber_(Pizza_Hut)_(Genshin_Impact),found,2025-12-06T13:25:00.042-05:00,"[[Amber_(Genshin_Impact)|]]'s [[official alternate costume|costume]] from 2022 [[Genshin Impact]] X ""Pizza Hut collaboration"":[https://t.bilibili.com/678291484890366085].",https://danbooru.donmai.us/posts/9248170,https://www.bilibili.com/opus/704658521108512772?spm_id_from=333.1387.0.0,amber_(genshin_impact) amber_(pizza_hut)_(genshin_impact) eula_(genshin_impact) eula_(pizza_hut)_(genshin_impact),genshin_impact pizza_hut,2girls apron black_gloves breasts brown_hair chef chef_hat dandelion elbow_gloves flower food full_body garter_straps gloves hair_between_eyes hair_ornament hair_ribbon hairclip hat high_heels holding holding_food holding_pizza long_hair long_sleeves looking_at_viewer multiple_girls official_alternate_costume open_mouth pantyhose pizza product_placement red_ribbon ribbon shoes short_shorts shorts single_garter_strap smile thighhighs white_gloves white_shoes white_thighhighs,absurdres chinese_commentary commentary_request highres official_art third-party_source,d358b3ffbdf00dbe4af0f83fae55cf40
amber_(genshin_impact),2026-07-22T14:31:42.758-04:00,candidate,post,5688751,Amber (Ludi Harpastum) (Genshin Impact),Ludi Harpastum,https://danbooru.donmai.us/wiki_pages/amber_(genshin_impact),https://danbooru.donmai.us/wiki_pages/Amber_(Ludi_Harpastum)_(Genshin_Impact),found,2025-12-06T08:43:29.664-05:00,"[[Amber (Genshin Impact)|]]'s [[official alternate costume|costume]] from [[Genshin Impact]], as portrayed in the Ludi Harpastum chapter of the ""prequel manga"":[https://genshin.hoyoverse.com/en/manga].",https://danbooru.donmai.us/posts/5688751,https://i.pximg.net/img-original/img/2022/09/21/20/35/06/101388128_p0.jpg,amber_(genshin_impact) amber_(ludi_harpastum)_(genshin_impact),genshin_impact,1girl :d bare_arms bare_shoulders belt blush border bow_hairband breasts brown_hair crossed_bangs hair_flaps hairband hand_up long_hair looking_at_viewer medium_breasts navel official_alternate_costume parted_lips red_shirt shirt short_shorts shorts smile solo stairs standing thigh_belt thigh_strap thighs v white_border yellow_eyes,commentary english_commentary highres,50399547536176ecccaaf8ff583667bb
anastasya_feodorovna_snezhnaya,2026-09-21T23:26:00.264-04:00,candidate,post,11745045,,,https://danbooru.donmai.us/wiki_pages/anastasya_feodorovna_snezhnaya,,,,,https://danbooru.donmai.us/posts/11745045,https://static.wikia.nocookie.net/gensin-impact/images/f/f5/Tsaritsa_Illustration.png?format=original,anastasya_feodorovna_snezhnaya,genshin_impact,1girl bare_shoulders blue_robe blue_tiara breasts chest_markings closed_mouth colored_eyelashes cross cross_earrings crystal_earrings detached_collar dress earrings elbow_gloves expressionless floating_earrings floating_hair fur_trim gem gloves hair_between_eyes hair_ornament holding holding_weapon jewelry kokoshnik long_sidelocks looking_at_viewer medium_breasts necklace robe sidelocks snowflake_pupils solo standing tiara weapon white_dress white_eyelashes white_gloves yellow_gem,highres official_art third-party_source,b91dfc0718d3fb3b4f2adba9667adca2
arlecchino_(genshin_impact),2026-06-27T16:49:24.693-04:00,candidate,post,7318295,,,https://danbooru.donmai.us/wiki_pages/arlecchino_(genshin_impact),,,,,https://danbooru.donmai.us/posts/7318295,https://twitter.com/GenshinImpact/status/1767128392535867610,arlecchino_(genshin_impact),genshin_impact,1girl black_eyes black_hair black_pants black_streaks coat earrings feet_out_of_frame fingernail_gloves frilled_sleeves frills from_behind jewelry leggings long_hair long_sleeves looking_at_viewer looking_back low_ponytail multicolored_hair pants ponytail profile red_hair solo standing streaked_hair very_long_hair white_coat white_hair,commentary highres official_art,10db4de07deb01b555c8bb34ded513ee
arlecchino_(genshin_impact),2026-06-27T16:49:24.693-04:00,candidate,post,7612816,Arlecchino (Cinder Of Two Worlds' Flames) (Genshin Impact),Cinder Of Two Worlds' Flames,https://danbooru.donmai.us/wiki_pages/arlecchino_(genshin_impact),https://danbooru.donmai.us/wiki_pages/Arlecchino_(Cinder_Of_Two_Worlds'_Flames)_(Genshin_Impact),found,2026-08-03T14:33:07.526-04:00,The boss form of [[Arlecchino (genshin impact)|]] in [[Genshin Impact]].,https://danbooru.donmai.us/posts/7612816,https://genshin-impact.fandom.com/wiki/File:Enemy_The_Knave_Full_Artwork.png,arlecchino_(cinder_of_two_worlds'_flames)_(genshin_impact) arlecchino_(genshin_impact),genshin_impact,1girl black_coat black_eyes black_pants black_shoes coat coattails crimson_moon's_semblance_(genshin_impact) fingernail_gloves fire floating full_body gradient_sky high_heels holding holding_scythe holding_weapon long_hair long_sleeves looking_at_viewer low_ponytail midair multicolored_hair outdoors outstretched_arm pants ponytail red_pupils red_sky red_wings scythe serious shoes sky solo stiletto_heels streaked_hair symbol-shaped_pupils tailcoat transparent_background two-sided_fabric weapon white_hair wings x-shaped_pupils,artist_request commentary english_commentary highres official_art third-party_source,6b4b116756d981200b75df997877efd7
arlecchino_(genshin_impact),2026-06-27T16:49:24.693-04:00,candidate,post,7952310,Peruere (Genshin Impact),[[Peruere (Genshin Impact)|]],https://danbooru.donmai.us/wiki_pages/arlecchino_(genshin_impact),https://danbooru.donmai.us/wiki_pages/Peruere_(Genshin_Impact),found,2026-08-03T14:32:52.333-04:00,The younger identity of [[Arlecchino (genshin impact)|]] from [[Genshin Impact]].,https://danbooru.donmai.us/posts/7952310,https://twitter.com/KyoMonn/status/1782768570012692519,arlecchino_(genshin_impact) peruere_(genshin_impact),genshin_impact,1girl aged_down animalization black_eyes black_hair black_shirt black_shorts capelet closed_mouth collared_capelet collared_shirt grey_hair hair_over_one_eye hands_up holding holding_stuffed_toy hug long_sleeves looking_at_viewer multicolored_eyes multicolored_hair person_and_animalization picture_frame red_pupils red_wings shirt short_hair shorts solo standing stuffed_toy symbol-shaped_pupils wings x-shaped_pupils,,afca4d4183c565eba7b9817bd04652be
arlecchino_(genshin_impact),2026-06-27T16:49:24.693-04:00,candidate,post,7456920,Arlecchino (Live Actually) (Genshin Impact),Live Actually,https://danbooru.donmai.us/wiki_pages/arlecchino_(genshin_impact),https://danbooru.donmai.us/wiki_pages/Arlecchino_(Live_Actually)_(Genshin_Impact),found,2026-08-03T14:33:28.959-04:00,"A costume of [[Arlecchino (Genshin Impact)|]] from [[Genshin Impact]] from the [[HoyoFair]] 2024 music video ""Realm of Faith: Live Actually"":[https://www.youtube.com/watch?v=mfUUI2ZDw6M].",https://danbooru.donmai.us/posts/7456920,https://twitter.com/ohyg3/status/1779442265364316668,arlecchino_(genshin_impact) arlecchino_(live_actually)_(genshin_impact),genshin_impact,1girl black_eyes black_hair fingernail_gloves full_body grey_hair hair_between_eyes high_heels hoyofair long_sleeves multicolored_hair multiple_views official_alternate_costume red_hair red_pupils reference_sheet smile standing streaked_hair symbol-shaped_pupils thighhighs turnaround x-shaped_pupils,absurdres commentary_request highres,a7cac0485ce5405285b777074ae09655
arlecchino_(genshin_impact),2026-06-27T16:49:24.693-04:00,asset_no_post_tags,asset,48944209,Arlecchino (Flame Fusion) (Genshin Impact),Flame Fusion,https://danbooru.donmai.us/wiki_pages/arlecchino_(genshin_impact),https://danbooru.donmai.us/wiki_pages/Arlecchino_(Flame_Fusion)_(Genshin_Impact),found,2026-08-03T14:31:28.342-04:00,"[[Arlecchino (Genshin Impact)|]]'s [[official alternate costume]] from the countdown art for [[Genshin Impact]]'s [[HoyoFair]] 2024 ""Flame Fusion Music and Art Festival"" video.",https://danbooru.donmai.us/media_assets/48944209,,,,,,
arlecchino_(genshin_impact),2026-06-27T16:49:24.693-04:00,asset_no_post_tags,asset,46329990,Arlecchino (Parallels Meet) (Genshin Impact),Parallels Meet,https://danbooru.donmai.us/wiki_pages/arlecchino_(genshin_impact),https://danbooru.donmai.us/wiki_pages/Arlecchino_(Parallels_Meet)_(Genshin_Impact),found,2026-03-12T20:52:42.802-04:00,"A costume of [[Arlecchino (Genshin Impact)|]] from [[Genshin Impact]] from the promotional art for the [[HoyoFair]] 2025 ""Parallels Meet"" video. 

Portrayed in a [[white shirt]] and [[white pants]].",https://danbooru.donmai.us/media_assets/46329990,,,,,,
arlecchino_(genshin_impact),2026-06-27T16:49:24.693-04:00,candidate,post,10313715,Arlecchino (Genshin Fes 2026) (Genshin Impact),Genshin Fes 2026,https://danbooru.donmai.us/wiki_pages/arlecchino_(genshin_impact),https://danbooru.donmai.us/wiki_pages/Arlecchino_(Genshin_Fes_2026)_(Genshin_Impact),found,2025-11-22T08:02:06.570-05:00,A costume of [[Arlecchino (Genshin Impact)|]] from [[Genshin Impact]] from the promotional art for the 2026 Genshin Fes.,https://danbooru.donmai.us/posts/10313715,https://act.mihoyo.com/ys/event/e20251121-fes-ab8hwt/fes_pc/index.html,arlecchino_(genshin_fes_2026)_(genshin_impact) arlecchino_(genshin_impact),genshin_impact,1girl black_eyes black_hands black_pants breasts cleavage closed_mouth colored_extremities cowboy_shot eye_mask floating_hair hair_ornament holding holding_mask long_hair looking_at_viewer mask medium_breasts multicolored_hair official_alternate_costume pants qr_code red_pupils red_streaks shirt solo streaked_hair symbol-shaped_pupils very_long_hair white_hair white_shirt wide_sleeves x-shaped_pupils,bad_source highres official_art translation_request,bf227b2725c34a3c26a9639721648ae0
barbara_(genshin_impact),2026-01-23T11:56:06.389-05:00,candidate,post,4117035,,Default,https://danbooru.donmai.us/wiki_pages/barbara_(genshin_impact),,,,,https://danbooru.donmai.us/posts/4117035,,barbara_(genshin_impact),genshin_impact,1girl black_shoes blonde_hair blue_eyes book book_holster bow breasts cross detached_sleeves dress dress_bow frilled_dress frills full_body hair_between_eyes hat latin_cross long_hair mini_hat one_eye_closed open_mouth pantyhose shoes sidelocks simple_background small_breasts smile solo swept_bangs tachi-e transparent_background twintails vision_(genshin_impact) wavy_hair white_dress white_pantyhose white_sleeves,absurdres artist_request highres official_art source_request,4b28ae3cdd9e171083abb882af713505
barbara_(genshin_impact),2026-01-23T11:56:06.389-05:00,candidate,post,5936119,Barbara (Summertime Sparkle) (Genshin Impact),Summertime Sparkle,https://danbooru.donmai.us/wiki_pages/barbara_(genshin_impact),https://danbooru.donmai.us/wiki_pages/Barbara_(Summertime_Sparkle)_(Genshin_Impact),found,2025-12-06T10:22:22.802-05:00,"An [[official alternate costume|official costume]] of [[Genshin Impact]]'s [[Barbara (genshin impact)|]], released in version 1.6.",https://danbooru.donmai.us/posts/5936119,https://static.wikia.nocookie.net/gensin-impact/images/5/5b/Character_Barbara_Summertime_Sparkle_Full_Wish.png/revision/latest?cb=20220508030837&format=original,barbara_(genshin_impact) barbara_(summertime_sparkle)_(genshin_impact) slime_(genshin_impact),genshin_impact,1girl beach bird blonde_hair blue_eyes duck feet looking_at_viewer monster official_alternate_costume plant rubber_duck sand sandals toes transparent_background twintails water wooden_floor,highres official_art third-party_source,3bc952fc875021014f66f2e30a2a4077
barbara_(genshin_impact),2026-01-23T11:56:06.389-05:00,candidate,post,7899698,Barbara (Pizza Alvolo) (Genshin Impact),Pizza Alvolo,https://danbooru.donmai.us/wiki_pages/barbara_(genshin_impact),https://danbooru.donmai.us/wiki_pages/Barbara_(Pizza_Alvolo)_(Genshin_Impact),found,2025-12-06T10:03:39.245-05:00,"[[Barbara_(Genshin_Impact)|]]'s [[official alternate costume|costume]] from [[Genshin Impact]] X ""Pizza Alvolo collaboration"":[https://act.hoyoverse.com/puzzle/hk4e/pz_ghyEoqaAFP/index.html].",https://danbooru.donmai.us/posts/7899698,https://act.hoyoverse.com/puzzle/hk4e/pz_ghyEoqaAFP/index.html,barbara_(genshin_impact) barbara_(pizza_alvolo)_(genshin_impact),genshin_impact,1girl black_bow black_hat black_shoes blonde_hair blue_eyes bow choker cup drinking_straw full_body hair_between_eyes hat holding holding_cup long_sleeves looking_at_viewer medium_hair official_alternate_costume open_mouth shoes simple_background skirt smile socks solo standing striped_clothes striped_skirt teeth transparent_background twintails upper_teeth_only white_socks,official_art,8765f63481bf71f3df14f84a66c22dc0
barbara_(genshin_impact),2026-01-23T11:56:06.389-05:00,candidate,post,4728405,Barbara (Genshin Concert) (Genshin Impact),Genshin Concert,https://danbooru.donmai.us/wiki_pages/barbara_(genshin_impact),https://danbooru.donmai.us/wiki_pages/Barbara_(Genshin_Concert)_(Genshin_Impact),found,2025-12-06T08:50:19.875-05:00,"[[Barbara (genshin impact)|]]'s [[official alternate costume|costume]] from the ""2021 Genshin Concert artwork"":[https://i0.hdslb.com/bfs/article/f9902849ba66ce76d9c27f7ba7e08be8ef89b800.jpg].",https://danbooru.donmai.us/posts/4728405,https://i.pximg.net/img-original/img/2021/08/25/11/32/52/92246312_p0.jpg,barbara_(genshin_concert)_(genshin_impact) barbara_(genshin_impact),genshin_impact,1girl blonde_hair breasts closed_eyes copyright_name dress drill_hair gloves hair_between_eyes harmonica holding holding_instrument in_water instrument long_hair medium_breasts playing_instrument sidelocks single_glove solo twin_drills twintails white_dress white_gloves,chinese_commentary commentary highres,4b6d8204a3f0bacea08cb27d512f37d0
barbara_(summertime_sparkle)_(genshin_impact),2025-12-06T10:22:22.802-05:00,candidate,post,5936119,,Profile,https://danbooru.donmai.us/wiki_pages/barbara_(summertime_sparkle)_(genshin_impact),,,,,https://danbooru.donmai.us/posts/5936119,https://static.wikia.nocookie.net/gensin-impact/images/5/5b/Character_Barbara_Summertime_Sparkle_Full_Wish.png/revision/latest?cb=20220508030837&format=original,barbara_(genshin_impact) barbara_(summertime_sparkle)_(genshin_impact) slime_(genshin_impact),genshin_impact,1girl beach bird blonde_hair blue_eyes duck feet looking_at_viewer monster official_alternate_costume plant rubber_duck sand sandals toes transparent_background twintails water wooden_floor,highres official_art third-party_source,3bc952fc875021014f66f2e30a2a4077
beidou_(genshin_impact),2025-12-06T13:15:57.559-05:00,candidate,post,4118058,,,https://danbooru.donmai.us/wiki_pages/beidou_(genshin_impact),,,,,https://danbooru.donmai.us/posts/4118058,https://static.wikia.nocookie.net/gensin-impact/images/0/05/Beidou_Portrait.png/revision/latest?cb=20200916170732&format=original,beidou_(genshin_impact),genshin_impact,1girl amulet black_gloves black_hair black_leotard black_thighhighs blackcliff_slasher_(genshin_impact) boots breasts capelet chinese_clothes eyepatch fingerless_gloves full_body fur_trim gloves hair_ornament hair_over_one_eye hairclip high_heel_boots high_heels holding holding_sword holding_weapon leotard long_hair medium_breasts parted_lips pelvic_curtain red_capelet red_eyes smile solo sword tassel thigh_boots thighhighs thighhighs_under_boots transparent_background vision_(genshin_impact) weapon wrist_guards,absurdres artist_request highres official_art,0c97da707c8fc37cc76b3bfeb6ac54d3
beidou_(genshin_impact),2025-12-06T13:15:57.559-05:00,candidate,post,4720167,Beidou (Genshin Concert) (Genshin Impact),2021 Genshin Concert,https://danbooru.donmai.us/wiki_pages/beidou_(genshin_impact),https://danbooru.donmai.us/wiki_pages/Beidou_(Genshin_Concert)_(Genshin_Impact),found,2025-12-06T08:56:27.254-05:00,"[[Beidou (genshin impact)|]]'s [[official alternate costume|costume]] from the ""2021 Genshin Concert artwork"":[https://i0.hdslb.com/bfs/article/f9902849ba66ce76d9c27f7ba7e08be8ef89b800.jpg].",https://danbooru.donmai.us/posts/4720167,https://twitter.com/shirona_775/status/1429086895976292361,beidou_(genshin_concert)_(genshin_impact) beidou_(genshin_impact),genshin_impact,1girl black_dress black_hair bow cello dress eyepatch hair_ornament hairclip high_heels holding holding_instrument instrument long_hair looking_at_viewer playing_instrument red_eyes sidelocks simple_background smile solo white_background,commentary_request highres,5110d8d71569fadbe0a733a9635d6062
beidou_(genshin_impact),2025-12-06T13:15:57.559-05:00,candidate,post,5793490,Beidou (Cadillac) (Genshin Impact),Cadillac,https://danbooru.donmai.us/wiki_pages/beidou_(genshin_impact),https://danbooru.donmai.us/wiki_pages/Beidou_(Cadillac)_(Genshin_Impact),found,2025-12-06T13:27:50.777-05:00,"[[Beidou_(Genshin_Impact)|]]'s [[official alternate costume|costume]] from [[Genshin Impact]] X ""Cadillac collaboration"":[https://t.bilibili.com/706512877572325440].
The outfit is a [[formal clothes]] [[black dress|black]] [[halter dress]] with [[red footwear|red]] [[high heels]] and a large [[feather boa]].",https://danbooru.donmai.us/posts/5793490,https://t.bilibili.com/706512877572325440,beidou_(cadillac)_(genshin_impact) beidou_(genshin_impact) kaedehara_kazuha kaedehara_kazuha_(cadillac),genshin_impact,1boy 1girl black_boots black_dress black_jacket black_pants boots breasts brown_hair cadillac cadillac_ct4 cadillac_xt4 car dress formal_clothes general_motors grey_hair halter_dress halterneck high_heels itasha jacket long_hair medium_breasts motor_vehicle multicolored_hair official_alternate_costume one_eye_covered orange_hair pants red_car red_shoes shoes smile sports_utility_vehicle streaked_hair suit white_car,chinese_commentary commentary_request highres official_art,d07fd0129b933e2335520d040ef5196a
beidou_(genshin_impact),2025-12-06T13:15:57.559-05:00,candidate,post,8133343,Beidou (McDonalds) (Genshin Impact),McDonalds,https://danbooru.donmai.us/wiki_pages/beidou_(genshin_impact),https://danbooru.donmai.us/wiki_pages/Beidou_(McDonalds)_(Genshin_Impact),found,2025-12-06T13:29:54.474-05:00,"[[Beidou_(Genshin_Impact)|]]'s [[official alternate costume|costume]] from [[Genshin Impact]] X ""McDonalds collaboration"":[https://twitter.com/McDonalds/status/1833524984955998549].",https://danbooru.donmai.us/posts/8133343,https://twitter.com/McDonalds/status/1833524984955998549,beidou_(genshin_impact) beidou_(mcdonalds)_(genshin_impact) kaedehara_kazuha kaedehara_kazuha_(mcdonalds) slime_(genshin_impact),genshin_impact mcdonald's,1boy 1girl belt bespectacled black_hair breasts building cellphone closed_mouth cloud crossed_bangs day glasses hair_between_eyes headphones headphones_around_neck holding holding_phone jacket jewelry long_hair long_sleeves looking_at_viewer multicolored_hair necklace open_clothes open_jacket outdoors parted_lips phone ponytail red_eyes sky smartphone streaked_hair sweater_vest tree turtleneck,commentary english_commentary highres official_art promotional_art,694b6ab04e1cc6332644e3d488d06b96
candace_(genshin_impact),2025-12-06T13:02:45.700-05:00,candidate,post,5612820,,,https://danbooru.donmai.us/wiki_pages/candace_(genshin_impact),,,,,https://danbooru.donmai.us/posts/5612820,https://twitter.com/Genshin_7/status/1561655920391864321,candace_(genshin_impact),genshin_impact,1girl bare_shoulders blue_eyes blue_hair blush breasts dark-skinned_female dark_skin detached_sleeves eye_of_horus hair_between_eyes hair_ornament heterochromia jewelry looking_at_viewer medium_breasts nail_polish navel polearm purple_hair shield short_hair short_hair_with_long_locks sidelocks solo spear standing thighs toe_ring toenail_polish toenails weapon,commentary_request highres official_art second-party_source translation_request,c5a04065ee1c3d66393ac2d008d71901
charlotte_(genshin_impact),2026-06-21T14:27:15.110-04:00,candidate,post,6715419,,Profile,https://danbooru.donmai.us/wiki_pages/charlotte_(genshin_impact),,,,,https://danbooru.donmai.us/posts/6715419,https://twitter.com/GenshinImpact/status/1706248551075041753,charlotte_(genshin_impact),genshin_impact,1girl armpit_peek asymmetrical_bangs black_culottes black_shorts blue_eyes boots bow breasts brooch camera culottes detached_sleeves gloves gold_trim hair_between_eyes hat hat_feather holding holding_camera jewelry logo looking_at_viewer medium_hair monocle open_mouth pink_hair pleated_shorts red_hat shorts small_breasts solo thigh_strap vision_(genshin_impact) white_gloves,commentary english_commentary highres official_art second-party_source,c0dbcbd590bb9765fa0da59459ad78a3
charlotte_(genshin_impact),2026-06-21T14:27:15.110-04:00,candidate,post,11614983,Charlotte (Hurlock Variations) (Genshin Impact),Hurlock Variations,https://danbooru.donmai.us/wiki_pages/charlotte_(genshin_impact),https://danbooru.donmai.us/wiki_pages/Charlotte_(Hurlock_Variations)_(Genshin_Impact),found,2026-06-18T08:44:08.677-04:00,An [[official alternate costume]] for [[Charlotte (Genshin Impact)|]] in [[Genshin Impact]].,https://danbooru.donmai.us/posts/11614983,https://x.com/genshin_7/status/2067591910777323893,charlotte_(genshin_impact) charlotte_(hurlock_variations)_(genshin_impact),genshin_impact,1girl aqua_eyes aqua_skirt belt black_cat black_gloves brown_shoes capelet cat gloves hat holding holding_magnifying_glass kneehighs long_sleeves looking_at_viewer magnifying_glass medium_hair necktie official_alternate_costume official_alternate_hairstyle open_mouth pink_hair shoes skirt smile socks solo standing white_socks,commentary_request highres official_art,30b0724215e5be350269ae40900b9c0b
charlotte_(hurlock_variations)_(genshin_impact),2026-06-18T08:44:08.677-04:00,appearance_missing,,,,,https://danbooru.donmai.us/wiki_pages/charlotte_(hurlock_variations)_(genshin_impact),,,,,,,,,,,
chasca_(genshin_impact),2026-06-27T17:54:52.611-04:00,candidate,post,8257777,,Default,https://danbooru.donmai.us/wiki_pages/chasca_(genshin_impact),,,,,https://danbooru.donmai.us/posts/8257777,https://twitter.com/GenshinImpact/status/1843229843703599304,chasca_(genshin_impact),genshin_impact,1girl asymmetrical_clothes asymmetrical_gloves bare_shoulders black_gloves black_hat black_pants black_shirt blue_eyes breasts cleavage elf gloves hat leggings long_hair looking_at_viewer medium_breasts mole mole_on_shoulder multicolored_hair navel pants pink_lips pointy_ears purple_hair red_hair red_scarf scarf shirt single_pantsleg sleeveless sleeveless_shirt solo thigh_strap thighs two-tone_hair very_long_hair,commentary english_commentary highres official_art,1eb751f166ec1ac4bb4a968c0e07fbb3
chasca_(genshin_impact),2026-06-27T17:54:52.611-04:00,candidate,post,8612226,Chasca (Hello Cycling) (Genshin Impact),Hello Cycling,https://danbooru.donmai.us/wiki_pages/chasca_(genshin_impact),https://danbooru.donmai.us/wiki_pages/Chasca_(Hello_Cycling)_(Genshin_Impact),found,2026-06-27T15:59:16.526-04:00,An [[official alternate costume]] of [[Genshin Impact|Genshin Impact's]] [[Chasca (Genshin Impact)|]] from a collaboration with Hello Cycling.,https://danbooru.donmai.us/posts/8612226,https://twitter.com/Genshin_7/status/1870099584636141994,ajaw_(genshin_impact) chasca_(genshin_impact) chasca_(hello_cycling)_(genshin_impact) kinich_(genshin_impact) kinich_(hello_cycling)_(genshin_impact) mualani_(genshin_impact) mualani_(hello_cycling)_(genshin_impact) xilonen_(genshin_impact) xilonen_(hello_cycling)_(genshin_impact),genshin_impact,1boy 3girls ahoge animal_ears arm_up arms_up bag belt bicycle black_belt black_pants blonde_hair blue_bra blue_eyes blue_hair blue_shorts blue_sky blunt_bangs bra bracelet chibi chibi_only clenched_hand closed_mouth clothes_around_waist cloud cloudy_sky contemporary crop_top cropped_jacket elf eyewear_on_head fingerless_gloves friends gloves gradient_hair green_eyes green_hair hair_between_eyes hair_over_one_eye hand_in_own_hair hand_on_own_hip handbag happy hat head_tilt headband high-waist_pants high_collar high_ponytail hood hoodie huge_ahoge jacket jacket_around_waist jewelry kneehighs long_hair long_sleeves looking_at_viewer looking_to_the_side multicolored_eyes multicolored_hair multiple_girls navel necklace official_alternate_costume open_clothes open_jacket open_mouth outdoors pants pointy_ears ponytail purple_hair red_bra red_eyes red_lips shade short_shorts short_sleeves shorts sitting sky socks standing stomach streaked_hair sunglasses tail tan underwear white_gloves wrist_cuffs yellow_jacket,commentary_request official_art,81a60827a1ff59d04d24f8a29c9bcb7a
chevreuse_(genshin_impact),2025-12-06T12:41:32.028-05:00,candidate,post,6852009,,Key Visual,https://danbooru.donmai.us/wiki_pages/chevreuse_(genshin_impact),,,,,https://danbooru.donmai.us/posts/6852009,https://twitter.com/GenshinImpact/status/1721468809410990229,chevreuse_(genshin_impact),genshin_impact,1girl antique_firearm bare_shoulders black_dress black_hat black_pantyhose boots bright_pupils brown_boots crossed_bangs detached_sleeves dress earmuffs earmuffs_around_neck eyepatch full_body gaiters gloves gold_trim gun hair_between_eyes hat holding holding_gun holding_weapon long_hair looking_at_viewer mole mole_under_mouth multicolored_hair pantyhose pointy_hair puffy_detached_sleeves puffy_sleeves purple_eyes purple_hair red_dress rifle shako_cap sidelocks solo squatting strapless strapless_dress streaked_hair thigh_boots thighhigh_gaiters thighhighs two-tone_dress two-tone_hair very_long_hair weapon white_gloves white_hair white_pupils,commentary english_commentary highres official_art second-party_source,2415a4d3e7de8f8b1230f3c4e8dd6a44
chiori_(genshin_impact),2025-12-06T12:41:03.892-05:00,candidate,post,7152659,,,https://danbooru.donmai.us/wiki_pages/chiori_(genshin_impact),,,,,https://danbooru.donmai.us/posts/7152659,https://twitter.com/GenshinImpact/status/1751908078096887930,chiori_(genshin_impact),genshin_impact,1girl black_bow black_gloves black_pantyhose blonde_hair bow brown_hair colored_inner_hair copyright_name dual_wielding gloves grey_kimono haori holding holding_sword holding_weapon japanese_clothes kimono legs long_hair looking_at_viewer miniskirt multicolored_hair obi open_clothes pantyhose pleated_skirt ponytail purple_lips red_eyes red_sash sash short_kimono short_sleeves skirt solo sword two-tone_legwear weapon yellow_skirt,commentary highres official_art,c3cd1306a9f9dd657ee028b5b8ad7ea6
cicin_mage_(genshin_impact),2021-05-05T01:08:05.252-04:00,appearance_missing,,,,,https://danbooru.donmai.us/wiki_pages/cicin_mage_(genshin_impact),,,,,,,,,,,
citlali_(genshin_impact),2026-06-21T00:10:02.237-04:00,candidate,post,8482112,,Profile,https://danbooru.donmai.us/wiki_pages/citlali_(genshin_impact),,,,,https://danbooru.donmai.us/posts/8482112,https://twitter.com/GenshinImpact/status/1860987040042496377,citlali_(genshin_impact) itzpapa_(genshin_impact),genshin_impact,1girl backless_leotard backless_outfit black_leotard black_sandals blue_eyes blue_nails braid breasts copyright_name cryo_symbol_(genshin_impact) english_text facial_mark feet fingerless_gloves fingernails forehead_mark from_side full_body gladiator_sandals gloves hair_intakes hair_ornament halter_leotard halterneck high_heel_sandals high_heels holding holding_stuffed_toy leaf_hair_ornament leotard long_hair looking_at_viewer medium_breasts nail_polish pink_hair pink_pupils purple_hair purple_skirt sandals skirt solo stuffed_toy toenail_polish toenails toes very_long_hair,commentary english_commentary highres official_art,3b2f23e8579590d0f5fb2e86a971fe74
citlali_(genshin_impact),2026-06-21T00:10:02.237-04:00,candidate,post,11614979,Citlali (Whispers of Stars and Smoke) (Genshin Impact),Whispers Of Stars and Smoke,https://danbooru.donmai.us/wiki_pages/citlali_(genshin_impact),https://danbooru.donmai.us/wiki_pages/Citlali_(Whispers_of_Stars_and_Smoke)_(Genshin_Impact),found,2026-06-18T08:45:43.761-04:00,An [[official alternate costume]] for [[Citlali (Genshin Impact)|]] in [[Genshin Impact]].,https://danbooru.donmai.us/posts/11614979,https://x.com/genshin_7/status/2067591910777323893,citlali_(genshin_impact) citlali_(whispers_of_stars_and_smoke)_(genshin_impact) citlalin_(genshin_impact) itzpapa_(genshin_impact),genshin_impact,1girl arm_warmers blue_eyes facial_mark fingerless_gloves gloves knee_up leg_warmers long_hair looking_at_viewer lying multicolored_hair official_alternate_costume on_back one_eye_closed open_mouth parted_lips pink_hair pink_pupils purple_gloves purple_socks slippers socks solo triangle triangle_facial_mark white_arm_warmers white_leg_warmers white_slippers,commentary_request highres official_art,f6af620b1751778ab065cad0287c1078
citlali_(genshin_impact),2026-06-21T00:10:02.237-04:00,candidate,post,10778833,Citlali (Mom's Touch) (Genshin Impact),Mom's Touch,https://danbooru.donmai.us/wiki_pages/citlali_(genshin_impact),https://danbooru.donmai.us/wiki_pages/Citlali_(Mom's_Touch)_(Genshin_Impact),found,2026-02-16T18:43:20.139-05:00,"[[Citlali_(Genshin_Impact)|]]'s [[official alternate costume]] from ""Genshin Impact x Mom's Touch"":[https://twitter.com/genshinimpactkr/status/2022297533385756737].",https://danbooru.donmai.us/posts/10778833,https://x.com/genshinimpactkr/status/2022306724372476078,citlali_(genshin_impact) citlali_(mom's_touch)_(genshin_impact) citlalin_(genshin_impact) itzpapa_(genshin_impact),genshin_impact,1girl arm_strap black_hairband black_nails black_ribbon black_sandals blue_eyes bracelet braid burger chicken_(food) closed_mouth cup disposable_cup dress facial_mark food fried_chicken full_body hair_ribbon hairband index_finger_raised indoors jewelry layered_dress long_hair looking_at_viewer official_alternate_costume pink_hair pink_pupils ribbon sandals sitting sleeveless solo thigh_strap triangle triangle_facial_mark twin_braids,commentary_request highres korean_commentary official_art,b74fb24fcd296f1e2fe328f7f6b94190
citlali_(genshin_impact),2026-06-21T00:10:02.237-04:00,asset_no_post_tags,asset,36783800,Citlali (Parallels Meet School) (Genshin Impact),Parallels Meet School,https://danbooru.donmai.us/wiki_pages/citlali_(genshin_impact),https://danbooru.donmai.us/wiki_pages/Citlali_(Parallels_Meet_School)_(Genshin_Impact),found,2025-11-23T08:19:26.580-05:00,"A costume of [[Citlali (Genshin Impact)|]] from [[Genshin Impact]] from a high school-themed promotional art for the [[HoyoFair]] 2025 ""Parallels Meet"" video. 

Portrayed in a [[school uniform]] with a [[purple skirt]], [[purple bowtie]], and a black or purple [[cardigan]].",https://danbooru.donmai.us/media_assets/36783800,,,,,,
citlali_(whispers_of_stars_and_smoke)_(genshin_impact),2026-06-18T08:45:43.761-04:00,appearance_missing,,,,,https://danbooru.donmai.us/wiki_pages/citlali_(whispers_of_stars_and_smoke)_(genshin_impact),,,,,,,,,,,
clorinde_(genshin_impact),2026-08-03T14:31:53.567-04:00,candidate,post,7487468,,Default,https://danbooru.donmai.us/wiki_pages/clorinde_(genshin_impact),,,,,https://danbooru.donmai.us/posts/7487468,https://twitter.com/GenshinImpact/status/1782348714914226396,clorinde_(genshin_impact),genshin_impact,1girl >:( black_skirt blue_hair boots breasts corset earrings foot_out_of_frame framed_breasts gloves gun handgun hat hat_feather high_heel_boots high_heels holding holding_gun holding_weapon jewelry long_hair long_sleeves looking_at_viewer low_ponytail medium_breasts miniskirt pantyhose pencil_skirt ponytail purple_eyes shirt skirt solo taut_clothes taut_shirt thigh_strap thighs tricorne v-shaped_eyebrows very_long_hair vision_(genshin_impact) weapon white_gloves white_shirt,commentary highres official_art,857d86240d64220559566673ba011131
clorinde_(genshin_impact),2026-08-03T14:31:53.567-04:00,candidate,post,7677390,clorinde_(game_master)_(genshin_impact),Game Master,https://danbooru.donmai.us/wiki_pages/clorinde_(genshin_impact),https://danbooru.donmai.us/wiki_pages/clorinde_(game_master)_(genshin_impact),found,2026-03-01T10:14:22.868-05:00,[[Clorinde (genshin impact)|]]'s [[official alternate costume|official costume]] from the events of her Story Quest.,https://danbooru.donmai.us/posts/7677390,https://genshin-impact.fandom.com/wiki/File:Marechaussee_Hunter_Judgment_Day_Clorinde_Game_Master.png,clorinde_(game_master)_(genshin_impact) clorinde_(genshin_impact),genshin_impact,1girl aiguillette blue_hair blue_hat blue_jacket book bow collar earrings gloves gold_trim hair_between_eyes hair_bow hat hat_feather high_collar holding holding_book jacket jewelry long_hair long_sleeves low_ponytail official_alternate_costume pants ponytail purple_eyes shirt solo tabletop_troupe_(genshin_impact) transparent_background upper_body white_bow white_collar white_gloves white_jacket white_pants white_shirt wide_brim,commentary english_commentary highres official_art third-party_source,01a615d979f55e0e41f53cae50c081c0
clorinde_(genshin_impact),2026-08-03T14:31:53.567-04:00,candidate,post,8403630,clorinde_(luckin_coffee)_(genshin_impact),Luckin Coffee,https://danbooru.donmai.us/wiki_pages/clorinde_(genshin_impact),https://danbooru.donmai.us/wiki_pages/clorinde_(luckin_coffee)_(genshin_impact),found,2025-12-16T02:18:52.286-05:00,"[[Clorinde_(Genshin_Impact)|]]'s [[official alternate costume|costume]] from [[Genshin Impact]] X ""Luckin Coffee collaboration"":[https://t.bilibili.com/997425469260300312].",https://danbooru.donmai.us/posts/8403630,https://t.bilibili.com/997425469260300312,clorinde_(genshin_impact) clorinde_(luckin_coffee)_(genshin_impact) sigewinne_(genshin_impact) sigewinne_(luckin_coffee)_(genshin_impact),genshin_impact,2girls belt black_belt black_hat black_pantyhose black_skirt blue_dress blue_hair cup disposable_coffee_cup disposable_cup dress feet_out_of_frame hat high-waist_skirt holding holding_cup long_hair long_sleeves miniskirt multiple_girls official_alternate_costume pantyhose pencil_skirt pom_pom_(clothes) puffy_short_sleeves puffy_sleeves purple_eyes purple_hair shirt short_sleeves skirt standing very_long_hair white_hat white_shirt wrist_cuffs,commentary_request highres official_art translation_request,6f9dd9dbaa7ebbb73209bba08d3ec31c
clorinde_(genshin_impact),2026-08-03T14:31:53.567-04:00,asset_no_post_tags,asset,31965289,Clorinde (Galaxy Store) (Genshin Impact),Galaxy Store,https://danbooru.donmai.us/wiki_pages/clorinde_(genshin_impact),https://danbooru.donmai.us/wiki_pages/Clorinde_(Galaxy_Store)_(Genshin_Impact),found,2025-12-16T02:19:34.587-05:00,"[[Clorinde (Genshin Impact)|]]'s [[official alternate costume|costume]] from the 2025 [[Genshin Impact]] X ""Galaxy Store collaboration"":[https://www.youtube.com/watch?v=haZpiRMBd8g].",https://danbooru.donmai.us/media_assets/31965289,,,,,,
clorinde_(genshin_impact),2026-08-03T14:31:53.567-04:00,candidate,post,7049082,Clorinde (Teyvat Turboflux) (Genshin Impact),Teyvat Turboflux,https://danbooru.donmai.us/wiki_pages/clorinde_(genshin_impact),https://danbooru.donmai.us/wiki_pages/Clorinde_(Teyvat_Turboflux)_(Genshin_Impact),found,2026-08-03T14:32:20.325-04:00,"A costume of [[Clorinde (Genshin Impact)|]] from [[Genshin Impact]] from the promotional art for the [[HoyoFair]] 2024 ""Teyvat Turboflux: Tail-Light Trail"" video.",https://danbooru.donmai.us/posts/7049082,https://twitter.com/Baek_Hyang01/status/1742334960248471890,clorinde_(genshin_impact) clorinde_(teyvat_turboflux)_(genshin_impact),genshin_impact,1girl belt blue_hair blue_hairband breasts brown_pantyhose brown_thighhighs cape cleavage crop_top full_body gloves hairband high_heels hoyofair long_hair looking_at_viewer medium_breasts midriff navel official_alternate_costume pantyhose purple_eyes short_shorts shorts simple_background single_leg_pantyhose single_thighhigh solo standing thighhighs very_long_hair white_background white_shorts,absurdres commentary highres,b2999e4915ad9e4b113212fb309607db
clorinde_(genshin_impact),2026-08-03T14:31:53.567-04:00,asset_no_post_tags,asset,48944210,Clorinde (Flame Fusion) (Genshin Impact),Flame Fusion,https://danbooru.donmai.us/wiki_pages/clorinde_(genshin_impact),https://danbooru.donmai.us/wiki_pages/Clorinde_(Flame_Fusion)_(Genshin_Impact),found,2026-08-03T14:31:17.705-04:00,"[[Clorinde (Genshin Impact)|]]'s [[official alternate costume]] from the countdown art for [[Genshin Impact]]'s [[HoyoFair]] 2024 ""Flame Fusion Music and Art Festival"" video.",https://danbooru.donmai.us/media_assets/48944210,,,,,,
cloud_retainer_(genshin_impact),2025-12-06T11:17:03.874-05:00,appearance_missing,,,,,https://danbooru.donmai.us/wiki_pages/cloud_retainer_(genshin_impact),,,,,,,,,,,
collei_(genshin_impact),2025-12-06T12:56:35.109-05:00,candidate,post,5499272,,,https://danbooru.donmai.us/wiki_pages/collei_(genshin_impact),,,,,https://danbooru.donmai.us/posts/5499272,https://twitter.com/GenshinImpact/status/1546347989836345345,collei_(genshin_impact),genshin_impact,1girl black_boots boots bow_(weapon) brown_thighhighs capelet closed_mouth crossed_bangs detached_sleeves feet_out_of_frame green_capelet green_hair hair_between_eyes hair_ornament high_heel_boots high_heels holding holding_bow_(weapon) holding_weapon logo purple_eyes solo tassel tassel-trimmed_capelet thighhighs vision_(genshin_impact) weapon,commentary english_commentary highres official_art second-party_source,1f7532d24be4821dd6c6734bcbdf3b65
collei_(genshin_impact),2025-12-06T12:56:35.109-05:00,candidate,post,5567572,Collei (Young) (Genshin Impact),Young,https://danbooru.donmai.us/wiki_pages/collei_(genshin_impact),https://danbooru.donmai.us/wiki_pages/Collei_(Young)_(Genshin_Impact),found,2025-07-26T22:53:54.431-04:00,"The [[aged down|younger version]] of [[Genshin Impact]]'s [[Collei (Genshin Impact)|]], as portrayed in the ""prequel manga"":[https://genshin.hoyoverse.com/en/manga].",https://danbooru.donmai.us/posts/5567572,https://i.pximg.net/img-original/img/2022/07/15/18/42/52/99741119_p0.jpg,collei_(genshin_impact) collei_(young)_(genshin_impact),genshin_impact,1girl bandaged_arm bandages cloak closed_mouth green_hair hat looking_at_viewer purple_eyes short_hair signature solo white_cloak white_hat,absurdres commentary highres,995c46241ae378aaae1003b37290e2b4
collei_(genshin_impact),2025-12-06T12:56:35.109-05:00,candidate,post,6321832,Collei (Kiehls') (Genshin Impact),Kiehls',https://danbooru.donmai.us/wiki_pages/collei_(genshin_impact),https://danbooru.donmai.us/wiki_pages/Collei_(Kiehls')_(Genshin_Impact),found,2025-12-06T13:04:54.229-05:00,"[[Collei_(Genshin_Impact)|]]'s [[official alternate costume]] from [[Genshin Impact]] X ""Kiehl's collaboration"":[https://www.reddit.com/r/Genshin_Impact/comments/13gghht/kiehls_x_genshin_impact_collaboration_visual].",https://danbooru.donmai.us/posts/6321832,https://www.reddit.com/r/Genshin_Impact/comments/13gghht/kiehls_x_genshin_impact_collaboration_visual/,collei_(genshin_impact) collei_(kiehls')_(genshin_impact) shroomboar_(genshin_impact) tighnari_(genshin_impact) tighnari_(kiehls')_(genshin_impact),genshin_impact kiehl's,1boy 1girl ahoge animal_ears backpack bag bird black_hair eyewear_on_head fingerless_gloves flower forest fox_boy fox_ears fox_tail gloves goggles goggles_around_neck green_hair grey_gloves hair_between_eyes hair_flower hair_ornament holding holding_jar holding_magnifying_glass jar lantern leaf leaf_on_head magnifying_glass multicolored_hair nature official_alternate_costume outdoors streaked_hair table tail white_gloves wooden_table,commentary highres official_art third-party_source,54db813dbfc6e6fd57bec68e3202eb20
collei_(genshin_impact),2025-12-06T12:56:35.109-05:00,asset_no_post_tags,asset,33491173,Collei (Dodo Pizza) (Genshin Impact),Dodo Pizza,https://danbooru.donmai.us/wiki_pages/collei_(genshin_impact),https://danbooru.donmai.us/wiki_pages/Collei_(Dodo_Pizza)_(Genshin_Impact),found,2025-10-13T21:36:21.274-04:00,"A costume of [[Collei (Genshin Impact)|]] from the ""promo video"":[https://www.youtube.com/watch?v=5Ym0sQ8vetE] for a 2024 [[Genshin Impact]] collaboration with Dodo Pizza.

Portrayed as a [[ballerina]].",https://danbooru.donmai.us/media_assets/33491173,,,,,,
columbina_(genshin_impact),2026-07-25T00:26:14.366-04:00,candidate,post,10406382,,Default,https://danbooru.donmai.us/wiki_pages/columbina_(genshin_impact),,,,,https://danbooru.donmai.us/posts/10406382,https://x.com/GenshinImpact/status/1998604083968536887,columbina_(genshin_impact),genshin_impact,1girl bare_legs bare_shoulders black_hair blindfold closed_eyes dress hair_intakes head_wings knee_up long_hair off-shoulder_dress off_shoulder purple_hair ribbon short_sleeves solo very_long_hair white_dress white_ribbon wings wrist_ribbon,commentary english_commentary highres official_art,61f5ae6a0ee70469fb96e1c4ef8d234d
columbina_(genshin_impact),2026-07-25T00:26:14.366-04:00,candidate,post,5504742,Fatui coat,[[Fatui coat]],https://danbooru.donmai.us/wiki_pages/columbina_(genshin_impact),https://danbooru.donmai.us/wiki_pages/Fatui_coat,found,2025-10-19T12:46:33.722-04:00,A special ceremonial [[fur-trimmed coat|fur-trimmed]] [[white coat]] worn by the Fatui Harbingers of [[Genshin Impact]].,https://danbooru.donmai.us/posts/5504742,https://twitter.com/UEAUWA/status/1546814976320765957,columbina_(genshin_impact),genshin_impact,1girl arm_ribbon black_hair bow closed_eyes coat eye_mask fatui_coat fur-trimmed_coat fur_trim hair_flaps interlocked_fingers leg_ribbon long_hair mask multicolored_hair pink_hair ribbon signature simple_background solo very_long_hair white_background white_bow white_mask white_ribbon,highres,4264881ff47618b3943dcfb049a8b25c
columbina_(genshin_impact),2026-07-25T00:26:14.366-04:00,candidate,post,10313726,Columbina (Genshin Fes 2026) (Genshin Impact),Genshin Fes 2026,https://danbooru.donmai.us/wiki_pages/columbina_(genshin_impact),https://danbooru.donmai.us/wiki_pages/Columbina_(Genshin_Fes_2026)_(Genshin_Impact),found,2025-11-22T08:01:39.586-05:00,A costume of [[Columbina (Genshin Impact)|]] from [[Genshin Impact]] from the promotional art for the 2026 Genshin Fes.,https://danbooru.donmai.us/posts/10313726,https://act.mihoyo.com/ys/event/e20251121-fes-ab8hwt/fes_pc/index.html,columbina_(genshin_fes_2026)_(genshin_impact) columbina_(genshin_impact),genshin_impact,1girl bare_shoulders black_hair closed_eyes couch dress facing_viewer hand_on_own_chest head_wings long_hair looking_at_viewer multicolored_hair multiple_wings official_alternate_costume on_couch parted_lips purple_hair qr_code see-through_clothes see-through_veil solo streaked_hair veil very_long_hair white_dress white_veil wings wrist_bow,bad_source highres official_art translation_request,c7ac52bdc16b64840e07e38cda2c5934
columbina_(genshin_impact),2026-07-25T00:26:14.366-04:00,candidate,post,11601373,Columbina (The Final Gift) (Genshin Impact),The Final Gift,https://danbooru.donmai.us/wiki_pages/columbina_(genshin_impact),https://danbooru.donmai.us/wiki_pages/Columbina_(The_Final_Gift)_(Genshin_Impact),found,2026-07-09T10:26:50.905-04:00,"An [[official alternate costume]] of [[Genshin Impact]]'s [[Columbina (Genshin Impact)|]] in animated short ""The Final Gift"".",https://danbooru.donmai.us/posts/11601373,https://x.com/fuyunash1/status/2066884669845762206,columbina_(genshin_impact) columbina_(the_final_gift)_(genshin_impact),genshin_impact,1girl bare_shoulders black_hair blush closed_eyes colored_inner_hair dress eye_mask facing_viewer hair_ribbon head_wings holding holding_pillow long_hair mask multicolored_hair musical_note official_alternate_costume pillow purple_hair ribbon simple_background smile solo streaked_hair very_long_hair white_background white_dress white_ribbon white_wings wings,absurdres commentary_request highres translation_request,7295eca429851699be7d5ce2c356b60c
columbina_(genshin_impact),2026-07-25T00:26:14.366-04:00,candidate,post,11725549,Columbina (Big Bad Vampire) (Genshin Impact),Big Bad Vampire,https://danbooru.donmai.us/wiki_pages/columbina_(genshin_impact),https://danbooru.donmai.us/wiki_pages/Columbina_(Big_Bad_Vampire)_(Genshin_Impact),found,2026-07-19T18:08:59.486-04:00,[[Columbina (Genshin Impact)|]]'s [[official alternate costume]] of Tabletop Troupe from the tea party quest available through [[Sandrone (Genshin Impact)|]]'s Portable Tea Table Gadget when inviting [[Navia (Genshin Impact)|]].,https://danbooru.donmai.us/posts/11725549,extracted from game,columbina_(big_bad_vampire)_(genshin_impact) columbina_(genshin_impact),genshin_impact,1girl bat_wings black_gloves black_hair black_wings closed_mouth elbow_gloves elbow_rest finger_to_mouth gloves hand_up head_wings long_hair long_sidelocks looking_at_viewer multicolored_hair official_alternate_costume purple_eyes purple_hair sidelocks simple_background smile solo tabletop_troupe_(genshin_impact) transparent_background unusually_open_eyes upper_body very_long_hair wings,game_asset highres non-web_source official_art self-datamine,f769fc14be96ce36d49f83fbf60f4c85
columbina_(genshin_impact),2026-07-25T00:26:14.366-04:00,candidate,post,11815434,Columbina (Dream Journey) (Genshin Impact),Dream Journey,https://danbooru.donmai.us/wiki_pages/columbina_(genshin_impact),https://danbooru.donmai.us/wiki_pages/Columbina_(Dream_Journey)_(Genshin_Impact),found,2026-07-22T13:22:08.940-04:00,"An [[aged down]] [[official alternate costume]] of [[Genshin Impact]]'s [[Columbina (Genshin Impact)|]], coming from the ""Dream Journey"" series of merch.",https://danbooru.donmai.us/posts/11815434,https://www.bilibili.com/opus/1226250960931651608,columbina_(dream_journey)_(genshin_impact) columbina_(genshin_impact),genshin_impact,1girl aged_down balloon black_hair child chinese_text closed_eyes closed_mouth dress gradient_hair hair_ornament head_wings long_hair long_sleeves multicolored_hair official_alternate_costume pink_hair simple_background smile solo very_long_hair white_dress white_wings wings,highres official_art,fa9a9aa9ae3c1400b56c80db1e446c72
columbina_(genshin_impact),2026-07-25T00:26:14.366-04:00,asset_no_post_tags,asset,36516795,Columbina (Parallels Meet) (Genshin Impact),Parallels Meet,https://danbooru.donmai.us/wiki_pages/columbina_(genshin_impact),https://danbooru.donmai.us/wiki_pages/Columbina_(Parallels_Meet)_(Genshin_Impact),found,2025-11-14T10:42:08.711-05:00,"A costume of [[Columbina (Genshin Impact)|]] from [[Genshin Impact]] from the promotional art for the [[HoyoFair]] 2025 ""Parallels Meet"" video. 

Portrayed in a white and black [[long dress]] with a [[veil]] and a [[blindfold]].",https://danbooru.donmai.us/media_assets/36516795,,,,,,
dehya_(genshin_impact),2026-06-30T08:38:33.946-04:00,candidate,post,5987576,,Default,https://danbooru.donmai.us/wiki_pages/dehya_(genshin_impact),,,,,https://danbooru.donmai.us/posts/5987576,https://twitter.com/GenshinImpact/status/1614927037390626823,dehya_(genshin_impact),genshin_impact,1girl armor armpit_crease belt black_belt black_boots black_gloves black_hair black_shorts blonde_hair blue_eyes boots braid breasts claw_(weapon) clenched_hand crop_top crossed_bangs earrings elbow_gloves fingerless_gloves from_below gloves gold_trim hair_between_eyes hair_ears hair_intakes half_up_braid high_heel_boots high_heels jewelry leg_up long_hair looking_at_viewer looking_down medium_breasts midriff multicolored_hair navel parted_lips short_shorts shorts shoulder_armor sidelocks single_bare_shoulder single_earring single_shoulder_pad smile solo streaked_hair teeth thigh_boots tsurime two-tone_hair vambraces very_long_hair vision_(genshin_impact) weapon yellow_pupils,commentary english_commentary highres official_art second-party_source,1cf643732f4b09a664228df9b0adfa8b
dehya_(genshin_impact),2026-06-30T08:38:33.946-04:00,candidate,post,7047014,Dehya (Teyvat Turboflux) (Genshin Impact),Teyvat Turboflux,https://danbooru.donmai.us/wiki_pages/dehya_(genshin_impact),https://danbooru.donmai.us/wiki_pages/Dehya_(Teyvat_Turboflux)_(Genshin_Impact),found,2025-07-30T21:18:38.539-04:00,"A costume of [[Dehya (Genshin Impact)|]] from [[Genshin Impact]] from the promotional art for the [[HoyoFair]] 2024 ""Teyvat Turboflux: Tail-Light Trail"" video.",https://danbooru.donmai.us/posts/7047014,https://twitter.com/nihosi1/status/1741297345525059954,dehya_(genshin_impact) dehya_(teyvat_turboflux)_(genshin_impact),genshin_impact,1girl alternate_costume ass black_hair black_shirt black_shorts blue_eyes boots breasts cropped_jacket cropped_shirt dark-skinned_female dark_skin from_behind full_body gloves hand_on_own_hip highleg highleg_panties jacket legs long_hair medium_breasts midriff navel official_alternate_costume panties race_queen red_gloves red_jacket see-through_clothes see-through_shirt shirt short_shorts shorts simple_background solo standing thigh_boots thighs underwear white_background,absurdres commentary_request highres,f9fcea7910038aa09cf5aba286798b7d
diona_(genshin_impact),2025-12-06T23:10:34.609-05:00,candidate,post,4230732,,Default,https://danbooru.donmai.us/wiki_pages/diona_(genshin_impact),,,,,https://danbooru.donmai.us/posts/4230732,,diona_(genshin_impact),genshin_impact,1girl animal_ear_fluff animal_ears cat_ears cat_tail cocktail_glass cocktail_shaker cup drinking_glass full_body green_eyes hair_ornament hat midriff pink_hair pouring short_hair shorts solo tail transparent_background,absurdres highres official_art,43a782d9570d360f1a2410b2e4b55312
diona_(genshin_impact),2025-12-06T23:10:34.609-05:00,candidate,post,4671159,Diona (Sweets Paradise) (Genshin Impact),SWEETS PARADISE,https://danbooru.donmai.us/wiki_pages/diona_(genshin_impact),https://danbooru.donmai.us/wiki_pages/Diona_(Sweets_Paradise)_(Genshin_Impact),found,2025-12-06T08:31:59.681-05:00,"[[Diona_(Genshin_Impact)|]]'s [[official alternate costume|costume]] from [[Genshin Impact]] X ""SWEETS PARADISE collaboration"":[https://twitter.com/Linkstars_hoshi/status/1456239983262527492].",https://danbooru.donmai.us/posts/4671159,https://twitter.com/Linkstars_hoshi/status/1420714647385042944,aether_(genshin_impact) aether_(sweets_paradise)_(genshin_impact) albedo_(genshin_impact) albedo_(sweets_paradise)_(genshin_impact) amber_(genshin_impact) barbara_(genshin_impact) bennett_(genshin_impact) diluc_(genshin_impact) diona_(genshin_impact) diona_(sweets_paradise)_(genshin_impact) eula_(genshin_impact) fischl_(genshin_impact) jean_(genshin_impact) jean_(sweets_paradise)_(genshin_impact) kaeya_(genshin_impact) klee_(genshin_impact) klee_(sweets_paradise)_(genshin_impact) lisa_(genshin_impact) lumine_(genshin_impact) lumine_(sweets_paradise)_(genshin_impact) mona_(genshin_impact) mona_(sweets_paradise)_(genshin_impact) noelle_(genshin_impact) noelle_(sweets_paradise)_(genshin_impact) paimon_(genshin_impact) paimon_(sweets_paradise)_(genshin_impact) razor_(genshin_impact) rosaria_(genshin_impact) sucrose_(genshin_impact) sucrose_(sweets_paradise)_(genshin_impact) venti_(genshin_impact),genshin_impact sweets_paradise,"""pile_'em_up""_(genshin_impact) 6+boys 6+girls ahoge animal_ear_fluff animal_ears antenna_hair apple apple_juice apple_slice aqua_hair bangs_pinned_back berry_&_mint_burst_(genshin_impact) black_hair blonde_hair blue_hair braid braided_bangs brown_hair cat_ears cat_tail chibi chibi_only closed_mouth clover cup dark-skinned_male dark_skin definitely_not_bar_food!_(genshin_impact) die_heilige_sinfonie_(genshin_impact) dress drink eyepatch flower food four-leaf_clover fruit glasses goggles goggles_around_neck goggles_on_head green_hair grey_hair grin hair_between_eyes hair_flower hair_ornament hair_ribbon hairband halo hat holding juice logo long_hair maid_headdress multicolored_hair multiple_boys multiple_girls nun nun_headdress official_alternate_costume open_mouth pink_hair pizza pointy_ears ponytail purple_hair red_hair ribbon rose short_hair side_braids simple_background smile sticky_honey_roast_(genshin_impact) streaked_hair sweet_madame_(genshin_impact) tail two_side_up waiter waitress white_flower white_hair witch_hat",commentary_request highres official_art,5062063dddf7ff10a084713661070877
diona_(genshin_impact),2025-12-06T23:10:34.609-05:00,candidate,post,6585977,Diona (Genshin Concert) (Genshin Impact),2023 Genshin Concert,https://danbooru.donmai.us/wiki_pages/diona_(genshin_impact),https://danbooru.donmai.us/wiki_pages/Diona_(Genshin_Concert)_(Genshin_Impact),found,2025-12-06T08:26:39.602-05:00,"[[Diona_(Genshin_Impact)|]]'s [[official alternate costume|costume]] from the ""2023 Genshin Concert artwork"":[https://i0.hdslb.com/bfs/article/86d5a8398b642313ebecf97b4f42680dfb964676.jpg].",https://danbooru.donmai.us/posts/6585977,https://t.bilibili.com/829232578561048633,albedo_(genshin_concert)_(genshin_impact) albedo_(genshin_impact) diona_(genshin_concert)_(genshin_impact) diona_(genshin_impact) eula_(genshin_concert)_(genshin_impact) eula_(genshin_impact) ganyu_(genshin_concert)_(genshin_impact) ganyu_(genshin_impact) tartaglia_(genshin_concert)_(genshin_impact) tartaglia_(genshin_impact) xiao_(genshin_concert)_(genshin_impact) xiao_(genshin_impact) zhongli_(genshin_concert)_(genshin_impact) zhongli_(genshin_impact),genshin_impact,3girls 4boys ahoge arm_up bare_shoulders bass_drum beret black_hairband black_pants black_pantyhose blonde_hair blue_eyes blue_hair boots brown_coat brown_hair brown_vest coat conductor_baton copyright_name dress drum electric_guitar fender_stratocaster flute flute_tassel green_hair guitar hairband hat holding holding_instrument horns indoors instrument jacket long_sleeves mallet_(instrument) multiple_boys multiple_girls off-shoulder_dress off_shoulder official_alternate_costume orange_hair pants pantyhose piccolo_(instrument) pink_hair pipa_(instrument) shirt shoes standing standing_on_one_leg tassel triangle_(instrument) vest white_boots white_dress white_jacket white_pants white_shirt white_shoes white_vest,commentary_request highres official_art,4a19a6693ba14e345efba1561e208576
dori_(genshin_impact),2026-07-22T12:49:46.059-04:00,candidate,post,5499276,,Default,https://danbooru.donmai.us/wiki_pages/dori_(genshin_impact),,,,,https://danbooru.donmai.us/posts/5499276,https://twitter.com/GenshinImpact/status/1546348857428045824,dori_(genshin_impact),genshin_impact,1girl ahoge black_shoes closed_mouth crop_top detached_sleeves hair_ornament harem_pants hat jewelry logo looking_at_viewer looking_over_eyewear midriff multiple_rings nail_polish orange_eyes pants pink_hair pink_nails purple-tinted_eyewear purple_hat ring shoes solo sunglasses tassel tinted_eyewear turban vision_(genshin_impact),commentary english_commentary highres official_art second-party_source,93f4976b2578aa0b5bda4dc78cbf3ebc
dori_(genshin_impact),2026-07-22T12:49:46.059-04:00,asset_no_post_tags,asset,49303620,Dori (Genshin Fes 2024) (Genshin Impact),Genshin Fes 2024,https://danbooru.donmai.us/wiki_pages/dori_(genshin_impact),https://danbooru.donmai.us/wiki_pages/Dori_(Genshin_Fes_2024)_(Genshin_Impact),found,2026-07-22T13:15:00.774-04:00,"An [[official alternate costume]] of [[Genshin Impact]]'s [[Dori (Genshin Impact)|]], coming from the promotional art for the 2024 Genshin Fes.",https://danbooru.donmai.us/media_assets/49303620,,,,,,
dunyarzad_(genshin_impact),2023-07-04T04:22:21.376-04:00,appearance_missing,,,,,https://danbooru.donmai.us/wiki_pages/dunyarzad_(genshin_impact),,,,,,,,,,,
emilie_(genshin_impact),2025-12-06T12:12:42.492-05:00,candidate,post,7665816,,,https://danbooru.donmai.us/wiki_pages/emilie_(genshin_impact),,,,,https://danbooru.donmai.us/posts/7665816,https://twitter.com/GenshinImpact/status/1797569224715677910,emilie_(genshin_impact),genshin_impact,1girl bare_legs bare_shoulders black-framed_eyewear black_bow black_bowtie black_corset black_gloves black_ribbon black_shirt blonde_hair bow bowtie breast_curtains breasts corset detached_sleeves fascinator glasses gloves green_hat green_skirt hat hat_ribbon head_tilt high_heels holding long_sleeves looking_at_viewer medium_breasts pink_eyes ribbon semi-rimless_eyewear shirt short_hair side_slit skirt sleeveless sleeveless_shirt smile solo vision_(genshin_impact),commentary english_commentary highres official_art,6bcfc94b3fcbedb7b29b2ab1dba6d3c8
emilie_(genshin_impact),2025-12-06T12:12:42.492-05:00,candidate,post,7812901,Emilie (Guerlain) (Genshin Impact),Guerlain,https://danbooru.donmai.us/wiki_pages/emilie_(genshin_impact),https://danbooru.donmai.us/wiki_pages/Emilie_(Guerlain)_(Genshin_Impact),found,2024-07-05T12:31:48.075-04:00,"A costume for [[Emilie_(Genshin_Impact)|]] from [[Genshin Impact]], coming from a collaboration with GUERLAIN.",https://danbooru.donmai.us/posts/7812901,https://t.bilibili.com/950669587938017337,emilie_(genshin_impact) emilie_(guerlain)_(genshin_impact),genshin_impact,1girl anemone_(flower) blonde_hair blue_flower bouquet breasts center_opening cosmos_(flower) dress dress_flower evening falling_flower falling_petals field flower flower_field flower_ornament glasses hat holding holding_bouquet letterboxed lupinus_(flower) medium_hair official_alternate_costume orange_flower outdoors petals pink_eyes pink_flower purple_flower red_flower red_rose rose semi-rimless_eyewear small_breasts solo tweedia water_drop white_dress white_flower white_hat yellow_flower,absurdres artist_request commentary_request highres official_art,f811584a678241b68c10e76268b88c9c
emilie_(genshin_impact),2025-12-06T12:12:42.492-05:00,candidate,post,8532607,Emilie (old design) (genshin impact),Old Design,https://danbooru.donmai.us/wiki_pages/emilie_(genshin_impact),https://danbooru.donmai.us/wiki_pages/Emilie_(old_design)_(genshin_impact),found,2025-05-26T12:54:12.372-04:00,Old/unimplemented design of [[Emilie (Genshin Impact)|]].,https://danbooru.donmai.us/posts/8532607,https://twitter.com/gellyn_winty/status/1798728643872755836,emilie_(genshin_impact) emilie_(old_design)_(genshin_impact),genshin_impact,1girl artist_name black_hair black_hat black_shoes bottle bow breasts brooch bug butterfly butterfly_brooch center_frills closed_mouth contrapposto diorama flat_color flower footwear_bow frills frown full_body furrowed_brow garter_straps gradient_hair hat hat_flower high_heels holding jewelry lavender_(flower) lily_of_the_valley long_hair long_sleeves looking_ahead medium_breasts miniskirt multicolored_hair official_style perfume_bottle pink_flower pink_rose pleated_skirt ponytail prototype_design purple_bow purple_butterfly purple_eyes purple_flower purple_shawl rose shawl shoes skirt sleeves_past_wrists solo standing standing_on_one_leg thigh_strap thighhighs twitter_username white_background white_thighhighs yellow_flower zettai_ryouiki,commentary derivative_work english_commentary highres,194d4c6c78bda968056d1794c9e4dfa7
escoffier_(genshin_impact),2025-12-06T12:10:01.503-05:00,candidate,post,9078313,,,https://danbooru.donmai.us/wiki_pages/escoffier_(genshin_impact),,,,,https://danbooru.donmai.us/posts/9078313,https://twitter.com/GenshinImpact/status/1906647911129043177,escoffier_(genshin_impact),genshin_impact,1girl >:) ahoge bare_shoulders black_skirt blonde_hair blue_eyes bow breasts chef_hat choker copyright_name feet_out_of_frame hat holding holding_knife knife long_hair looking_at_viewer mechanical_tail medium_breasts red_bow red_choker skirt smile solo tail thighhighs v-shaped_eyebrows white_hat white_thighhighs wrist_cuffs,commentary highres official_art,adfb35e8f3d9d7d494cce4001b815085
eula_(genshin_impact),2026-03-29T12:01:49.216-04:00,candidate,post,5307123,,Default,https://danbooru.donmai.us/wiki_pages/eula_(genshin_impact),,,,,https://danbooru.donmai.us/posts/5307123,https://twitter.com/genshin_7/status/1391966292450562048,eula_(genshin_impact),genshin_impact,1girl arms_up black_bodysuit black_boots black_gloves black_hairband black_leotard blue_hair blue_necktie bodysuit boots breasts cape copyright_name full_body gloves greatsword hairband high_heel_boots high_heels holding holding_sword holding_weapon impossible_clothes impossible_leotard leotard looking_at_viewer medium_breasts medium_hair multicolored_eyes navel necktie solo sword thigh_boots thighhighs vision_(genshin_impact) weapon wide_sleeves yellow_eyes zettai_ryouiki,commentary_request highres official_art second-party_source,a4fd541be249ae9062f0a6fb121bea3e
eula_(genshin_impact),2026-03-29T12:01:49.216-04:00,candidate,post,9248170,Eula (Pizza Hut) (Genshin Impact),Pizza Hut,https://danbooru.donmai.us/wiki_pages/eula_(genshin_impact),https://danbooru.donmai.us/wiki_pages/Eula_(Pizza_Hut)_(Genshin_Impact),found,2025-12-06T13:25:52.729-05:00,"[[Eula_(Genshin_Impact)|]]'s [[official alternate costume|costume]] from 2022 [[Genshin Impact]] X ""Pizza Hut collaboration"":[https://t.bilibili.com/678291484890366085].",https://danbooru.donmai.us/posts/9248170,https://www.bilibili.com/opus/704658521108512772?spm_id_from=333.1387.0.0,amber_(genshin_impact) amber_(pizza_hut)_(genshin_impact) eula_(genshin_impact) eula_(pizza_hut)_(genshin_impact),genshin_impact pizza_hut,2girls apron black_gloves breasts brown_hair chef chef_hat dandelion elbow_gloves flower food full_body garter_straps gloves hair_between_eyes hair_ornament hair_ribbon hairclip hat high_heels holding holding_food holding_pizza long_hair long_sleeves looking_at_viewer multiple_girls official_alternate_costume open_mouth pantyhose pizza product_placement red_ribbon ribbon shoes short_shorts shorts single_garter_strap smile thighhighs white_gloves white_shoes white_thighhighs,absurdres chinese_commentary commentary_request highres official_art third-party_source,d358b3ffbdf00dbe4af0f83fae55cf40
eula_(genshin_impact),2026-03-29T12:01:49.216-04:00,candidate,post,6585977,Eula (Genshin Concert) (Genshin Impact),2023 Genshin Concert,https://danbooru.donmai.us/wiki_pages/eula_(genshin_impact),https://danbooru.donmai.us/wiki_pages/Eula_(Genshin_Concert)_(Genshin_Impact),found,2025-12-06T08:25:39.037-05:00,"[[Eula (Genshin Impact)|]]'s [[official alternate costume|costume]] from the ""2023 Genshin Concert artwork"":[https://i0.hdslb.com/bfs/article/86d5a8398b642313ebecf97b4f42680dfb964676.jpg].",https://danbooru.donmai.us/posts/6585977,https://t.bilibili.com/829232578561048633,albedo_(genshin_concert)_(genshin_impact) albedo_(genshin_impact) diona_(genshin_concert)_(genshin_impact) diona_(genshin_impact) eula_(genshin_concert)_(genshin_impact) eula_(genshin_impact) ganyu_(genshin_concert)_(genshin_impact) ganyu_(genshin_impact) tartaglia_(genshin_concert)_(genshin_impact) tartaglia_(genshin_impact) xiao_(genshin_concert)_(genshin_impact) xiao_(genshin_impact) zhongli_(genshin_concert)_(genshin_impact) zhongli_(genshin_impact),genshin_impact,3girls 4boys ahoge arm_up bare_shoulders bass_drum beret black_hairband black_pants black_pantyhose blonde_hair blue_eyes blue_hair boots brown_coat brown_hair brown_vest coat conductor_baton copyright_name dress drum electric_guitar fender_stratocaster flute flute_tassel green_hair guitar hairband hat holding holding_instrument horns indoors instrument jacket long_sleeves mallet_(instrument) multiple_boys multiple_girls off-shoulder_dress off_shoulder official_alternate_costume orange_hair pants pantyhose piccolo_(instrument) pink_hair pipa_(instrument) shirt shoes standing standing_on_one_leg tassel triangle_(instrument) vest white_boots white_dress white_jacket white_pants white_shirt white_shoes white_vest,commentary_request highres official_art,4a19a6693ba14e345efba1561e208576
eula_(genshin_impact),2026-03-29T12:01:49.216-04:00,asset_no_post_tags,asset,47224878,Eula (Resplendent Feast) (Genshin Impact),Resplendent Feast,https://danbooru.donmai.us/wiki_pages/eula_(genshin_impact),https://danbooru.donmai.us/wiki_pages/Eula_(Resplendent_Feast)_(Genshin_Impact),found,2026-03-29T12:01:18.067-04:00,A costume of [[Genshin Impact|Genshin Impact's]] [[Eula (Genshin Impact)|]] from the 2026 Resplendent Feast merchandise collection.,https://danbooru.donmai.us/media_assets/47224878,,,,,,
eula_(genshin_impact),2026-03-29T12:01:49.216-04:00,asset_no_post_tags,asset,33961923,Eula (Flame Fusion) (Genshin Impact),Flame Fusion,https://danbooru.donmai.us/wiki_pages/eula_(genshin_impact),https://danbooru.donmai.us/wiki_pages/Eula_(Flame_Fusion)_(Genshin_Impact),found,2025-12-06T08:48:52.831-05:00,"[[Eula (Genshin Impact)|]]'s[[official alternate costume|costume]] from [[Genshin Impact]] from the [[HoyoFair]] 2024 ""Flame Fusion Music and Art Festival"" video.",https://danbooru.donmai.us/media_assets/33961923,,,,,,
eula_(pizza_hut)_(genshin_impact),2025-12-06T13:25:52.729-05:00,candidate,post,9248170,,Profile,https://danbooru.donmai.us/wiki_pages/eula_(pizza_hut)_(genshin_impact),,,,,https://danbooru.donmai.us/posts/9248170,https://www.bilibili.com/opus/704658521108512772?spm_id_from=333.1387.0.0,amber_(genshin_impact) amber_(pizza_hut)_(genshin_impact) eula_(genshin_impact) eula_(pizza_hut)_(genshin_impact),genshin_impact pizza_hut,2girls apron black_gloves breasts brown_hair chef chef_hat dandelion elbow_gloves flower food full_body garter_straps gloves hair_between_eyes hair_ornament hair_ribbon hairclip hat high_heels holding holding_food holding_pizza long_hair long_sleeves looking_at_viewer multiple_girls official_alternate_costume open_mouth pantyhose pizza product_placement red_ribbon ribbon shoes short_shorts shorts single_garter_strap smile thighhighs white_gloves white_shoes white_thighhighs,absurdres chinese_commentary commentary_request highres official_art third-party_source,d358b3ffbdf00dbe4af0f83fae55cf40
faruzan_(genshin_cafe_in_seoul)_(genshin_impact),2024-11-19T13:50:19.101-05:00,appearance_missing,,,,,https://danbooru.donmai.us/wiki_pages/faruzan_(genshin_cafe_in_seoul)_(genshin_impact),,,,,,,,,,,
faruzan_(genshin_impact),2025-12-06T13:06:45.389-05:00,candidate,post,5936160,,Default,https://danbooru.donmai.us/wiki_pages/faruzan_(genshin_impact),,,,,https://danbooru.donmai.us/posts/5936160,https://static.wikia.nocookie.net/gensin-impact/images/4/40/Faruzan_Portrait.png/revision/20230823115723?format=original,faruzan_(genshin_impact),genshin_impact,1girl aqua_hair bangle bare_shoulders blue_hair blunt_bangs bracelet breasts cowlick dress full_body green_eyes hair_between_eyes hair_ornament high_heels jewelry long_hair looking_at_viewer nail_polish parted_lips short_sleeves simple_background skirt small_breasts solo symbol-shaped_pupils tachi-e transparent_background triangle-shaped_pupils twintails x_hair_ornament,highres official_art third-party_source,1644006e373ebca09a556eb1a6dbfbeb
faruzan_(genshin_impact),2025-12-06T13:06:45.389-05:00,candidate,post,6842612,faruzan (genshin cafe in seoul) (genshin impact),Cafe,https://danbooru.donmai.us/wiki_pages/faruzan_(genshin_impact),https://danbooru.donmai.us/wiki_pages/faruzan_(genshin_cafe_in_seoul)_(genshin_impact),found,2024-11-19T13:50:19.101-05:00,"[[Faruzan_(Genshin_Impact)|]]'s [[official alternate costume]] from 2023 ""Genshin Cafe in Seoul"":[https://twitter.com/genshinimpactkr/status/1720425849067835817].",https://danbooru.donmai.us/posts/6842612,https://twitter.com/genshinimpactkr/status/1720425849067835817,faruzan_(genshin_cafe_in_seoul)_(genshin_impact) faruzan_(genshin_impact),genshin_impact,1girl apron black_shoes blue_eyes blue_hair blue_skirt breasts cafe cash_register coffee_maker english_text hair_ornament high-waist_skirt holding holding_tray korean_text maid maid_apron miniskirt official_alternate_costume one_eye_closed shoes skirt small_breasts solo standing standing_on_one_leg thighhighs tray twintails underbust white_thighhighs x_hair_ornament zettai_ryouiki,commentary_request highres korean_commentary official_art second-party_source,d4aa90f06d770d76be245ba942137010
fischl_(ein_immernachtstraum)_(genshin_impact),2025-12-06T10:27:04.093-05:00,candidate,post,5936143,,Profile,https://danbooru.donmai.us/wiki_pages/fischl_(ein_immernachtstraum)_(genshin_impact),,,,,https://danbooru.donmai.us/posts/5936143,https://static.wikia.nocookie.net/gensin-impact/images/a/ab/Character_Fischl_Ein_Immernachtstraum_Full_Wish.png/revision/latest?cb=20221016033725&format=original,fischl_(ein_immernachtstraum)_(genshin_impact) fischl_(genshin_impact),genshin_impact,1girl blonde_hair diorama dress european_architecture full_body hair_over_one_eye high_heels looking_at_viewer official_alternate_costume purple_dress red_eyes thighhighs transparent_background white_thighhighs,official_art third-party_source,8d98202e77508e102595119d33e4c903
fischl_(genshin_impact),2026-02-10T05:41:27.864-05:00,candidate,post,4125528,,Default,https://danbooru.donmai.us/wiki_pages/fischl_(genshin_impact),,,,,https://danbooru.donmai.us/posts/4125528,https://static.wikia.nocookie.net/gensin-impact/images/9/99/Fischl_Portrait.png/revision/latest?cb=20200916171212&format=original,fischl_(genshin_impact),genshin_impact,1girl asymmetrical_legwear black_boots black_bow black_pantyhose black_thighhighs blonde_hair bodystocking boots bow breasts bridal_gauntlets chuunibyou detached_sleeves eyepatch fishnets full_body garter_straps gloves green_eyes hair_bow hair_ornament long_hair pantyhose pose showgirl_skirt single_bridal_gauntlet single_glove small_breasts solo thighhighs transparent_background two_side_up uneven_legwear winged_boots,absurdres highres official_art,710e6ef0259a0feba1eb0c3f0379d805
fischl_(genshin_impact),2026-02-10T05:41:27.864-05:00,candidate,post,5936143,Fischl (Ein Immernachtstraum) (Genshin Impact),Ein Immernachtstraum,https://danbooru.donmai.us/wiki_pages/fischl_(genshin_impact),https://danbooru.donmai.us/wiki_pages/Fischl_(Ein_Immernachtstraum)_(Genshin_Impact),found,2025-12-06T10:27:04.093-05:00,"An [[official alternate costume|official costume]] of [[Genshin Impact]]'s [[Fischl (genshin impact)|]] , released in version 2.8.",https://danbooru.donmai.us/posts/5936143,https://static.wikia.nocookie.net/gensin-impact/images/a/ab/Character_Fischl_Ein_Immernachtstraum_Full_Wish.png/revision/latest?cb=20221016033725&format=original,fischl_(ein_immernachtstraum)_(genshin_impact) fischl_(genshin_impact),genshin_impact,1girl blonde_hair diorama dress european_architecture full_body hair_over_one_eye high_heels looking_at_viewer official_alternate_costume purple_dress red_eyes thighhighs transparent_background white_thighhighs,official_art third-party_source,8d98202e77508e102595119d33e4c903
fischl_(genshin_impact),2026-02-10T05:41:27.864-05:00,candidate,post,10729638,Fischl (Genshin Cafe In Seoul) (Genshin Impact),Genshin Cafe in Seoul,https://danbooru.donmai.us/wiki_pages/fischl_(genshin_impact),https://danbooru.donmai.us/wiki_pages/Fischl_(Genshin_Cafe_In_Seoul)_(Genshin_Impact),found,2026-02-10T05:42:09.306-05:00,"[[Fischl_(Genshin_Impact)|]]'s [[official alternate costume]] from 2024 ""Genshin Cafe in Seoul"":[https://twitter.com/genshin_cafe_kr/status/1854888799232573779].",https://danbooru.donmai.us/posts/10729638,https://url.kr/5qxqaw,fischl_(genshin_cafe_in_seoul)_(genshin_impact) fischl_(genshin_impact) oz_(genshin_impact),genshin_impact,1girl asymmetrical_legwear bag black_bag black_bow black_jacket black_skirt black_socks black_thighhighs blonde_hair blush bow character_doll character_doll_in_itabag closed_mouth collared_shirt doll dress_shirt eyepatch full_body green_eyes hair_between_eyes hair_bow hands_up holding itabag jacket knee_strap kneehighs long_hair long_sleeves looking_at_viewer necktie official_alternate_costume open_clothes open_jacket open_mouth pleated_skirt purple_necktie purple_skirt school_uniform shadow shirt short_hair short_sleeves shoulder_bag simple_background skirt smile socks solo standing teeth thighhighs two_side_up uneven_legwear upper_teeth_only white_background white_shirt,highres official_art official_wallpaper,71337f346ba8ea2f817c682cbaef3203
furina_(genshin_impact),2026-08-31T19:49:21.152-04:00,candidate,post,6715359,,Default (Pneuma),https://danbooru.donmai.us/wiki_pages/furina_(genshin_impact),,,,,https://danbooru.donmai.us/posts/6715359,https://twitter.com/genshinimpact/status/1706247402506920119,furina_(genshin_impact),genshin_impact,1girl ahoge ascot asymmetrical_gloves back_bow black_garter_straps black_gloves blue_ascot blue_eyes blue_hair blue_hat blue_jacket bow company_name eyelash_ornament footwear_bow garter_straps gloves hair_between_eyes hat heterochromia high_heels holding holding_sword holding_weapon jacket jewelry lolita_fashion long_hair long_sleeves looking_at_viewer mismatched_gloves multicolored_hair open_hand open_mouth ouji_fashion short_shorts shorts simple_background smile solo splendor_of_tranquil_waters_(genshin_impact) sword thigh_strap top_hat very_long_hair weapon white_gloves white_hair white_shorts,artist_request commentary english_commentary highres official_art second-party_source,129c1cc128b848f9e5b45a3649a93ccd
furina_(genshin_impact),2026-08-31T19:49:21.152-04:00,candidate,post,6850933,,Default (Ousia),https://danbooru.donmai.us/wiki_pages/furina_(genshin_impact),,,,,https://danbooru.donmai.us/posts/6850933,https://twitter.com/GenshinImpact/status/1721350084477198729,furina_(genshin_impact),genshin_impact,1girl ahoge ascot asymmetrical_gloves black_gloves black_shorts blue_eyes blue_hair blue_hat blue_jacket bow company_name eyelash_ornament footwear_bow gloves hair_between_eyes hat heterochromia high_heels holding holding_sword holding_weapon jacket jewelry lolita_fashion long_sleeves looking_at_viewer multicolored_hair open_hand ouji_fashion short_hair short_shorts shorts simple_background smile solo splendor_of_tranquil_waters_(genshin_impact) sword thigh_strap top_hat weapon white_gloves white_hair,artist_request commentary highres official_art second-party_source,092e84d92a27ec97d43fbd4b5366f8fb
furina_(genshin_impact),2026-08-31T19:49:21.152-04:00,candidate,post,6954714,Furina (Old Design) (Genshin Impact),Old Design,https://danbooru.donmai.us/wiki_pages/furina_(genshin_impact),https://danbooru.donmai.us/wiki_pages/Furina_(Old_Design)_(Genshin_Impact),found,2026-07-20T14:16:05.809-04:00,[[Prototype design]] of [[Furina (genshin impact)|]].,https://danbooru.donmai.us/posts/6954714,https://i.pximg.net/img-original/img/2023/12/04/20/32/06/113952740_p0.jpg,furina_(genshin_impact) furina_(old_design)_(genshin_impact),genshin_impact,1girl ahoge arms_behind_back blue_eyes blue_gem blue_pupils blue_streaks bow design_speculation dress drop-shaped_pupils flower gem hair_between_eyes heterochromia light_blush light_smile long_hair long_sleeves looking_at_viewer multicolored_hair official_alternate_costume prototype_design solo streaked_hair symbol-shaped_pupils twitter_username very_long_hair white_bow white_dress white_hair,commentary_request highres,4dd36f60a442e6e67ebbe794d322fc7c
furina_(genshin_impact),2026-08-31T19:49:21.152-04:00,candidate,post,7677410,Furina (Marechaussee Hunter) (Genshin Impact),Marechaussee Hunter,https://danbooru.donmai.us/wiki_pages/furina_(genshin_impact),https://danbooru.donmai.us/wiki_pages/Furina_(Marechaussee_Hunter)_(Genshin_Impact),found,2026-03-01T10:15:38.958-05:00,[[Furina (genshin impact)|]]'s [[official alternate costume|official costume]] from the events of [[Clorinde (genshin impact)|]]'s Story Quest.,https://danbooru.donmai.us/posts/7677410,https://genshin-impact.fandom.com/wiki/File:Marechaussee_Hunter_Judgment_Day_Furina_Marechaussee_Hunter.png,furina_(genshin_impact) furina_(marechaussee_hunter)_(genshin_impact),genshin_impact,1girl :d ahoge asymmetrical_gloves black_pantyhose black_shirt blue_eyes blue_hair blue_hat blue_streaks checkered_clothes colored_inner_hair cowboy_shot dress drop-shaped_pupils eyelash_ornament gloves grey_gloves hat holding holding_instrument instrument juliet_sleeves long_sleeves looking_at_viewer lute_(instrument) microdress mismatched_gloves multicolored_hair neck_ruff official_alternate_costume open_mouth pantyhose puffy_sleeves shirt short_hair smile solo standing streaked_hair symbol-shaped_pupils tabletop_troupe_(genshin_impact) transparent_background white_dress white_gloves white_hair,commentary english_commentary highres official_art third-party_source,3ab82719969a0a9f146f419d2dfa0c74
furina_(genshin_impact),2026-08-31T19:49:21.152-04:00,candidate,post,11815429,Furina (Dream Journey) (Genshin Impact),Dream Journey,https://danbooru.donmai.us/wiki_pages/furina_(genshin_impact),https://danbooru.donmai.us/wiki_pages/Furina_(Dream_Journey)_(Genshin_Impact),found,2026-07-22T13:22:38.702-04:00,"An [[aged down]] [[official alternate costume]] of [[Genshin Impact]]'s [[Furina (Genshin Impact)|]], coming from the ""Dream Journey"" series of merch.",https://danbooru.donmai.us/posts/11815429,https://www.bilibili.com/opus/1226250960931651608,furina_(dream_journey)_(genshin_impact) furina_(genshin_impact),genshin_impact,1girl aged_down ahoge balloon black_hat black_jacket black_shorts blue_eyes blue_hair blue_vest child chinese_text fork full_body hair_between_eyes hair_intakes hat head_tilt holding holding_fork jacket leg_up medium_hair multicolored_hair official_alternate_costume open_mouth shirt shorts simple_background smile socks solo streaked_hair top_hat vest white_hair white_shirt white_socks,highres official_art,bef16a35ac7b5fff8f47cd7a71229ebb
furina_(genshin_impact),2026-08-31T19:49:21.152-04:00,candidate,post,11905201,Furina (All Eyes On Me) (Genshin Impact),All Eyes On Me,https://danbooru.donmai.us/wiki_pages/furina_(genshin_impact),https://danbooru.donmai.us/wiki_pages/Furina_(All_Eyes_On_Me)_(Genshin_Impact),found,2026-09-08T10:34:28.137-04:00,"A [[contemporary]] [[school uniform]] [[official alternate costume]] of [[Genshin Impact]]'s [[Furina (Genshin Impact)|]], one of two costumes for her from the ""Academy's Light & Shadow Poetry"" series of figurines.",https://danbooru.donmai.us/posts/11905201,https://i.pximg.net/img-original/img/2026/08/02/00/35/46/147906448_p0.jpg,furina_(all_eyes_on_me)_(genshin_impact) furina_(genshin_impact),genshin_impact,1girl ahoge arm_up black_jacket black_skirt blazer blue_eyes blue_hair blue_neckerchief cellphone collared_shirt contemporary cowboy_shot drop-shaped_pupils food hair_between_eyes hair_intakes heart holding holding_food holding_phone jacket long_sleeves multicolored_hair neckerchief official_alternate_costume one_eye_closed phone photo_inset reference_inset school_uniform shirt simple_background skirt smartphone solo spoken_heart streaked_hair symbol-shaped_pupils tongue tongue_out white_background white_shirt,absurdres commentary figure-referenced highres,7de5296f3989c48b4638d3d4ecd7dee4
furina_(genshin_impact),2026-08-31T19:49:21.152-04:00,candidate,post,8184957,Furina (Flame Fusion) (Genshin Impact),Flame Fusion,https://danbooru.donmai.us/wiki_pages/furina_(genshin_impact),https://danbooru.donmai.us/wiki_pages/Furina_(Flame_Fusion)_(Genshin_Impact),found,2025-12-06T12:37:40.251-05:00,"[[Furina (Genshin Impact)|]]'s [[official alternate costume|costume]] from [[Genshin Impact]] from the [[HoyoFair]] 2024 ""Flame Fusion Music and Art Festival"" video.",https://danbooru.donmai.us/posts/8184957,https://twitter.com/nknk_t0mei/status/1837496959227384001,furina_(flame_fusion)_(genshin_impact) furina_(genshin_impact),genshin_impact,1girl aegyo_sal alternate_costume bare_shoulders black_bow black_gloves black_thighhighs blue_bow blue_eyes blue_hair blue_pupils blush bow drop-shaped_pupils electric_guitar fingerless_gloves gibson_sg gloves guitar hair_between_eyes hair_bow hand_up heterochromia holding holding_microphone instrument long_sleeves looking_at_viewer medium_hair microphone multicolored_hair parted_lips ribbon signature single_thighhigh solo symbol-shaped_pupils thigh_strap thighhighs white_hair wide_sleeves yellow_bow yellow_ribbon,clothing_request commentary highres,f675a885b8b4867713793f1426702af0
furina_(genshin_impact),2026-08-31T19:49:21.152-04:00,candidate,post,7465875,Furina (Live Actually) (Genshin Impact),Live Actually,https://danbooru.donmai.us/wiki_pages/furina_(genshin_impact),https://danbooru.donmai.us/wiki_pages/Furina_(Live_Actually)_(Genshin_Impact),found,2026-05-20T16:05:32.145-04:00,"A costume of [[Furina (Genshin Impact)|]] from [[Genshin Impact]] from the [[HoyoFair]] 2024 music video ""Realm of Faith : Live Actually"":[https://www.youtube.com/watch?v=mfUUI2ZDw6M].",https://danbooru.donmai.us/posts/7465875,https://twitter.com/_thotep/status/1780219493849190555,furina_(genshin_impact) furina_(live_actually)_(genshin_impact),genshin_impact,1girl ahoge arm_up black_bow black_bowtie black_hat blue_eyes blue_hair bow bowtie cropped_jacket hat high-waist_shorts jacket jewelry medium_hair mini_hat multicolored_hair necklace shorts solo streaked_hair wavy_hair white_hair white_jacket,highres,16495058ca69f48c32a5b7fa36e6eba5
furina_(genshin_impact),2026-08-31T19:49:21.152-04:00,candidate,post,9988224,Furina (Parallels Meet) (Genshin Impact),Parallels Meet,https://danbooru.donmai.us/wiki_pages/furina_(genshin_impact),https://danbooru.donmai.us/wiki_pages/Furina_(Parallels_Meet)_(Genshin_Impact),found,2025-10-13T20:33:36.734-04:00,"An [[official alternate costume|official costume]] of [[Genshin Impact]]'s [[Furina (Genshin Impact)|]] from the promotional art for the [[HoyoFair]] 2025 ""Parallels Meet"" video.",https://danbooru.donmai.us/posts/9988224,https://i.pximg.net/img-original/img/2025/09/20/00/02/35/135297468_p4.jpg,diluc_(genshin_impact) diluc_(parallels_meet)_(genshin_impact) furina_(genshin_impact) furina_(parallels_meet)_(genshin_impact) hu_tao_(genshin_impact) mona_(genshin_impact) mona_(parallels_meet)_(genshin_impact),genshin_impact the_wizard_of_oz,1boy 3girls ahoge black_hair blue_dress blue_eyes blue_hair brown_hair crown dress drop-shaped_pupils flower-shaped_pupils hair_between_eyes hat heterochromia hoyofair long_hair looking_at_viewer mismatched_pupils multiple_girls one_eye_closed open_mouth outdoors rainbow red_eyes shoes short_hair short_sleeves smile socks symbol-shaped_pupils white_socks,absurdres commentary_request highres official_art,2c81953257228c9de4e60fb7643cf2af
ganyu_(genshin_impact),2026-09-03T03:51:04.017-04:00,candidate,post,4296018,,Default,https://danbooru.donmai.us/wiki_pages/ganyu_(genshin_impact),,,,,https://danbooru.donmai.us/posts/4296018,https://genshin-impact.fandom.com/wiki/File:Character_Ganyu_Portrait.png,ganyu_(genshin_impact),genshin_impact,1girl ahoge bell black_gloves blue_hair bodystocking breasts cowbell detached_collar detached_sleeves full_body gloves goat_horns gold_trim hair_between_eyes horns long_hair long_sleeves looking_at_viewer low_ponytail medium_breasts pelvic_curtain ponytail purple_eyes rope shoes smile solo tailcoat tassel transparent_background vision_(genshin_impact),absurdres artist_request highres official_art third-party_source,bd255031f09fd8991285ddf99748a4c1
ganyu_(genshin_impact),2026-09-03T03:51:04.017-04:00,candidate,post,7901426,Ganyu (Twilight Blossom) (Genshin Impact),Twilight Blossom,https://danbooru.donmai.us/wiki_pages/ganyu_(genshin_impact),https://danbooru.donmai.us/wiki_pages/Ganyu_(Twilight_Blossom)_(Genshin_Impact),found,2025-12-06T08:29:56.783-05:00,"An [[official alternate costume|official costume]] of [[Genshin Impact]]'s [[Ganyu (genshin impact)|]], released in version 4.4.",https://danbooru.donmai.us/posts/7901426,https://static.wikia.nocookie.net/gensin-impact/images/9/93/Character_Ganyu_Twilight_Blossom_Full_Wish.png?format=original,ganyu_(genshin_impact) ganyu_(twilight_blossom)_(genshin_impact),genshin_impact,1girl aerial_fireworks ahoge bare_shoulders black_gloves black_shoes blue_hair chinese_clothes closed_mouth detached_sleeves dress elbow_gloves fireworks gloves goat_horns hair_between_eyes hand_up high_heels horns long_hair looking_down multicolored_dress official_alternate_costume official_alternate_hairstyle purple_eyes qipao shoes short_sleeves sitting smile solo standing transparent_background,commentary english_commentary highres official_art,8ce70513d2bc25fde70dac5ed345f003
ganyu_(genshin_impact),2026-09-03T03:51:04.017-04:00,candidate,post,6591655,Ganyu (China Merchants Bank) (Genshin Impact),China Merchants Bank,https://danbooru.donmai.us/wiki_pages/ganyu_(genshin_impact),https://danbooru.donmai.us/wiki_pages/Ganyu_(China_Merchants_Bank)_(Genshin_Impact),found,2024-11-14T07:03:04.788-05:00,"[[Ganyu_(Genshin_Impact)|]]'s [[official alternate costume]] from [[Genshin Impact]] X ""China Merchants Bank Credit Card collaboration"":[https://t.bilibili.com/706511589073748016?spm_id_from=444.41.list.card_time.click].",https://danbooru.donmai.us/posts/6591655,https://t.bilibili.com/805580094857805937,ganyu_(china_merchants_bank)_(genshin_impact) ganyu_(genshin_impact),genshin_impact,1girl ahoge bag belt black_belt black_bow black_bowtie blue_hair blush bow bowtie breasts brown_pantyhose closed_mouth full_body glasses goat_horns gradient_eyes handbag high-waist_skirt holding holding_bag horns long_hair long_sleeves looking_at_viewer low_ponytail medium_breasts multicolored_eyes official_alternate_costume pantyhose ponytail purple_eyes red-framed_eyewear shirt shoes sidelocks simple_background skirt sleeves_past_wrists smile solo standing turtleneck two-tone_bow two-tone_bowtie white_background white_bag white_shoes white_skirt,absurdres commentary_request highres,6608af96dd1933f6d2db3111c5494b66
ganyu_(genshin_impact),2026-09-03T03:51:04.017-04:00,candidate,post,7788752,Ganyu (Heytea) (Genshin Impact),Heytea,https://danbooru.donmai.us/wiki_pages/ganyu_(genshin_impact),https://danbooru.donmai.us/wiki_pages/Ganyu_(Heytea)_(Genshin_Impact),found,2025-12-06T11:14:45.569-05:00,"[[Ganyu_(Genshin_Impact)|]]'s [[official alternate costume|costume]] from 2023 [[Genshin Impact]] X ""Heytea collaboration"":[https://www.weibo.com/2804387887/Nd3rL3U8f].

The outfit can be categorized as [[Qi Lolita]].",https://danbooru.donmai.us/posts/7788752,https://i.pximg.net/img-original/img/2023/08/11/18/03/16/110733084_p0.png,ganyu_(genshin_impact) ganyu_(heytea)_(genshin_impact),genshin_impact,1girl ahoge apple bag black_skirt blue_hair breasts chromatic_aberration closed_eyes cowboy_shot crossed_bangs cup day disposable_cup dress drinking_straw food fruit full_body goat_horns grapes hair_between_eyes handbag hands_up holding holding_bag holding_cup horns ice ice_cube kiwi_(fruit) kiwi_slice leg_up lemon lemon_slice long_hair looking_at_viewer medium_breasts official_alternate_costume outdoors red_eyes shadow shoes short_sleeves skirt solo sparkle sunlight tassel very_long_hair water white_shoes,absurdres chinese_commentary commentary_request highres,901f90403930938da5f7a9ad15e07bb9
ganyu_(genshin_impact),2026-09-03T03:51:04.017-04:00,candidate,post,7975227,Ganyu (Animate) (Genshin Impact),Animate,https://danbooru.donmai.us/wiki_pages/ganyu_(genshin_impact),https://danbooru.donmai.us/wiki_pages/Ganyu_(Animate)_(Genshin_Impact),found,2024-11-14T07:03:09.973-05:00,"[[Ganyu_(Genshin_Impact)|]]'s [[official alternate costume]] from [[Genshin Impact]] X ""Animate collaboration"":[https://animate-genshinex.com/].",https://danbooru.donmai.us/posts/7975227,https://twitter.com/tyenka7728/status/1821841181644665158,ganyu_(animate)_(genshin_impact) ganyu_(genshin_impact),genshin_impact,1girl :d ahoge arms_behind_head blue_hair blue_nails blue_sky bow cloud cloudy_sky dress feet floating_hair footwear_bow goat_horns hair_between_eyes high_heel_sandals high_heels horns legs long_hair long_sleeves looking_at_viewer medium_dress nail_polish official_alternate_costume open_mouth outdoors sandals sitting sky smile solo strappy_heels teeth toenail_polish toenails toes umbrella upper_teeth_only white_bow white_dress white_sandals wind,commentary_request highres,1325c9d3f13b2657dbeca409c6e99033
ganyu_(genshin_impact),2026-09-03T03:51:04.017-04:00,candidate,post,5133747,Ganyu (Winter Olympics) (Genshin Impact),Winter Olympics,https://danbooru.donmai.us/wiki_pages/ganyu_(genshin_impact),https://danbooru.donmai.us/wiki_pages/Ganyu_(Winter_Olympics)_(Genshin_Impact),found,2024-11-14T07:03:13.272-05:00,"[[Ganyu_(Genshin_Impact)|]]'s costume from 2022 ""Winter Olympics official official artwork"":[https://t.bilibili.com/625928209937638751].",https://danbooru.donmai.us/posts/5133747,https://twitter.com/Binka76/status/1493557856008024066,ganyu_(genshin_impact) ganyu_(winter_olympics)_(genshin_impact),genshin_impact,1girl ahoge alternate_costume black_gloves blue_hair blue_jacket blue_sky blush gloves goggles goggles_on_head half-closed_eyes hand_up jacket long_sleeves looking_at_viewer official_alternate_costume purple_eyes skiing sky smile solo winter_clothes,absurdres bad_id bad_twitter_id commentary_request highres,86eca4a4828d89e351d9e7b75bf0d38a
ganyu_(genshin_impact),2026-09-03T03:51:04.017-04:00,candidate,post,5810093,Ganyu (Autumn Pop-up Store) (Genshin Impact),Autumn Pop-up Store,https://danbooru.donmai.us/wiki_pages/ganyu_(genshin_impact),https://danbooru.donmai.us/wiki_pages/Ganyu_(Autumn_Pop-up_Store)_(Genshin_Impact),found,2022-11-28T12:00:20.465-05:00,A costume for [[Ganyu_(Genshin_Impact)|]] from [[Genshin Impact]].,https://danbooru.donmai.us/posts/5810093,https://twitter.com/lilielleli/status/1581539922132971521,ganyu_(autumn_pop-up_store)_(genshin_impact) ganyu_(genshin_impact),genshin_impact,1girl ahoge bare_arms bare_shoulders bell blue_hair blush breasts cleavage collarbone dress flower halter_dress halterneck hat horns horns_through_headwear long_hair looking_at_viewer medium_breasts neck_bell official_alternate_costume parted_lips purple_eyes qingxin_flower sidelocks sleeveless sleeveless_dress solo straw_hat sundress tareme white_dress white_flower,commentary english_commentary highres,6f67e201876df7028122451c54095de2
ganyu_(genshin_impact),2026-09-03T03:51:04.017-04:00,candidate,post,5395294,Ganyu (Qilin) (Genshin Impact),Qilin,https://danbooru.donmai.us/wiki_pages/ganyu_(genshin_impact),https://danbooru.donmai.us/wiki_pages/Ganyu_(Qilin)_(Genshin_Impact),found,2025-12-06T08:29:11.486-05:00,A [[Qilin (mythology)|]] form of [[Ganyu (Genshin Impact)|]] from [[Genshin Impact]].,https://danbooru.donmai.us/posts/5395294,https://twitter.com/xinzoruo/status/1522179422736027648,ganyu_(genshin_impact) ganyu_(qilin)_(genshin_impact),genshin_impact,animalization black_horns blue_fur blue_sky closed_eyes cloud cloudy_sky horns no_humans outdoors qilin_(mythology) sky,commentary highres,b36a81bd7c2f30848d24318fd176482d
ganyu_(genshin_impact),2026-09-03T03:51:04.017-04:00,candidate,post,7140352,Ganyu (Young) (Genshin Impact),Young,https://danbooru.donmai.us/wiki_pages/ganyu_(genshin_impact),https://danbooru.donmai.us/wiki_pages/Ganyu_(Young)_(Genshin_Impact),found,2024-02-02T06:33:37.555-05:00,"A [[aged down|younger]] version of [[Ganyu (Genshin Impact)|]] first seen in [[Xianyun (Genshin Impact)|]]'s ""Character Teaser"":[https://www.youtube.com/watch?v=O_7r93u9mWs].",https://danbooru.donmai.us/posts/7140352,https://twitter.com/00x0044/status/1750770603819487707,ganyu_(genshin_impact) ganyu_(young)_(genshin_impact),genshin_impact,1girl aged_down ahoge bell black_gloves blue_hair cape child cowbell fur-trimmed_cape fur-trimmed_headwear fur-trimmed_hood fur_trim gloves goat_horns hair_between_eyes hood hood_up horns neck_bell official_alternate_costume open_mouth purple_eyes sidelocks smile tail winter_clothes,commentary_request highres,cf06bbc55773063aa335ee49885fe51d
ganyu_(genshin_impact),2026-09-03T03:51:04.017-04:00,candidate,post,6585977,Ganyu (Genshin Concert) (Genshin Impact),2023 Genshin Concert,https://danbooru.donmai.us/wiki_pages/ganyu_(genshin_impact),https://danbooru.donmai.us/wiki_pages/Ganyu_(Genshin_Concert)_(Genshin_Impact),found,2025-12-06T08:27:01.267-05:00,"[[Ganyu (genshin impact)|]]'s [[official alternate costume|costume]] from the ""2023 Genshin Concert artwork"":[https://i0.hdslb.com/bfs/article/86d5a8398b642313ebecf97b4f42680dfb964676.jpg].",https://danbooru.donmai.us/posts/6585977,https://t.bilibili.com/829232578561048633,albedo_(genshin_concert)_(genshin_impact) albedo_(genshin_impact) diona_(genshin_concert)_(genshin_impact) diona_(genshin_impact) eula_(genshin_concert)_(genshin_impact) eula_(genshin_impact) ganyu_(genshin_concert)_(genshin_impact) ganyu_(genshin_impact) tartaglia_(genshin_concert)_(genshin_impact) tartaglia_(genshin_impact) xiao_(genshin_concert)_(genshin_impact) xiao_(genshin_impact) zhongli_(genshin_concert)_(genshin_impact) zhongli_(genshin_impact),genshin_impact,3girls 4boys ahoge arm_up bare_shoulders bass_drum beret black_hairband black_pants black_pantyhose blonde_hair blue_eyes blue_hair boots brown_coat brown_hair brown_vest coat conductor_baton copyright_name dress drum electric_guitar fender_stratocaster flute flute_tassel green_hair guitar hairband hat holding holding_instrument horns indoors instrument jacket long_sleeves mallet_(instrument) multiple_boys multiple_girls off-shoulder_dress off_shoulder official_alternate_costume orange_hair pants pantyhose piccolo_(instrument) pink_hair pipa_(instrument) shirt shoes standing standing_on_one_leg tassel triangle_(instrument) vest white_boots white_dress white_jacket white_pants white_shirt white_shoes white_vest,commentary_request highres official_art,4a19a6693ba14e345efba1561e208576
ganyu_(twilight_blossom)_(genshin_impact),2025-12-06T08:29:56.783-05:00,candidate,post,7901426,,Profile,https://danbooru.donmai.us/wiki_pages/ganyu_(twilight_blossom)_(genshin_impact),,,,,https://danbooru.donmai.us/posts/7901426,https://static.wikia.nocookie.net/gensin-impact/images/9/93/Character_Ganyu_Twilight_Blossom_Full_Wish.png?format=original,ganyu_(genshin_impact) ganyu_(twilight_blossom)_(genshin_impact),genshin_impact,1girl aerial_fireworks ahoge bare_shoulders black_gloves black_shoes blue_hair chinese_clothes closed_mouth detached_sleeves dress elbow_gloves fireworks gloves goat_horns hair_between_eyes hand_up high_heels horns long_hair looking_down multicolored_dress official_alternate_costume official_alternate_hairstyle purple_eyes qipao shoes short_sleeves sitting smile solo standing transparent_background,commentary english_commentary highres official_art,8ce70513d2bc25fde70dac5ed345f003
hu_tao_(cherries_snow-laden)_(genshin_impact),2025-12-06T10:42:33.302-05:00,candidate,post,9050426,,Profile,https://danbooru.donmai.us/wiki_pages/hu_tao_(cherries_snow-laden)_(genshin_impact),,,,,https://danbooru.donmai.us/posts/9050426,https://static.wikia.nocookie.net/gensin-impact/images/6/68/Character_Hu_Tao_Cherries_Snow-Laden_Full_Wish.png?format=original,boo_tao_(genshin_impact) hu_tao_(cherries_snow-laden)_(genshin_impact) hu_tao_(genshin_impact),genshin_impact,1girl brown_hair brown_thighhighs chinese_clothes detached_sleeves eyewear_on_head floating_hair flower-shaped_pupils full_body ghost hair_between_eyes hat long_hair long_sleeves looking_at_viewer official_alternate_costume red_eyes red_skirt round_eyewear running shirt shoes skirt smile solo symbol-shaped_pupils thighhighs transparent_background very_long_hair white_hat white_shirt,commentary english_commentary highres official_art third-party_source,18021674580493e8721afdb53c4a5998
hu_tao_(genshin_impact),2025-12-16T02:12:15.529-05:00,candidate,post,4385256,,Default,https://danbooru.donmai.us/wiki_pages/hu_tao_(genshin_impact),,,,,https://danbooru.donmai.us/posts/4385256,https://genshin-impact.fandom.com/wiki/File:Character_Hu_Tao_Portrait.png,hu_tao_(genshin_impact),genshin_impact,1girl arm_up ass bead_bracelet beads black_hat black_nails black_shorts bracelet brown_hair brown_shirt brown_shoes chinese_clothes flat_chest floating_hair flower flower-shaped_pupils from_behind full_body gradient_hair grin hat hat_flower jewelry leg_up long_hair long_sleeves looking_at_viewer looking_back mandarin_collar multicolored_hair multiple_rings nail_polish outstretched_arm plum_blossoms red_eyes red_flower ring shirt shoes short_shorts shorts smile socks solo standing standing_on_one_leg star_(symbol) symbol-shaped_pupils tailcoat tassel thighs thumb_ring transparent_background twintails very_long_hair white_socks wide_sleeves,absurdres commentary english_commentary highres official_art third-party_source,94cc50ce1b20f04ab1b0e573e3926307
hu_tao_(genshin_impact),2025-12-16T02:12:15.529-05:00,candidate,post,9050426,Hu Tao (Cherries Snow-Laden) (Genshin Impact),Cherries Snow-Laden,https://danbooru.donmai.us/wiki_pages/hu_tao_(genshin_impact),https://danbooru.donmai.us/wiki_pages/Hu_Tao_(Cherries_Snow-Laden)_(Genshin_Impact),found,2025-12-06T10:42:33.302-05:00,"An [[official alternate costume|official costume]] of [[Genshin Impact]]'s [[Hu Tao (genshin impact)|]], released in version 5.3.",https://danbooru.donmai.us/posts/9050426,https://static.wikia.nocookie.net/gensin-impact/images/6/68/Character_Hu_Tao_Cherries_Snow-Laden_Full_Wish.png?format=original,boo_tao_(genshin_impact) hu_tao_(cherries_snow-laden)_(genshin_impact) hu_tao_(genshin_impact),genshin_impact,1girl brown_hair brown_thighhighs chinese_clothes detached_sleeves eyewear_on_head floating_hair flower-shaped_pupils full_body ghost hair_between_eyes hat long_hair long_sleeves looking_at_viewer official_alternate_costume red_eyes red_skirt round_eyewear running shirt shoes skirt smile solo symbol-shaped_pupils thighhighs transparent_background very_long_hair white_hat white_shirt,commentary english_commentary highres official_art third-party_source,18021674580493e8721afdb53c4a5998
hu_tao_(genshin_impact),2025-12-16T02:12:15.529-05:00,candidate,post,4724582,Hu Tao (Sweets Paradise) (Genshin Impact),SWEETS PARADISE,https://danbooru.donmai.us/wiki_pages/hu_tao_(genshin_impact),https://danbooru.donmai.us/wiki_pages/Hu_Tao_(Sweets_Paradise)_(Genshin_Impact),found,2025-12-16T01:52:45.509-05:00,"[[Hu Tao_(Genshin_Impact)|]]'s [[official alternate costume|costume]] from [[Genshin Impact]] X ""SWEETS PARADISE collaboration"":[https://twitter.com/Linkstars_hoshi/status/1456239983262527492].",https://danbooru.donmai.us/posts/4724582,https://twitter.com/Linkstars_hoshi/status/1429748120930324485,hu_tao_(genshin_impact) hu_tao_(sweets_paradise)_(genshin_impact) xiao_(genshin_impact) xiao_(sweets_paradise)_(genshin_impact),genshin_impact sweets_paradise,"""sweet_dream""_(genshin_impact) 1boy 1girl ahoge arm_tattoo black_boots black_gloves black_jacket black_nails black_shoes black_shorts boots bowl bracelet brown_hair brown_hat chinese_clothes copyright_name copyright_notice facial_mark flower flower-shaped_pupils forehead_mark gloves gradient_hair green_hair grin hair_flaps hat hat_flower holding holding_ladle holding_plate jacket jewelry ladle long_hair multicolored_hair necklace official_alternate_costume one_eye_closed pankou pants plate plum_blossoms red_eyes red_flower ring sash shirt shoes shorts sidelocks smile socks spoon streaked_hair symbol-shaped_pupils tassel tattoo thumb_ring twintails very_long_hair vision_(genshin_impact) white_pants white_shirt white_socks yellow_eyes",absurdres commentary_request highres official_art promotional_art,5f3106bc38dc7864ea3cf714436f3b3d
hu_tao_(genshin_impact),2025-12-16T02:12:15.529-05:00,candidate,post,5763294,Hu Tao (Oneplus) (Genshin Impact),OnePlus,https://danbooru.donmai.us/wiki_pages/hu_tao_(genshin_impact),https://danbooru.donmai.us/wiki_pages/Hu_Tao_(Oneplus)_(Genshin_Impact),found,2025-12-16T02:08:14.581-05:00,"[[Hu Tao_(Genshin_Impact)|]]'s [[official alternate costume]] from 2022 [[Genshin Impact]] X ""OnePlus collaboration"":[https://youtu.be/lWRLqKIXkWI].",https://danbooru.donmai.us/posts/5763294,https://twitter.com/heiankyo_327/status/1583368237005172736,hu_tao_(genshin_impact) hu_tao_(oneplus)_(genshin_impact),genshin_impact,1girl black_hat black_nails black_skirt black_vest blazer brown_hair bug butterfly cellphone collared_shirt fedora full_body hand_on_headwear hand_up hat holding holding_phone jacket leg_up legs long_hair looking_at_viewer nail_polish necktie official_alternate_costume open_clothes open_jacket pencil_skirt phone pinstripe_pattern pinstripe_skirt red_eyes red_shirt shirt shoes skirt smartphone smile socks solo symbol-shaped_pupils thighs very_long_hair vest white_necktie white_socks,commentary_request highres official_art,ecf8c92fbd93039b4a619c75a3466f2f
hu_tao_(genshin_impact),2025-12-16T02:12:15.529-05:00,candidate,post,7323643,Hu Tao (Lawson) (Genshin Impact),Lawson,https://danbooru.donmai.us/wiki_pages/hu_tao_(genshin_impact),https://danbooru.donmai.us/wiki_pages/Hu_Tao_(Lawson)_(Genshin_Impact),found,2025-12-06T14:05:20.637-05:00,"[[Hu Tao_(Genshin_Impact)|]]'s [[official alternate costume|costume]] from [[Genshin Impact]] X ""Lawson collaboration"":[https://t.bilibili.com/727133689909084257].",https://danbooru.donmai.us/posts/7323643,https://t.bilibili.com/727133689909084257,boo_tao_(genshin_impact) hu_tao_(genshin_impact) hu_tao_(lawson)_(genshin_impact),genshin_impact lawson,1girl bare_shoulders black_nails black_pantyhose blue_jacket blue_skirt brown_hair claw_pose eyewear_hang fanny_pack flower-shaped_pupils full_body gradient_hair grin hair_flaps hairband hand_on_own_hip hand_up jacket long_hair long_sleeves looking_at_viewer miniskirt multicolored_hair nail_polish off_shoulder official_alternate_costume open_clothes open_jacket pantyhose pleated_skirt red_eyes shirt shoes skirt smile sneakers solo standing sunglasses symbol-shaped_pupils twintails unworn_eyewear very_long_hair white_shirt,artist_request commentary_request highres official_art,869774e0ed9103e8f31b2d615e12954e
hu_tao_(genshin_impact),2025-12-16T02:12:15.529-05:00,candidate,post,7283943,Hu Tao (Galaxy Store) (Genshin Impact),Galaxy Store,https://danbooru.donmai.us/wiki_pages/hu_tao_(genshin_impact),https://danbooru.donmai.us/wiki_pages/Hu_Tao_(Galaxy_Store)_(Genshin_Impact),found,2025-12-16T01:56:28.406-05:00,"[[Hu Tao (Genshin Impact)|]]'s [[official alternate costume|costume]] from [[Genshin Impact]] X ""Galaxy Store collaboration"":[https://twitter.com/genshinimpactkr/status/1763761268991852843].",https://danbooru.donmai.us/posts/7283943,https://x.com/genshinimpactkr/status/1763761268991852843?s=46,boo_tao_(genshin_impact) hu_tao_(galaxy_store)_(genshin_impact) hu_tao_(genshin_impact),genshin_impact,1girl arm_up beanie black_gloves black_nails black_skirt bright_pupils brown_hair brown_jacket claw_pose cowboy_shot crop_top fingerless_gloves flower-shaped_pupils ghost gloves grin hair_between_eyes hair_ornament hairclip hand_up hat hat_ornament jacket jewelry korean_text long_hair long_sleeves looking_at_viewer low_twintails midriff multiple_rings official_alternate_costume open_clothes open_jacket open_mouth outstretched_arm red_eyes red_shirt ring shirt sidelocks skirt smile solo standing symbol-shaped_pupils twintails very_long_hair white_hat white_pupils,commentary_request korean_commentary official_art,550d6eaf0fef55c9ea82526ab8463ea0
hu_tao_(genshin_impact),2025-12-16T02:12:15.529-05:00,candidate,post,5312919,Hu Tao (Halloween) (Genshin Impact),Halloween,https://danbooru.donmai.us/wiki_pages/hu_tao_(genshin_impact),https://danbooru.donmai.us/wiki_pages/Hu_Tao_(Halloween)_(Genshin_Impact),found,2025-12-17T12:25:40.010-05:00,"[[Hu Tao (Genshin Impact)|]]'s [[official alternate costume|costume]] from [[Genshin Impact]], deriving from official Halloween merchandise. She is depicted as the [[Frankenstein's Monster]].",https://danbooru.donmai.us/posts/5312919,https://twitter.com/paimon_genshin7/status/1454659642148069379,boo_tao_(genshin_impact) hu_tao_(genshin_impact) hu_tao_(halloween)_(genshin_impact),genshin_impact,1girl bandaid bandaid_on_knee bandaid_on_leg bat_(animal) black_hat brown_hair candle chibi chibi_only flower-shaped_pupils frankenstein's_monster_costume ghost hat jack-o'-lantern long_hair long_sleeves looking_at_viewer official_alternate_costume outstretched_arms porkpie_hat pumpkin red_eyes scar scar_on_face scar_on_leg solo stitches symbol-shaped_pupils zombie_pose,commentary highres official_art untranslatable_commentary,6acde2efb5d83102ec0d3884ffb074f4
hu_tao_(genshin_impact),2025-12-16T02:12:15.529-05:00,asset_no_post_tags,asset,21432869,Hu Tao (Autumn Pop-Up Store) (Genshin Impact),Autumn Pop-Up Store,https://danbooru.donmai.us/wiki_pages/hu_tao_(genshin_impact),https://danbooru.donmai.us/wiki_pages/Hu_Tao_(Autumn_Pop-Up_Store)_(Genshin_Impact),found,2022-11-28T12:01:59.842-05:00,A costume for [[Hu Tao_(Genshin_Impact)|]] from [[Genshin Impact]].,https://danbooru.donmai.us/media_assets/21432869,,,,,,
hu_tao_(genshin_impact),2025-12-16T02:12:15.529-05:00,candidate,post,5755304,,Autumn Pop-Up Store (variation 2),https://danbooru.donmai.us/wiki_pages/hu_tao_(genshin_impact),,,,,https://danbooru.donmai.us/posts/5755304,https://twitter.com/yagita_000/status/1582202548907577345,boo_tao_(genshin_impact) hu_tao_(autumn_pop-up_store)_(genshin_impact) hu_tao_(genshin_impact),genshin_impact,1girl armpits blush breasts brown_hair ghost grin long_hair looking_at_viewer official_alternate_costume red_eyes sailor_collar sailor_shirt shirt sleeveless small_breasts smile solo symbol-shaped_pupils twintails very_long_hair,absurdres commentary highres,48139e0556991f6c2a9da616fa55f2c8
hu_tao_(genshin_impact),2025-12-16T02:12:15.529-05:00,asset_no_post_tags,asset,21432900,Hu Tao (2Nd Anniversary) (Genshin Impact),2nd Anniversary,https://danbooru.donmai.us/wiki_pages/hu_tao_(genshin_impact),https://danbooru.donmai.us/wiki_pages/Hu_Tao_(2Nd_Anniversary)_(Genshin_Impact),found,2022-11-28T12:01:39.225-05:00,A costume for [[Hu Tao_(Genshin_Impact)|]] from [[Genshin Impact]].,https://danbooru.donmai.us/media_assets/21432900,,,,,,
iansan_(genshin_impact),2025-12-06T11:59:02.493-05:00,candidate,post,8876928,,,https://danbooru.donmai.us/wiki_pages/iansan_(genshin_impact),,,,,https://danbooru.donmai.us/posts/8876928,https://twitter.com/GenshinImpact/status/1891790008660750432,iansan_(genshin_impact),genshin_impact,1girl animal_skull arm_support black_headband boots character_name clothing_cutout copyright_name dark-skinned_female dark_skin earrings floating_hair fur_trim green_eyes grey_hair grin hair_between_eyes hair_tubes headband jewelry kneeling long_hair multicolored_boots multiple_rings necklace on_one_knee pointy_ears ring shoulder_cutout shoulder_tattoo single_thighhigh skull smile sports_bra subtitled tattoo thighhighs very_long_hair,commentary english_commentary highres official_art,93055d3125e1f59ade3f1b6700a0d63d
ineffa_(genshin_impact),2026-09-03T20:09:09.054-04:00,candidate,post,9519574,,Default,https://danbooru.donmai.us/wiki_pages/ineffa_(genshin_impact),,,,,https://danbooru.donmai.us/posts/9519574,https://twitter.com/GenshinImpact/status/1937088497220804745,ineffa_(genshin_impact),genshin_impact,1girl android blue_eyes blue_hair breasts cape circular_saw foot_out_of_frame fractured_halo_(genshin_impact) hat holding holding_saw holding_weapon leotard looking_at_viewer mechanical_arms mechanical_legs saw short_hair sidelocks small_breasts solo weapon,commentary english_commentary highres official_art,cabfcac1219f8685e094025a148b86aa
ineffa_(genshin_impact),2026-09-03T20:09:09.054-04:00,candidate,post,11917350,Ineffa (Vkusno I Tochka) (Genshin Impact),Vkusno I Tochka,https://danbooru.donmai.us/wiki_pages/ineffa_(genshin_impact),https://danbooru.donmai.us/wiki_pages/Ineffa_(Vkusno_I_Tochka)_(Genshin_Impact),found,2026-09-03T20:06:30.110-04:00,"An [[official alternate costume]] for [[Ineffa (Genshin Impact)|]] from the 2026 [[Genshin Impact]] and ""Vkusno i tochka"":[https://genshin-impact.fandom.com/wiki/Genshin_Impact_x_Vkusno_I_tochka] collaboration.",https://danbooru.donmai.us/posts/11917350,https://vk.com/wall-183293188_2251250,aino_(genshin_impact) aino_(vkusno_i_tochka)_(genshin_impact) ineffa_(genshin_impact) ineffa_(vkusno_i_tochka)_(genshin_impact),genshin_impact,2girls android antenna_hair bag black_shoes blue_dress blue_eyes blue_hair blue_sky burger chair chips_(food) closed_mouth cloud cup disposable_cup dress food green_dress hand_on_own_hip holding holding_cup indoors jacket joints long_hair long_sleeves looking_at_viewer multiple_girls official_alternate_costume open_clothes open_jacket open_mouth pink_hair potato_chips robot robot_ears robot_girl robot_joints shoes short_hair shoulder_bag sky smile standing standing_on_one_leg table thighhighs white_thighhighs,commentary_request highres official_art russian_commentary,658363b8a0e49b22f9fcae11e102a7b9
istaroth_(genshin_impact),2026-01-18T09:37:55.410-05:00,candidate,post,9603253,,,https://danbooru.donmai.us/wiki_pages/istaroth_(genshin_impact),,,,,https://danbooru.donmai.us/posts/9603253,https://twitter.com/genshinimpact/status/1942797613734023657,istaroth_(genshin_impact),genshin_impact,1girl anklet bare_shoulders barefoot braid character_name closed_mouth colored_extremities dress english_text expressionless galaxy_background hair_flowing_over hair_spread_out jewelry long_hair on_stairs open-toe_shoes sitting sitting_on_stairs solo space stairs star_(sky) very_long_hair white_hair wide_sleeves,commentary highres official_art,2f0b03f0664fcc78db4e451cd185c827
jahoda_(genshin_impact),2026-07-25T00:20:28.516-04:00,candidate,post,10167330,,Default,https://danbooru.donmai.us/wiki_pages/jahoda_(genshin_impact),,,,,https://danbooru.donmai.us/posts/10167330,https://twitter.com/GenshinImpact/status/1981662201178919341,jahoda_(genshin_impact),genshin_impact,1girl :d black_boots black_gloves black_hat black_shorts blonde_hair boots braid braided_hair_rings breasts detached_sleeves eyewear_on_head full_body gloves hair_rings hand_on_own_hip hat long_sleeves looking_at_viewer open_mouth short_hair short_shorts shorts single_loose_sock single_thighhigh small_breasts smile socks solo sunglasses thighhighs thighs torn_clothes torn_thighhighs white_socks yellow_eyes,commentary english_commentary highres official_art,30422cf299cfa624e8eeae82cf3cf7f9
jahoda_(genshin_impact),2026-07-25T00:20:28.516-04:00,candidate,post,10876221,Jahoda (Master of Qi) (genshin impact),Master of Qi,https://danbooru.donmai.us/wiki_pages/jahoda_(genshin_impact),https://danbooru.donmai.us/wiki_pages/Jahoda_(Master_of_Qi)_(genshin_impact),found,2026-03-01T10:28:30.088-05:00,[[Jahoda (genshin impact)|]]'s [[official alternate costume|official costume]] from the events of [[Clorinde (genshin impact)|]]'s Anecdote: Tabletop Troupe.,https://danbooru.donmai.us/posts/10876221,https://genshin-impact.fandom.com/wiki/File:Clorinde_Tabletop_Troupe_Jahoda_Master_of_Qi.png,jahoda_(genshin_impact) jahoda_(master_of_qi)_(genshin_impact),genshin_impact,1girl :3 bandaged_arm bandaged_torso bandages bead_bracelet bead_necklace beads belt belt_buckle black_belt black_dress black_sleeves blonde_hair bracelet braid braided_hair_rings breasts buckle chest_belt chinese_clothes cloak closed_mouth detached_sleeves dress eyelashes goggles goggles_on_head hair_between_eyes hair_rings hand_on_own_hip hand_up hood hood_up hooded_cloak jewelry long_sleeves looking_at_viewer mechanical_arms multicolored_eyes necklace official_alternate_costume pelvic_curtain qipao rope rope_belt sideless_outfit simple_background single_mechanical_arm sleeveless sleeveless_dress small_breasts smile solo star-shaped_pupils star_(symbol) symbol-shaped_pupils tabletop_troupe_(genshin_impact) tassel transparent_background white_cloak yellow_eyes,highres official_art third-party_source,2c2806acba448fa96e3818dd27319b63
jean_(genshin_impact),2025-12-06T11:02:06.819-05:00,candidate,post,4118677,,Default,https://danbooru.donmai.us/wiki_pages/jean_(genshin_impact),,,,,https://danbooru.donmai.us/posts/4118677,,jean_(genshin_impact),genshin_impact,1girl ass_visible_through_thighs black_capelet black_gloves blonde_hair blue_eyes boots breasts capelet collar corset cross cross_earrings detached_collar detached_sleeves earrings favonius_sword_(genshin_impact) full_body gloves hair_between_eyes jewelry knee_boots long_hair medium_breasts pants ponytail shirt sidelocks solo strapless sword tight_clothes tight_pants transparent_background weapon white_boots white_collar white_pants white_shirt white_sleeves,absurdres artist_request highres official_art,18b0d722b78ddf0161be5fec8722b1fc
jean_(genshin_impact),2025-12-06T11:02:06.819-05:00,candidate,post,5936151,Jean (Gunnhildr's Legacy) (genshin impact),Gunnhildr's Legacy,https://danbooru.donmai.us/wiki_pages/jean_(genshin_impact),https://danbooru.donmai.us/wiki_pages/Jean_(Gunnhildr's_Legacy)_(genshin_impact),found,2025-12-06T11:49:11.534-05:00,"[[Jean (genshin impact)|]]'s [[official alternate costume|costume]], replacing her default outfit on the Chinese server.",https://danbooru.donmai.us/posts/5936151,https://static.wikia.nocookie.net/gensin-impact/images/f/f5/Character_Jean_Gunnhildr%27s_Legacy_Full_Wish.png/revision/latest?cb=20220721013132&format=original,jean_(genshin_impact) jean_(gunnhildr's_legacy)_(genshin_impact),genshin_impact,1girl blonde_hair blue_eyes boots fantasy faux_figurine favonius_sword_(genshin_impact) full_body high_heels holding holding_sword holding_weapon looking_at_viewer pants sword thigh_boots transparent_background weapon white_pants,official_art third-party_source,dea5ece7ee126ebd2246d7cd963752a5
jean_(genshin_impact),2025-12-06T11:02:06.819-05:00,candidate,post,5936149,Jean (Sea Breeze Dandelion) (genshin impact),Sea Breeze Dandelion,https://danbooru.donmai.us/wiki_pages/jean_(genshin_impact),https://danbooru.donmai.us/wiki_pages/Jean_(Sea_Breeze_Dandelion)_(genshin_impact),found,2025-12-06T10:29:33.579-05:00,"An [[official alternate costume|official costume]] of [[Genshin Impact]]'s [[Jean (genshin impact)|]], released in version 1.6.",https://danbooru.donmai.us/posts/5936149,https://static.wikia.nocookie.net/gensin-impact/images/5/54/Character_Jean_Sea_Breeze_Dandelion_Full_Wish.png/revision/latest?cb=20220507132303&format=original,anemo_slime_(genshin_impact) jean_(genshin_impact) jean_(sea_breeze_dandelion)_(genshin_impact) slime_(genshin_impact),genshin_impact,1girl barefoot beach blonde_hair blue_eyes diorama full_body high_heel_sandals high_heels looking_at_viewer ocean official_alternate_costume outdoors sand sandals toenails toes transparent_background water,highres official_art third-party_source,e124b88738de33746b166148b4804d27
jean_(genshin_impact),2025-12-06T11:02:06.819-05:00,candidate,post,7899699,Jean (Pizza Alvolo) (genshin impact),Pizza Alvolo,https://danbooru.donmai.us/wiki_pages/jean_(genshin_impact),https://danbooru.donmai.us/wiki_pages/Jean_(Pizza_Alvolo)_(genshin_impact),found,2025-12-06T10:05:39.766-05:00,"[[Jean_(Genshin_Impact)|]]'s [[official alternate costume|costume]] from [[Genshin Impact]] X ""Pizza Alvolo collaboration"":[https://act.hoyoverse.com/puzzle/hk4e/pz_ghyEoqaAFP/index.html].",https://danbooru.donmai.us/posts/7899699,https://act.hoyoverse.com/puzzle/hk4e/pz_ghyEoqaAFP/index.html,jean_(genshin_impact) jean_(pizza_alvolo)_(genshin_impact),genshin_impact,1girl armlet black_hat blonde_hair blue_eyes closed_mouth cross-laced_shoes food full_body hair_between_eyes hat jacket jewelry long_hair long_sleeves looking_at_viewer official_alternate_costume pizza ponytail shoes simple_background skirt smile solo standing transparent_background watch white_jacket white_shoes white_skirt wristwatch,highres official_art,1dd695d42745c05c42087072e4aa39af
jean_(genshin_impact),2025-12-06T11:02:06.819-05:00,candidate,post,4671159,Jean (Sweets Paradise) (genshin impact),SWEETS PARADISE,https://danbooru.donmai.us/wiki_pages/jean_(genshin_impact),https://danbooru.donmai.us/wiki_pages/Jean_(Sweets_Paradise)_(genshin_impact),found,2025-12-06T08:37:54.220-05:00,"[[Jean_(Genshin_Impact)|]]'s [[official alternate costume|costume]] from [[Genshin Impact]] X ""SWEETS PARADISE collaboration"":[https://twitter.com/Linkstars_hoshi/status/1456239983262527492].",https://danbooru.donmai.us/posts/4671159,https://twitter.com/Linkstars_hoshi/status/1420714647385042944,aether_(genshin_impact) aether_(sweets_paradise)_(genshin_impact) albedo_(genshin_impact) albedo_(sweets_paradise)_(genshin_impact) amber_(genshin_impact) barbara_(genshin_impact) bennett_(genshin_impact) diluc_(genshin_impact) diona_(genshin_impact) diona_(sweets_paradise)_(genshin_impact) eula_(genshin_impact) fischl_(genshin_impact) jean_(genshin_impact) jean_(sweets_paradise)_(genshin_impact) kaeya_(genshin_impact) klee_(genshin_impact) klee_(sweets_paradise)_(genshin_impact) lisa_(genshin_impact) lumine_(genshin_impact) lumine_(sweets_paradise)_(genshin_impact) mona_(genshin_impact) mona_(sweets_paradise)_(genshin_impact) noelle_(genshin_impact) noelle_(sweets_paradise)_(genshin_impact) paimon_(genshin_impact) paimon_(sweets_paradise)_(genshin_impact) razor_(genshin_impact) rosaria_(genshin_impact) sucrose_(genshin_impact) sucrose_(sweets_paradise)_(genshin_impact) venti_(genshin_impact),genshin_impact sweets_paradise,"""pile_'em_up""_(genshin_impact) 6+boys 6+girls ahoge animal_ear_fluff animal_ears antenna_hair apple apple_juice apple_slice aqua_hair bangs_pinned_back berry_&_mint_burst_(genshin_impact) black_hair blonde_hair blue_hair braid braided_bangs brown_hair cat_ears cat_tail chibi chibi_only closed_mouth clover cup dark-skinned_male dark_skin definitely_not_bar_food!_(genshin_impact) die_heilige_sinfonie_(genshin_impact) dress drink eyepatch flower food four-leaf_clover fruit glasses goggles goggles_around_neck goggles_on_head green_hair grey_hair grin hair_between_eyes hair_flower hair_ornament hair_ribbon hairband halo hat holding juice logo long_hair maid_headdress multicolored_hair multiple_boys multiple_girls nun nun_headdress official_alternate_costume open_mouth pink_hair pizza pointy_ears ponytail purple_hair red_hair ribbon rose short_hair side_braids simple_background smile sticky_honey_roast_(genshin_impact) streaked_hair sweet_madame_(genshin_impact) tail two_side_up waiter waitress white_flower white_hair witch_hat",commentary_request highres official_art,5062063dddf7ff10a084713661070877
jean_(gunnhildr's_legacy)_(genshin_impact),2025-12-06T11:49:11.534-05:00,candidate,post,5936151,,Profile,https://danbooru.donmai.us/wiki_pages/jean_(gunnhildr's_legacy)_(genshin_impact),,,,,https://danbooru.donmai.us/posts/5936151,https://static.wikia.nocookie.net/gensin-impact/images/f/f5/Character_Jean_Gunnhildr%27s_Legacy_Full_Wish.png/revision/latest?cb=20220721013132&format=original,jean_(genshin_impact) jean_(gunnhildr's_legacy)_(genshin_impact),genshin_impact,1girl blonde_hair blue_eyes boots fantasy faux_figurine favonius_sword_(genshin_impact) full_body high_heels holding holding_sword holding_weapon looking_at_viewer pants sword thigh_boots transparent_background weapon white_pants,official_art third-party_source,dea5ece7ee126ebd2246d7cd963752a5
jean_(sea_breeze_dandelion)_(genshin_impact),2025-12-06T10:29:33.579-05:00,candidate,post,5936149,,Profile,https://danbooru.donmai.us/wiki_pages/jean_(sea_breeze_dandelion)_(genshin_impact),,,,,https://danbooru.donmai.us/posts/5936149,https://static.wikia.nocookie.net/gensin-impact/images/5/54/Character_Jean_Sea_Breeze_Dandelion_Full_Wish.png/revision/latest?cb=20220507132303&format=original,anemo_slime_(genshin_impact) jean_(genshin_impact) jean_(sea_breeze_dandelion)_(genshin_impact) slime_(genshin_impact),genshin_impact,1girl barefoot beach blonde_hair blue_eyes diorama full_body high_heel_sandals high_heels looking_at_viewer ocean official_alternate_costume outdoors sand sandals toenails toes transparent_background water,highres official_art third-party_source,e124b88738de33746b166148b4804d27
kamisato_ayaka,2026-09-26T08:48:17.229-04:00,candidate,post,5307156,,Default,https://danbooru.donmai.us/wiki_pages/kamisato_ayaka,,,,,https://danbooru.donmai.us/posts/5307156,https://twitter.com/Genshin_7/status/1401841368054616065,kamisato_ayaka,genshin_impact,1girl armor armored_dress black_gloves blue_eyes blue_hair breastplate dress elbow_gloves folding_fan full_body gloves hair_ornament hand_fan high_ponytail holding holding_fan japanese_armor japanese_clothes jewelry kamisato_clan_(emblem) long_hair long_sleeves looking_at_viewer mole mole_under_eye neck_ring neck_tassel necklace partially_fingerless_gloves ponytail solo tabi tassel tassel_hair_ornament,commentary_request highres official_art second-party_source,dee431417bc1d5d2819a4dcb38025594
kamisato_ayaka,2026-09-26T08:48:17.229-04:00,candidate,post,7901428,Kamisato Ayaka (Springbloom Missive),Springbloom Missive,https://danbooru.donmai.us/wiki_pages/kamisato_ayaka,https://danbooru.donmai.us/wiki_pages/Kamisato_Ayaka_(Springbloom_Missive),found,2025-12-06T10:38:41.458-05:00,"An [[official alternate costume|official costume]] of [[Genshin Impact]]'s [[Kamisato Ayaka]], released in version 3.4.",https://danbooru.donmai.us/posts/7901428,https://static.wikia.nocookie.net/gensin-impact/images/6/61/Character_Kamisato_Ayaka_Springbloom_Missive_Full_Wish.png?format=original,kamisato_ayaka kamisato_ayaka_(springbloom_missive),genshin_impact,1girl arched_bangs blue_hair blunt_tresses boater_hat boots brown_boots brown_hat butterfly_hair_ornament closed_mouth dress floral_print flower full_body hair_flower hair_ornament hat holding holding_pen lace-up_boots long_sleeves looking_at_viewer mole mole_under_eye official_alternate_costume official_alternate_hairstyle pantyhose pen smile solo standing transparent_background white_pantyhose,commentary english_commentary highres official_art,d7f69fa5728e136b3e3efbd82060794c
kamisato_ayaka,2026-09-26T08:48:17.229-04:00,candidate,post,4809100,Kamisato Ayaka (2nd Anniversary),2nd anniversary,https://danbooru.donmai.us/wiki_pages/kamisato_ayaka,https://danbooru.donmai.us/wiki_pages/Kamisato_Ayaka_(2nd_Anniversary),found,2023-01-22T16:59:32.397-05:00,A costume for [[Kamisato Ayaka]] from [[Genshin Impact]].,https://danbooru.donmai.us/posts/4809100,https://twitter.com/mizuyo_/status/1442053314191912960,chongyun_(2nd_anniversary)_(genshin_impact) chongyun_(genshin_impact) kamisato_ayaka kamisato_ayaka_(2nd_anniversary) venti_(2nd_anniversary)_(genshin_impact) venti_(genshin_impact) xinyan_(2nd_anniversary)_(genshin_impact) xinyan_(genshin_impact),genshin_impact,2boys 2girls alternate_costume alternate_hairstyle band_(music) bare_shoulders bass_guitar black_hair blue_eyes blue_hair blunt_bangs bow braid breasts cleavage concert dark_skin dress drum drum_set drumsticks electric_guitar fender_jazz_bass fingerless_gloves fishnet_socks fishnets flower gloves green_eyes guitar hair_bow hair_down hair_flower hair_ornament hand_on_own_chest hat holding holding_instrument instrument long_hair looking_at_viewer multicolored_hair multiple_boys multiple_girls off_shoulder open_mouth playing_instrument red_hair shorts singing smile socks stage stage_lights standing streaked_hair trap truss twin_braids two-tone_hair,absurdres commentary highres untranslatable_commentary,893ff0d43358a7f9c189f78172b23902
kamisato_ayaka,2026-09-26T08:48:17.229-04:00,candidate,post,7282689,Kamisato Ayaka (Gigo),Gigo,https://danbooru.donmai.us/wiki_pages/kamisato_ayaka,https://danbooru.donmai.us/wiki_pages/Kamisato_Ayaka_(Gigo),found,2025-12-06T14:06:58.456-05:00,"[[Kamisato Ayaka|Ayaka]]'s [[official alternate costume|costume]] from 2022 [[Genshin Impact]] X ""GiGo collaboration"":[https://www.pixiv.net/artworks/105046741].",https://danbooru.donmai.us/posts/7282689,https://i.pximg.net/img-original/img/2023/02/03/17/41/00/105046741_p0.jpg,chongyun_(genshin_impact) chongyun_(gigo)_(genshin_impact) kamisato_ayaka kamisato_ayaka_(gigo) thoma_(genshin_impact) thoma_(gigo)_(genshin_impact) xingqiu_(genshin_impact) xingqiu_(gigo)_(genshin_impact),genshin_impact gigo,1girl 3boys backpack bag black_shoes blonde_hair blue_hair blunt_bangs book bow collared_shirt dog_tags dress food full_body hair_bow holding holding_book hood hoodie jacket long_hair long_sleeves multiple_boys necktie pants pink_bow plaid_clothes plaid_pants ponytail popsicle red_necktie school_bag shirt shoes short_hair walking white_shirt,commentary_request highres official_art,10d584995c5ddf14938cdf0f08df4300
kamisato_ayaka,2026-09-26T08:48:17.229-04:00,candidate,post,5724608,Kamisato Ayaka (Heytea),Heytea,https://danbooru.donmai.us/wiki_pages/kamisato_ayaka,https://danbooru.donmai.us/wiki_pages/Kamisato_Ayaka_(Heytea),found,2025-12-06T13:34:27.470-05:00,"[[Kamisato Ayaka|Ayaka]]'s [[official alternate costume|costume]] from 2022 [[Genshin Impact]] X ""Heytea collaboration"":[https://weibo.cn/6593199887/4810299998473085].",https://danbooru.donmai.us/posts/5724608,https://genshin.global/wp-content/uploads/2022/09/hey-tea-kamisato-ayato-ayaka-official-wallpaper-genshin.jpg,aether_(genshin_impact) kamisato_ayaka kamisato_ayaka_(heytea) kamisato_ayato kamisato_ayato_(heytea) lumine_(genshin_impact) taroumaru_(genshin_impact),genshin_impact,1boy 1girl alternate_costume bag belt black_shoes blue_eyes blue_hair charm_(object) collared_shirt long_hair looking_at_viewer pleated_skirt ponytail sailor_collar school_bag shirt shoes siblings skirt socks thighs white_shirt white_socks,highres official_art,c500cd2f4457f33a3816d4efaeada6d3
kamisato_ayaka,2026-09-26T08:48:17.229-04:00,candidate,post,5615019,Kamisato Ayaka (Sweets Paradise),SWEETS PARADISE,https://danbooru.donmai.us/wiki_pages/kamisato_ayaka,https://danbooru.donmai.us/wiki_pages/Kamisato_Ayaka_(Sweets_Paradise),found,2025-12-06T13:32:45.472-05:00,"[[Kamisato Ayaka|Ayaka]]'s [[official alternate costume|costume]] from [[Genshin Impact]] X ""SWEETS PARADISE collaboration"":[https://twitter.com/Linkstars_hoshi/status/1562003177263996931].",https://danbooru.donmai.us/posts/5615019,https://twitter.com/Linkstars_hoshi/status/1562003177263996931,kaedehara_kazuha kaedehara_kazuha_(sweets_paradise) kamisato_ayaka kamisato_ayaka_(sweets_paradise),genshin_impact sweets_paradise,"""snow_on_the_hearth""_(genshin_impact) 1boy 1girl all-weather_beauty_(genshin_impact) antenna_hair apron black_bow black_pants black_scarf blue_kimono bow brown_apron checkered_clothes checkered_kimono chopsticks fish_(food) floral_print folded_fan folding_fan food fox_mask full_body geta hair_bow hair_ribbon hand_fan high_ponytail holding holding_chopsticks holding_fan holding_plate japanese_clothes kimono leaf leaf_print long_hair long_sleeves low_ponytail maple_leaf mask mask_on_head mochi multicolored_hair obi obijime official_alternate_costume okobo pants pink_ribbon plate platform_sandals ponytail red_hair red_socks ribbon sakura_mochi sandals sash scarf short_ponytail snowflake_print socks streaked_hair tabi tassel tress_ribbon very_long_hair vision_(genshin_impact) wagashi white_hair white_socks wide_sleeves yellow_sash",absurdres commentary_request highres official_art,e442a80befb16636029b6cb304e38b38
kamisato_ayaka,2026-09-26T08:48:17.229-04:00,candidate,post,10317045,Kamisato Ayaka (oneplus),Oneplus,https://danbooru.donmai.us/wiki_pages/kamisato_ayaka,https://danbooru.donmai.us/wiki_pages/Kamisato_Ayaka_(oneplus),found,2025-12-06T13:40:07.954-05:00,"[[Kamisato Ayaka]]'s [[official alternate costume|costume]] from 2025 [[Genshin Impact]] X ""OnePlus collaboration"":[https://www.bilibili.com/opus/1137703338120314902].",https://danbooru.donmai.us/posts/10317045,https://t.bilibili.com/1137703338120314902,kamisato_ayaka kamisato_ayaka_(oneplus),genshin_impact,1girl bag black_bag blue_dress blue_eyes blue_hair blue_jacket blunt_bangs blunt_tresses cellphone closed_mouth cropped_jacket dress falling_petals floating_hair hands_up holding holding_phone jacket long_hair long_sleeves looking_at_viewer mole mole_under_eye official_alternate_costume official_alternate_hairstyle pantyhose petals phone shoulder_bag sleeveless sleeveless_jacket smartphone smile solo standing white_pantyhose,chinese_commentary commentary_request highres official_art,e33036a5672eacf423348f05059f54d7
kamisato_ayaka,2026-09-26T08:48:17.229-04:00,asset_no_post_tags,asset,50222650,Kamisato Ayaka (Nord Express),Nord Express,https://danbooru.donmai.us/wiki_pages/kamisato_ayaka,https://danbooru.donmai.us/wiki_pages/Kamisato_Ayaka_(Nord_Express),found,2026-09-26T08:48:05.168-04:00,"An [[official alternate costume]] of [[Genshin Impact]]'s [[Kamisato Ayaka|]] from the promotional art for the [[Hoyofair]] ""Project: Nord Express"" video.",https://danbooru.donmai.us/media_assets/50222650,,,,,,
kamisato_ayaka_(springbloom_missive),2025-12-06T10:38:41.458-05:00,candidate,post,7901428,,Profile,https://danbooru.donmai.us/wiki_pages/kamisato_ayaka_(springbloom_missive),,,,,https://danbooru.donmai.us/posts/7901428,https://static.wikia.nocookie.net/gensin-impact/images/6/61/Character_Kamisato_Ayaka_Springbloom_Missive_Full_Wish.png?format=original,kamisato_ayaka kamisato_ayaka_(springbloom_missive),genshin_impact,1girl arched_bangs blue_hair blunt_tresses boater_hat boots brown_boots brown_hat butterfly_hair_ornament closed_mouth dress floral_print flower full_body hair_flower hair_ornament hat holding holding_pen lace-up_boots long_sleeves looking_at_viewer mole mole_under_eye official_alternate_costume official_alternate_hairstyle pantyhose pen smile solo standing transparent_background white_pantyhose,commentary english_commentary highres official_art,d7f69fa5728e136b3e3efbd82060794c
keqing_(genshin_impact),2026-04-07T23:29:54.188-04:00,candidate,post,4116150,,Default,https://danbooru.donmai.us/wiki_pages/keqing_(genshin_impact),,,,,https://danbooru.donmai.us/posts/4116150,,keqing_(genshin_impact),genshin_impact,1girl ankle_boots bare_shoulders black_pantyhose boots breasts chinese_clothes cone_hair_bun dress earrings full_body gloves grey_hair hair_bun hair_ornament jewelry long_hair looking_at_viewer medium_breasts pantyhose purple_boots purple_eyes purple_gloves purple_hair simple_background solo tachi-e tassel transparent_background,absurdres highres official_art,7782822802e8d344441e2af73346eb48
keqing_(genshin_impact),2026-04-07T23:29:54.188-04:00,candidate,post,7901424,keqing (opulent splendor) (genshin impact),Opulent Splendor,https://danbooru.donmai.us/wiki_pages/keqing_(genshin_impact),https://danbooru.donmai.us/wiki_pages/keqing_(opulent_splendor)_(genshin_impact),found,2025-12-06T10:27:53.825-05:00,"An [[official alternate costume|official costume]] of [[Genshin Impact]]'s [[Keqing (genshin impact)|]], released in version 2.4.",https://danbooru.donmai.us/posts/7901424,https://static.wikia.nocookie.net/gensin-impact/images/a/a2/Character_Keqing_Opulent_Splendor_Full_Wish.png?format=original,keqing_(genshin_impact) keqing_(opulent_splendor)_(genshin_impact),genshin_impact,1girl aerial_fireworks bare_shoulders black_shoes brown_pantyhose chinese_clothes closed_mouth cone_hair_bun detached_sleeves dress fireworks floating_hair full_body hair_bun high_heels long_hair looking_at_viewer multicolored_dress official_alternate_costume pantyhose pink_eyes purple_hair qipao reflection reflective_liquid shoes short_sleeves smile solo standing standing_on_one_leg transparent_background twintails,commentary english_commentary highres official_art,f0e5aac654ecfdcf1fd9a8d3844b9a22
keqing_(genshin_impact),2026-04-07T23:29:54.188-04:00,candidate,post,7846559,keqing (lantern rite) (genshin impact),Lantern Rite,https://danbooru.donmai.us/wiki_pages/keqing_(genshin_impact),https://danbooru.donmai.us/wiki_pages/keqing_(lantern_rite)_(genshin_impact),found,2025-12-06T10:11:54.829-05:00,"[[Keqing_(Genshin_Impact)|]]'s [[official alternate costume|costume]] from 2021 Lantern Rite ""official artwork"":[https://twitter.com/GenshinImpact/status/1361525713388601350].",https://danbooru.donmai.us/posts/7846559,https://i.pximg.net/img-original/img/2022/11/11/19/36/24/102700019_p1.jpg,keqing_(genshin_impact) keqing_(lantern_rite)_(genshin_impact),genshin_impact,1girl bag bare_shoulders belt blush boots bow braid breasts brown_pantyhose cone_hair_bun double_bun floating_hair full_body hair_between_eyes hair_bow hair_bun hand_up high-waist_skirt horns long_hair long_skirt long_sleeves looking_at_viewer medium_breasts off-shoulder_sweater off_shoulder official_alternate_costume pantyhose parted_lips pink_eyes purple_bag purple_boots purple_hair purple_sweater scarf shadow shoulder_bag simple_background skirt smile solo standing striped_clothes striped_scarf sweater twintails white_background white_belt white_bow white_skirt,absurdres commentary highres,8b1de3144b186257a86e3a3a7e9ad2a6
keqing_(genshin_impact),2026-04-07T23:29:54.188-04:00,candidate,post,7163093,keqing (oneplus) (genshin impact),Oneplus,https://danbooru.donmai.us/wiki_pages/keqing_(genshin_impact),https://danbooru.donmai.us/wiki_pages/keqing_(oneplus)_(genshin_impact),found,2024-11-14T07:03:21.813-05:00,"[[Keqing_(Genshin_Impact)|]]'s [[official alternate costume]] from 2024 [[Genshin Impact]] X ""OnePlus collaboration"":[https://t.bilibili.com/888339252749795331].",https://danbooru.donmai.us/posts/7163093,https://t.bilibili.com/892996625127964680,keqing_(genshin_impact) keqing_(oneplus)_(genshin_impact),genshin_impact,1girl artist_name bare_arms bare_shoulders black_choker black_dress black_gloves black_shoes blue_flower blue_rose bow braid breasts choker cone_hair_bun double_bun dress flower full_body gloves hair_bun knees_together_feet_apart legs long_hair looking_at_viewer medium_breasts pantyhose purple_background purple_bow purple_eyes purple_hair rose shoes signature smile solo strapless strapless_dress twintails very_long_hair,commentary_request highres,90abe6500f7bc752d23f5412fd1ec67c
keqing_(genshin_impact),2026-04-07T23:29:54.188-04:00,candidate,post,7719696,keqing (winter olympics) (genshin impact),Winter Olympics,https://danbooru.donmai.us/wiki_pages/keqing_(genshin_impact),https://danbooru.donmai.us/wiki_pages/keqing_(winter_olympics)_(genshin_impact),found,2024-11-14T07:03:25.616-05:00,"[[Keqing_(Genshin_Impact)|]]'s costume from 2022 ""Winter Olympics official artwork"":[https://t.bilibili.com/625928209937638751].",https://danbooru.donmai.us/posts/7719696,https://i.pximg.net/img-original/img/2023/08/31/17/02/19/111320235_p0.png,keqing_(genshin_impact) keqing_(winter_olympics)_(genshin_impact),genshin_impact,1girl bodysuit coat cone_hair_bun gloves hair_between_eyes hair_bun long_hair official_alternate_costume open_mouth puffy_coat purple_eyes purple_hair skin_tight smile snow snowboard solo twintails white_gloves zipper,absurdres highres,d73f8f73828e440d5041622da26b47de
keqing_(genshin_impact),2026-04-07T23:29:54.188-04:00,candidate,post,7043023,Keqing (Teyvat Turboflux) (Genshin Impact),Teyvat Turboflux,https://danbooru.donmai.us/wiki_pages/keqing_(genshin_impact),https://danbooru.donmai.us/wiki_pages/Keqing_(Teyvat_Turboflux)_(Genshin_Impact),found,2025-07-30T21:12:16.212-04:00,"A costume of [[Keqing (Genshin Impact)|]] from [[Genshin Impact]] from the promotional art for the [[HoyoFair]] 2024 ""Teyvat Turboflux: Tail-Light Trail"" video.",https://danbooru.donmai.us/posts/7043023,https://twitter.com/Tsubame_JP_/status/1740658923613417603,keqing_(genshin_impact) keqing_(teyvat_turboflux)_(genshin_impact),genshin_impact,1girl alternate_costume black_shorts breasts closed_mouth cone_hair_bun crop_top cropped_jacket double_bun glasses hair_bun holding holding_removed_eyewear long_hair long_sleeves looking_at_viewer medium_breasts midriff navel official_alternate_costume one_eye_closed pink_eyes purple_hair shorts smile solo tassel twintails unworn_eyewear,commentary highres,7038ea838a2bf10c33a1b1c0e6d63c6b
keqing_(genshin_impact),2026-04-07T23:29:54.188-04:00,candidate,post,8889443,keqing (resplendent feast) (genshin impact),Resplendent Feast,https://danbooru.donmai.us/wiki_pages/keqing_(genshin_impact),https://danbooru.donmai.us/wiki_pages/keqing_(resplendent_feast)_(genshin_impact),found,2025-05-03T13:46:32.609-04:00,"[[Keqing_(Genshin_Impact)|]]'s [[official alternate costume]] from the ""Resplendent Feast merchandise collection"":[https://www.weibo.com/7587837369/5136457663254841].",https://danbooru.donmai.us/posts/8889443,https://www.weibo.com/7587837369/5136457663254841,keqing_(genshin_impact) keqing_(resplendent_feast)_(genshin_impact),genshin_impact,1girl braid character_name cone_hair_bun detached_sleeves double_bun dress earrings hair_bun jewelry long_hair long_sleeves looking_at_viewer official_alternate_costume parted_lips purple_hair smile twintails umbrella white_dress,commentary_request highres official_art second-party_source,863691420353067badaa1d2d5bdbfbf3
keqing_(genshin_impact),2026-04-07T23:29:54.188-04:00,asset_no_post_tags,asset,33478265,Keqing (Flame Fusion) (Genshin Impact),Flame Fusion,https://danbooru.donmai.us/wiki_pages/keqing_(genshin_impact),https://danbooru.donmai.us/wiki_pages/Keqing_(Flame_Fusion)_(Genshin_Impact),found,2025-12-06T23:52:49.593-05:00,"[[Keqing (Genshin Impact)|]]'s [[official alternate costume|costume]] from [[Genshin Impact]] from the [[HoyoFair]] 2024 ""Flame Fusion Music and Art Festival"" video.",https://danbooru.donmai.us/media_assets/33478265,,,,,,
keqing_(opulent_splendor)_(genshin_impact),2025-12-06T10:27:53.825-05:00,candidate,post,7901424,,Profile,https://danbooru.donmai.us/wiki_pages/keqing_(opulent_splendor)_(genshin_impact),,,,,https://danbooru.donmai.us/posts/7901424,https://static.wikia.nocookie.net/gensin-impact/images/a/a2/Character_Keqing_Opulent_Splendor_Full_Wish.png?format=original,keqing_(genshin_impact) keqing_(opulent_splendor)_(genshin_impact),genshin_impact,1girl aerial_fireworks bare_shoulders black_shoes brown_pantyhose chinese_clothes closed_mouth cone_hair_bun detached_sleeves dress fireworks floating_hair full_body hair_bun high_heels long_hair looking_at_viewer multicolored_dress official_alternate_costume pantyhose pink_eyes purple_hair qipao reflection reflective_liquid shoes short_sleeves smile solo standing standing_on_one_leg transparent_background twintails,commentary english_commentary highres official_art,f0e5aac654ecfdcf1fd9a8d3844b9a22
kirara_(genshin_impact),2025-12-06T13:59:08.416-05:00,candidate,post,6320575,,Default,https://danbooru.donmai.us/wiki_pages/kirara_(genshin_impact),,,,,https://danbooru.donmai.us/posts/6320575,https://twitter.com/Genshin_7/status/1659411068559544320,kirara_(genshin_impact),genshin_impact,1girl :d bell black_leg_warmers blue_bow blue_skirt bow box breasts bridal_gauntlets brown_bridal_gauntlets brown_hair brown_tank_top cardboard_box cat_feet cat_girl cat_paw detached_sleeves double-parted_bangs green_eyes hair_ornament hairclip heart heart_tail high_ponytail leg_warmers looking_at_viewer multiple_tails open_mouth ponytail running sidelocks skirt slit_pupils small_breasts smile tail talisman tank_top two_tails waist_cape,commentary_request highres official_art second-party_source,a84674149615659b50a49b75f7d8f067
kirara_(genshin_impact),2025-12-06T13:59:08.416-05:00,asset_no_post_tags,asset,32222093,Kirara (cat) (genshin impact),Cat,https://danbooru.donmai.us/wiki_pages/kirara_(genshin_impact),https://danbooru.donmai.us/wiki_pages/Kirara_(cat)_(genshin_impact),found,2026-01-05T03:27:08.845-05:00,[[Cat]] form of [[Genshin Impact]]'s [[kirara_(genshin_impact)|Kirara]]. Appears as a [[komaniya express (genshin impact)|]] [[cardboard box]] with her [[cat tail|tail]] and [[cat ears|ears]] poking out of it.,https://danbooru.donmai.us/media_assets/32222093,,,,,,
kirara_(genshin_impact),2025-12-06T13:59:08.416-05:00,candidate,post,7901236,Kirara (Phantom in Boots) (genshin impact),Phantom in Boots,https://danbooru.donmai.us/wiki_pages/kirara_(genshin_impact),https://danbooru.donmai.us/wiki_pages/Kirara_(Phantom_in_Boots)_(genshin_impact),found,2025-12-06T10:46:26.678-05:00,"An [[official alternate costume|official costume]] of [[Genshin Impact]]'s [[Kirara (genshin impact)|]], released in version 4.8.",https://danbooru.donmai.us/posts/7901236,https://static.wikia.nocookie.net/gensin-impact/images/1/1f/Character_Kirara_Phantom_in_Boots_Full_Wish.png?format=original,kirara_(genshin_impact) kirara_(phantom_in_boots)_(genshin_impact),genshin_impact,1girl aqua_skirt arm_up armpits black_boots blonde_hair boots breasts brown_gloves cat_feet cat_tail detached_sleeves full_body gloves green_eyes hand_up hat high-waist_skirt long_hair long_sleeves medium_breasts multiple_tails pointing single_bare_shoulder skirt solo tail thigh_boots transparent_background two_tails very_long_hair wanted_poster,commentary english_commentary highres official_art,877d0681a65d059df4697370e387c1de
kirara_(genshin_impact),2025-12-06T13:59:08.416-05:00,candidate,post,7349924,Kirara (Tapestry of Night) (Genshin Impact),Tapestry of Night,https://danbooru.donmai.us/wiki_pages/kirara_(genshin_impact),https://danbooru.donmai.us/wiki_pages/Kirara_(Tapestry_of_Night)_(Genshin_Impact),found,2025-11-22T17:32:36.285-05:00,"An [[official alternate costume]] of [[Kirara (Genshin Impact)|]] from [[Genshin Impact]] from the ""Tapestry of Night"":[https://www.youtube.com/watch?v=wdqS8ai9cls] video from [[Chiori (Genshin Impact)|Chiori's]] story quest. 

Can be distinguished from the similar [[Kirara (post Office) (Genshin Impact)|Post Office costume]] by the lack of [[fur trim]] and the large blue or aqua [[hair bow]].",https://danbooru.donmai.us/posts/7349924,https://sg-public-api.hoyoverse.com/common/short_link_user/v1/transit?code=dslhFBAL&,kirara_(genshin_impact) kirara_(tapestry_of_night)_(genshin_impact),genshin_impact,1girl ahoge blue_background bow cat character_name copyright_name coral frilled_sleeves frills green_eyes hair_bow hair_ornament japanese_clothes kimono long_hair official_alternate_costume official_alternate_hairstyle open_mouth smile solo upper_body,highres official_art,2b2a5f568c938aa79d7e042577607c54
kirara_(genshin_impact),2025-12-06T13:59:08.416-05:00,asset_no_post_tags,asset,32222133,Kirara (Post Office) (genshin impact),Post Office,https://danbooru.donmai.us/wiki_pages/kirara_(genshin_impact),https://danbooru.donmai.us/wiki_pages/Kirara_(Post_Office)_(genshin_impact),found,2025-12-06T13:58:44.617-05:00,"[[Kirara_(Genshin_Impact)|]]'s [[official alternate costume|costume]] from [[Genshin Impact]] X ""Japanpost collaboration"":[https://twitter.com/genshin_7/status/1733652758299845066].

Can be distinguished from the similar [[Kirara (Tapestry Of Night) (Genshin Impact)|Tapestry Of Night costume]] by the presence of [[fur trim]] and the brown [[hair bow]].",https://danbooru.donmai.us/media_assets/32222133,,,,,,
kirara_(genshin_impact),2025-12-06T13:59:08.416-05:00,asset_no_post_tags,asset,32222140,Kirara (Teyvat Turboflux) (genshin impact),Teyvat Turboflux,https://danbooru.donmai.us/wiki_pages/kirara_(genshin_impact),https://danbooru.donmai.us/wiki_pages/Kirara_(Teyvat_Turboflux)_(genshin_impact),found,2025-07-30T21:00:05.804-04:00,"A costume of [[Kirara (Genshin Impact)|]] from [[Genshin Impact]] from the promotional art for the [[HoyoFair]] 2024 ""Teyvat Turboflux: Tail-Light Trail"" video.",https://danbooru.donmai.us/media_assets/32222140,,,,,,
kirara_(phantom_in_boots)_(genshin_impact),2025-12-06T10:46:26.678-05:00,candidate,post,7901236,,Profile,https://danbooru.donmai.us/wiki_pages/kirara_(phantom_in_boots)_(genshin_impact),,,,,https://danbooru.donmai.us/posts/7901236,https://static.wikia.nocookie.net/gensin-impact/images/1/1f/Character_Kirara_Phantom_in_Boots_Full_Wish.png?format=original,kirara_(genshin_impact) kirara_(phantom_in_boots)_(genshin_impact),genshin_impact,1girl aqua_skirt arm_up armpits black_boots blonde_hair boots breasts brown_gloves cat_feet cat_tail detached_sleeves full_body gloves green_eyes hand_up hat high-waist_skirt long_hair long_sleeves medium_breasts multiple_tails pointing single_bare_shoulder skirt solo tail thigh_boots transparent_background two_tails very_long_hair wanted_poster,commentary english_commentary highres official_art,877d0681a65d059df4697370e387c1de
klee_(blossoming_starlight)_(genshin_impact),2025-12-06T10:32:02.663-05:00,candidate,post,7767660,,Profile,https://danbooru.donmai.us/wiki_pages/klee_(blossoming_starlight)_(genshin_impact),,,,,https://danbooru.donmai.us/posts/7767660,https://static.wikia.nocookie.net/gensin-impact/images/6/6e/Character_Klee_Blossoming_Starlight_Full_Wish.png?format=original,klee_(blossoming_starlight)_(genshin_impact) klee_(genshin_impact),genshin_impact,1girl :d ahoge black_gloves black_shoes blonde_hair book bow bowtie gloves grass hair_bow hat long_hair mary_janes miniskirt mushroom open_mouth orange_eyes outstretched_arms pointy_ears puffy_short_sleeves puffy_sleeves red_bow red_bowtie red_hat red_skirt shirt shoes short_sleeves skirt smile solo thighhighs transparent_background white_shirt white_thighhighs witch_hat,commentary english_commentary highres official_art,f7b3c3e58cc1285cd7d6dcc9d461e208
klee_(genshin_impact),2026-04-19T09:18:17.165-04:00,candidate,post,4125530,,Default,https://danbooru.donmai.us/wiki_pages/klee_(genshin_impact),,,,,https://danbooru.donmai.us/posts/4125530,https://static.wikia.nocookie.net/gensin-impact/images/9/9e/Klee_Portrait.png/revision/20230826071130?format=original,dodoco_(genshin_impact) klee_(genshin_impact),genshin_impact,1girl :d ahoge backpack bag blonde_hair boots brown_boots brown_gloves charm_(object) gloves hat knee_boots open_mouth outstretched_arm pointy_ears red_eyes simple_background smile solo transparent_background twintails,absurdres highres official_art,a543d0745f36be917069fa9280bb8874
klee_(genshin_impact),2026-04-19T09:18:17.165-04:00,asset_no_post_tags,asset,21741810,Klee (Blossoming Starlight) (Genshin Impact),Blossoming Starlight,https://danbooru.donmai.us/wiki_pages/klee_(genshin_impact),https://danbooru.donmai.us/wiki_pages/Klee_(Blossoming_Starlight)_(Genshin_Impact),found,2025-12-06T10:32:02.663-05:00,"An [[official alternate costume|official costume]] of [[Genshin Impact]]'s [[Klee (genshin impact)|]], released in version 3.8.",https://danbooru.donmai.us/media_assets/21741810,,,,,,
klee_(genshin_impact),2026-04-19T09:18:17.165-04:00,candidate,post,4671154,Klee (Sweets Paradise) (Genshin Impact),SWEETS PARADISE,https://danbooru.donmai.us/wiki_pages/klee_(genshin_impact),https://danbooru.donmai.us/wiki_pages/Klee_(Sweets_Paradise)_(Genshin_Impact),found,2025-12-06T08:37:00.037-05:00,"[[Klee (genshin impact)|]]'s [[official alternate costume|costume]] from [[Genshin Impact]] X ""SWEETS PARADISE collaboration"":[https://twitter.com/Linkstars_hoshi/status/1456239983262527492].",https://danbooru.donmai.us/posts/4671154,https://twitter.com/Linkstars_hoshi/status/1420714424617164800,albedo_(genshin_impact) albedo_(sweets_paradise)_(genshin_impact) dodoco_(genshin_impact) klee_(genshin_impact) klee_(sweets_paradise)_(genshin_impact),genshin_impact sweets_paradise,1boy 1girl ahoge black_boots black_gloves blonde_hair blue_eyes blue_necktie boots braid brown_boots brown_gloves cake chain closed_mouth clover cup dress fish-flavored_toast_(genshin_impact) food four-leaf_clover gloves hair_between_eyes half_up_half_down_braid hat logo long_hair low_twintails necktie official_alternate_costume open_mouth plate pointy_ears ponytail red_dress red_eyes short_ponytail sidelocks standing standing_on_one_leg twintails vest vision_(genshin_impact) white_vest,commentary_request highres official_art second-party_source,975035a90d706be2eea7b1cf0ca96339
klee_(genshin_impact),2026-04-19T09:18:17.165-04:00,candidate,post,4785190,Klee (Genshin Concert) (Genshin Impact),2021 Genshin Concert,https://danbooru.donmai.us/wiki_pages/klee_(genshin_impact),https://danbooru.donmai.us/wiki_pages/Klee_(Genshin_Concert)_(Genshin_Impact),found,2025-12-06T08:54:57.268-05:00,"[[Klee (genshin impact)|]]'s [[official alternate costume|costume]] from the ""2021 Genshin Concert artwork"":[https://i0.hdslb.com/bfs/article/f9902849ba66ce76d9c27f7ba7e08be8ef89b800.jpg].",https://danbooru.donmai.us/posts/4785190,https://i.pximg.net/img-original/img/2021/09/18/18/07/54/92833210_p14.png,albedo_(genshin_impact) jumpy_dumpty klee_(genshin_concert)_(genshin_impact) klee_(genshin_impact),genshin_impact,1boy 1girl :d ahoge black_gloves black_shoes blonde_hair boots braid brown_hair clover_print detached_sleeves elbow_gloves formal_clothes from_below full_body gloves grey_eyes hair_between_eyes hat hat_feather hat_ornament long_hair looking_at_viewer looking_up mary_janes official_alternate_costume open_mouth orange_eyes pantyhose pointy_ears shoes sidelocks simple_background single_braid smile standing suit thigh_boots thighhighs white_gloves white_suit white_thighhighs,absurdres commentary_request highres,d8328fbdc899fad61c0916ba956ed3e4
klee_(genshin_impact),2026-04-19T09:18:17.165-04:00,candidate,post,11070870,Klee (Nestle) (Genshin Impact),Nestle,https://danbooru.donmai.us/wiki_pages/klee_(genshin_impact),https://danbooru.donmai.us/wiki_pages/Klee_(Nestle)_(Genshin_Impact),found,2026-04-19T09:17:44.491-04:00,An [[official alternate costume]] of [[Genshin Impact|Genshin Impact's]] [[Klee (Genshin Impact)|]] from a collaboration with [[Nestle]].,https://danbooru.donmai.us/posts/11070870,https://www.xiaohongshu.com/explore/69cb5614000000001a02cfea?xsec_token=CBsXV1cBiIlM7TARuvkWWyH3nTLszjoZw0jlQvBiIWW_o=,dodoco_(genshin_impact) klee_(genshin_impact) klee_(nestle)_(genshin_impact),genshin_impact,1girl blonde_hair brown_jacket food hair_ornament hairclip heart heart_hair_ornament hood hood_up jacket long_hair long_sleeves official_alternate_costume open_mouth overalls pointy_ears red_eyes red_hood red_overalls shark solo wafer_stick,absurdres chinese_commentary commentary_request highres official_art,d6c3d88b19bf55f477e110f4f9fd2b05
kujou_sara,2025-12-06T13:56:47.083-05:00,candidate,post,4932976,,Profile,https://danbooru.donmai.us/wiki_pages/kujou_sara,,,,,https://danbooru.donmai.us/posts/4932976,https://genshin-impact.fandom.com/wiki/Kujou_Sara,kujou_sara,genshin_impact,1girl >:( bird_mask black_bodysuit black_feathers black_hair black_socks bodysuit breasts closed_mouth concentrating feather_fan feathers full_body gem geta gloves hand_fan holding holding_fan holding_weapon japanese_clothes jewelry kneehighs layered_legwear mask mask_on_head medium_breasts outstretched_arm pom_pom_(clothes) purple_hair sayagata serious short_hair simple_background skin_tight socks solo stirrup_legwear tabi tachi-e toeless_legwear transparent_background v-shaped_eyebrows vision_(genshin_impact) weapon white_socks yellow_eyes,bad_source highres official_art third-party_source,f4408b0afb54ef609c8df5060be031b3
kuki_shinobu,2025-12-06T13:55:59.995-05:00,candidate,post,5476835,,Default,https://danbooru.donmai.us/wiki_pages/kuki_shinobu,,,,,https://danbooru.donmai.us/posts/5476835,,kuki_shinobu,genshin_impact,1girl belt black_shorts boots breasts copyright_name covered_mouth crop_top crossed_bangs fingerless_gloves flip-flops full_body gloves green_hair hair_between_eyes hair_ornament jacket katana layered_gloves mask medium_breasts medium_hair midriff mouth_mask nail_polish navel ninja ninja_mask open-toe_boots partially_fingerless_gloves ponytail purple_eyes purple_jacket purple_nails purple_rope rope sandals shorts solo sword thigh_boots toenail_polish toenails toes transparent_background weapon,official_art source_request,f12f960ca1bcac88e52b9ba263b0f8cf
lan_yan_(genshin_impact),2025-12-06T03:06:46.111-05:00,candidate,post,8485473,,Profile,https://danbooru.donmai.us/wiki_pages/lan_yan_(genshin_impact),,,,,https://danbooru.donmai.us/posts/8485473,https://twitter.com/genshinimpact/status/1861258578801369317,lan_yan_(genshin_impact),genshin_impact,1girl bare_shoulders bird bird_hair_ornament black_hair bracelet closed_mouth company_name copyright_name downturned_eyes dress fingernails green_dress grey_hair hair_ornament hairband hand_up jewelry long_hair looking_at_viewer looking_back multicolored_hair pale_skin purple_eyes silk_flower_(genshin_impact) silver_bracelet smile thick_eyelashes toy very_long_hair vision_(genshin_impact),commentary english_commentary highres official_art,3b4a4e7842a7401e4361869e6d64f1b0
lauma_(genshin_impact),2026-09-25T11:32:37.563-04:00,candidate,post,9733614,,Default,https://danbooru.donmai.us/wiki_pages/lauma_(genshin_impact),,,,,https://danbooru.donmai.us/posts/9733614,https://twitter.com/GenshinImpact/status/1951856054712611267,lauma_(genshin_impact),genshin_impact,1girl antlers aqua_dress armlet bare_hips bare_shoulders blue_hair bracelet breasts cleavage dress gladiator_sandals gold_sandals green_eyes hair_over_one_eye high_heel_sandals high_heels horns interlocked_fingers jewelry large_breasts long_hair pelvic_curtain pointy_ears sandals solo strappy_heels thighs very_long_hair,commentary english_commentary highres official_art,2da7fa26099c12280aea727e4a82dd8b
lauma_(genshin_impact),2026-09-25T11:32:37.563-04:00,candidate,post,9937718,Lauma (Spirit Envoy) (Genshin Impact),Spirit Envoy,https://danbooru.donmai.us/wiki_pages/lauma_(genshin_impact),https://danbooru.donmai.us/wiki_pages/Lauma_(Spirit_Envoy)_(Genshin_Impact),found,2026-09-25T11:32:27.120-04:00,[[Lauma (Genshin Impact)|]] in her Spirit Envoy form.,https://danbooru.donmai.us/posts/9937718,https://twitter.com/hawberries_/status/1952928875329302911,lauma_(genshin_impact) lauma_(spirit_envoy)_(genshin_impact),genshin_impact,1girl antler_ornament antlers armlet artist_name bare_shoulders blue_hair bracelet breasts centauroid cleavage closed_eyes closed_mouth crescent deer_antlers deer_girl full_body hair_over_one_eye happy horns huge_breasts jewelry light_smile long_hair monster_girl own_hands_together pointy_ears solo taur wavy_hair white_background,alt_text commentary english_commentary,c010b095cbc25fc11317591ebdaef970
layla_(genshin_impact),2026-03-30T11:14:06.810-04:00,candidate,post,5701818,,Default,https://danbooru.donmai.us/wiki_pages/layla_(genshin_impact),,,,,https://danbooru.donmai.us/posts/5701818,https://twitter.com/GenshinImpact/status/1574341101988757505,layla_(genshin_impact),genshin_impact,1girl bare_shoulders black_gloves blue_hair blue_hood blue_sleeves bracelet breasts bright_pupils claw_ring detached_sleeves drill_hair drill_sidelocks floating full_body gloves gold_shoes gold_trim high_heel_sandals high_heels hood hood_up jewelry juliet_sleeves knees_up long_hair long_sleeves pantyhose pointy_ears puffy_sleeves sandals shirt shoes sidelocks small_breasts solo thighlet twin_drills very_long_hair white_pantyhose white_pupils white_shirt yellow_eyes,commentary english_commentary highres official_art second-party_source,1da35614c8b681dda27559ef6052483d
layla_(genshin_impact),2026-03-30T11:14:06.810-04:00,candidate,post,11022687,Layla (Genshin Cafe In Seoul) (Genshin Impact),Genshin Cafe In Seoul,https://danbooru.donmai.us/wiki_pages/layla_(genshin_impact),https://danbooru.donmai.us/wiki_pages/Layla_(Genshin_Cafe_In_Seoul)_(Genshin_Impact),found,2026-03-30T11:13:32.745-04:00,An [[official alternate costume]] of [[Genshin Impact|Genshin Impact's]] [[Layla (Genshin Impact)|]] from the Genshin Cafe In Seoul picnic series.,https://danbooru.donmai.us/posts/11022687,https://x.com/yuto___/status/2036456509769654541,layla_(genshin_cafe_in_seoul)_(genshin_impact) layla_(genshin_impact),genshin_impact,1girl blue_dress blue_hair blue_hat blue_shoes blush dress full_body hair_between_eyes hand_up hat high_heels jacket long_hair long_sleeves looking_at_viewer official_alternate_costume parted_lips shoes single_off_shoulder sleeveless sleeveless_dress socks solo very_long_hair white_jacket white_socks yellow_eyes,commentary_request,29ad356883500b0934eb17007c6d9b94
linnea_(genshin_impact),2026-09-26T08:42:35.716-04:00,candidate,post,10902783,,Default,https://danbooru.donmai.us/wiki_pages/linnea_(genshin_impact),,,,,https://danbooru.donmai.us/posts/10902783,https://x.com/genshinimpact/status/2029769442771570740,linnea_(genshin_impact),genshin_impact,1girl :d backpack bag bare_shoulders black_boots blue_wings boots colored_eyelashes crossed_bangs eyelashes from_behind full_body hair_between_eyes hair_intakes hair_ornament hand_up head_wings heart heart-shaped_pupils long_sleeves looking_at_viewer looking_back medium_hair open_mouth pink_eyes pink_hair pink_wings pointy_ears red_socks smile socks solo symbol-shaped_pupils teeth two-tone_wings upper_teeth_only wings wolf_cut,commentary english_commentary highres official_art,754157f3bf99dcbe3ce69c56cfbd9922
linnea_(genshin_impact),2026-09-26T08:42:35.716-04:00,candidate,post,11915531,Linnea_(Baskin-Robbins) (Genshin Impact),Baskin-Robbins,https://danbooru.donmai.us/wiki_pages/linnea_(genshin_impact),https://danbooru.donmai.us/wiki_pages/Linnea_(Baskin-Robbins)_(Genshin_Impact),found,2026-08-06T23:29:50.954-04:00,"[[Linnea_(Genshin_Impact)|]]'s [[official alternate costume|costume]] from the 2026 [[Genshin Impact]] X ""Baskin-Robbins collaboration"":[https://x.com/Genshin_7/status/2083180880869339576].",https://danbooru.donmai.us/posts/11915531,https://x.com/Nisui0002/status/2084198147807498291,linnea_(baskin-robbins)_(genshin_impact) linnea_(genshin_impact),genshin_impact,1girl bare_shoulders clothing_cutout colored_eyelashes crossed_bangs cup food gradient_background hair_between_eyes hair_intakes hair_ornament hair_ribbon holding holding_cup holding_spoon ice_cream medium_hair official_alternate_costume open_mouth pink_hair pink_ribbon pink_wings pointy_ears red_eyes red_ribbon red_skirt ribbon shirt shoulder_cutout sidelocks skirt solo spoon standing symbol-shaped_pupils white_shirt wings wolf_cut,commentary_request highres,ed29e69a287fe94945b44859ffc97830
linnea_(genshin_impact),2026-09-26T08:42:35.716-04:00,asset_no_post_tags,asset,50222658,Linnea (Nord Express) (Genshin Impact),Nord Express,https://danbooru.donmai.us/wiki_pages/linnea_(genshin_impact),https://danbooru.donmai.us/wiki_pages/Linnea_(Nord_Express)_(Genshin_Impact),found,2026-09-26T08:41:40.975-04:00,"An [[official alternate costume]] of [[Genshin Impact]]'s [[Linnea (Genshin Impact)|]] from the promotional art for the [[Hoyofair]] ""Project: Nord Express"" video.",https://danbooru.donmai.us/media_assets/50222658,,,,,,
lisa_(a_sobriquet_under_shade)_(genshin_impact),2025-12-06T10:37:41.213-05:00,candidate,post,9725921,,Profile,https://danbooru.donmai.us/wiki_pages/lisa_(a_sobriquet_under_shade)_(genshin_impact),,,,,https://danbooru.donmai.us/posts/9725921,https://genshin-impact.fandom.com/wiki/File:Character_Lisa_A_Sobriquet_Under_Shade_Full_Wish.png,lisa_(a_sobriquet_under_shade)_(genshin_impact) lisa_(genshin_impact),genshin_impact,1girl akademiya_uniform beret black_shoes book book_stack bookmark braid brown_hair chair dress gold_ring gold_thighlet gold_trim green_dress green_eyes green_hat hair_between_eyes hand_up hat head_tilt high_heels holding holding_book jewelry lamp long_hair long_sleeves looking_at_viewer low_twin_braids neck_ring necklace official_alternate_costume on_chair open_book paper parted_lips pelvic_curtain plant puffy_long_sleeves puffy_sleeves ring scroll shoes sitting smile solo thighlet transparent_background twin_braids vase vision_(genshin_impact) white_dress,commentary english_commentary highres official_art third-party_source,333f8536fcbbadb92eadf03470289b43
lisa_(genshin_impact),2025-12-06T10:37:22.546-05:00,candidate,post,4125534,,Default,https://danbooru.donmai.us/wiki_pages/lisa_(genshin_impact),,,,,https://danbooru.donmai.us/posts/4125534,https://vignette.wikia.nocookie.net/gensin-impact/images/f/fa/Character_Lisa_Portrait.png/revision/latest?cb=20200916171314,lisa_(genshin_impact),genshin_impact,1girl black_gloves black_shoes black_thighhighs book breasts brown_hair cleavage corset dress flower full_body gloves green_eyes hair_flower hair_ornament hat hat_flower high_heels holding holding_book large_breasts long_hair mature_female parted_lips pelvic_curtain purple_corset purple_flower purple_hat purple_rose rose shoes smile solo thighhighs transparent_background vision_(genshin_impact) witch witch_hat zettai_ryouiki,absurdres highres official_art,66e1ed5bc03af142de70e38919d70763
lisa_(genshin_impact),2025-12-06T10:37:22.546-05:00,candidate,post,9725921,Lisa (A Sobriquet Under Shade) (Genshin Impact),A Sobriquet Under Shade,https://danbooru.donmai.us/wiki_pages/lisa_(genshin_impact),https://danbooru.donmai.us/wiki_pages/Lisa_(A_Sobriquet_Under_Shade)_(Genshin_Impact),found,2025-12-06T10:37:41.213-05:00,"An [[official alternate costume|official costume]] of [[Genshin Impact]]'s [[Lisa (genshin impact)|]], released in version 3.4.",https://danbooru.donmai.us/posts/9725921,https://genshin-impact.fandom.com/wiki/File:Character_Lisa_A_Sobriquet_Under_Shade_Full_Wish.png,lisa_(a_sobriquet_under_shade)_(genshin_impact) lisa_(genshin_impact),genshin_impact,1girl akademiya_uniform beret black_shoes book book_stack bookmark braid brown_hair chair dress gold_ring gold_thighlet gold_trim green_dress green_eyes green_hat hair_between_eyes hand_up hat head_tilt high_heels holding holding_book jewelry lamp long_hair long_sleeves looking_at_viewer low_twin_braids neck_ring necklace official_alternate_costume on_chair open_book paper parted_lips pelvic_curtain plant puffy_long_sleeves puffy_sleeves ring scroll shoes sitting smile solo thighlet transparent_background twin_braids vase vision_(genshin_impact) white_dress,commentary english_commentary highres official_art third-party_source,333f8536fcbbadb92eadf03470289b43
lumine_(as_heaven_and_earth_are_made_anew)_(genshin_impact),2026-08-29T09:17:15.151-04:00,candidate,post,10538829,Aether (Genshin Impact),Profile (with [[Aether (Genshin Impact)|]]),https://danbooru.donmai.us/wiki_pages/lumine_(as_heaven_and_earth_are_made_anew)_(genshin_impact),https://danbooru.donmai.us/wiki_pages/Aether_(Genshin_Impact),found,2026-08-01T15:32:02.222-04:00,"One of the two possible protagonists in [[Genshin Impact]] and the [[twins|twin]] brother of [[Lumine (Genshin Impact)|]]. Voiced by [[Horie Shun]] in Japanese. If chosen as the player character, he is referred to in-game by the name set by the player or as [b]Traveler[/b] by most people in Teyvat. If not chosen as the player character, he is instead the leader of the Abyss Order.

His true name is [b]Aether[/b] in English, [b]Kōng[/b] in Chinese and [b]Sora[/b] in Japanese (all three meaning 'sky'). In Teyvat, his true name is only used by his sister.",https://danbooru.donmai.us/posts/10538829,https://twitter.com/genshin_7/status/2006964420912755175,aether_(as_heaven_and_earth_are_made_anew)_(genshin_impact) aether_(genshin_impact) lumine_(as_heaven_and_earth_are_made_anew)_(genshin_impact) lumine_(genshin_impact),genshin_impact,1boy 1girl bare_shoulders blonde_hair blush breasts brother_and_sister color_switch detached_sleeves dress fingernails flower hair_between_eyes hair_flower hair_ornament medium_breasts official_alternate_costume official_alternate_hairstyle open_mouth palette_swap scarf short_hair_with_long_locks siblings sidelocks thighhighs thighs twins white_dress white_flower yellow_eyes,commentary_request highres official_art,0ffc8755a7f4a1352e50f27bed009003
lumine_(genshin_impact),2026-09-26T08:40:43.971-04:00,candidate,post,4801442,,Default,https://danbooru.donmai.us/wiki_pages/lumine_(genshin_impact),,,,,https://danbooru.donmai.us/posts/4801442,,lumine_(genshin_impact),genshin_impact,1girl arched_back arm_cutout arm_ribbon armor arms_at_sides back_slit black_gloves blonde_hair blue_trim boots breasts cape clothing_cutout collared_cape detached_sleeves diamond_cutout dot_nose double-parted_bangs dress feather_hair_ornament feathers floating_hair flower full_body gloves hair_between_eyes hair_flower hair_ornament halter_dress halterneck high-low_dress holding holding_sword holding_weapon layered_dress left-handed long_hair looking_at_viewer parted_lips partially_fingerless_gloves pigeon-toed ribbon short_dress short_eyebrows short_hair_with_long_locks sidelocks silver_sword_(genshin_impact) simple_background small_breasts solo split_mouth standing sword tachi-e thighs transparent_background vambraces weapon white_armor white_boots white_dress white_flower white_ribbon yellow_eyes,absurdres highres official_art source_request,5598a8af578ae0d37b5fb8c50b49c22d
lumine_(genshin_impact),2026-09-26T08:40:43.971-04:00,candidate,post,10661759,Lumine (As Heaven And Earth Are Made Anew) (Genshin Impact),As Heaven And Earth Are Made Anew,https://danbooru.donmai.us/wiki_pages/lumine_(genshin_impact),https://danbooru.donmai.us/wiki_pages/Lumine_(As_Heaven_And_Earth_Are_Made_Anew)_(Genshin_Impact),found,2026-08-29T09:17:15.151-04:00,"An [[official alternate costume|official costume]] of [[Genshin Impact]]'s [[Lumine (genshin impact)|]], released in version ""Luna IV"" (6.3).",https://danbooru.donmai.us/posts/10661759,https://i.pximg.net/img-original/img/2026/01/24/12/11/17/140310588_p0.jpg,lumine_(as_heaven_and_earth_are_made_anew)_(genshin_impact) lumine_(genshin_impact),genshin_impact,1girl black_thighhighs blonde_hair breasts crossed_legs detached_sleeves dress flower hair_between_eyes hair_flower hair_ornament long_sleeves looking_at_viewer medium_breasts medium_hair official_alternate_costume open_mouth puffy_long_sleeves puffy_sleeves sitting sky smile solo star_(sky) starry_sky thighhighs white_dress white_flower yellow_eyes,absurdres commentary_request highres,8cf42380f8b6c7083d75fdf3561491a7
lumine_(genshin_impact),2026-09-26T08:40:43.971-04:00,candidate,post,11233858,Lumine (night hunt in snow) (genshin impact),Night Hunt in Snow,https://danbooru.donmai.us/wiki_pages/lumine_(genshin_impact),https://danbooru.donmai.us/wiki_pages/Lumine_(night_hunt_in_snow)_(genshin_impact),found,2026-08-16T10:08:37.854-04:00,An [[official alternate costume]] of [[Genshin Impact]]'s [[Lumine (Genshin Impact)|]].,https://danbooru.donmai.us/posts/11233858,https://x.com/kradebii/status/2047703791676654075,lumine_(genshin_impact) lumine_(night_hunt_in_snow)_(genshin_impact),genshin_impact,1girl black_boots black_gloves black_thighhighs blonde_hair blue_dress boots closed_mouth dress full_body fur-trimmed_boots fur_trim gloves hair_between_eyes hands_up long_sleeves looking_at_viewer official_alternate_costume short_hair_with_long_locks simple_background smile solo standing thighhighs twitter_username white_background yellow_eyes,absurdres commentary highres untranslatable_commentary,1a5329a9c702d5dfa2eca70e86d221a6
lumine_(genshin_impact),2026-09-26T08:40:43.971-04:00,candidate,post,7797969,Lumine_(Marechaussee Hunter) (Genshin Impact),Marechaussee Hunter,https://danbooru.donmai.us/wiki_pages/lumine_(genshin_impact),https://danbooru.donmai.us/wiki_pages/Lumine_(Marechaussee_Hunter)_(Genshin_Impact),found,2026-03-01T10:18:49.162-05:00,[[Lumine (genshin impact)|]]'s [[official alternate costume|official costume]] from the events of [[Clorinde (genshin impact)|]]'s Story Quest. The look depends on the skills that the player chooses during the quest.,https://danbooru.donmai.us/posts/7797969,https://static.wikia.nocookie.net/gensin-impact/images/8/8d/Marechaussee_Hunter_Judgment_Day_Lumine_Marechaussee_Hunter_2.png?format=original,lumine_(genshin_impact) lumine_(marechaussee_hunter)_(genshin_impact),genshin_impact,1girl apron blonde_hair blue_dress chef_hat dress fingernails flower hair_flower hair_ornament hand_on_own_hip hand_up hat holding holding_ladle ladle neckerchief official_alternate_costume orange_eyes short_hair_with_long_locks simple_background smile solo tabletop_troupe_(genshin_impact) transparent_background white_apron yellow_neckerchief,commentary english_commentary highres official_art third-party_source,196999b9fbedc67f5dd9695c6b8e9628
lumine_(genshin_impact),2026-09-26T08:40:43.971-04:00,candidate,post,7797957,Lumine_(Marechaussee Hunter) (Genshin Impact),Marechaussee Hunter,https://danbooru.donmai.us/wiki_pages/lumine_(genshin_impact),https://danbooru.donmai.us/wiki_pages/Lumine_(Marechaussee_Hunter)_(Genshin_Impact),found,2026-03-01T10:18:49.162-05:00,[[Lumine (genshin impact)|]]'s [[official alternate costume|official costume]] from the events of [[Clorinde (genshin impact)|]]'s Story Quest. The look depends on the skills that the player chooses during the quest.,https://danbooru.donmai.us/posts/7797957,https://static.wikia.nocookie.net/gensin-impact/images/4/4a/Marechaussee_Hunter_Judgment_Day_Lumine_Marechaussee_Hunter_1.png?format=original,lumine_(genshin_impact) lumine_(marechaussee_hunter)_(genshin_impact),genshin_impact,1girl arm_pouch armband bespectacled blonde_hair bow bowtie brown-framed_eyewear brown_armband brown_skirt fingernails flower glasses hair_between_eyes hair_flower hair_ornament hand_on_own_hip hand_up holding holding_syringe lab_coat looking_at_viewer looking_over_eyewear official_alternate_costume orange_eyes pouch red_bow red_bowtie semi-rimless_eyewear shirt short_hair_with_long_locks skirt smile solo syringe tabletop_troupe_(genshin_impact) transparent_background white_shirt,commentary english_commentary highres official_art third-party_source,4b8f238963410beeb87b762dd9f8f93a
lumine_(genshin_impact),2026-09-26T08:40:43.971-04:00,candidate,post,8128552,Lumine_(Hot Springs) (Genshin Impact),Hot Springs,https://danbooru.donmai.us/wiki_pages/lumine_(genshin_impact),https://danbooru.donmai.us/wiki_pages/Lumine_(Hot_Springs)_(Genshin_Impact),found,2024-09-05T19:03:55.436-04:00,An outfit worn by [[Lumine (Genshin Impact)|]] during the events of the Natlan Archon Quest.  It consists of a [[white_bikini|white bikini]] with a [[criss-cross_halter|criss-cross haltertop]] and a [[side-tie_skirt|side-tie skirt]].,https://danbooru.donmai.us/posts/8128552,https://i.pximg.net/img-original/img/2024/09/09/23/04/03/122293027_p0.jpg,lumine_(genshin_impact) lumine_(hot_springs)_(genshin_impact),genshin_impact,1girl bikini blonde_hair blue_skirt blue_sky blush breasts cloud collarbone cowboy_shot criss-cross_halter day eyewear_on_head fingernails flower foot_out_of_frame hair_between_eyes hair_flower hair_ornament halterneck hand_up highleg highleg_bikini looking_at_viewer medium_breasts multicolored_skirt navel official_alternate_costume open_mouth orange_skirt outdoors short_hair_with_long_locks side-tie_skirt skirt sky solo stomach sun sunlight swimsuit teeth upper_teeth_only white_bikini white_flower white_skirt yellow_eyes,absurdres commentary_request highres,875bb8484e258ce4378a65b9f2bab7aa
lumine_(genshin_impact),2026-09-26T08:40:43.971-04:00,candidate,post,8467107,Lumine_(Knight Of Flowers) (Genshin Impact),Knight of Flowers,https://danbooru.donmai.us/wiki_pages/lumine_(genshin_impact),https://danbooru.donmai.us/wiki_pages/Lumine_(Knight_Of_Flowers)_(Genshin_Impact),found,2024-11-04T17:58:59.294-05:00,An outfit worn by [[Lumine (Genshin Impact)|]] during the events of the Chromatic Ode of Candies and Roses event.,https://danbooru.donmai.us/posts/8467107,https://i.pximg.net/img-original/img/2024/11/11/18/11/28/124199450_p1.jpg,lumine_(genshin_impact) lumine_(knight_of_flowers)_(genshin_impact),genshin_impact,1girl aqua_robe blonde_hair feather_hair_ornament feathers flower flower_necklace full_body hair_between_eyes hair_flower hair_ornament high_heel_sandals high_heels long_sleeves looking_at_viewer medallion official_alternate_costume open_mouth robe sandals short_hair_with_long_locks side_slit simple_background solo teeth toes twitter_username upper_teeth_only white_background wide_sleeves yellow_eyes,commentary_request highres translation_request,8aced108c787476c42818c53df9b4e4c
lumine_(genshin_impact),2026-09-26T08:40:43.971-04:00,candidate,post,5297108,Lumine_(zhangjiajie) (Genshin Impact),Zhangjiajie,https://danbooru.donmai.us/wiki_pages/lumine_(genshin_impact),https://danbooru.donmai.us/wiki_pages/Lumine_(zhangjiajie)_(Genshin_Impact),found,2025-12-06T23:13:43.671-05:00,A costume for [[Lumine_(Genshin_Impact)|]] from [[Genshin Impact]].,https://danbooru.donmai.us/posts/5297108,https://drive.google.com/drive/folders/10ulrhy1E74FGjoGuiF1YX1n9mOwoyfSy,lumine_(genshin_impact) lumine_(zhangjiajie)_(genshin_impact),genshin_impact,1girl black_gloves black_hairband black_shorts blonde_hair choker fingerless_gloves gloves hairband official_alternate_costume outdoors photo_background short_hair_with_long_locks shorts sitting smile solo yellow_eyes,highres official_art official_wallpaper,11d3d3fc786ac30ebada104ca6607116
lumine_(genshin_impact),2026-09-26T08:40:43.971-04:00,candidate,post,5680329,Lumine_(2nd Anniversary) (Genshin Impact),2nd Anniversary,https://danbooru.donmai.us/wiki_pages/lumine_(genshin_impact),https://danbooru.donmai.us/wiki_pages/Lumine_(2nd_Anniversary)_(Genshin_Impact),found,2022-11-28T12:04:39.983-05:00,A costume for [[Lumine_(Genshin_Impact)|]] from [[Genshin Impact]].,https://danbooru.donmai.us/posts/5680329,https://i.pximg.net/img-original/img/2022/09/16/22/58/20/101270484_p0.jpg,aether_(2nd_anniversary)_(genshin_impact) aether_(genshin_impact) lumine_(2nd_anniversary)_(genshin_impact) lumine_(genshin_impact) paimon_(2nd_anniversary)_(genshin_impact) paimon_(genshin_impact),genshin_impact,1boy 2girls :q amusement_park bag balloon belt bird black_gloves black_pants blood braid breasts cape crop_top ferris_wheel fingerless_gloves fingernails food gloves hair_between_eyes hand_up holding holding_food ice_cream jacket knees_up legs long_hair long_sleeves midriff multiple_girls navel open_mouth pants shirt shoes shoulder_bag single_braid skirt socks stomach tongue tongue_out v white_hair white_shirt yellow_eyes,absurdres commentary english_commentary highres,49b81113133ae9e9ce0737177e0775b6
lumine_(genshin_impact),2026-09-26T08:40:43.971-04:00,candidate,post,11486874,Lumine (Genshin Fes 2023) (Genshin Impact),Genshin Fes 2023,https://danbooru.donmai.us/wiki_pages/lumine_(genshin_impact),https://danbooru.donmai.us/wiki_pages/Lumine_(Genshin_Fes_2023)_(Genshin_Impact),found,2026-05-30T14:07:23.830-04:00,A costume of [[Lumine (Genshin Impact)|]] from [[Genshin Impact]] from the promotional art for the 2023 Genshin Fes.,https://danbooru.donmai.us/posts/11486874,https://www.bilibili.com/opus/816945394374148114,aether_(genshin_impact) lumine_(genshin_fes_2023)_(genshin_impact) lumine_(genshin_impact) paimon_(genshin_impact),genshin_impact,1boy 2girls bag black_gloves black_shirt black_skirt blonde_hair blue_hat blue_sky book braid braided_ponytail breasts bright_pupils brother_and_sister building cargo_pants closed_mouth clothes_writing contemporary cowboy_shot crepe cropped_jacket detached_sleeves fingerless_gloves food gloves green_shirt green_shoes grey_pants hair_between_eyes hair_ornament hair_ribbon halo hand_in_pocket hand_up hat holding holding_bag holding_book holding_crepe holding_food jacket long_hair looking_at_viewer medium_breasts multiple_girls official_alternate_costume open_book open_mouth outdoors pants pointing purple_eyes ribbon see-through_clothes see-through_jacket shirt shoes short_hair_with_long_locks short_sleeves siblings skirt sky skyscraper sleeveless sleeveless_shirt smile sneakers white_hair white_shirt yellow_bag yellow_eyes,commentary_request highres official_art,9ed59849fb8ab8997584410798b4d347
lumine_(genshin_impact),2026-09-26T08:40:43.971-04:00,candidate,post,7039094,Lumine (Teyvat Turboflux) (Genshin Impact),Teyvat Turboflux,https://danbooru.donmai.us/wiki_pages/lumine_(genshin_impact),https://danbooru.donmai.us/wiki_pages/Lumine_(Teyvat_Turboflux)_(Genshin_Impact),found,2025-07-30T20:49:56.325-04:00,"A costume of [[Lumine (Genshin Impact)|]] from [[Genshin Impact]] from the promotional art for the [[HoyoFair]] 2024 ""Teyvat Turboflux: Tail-Light Trail"" video.",https://danbooru.donmai.us/posts/7039094,https://t.bilibili.com/881114963151683586,aether_(genshin_impact) aether_(teyvat_turboflux)_(genshin_impact) charlotte_(genshin_impact) lumine_(genshin_impact) lumine_(teyvat_turboflux)_(genshin_impact) navia_(genshin_impact) navia_(teyvat_turboflux)_(genshin_impact) paimon_(genshin_impact),genshin_impact,1boy 4girls :d ;d ahoge arm_up armpits bare_shoulders beret black_gloves black_pants black_shorts blonde_hair blue_eyes blue_sky boots breasts character_name cleavage clothes_writing cloud crop_top day dress drill_hair drill_sidelocks feet_out_of_frame flower gloves goggles goggles_on_head grass grey_jacket hair_between_eyes hat holding hoyofair jacket jewelry knee_up long_hair long_sleeves medium_breasts midriff monocle multiple_girls navel newsboy_cap off_shoulder official_alternate_costume official_alternate_hairstyle one_eye_closed open_clothes open_jacket open_mouth orange_flower orange_jacket outdoors pants pencil_dress pink_hair red_hat shadow short_dress short_hair_with_long_locks short_shorts shorts sidelocks single_thighhigh sitting sky smile spaghetti_strap standing stomach sunflower thigh_boots thigh_strap thighhighs thighs very_long_hair visor_cap white_boots white_dress white_hair white_hat white_jacket yellow_eyes,absurdres commentary highres official_art,5638abfb9c2012726b441cc57c4a4dd1
lumine_(genshin_impact),2026-09-26T08:40:43.971-04:00,candidate,post,7439908,Lumine (Live Actually) (Genshin Impact),Live Actually,https://danbooru.donmai.us/wiki_pages/lumine_(genshin_impact),https://danbooru.donmai.us/wiki_pages/Lumine_(Live_Actually)_(Genshin_Impact),found,2026-05-20T16:05:41.941-04:00,"A costume of [[Lumine (Genshin Impact)|]] from [[Genshin Impact]] from the [[HoyoFair]] 2024 music video ""Realm of Faith : Live Actually"":[https://www.youtube.com/watch?v=mfUUI2ZDw6M].",https://danbooru.donmai.us/posts/7439908,https://twitter.com/sssA_km/status/1777985873709338874,furina_(genshin_impact) furina_(live_actually)_(genshin_impact) lumine_(genshin_impact) lumine_(live_actually)_(genshin_impact) venti_(genshin_impact) venti_(live_actually)_(genshin_impact),genshin_impact,1boy 2girls aqua_eyes black_gloves black_hair black_hat black_shorts blonde_hair blue_eyes blue_hair blue_shorts braid crop_top eyewear_on_head fingerless_gloves fur_jacket gloves hair_between_eyes hat heterochromia holding holding_microphone hoyofair jacket jewelry long_hair long_sleeves looking_at_viewer microphone midriff multicolored_hair multiple_girls navel one_eye_closed open_mouth orange-framed_eyewear pants shorts skirt smile streaked_hair top_hat twin_braids v white_hair white_hat white_jacket white_pants white_skirt yellow_eyes,commentary_request highres,d536e275ebe081e04ef5dbcd63654cc4
lumine_(genshin_impact),2026-09-26T08:40:43.971-04:00,candidate,post,8127053,Lumine (Flame Fusion) (Genshin Impact),Flame Fusion,https://danbooru.donmai.us/wiki_pages/lumine_(genshin_impact),https://danbooru.donmai.us/wiki_pages/Lumine_(Flame_Fusion)_(Genshin_Impact),found,2025-12-06T23:22:29.564-05:00,"[[Lumine (Genshin Impact)|]]'s [[official alternate costume|costume]] from [[Genshin Impact]] from the [[HoyoFair]] 2024 ""Flame Fusion Music and Art Festival"" video.",https://danbooru.donmai.us/posts/8127053,https://m.bilibili.com/opus/974780043727208450?spm_id_from=333.999.0.0,aether_(genshin_impact) alhaitham_(flame_fusion)_(genshin_impact) alhaitham_(genshin_impact) eula_(flame_fusion)_(genshin_impact) eula_(genshin_impact) furina_(flame_fusion)_(genshin_impact) furina_(genshin_impact) keqing_(flame_fusion)_(genshin_impact) keqing_(genshin_impact) lumine_(flame_fusion)_(genshin_impact) lumine_(genshin_impact) nilou_(flame_fusion)_(genshin_impact) nilou_(genshin_impact) paimon_(genshin_impact) sangonomiya_kokomi sangonomiya_kokomi_(flame_fusion) tartaglia_(flame_fusion)_(genshin_impact) tartaglia_(genshin_impact),genshin_impact,3boys 6+girls :d bare_shoulders black_gloves black_skirt blonde_hair blue_dress blue_eyes blue_hair breasts brown_hair camera closed_mouth detached_sleeves dress fire flying gloves hair_ornament half_gloves hand_up holding holding_camera holding_instrument hoyofair instrument long_hair looking_at_viewer looking_to_the_side medium_breasts microphone multiple_boys multiple_girls outdoors outstretched_arms parted_lips purple_hair short_hair skirt small_breasts smile spread_arms stage stage_lights standing waving white_hair wide_sleeves yellow_eyes,absurdres chinese_commentary commentary_request highres official_art,36e7619bdedab92ef90c353bf51eee70
lumine_(genshin_impact),2026-09-26T08:40:43.971-04:00,candidate,post,9988226,Lumine (Parallels Meet) (Genshin Impact),Parallels Meet,https://danbooru.donmai.us/wiki_pages/lumine_(genshin_impact),https://danbooru.donmai.us/wiki_pages/Lumine_(Parallels_Meet)_(Genshin_Impact),found,2025-10-10T14:05:21.309-04:00,"A costume of [[Lumine (Genshin Impact)|]] from [[Genshin Impact]] from the promotional art for the [[HoyoFair]] 2025 ""Parallels Meet"" video.",https://danbooru.donmai.us/posts/9988226,https://i.pximg.net/img-original/img/2025/09/20/00/02/35/135297468_p5.jpg,aether_(genshin_impact) aether_(parallels_meet)_(genshin_impact) lumine_(genshin_impact) lumine_(parallels_meet)_(genshin_impact) paimon_(genshin_impact) paimon_(parallels_meet)_(genshin_impact),genshin_impact,1boy 2girls asymmetrical_legwear black_thighhighs blonde_hair brother_and_sister full_body hoyofair jacket long_hair long_sleeves looking_at_viewer loose_socks mismatched_legwear multiple_girls open_clothes open_jacket open_mouth short_hair_with_long_locks siblings simple_background single_thighhigh sketch socks standing thighhighs twins white_background white_hair white_socks yellow_eyes,absurdres commentary_request highres,845e7f240a03c5c6f2ef219566af0927
lumine_(genshin_impact),2026-09-26T08:40:43.971-04:00,candidate,post,4671159,Lumine (Sweets Paradise) (Genshin Impact),SWEETS PARADISE,https://danbooru.donmai.us/wiki_pages/lumine_(genshin_impact),https://danbooru.donmai.us/wiki_pages/Lumine_(Sweets_Paradise)_(Genshin_Impact),found,2025-12-06T08:38:03.753-05:00,"[[Lumine_(Genshin_Impact)|]]'s [[official alternate costume|costume]] from [[Genshin Impact]] X ""SWEETS PARADISE collaboration"":[https://twitter.com/Linkstars_hoshi/status/1456239983262527492].",https://danbooru.donmai.us/posts/4671159,https://twitter.com/Linkstars_hoshi/status/1420714647385042944,aether_(genshin_impact) aether_(sweets_paradise)_(genshin_impact) albedo_(genshin_impact) albedo_(sweets_paradise)_(genshin_impact) amber_(genshin_impact) barbara_(genshin_impact) bennett_(genshin_impact) diluc_(genshin_impact) diona_(genshin_impact) diona_(sweets_paradise)_(genshin_impact) eula_(genshin_impact) fischl_(genshin_impact) jean_(genshin_impact) jean_(sweets_paradise)_(genshin_impact) kaeya_(genshin_impact) klee_(genshin_impact) klee_(sweets_paradise)_(genshin_impact) lisa_(genshin_impact) lumine_(genshin_impact) lumine_(sweets_paradise)_(genshin_impact) mona_(genshin_impact) mona_(sweets_paradise)_(genshin_impact) noelle_(genshin_impact) noelle_(sweets_paradise)_(genshin_impact) paimon_(genshin_impact) paimon_(sweets_paradise)_(genshin_impact) razor_(genshin_impact) rosaria_(genshin_impact) sucrose_(genshin_impact) sucrose_(sweets_paradise)_(genshin_impact) venti_(genshin_impact),genshin_impact sweets_paradise,"""pile_'em_up""_(genshin_impact) 6+boys 6+girls ahoge animal_ear_fluff animal_ears antenna_hair apple apple_juice apple_slice aqua_hair bangs_pinned_back berry_&_mint_burst_(genshin_impact) black_hair blonde_hair blue_hair braid braided_bangs brown_hair cat_ears cat_tail chibi chibi_only closed_mouth clover cup dark-skinned_male dark_skin definitely_not_bar_food!_(genshin_impact) die_heilige_sinfonie_(genshin_impact) dress drink eyepatch flower food four-leaf_clover fruit glasses goggles goggles_around_neck goggles_on_head green_hair grey_hair grin hair_between_eyes hair_flower hair_ornament hair_ribbon hairband halo hat holding juice logo long_hair maid_headdress multicolored_hair multiple_boys multiple_girls nun nun_headdress official_alternate_costume open_mouth pink_hair pizza pointy_ears ponytail purple_hair red_hair ribbon rose short_hair side_braids simple_background smile sticky_honey_roast_(genshin_impact) streaked_hair sweet_madame_(genshin_impact) tail two_side_up waiter waitress white_flower white_hair witch_hat",commentary_request highres official_art,5062063dddf7ff10a084713661070877
lumine_(genshin_impact),2026-09-26T08:40:43.971-04:00,asset_no_post_tags,asset,50222659,Lumine (Nord Express) (Genshin Impact),Nord Express,https://danbooru.donmai.us/wiki_pages/lumine_(genshin_impact),https://danbooru.donmai.us/wiki_pages/Lumine_(Nord_Express)_(Genshin_Impact),found,2026-09-26T08:40:32.124-04:00,"An [[official alternate costume]] of [[Genshin Impact]]'s [[Lumine (Genshin Impact)|]] from the promotional art for the [[Hoyofair]] ""Project: Nord Express"" video.",https://danbooru.donmai.us/media_assets/50222659,,,,,,
lynette_(genshin_impact),2025-12-06T12:26:09.491-05:00,candidate,post,6458774,,,https://danbooru.donmai.us/wiki_pages/lynette_(genshin_impact),,,,,https://danbooru.donmai.us/posts/6458774,https://twitter.com/genshinimpact/status/1675809614128984064?s=46&t=wE1d5K1SOz4konLdQCitSQ,lynette_(genshin_impact),genshin_impact,1girl animal_ears bare_shoulders black_dress boots bow breasts cape cat_ears cat_girl cat_tail cleavage cleavage_cutout clothing_cutout corset dress facial_mark frills leotard long_hair long_sleeves low_ponytail pantyhose ponytail purple_eyes sidelocks skirt small_breasts solo star_(symbol) tail white_hair,commentary english_commentary highres official_art second-party_source,27e294b209c0f65af7720ea2dee4806a
lynette_(genshin_impact),2025-12-06T12:26:09.491-05:00,candidate,post,7349925,Lynette (Tapestry Of Night) (Genshin Impact),Tapestry Of Night,https://danbooru.donmai.us/wiki_pages/lynette_(genshin_impact),https://danbooru.donmai.us/wiki_pages/Lynette_(Tapestry_Of_Night)_(Genshin_Impact),found,2025-11-22T17:26:11.894-05:00,"An [[official alternate costume]] of [[Lynette (Genshin Impact)|]] from [[Genshin Impact]] from the ""Tapestry of Night"":[https://www.youtube.com/watch?v=wdqS8ai9cls] video from [[Chiori (Genshin Impact)|Chiori's]] story quest.",https://danbooru.donmai.us/posts/7349925,https://genshin.hoyoverse.com/en/news/detail/122914,lynette_(genshin_impact) lynette_(tapestry_of_night)_(genshin_impact),genshin_impact,1girl bare_shoulders blue_background bow breasts character_name choker copyright_name cup facial_mark hat huge_bow long_hair looking_at_viewer official_alternate_costume open_mouth parted_lips purple_eyes small_breasts star_(symbol) star_facial_mark star_tattoo tattoo teacup upper_body,highres official_art,75e28e53046bb98bdd3e71c36663b86e
lynette_(genshin_impact),2025-12-06T12:26:09.491-05:00,candidate,post,9247756,Lynette (Kfc) (Genshin Impact),KFC,https://danbooru.donmai.us/wiki_pages/lynette_(genshin_impact),https://danbooru.donmai.us/wiki_pages/Lynette_(Kfc)_(Genshin_Impact),found,2025-12-06T12:22:18.332-05:00,"[[Lynette (Genshin Impact)|]]'s [[official alternate costume|costume]] from 2024 [[Genshin Impact]] X ""KFC collaboration"":[https://weibo.com/1687422352/OmbHuFqVl].",https://danbooru.donmai.us/posts/9247756,https://www.bilibili.com/opus/935187824008757251?spm_id_from=333.1387.0.0,lynette_(genshin_impact) lynette_(kfc)_(genshin_impact) lyney_(genshin_impact) lyney_(kfc)_(genshin_impact),genshin_impact kfc,1boy 1girl animal_ear_fluff balloon black_boots black_dress black_gloves black_hat black_jacket blue_sky boots bow bowtie card cat_girl cat_tail cup day dress facial_tattoo gloves grey_pantyhose hat holding holding_cup jacket long_hair long_sleeves looking_at_viewer official_alternate_costume pantyhose petticoat purple_eyes red_bow red_bowtie sky star_(symbol) star_tattoo tail tattoo,absurdres chinese_commentary commentary_request highres official_art third-party_source,f92d7c871d499e678bd97926839b0377
lynette_(genshin_impact),2025-12-06T12:26:09.491-05:00,candidate,post,9874507,Lynette (Genshin Cafe In Seoul) (Genshin Impact),Genshin Cafe In Seoul,https://danbooru.donmai.us/wiki_pages/lynette_(genshin_impact),https://danbooru.donmai.us/wiki_pages/Lynette_(Genshin_Cafe_In_Seoul)_(Genshin_Impact),found,2025-08-29T11:52:25.326-04:00,"[[Lynette_(Genshin_Impact)|]]'s [[official alternate costume]] from 2025 ""Genshin Cafe in Seoul"":[https://twitter.com/genshin_cafe_kr/status/1961424855359783015].",https://danbooru.donmai.us/posts/9874507,https://twitter.com/genshin_cafe_kr/status/1961419516036202922,lynette_(genshin_cafe_in_seoul)_(genshin_impact) lynette_(genshin_impact),genshin_impact,1girl animal_ear_fluff animal_ears blue_flower bow brown_hair cat_ears cat_girl dress dress_bow facial_tattoo flower green_dress green_hair green_hat hat lolita_fashion long_hair long_sleeves multicolored_hair official_alternate_costume parted_lips purple_eyes star_(symbol) star_tattoo streaked_hair tattoo,commentary_request korean_commentary official_art,fb4dfdfa8d0ff336892abc3c63757dce
lynette_(genshin_impact),2025-12-06T12:26:09.491-05:00,asset_no_post_tags,asset,37502523,Lynette (Parallels Meet) (Genshin Impact),Parallels Meet,https://danbooru.donmai.us/wiki_pages/lynette_(genshin_impact),https://danbooru.donmai.us/wiki_pages/Lynette_(Parallels_Meet)_(Genshin_Impact),found,2025-11-22T17:45:04.443-05:00,"A costume of [[Lynette (Genshin Impact)|]] from [[Genshin Impact]] from the promotional art for the [[HoyoFair]] 2025 ""Parallels Meet"" video.",https://danbooru.donmai.us/media_assets/37502523,,,,,,
mavuika_(genshin_impact),2026-09-26T08:43:31.274-04:00,candidate,post,8481046,,,https://danbooru.donmai.us/wiki_pages/mavuika_(genshin_impact),,,,,https://danbooru.donmai.us/posts/8481046,https://www.miyoushe.com/ys/article/59665628,mavuika_(genshin_impact),genshin_impact,1girl ahoge biker_clothes bikesuit black_bodysuit black_gloves bodysuit breasts cleavage earrings flamestrider_(genshin_impact) gloves jewelry large_breasts long_hair long_sleeves looking_at_viewer motor_vehicle motorcycle multicolored_hair on_motorcycle orange_eyes orange_hair red_hair smile solo symbol_in_eye two-tone_hair very_long_hair,commentary_request highres official_art,ad3604c4701863cd063b44dab9616ebd
mavuika_(genshin_impact),2026-09-26T08:43:31.274-04:00,asset_no_post_tags,asset,24255337,"mavuika (""sunset"") (genshin impact)",Sunset,https://danbooru.donmai.us/wiki_pages/mavuika_(genshin_impact),https://danbooru.donmai.us/wiki_pages/mavuika_(%22sunset%22)_(genshin_impact),found,2025-09-25T01:27:56.890-04:00,"An outfit worn by [[Mavuika (Genshin Impact)|]] in the animated short, ""Sunset"":[https://www.youtube.com/watch?v=aGtkhL8gDYE]

It consists of a [[black dress]] exposing a [[single bare shoulder]], and wears a [[headband]] covering her forehead.",https://danbooru.donmai.us/media_assets/24255337,,,,,,
mavuika_(genshin_impact),2026-09-26T08:43:31.274-04:00,asset_no_post_tags,asset,50222660,Mavuika (Nord Express) (Genshin Impact),Nord Express,https://danbooru.donmai.us/wiki_pages/mavuika_(genshin_impact),https://danbooru.donmai.us/wiki_pages/Mavuika_(Nord_Express)_(Genshin_Impact),found,2026-09-26T08:43:00.695-04:00,"An [[official alternate costume]] of [[Genshin Impact]]'s [[Mavuika (Genshin Impact)|]] from the promotional art for the [[Hoyofair]] ""Project: Nord Express"" video.",https://danbooru.donmai.us/media_assets/50222660,,,,,,
mona_(genshin_impact),2025-12-06T23:14:05.163-05:00,candidate,post,4115582,,Original Default,https://danbooru.donmai.us/wiki_pages/mona_(genshin_impact),,,,,https://danbooru.donmai.us/posts/4115582,,mona_(genshin_impact),genshin_impact,1girl ass_visible_through_thighs black_choker black_gloves black_hair black_pantyhose breasts cape choker closed_mouth detached_sleeves earrings full_body fur-trimmed_cape fur_trim gloves gradient_hair green_eyes groin hair_ribbon hat jewelry large_hat leotard long_hair looking_at_viewer magic medium_breasts multicolored_cape multicolored_hair pantyhose print_pantyhose purple_cape purple_hair purple_hat purple_pantyhose red_cape ribbon skindentation solo sparkle standing standing_on_one_leg star_(symbol) star_choker star_earrings star_print thighlet transparent_background twintails two-sided_cape two-sided_fabric two-tone_cape two-tone_hair very_long_hair witch_hat,absurdres highres official_art,f41c0fc85e0a1f3e21ae4cf83abe656e
mona_(genshin_impact),2025-12-06T23:14:05.163-05:00,asset_no_post_tags,asset,19759639,Mona (Pact of Stars and Moon) (genshin impact),Pact of Stars and Moon,https://danbooru.donmai.us/wiki_pages/mona_(genshin_impact),https://danbooru.donmai.us/wiki_pages/Mona_(Pact_of_Stars_and_Moon)_(genshin_impact),found,2025-12-06T11:49:49.023-05:00,"[[Mona (genshin impact)|]]'s [[official alternate costume|costume]], replacing her default outfit on the Chinese server.",https://danbooru.donmai.us/media_assets/19759639,,,,,,
mona_(genshin_impact),2025-12-06T23:14:05.163-05:00,asset_no_post_tags,asset,19759641,Mona (halloween) (genshin impact),Halloween,https://danbooru.donmai.us/wiki_pages/mona_(genshin_impact),https://danbooru.donmai.us/wiki_pages/Mona_(halloween)_(genshin_impact),found,2025-12-17T13:04:35.163-05:00,"[[Mona (Genshin Impact)|]]'s [[official alternate costume|costume]] from [[Genshin Impact]], deriving from official Halloween merchandise. She is depicted as a [[witch]].",https://danbooru.donmai.us/media_assets/19759641,,,,,,
mona_(genshin_impact),2025-12-06T23:14:05.163-05:00,asset_no_post_tags,asset,19759636,Mona (sweets paradise) (genshin impact),SWEETS PARADISE,https://danbooru.donmai.us/wiki_pages/mona_(genshin_impact),https://danbooru.donmai.us/wiki_pages/Mona_(sweets_paradise)_(genshin_impact),found,2025-12-06T08:36:43.603-05:00,"[[Mona_(Genshin_Impact)|]]'s [[official alternate costume|costume]] from [[Genshin Impact]] X ""SWEETS PARADISE collaboration"":[https://twitter.com/Linkstars_hoshi/status/1456239983262527492].",https://danbooru.donmai.us/media_assets/19759636,,,,,,
mona_(genshin_impact),2025-12-06T23:14:05.163-05:00,candidate,post,9988234,Mona (Parallels Meet) (Genshin Impact),Parallels Meet,https://danbooru.donmai.us/wiki_pages/mona_(genshin_impact),https://danbooru.donmai.us/wiki_pages/Mona_(Parallels_Meet)_(Genshin_Impact),found,2025-09-30T23:21:12.366-04:00,"An [[official alternate costume|official costume]] of [[Genshin Impact]]'s [[Mona (Genshin Impact)|]] from the promotional art for the [[HoyoFair]] 2025 ""Parallels Meet"" video.",https://danbooru.donmai.us/posts/9988234,https://i.pximg.net/img-original/img/2025/09/20/00/02/35/135297468_p9.jpg,diluc_(genshin_impact) diluc_(parallels_meet)_(genshin_impact) furina_(genshin_impact) furina_(parallels_meet)_(genshin_impact) gentilhomme_usher hu_tao_(genshin_impact) mademoiselle_crabaletta mona_(genshin_impact) mona_(parallels_meet)_(genshin_impact) surintendante_chevalmarin,genshin_impact,1boy 3girls ahoge alternate_costume alternate_hairstyle arm_armor armor armored_boots black_hair black_hairband black_shirt blue_dress blue_eyes blue_nails boots braid breasts bridal_gauntlets brown_hair brown_pants butterfly-shaped_pupils crown dress drop-shaped_pupils full_body green_eyes hair_between_eyes hair_ornament hair_over_shoulder hairband hand_on_own_chest hat heterochromia high_heels holding holding_wand hoyofair long_hair long_sleeves looking_at_viewer multiple_girls nail_polish pants pauldrons red_dress red_eyes red_hair red_nails shirt short_hair shoulder_armor simple_background single_pauldron sketch sleeveless sleeveless_dress small_breasts socks symbol-shaped_pupils twin_braids twintails very_long_hair wand white_background white_hair white_socks witch_hat,absurdres commentary_request highres,6e510b52bf448c7553b1a761c02839cb
mona_(pact_of_stars_and_moon)_(genshin_impact),2025-12-06T11:49:49.023-05:00,asset_no_post_tags,asset,19759639,,Profile,https://danbooru.donmai.us/wiki_pages/mona_(pact_of_stars_and_moon)_(genshin_impact),,,,,https://danbooru.donmai.us/media_assets/19759639,,,,,,
mualani_(genshin_impact),2026-06-27T17:57:01.834-04:00,candidate,post,7858738,,Default,https://danbooru.donmai.us/wiki_pages/mualani_(genshin_impact),,,,,https://danbooru.donmai.us/posts/7858738,https://twitter.com/GenshinImpact/status/1812789318865612931,mualani_(genshin_impact),genshin_impact,1girl :d bare_arms bare_shoulders blue_hairband breasts crop_top dark-skinned_female dark_skin feet grey_hair hairband long_hair looking_at_viewer midriff navel open_mouth orange_eyes shoes small_breasts smile solo stomach surfing thighs toes,commentary english_commentary highres official_art,968c1cf7f76e141f63238deba71a97c8
mualani_(genshin_impact),2026-06-27T17:57:01.834-04:00,candidate,post,9234150,Mualani (Hot Springs) (Genshin Impact),Hot Springs,https://danbooru.donmai.us/wiki_pages/mualani_(genshin_impact),https://danbooru.donmai.us/wiki_pages/Mualani_(Hot_Springs)_(Genshin_Impact),found,2024-10-09T19:04:43.752-04:00,An outfit worn by [[Mualani (Genshin Impact)|]] during the events of the Natlan Archon Quest.  It consists of a white and blue [[casual one-piece swimsuit]].,https://danbooru.donmai.us/posts/9234150,https://i.pximg.net/img-original/img/2025/05/01/10/04/35/129898238_p0.jpg,mualani_(genshin_impact) mualani_(hot_springs)_(genshin_impact),genshin_impact,1girl bare_shoulders barefoot blue_one-piece_swimsuit braid breasts brown_eyes casual_one-piece_swimsuit cleavage closed_mouth crossed_legs grass grey_hair hand_on_own_ankle long_hair looking_at_viewer medium_breasts official_alternate_costume one-piece_swimsuit outdoors ponytail sitting smile soaking_feet solo swimsuit thighs twin_braids two-tone_one-piece_swimsuit very_long_hair water white_one-piece_swimsuit,absurdres commentary highres,e37039038b41a6be3f6262f70e5ddadc
mualani_(genshin_impact),2026-06-27T17:57:01.834-04:00,candidate,post,8612226,Mualani (Hello Cycling) (Genshin Impact),Hello Cycling,https://danbooru.donmai.us/wiki_pages/mualani_(genshin_impact),https://danbooru.donmai.us/wiki_pages/Mualani_(Hello_Cycling)_(Genshin_Impact),found,2026-06-27T15:59:55.850-04:00,An [[official alternate costume]] of [[Genshin Impact|Genshin Impact's]] [[Mualani (Genshin Impact)|]] from a collaboration with Hello Cycling.,https://danbooru.donmai.us/posts/8612226,https://twitter.com/Genshin_7/status/1870099584636141994,ajaw_(genshin_impact) chasca_(genshin_impact) chasca_(hello_cycling)_(genshin_impact) kinich_(genshin_impact) kinich_(hello_cycling)_(genshin_impact) mualani_(genshin_impact) mualani_(hello_cycling)_(genshin_impact) xilonen_(genshin_impact) xilonen_(hello_cycling)_(genshin_impact),genshin_impact,1boy 3girls ahoge animal_ears arm_up arms_up bag belt bicycle black_belt black_pants blonde_hair blue_bra blue_eyes blue_hair blue_shorts blue_sky blunt_bangs bra bracelet chibi chibi_only clenched_hand closed_mouth clothes_around_waist cloud cloudy_sky contemporary crop_top cropped_jacket elf eyewear_on_head fingerless_gloves friends gloves gradient_hair green_eyes green_hair hair_between_eyes hair_over_one_eye hand_in_own_hair hand_on_own_hip handbag happy hat head_tilt headband high-waist_pants high_collar high_ponytail hood hoodie huge_ahoge jacket jacket_around_waist jewelry kneehighs long_hair long_sleeves looking_at_viewer looking_to_the_side multicolored_eyes multicolored_hair multiple_girls navel necklace official_alternate_costume open_clothes open_jacket open_mouth outdoors pants pointy_ears ponytail purple_hair red_bra red_eyes red_lips shade short_shorts short_sleeves shorts sitting sky socks standing stomach streaked_hair sunglasses tail tan underwear white_gloves wrist_cuffs yellow_jacket,commentary_request official_art,81a60827a1ff59d04d24f8a29c9bcb7a
nahida_(genshin_impact),2026-09-04T21:55:30.265-04:00,candidate,post,5701828,,Profile,https://danbooru.donmai.us/wiki_pages/nahida_(genshin_impact),,,,,https://danbooru.donmai.us/posts/5701828,https://twitter.com/GenshinImpact/status/1574341914215718913,nahida_(genshin_impact),genshin_impact,1girl anklet arm_up bare_legs bloomers boots bracelet braid cape choker detached_sleeves dress feet floating flower flower-shaped_pupils full_body gold_trim gradient_hair green_cape green_eyes green_hair green_sleeves hair_ornament jewelry leaf_hair_ornament long_hair multicolored_hair open_mouth pointy_ears short_sleeves shorts side_ponytail solo stirrup_footwear streaked_hair symbol-shaped_pupils tassel toeless_legwear toes white_bloomers white_boots white_dress white_hair white_shorts,commentary english_commentary highres official_art second-party_source,13676961c6e2ccdb9d2219230a935498
nahida_(genshin_impact),2026-09-04T21:55:30.265-04:00,candidate,post,5695403,Nahida (2Nd Anniversary) (Genshin Impact),2nd Anniversary,https://danbooru.donmai.us/wiki_pages/nahida_(genshin_impact),https://danbooru.donmai.us/wiki_pages/Nahida_(2Nd_Anniversary)_(Genshin_Impact),found,2022-11-28T12:05:54.020-05:00,A costume for [[Nahida_(Genshin_Impact)|]] from [[Genshin Impact]].,https://danbooru.donmai.us/posts/5695403,https://i.pximg.net/img-original/img/2022/09/24/00/42/55/101438976_p0.jpg,anemo_slime_(genshin_impact) dendro_slime_(genshin_impact) electro_slime_(genshin_impact) geo_slime_(genshin_impact) mutant_electro_slime_(genshin_impact) nahida_(2nd_anniversary)_(genshin_impact) nahida_(genshin_impact) raiden_shogun raiden_shogun_(2nd_anniversary) slime_(genshin_impact) venti_(2nd_anniversary)_(genshin_impact) venti_(genshin_impact) zhongli_(genshin_impact),genshin_impact,2boys 2girls :d alternate_costume bird black_hair china_tracksuit cloud dove glasses green_eyes hand_in_pocket headset hood hoodie jacket long_hair looking_at_viewer multicolored_hair multiple_boys multiple_girls outdoors pants pointy_ears purple_eyes purple_hair purple_hoodie sky smile sweater track_jacket track_pants vision_(genshin_impact) white_hair,absurdres commentary_request highres,21233987eb2cd5d4cb34d8335cde1225
nahida_(genshin_impact),2026-09-04T21:55:30.265-04:00,candidate,post,11017174,Nahida (Genshin Cafe In Seoul) (Genshin Impact),Genshin Cafe In Seoul,https://danbooru.donmai.us/wiki_pages/nahida_(genshin_impact),https://danbooru.donmai.us/wiki_pages/Nahida_(Genshin_Cafe_In_Seoul)_(Genshin_Impact),found,2026-03-30T11:00:02.188-04:00,An [[official alternate costume]] of [[Genshin Impact|Genshin Impact's]] [[Nahida (Genshin Impact)|]] from the Genshin Cafe In Seoul picnic series.,https://danbooru.donmai.us/posts/11017174,https://x.com/kurumi_Dangoo/status/2036323455805825379,aranara_(genshin_impact) nahida_(genshin_cafe_in_seoul)_(genshin_impact) nahida_(genshin_impact),genshin_impact,1girl blush chibi chibi_only cross-shaped_pupils dress full_body gradient_hair green_eyes green_hair hair_between_eyes hair_ornament halvamazd_(genshin_impact) hat leaf_hair_ornament long_hair multicolored_hair open_mouth pointy_ears side_ponytail simple_background solo symbol-shaped_pupils white_background white_dress white_hair white_hat,commentary,fe202dec54c8734d9388c3baa378fefb
nahida_(genshin_impact),2026-09-04T21:55:30.265-04:00,asset_no_post_tags,asset,36783083,Nahida (Parallels Meet School) (Genshin Impact),Parallels Meet School,https://danbooru.donmai.us/wiki_pages/nahida_(genshin_impact),https://danbooru.donmai.us/wiki_pages/Nahida_(Parallels_Meet_School)_(Genshin_Impact),found,2025-11-16T08:56:04.508-05:00,"A costume of [[Nahida (Genshin Impact)|]] from [[Genshin Impact]] from a high school-themed promotional art for the [[HoyoFair]] 2025 ""Parallels Meet"" video. 

Portrayed in a white [[sailor dress]] with a [[green bowtie]] and her hair in [[twintails]].",https://danbooru.donmai.us/media_assets/36783083,,,,,,
nahida_(genshin_impact),2026-09-04T21:55:30.265-04:00,candidate,post,12128158,Nahida (Nord Express) (Genshin Impact),Nord Express,https://danbooru.donmai.us/wiki_pages/nahida_(genshin_impact),https://danbooru.donmai.us/wiki_pages/Nahida_(Nord_Express)_(Genshin_Impact),found,2026-09-04T21:54:58.390-04:00,"An [[official alternate costume]] of [[Genshin Impact]]'s [[Nahida (Genshin Impact)|]] from the promotional art for the [[Hoyofair]] ""Project: Nord Express"" video.",https://danbooru.donmai.us/posts/12128158,https://x.com/Lilly_dpt/status/2095841949580505361,nahida_(genshin_impact) nahida_(nord_express)_(genshin_impact),genshin_impact,1girl blush capelet closed_mouth cross-shaped_pupils dress full_body gold_trim green_dress green_eyes hair_between_eyes hand_up hat looking_at_viewer official_alternate_costume pointy_ears shoes simple_background solo standing symbol-shaped_pupils ushanka white_background white_capelet white_hair white_hat white_shoes,commentary_request highres,9691707afab9c09dc35f37c1bf3d837d
navia_(genshin_impact),2026-09-22T17:31:29.822-04:00,candidate,post,6851989,,Official Artwork,https://danbooru.donmai.us/wiki_pages/navia_(genshin_impact),,,,,https://danbooru.donmai.us/posts/6851989,https://twitter.com/Genshin_7/status/1721467492076572897,navia_(genshin_impact),genshin_impact,1girl :d armpit_crease bare_shoulders black_gloves black_hat blonde_hair blue_eyes boots breasts brown_boots detached_sleeves dress drill_hair drill_sidelocks earrings full_body gloves hat high_heels holding holding_umbrella jewelry long_hair long_sleeves medium_breasts open_mouth overskirt shorts shorts_under_skirt sidelocks smile solo standing strapless strapless_dress thigh_boots thighhighs umbrella very_long_hair,commentary_request highres official_art second-party_source translation_request,26f6cb7211861912b436bc39ad568afb
navia_(genshin_impact),2026-09-22T17:31:29.822-04:00,candidate,post,7677396,Navia (Marechaussee Hunter) (Genshin Impact),Marechaussee Hunter,https://danbooru.donmai.us/wiki_pages/navia_(genshin_impact),https://danbooru.donmai.us/wiki_pages/Navia_(Marechaussee_Hunter)_(Genshin_Impact),found,2026-03-01T10:14:10.755-05:00,[[Navia (genshin impact)|]]'s [[official alternate costume|official costume]] from the events of [[Clorinde (genshin impact)|]]'s Story Quest.,https://danbooru.donmai.us/posts/7677396,https://genshin-impact.fandom.com/wiki/File:Marechaussee_Hunter_Judgment_Day_Navia_Marechaussee_Hunter.png,navia_(genshin_impact) navia_(marechaussee_hunter)_(genshin_impact),genshin_impact,1girl ascot black_corset blonde_hair blue_ascot blue_bow blue_eyes blue_gem blue_nails blue_skirt bow brown_hat cleavage_cutout clothing_cutout coin corset drill_hair drill_sidelocks flower gem hat hat_bow hat_feather hat_flower holding holding_coin juliet_sleeves long_hair long_sleeves mora_(genshin_impact) nail_polish official_alternate_costume open_mouth puffy_sleeves ship's_wheel_ornament shirt sidelocks skirt smile solo striped_bow striped_clothes striped_skirt tabletop_troupe_(genshin_impact) transparent_background tricorne triquetra vertical-striped_clothes vertical-striped_skirt white_shirt white_sleeves yellow_flower,artist_request commentary english_commentary highres official_art third-party_source,a01e6b2e1057c16bb491e56359e7c9dc
navia_(genshin_impact),2026-09-22T17:31:29.822-04:00,candidate,post,7349927,Navia (Tapestry Of Night) (Genshin Impact),Tapestry Of Night,https://danbooru.donmai.us/wiki_pages/navia_(genshin_impact),https://danbooru.donmai.us/wiki_pages/Navia_(Tapestry_Of_Night)_(Genshin_Impact),found,2025-11-22T17:26:57.653-05:00,"An [[official alternate costume]] of [[Navia (Genshin Impact)|]] from [[Genshin Impact]] from the ""Tapestry of Night"":[https://www.youtube.com/watch?v=wdqS8ai9cls] video from [[Chiori (Genshin Impact)|Chiori's]] story quest.",https://danbooru.donmai.us/posts/7349927,https://genshin.hoyoverse.com/en/news/detail/122914,navia_(genshin_impact) navia_(tapestry_of_night)_(genshin_impact),genshin_impact,1girl blonde_hair blue_eyes boat character_name copyright_name dress drill_hair formal_clothes green_dress hat long_hair looking_at_viewer official_alternate_costume official_alternate_hairstyle open_mouth sail seashell shell single_bare_shoulder single_sidelock smile solo watercraft,highres official_art,6f779e0e3dacc0eb6693ab65b5f2b96b
navia_(genshin_impact),2026-09-22T17:31:29.822-04:00,candidate,post,8999629,Navia (Bacchus Taste Jelly) (Genshin Impact),Bacchus Taste Jelly,https://danbooru.donmai.us/wiki_pages/navia_(genshin_impact),https://danbooru.donmai.us/wiki_pages/Navia_(Bacchus_Taste_Jelly)_(Genshin_Impact),found,2025-04-08T10:37:30.919-04:00,"[[Navia (Genshin Impact)|]]'s [[official alternate costume]] from [[Genshin Impact]] X ""BACCHUS Taste jelly collaboration"":[https://twitter.com/genshinimpactkr/status/1900535101651599565].",https://danbooru.donmai.us/posts/8999629,https://twitter.com/genshinimpactkr/status/1900535101651599565,charlotte_(genshin_impact) chevreuse_(genshin_impact) clorinde_(genshin_impact) freminet_(genshin_impact) lynette_(genshin_impact) lyney_(genshin_impact) navia_(bacchus_taste_jelly)_(genshin_impact) navia_(genshin_impact) sigewinne_(genshin_impact) wriothesley_(genshin_impact),genshin_impact,1girl blonde_hair blue_eyes boots chibi drill_hair drill_sidelocks hat holding holding_umbrella long_hair looking_at_viewer one_eye_closed open_mouth shirt sidelocks skirt smile thigh_boots umbrella white_boots white_hat white_skirt yellow_shirt,commentary_request korean_commentary official_art,c3bac975da7e90ed60c215414184ff00
navia_(genshin_impact),2026-09-22T17:31:29.822-04:00,asset_no_post_tags,asset,37502545,Navia (Teyvat Turboflux) (Genshin Impact),Teyvat Turboflux,https://danbooru.donmai.us/wiki_pages/navia_(genshin_impact),https://danbooru.donmai.us/wiki_pages/Navia_(Teyvat_Turboflux)_(Genshin_Impact),found,2025-11-22T17:46:13.812-05:00,"A costume of [[Navia (Genshin Impact)|]] from [[Genshin Impact]] from the promotional art for the [[HoyoFair]] 2024 ""Teyvat Turboflux: Tail-Light Trail"" video.",https://danbooru.donmai.us/media_assets/37502545,,,,,,
nefer_(genshin_impact),2026-05-04T15:25:20.908-04:00,candidate,post,9920466,,Default,https://danbooru.donmai.us/wiki_pages/nefer_(genshin_impact),,,,,https://danbooru.donmai.us/posts/9920466,https://homdgcat.wiki/gi/char/Nefer#_Nefer,nefer's_shade_(genshin_impact) nefer_(genshin_impact),genshin_impact,1girl armlet bare_legs breasts facial_mark green_eyes green_hair headpiece high_heels jewelry looking_at_viewer medium_breasts miniskirt short_hair sitting skirt smile thigh_strap thighs transparent_background white_skirt,official_art third-party_source,bb27f3e7728f3fc36b199376b2a5f14f
nicole_(genshin_impact),2026-05-27T00:22:15.176-04:00,candidate,post,11152431,,,https://danbooru.donmai.us/wiki_pages/nicole_(genshin_impact),,,,,https://danbooru.donmai.us/posts/11152431,https://x.com/genshinimpact/status/2043539928244514974,nicole_(genshin_impact),genshin_impact,1girl bare_shoulders beret blonde_hair blue_eyes breasts closed_mouth cross-shaped_pupils detached_sleeves dress english_text facial_mark floating forehead_mark full_body hand_up hat high_heels invisible_chair long_hair long_sleeves looking_at_viewer medium_breasts pantyhose pointy_ears shoes sitting smile solo symbol-shaped_pupils very_long_hair white_dress white_hat white_pantyhose white_shoes white_sleeves,commentary english_commentary highres official_art,1d534a2170e2e96ad8eb82a249fc654f
nilou_(breeze_of_sabaa)_(genshin_impact),2025-12-06T10:47:21.286-05:00,candidate,post,7901238,,Profile,https://danbooru.donmai.us/wiki_pages/nilou_(breeze_of_sabaa)_(genshin_impact),,,,,https://danbooru.donmai.us/posts/7901238,https://static.wikia.nocookie.net/gensin-impact/images/7/7c/Character_Nilou_Breeze_of_Sabaa_Full_Wish.png?format=original,nilou_(breeze_of_sabaa)_(genshin_impact) nilou_(genshin_impact),genshin_impact,1girl aqua_eyes bare_legs bare_shoulders barefoot barefoot_sandals_(jewelry) blue_dress blue_flower blue_sleeves bug butterfly closed_mouth detached_sleeves dress dress_flower flower hair_bun hair_flower hair_ornament halterneck head_chain holding holding_flower jewelry long_hair long_sleeves looking_at_viewer official_alternate_costume purple_flower red_hair sitting smile solo toenails toes transparent_background very_long_hair yellow_flower,commentary english_commentary highres official_art,cadd33806710dd05f30210ea9dd69c77
nilou_(genshin_impact),2026-04-28T12:05:44.451-04:00,candidate,post,6119586,,Default,https://danbooru.donmai.us/wiki_pages/nilou_(genshin_impact),,,,,https://danbooru.donmai.us/posts/6119586,https://static.wikia.nocookie.net/gen-impact/images/7/7e/Arte_de_personaje_Nilou.png/revision/latest?cb=20221014101818&path-prefix=es,nilou_(genshin_impact),genshin_impact,1girl aqua_eyes blue_skirt bracer breasts circlet crop_top dancer fake_horns feet floating_clothes floating_hair full_body gladiator_sandals harem_outfit horns legs long_hair looking_at_viewer low_twintails medium_breasts midriff nail_polish navel red_hair sandals skirt smile solo tachi-e toenail_polish toenails toes transparent_background twintails veil white_veil,highres official_art third-party_source,46930b809c5d0ec15bb8c6f6b6345420
nilou_(genshin_impact),2026-04-28T12:05:44.451-04:00,candidate,post,7901238,Nilou (Breeze Of Sabaa) (Genshin Impact),Breeze of Sabaa,https://danbooru.donmai.us/wiki_pages/nilou_(genshin_impact),https://danbooru.donmai.us/wiki_pages/Nilou_(Breeze_Of_Sabaa)_(Genshin_Impact),found,2025-12-06T10:47:21.286-05:00,"An [[official alternate costume|official costume]] of [[Genshin Impact]]'s [[Nilou (genshin impact)|]], released in version 4.8.",https://danbooru.donmai.us/posts/7901238,https://static.wikia.nocookie.net/gensin-impact/images/7/7c/Character_Nilou_Breeze_of_Sabaa_Full_Wish.png?format=original,nilou_(breeze_of_sabaa)_(genshin_impact) nilou_(genshin_impact),genshin_impact,1girl aqua_eyes bare_legs bare_shoulders barefoot barefoot_sandals_(jewelry) blue_dress blue_flower blue_sleeves bug butterfly closed_mouth detached_sleeves dress dress_flower flower hair_bun hair_flower hair_ornament halterneck head_chain holding holding_flower jewelry long_hair long_sleeves looking_at_viewer official_alternate_costume purple_flower red_hair sitting smile solo toenails toes transparent_background very_long_hair yellow_flower,commentary english_commentary highres official_art,cadd33806710dd05f30210ea9dd69c77
nilou_(genshin_impact),2026-04-28T12:05:44.451-04:00,candidate,post,6948963,Nilou (galaxy store) (genshin impact),Galaxy Store,https://danbooru.donmai.us/wiki_pages/nilou_(genshin_impact),https://danbooru.donmai.us/wiki_pages/Nilou_(galaxy_store)_(genshin_impact),found,2026-04-28T12:05:20.693-04:00,"[[Nilou_(Genshin_Impact)|]]'s [[official alternate costume|costume]] from [[Genshin Impact]] X ""Samsung Galaxy Store collaboration"":[https://twitter.com/genshinimpactkr/status/1659061359785418754].",https://danbooru.donmai.us/posts/6948963,https://i.pximg.net/img-original/img/2023/10/14/17/17/47/112541013_p0.jpg,nilou_(galaxy_store)_(genshin_impact) nilou_(genshin_impact),genshin_impact,1girl blue_bow blue_gem blue_shoes blue_skirt bow collar fake_horns frilled_collar frilled_skirt frills full_body gem green_eyes high_heels holding holding_case horns long_hair long_sleeves looking_at_viewer low_twintails official_alternate_costume open_mouth red_hair shoes sidelocks simple_background skirt smile socks standing twintails veil vision_(genshin_impact) white_socks white_veil,absurdres commentary_request highres,6b339a28f6b5473b353684aa28a63474
nilou_(genshin_impact),2026-04-28T12:05:44.451-04:00,candidate,post,6526602,Nilou (Gigo) (Genshin Impact),Gigo,https://danbooru.donmai.us/wiki_pages/nilou_(genshin_impact),https://danbooru.donmai.us/wiki_pages/Nilou_(Gigo)_(Genshin_Impact),found,2025-04-04T14:13:50.417-04:00,"[[Nilou_(Genshin_Impact)|]]'s [[official alternate costume]] from 2023 [[Genshin Impact]] X ""GiGo collaboration"":[https://twitter.com/genshinupdate/status/1672216728645009409].",https://danbooru.donmai.us/posts/6526602,https://i.pximg.net/img-original/img/2023/06/25/19/29/47/109333548_p0.jpg,nilou_(genshin_impact) nilou_(gigo)_(genshin_impact),genshin_impact gigo,1girl blue_bow blue_dress blue_flower blue_gem bow circlet closed_mouth dress fake_horns flower frilled_dress frilled_hairband frills full_body gem gloves green_eyes hair_bow hairband hand_up horns layered_dress long_hair looking_at_viewer no_shoes off-shoulder_dress off_shoulder official_alternate_costume padisarah_flower puffy_short_sleeves puffy_sleeves red_hair short_sleeves sitting smile solo thighhighs very_long_hair wariza white_gloves white_thighhighs,absurdres commentary_request highres revision,fc155de5d322c83ec1df42bec987f854
nilou_(genshin_impact),2026-04-28T12:05:44.451-04:00,candidate,post,9045975,Nilou (Flame Fusion) (Genshin Impact),Flame Fusion,https://danbooru.donmai.us/wiki_pages/nilou_(genshin_impact),https://danbooru.donmai.us/wiki_pages/Nilou_(Flame_Fusion)_(Genshin_Impact),found,2025-12-06T13:09:14.749-05:00,"[[Nilou (Genshin Impact)|]]'s [[official alternate costume|costume]] from [[Genshin Impact]] from the [[HoyoFair]] 2024 ""Flame Fusion Music and Art Festival"" video.",https://danbooru.donmai.us/posts/9045975,https://i.pximg.net/img-original/img/2024/10/17/05/36/00/123401891_p0.jpg,nilou_(flame_fusion)_(genshin_impact) nilou_(genshin_impact),genshin_impact,1girl aqua_eyes arm_up bare_shoulders black_bow black_hairband black_thighhighs blue_bow blue_skirt blush bow braid braided_twintails breasts collarbone crop_top hairband hand_up holding holding_microphone hoyofair long_hair looking_at_viewer medium_breasts microphone navel open_mouth parted_bangs red_hair short_sleeves signature single_thighhigh skirt solo stomach striped_bow thighhighs twintails twitter_username very_long_hair,absurdres commentary highres,cda34ff72677e830a4c0af7821d06ca0
nilou_(genshin_impact),2026-04-28T12:05:44.451-04:00,candidate,post,9927910,Nilou (Teyvat Turboflux) (Genshin Impact),Teyvat Turboflux,https://danbooru.donmai.us/wiki_pages/nilou_(genshin_impact),https://danbooru.donmai.us/wiki_pages/Nilou_(Teyvat_Turboflux)_(Genshin_Impact),found,2025-07-30T21:19:06.480-04:00,"A costume of [[Nilou (Genshin Impact)|]] from [[Genshin Impact]] from the promotional art for the [[HoyoFair]] 2024 ""Teyvat Turboflux: Tail-Light Trail"" video.",https://danbooru.donmai.us/posts/9927910,https://twitter.com/nihosi1/status/1741297345525059954,nilou_(genshin_impact) nilou_(teyvat_turboflux)_(genshin_impact),genshin_impact,1girl ankle_socks baseball_cap black_socks blue_gloves blue_shoes blue_shorts full_body gloves green_eyes hat headset holding holding_tablet_pc jacket long_hair long_sleeves low_twintails multiple_views official_alternate_costume red_hair shoes short_shorts shorts simple_background single_glove socks tablet_pc twintails white_background white_hat white_jacket,absurdres commentary_request highres,f169f3927e925b4f2a7a9ccac07b9209
ningguang_(genshin_impact),2025-12-06T11:12:50.373-05:00,candidate,post,4132673,,Default,https://danbooru.donmai.us/wiki_pages/ningguang_(genshin_impact),,,,,https://danbooru.donmai.us/posts/4132673,,ningguang_(genshin_impact),genshin_impact,1girl above-cleavage_cutout black_gloves chinese_clothes chinese_hairpin claw_ring clothing_cutout detached_sleeves dress elbow_gloves full_body gloves grey_hair hair_bun hair_ornament hair_stick high_heels long_hair parted_bangs pelvic_curtain qipao red_eyes shoes side_slit single_hair_bun solo tassel transparent_background very_long_hair vision_(genshin_impact),absurdres highres official_art,b9c21447d1ee789a700d52af1a916a0e
ningguang_(genshin_impact),2025-12-06T11:12:50.373-05:00,candidate,post,7901425,Ningguang (Orchid's Evening Gown) (Genshin Impact),Orchid's Evening Gown,https://danbooru.donmai.us/wiki_pages/ningguang_(genshin_impact),https://danbooru.donmai.us/wiki_pages/Ningguang_(Orchid's_Evening_Gown)_(Genshin_Impact),found,2025-12-06T10:28:24.020-05:00,"An [[official alternate costume|official costume]] of [[Genshin Impact]]'s [[Ningguang (genshin impact)|]], released in version 2.4.",https://danbooru.donmai.us/posts/7901425,https://static.wikia.nocookie.net/gensin-impact/images/4/4d/Character_Ningguang_Orchid's_Evening_Gown_Full_Wish.png?format=original,ningguang_(genshin_impact) ningguang_(orchid's_evening_gown)_(genshin_impact),genshin_impact,1girl aerial_fireworks bare_shoulders black_dress blue_dress closed_mouth detached_sleeves dress fireworks floating_hair full_body hand_up high_heels long_hair moon official_alternate_costume red_eyes short_sleeves smile solo standing thighs transparent_background white_hair,commentary english_commentary highres official_art,edc5c11c65097c6730c9d50c3e0a1b7a
ningguang_(genshin_impact),2025-12-06T11:12:50.373-05:00,candidate,post,4730657,Ningguang (Genshin Concert) (Genshin Impact),2021 Genshin Concert,https://danbooru.donmai.us/wiki_pages/ningguang_(genshin_impact),https://danbooru.donmai.us/wiki_pages/Ningguang_(Genshin_Concert)_(Genshin_Impact),found,2025-12-06T08:52:50.680-05:00,"[[Ningguang (genshin impact)|]]'s [[official alternate costume|costume]] from the ""2021 Genshin Concert artwork"":[https://i0.hdslb.com/bfs/article/f9902849ba66ce76d9c27f7ba7e08be8ef89b800.jpg].",https://danbooru.donmai.us/posts/4730657,https://i.pximg.net/img-original/img/2021/08/26/11/11/21/92268878_p0.jpg,ningguang_(genshin_concert)_(genshin_impact) ningguang_(genshin_impact),genshin_impact,1girl alternate_costume arm_support bare_shoulders black_dress bow bowtie breasts cleavage detached_collar detached_sleeves dress hair_ornament hairclip long_hair looking_at_viewer lying on_side orange_eyes sidelocks smile solo strapless strapless_dress white_hair,commentary_request highres,7a102e5a53954b8eb0de8f2aee86e4b9
ningguang_(genshin_impact),2025-12-06T11:12:50.373-05:00,candidate,post,9248171,Ningguang (Pizza Hut) (Genshin Impact),Pizza Hut,https://danbooru.donmai.us/wiki_pages/ningguang_(genshin_impact),https://danbooru.donmai.us/wiki_pages/Ningguang_(Pizza_Hut)_(Genshin_Impact),found,2025-12-06T10:07:06.437-05:00,"[[Ningguang_(Genshin_Impact)|]]'s [[official alternate costume|costume]] from 2023 [[Genshin Impact]] X ""Pizza Hut collaboration"":[https://www.weibo.com/1898229275/Mtt7gg8P0].",https://danbooru.donmai.us/posts/9248171,https://www.bilibili.com/opus/763747878128582657?spm_id_from=333.1387.0.0,ningguang_(genshin_impact) ningguang_(pizza_hut)_(genshin_impact) yelan_(genshin_impact) yelan_(pizza_hut)_(genshin_impact),genshin_impact pizza_hut,2girls aqua_eyes bag beret black_boots black_gloves black_hat blue_hair bob_cut boots breasts closed_mouth diagonal_bangs dress full_body gloves hair_ornament hat high-waist_pants high-waist_skirt high_heels holding holding_umbrella long_hair looking_at_viewer multiple_girls official_alternate_costume official_alternate_hairstyle pants parted_bangs parted_lips red_eyes shirt short_hair sidelocks skirt smile standing umbrella white_hair,absurdres chinese_commentary commentary_request highres official_art third-party_source,4bb5fcbdca3176a1f8ebecf37d47ca16
ningguang_(genshin_impact),2025-12-06T11:12:50.373-05:00,candidate,post,7039184,Ningguang (Teyvat Turboflux) (Genshin Impact),Teyvat Turboflux,https://danbooru.donmai.us/wiki_pages/ningguang_(genshin_impact),https://danbooru.donmai.us/wiki_pages/Ningguang_(Teyvat_Turboflux)_(Genshin_Impact),found,2025-12-06T08:57:57.521-05:00,"[[Ningguang (Genshin Impact)|]]'s [[official alternate costume|costume]] from [[Genshin Impact]] from the promotional art for the [[HoyoFair]] 2024 ""Teyvat Turboflux: Tail-Light Trail"" video.",https://danbooru.donmai.us/posts/7039184,https://i.pximg.net/img-original/img/2023/12/31/18/24/55/114721575_p1.jpg,bennett_(genshin_impact) bennett_(teyvat_turboflux)_(genshin_impact) diluc_(genshin_impact) diluc_(teyvat_turboflux)_(genshin_impact) keqing_(genshin_impact) keqing_(teyvat_turboflux)_(genshin_impact) ningguang_(genshin_impact) ningguang_(teyvat_turboflux)_(genshin_impact),genshin_impact,2boys 2girls bare_legs black_gloves black_pants black_shoes black_shorts blue_sky boots breasts building car cleavage cloud crop_top cropped_jacket day dutch_angle fingerless_gloves gloves goggles goggles_on_head grey_shorts hair_between_eyes helmet high_heels holding holding_unworn_helmet hoyofair jacket large_breasts leggings_under_shorts long_hair long_sleeves looking_at_viewer medium_breasts midriff motor_vehicle multiple_boys multiple_girls navel official_alternate_costume official_alternate_hairstyle open_clothes open_jacket outdoors pants ponytail purple_hair race_vehicle racecar racing_suit raglan_sleeves red_eyes red_hair shirt shoes short_sleeves shorts sitting sky sneakers standing stomach sunglasses traffic_cone twintails unused_tire unworn_headwear unworn_helmet very_long_hair white_hair white_shirt yellow_boots,absurdres english_commentary highres official_art,c816c891d35a791d1cc9fd185e35315f
ningguang_(orchid's_evening_gown)_(genshin_impact),2025-12-06T10:28:24.020-05:00,candidate,post,7901425,,Profile,https://danbooru.donmai.us/wiki_pages/ningguang_(orchid's_evening_gown)_(genshin_impact),,,,,https://danbooru.donmai.us/posts/7901425,https://static.wikia.nocookie.net/gensin-impact/images/4/4d/Character_Ningguang_Orchid's_Evening_Gown_Full_Wish.png?format=original,ningguang_(genshin_impact) ningguang_(orchid's_evening_gown)_(genshin_impact),genshin_impact,1girl aerial_fireworks bare_shoulders black_dress blue_dress closed_mouth detached_sleeves dress fireworks floating_hair full_body hand_up high_heels long_hair moon official_alternate_costume red_eyes short_sleeves smile solo standing thighs transparent_background white_hair,commentary english_commentary highres official_art,edc5c11c65097c6730c9d50c3e0a1b7a
noelle_(genshin_impact),2026-03-28T13:28:25.544-04:00,candidate,post,4125537,,Default,https://danbooru.donmai.us/wiki_pages/noelle_(genshin_impact),,,,,https://danbooru.donmai.us/posts/4125537,https://vignette.wikia.nocookie.net/gensin-impact/images/a/a5/Character_Noelle_Portrait.png/revision/latest?cb=20200916183843,noelle_(genshin_impact),genshin_impact,1girl apron armor armored_boots armored_dress asymmetrical_clothes boobplate boots breastplate breasts cleavage dress flower full_body gauntlets green_eyes grey_hair hair_ornament leggings maid maid_apron maid_headdress medium_breasts rose short_hair simple_background smile solo transparent_background vision_(genshin_impact),absurdres highres official_art,6e2f67a9a94fb83b1513daf642369a60
noelle_(genshin_impact),2026-03-28T13:28:25.544-04:00,candidate,post,4390017,Noelle (KFC) (Genshin Impact),KFC,https://danbooru.donmai.us/wiki_pages/noelle_(genshin_impact),https://danbooru.donmai.us/wiki_pages/Noelle_(KFC)_(Genshin_Impact),found,2025-12-06T23:16:34.411-05:00,"[[Noelle_(Genshin_Impact)|]]'s [[official alternate costume|costume]] from [[Genshin Impact]] X ""KFC collaboration"":[https://ae01.alicdn.com/kf/H53144a8f2d34448faae5df15ac6c7f864.jpg_640x640q90.jpg].",https://danbooru.donmai.us/posts/4390017,https://i.pximg.net/img-original/img/2021/02/26/14/22/55/88058867_p0.jpg,diluc_(genshin_impact) diluc_(kfc)_(genshin_impact) noelle_(genshin_impact) noelle_(kfc)_(genshin_impact),genshin_impact kfc,1boy 1girl ascot baggy_clothes beret black_bow black_hat blurry blurry_background bow braid breasts burger closed_mouth collared_shirt copyright_name cup disposable_cup drinking_straw food green_eyes grey_hair hair_between_eyes hair_bow hair_ribbon hat hat_ribbon holding holding_tray jacket long_hair long_sleeves looking_at_viewer maid meat medium_breasts necktie official_alternate_costume open_mouth ponytail red_eyes red_hair red_ribbon ribbon shield_hat_ornament shirt short_hair sleeves_rolled_up smile sparkle tassel tray vest vision_(genshin_impact),commentary highres,5b035506bf73153bb0f5fa988515593e
noelle_(genshin_impact),2026-03-28T13:28:25.544-04:00,candidate,post,4696865,Noelle (Sweets Paradise) (Genshin Impact),SWEETS PARADISE,https://danbooru.donmai.us/wiki_pages/noelle_(genshin_impact),https://danbooru.donmai.us/wiki_pages/Noelle_(Sweets_Paradise)_(Genshin_Impact),found,2025-12-06T08:36:36.700-05:00,"[[Noelle_(Genshin_Impact)|]]'s [[official alternate costume|costume]] from [[Genshin Impact]] X ""SWEETS PARADISE collaboration"":[https://twitter.com/Linkstars_hoshi/status/1456239983262527492].",https://danbooru.donmai.us/posts/4696865,https://i.pximg.net/img-original/img/2021/08/11/16/33/08/91894025_p0.jpg,noelle_(genshin_impact) noelle_(sweets_paradise)_(genshin_impact),genshin_impact,1girl apron ascot black_shoes breasts cake cake_slice corset cup detached_sleeves dress drinking_glass food full_body green_eyes holding holding_cup holding_plate looking_at_viewer medium_breasts official_alternate_costume pantyhose plant plate potted_plant puffy_short_sleeves puffy_sleeves red_ascot red_dress shirt shoes short_hair short_sleeves solo standing standing_on_one_leg table white_apron white_pantyhose white_shirt,absurdres chinese_commentary commentary_request highres,863ba60f08209a0c5facb85a3a47e867
odette_(genshin_impact),2026-08-13T04:13:29.143-04:00,candidate,post,11713864,,,https://danbooru.donmai.us/wiki_pages/odette_(genshin_impact),,,,,https://danbooru.donmai.us/posts/11713864,https://x.com/genshinimpact/status/2072893344041107511,odette_(genshin_impact),genshin_impact,1girl armpits ballerina bare_shoulders blue_dress blue_hair breasts cleavage closed_mouth dress english_text full_body gloves hair_between_eyes hair_intakes hair_ornament looking_at_viewer medium_hair pantyhose purple_eyes simple_background small_breasts solo strapless white_pantyhose,commentary english_commentary highres official_art,f8dea9faca783801a31d2397ff105f88
paimon_(genshin_impact),2026-09-05T16:59:49.265-04:00,asset_no_post_tags,asset,26666245,,Default,https://danbooru.donmai.us/wiki_pages/paimon_(genshin_impact),,,,,https://danbooru.donmai.us/media_assets/26666245,,,,,,
paimon_(genshin_impact),2026-09-05T16:59:49.265-04:00,asset_no_post_tags,asset,26666063,,In-game,https://danbooru.donmai.us/wiki_pages/paimon_(genshin_impact),,,,,https://danbooru.donmai.us/media_assets/26666063,,,,,,
paimon_(genshin_impact),2026-09-05T16:59:49.265-04:00,asset_no_post_tags,asset,26666455,Paimon (Guilin) (genshin impact),Guilin,https://danbooru.donmai.us/wiki_pages/paimon_(genshin_impact),https://danbooru.donmai.us/wiki_pages/Paimon_(Guilin)_(genshin_impact),found,2025-12-06T23:17:31.226-05:00,A costume for [[Paimon_(Genshin_Impact)|]] from [[Genshin Impact]].,https://danbooru.donmai.us/media_assets/26666455,,,,,,
paimon_(genshin_impact),2026-09-05T16:59:49.265-04:00,asset_no_post_tags,asset,26668302,Paimon (Winter Olympics) (genshin impact),Winter Olympics,https://danbooru.donmai.us/wiki_pages/paimon_(genshin_impact),https://danbooru.donmai.us/wiki_pages/Paimon_(Winter_Olympics)_(genshin_impact),found,2025-06-19T12:04:23.077-04:00,"An [[official alternate costume|official costume]] of [[Genshin Impact]]'s [[Paimon (genshin impact)|]]'s from the 2022 ""Winter Olympics official artwork"":[https://t.bilibili.com/625928209937638751].",https://danbooru.donmai.us/media_assets/26668302,,,,,,
paimon_(genshin_impact),2026-09-05T16:59:49.265-04:00,asset_no_post_tags,asset,26667265,Paimon (2nd Anniversary) (genshin impact),2nd Anniversary,https://danbooru.donmai.us/wiki_pages/paimon_(genshin_impact),https://danbooru.donmai.us/wiki_pages/Paimon_(2nd_Anniversary)_(genshin_impact),found,2022-11-28T12:07:08.810-05:00,A costume for [[Paimon_(Genshin_Impact)|]] from [[Genshin Impact]].,https://danbooru.donmai.us/media_assets/26667265,,,,,,
paimon_(genshin_impact),2026-09-05T16:59:49.265-04:00,asset_no_post_tags,asset,26668386,Paimon (Sweets Paradise) (genshin impact),SWEETS PARADISE,https://danbooru.donmai.us/wiki_pages/paimon_(genshin_impact),https://danbooru.donmai.us/wiki_pages/Paimon_(Sweets_Paradise)_(genshin_impact),found,2025-12-06T08:36:22.528-05:00,"[[Paimon_(Genshin_Impact)|]]'s [[official alternate costume|costume]] from [[Genshin Impact]] X ""SWEETS PARADISE collaboration"":[https://twitter.com/Linkstars_hoshi/status/1456239983262527492].",https://danbooru.donmai.us/media_assets/26668386,,,,,,
paimon_(genshin_impact),2026-09-05T16:59:49.265-04:00,candidate,post,7797939,Paimon (Marechaussee Hunter's Best Friend) (genshin impact),Marechaussee Hunter's Best Friend,https://danbooru.donmai.us/wiki_pages/paimon_(genshin_impact),https://danbooru.donmai.us/wiki_pages/Paimon_(Marechaussee_Hunter's_Best_Friend)_(genshin_impact),found,2026-03-01T10:17:31.977-05:00,[[Paimon (genshin impact)|]]'s [[official alternate costume|official costume]] from the events of [[Clorinde (genshin impact)|]]'s Story Quest.,https://danbooru.donmai.us/posts/7797939,https://static.wikia.nocookie.net/gensin-impact/images/6/62/Marechaussee_Hunter_Judgment_Day_Paimon_Marechaussee_Hunter's_Best_Friend.png?format=original,paimon_(genshin_impact) paimon_(marechaussee_hunter's_best_friend)_(genshin_impact),genshin_impact,1girl :d black_cape boots brown_boots brown_romper cape feather_hair_ornament feathers floating hair_between_eyes hair_ornament halo long_hair long_sleeves official_alternate_costume open_mouth puffy_sleeves purple_eyes romper smile solo star_(symbol) star_hair_ornament tabletop_troupe_(genshin_impact) teeth transparent_background upper_teeth_only waving white_hair,commentary english_commentary highres official_art third-party_source,bc7efd8027c1954a7e79a2b4658648ed
paimon_(genshin_impact),2026-09-05T16:59:49.265-04:00,asset_no_post_tags,asset,26669990,Paimon (Hot Springs) (genshin impact),Hot Springs,https://danbooru.donmai.us/wiki_pages/paimon_(genshin_impact),https://danbooru.donmai.us/wiki_pages/Paimon_(Hot_Springs)_(genshin_impact),found,2024-10-09T19:01:05.013-04:00,An outfit worn by [[Paimon (Genshin Impact)|]] during the events of the Natlan Archon Quest.  It consists of a white [[dress swimsuit]] with her hair in a [[two side up]] style.,https://danbooru.donmai.us/media_assets/26669990,,,,,,
paimon_(genshin_impact),2026-09-05T16:59:49.265-04:00,candidate,post,9988226,Paimon (Parallels Meet) (Genshin Impact),Parallels Meet,https://danbooru.donmai.us/wiki_pages/paimon_(genshin_impact),https://danbooru.donmai.us/wiki_pages/Paimon_(Parallels_Meet)_(Genshin_Impact),found,2025-11-28T08:30:03.925-05:00,"A costume of [[Paimon (Genshin Impact)|]] from [[Genshin Impact]] from the promotional art for the [[HoyoFair]] 2025 ""Parallels Meet"" video.",https://danbooru.donmai.us/posts/9988226,https://i.pximg.net/img-original/img/2025/09/20/00/02/35/135297468_p5.jpg,aether_(genshin_impact) aether_(parallels_meet)_(genshin_impact) lumine_(genshin_impact) lumine_(parallels_meet)_(genshin_impact) paimon_(genshin_impact) paimon_(parallels_meet)_(genshin_impact),genshin_impact,1boy 2girls asymmetrical_legwear black_thighhighs blonde_hair brother_and_sister full_body hoyofair jacket long_hair long_sleeves looking_at_viewer loose_socks mismatched_legwear multiple_girls open_clothes open_jacket open_mouth short_hair_with_long_locks siblings simple_background single_thighhigh sketch socks standing thighhighs twins white_background white_hair white_socks yellow_eyes,absurdres commentary_request highres,845e7f240a03c5c6f2ef219566af0927
paimon_(genshin_impact),2026-09-05T16:59:49.265-04:00,candidate,post,10388105,Paimon (Duolingo) (Genshin Impact),Duolingo,https://danbooru.donmai.us/wiki_pages/paimon_(genshin_impact),https://danbooru.donmai.us/wiki_pages/Paimon_(Duolingo)_(Genshin_Impact),found,2025-12-07T10:19:57.532-05:00,An unplayable [[official alternate costume]] of [[Paimon (Genshin Impact)|]] from [[Genshin Impact|Genshin Impact's]] December 2025 collaboration with [[Duolingo]].,https://danbooru.donmai.us/posts/10388105,https://scontent.fyto1-2.fna.fbcdn.net/v/t39.30808-6/595914400_896459709704966_7149011014531714182_n.jpg?_nc_cat=1&ccb=1-7&_nc_sid=127cfc&_nc_ohc=EPJVM4USMR8Q7kNvwE5ajUk&_nc_oc=AdngivIkrg65SaX4CzwziyxWFewiUVYp01t_9sUHqM4ogCccBHH8Zt2mu8dciFLUdDUCRykLE7Ii1l91D4w1wz83&_nc_zt=23&_nc_ht=scontent.fyto1-2.fna&_nc_gid=rmpSzjdpbYJTeNzimx3ekA&oh=00_Afkn_NGgNfx5GStwDsGY-rQFeRw0vZzNTYFo7XuH2R1FqA&oe=693A4352,cyno_(duolingo)_(genshin_impact) cyno_(genshin_impact) duo_(duolingo) paimon_(duolingo)_(genshin_impact) paimon_(genshin_impact) tighnari_(duolingo)_(genshin_impact) tighnari_(genshin_impact),duolingo genshin_impact,1girl 3boys beret black_hair book book_stack bookshelf copyright_logo desk glasses hat holding holding_book holding_paper holding_pen logo monocle multiple_boys paper pen wand white_hair x_(symbol),artist_request bad_facebook_link bad_link highres official_art source_request third-party_source,6c4040bd2adab3c9e22b8dc59a069e38
paimon_(genshin_impact),2026-09-05T16:59:49.265-04:00,candidate,post,12135214,Paimon (Nord Express) (Genshin Impact),Nord Express,https://danbooru.donmai.us/wiki_pages/paimon_(genshin_impact),https://danbooru.donmai.us/wiki_pages/Paimon_(Nord_Express)_(Genshin_Impact),found,2026-09-05T13:10:26.196-04:00,"An [[official alternate costume]] of [[Genshin Impact]]'s [[Paimon (Genshin Impact)|]] from the promotional art for the [[Hoyofair]] ""Project: Nord Express"" video.",https://danbooru.donmai.us/posts/12135214,https://x.com/masikII_13_/status/2096119377787855316,paimon_(genshin_impact) paimon_(nord_express)_(genshin_impact),genshin_impact,1girl blue_shoes blush dress full_body gloves hand_up hat long_sleeves looking_at_viewer official_alternate_costume one_eye_closed open_mouth shoes solo w white_dress white_gloves white_hair white_hat,commentary_request,a6de4757a6a22c5ec0a962a7cbd2d6da
qiqi_(genshin_impact),2026-06-13T21:25:59.440-04:00,candidate,post,4127803,,Default,https://danbooru.donmai.us/wiki_pages/qiqi_(genshin_impact),,,,,https://danbooru.donmai.us/posts/4127803,https://twitter.com/GenshinImpact/status/1301837412222599170,qiqi_(genshin_impact),genshin_impact,1girl bead_necklace beads braid braided_ponytail earrings full_body hair_ornament hat jewelry jiangshi long_hair necklace ofuda purple_hair qingdai_guanmao red_eyes single_braid solo thighhighs transparent_background vision_(genshin_impact),commentary_request highres official_art second-party_source,18530dd4e455d6199ffd0b748918432b
qiqi_(genshin_impact),2026-06-13T21:25:59.440-04:00,candidate,post,5312927,Qiqi (Halloween) (Genshin Impact),Halloween,https://danbooru.donmai.us/wiki_pages/qiqi_(genshin_impact),https://danbooru.donmai.us/wiki_pages/Qiqi_(Halloween)_(Genshin_Impact),found,2025-12-16T02:52:41.293-05:00,"[[Qiqi (Genshin Impact)|]]'s [[official alternate costume|costume]] from [[Genshin Impact]], deriving from official Halloween merchandise. She is depicted as a [[mummy]].",https://danbooru.donmai.us/posts/5312927,https://twitter.com/paimon_genshin7/status/1454659642148069379,qiqi_(genshin_impact) qiqi_(halloween)_(genshin_impact),genshin_impact,1girl bandage_over_one_eye bandaged_head bandages bat_(animal) black_cat candle candle_on_head cat chibi chibi_only eating eyepatch halloween_bucket jack-o'-lantern looking_at_viewer mummy mummy_costume official_alternate_costume one_eye_covered pink_eyes pumpkin purple_hair short_hair shovel sitting socks solo striped_clothes striped_socks,commentary highres official_art untranslatable_commentary,bf6c5619b319fecfc4327d786bd3e3b9
qiqi_(genshin_impact),2026-06-13T21:25:59.440-04:00,candidate,post,5481571,Qiqi (Suibian) (Genshin Impact),Suibian,https://danbooru.donmai.us/wiki_pages/qiqi_(genshin_impact),https://danbooru.donmai.us/wiki_pages/Qiqi_(Suibian)_(Genshin_Impact),found,2022-11-28T12:08:10.967-05:00,A costume for [[Qiqi_(Genshin_Impact)|]] from [[Genshin Impact]].,https://danbooru.donmai.us/posts/5481571,https://wx4.sinaimg.cn/mw2000/a02be797ly8h3q5lgar6bj20sg0sg764.jpg,qiqi_(genshin_impact) qiqi_(suibian)_(genshin_impact),genshin_impact,1girl alternate_costume baseball_cap braid braided_ponytail coin_hair_ornament food full_body hair_ornament hat holding holding_food ice_cream long_hair official_alternate_costume purple_eyes purple_hair very_long_hair white_background,bad_link bad_weibo_link official_art,d4033605ec1cbfbf6f54c11ac6326ed0
qiqi_(genshin_impact),2026-06-13T21:25:59.440-04:00,candidate,post,6780647,Qiqi (Autumn Pop-Up Store) (Genshin Impact),Autumn Pop-up Store,https://danbooru.donmai.us/wiki_pages/qiqi_(genshin_impact),https://danbooru.donmai.us/wiki_pages/Qiqi_(Autumn_Pop-Up_Store)_(Genshin_Impact),found,2022-11-28T12:07:48.332-05:00,A costume for [[Qiqi_(Genshin_Impact)|]] from [[Genshin Impact]].,https://danbooru.donmai.us/posts/6780647,https://twitter.com/750x077/status/1670390870162706433,qiqi_(autumn_pop-up_store)_(genshin_impact) qiqi_(genshin_impact),genshin_impact,1girl alternate_costume bag beret black_nails border bow braid braided_ponytail coin_hair_ornament cowboy_shot dress field flower flower_field food hair_ornament half-closed_eyes hat holding holding_food holding_ice_cream ice_cream leaf long_hair looking_at_viewer ofuda ofuda_on_head open_mouth outside_border pink_bow purple_eyes purple_hair purple_sailor_collar purple_shorts sailor_collar shorts shoulder_bag signature sleeveless sleeveless_dress solo sunflower sunflower_field sunlight tassel white_border white_dress,commentary_request highres,174f3cd8e1d9ef837aadff43004052f4
qiqi_(genshin_impact),2026-06-13T21:25:59.440-04:00,candidate,post,7775873,Qiqi (Anta) (Genshin Impact),Anta,https://danbooru.donmai.us/wiki_pages/qiqi_(genshin_impact),https://danbooru.donmai.us/wiki_pages/Qiqi_(Anta)_(Genshin_Impact),found,2026-06-12T19:25:52.199-04:00,A costume for [[Qiqi (Genshin Impact)|]] from [[Genshin Impact]] from a collaboration with Anta.,https://danbooru.donmai.us/posts/7775873,https://i.pximg.net/img-original/img/2024/06/04/17/10/16/119338980_p0.jpg,qiqi_(anta)_(genshin_impact) qiqi_(genshin_impact),genshin_impact,1girl alternate_costume aqua_shorts black_hat braid from_below hat headphones headphones_around_neck jacket jewelry long_sleeves looking_at_viewer medium_hair multicolored_jacket official_alternate_costume open_mouth outstretched_arms pendant purple_eyes purple_hair shoes shorts sidelocks simple_background skateboard skateboarding solo white_background white_shoes,absurdres commentary highres,a7001768a920e55ed628a22d538cfa1e
qiqi_(genshin_impact),2026-06-13T21:25:59.440-04:00,candidate,post,7668596,Qiqi (Genshin Concert) (Genshin Impact),Genshin Concert,https://danbooru.donmai.us/wiki_pages/qiqi_(genshin_impact),https://danbooru.donmai.us/wiki_pages/Qiqi_(Genshin_Concert)_(Genshin_Impact),found,2025-12-06T08:55:14.558-05:00,"[[Qiqi (genshin impact)|]]'s [[official alternate costume|costume]] from the ""2021 Genshin Concert artwork"":[https://i0.hdslb.com/bfs/article/f9902849ba66ce76d9c27f7ba7e08be8ef89b800.jpg].",https://danbooru.donmai.us/posts/7668596,https://twitter.com/750x077/status/1676142342011768832,qiqi_(genshin_concert)_(genshin_impact) qiqi_(genshin_impact),genshin_impact,1girl artist_name bandaged_leg bandages bare_shoulders beamed_eighth_notes black_background black_bow black_bowtie black_dress black_hat black_ribbon border bow bowtie braid child closed_mouth dress earrings eighth_note elbow_gloves expressionless eyelashes gloves gothic_lolita hair_between_eyes hat hat_ribbon hat_tassel instrument jewelry lolita_fashion long_hair looking_at_viewer mandarin_collar musical_note musical_note_print musical_staff official_alternate_costume outside_border parted_bangs pleated_dress purple_bow purple_eyes purple_hair qingdai_guanmao quarter_note ribbon sidelocks signature simple_background single_braid sixteenth_rest solo tassel treble_clef tuba two-tone_dress two-tone_headwear very_long_hair white_border white_dress white_gloves white_hat,commentary_request highres,beb766e8dc2d1f4f1399b1b4f945e326
raiden_shogun,2026-09-03T03:48:34.168-04:00,candidate,post,4745419,,Default,https://danbooru.donmai.us/wiki_pages/raiden_shogun,,,,,https://danbooru.donmai.us/posts/4745419,,raiden_shogun,genshin_impact,1girl armor between_breasts blunt_bangs braid breasts bridal_gauntlets drawing_sword electricity floating_hair flower full_body hair_flower hair_ornament hammer_space holding holding_sword holding_weapon human_scabbard japanese_clothes kimono long_hair looking_at_viewer low-braided_long_hair low-tied_long_hair mole mole_under_eye musou_isshin_(genshin_impact) nail_polish obi parted_lips purple_eyes purple_flower purple_hair purple_kimono purple_thighhighs rope_belt sandals sash short_kimono shoulder_armor simple_background single_braid solo sword sword_between_breasts tabi tachi-e tassel teeth thighhighs transparent_background very_long_braid very_long_hair vision_(genshin_impact) weapon weapon_between_breasts wide_sleeves zettai_ryouiki,artist_request highres official_art,6ea865d88420471d5bc3f95ad9c7ec5b
raiden_shogun,2026-09-03T03:48:34.168-04:00,candidate,post,8972597,Raiden Shogun (Magatsu Mitake Narukami No Mikoto),Magatsu Mitake Narukami no Mikoto,https://danbooru.donmai.us/wiki_pages/raiden_shogun,https://danbooru.donmai.us/wiki_pages/Raiden_Shogun_(Magatsu_Mitake_Narukami_No_Mikoto),found,2025-03-09T22:17:09.658-04:00,An alternate form of [[Raiden Shogun]] from [[Genshin Impact]].,https://danbooru.donmai.us/posts/8972597,https://genshin-impact.fandom.com/wiki/File:Enemy_Magatsu_Mitake_Narukami_no_Mikoto_Full_Artwork.png,raiden_shogun raiden_shogun_(magatsu_mitake_narukami_no_mikoto),genshin_impact,1girl arm_guards armor armored_leotard black_shoes blunt_bangs breasts closed_mouth doll_joints electricity energy_sword eyeshadow fake_horns floating_hair gloves hair_ornament high_heels holding holding_sword holding_weapon horns japanese_armor joints kusazuri leotard long_hair looking_at_viewer low-tied_long_hair makeup mechanical_arms mechanical_hands medium_breasts mitsudomoe_(shape) mole mole_under_eye multicolored_hair musou_isshin_(genshin_impact) outstretched_arm purple_eyes purple_gloves purple_hair purple_leotard purple_thighhighs red_eyeshadow red_ribbon ribbon serious shoes shoulder_armor single_sode sode solo streaked_hair sword tassel tassel_hair_ornament thighhighs tomoe_(symbol) transparent_background very_long_hair weapon,absurdres artist_request commentary english_commentary game_asset highres official_art third-party_source,d38719d93ea0928980a0778b6e5b9a9f
raiden_shogun,2026-09-03T03:48:34.168-04:00,candidate,post,6578534,Raiden Shogun (Autumn Pop-Up Store),Autumn Pop-up Store,https://danbooru.donmai.us/wiki_pages/raiden_shogun,https://danbooru.donmai.us/wiki_pages/Raiden_Shogun_(Autumn_Pop-Up_Store),found,2024-11-14T07:04:28.105-05:00,"[[Raiden Shogun]]'s costume based on ""Pop-up store collaboration artwork"":[https://twitter.com/genshinimpactkr/status/1684750749321101312].",https://danbooru.donmai.us/posts/6578534,https://twitter.com/rudang1313/status/1688880900627730437,raiden_shogun raiden_shogun_(autumn_pop-up_store),genshin_impact,1girl alternate_costume bare_shoulders black_shirt black_thighhighs blue_sky blush breasts brown_jacket dango food jacket long_hair looking_at_viewer medium_breasts mole mole_under_eye purple_eyes purple_hair shirt sitting sky sleeveless sleeveless_shirt solo thighhighs thighs turtleneck wagashi,absurdres highres,03c3359bea4353bef1b344110ff42a34
raiden_shogun,2026-09-03T03:48:34.168-04:00,candidate,post,5709859,Raiden Shogun (2Nd Anniversary),2nd Anniversary,https://danbooru.donmai.us/wiki_pages/raiden_shogun,https://danbooru.donmai.us/wiki_pages/Raiden_Shogun_(2Nd_Anniversary),found,2024-11-14T07:04:23.064-05:00,"[[Raiden Shogun]]'s costume based on 2022 Genshin Impact Anniversary ""countdown artwork"":[https://trarosrhea.lofter.com/post/1d2c5c58_2b6da3ff7].",https://danbooru.donmai.us/posts/5709859,https://i.pximg.net/img-original/img/2022/09/29/23/39/49/101573007_p0.png,raiden_shogun raiden_shogun_(2nd_anniversary),genshin_impact,1girl :d alternate_costume bespectacled black-framed_eyewear blue_sky breasts casual cellphone cloud contemporary cowboy_shot day drawstring glasses headphones holding holding_phone hood hoodie hoyofair large_breasts long_hair long_sleeves looking_at_viewer open_mouth outdoors phone purple_eyes purple_hair purple_hoodie railing sky smartphone smile solo standing thighs very_long_hair,absurdres commentary highres,d0a40f73d5775d673f664ac55e62bf7c
raiden_shogun_(2nd_anniversary),2024-11-14T07:04:23.064-05:00,appearance_missing,,,,,https://danbooru.donmai.us/wiki_pages/raiden_shogun_(2nd_anniversary),,,,,,,,,,,
rhinedottir_(genshin_impact),2026-01-27T10:45:34.701-05:00,asset_no_post_tags,asset,31464811,,,https://danbooru.donmai.us/wiki_pages/rhinedottir_(genshin_impact),,,,,https://danbooru.donmai.us/media_assets/31464811,,,,,,
ronova_(genshin_impact),2026-09-21T23:26:13.994-04:00,asset_no_post_tags,asset,46961837,,Profile,https://danbooru.donmai.us/wiki_pages/ronova_(genshin_impact),,,,,https://danbooru.donmai.us/media_assets/46961837,,,,,,
ronova_(genshin_impact),2026-09-21T23:26:13.994-04:00,asset_no_post_tags,asset,46961852,,Ronova's Eye,https://danbooru.donmai.us/wiki_pages/ronova_(genshin_impact),,,,,https://danbooru.donmai.us/media_assets/46961852,,,,,,
rosaria_(genshin_impact),2026-05-20T19:14:32.393-04:00,candidate,post,4469050,,Default,https://danbooru.donmai.us/wiki_pages/rosaria_(genshin_impact),,,,,https://danbooru.donmai.us/posts/4469050,https://genshin-impact.fandom.com/wiki/File:Rosaria_Portrait.png,rosaria_(genshin_impact),genshin_impact,1girl arched_back arm_up bare_shoulders black_pantyhose breasts closed_mouth detached_collar elbow_gloves fishnet_pantyhose fishnets from_side full_body gloves hair_between_eyes hair_over_one_eye high_heels looking_at_viewer medium_breasts nun nun_headdress pale_skin pantyhose raised_eyebrow red_hair short_hair solo thigh_strap transparent_background vision_(genshin_impact) white_gloves,absurdres commentary english_commentary highres official_art third-party_source,f5a21b1ae151364987112875bdfa3098
rosaria_(genshin_impact),2026-05-20T19:14:32.393-04:00,asset_no_post_tags,asset,38610227,Rosaria (To the Church's Free Spirit) (genshin impact),To the Church's Free Spirit,https://danbooru.donmai.us/wiki_pages/rosaria_(genshin_impact),https://danbooru.donmai.us/wiki_pages/Rosaria_(To_the_Church's_Free_Spirit)_(genshin_impact),found,2025-12-06T11:49:34.993-05:00,"[[Rosaria (genshin impact)|]]'s [[official alternate costume|costume]], replacing her default outfit on the Chinese server.",https://danbooru.donmai.us/media_assets/38610227,,,,,,
rosaria_(to_the_church's_free_spirit)_(genshin_impact),2025-12-06T11:49:34.993-05:00,asset_no_post_tags,asset,38610227,,Profile,https://danbooru.donmai.us/wiki_pages/rosaria_(to_the_church's_free_spirit)_(genshin_impact),,,,,https://danbooru.donmai.us/media_assets/38610227,,,,,,
sandrone_(genshin_impact),2026-08-19T20:28:11.636-04:00,asset_no_post_tags,asset,49127015,,Playable,https://danbooru.donmai.us/wiki_pages/sandrone_(genshin_impact),,,,,https://danbooru.donmai.us/media_assets/49127015,,,,,,
sandrone_(genshin_impact),2026-08-19T20:28:11.636-04:00,candidate,post,9671426,Pulonia (Genshin Impact),NPC in [i]Song of Welkin Moon[/i] with [[Pulonia (Genshin Impact)|]],https://danbooru.donmai.us/wiki_pages/sandrone_(genshin_impact),https://danbooru.donmai.us/wiki_pages/Pulonia_(Genshin_Impact),found,2026-07-09T10:20:07.073-04:00,"An NPC in [[Genshin Impact]]. A giant, [[humanoid robot]] that often accompanies (and sometimes carries) [[Sandrone (Genshin Impact)|]].

It is primarily silver and gold in color. A large symbol covers most of its face. It wears a [[hat]], a [[coat]], and an [[ascot]]. It wears two gear ornaments - one on its hat, and another holding its ascot in place.",https://danbooru.donmai.us/posts/9671426,https://twitter.com/genshinimpact/status/1947508916104888433,pulonia_(genshin_impact) sandrone_(genshin_impact),genshin_impact,1girl bare_shoulders black_bow blue_eyes bow braid braided_base breasts brown_hair bun_with_braided_base character_name closed_mouth copyright_name detached_sleeves english_text frilled_sleeves frills hair_between_eyes hair_bow hair_bun headdress long_hair looking_at_viewer profile robot sideways_glance single_hair_bun small_breasts smile winding_key,commentary english_commentary highres official_art,a21048e48da892db373f02b8425ec50c
sandrone_(genshin_impact),2026-08-19T20:28:11.636-04:00,candidate,post,11618709,,Different versions of costumes,https://danbooru.donmai.us/wiki_pages/sandrone_(genshin_impact),,,,,https://danbooru.donmai.us/posts/11618709,https://m.miyoushe.com/ys/?channel=beta/#/article/76088344,sandrone_(genshin_impact),genshin_impact,1girl bare_shoulders blue_eyes breasts brown_hair clockwork closed_mouth detached_collar detached_sleeves dress gear-shaped_pupils gears official_alternate_costume small_breasts solo thighhighs water white_thighhighs,commentary_request highres official_art,83fc6882329c828d5b15aa280702d0f2
sandrone_(genshin_impact),2026-08-19T20:28:11.636-04:00,candidate,post,11590327,sandrone_(the_final_gift)_(genshin_impact),The Final Gift,https://danbooru.donmai.us/wiki_pages/sandrone_(genshin_impact),https://danbooru.donmai.us/wiki_pages/sandrone_(the_final_gift)_(genshin_impact),found,2026-06-15T05:21:51.970-04:00,"An [[official alternate costume]] of [[Genshin Impact]]'s [[Sandrone (Genshin Impact)|]] in animated short ""The Final Gift"".",https://danbooru.donmai.us/posts/11590327,https://www.bilibili.com/opus/1212891894595452944,sandrone_(genshin_impact) sandrone_(the_final_gift)_(genshin_impact),genshin_impact,1girl bed bedroom blanket blue_eyes brown_hair clockwork long_hair nightgown pillow quilt solo waking_up white_nightgown window,chinese_commentary commentary_request highres official_art,b1de35597d6b75988a41846bec5572c1
sandrone_(genshin_impact),2026-08-19T20:28:11.636-04:00,candidate,post,11725569,Sandrone (vampire hunter) (genshin impact),Vampire Hunter,https://danbooru.donmai.us/wiki_pages/sandrone_(genshin_impact),https://danbooru.donmai.us/wiki_pages/Sandrone_(vampire_hunter)_(genshin_impact),found,2026-07-19T18:08:54.864-04:00,[[Sandrone (Genshin Impact)|]]'s [[official alternate costume]] of Tabletop Troupe from the tea party quest available through [[Sandrone (Genshin Impact)|]]'s Portable Tea Table Gadget when inviting [[Navia (Genshin Impact)|]].,https://danbooru.donmai.us/posts/11725569,extracted from game,sandrone_(genshin_impact) sandrone_(vampire_hunter)_(genshin_impact),genshin_impact,1girl black_gloves black_hat black_jacket blue_eyes breasts brown_hair bullet closed_mouth gloves hand_on_own_hip hand_up hat jacket long_sleeves looking_at_viewer medium_breasts official_alternate_costume partially_unbuttoned shirt short_hair_with_long_locks simple_background solo tabletop_troupe_(genshin_impact) transparent_background upper_body white_shirt,game_asset highres non-web_source official_art self-datamine,b4b4777d4f14fa53576fafe9c01862ba
sandrone_(genshin_impact),2026-08-19T20:28:11.636-04:00,candidate,post,12028768,Sandrone (Genshin Cafe In Paris) (Genshin Impact),Genshin Cafe In Paris,https://danbooru.donmai.us/wiki_pages/sandrone_(genshin_impact),https://danbooru.donmai.us/wiki_pages/Sandrone_(Genshin_Cafe_In_Paris)_(Genshin_Impact),found,2026-08-19T20:25:38.858-04:00,An [[official alternate costume]] of [[Genshin Impact]]'s [[Sandrone (Genshin Impact)|]] from the Genshin Cafe in Paris.,https://danbooru.donmai.us/posts/12028768,https://www.hoyolab.com/article/46080506,sandrone_(genshin_cafe_in_paris)_(genshin_impact) sandrone_(genshin_impact),genshin_impact,1girl black_shoes blue_eyes bonnet brown_hair cake cake_slice chibi chibi_only closed_mouth dress food fork french_text full_body holding holding_food holding_fork holding_plate long_hair long_sleeves looking_at_viewer official_alternate_costume plate sandwich_board shoes smile solo white_bonnet white_dress,commentary_request french_commentary highres official_art,a42dd7b86374ae669406a56b0f14f3b8
sandrone_(the_final_gift)_(genshin_impact),2026-06-15T05:21:51.970-04:00,candidate,post,11590327,,"animated short ""The Final Gift""",https://danbooru.donmai.us/wiki_pages/sandrone_(the_final_gift)_(genshin_impact),,,,,https://danbooru.donmai.us/posts/11590327,https://www.bilibili.com/opus/1212891894595452944,sandrone_(genshin_impact) sandrone_(the_final_gift)_(genshin_impact),genshin_impact,1girl bed bedroom blanket blue_eyes brown_hair clockwork long_hair nightgown pillow quilt solo waking_up white_nightgown window,chinese_commentary commentary_request highres official_art,b1de35597d6b75988a41846bec5572c1
sangonomiya_kokomi,2026-07-20T14:19:06.266-04:00,candidate,post,4889080,,,https://danbooru.donmai.us/wiki_pages/sangonomiya_kokomi,,,,,https://danbooru.donmai.us/posts/4889080,,sangonomiya_kokomi,genshin_impact,1girl bow-shaped_hair dress fish full_body gloves gradient_hair japanese_clothes long_hair multicolored_hair purple_eyes purple_thighhighs smile solo thighhighs transparent_background very_long_hair vision_(genshin_impact) white_gloves,highres official_art source_request,2ca3c60463a574eb21a6032df94b0a23
sangonomiya_kokomi,2026-07-20T14:19:06.266-04:00,candidate,post,8212676,Sangonomiya Kokomi (Flame Fusion),Flame Fusion,https://danbooru.donmai.us/wiki_pages/sangonomiya_kokomi,https://danbooru.donmai.us/wiki_pages/Sangonomiya_Kokomi_(Flame_Fusion),found,2025-12-06T13:47:27.140-05:00,"[[Sangonomiya Kokomi|]]'s [[official alternate costume|costume]] from [[Genshin Impact]] from the [[HoyoFair]] 2024 ""Flame Fusion Music and Art Festival"" video.",https://danbooru.donmai.us/posts/8212676,https://twitter.com/PONZOO2O/status/1837206030197129437,sangonomiya_kokomi sangonomiya_kokomi_(flame_fusion),genshin_impact,1girl blowing_kiss blue_hair blue_nails blurry blurry_background blush bow bow-shaped_hair bracelet breasts detached_sleeves dress hair_bow hoyofair jewelry light_particles long_hair looking_at_viewer medium_breasts necklace one_eye_closed outstretched_arm pearl_bracelet pearl_necklace pearl_ring pink_hair purple_eyes pursed_lips seashell shell sleeveless sleeveless_dress solo spotlight twintails,commentary_request highres,df2f34ccff299996478fed7cb43b32f7
sangonomiya_kokomi,2026-07-20T14:19:06.266-04:00,candidate,post,9247766,Sangonomiya Kokomi (Pulse+),Pulse+,https://danbooru.donmai.us/wiki_pages/sangonomiya_kokomi,https://danbooru.donmai.us/wiki_pages/Sangonomiya_Kokomi_(Pulse%2B),found,2025-12-06T13:46:29.578-05:00,"[[Sangonomiya Kokomi|Kokomi]]'s [[official alternate costume|costume]] from [[Genshin Impact]] X ""Pulse+ collaboration"":[https://t.bilibili.com/1059770351238512692].",https://danbooru.donmai.us/posts/9247766,https://www.bilibili.com/opus/1062777128982937641?spm_id_from=333.1387.0.0,sangonomiya_kokomi sangonomiya_kokomi_(pulse+),genshin_impact,1girl arm_up armpits blue_hair blue_shirt blue_shoes blunt_bangs bottle colored_tips crop_top full_body hand_up holding holding_tennis_racket indoors kneehighs long_hair midriff miniskirt multicolored_hair navel official_alternate_costume open_mouth pink_hair pleated_skirt ponytail purple_eyes racket shirt shoes skirt sleeveless sleeveless_shirt socks solo standing standing_on_one_leg stomach tennis_racket thighs very_long_hair visor_cap white_socks wristband,absurdres chinese_commentary commentary_request highres official_art third-party_source,50b6b9e5bc06e88dff65689e01743056
sangonomiya_kokomi,2026-07-20T14:19:06.266-04:00,candidate,post,7245301,Sangonomiya Kokomi (Sushiro),SUSHIRO,https://danbooru.donmai.us/wiki_pages/sangonomiya_kokomi,https://danbooru.donmai.us/wiki_pages/Sangonomiya_Kokomi_(Sushiro),found,2025-12-16T02:05:45.917-05:00,"[[Sangonomiya Kokomi]]'s [[official alternate costume|costume]] from [[Genshin Impact]] X ""SUSHIRO collaboration"":[https://twitter.com/akindosushiroco/status/1748319393740898596].",https://danbooru.donmai.us/posts/7245301,https://twitter.com/akindosushiroco/status/1759895673900818849,sangonomiya_kokomi sangonomiya_kokomi_(sushiro),genshin_impact sushiro,1girl black_bow blue_hair bow bow-shaped_hair chibi company_name copyright_name copyright_notice cup gloves hair_ornament half_gloves holding holding_cup holding_spoon jacket long_hair long_sleeves looking_at_viewer multicolored_eyes official_alternate_costume one_eye_closed pantyhose pilsner_glass pink_hair red_jacket sidelocks skirt smile solo spoon standing standing_on_one_leg striped_clothes striped_skirt thick_eyebrows white_gloves white_pantyhose,commentary_request highres official_art translation_request,f40e46720b6823a692a2ed63d59eba11
sangonomiya_kokomi,2026-07-20T14:19:06.266-04:00,candidate,post,8223768,Sangonomiya Kokomi (Xiaohongshu),Xiaohongshu,https://danbooru.donmai.us/wiki_pages/sangonomiya_kokomi,https://danbooru.donmai.us/wiki_pages/Sangonomiya_Kokomi_(Xiaohongshu),found,2025-12-06T13:48:20.085-05:00,"[[Sangonomiya Kokomi|Kokomi]]'s [[official alternate costume|costume]] from [[Genshin Impact]] X ""Xiaohongshu collaboration"":[https://www.weibo.com/6593199887/5082824258617963].",https://danbooru.donmai.us/posts/8223768,https://www.bilibili.com/read/cv39197881/,sangonomiya_kokomi sangonomiya_kokomi_(xiaohongshu),genshin_impact,1girl :d bag blue_hair choker flower handbag holding holding_bag jacket long_sleeves multicolored_hair official_alternate_costume open_mouth outdoors pink_choker pink_flower pink_hair pink_jacket purple_eyes railing skirt smile solo standing two-tone_hair white_skirt,absurdres commentary_request detexted highres official_art third-party_edit third-party_source,3480023764ad7fa5de2ce2e40ea66bfc
sangonomiya_kokomi,2026-07-20T14:19:06.266-04:00,candidate,post,11562689,Mimi (Genshin Impact),[[Mimi (Genshin Impact)|]] Old Design,https://danbooru.donmai.us/wiki_pages/sangonomiya_kokomi,https://danbooru.donmai.us/wiki_pages/Mimi_(Genshin_Impact),found,2026-07-20T14:18:19.633-04:00,"An unreleased [[Genshin Impact]] character leaked in early 2021.

Due to the similarities in their designs and the fact that they are both catalyst-wielding Hydro characters, it is commonly believed that Mimi is a [[prototype design]] that was reworked into [[Sangonomiya Kokomi]].",https://danbooru.donmai.us/posts/11562689,https://churomo.tumblr.com/post/710268846674771968,mimi_(genshin_impact) sangonomiya_kokomi,genshin_impact,1girl artist_name bare_shoulders closed_mouth coral_hair_ornament detached_sleeves dress gloves hair_ornament pearl_hair_ornament pink_hair purple_dress purple_eyes solo updo vision_(genshin_impact) wave_print white_gloves,highres,a176849951eb4689164d749473eb11b5
sayu_(genshin_impact),2025-12-06T14:08:58.849-05:00,candidate,post,4692952,,Default,https://danbooru.donmai.us/wiki_pages/sayu_(genshin_impact),,,,,https://danbooru.donmai.us/posts/4692952,,sayu_(genshin_impact),genshin_impact,1girl animal_hood child fingerless_gloves full_body gloves green_hair hood japanese_clothes leaf ninja open_mouth purple_eyes sandals scarf short_hair shuriken solo tail transparent_background weapon,highres official_art,77da4f5749741ab19b2ee47b41e9fd20
shenhe_(frostflower_dew)_(genshin_impact),2025-12-06T10:48:47.079-05:00,candidate,post,7901427,,Profile,https://danbooru.donmai.us/wiki_pages/shenhe_(frostflower_dew)_(genshin_impact),,,,,https://danbooru.donmai.us/posts/7901427,https://static.wikia.nocookie.net/gensin-impact/images/0/04/Character_Shenhe_Frostflower_Dew_Full_Wish.png?format=original,shenhe_(frostflower_dew)_(genshin_impact) shenhe_(genshin_impact),genshin_impact,1girl arm_up armpits black_dress black_shoes chinese_clothes detached_sleeves dress full_body grey_hair hair_over_one_eye hand_up high_heels lily_pad long_hair long_sleeves looking_to_the_side official_alternate_costume parted_lips qipao shoes solo standing thighs transparent_background water waterfall,commentary english_commentary highres official_art,a45e421ff91f77c1623864ebf0b4c551
shenhe_(genshin_impact),2026-03-18T07:10:44.984-04:00,candidate,post,5308157,,Default,https://danbooru.donmai.us/wiki_pages/shenhe_(genshin_impact),,,,,https://danbooru.donmai.us/posts/5308157,https://static.wikia.nocookie.net/gensin-impact/images/a/ae/Character_Shenhe_Portrait.png/revision/latest?cb=20220106070404,shenhe_(genshin_impact),genshin_impact,1girl aqua_hair aqua_nails blue_eyes bodysuit braid breasts calamity_queller_(genshin_impact) chinese_clothes closed_mouth clothing_cutout earrings full_body gold_trim gradient_eyes gradient_hair grey_hair hair_ornament hair_over_one_eye high_heels hip_vent holding holding_behind_back holding_polearm holding_polearm_behind_back holding_weapon holding_weapon_behind_back jewelry large_breasts long_hair multicolored_eyes multicolored_hair nail_polish navel one_eye_covered open-toe_boots polearm purple_eyes shoulder_cutout single_breast_curtain solo tassel toenail_polish toenails transparent_background very_long_hair weapon yellow_eyes,highres official_art third-party_source,8eb479101e09b302c57ebe8b408a9fb8
shenhe_(genshin_impact),2026-03-18T07:10:44.984-04:00,candidate,post,7901427,Shenhe (frostflower dew) (genshin impact),Frostflower Dew,https://danbooru.donmai.us/wiki_pages/shenhe_(genshin_impact),https://danbooru.donmai.us/wiki_pages/Shenhe_(frostflower_dew)_(genshin_impact),found,2025-12-06T10:48:47.079-05:00,"An [[official alternate costume|official costume]] of [[Genshin Impact]]'s [[Shenhe (genshin impact)|]], released in version 4.4.",https://danbooru.donmai.us/posts/7901427,https://static.wikia.nocookie.net/gensin-impact/images/0/04/Character_Shenhe_Frostflower_Dew_Full_Wish.png?format=original,shenhe_(frostflower_dew)_(genshin_impact) shenhe_(genshin_impact),genshin_impact,1girl arm_up armpits black_dress black_shoes chinese_clothes detached_sleeves dress full_body grey_hair hair_over_one_eye hand_up high_heels lily_pad long_hair long_sleeves looking_to_the_side official_alternate_costume parted_lips qipao shoes solo standing thighs transparent_background water waterfall,commentary english_commentary highres official_art,a45e421ff91f77c1623864ebf0b4c551
shenhe_(genshin_impact),2026-03-18T07:10:44.984-04:00,asset_no_post_tags,asset,19762488,Shenhe (heytea) (Genshin impact),Heytea,https://danbooru.donmai.us/wiki_pages/shenhe_(genshin_impact),https://danbooru.donmai.us/wiki_pages/Shenhe_(heytea)_(Genshin_impact),found,2025-12-06T11:14:01.176-05:00,"[[Shenhe_(Genshin_Impact)|]]'s [[official alternate costume|costume]] from 2023 [[Genshin Impact]] X ""Heytea collaboration"":[https://www.weibo.com/2804387887/Nd3rL3U8f].",https://danbooru.donmai.us/media_assets/19762488,,,,,,
shenhe_(genshin_impact),2026-03-18T07:10:44.984-04:00,asset_no_post_tags,asset,19762407,Shenhe (young) (Genshin impact),Young,https://danbooru.donmai.us/wiki_pages/shenhe_(genshin_impact),https://danbooru.donmai.us/wiki_pages/Shenhe_(young)_(Genshin_impact),found,2024-01-25T12:17:22.602-05:00,"A younger version of [[Shenhe (Genshin Impact)|]], where she has [[black hair]] instead of the [[white hair|white]]/[[grey hair|grey]] color seen in the present day.",https://danbooru.donmai.us/media_assets/19762407,,,,,,
sigewinne_(genshin_impact),2026-05-30T17:26:57.371-04:00,candidate,post,7487490,,,https://danbooru.donmai.us/wiki_pages/sigewinne_(genshin_impact),,,,,https://danbooru.donmai.us/posts/7487490,https://twitter.com/GenshinImpact/status/1782350077987553682,sigewinne_(genshin_impact),genshin_impact,1girl :d apron blue_dress blue_hair blue_shoes bow bowtie dress gloves gun hat holding holding_gun holding_weapon long_sleeves looking_at_viewer medium_hair nurse_cap open_mouth pantyhose pink_bow pink_bowtie pink_eyes pom_pom_(clothes) shoes smile solo weapon white_apron white_gloves white_hat white_pantyhose,commentary highres official_art,802845bddff4c5f98073fb00f0b5f35b
sigewinne_(genshin_impact),2026-05-30T17:26:57.371-04:00,candidate,post,8034553,Sigewinne (Genshin Fes 2024) (Genshin Impact),Genshin Fes 2024,https://danbooru.donmai.us/wiki_pages/sigewinne_(genshin_impact),https://danbooru.donmai.us/wiki_pages/Sigewinne_(Genshin_Fes_2024)_(Genshin_Impact),found,2026-05-30T17:26:23.991-04:00,A costume of [[Sigewinne (Genshin Impact)|]] from [[Genshin Impact]] from the promotional art for the 2024 Genshin Fes.,https://danbooru.donmai.us/posts/8034553,https://i.pximg.net/img-original/img/2024/08/21/20/54/52/121704473_p2.jpg,sigewinne_(genshin_fes_2024)_(genshin_impact) sigewinne_(genshin_impact),genshin_impact,1girl :d animal_ears aqua_dress artist_name bag beret black_bow black_ribbon blue_hair blush bow brooch collared_shirt cowboy_shot double_bun dress frilled_dress frills gloves gradient_background gradient_hair grey_background hair_between_eyes hair_bow hair_bun hands_up hat heart heart-shaped_bag heart_brooch holding holding_magnifying_glass id_card jewelry looking_at_viewer magnifying_glass multicolored_hair neck_ribbon open_mouth pinafore_dress pink_bag puffy_short_sleeves puffy_sleeves purple_hair red_bow red_eyes ribbon shirt short_sleeves shoulder_bag sidelocks signature simple_background sleeveless sleeveless_dress smile solo twitter_username watermark white_background white_bow white_gloves white_hat white_shirt,absurdres commentary_request highres,cfc857f13e4c42d5868551d761b8c0a3
sigewinne_(genshin_impact),2026-05-30T17:26:57.371-04:00,candidate,post,8403630,Sigewinne (Luckin Coffee) (Genshin Impact),Luckin Coffee,https://danbooru.donmai.us/wiki_pages/sigewinne_(genshin_impact),https://danbooru.donmai.us/wiki_pages/Sigewinne_(Luckin_Coffee)_(Genshin_Impact),found,2025-12-16T02:19:53.129-05:00,"[[Sigewinne_(Genshin_Impact)|]]'s [[official alternate costume|costume]] from [[Genshin Impact]] X ""Luckin Coffee collaboration"":[https://t.bilibili.com/997425469260300312].",https://danbooru.donmai.us/posts/8403630,https://t.bilibili.com/997425469260300312,clorinde_(genshin_impact) clorinde_(luckin_coffee)_(genshin_impact) sigewinne_(genshin_impact) sigewinne_(luckin_coffee)_(genshin_impact),genshin_impact,2girls belt black_belt black_hat black_pantyhose black_skirt blue_dress blue_hair cup disposable_coffee_cup disposable_cup dress feet_out_of_frame hat high-waist_skirt holding holding_cup long_hair long_sleeves miniskirt multiple_girls official_alternate_costume pantyhose pencil_skirt pom_pom_(clothes) puffy_short_sleeves puffy_sleeves purple_eyes purple_hair shirt short_sleeves skirt standing very_long_hair white_hat white_shirt wrist_cuffs,commentary_request highres official_art translation_request,6f9dd9dbaa7ebbb73209bba08d3ec31c
sigewinne_(genshin_impact),2026-05-30T17:26:57.371-04:00,asset_no_post_tags,asset,31965309,Sigewinne (Galaxy Store) (Genshin Impact),Galaxy Store,https://danbooru.donmai.us/wiki_pages/sigewinne_(genshin_impact),https://danbooru.donmai.us/wiki_pages/Sigewinne_(Galaxy_Store)_(Genshin_Impact),found,2025-12-16T02:15:57.779-05:00,"[[Sigewinne (Genshin Impact)|]]'s [[official alternate costume|costume]] from the 2025 [[Genshin Impact]] X ""Galaxy Store collaboration"":[https://www.youtube.com/watch?v=haZpiRMBd8g].",https://danbooru.donmai.us/media_assets/31965309,,,,,,
signora_(genshin_impact),2026-06-30T14:23:22.728-04:00,asset_no_post_tags,asset,34884561,,Default,https://danbooru.donmai.us/wiki_pages/signora_(genshin_impact),,,,,https://danbooru.donmai.us/media_assets/34884561,,,,,,
signora_(genshin_impact),2026-06-30T14:23:22.728-04:00,candidate,post,7756501,Signora (Crimson Witch of Embers) (genshin impact),Crimson Witch of Embers,https://danbooru.donmai.us/wiki_pages/signora_(genshin_impact),https://danbooru.donmai.us/wiki_pages/Signora_(Crimson_Witch_of_Embers)_(genshin_impact),found,2025-06-12T09:24:35.751-04:00,"Signora's boss-only design, appears as the second phase of her battle (in the first phase she is using her regular design), unlike regular Signora, that uses a Cryo Delusion for battle (Ice Attacks), the Crimsom Witch uses Fire-based powers.",https://danbooru.donmai.us/posts/7756501,https://static.wikia.nocookie.net/gensin-impact/images/b/bf/Enemy_Signora_Full_Artwork.png?format=original,signora_(crimson_witch_of_embers)_(genshin_impact) signora_(genshin_impact),genshin_impact,1girl bare_shoulders black_nails blonde_hair breasts butterfly_mask butterfly_wings cleavage covered_eyes dress eye_mask fire flaming_weapon full_body fur_trim holding holding_weapon holding_whip insect_wings large_breasts long_hair looking_at_viewer mask moth_wings red_dress smile solo transparent_background weapon whip wings,artist_request commentary english_commentary official_art,73de423ed625c6d6731fa36d90bbe224
signora_(genshin_impact),2026-06-30T14:23:22.728-04:00,candidate,post,11590421,Signora (The Final Gift) (Genshin Impact),The Final Gift,https://danbooru.donmai.us/wiki_pages/signora_(genshin_impact),https://danbooru.donmai.us/wiki_pages/Signora_(The_Final_Gift)_(Genshin_Impact),found,2026-06-25T05:13:21.715-04:00,"An [[official alternate costume]] of [[Genshin Impact]]'s [[Signora (Genshin Impact)|]] in animated short ""The Final Gift"".",https://danbooru.donmai.us/posts/11590421,https://x.com/Watari_0208/status/2066432069727838322,signora_(genshin_impact) signora_(the_final_gift)_(genshin_impact),genshin_impact,1girl bare_shoulders blonde_hair blue_eyes breasts cake cleavage dress eyepatch food gloves jewelry lace-trimmed_eyepatch large_breasts long_hair looking_at_viewer mask official_alternate_costume one_eye_covered smile solo,commentary_request highres,331236aa0eb12792ae57703f401fd213
skirk_(genshin_impact),2026-07-19T09:47:09.153-04:00,candidate,post,9298056,,,https://danbooru.donmai.us/wiki_pages/skirk_(genshin_impact),,,,,https://danbooru.donmai.us/posts/9298056,https://twitter.com/GenshinImpact/status/1922139997760598075,skirk_(genshin_impact),genshin_impact,1girl azurelight_(genshin_impact) bare_shoulders breasts dress empty_eyes hair_between_eyes hair_intakes hair_ornament high_heels holding holding_weapon long_hair looking_at_viewer medium_breasts pink_eyes solo very_long_hair weapon white_dress white_hair,commentary english_commentary highres official_art,0d74f727a509add2e0c6fadf63ee35b0
skirk_(genshin_impact),2026-07-19T09:47:09.153-04:00,candidate,post,9534919,Skirk (Seven-Phase Flash) (Genshin Impact),Seven-Phase Flash,https://danbooru.donmai.us/wiki_pages/skirk_(genshin_impact),https://danbooru.donmai.us/wiki_pages/Skirk_(Seven-Phase_Flash)_(Genshin_Impact),found,2026-07-19T09:46:37.571-04:00,"An outfit of [[Genshin Impact]]'s [[Skirk (Genshin Impact)|]], appearing in game when she is in her ""Seven-Phase Flash"" mode in combat.",https://danbooru.donmai.us/posts/9534919,https://x.com/genshinimpact/status/1938062159461613921?s=46&t=wE1d5K1SOz4konLdQCitSQ,skirk_(genshin_impact) skirk_(seven-phase_flash)_(genshin_impact),genshin_impact,1girl bare_shoulders breasts broken_glass cleavage closed_mouth dress english_text expressionless glass gloves grey_hair holding holding_sword holding_weapon long_hair looking_at_viewer official_alternate_costume red_eyes smile solo standing sword very_long_hair weapon,commentary english_commentary official_art variant_set,44c2ab063c5541859827cd5264ee5820
skirk_(genshin_impact),2026-07-19T09:47:09.153-04:00,candidate,post,9704973,Skirk (Young) (Genshin Impact),Young,https://danbooru.donmai.us/wiki_pages/skirk_(genshin_impact),https://danbooru.donmai.us/wiki_pages/Skirk_(Young)_(Genshin_Impact),found,2025-08-02T12:26:14.896-04:00,A [[aged down|younger]] version of [[Genshin Impact]]'s [[Skirk (Genshin Impact)|]] as seen in her story quest.,https://danbooru.donmai.us/posts/9704973,https://www.miyoushe.com/sr/article/65733556,skirk_(genshin_impact) skirk_(young)_(genshin_impact),genshin_impact,1girl :d ^_^ aged_down ahoge bare_shoulders circle_skirt closed_eyes day dress facing_viewer feet_out_of_frame from_above grass hair_between_eyes hand_up long_hair on_ground open_mouth outdoors sitting sleeveless sleeveless_dress smile solo white_dress white_hair,absurdres chinese_commentary commentary_request highres,a6e7c06e1d79ab951965c567337a3cce
skirk_(genshin_impact),2026-07-19T09:47:09.153-04:00,candidate,post,9993845,Skirk (Parallels Meet) (Genshin Impact),Parallels Meet,https://danbooru.donmai.us/wiki_pages/skirk_(genshin_impact),https://danbooru.donmai.us/wiki_pages/Skirk_(Parallels_Meet)_(Genshin_Impact),found,2025-11-16T08:41:36.813-05:00,"A costume of [[Skirk (Genshin Impact)|]] from [[Genshin Impact]] from the promotional art for the [[HoyoFair]] 2025 ""Parallels Meet"" video.",https://danbooru.donmai.us/posts/9993845,https://twitter.com/akka_0510/status/1969401409188872557,skirk_(genshin_impact) skirk_(parallels_meet)_(genshin_impact) tartaglia_(genshin_impact) tartaglia_(parallels_meet)_(genshin_impact),genshin_impact,1boy 1girl alternate_costume baggy_clothes bare_shoulders black_gloves blue_eyes breasts butterfly_hair_ornament cellphone closed_mouth earrings full_body gloves grey_hair hair_between_eyes hair_ornament holding holding_phone hoyofair jacket jewelry long_hair long_sleeves looking_at_viewer midriff navel open_clothes open_jacket orange_hair phone red_eyes simple_background sketch smartphone smile standing techwear very_long_hair white_background,absurdres commentary_request highres,daa7036fa0a1a2e3d60020085b96517f
skirk_(genshin_impact),2026-07-19T09:47:09.153-04:00,asset_no_post_tags,asset,36782061,Skirk (Parallels Meet School) (Genshin Impact),Parallels Meet School,https://danbooru.donmai.us/wiki_pages/skirk_(genshin_impact),https://danbooru.donmai.us/wiki_pages/Skirk_(Parallels_Meet_School)_(Genshin_Impact),found,2025-11-16T08:55:10.631-05:00,"A costume of [[Skirk (Genshin Impact)|]] from [[Genshin Impact]] from a high school-themed promotional art for the [[HoyoFair]] 2025 ""Parallels Meet"" video. 

Portrayed in [[contemporary]] exercise clothes.",https://danbooru.donmai.us/media_assets/36782061,,,,,,
skirk_(genshin_impact),2026-07-19T09:47:09.153-04:00,candidate,post,10313688,Skirk (Genshin Fes 2026) (Genshin Impact),Genshin Fes 2026,https://danbooru.donmai.us/wiki_pages/skirk_(genshin_impact),https://danbooru.donmai.us/wiki_pages/Skirk_(Genshin_Fes_2026)_(Genshin_Impact),found,2025-11-22T08:01:24.493-05:00,A costume of [[Skirk (Genshin Impact)|]] from [[Genshin Impact]] from the promotional art for the 2026 Genshin Fes.,https://danbooru.donmai.us/posts/10313688,https://act.mihoyo.com/ys/event/e20251121-fes-ab8hwt/fes_pc/index.html,skirk_(genshin_fes_2026)_(genshin_impact) skirk_(genshin_impact),genshin_impact,1girl bare_shoulders breasts closed_mouth cowboy_shot dress elbow_gloves expressionless eye_mask gloves hair_between_eyes hair_ornament holding holding_mask long_hair looking_at_viewer mask medium_breasts official_alternate_costume purple_gloves qr_code red_eyes short_sleeves solo very_long_hair white_dress white_hair,bad_source highres official_art translation_request,594ab29566f0b10410e6bf94e80d9029
sucrose_(genshin_impact),2025-12-16T02:10:40.420-05:00,candidate,post,4128554,,,https://danbooru.donmai.us/wiki_pages/sucrose_(genshin_impact),,,,,https://danbooru.donmai.us/posts/4128554,,sucrose_(genshin_impact),genshin_impact,1girl animal_ears beret black_thighhighs blue_dress boots breasts cape cat_ears dress full_body garter_straps glasses gloves green_hair hat knee_boots multicolored_hair orange_eyes semi-rimless_eyewear showgirl_skirt small_breasts solo test_tube thighhighs transparent_background vision_(genshin_impact) white_boots,absurdres highres official_art,dd35bbb2a138b9b7edb00eeb9967c4dd
sucrose_(genshin_impact),2025-12-16T02:10:40.420-05:00,candidate,post,5615794,Sucrose (Sweets Paradise) (Genshin Impact),SWEETS PARADISE,https://danbooru.donmai.us/wiki_pages/sucrose_(genshin_impact),https://danbooru.donmai.us/wiki_pages/Sucrose_(Sweets_Paradise)_(Genshin_Impact),found,2025-12-06T08:35:07.822-05:00,"[[Sucrose_(Genshin_Impact)|]]'s [[official alternate costume|costume]] from [[Genshin Impact]] X ""SWEETS PARADISE collaboration"":[https://twitter.com/Linkstars_hoshi/status/1456239983262527492].",https://danbooru.donmai.us/posts/5615794,https://mobile.twitter.com/Linkstars_hoshi/status/1456239983262527492,aether_(genshin_impact) aether_(sweets_paradise)_(genshin_impact) albedo_(genshin_impact) albedo_(sweets_paradise)_(genshin_impact) amber_(genshin_impact) barbara_(genshin_impact) bennett_(genshin_impact) diluc_(genshin_impact) diona_(genshin_impact) diona_(sweets_paradise)_(genshin_impact) eula_(genshin_impact) fischl_(genshin_impact) jean_(genshin_impact) jean_(sweets_paradise)_(genshin_impact) kaeya_(genshin_impact) klee_(genshin_impact) klee_(sweets_paradise)_(genshin_impact) lisa_(genshin_impact) lumine_(genshin_impact) lumine_(sweets_paradise)_(genshin_impact) mona_(genshin_impact) mona_(sweets_paradise)_(genshin_impact) noelle_(genshin_impact) noelle_(sweets_paradise)_(genshin_impact) paimon_(genshin_impact) paimon_(sweets_paradise)_(genshin_impact) razor_(genshin_impact) rosaria_(genshin_impact) sucrose_(genshin_impact) sucrose_(sweets_paradise)_(genshin_impact) venti_(genshin_impact),genshin_impact sweets_paradise,"""pile_'em_up""_(genshin_impact) 6+boys 6+girls ahoge animal_ear_fluff animal_ears antenna_hair apple apple_juice apple_slice aqua_hair bangs_pinned_back berry_&_mint_burst_(genshin_impact) black_hair blonde_hair blue_hair braid braided_bangs brown_hair cat_ears cat_tail chibi chibi_only closed_mouth clover cup dark-skinned_male dark_skin definitely_not_bar_food!_(genshin_impact) die_heilige_sinfonie_(genshin_impact) dress drink eyepatch flower food four-leaf_clover fruit glasses goggles goggles_around_neck goggles_on_head green_hair grey_hair grin hair_between_eyes hair_flower hair_ornament hair_ribbon hairband halo hat holding juice logo long_hair maid_headdress multicolored_hair multiple_boys multiple_girls nun nun_headdress official_alternate_costume open_mouth pink_hair pizza pointy_ears ponytail purple_hair red_hair ribbon rose short_hair side_braids simple_background smile sticky_honey_roast_(genshin_impact) streaked_hair sweet_madame_(genshin_impact) tail two_side_up waiter waitress white_flower white_hair witch_hat",commentary_request highres official_art promotional_art,ac8dca58eab202cff756bb7521d7e754
sucrose_(genshin_impact),2025-12-16T02:10:40.420-05:00,candidate,post,7268029,Sucrose (Oneplus) (Genshin Impact),OnePlus,https://danbooru.donmai.us/wiki_pages/sucrose_(genshin_impact),https://danbooru.donmai.us/wiki_pages/Sucrose_(Oneplus)_(Genshin_Impact),found,2025-12-16T02:10:17.768-05:00,"[[Sucrose_(Genshin_Impact)|]]'s [[official alternate costume|costume]] from 2021 [[Genshin Impact]] X ""OnePlus collaboration"":[https://youtu.be/N-1rJpd33YM].",https://danbooru.donmai.us/posts/7268029,https://genshin.global/wp-content/uploads/2022/07/sucrose-oneplus-smartphone-collab-official-mobile-wallpaper-945x2048.jpg,sucrose_(genshin_impact) sucrose_(oneplus)_(genshin_impact),genshin_impact,1girl animal_ears black_hat black_thighhighs blue_skirt brown_shoes cellphone floating_hair full_body glasses green-framed_eyewear green_hair green_jacket hand_up hat holding holding_phone jacket loafers long_hair long_sleeves looking_at_phone low_ponytail official_alternate_costume open_clothes open_jacket parted_lips phone ponytail shirt shoes simple_background skirt smartphone solo standing thighhighs white_shirt zettai_ryouiki zoom_layer,bad_id bad_link highres image_sample official_art,09be1da830d504fb5d3293d191baa512
varesa_(genshin_impact),2026-07-30T06:23:30.334-04:00,candidate,post,8871802,,,https://danbooru.donmai.us/wiki_pages/varesa_(genshin_impact),,,,,https://danbooru.donmai.us/posts/8871802,https://twitter.com/genshinimpact/status/1891427621067436116,varesa_(genshin_impact),genshin_impact,1girl :o ahoge animal_ears aqua_hair bandaid bandaid_on_cheek bandaid_on_face bandaid_on_horn bandaid_on_leg bell bell_earrings belt black_hairband black_skirt blush braid breasts cow_ears cow_girl cow_horns cow_tail crossed_bangs detached_sleeves earrings food food_on_face hair_between_eyes hair_intakes hairband heart heart_print holding holding_food horns jewelry large_breasts leg_warmers long_hair long_sleeves looking_at_viewer low_twin_braids midriff miniskirt multicolored_hair open_mouth pink_belt pink_hair pink_tail pleated_skirt pom_pom_(clothes) puffy_detached_sleeves puffy_sleeves purple_eyes single_thighhigh skirt solo streaked_hair taco tail thick_thighs thigh_strap thighhighs thighs twin_braids very_long_hair white_leg_warmers white_thighhighs,commentary english_commentary highres official_art,b11abcbc3e3f29141c469ab94febd542
vesna_(genshin_impact),2026-09-24T02:12:18.200-04:00,candidate,post,12009529,,,https://danbooru.donmai.us/wiki_pages/vesna_(genshin_impact),,,,,https://danbooru.donmai.us/posts/12009529,https://x.com/GenshinImpact/status/2089201051626783153,vesna_(genshin_impact),genshin_impact,1girl blonde_hair boots breasts bright_pupils copyright_name detached_sleeves dress full_body gloves hand_on_own_hip hand_up high_heel_boots high_heels holding holding_staff juliet_sleeves knee_boots long_hair long_sleeves looking_at_viewer pantyhose ponytail puffy_sleeves short_dress single_bare_shoulder single_detached_sleeve single_sleeve small_breasts smile solo staff standing stellar_linchpin strapless strapless_dress very_long_hair white_boots white_gloves white_pantyhose white_pupils wings,commentary english_commentary highres official_art,200328a886ef0aa09f54c9744856d1f9
vodyanitsa_(genshin_impact),2026-09-25T11:25:46.925-04:00,candidate,post,12016671,,,https://danbooru.donmai.us/wiki_pages/vodyanitsa_(genshin_impact),,,,,https://danbooru.donmai.us/posts/12016671,https://x.com/GenshinImpact/status/2089563188404568550,vodyanitsa_(genshin_impact),genshin_impact,1girl :o aqua_hair bare_legs blue_eyes bracelet detached_collar detached_sleeves dress feet_out_of_frame fins flower gradient_hair hair_flower hair_intakes hair_ornament hair_over_one_eye head_fins jewelry leg_tattoo long_hair long_sleeves multicolored_hair open_mouth shoulder_tattoo solo swept_bangs tattoo very_long_hair white_dress white_flower,commentary english_commentary highres official_art,4f2304e8d7aabac842da6e86567cca4b
vodyanitsa_(genshin_impact),2026-09-25T11:25:46.925-04:00,candidate,post,12257735,Vodyanitsa (Water Imp) (Genshin Impact),Water Imp,https://danbooru.donmai.us/wiki_pages/vodyanitsa_(genshin_impact),https://danbooru.donmai.us/wiki_pages/Vodyanitsa_(Water_Imp)_(Genshin_Impact),found,2026-09-25T11:25:35.206-04:00,[[Vodyanitsa (Genshin Impact)|]] in her Water Imp form.,https://danbooru.donmai.us/posts/12257735,https://static.wikia.nocookie.net/gensin-impact/images/a/a1/Vodyanitsa_Wish.png?format=original,vodyanitsa_(genshin_impact) vodyanitsa_(water_imp)_(genshin_impact),genshin_impact,1girl :o aqua_hair arm_up bandeau bare_shoulders beads beamed_sixteenth_notes blue_eyes blue_gem bracelet choker clam_shell curled_up detached_sleeves dot_nose fins fish floating_hair flower flying_fish full_body gem glint hair_beads hair_floating_upwards hair_flower hair_ornament hair_over_one_eye hand_on_own_chest head_fins jewelry kneeless_merfolk long_hair looking_ahead merfolk mermaid monster_girl musical_note musical_staff musical_staff_print navel pearl_hair_ornament quarter_rest seashell see-through_clothes shell short_sleeves shoulder_tattoo silver_bracelet singing solo starfish stomach tattoo transparent_background treble_clef very_long_hair water water_drop white_bandeau white_choker white_flower,highres official_art third-party_source,294cbe274437f230fc5c0a058a93cfad
xiangling_(genshin_impact),2025-12-06T10:45:19.759-05:00,candidate,post,4127764,,Default,https://danbooru.donmai.us/wiki_pages/xiangling_(genshin_impact),,,,,https://danbooru.donmai.us/posts/4127764,,guoba_(genshin_impact) xiangling_(genshin_impact),genshin_impact,1girl bandaid bandaid_on_knee bandaid_on_leg bare_arms bare_legs bare_shoulders bell belt black_gloves blue_hair bow braid braided_hair_rings breasts fingerless_gloves full_body gloves hair_ornament hair_rings hairclip iron_point_(genshin_impact) jingle_bell polearm red_bow short_hair small_breasts smile solo thigh_strap transparent_background vision_(genshin_impact) weapon yellow_eyes,absurdres highres official_art source_request,26e0397f5c19afbbf8df7200fe0085d2
xiangling_(genshin_impact),2025-12-06T10:45:19.759-05:00,candidate,post,9725950,Xiangling (New Year's Cheer) (Genshin Impact),New Year's Cheer,https://danbooru.donmai.us/wiki_pages/xiangling_(genshin_impact),https://danbooru.donmai.us/wiki_pages/Xiangling_(New_Year's_Cheer)_(Genshin_Impact),found,2025-12-06T10:43:32.779-05:00,"An [[official alternate costume|official costume]] of [[Genshin Impact]]'s [[Xiangling (genshin impact)|]], released in version 5.3.",https://danbooru.donmai.us/posts/9725950,https://genshin-impact.fandom.com/wiki/File:Character_Xiangling_New_Year%27s_Cheer_Full_Wish.png,guoba_(genshin_impact) xiangling_(genshin_impact) xiangling_(new_year's_cheer)_(genshin_impact),genshin_impact,1girl :d animal_ears animal_hat arm_up awning bamboo_steamer bandaid bandaid_on_leg bear_hat black_shoes black_shorts blue_hair boned_meat box braid brown_hat brown_leg_warmers carrot_hair_ornament counter fake_animal_ears food food-themed_hair_ornament food_stand fried_radish_balls_(genshin_impact) fur-trimmed_jacket fur-trimmed_sleeves fur_trim hair_between_eyes hair_ornament hairclip hand_up hat holding holding_food holding_skewer jacket lantern leg_up leg_warmers long_sleeves looking_at_viewer low_twin_braids meat medium_hair noren official_alternate_costume open_mouth paper_lantern pom_pom_(clothes) red_jacket restaurant shelf shoes short_eyebrows short_shorts shorts sign skewer sky_lantern smile solo standing standing_on_one_leg steam stone_floor teeth thick_eyebrows thigh_strap transparent_background twin_braids upper_teeth_only vision_(genshin_impact) yellow_eyes,absurdres commentary english_commentary highres official_art third-party_source,e38381b959457ed96ca012dc2b6fe7ce
xiangling_(genshin_impact),2025-12-06T10:45:19.759-05:00,candidate,post,5297105,Xiangling (Huanglong) (Genshin Impact),Huanglong collaboration,https://danbooru.donmai.us/wiki_pages/xiangling_(genshin_impact),https://danbooru.donmai.us/wiki_pages/Xiangling_(Huanglong)_(Genshin_Impact),found,2022-11-28T12:10:33.109-05:00,A costume for [[Xiangling_(Genshin_Impact)|]] from [[Genshin Impact]].,https://danbooru.donmai.us/posts/5297105,https://drive.google.com/drive/folders/10ulrhy1E74FGjoGuiF1YX1n9mOwoyfSy,guoba_(genshin_impact) xiangling_(genshin_impact) xiangling_(huanglong)_(genshin_impact),genshin_impact,1girl blue_hair hair_ornament hair_rings long_sleeves looking_at_viewer official_alternate_costume outdoors short_hair smile solo teeth yellow_eyes,highres official_art official_wallpaper,fefb5b826650bfcccb994603af201e06
xiangling_(genshin_impact),2025-12-06T10:45:19.759-05:00,candidate,post,7755444,Xiangling (Autumn Pop-up Store) (Genshin Impact),2023 Autumn Pop-up store,https://danbooru.donmai.us/wiki_pages/xiangling_(genshin_impact),https://danbooru.donmai.us/wiki_pages/Xiangling_(Autumn_Pop-up_Store)_(Genshin_Impact),found,2024-09-26T17:46:43.905-04:00,[[Xiangling (Genshin Impact)|]] as she appears in the 2023 Genshin autumn pop-up store.,https://danbooru.donmai.us/posts/7755444,https://ddal84.tumblr.com/post/743824175245967360,chongyun_(genshin_impact) guoba_(genshin_impact) hu_tao_(autumn_pop-up_store)_(genshin_impact) hu_tao_(genshin_impact) xiangling_(autumn_pop-up_store)_(genshin_impact) xiangling_(genshin_impact) xingqiu_(genshin_impact),genshin_impact,2boys 2girls bag bare_shoulders basket blouse blue_eyes blue_hair book braid breasts brown_hair casual chili_pepper contemporary earrings fedora flower food hair_ornament hairclip hat hat_flower holding_hands ice_cream jewelry multiple_boys multiple_girls off-shoulder_shirt off_shoulder official_alternate_costume one_eye_closed open_mouth panda pants red_eyes ring school_uniform shirt shopping shopping_bag skirt smile twin_braids twintails wristband yellow_eyes,absurdres highres official_art,ee7c003e23f73a28300007c3ef26ee17
xiangling_(new_year's_cheer)_(genshin_impact),2025-12-06T10:43:32.779-05:00,candidate,post,9725950,,Profile,https://danbooru.donmai.us/wiki_pages/xiangling_(new_year's_cheer)_(genshin_impact),,,,,https://danbooru.donmai.us/posts/9725950,https://genshin-impact.fandom.com/wiki/File:Character_Xiangling_New_Year%27s_Cheer_Full_Wish.png,guoba_(genshin_impact) xiangling_(genshin_impact) xiangling_(new_year's_cheer)_(genshin_impact),genshin_impact,1girl :d animal_ears animal_hat arm_up awning bamboo_steamer bandaid bandaid_on_leg bear_hat black_shoes black_shorts blue_hair boned_meat box braid brown_hat brown_leg_warmers carrot_hair_ornament counter fake_animal_ears food food-themed_hair_ornament food_stand fried_radish_balls_(genshin_impact) fur-trimmed_jacket fur-trimmed_sleeves fur_trim hair_between_eyes hair_ornament hairclip hand_up hat holding holding_food holding_skewer jacket lantern leg_up leg_warmers long_sleeves looking_at_viewer low_twin_braids meat medium_hair noren official_alternate_costume open_mouth paper_lantern pom_pom_(clothes) red_jacket restaurant shelf shoes short_eyebrows short_shorts shorts sign skewer sky_lantern smile solo standing standing_on_one_leg steam stone_floor teeth thick_eyebrows thigh_strap transparent_background twin_braids upper_teeth_only vision_(genshin_impact) yellow_eyes,absurdres commentary english_commentary highres official_art third-party_source,e38381b959457ed96ca012dc2b6fe7ce
xianyun_(genshin_impact),2025-12-06T06:36:12.984-05:00,candidate,post,6993620,,,https://danbooru.donmai.us/wiki_pages/xianyun_(genshin_impact),,,,,https://danbooru.donmai.us/posts/6993620,https://twitter.com/genshin_7/status/1736687758494634442,xianyun_(genshin_impact),genshin_impact,1girl alternate_form aqua_eyes black_dress black_gloves black_hair black_pantyhose blue_hair breasts colored_inner_hair dress full_body glasses gloves green_hair hair_ornament hand_up high_heels long_hair long_sleeves medium_breasts multicolored_hair pantyhose red-framed_eyewear solo standing tassel tassel_hair_ornament very_long_hair,commentary_request highres official_art second-party_source,853052a149f673bff29b1a2a10c7daf1
xilonen_(genshin_impact),2026-06-27T17:58:51.837-04:00,candidate,post,8055483,,Default,https://danbooru.donmai.us/wiki_pages/xilonen_(genshin_impact),,,,,https://danbooru.donmai.us/posts/8055483,https://twitter.com/GenshinImpact/status/1828009598072307788,xilonen_(genshin_impact),genshin_impact,1girl animal_ear_fluff animal_ears ass backless_outfit bare_back bare_legs bare_shoulders black_shorts blonde_hair bracelet breasts cutoffs dark_skin full_body fur_trim green_eyes high-waist_shorts high_heel_sandals high_heels jaguar_ears jaguar_tail jewelry kneepits large_breasts long_hair looking_at_viewer off_shoulder platform_heels sandals short_shorts shorts solo standing tail thighs,commentary english_commentary highres official_art,f93f7ea6ba5c8e37503c86b21fa17f06
xilonen_(genshin_impact),2026-06-27T17:58:51.837-04:00,candidate,post,8612226,Xilonen (Hello Cycling) (Genshin Impact),Hello Cycling,https://danbooru.donmai.us/wiki_pages/xilonen_(genshin_impact),https://danbooru.donmai.us/wiki_pages/Xilonen_(Hello_Cycling)_(Genshin_Impact),found,2026-06-27T16:02:14.236-04:00,An [[official alternate costume]] of [[Genshin Impact|Genshin Impact's]] [[Xilonen (Genshin Impact)|]] from a collaboration with Hello Cycling.,https://danbooru.donmai.us/posts/8612226,https://twitter.com/Genshin_7/status/1870099584636141994,ajaw_(genshin_impact) chasca_(genshin_impact) chasca_(hello_cycling)_(genshin_impact) kinich_(genshin_impact) kinich_(hello_cycling)_(genshin_impact) mualani_(genshin_impact) mualani_(hello_cycling)_(genshin_impact) xilonen_(genshin_impact) xilonen_(hello_cycling)_(genshin_impact),genshin_impact,1boy 3girls ahoge animal_ears arm_up arms_up bag belt bicycle black_belt black_pants blonde_hair blue_bra blue_eyes blue_hair blue_shorts blue_sky blunt_bangs bra bracelet chibi chibi_only clenched_hand closed_mouth clothes_around_waist cloud cloudy_sky contemporary crop_top cropped_jacket elf eyewear_on_head fingerless_gloves friends gloves gradient_hair green_eyes green_hair hair_between_eyes hair_over_one_eye hand_in_own_hair hand_on_own_hip handbag happy hat head_tilt headband high-waist_pants high_collar high_ponytail hood hoodie huge_ahoge jacket jacket_around_waist jewelry kneehighs long_hair long_sleeves looking_at_viewer looking_to_the_side multicolored_eyes multicolored_hair multiple_girls navel necklace official_alternate_costume open_clothes open_jacket open_mouth outdoors pants pointy_ears ponytail purple_hair red_bra red_eyes red_lips shade short_shorts short_sleeves shorts sitting sky socks standing stomach streaked_hair sunglasses tail tan underwear white_gloves wrist_cuffs yellow_jacket,commentary_request official_art,81a60827a1ff59d04d24f8a29c9bcb7a
xinyan_(genshin_impact),2025-12-06T06:34:13.586-05:00,candidate,post,4226801,,,https://danbooru.donmai.us/wiki_pages/xinyan_(genshin_impact),,,,,https://danbooru.donmai.us/posts/4226801,https://static.wikia.nocookie.net/gensin-impact/images/7/72/Xinyan_Portrait.png/revision/latest?cb=20201128161608&format=original,xinyan_(genshin_impact),genshin_impact,1girl bass_guitar black_nails black_shoes braid breasts brown_hair closed_mouth dark-skinned_female dark_skin drum full_body hair_ornament instrument jewelry long_sleeves looking_at_viewer lute_(instrument) multicolored_hair nail_polish open-toe_shoes orange_hair red_hair ring shoes short_hair short_twintails shorts shoulder_spikes small_breasts smile solo spiked_sandals spikes streaked_hair thigh_strap toenail_polish toenails transparent_background twintails vision_(genshin_impact) white_shorts yellow_eyes,absurdres highres official_art third-party_source,9683185abd6d78d481e523f1062743f3
xinyan_(genshin_impact),2025-12-06T06:34:13.586-05:00,candidate,post,5576191,Xinyan (2Nd Anniversary) (Genshin Impact),2nd Anniversary,https://danbooru.donmai.us/wiki_pages/xinyan_(genshin_impact),https://danbooru.donmai.us/wiki_pages/Xinyan_(2Nd_Anniversary)_(Genshin_Impact),found,2022-11-28T12:11:52.455-05:00,A costume for [[Xinyan_(Genshin_Impact)|]] from [[Genshin Impact]].,https://danbooru.donmai.us/posts/5576191,https://twitter.com/mizuyo_/status/1442023098794921984,chongyun_(2nd_anniversary)_(genshin_impact) chongyun_(genshin_impact) kamisato_ayaka kamisato_ayaka_(2nd_anniversary) venti_(2nd_anniversary)_(genshin_impact) venti_(genshin_impact) xinyan_(2nd_anniversary)_(genshin_impact) xinyan_(genshin_impact),genshin_impact,2boys 2girls alternate_costume alternate_hairstyle bandaged_arm bandages bandaid bandaid_on_knee bandaid_on_leg bare_shoulders belt belt_buckle belt_pouch black_boots black_bow black_choker black_gloves black_hair black_nails black_shoes blue_eyes blue_eyeshadow blue_hair blue_shoes blunt_bangs boots bow braid buckle chain charm_(object) chinese_clothes choker closed_mouth clothing_cutout collarbone contrapposto covered_navel dark-skinned_female dark_skin dragon_print earrings eyeshadow fingerless_gloves fingernails fishnets gloves gradient_clothes green_eyes grey_background guitar hair_between_eyes hair_bow hair_ornament hair_slicked_back hat heart heart_cutout high_heel_boots high_heels holding hood hood_down hooded_jacket instrument jacket jewelry long_hair long_sleeves makeup multicolored_hair multiple_boys multiple_girls o-ring off_shoulder open-toe_boots open_mouth parted_lips pink_bow pouch red_hair ribbon see-through_clothes shoes shoulder_cutout simple_background single_earring sketch sleeves_past_wrists smile sneakers snowflake_print socks spikes standing tassel tassel_earrings thigh_strap vision_(genshin_impact) white_hat white_socks x_hair_ornament,commentary_request highres,29069005019680b34d18b190d9f9c03d
yae_miko,2026-09-03T03:48:02.974-04:00,candidate,post,5019741,,Default,https://danbooru.donmai.us/wiki_pages/yae_miko,,,,,https://danbooru.donmai.us/posts/5019741,https://twitter.com/genshinimpactfr/status/1476942842874449923,yae_miko,genshin_impact,1girl animal_ears company_name detached_sleeves earrings fox_ears fox_girl hair_ornament high_heels japanese_clothes jewelry long_hair long_sleeves pink_hair purple_eyes solo teeth,commentary french_commentary highres official_art second-party_source,5fb8629084553a11c9c241ccb6ccc536
yae_miko,2026-09-03T03:48:02.974-04:00,candidate,post,6990516,Yae Miko (2nd anniversary),2nd Anniversary,https://danbooru.donmai.us/wiki_pages/yae_miko,https://danbooru.donmai.us/wiki_pages/Yae_Miko_(2nd_anniversary),found,2024-11-14T07:04:13.170-05:00,"[[Yae Miko]]'s costume based on 2022 Genshin Impact Anniversary ""countdown artwork"":[https://trarosrhea.lofter.com/post/1d2c5c58_2b6da3ff7].",https://danbooru.donmai.us/posts/6990516,https://twitter.com/rudang1313/status/1579105450280120322,yae_miko yae_miko_(2nd_anniversary),genshin_impact,1girl animal_ears belt black_gloves breasts cape earrings flower_symbol fox_ears fox_girl gloves hair_ornament hand_fan jewelry looking_at_viewer medium_breasts official_alternate_costume pants paper_fan parted_lips pink_hair purple_eyes red_cape signature simple_background smile solo white_background white_pants,absurdres commentary english_commentary highres,5b14bf0cddf6e4a8237a20988ce2bcd3
yae_miko,2026-09-03T03:48:02.974-04:00,candidate,post,6696253,Yae Miko (autumn pop-up store),Autumn Pop-up Store,https://danbooru.donmai.us/wiki_pages/yae_miko,https://danbooru.donmai.us/wiki_pages/Yae_Miko_(autumn_pop-up_store),found,2024-11-14T07:04:16.222-05:00,"[[Yae Miko]]'s costume based on ""Pop-up store collaboration artwork"":[https://twitter.com/genshinimpactkr/status/1684750749321101312].",https://danbooru.donmai.us/posts/6696253,https://twitter.com/GiantBaby_2021/status/1703317887161929757,yae_miko yae_miko_(autumn_pop-up_store),genshin_impact,1girl animal_ears belt beret blush bracelet breasts brown_belt building cellphone cloud cowboy_shot earrings fingernails fox_ears fox_girl hair_between_eyes hair_ornament hat holding holding_phone jewelry large_breasts long_hair looking_back nail_polish official_alternate_costume open_mouth outdoors pantyhose phone pink_hair pink_nails purple_eyes red_skirt sidelocks skirt sky smartphone smile solo standing,commentary_request highres,a9aa79c015f8e261a3fbe32cc8789312
yae_miko,2026-09-03T03:48:02.974-04:00,candidate,post,7928409,Yae Miko (Genshin Fes 2024),Genshin Fes 2024,https://danbooru.donmai.us/wiki_pages/yae_miko,https://danbooru.donmai.us/wiki_pages/Yae_Miko_(Genshin_Fes_2024),found,2026-05-30T17:30:27.900-04:00,A costume of [[Yae Miko|]] from [[Genshin Impact]] from the promotional art for the 2024 Genshin Fes.,https://danbooru.donmai.us/posts/7928409,https://lingxiaoxiaoxiaoyan.lofter.com/post/1f47480c_2bc47fe7b,yae_miko yae_miko_(genshin_fes_2024),genshin_impact,1girl alternate_costume animal_ears black_ribbon black_skirt bow brooch center_frills cherry_blossoms cowboy_shot floppy_ears fox_ears fox_girl frills gloves hair_between_eyes hair_bow hand_up hat jacket jewelry juliet_sleeves long_hair long_sleeves looking_at_viewer monocle parted_lips pink_hair puffy_sleeves purple_eyes red_hat red_jacket ribbon shirt skirt solo very_long_hair white_gloves white_shirt,commentary_request highres,c857215a2a475458ab12ba491b02808d
yae_miko,2026-09-03T03:48:02.974-04:00,candidate,post,8889444,Yae Miko (resplendent feast),Resplendent Feast,https://danbooru.donmai.us/wiki_pages/yae_miko,https://danbooru.donmai.us/wiki_pages/Yae_Miko_(resplendent_feast),found,2025-05-03T13:45:57.466-04:00,"[[Yae Miko]]'s [[official alternate costume]] from the ""Resplendent Feast merchandise collection"":[https://www.weibo.com/7587837369/5136457663254841].",https://danbooru.donmai.us/posts/8889444,https://www.weibo.com/7587837369/5136457663254841,yae_miko yae_miko_(resplendent_feast),genshin_impact,1girl animal_ears backless_dress backless_outfit bag bare_shoulders black_gloves character_name dress elbow_gloves feather_boa fox_ears fox_girl gloves hair_between_eyes handbag hat hat_feather holding holding_bag long_hair pink_hair purple_eyes smile solo white_dress white_hat,commentary_request highres official_art second-party_source,55e8aaa81d6bf8a38ee51f795d2254bc
yae_miko,2026-09-03T03:48:02.974-04:00,candidate,post,8427321,Yae Miko (Douyin),Douyin,https://danbooru.donmai.us/wiki_pages/yae_miko,https://danbooru.donmai.us/wiki_pages/Yae_Miko_(Douyin),found,2025-12-06T13:54:05.274-05:00,"[[Yae Miko]]'s [[official alternate costume|costume]] from [[Genshin Impact]] X ""Douyin collaboration"":[https://www.douyin.com/video/7436608475335118106].",https://danbooru.donmai.us/posts/8427321,https://www.miyoushe.com/sr/article/59343908,yae_miko yae_miko_(douyin),genshin_impact,1girl animal_ears arm_up bare_shoulders blue_nails cellphone coat floating_hair fox_ears fox_girl fox_shadow_puppet hand_up holding holding_phone long_hair long_sleeves looking_at_phone night official_alternate_costume one_eye_closed open_clothes open_coat outdoors phone pink_hair pink_nails purple_eyes sky smartphone solo standing thigh_strap thighs very_long_hair white_coat,commentary_request highres,539c0d6fe68287a02ead688eba2e06b2
yae_miko,2026-09-03T03:48:02.974-04:00,candidate,post,9247765,Yae Miko (Pulse+),Pulse+,https://danbooru.donmai.us/wiki_pages/yae_miko,https://danbooru.donmai.us/wiki_pages/Yae_Miko_(Pulse%2B),found,2025-12-06T13:50:15.797-05:00,"[[Yae Miko]]'s [[official alternate costume|costume]] from [[Genshin Impact]] X ""Pulse+ collaboration"":[https://t.bilibili.com/1059770351238512692].",https://danbooru.donmai.us/posts/9247765,https://www.bilibili.com/opus/1062777128982937641?spm_id_from=333.1387.0.0,yae_miko yae_miko_(pulse+),genshin_impact,1girl animal_ears ball bare_shoulders basketball_(object) basketball_(sport) bike_shorts bike_shorts_under_shorts black_shorts blue_sky closed_mouth clothes_writing cloud crop_top day fox_ears full_body hand_on_own_hip jacket knee_pads long_hair long_sleeves looking_at_viewer midriff navel off_shoulder official_alternate_costume open_clothes open_jacket pink_hair purple_eyes red_shorts shirt shoes shorts sky sleeveless sleeveless_shirt smile socks standing stomach thighs very_long_hair white_jacket white_shirt white_socks,absurdres chinese_commentary commentary_request highres official_art third-party_source,eb5c8f3eb6cc258f9b3d48c2eafc2c6b
yae_miko,2026-09-03T03:48:02.974-04:00,candidate,post,7049085,Yae Miko (Teyvat Turboflux),Teyvat Turboflux,https://danbooru.donmai.us/wiki_pages/yae_miko,https://danbooru.donmai.us/wiki_pages/Yae_Miko_(Teyvat_Turboflux),found,2025-07-30T20:59:23.091-04:00,"A costume of [[Yae Miko|]] from [[Genshin Impact]] from the promotional art for the [[HoyoFair]] 2024 ""Teyvat Turboflux: Tail-Light Trail"" video.",https://danbooru.donmai.us/posts/7049085,https://twitter.com/Baek_Hyang01/status/1742334960248471890,yae_miko yae_miko_(teyvat_turboflux),genshin_impact,1girl animal_ears bare_shoulders belt black_skirt black_thighhighs breasts cleavage crop_top detached_sleeves eyewear_on_head fox_ears fox_girl fox_print full_body head_tilt headphones headphones_around_neck headset hoyofair long_hair looking_at_viewer low-tied_long_hair medium_breasts midriff miniskirt navel pencil_skirt pink_hair purple_eyes simple_background skirt smile solo standing stomach sunglasses thigh_strap thighhighs thighs very_long_hair white_background white_belt zettai_ryouiki,absurdres commentary highres,a28d9d81fa953868c497f923e4c307bb
yae_miko,2026-09-03T03:48:02.974-04:00,candidate,post,9994184,Yae Miko (Parallels Meet),Parallels Meet,https://danbooru.donmai.us/wiki_pages/yae_miko,https://danbooru.donmai.us/wiki_pages/Yae_Miko_(Parallels_Meet),found,2025-09-25T21:49:36.469-04:00,"A costume of [[Yae Miko|]] from [[Genshin Impact]] from the promotional art for the [[HoyoFair]] 2025 ""Parallels Meet"" video.",https://danbooru.donmai.us/posts/9994184,https://twitter.com/aoirooto/status/1969401569847492837,lynette_(genshin_impact) lynette_(parallels_meet)_(genshin_impact) lyney_(genshin_impact) lyney_(parallels_meet)_(genshin_impact) scaramouche_(genshin_impact) wanderer_(genshin_impact) wanderer_(parallels_meet)_(genshin_impact) yae_miko yae_miko_(parallels_meet),genshin_impact,+_+ 2boys 2girls animal_ear_fluff animal_ears bead_necklace beads black_gloves black_hair black_shoes bracelet breasts cat_tail character_name chinese_clothes detached_sleeves double_bun dress earrings facial_mark fingerless_gloves flower fox_ears fox_girl full_body gloves grey_background grey_hair hair_between_eyes hair_bun hair_over_one_eye hat heart high_heels holding holding_smoking_pipe hoyofair indoors jacket jewelry kiseru lantern large_breasts long_hair long_sleeves looking_at_viewer multicolored_hair multiple_boys multiple_girls necklace off_shoulder open_clothes open_jacket open_mouth parted_lips pink_hair qipao red_flower ring round_eyewear shoes short_sleeves simple_background sitting smoking_pipe sparkle standing star_(symbol) star_facial_mark streaked_hair tail teardrop_facial_mark wide_sleeves,absurdres commentary_request highres,0dc9375404037a4f3477febeaa94606e
yae_miko,2026-09-03T03:48:02.974-04:00,candidate,post,5382946,Yae Miko (Fox),Fox,https://danbooru.donmai.us/wiki_pages/yae_miko,https://danbooru.donmai.us/wiki_pages/Yae_Miko_(Fox),found,2025-12-06T13:53:20.523-05:00,The [[fox]] form of [[Yae Miko]] from [[Genshin Impact]].,https://danbooru.donmai.us/posts/5382946,https://twitter.com/xinzoruo/status/1529428900924645376,yae_miko yae_miko_(fox),genshin_impact,animal closed_eyes earrings electricity fox jewelry no_humans open_mouth rock sky solo,commentary english_commentary highres,6894934410f66516aebcdea436b2f4fd
yae_miko_(2nd_anniversary),2024-11-14T07:04:13.170-05:00,appearance_missing,,,,,https://danbooru.donmai.us/wiki_pages/yae_miko_(2nd_anniversary),,,,,,,,,,,
yanfei_(genshin_impact),2025-12-06T06:34:44.801-05:00,candidate,post,4552046,,Profile,https://danbooru.donmai.us/wiki_pages/yanfei_(genshin_impact),,,,,https://danbooru.donmai.us/posts/4552046,https://static.wikia.nocookie.net/gensin-impact/images/e/e5/Character_Yanfei_Portrait.png/revision/latest?cb=20210504205222,yanfei_(genshin_impact),genshin_impact,1girl :d antlers armpits balance_scale bare_legs boots bow breasts chinese_clothes chinese_guardian_lion contrapposto deer_antlers detached_sleeves dragon full_body fur-trimmed_boots fur_trim green_eyes hat holding horns lion long_sleeves midriff open_mouth outstretched_arms pink_hair red_boots red_hat red_theme scales side-tie_skirt small_breasts smile solo transparent_background tsurime weighing_scale wide_sleeves xiezhi_guan yellow_bow,absurdres highres official_art third-party_source,3a1888ba936ac9bb341efd6e3fe174ff
yaoyao_(genshin_impact),2026-07-22T11:34:19.873-04:00,candidate,post,5884868,,Profile,https://danbooru.donmai.us/wiki_pages/yaoyao_(genshin_impact),,,,,https://danbooru.donmai.us/posts/5884868,https://twitter.com/GenshinImpact/status/1601070827868495873,yaoyao_(genshin_impact) yuegui_(genshin_impact),genshin_impact,1girl backpack_basket basket bell boots bow-shaped_hair brown_hair hair_bell hair_ornament holding jingle_bell leg_up logo long_sleeves looking_at_viewer solo stuffed_animal stuffed_toy,english_commentary highres official_art second-party_source,034d6b3dc7d06beff3841f02ab1b988d
yaoyao_(genshin_impact),2026-07-22T11:34:19.873-04:00,candidate,post,10597640,Yaoyao (Rainlit Bamboo Reverie) (Genshin Impact),Rainlit Bamboo Reverie,https://danbooru.donmai.us/wiki_pages/yaoyao_(genshin_impact),https://danbooru.donmai.us/wiki_pages/Yaoyao_(Rainlit_Bamboo_Reverie)_(Genshin_Impact),found,2026-01-12T20:04:52.074-05:00,"An [[official alternate costume|official costume]] of [[Genshin Impact]]'s [[Yaoyao (genshin impact)|]], released in version ""Luna IV"" (6.3).",https://danbooru.donmai.us/posts/10597640,UI_Costume_YaoyaoCostumeWinter.png,yaoyao_(genshin_impact) yaoyao_(rainlit_bamboo_reverie)_(genshin_impact) yuegui_(genshin_impact),genshin_impact,1girl :d bamboo bird black_shoes brown_eyes brown_hair flower grass green_shirt green_umbrella holding holding_umbrella long_sleeves looking_at_viewer official_alternate_costume open_mouth rock shirt shoes short_hair simple_background sitting smile solo transparent_background umbrella white_flower,game_asset highres non-web_source official_art self-datamine,b2854a0c572129e91d2e9f79ad67be7d
yaoyao_(rainlit_bamboo_reverie)_(genshin_impact),2026-01-12T20:04:52.074-05:00,candidate,post,10597640,,Profile,https://danbooru.donmai.us/wiki_pages/yaoyao_(rainlit_bamboo_reverie)_(genshin_impact),,,,,https://danbooru.donmai.us/posts/10597640,UI_Costume_YaoyaoCostumeWinter.png,yaoyao_(genshin_impact) yaoyao_(rainlit_bamboo_reverie)_(genshin_impact) yuegui_(genshin_impact),genshin_impact,1girl :d bamboo bird black_shoes brown_eyes brown_hair flower grass green_shirt green_umbrella holding holding_umbrella long_sleeves looking_at_viewer official_alternate_costume open_mouth rock shirt shoes short_hair simple_background sitting smile solo transparent_background umbrella white_flower,game_asset highres non-web_source official_art self-datamine,b2854a0c572129e91d2e9f79ad67be7d
yelan_(genshin_impact),2026-04-02T08:20:12.334-04:00,candidate,post,5936072,,Default,https://danbooru.donmai.us/wiki_pages/yelan_(genshin_impact),,,,,https://danbooru.donmai.us/posts/5936072,https://static.wikia.nocookie.net/gensin-impact/images/0/0b/Yelan_Portrait.png/revision/20230826070956?format=original,yelan_(genshin_impact),genshin_impact,1girl armpits backless_dress backless_outfit blue_hair boots breasts dress full_body gloves green_eyes halter_dress halterneck high_heel_boots high_heels looking_at_viewer medium_breasts simple_background solo tachi-e transparent_background,official_art third-party_source,0a77434ce03a9c722745ba1f73441640
yelan_(genshin_impact),2026-04-02T08:20:12.334-04:00,candidate,post,9712709,Yelan (Tranquil Banquet) (Genshin Impact),Tranquil Banquet,https://danbooru.donmai.us/wiki_pages/yelan_(genshin_impact),https://danbooru.donmai.us/wiki_pages/Yelan_(Tranquil_Banquet)_(Genshin_Impact),found,2025-12-06T10:29:00.159-05:00,"An [[official alternate costume|official costume]] of [[Genshin Impact]]'s [[Yelan (genshin impact)|]], released in version 5.8.",https://danbooru.donmai.us/posts/9712709,https://static.wikia.nocookie.net/gensin-impact/images/9/90/Character_Yelan_Tranquil_Banquet_Full_Wish.png?format=original,yelan_(genshin_impact) yelan_(tranquil_banquet)_(genshin_impact),genshin_impact,1girl armlet bare_legs bare_shoulders black_gloves blue_bow blue_dress blue_flower blue_hair book book_stack bottle bow bracelet breasts cleavage cup dress drinking_glass feather_boa flower gloves green_eyes hair_ornament hair_over_one_eye halter_dress halterneck holding holding_cup jewelry looking_at_viewer medium_breasts mole mole_on_breast official_alternate_costume official_alternate_hairstyle short_dress short_hair single_glove smile solo transparent_background wine_glass wrist_cuffs,official_art third-party_source,8c72b9302cca1067f0a9bf0f8d9e53bb
yelan_(genshin_impact),2026-04-02T08:20:12.334-04:00,candidate,post,9248171,Yelan (Pizza Hut) (Genshin Impact),Pizza Hut,https://danbooru.donmai.us/wiki_pages/yelan_(genshin_impact),https://danbooru.donmai.us/wiki_pages/Yelan_(Pizza_Hut)_(Genshin_Impact),found,2025-12-06T10:06:08.689-05:00,"[[Yelan_(Genshin_Impact)|]]'s [[official alternate costume|costume]] from 2023 [[Genshin Impact]] X ""Pizza Hut collaboration"":[https://www.weibo.com/1898229275/Mtt7gg8P0].",https://danbooru.donmai.us/posts/9248171,https://www.bilibili.com/opus/763747878128582657?spm_id_from=333.1387.0.0,ningguang_(genshin_impact) ningguang_(pizza_hut)_(genshin_impact) yelan_(genshin_impact) yelan_(pizza_hut)_(genshin_impact),genshin_impact pizza_hut,2girls aqua_eyes bag beret black_boots black_gloves black_hat blue_hair bob_cut boots breasts closed_mouth diagonal_bangs dress full_body gloves hair_ornament hat high-waist_pants high-waist_skirt high_heels holding holding_umbrella long_hair looking_at_viewer multiple_girls official_alternate_costume official_alternate_hairstyle pants parted_bangs parted_lips red_eyes shirt short_hair sidelocks skirt smile standing umbrella white_hair,absurdres chinese_commentary commentary_request highres official_art third-party_source,4bb5fcbdca3176a1f8ebecf37d47ca16
yelan_(tranquil_banquet)_(genshin_impact),2025-12-06T10:29:00.159-05:00,candidate,post,9712709,,Profile,https://danbooru.donmai.us/wiki_pages/yelan_(tranquil_banquet)_(genshin_impact),,,,,https://danbooru.donmai.us/posts/9712709,https://static.wikia.nocookie.net/gensin-impact/images/9/90/Character_Yelan_Tranquil_Banquet_Full_Wish.png?format=original,yelan_(genshin_impact) yelan_(tranquil_banquet)_(genshin_impact),genshin_impact,1girl armlet bare_legs bare_shoulders black_gloves blue_bow blue_dress blue_flower blue_hair book book_stack bottle bow bracelet breasts cleavage cup dress drinking_glass feather_boa flower gloves green_eyes hair_ornament hair_over_one_eye halter_dress halterneck holding holding_cup jewelry looking_at_viewer medium_breasts mole mole_on_breast official_alternate_costume official_alternate_hairstyle short_dress short_hair single_glove smile solo transparent_background wine_glass wrist_cuffs,official_art third-party_source,8c72b9302cca1067f0a9bf0f8d9e53bb
yoimiya_(genshin_impact),2026-03-29T11:58:44.657-04:00,candidate,post,5307242,,Official Artwork,https://danbooru.donmai.us/wiki_pages/yoimiya_(genshin_impact),,,,,https://danbooru.donmai.us/posts/5307242,https://twitter.com/Genshin_7/status/1401842878993866754,yoimiya_(genshin_impact),genshin_impact,1girl arm_tattoo asymmetrical_hair asymmetrical_legwear bandaged_arm bandaged_hand bandaged_leg bandages bare_shoulders black_thighhighs blonde_hair bow_(weapon) breast_tattoo breasts chest_sarashi choker dynamic_pose eyeliner flower_tattoo full_body hadanugi_dousa hamayumi_(genshin_impact) holding holding_bow_(weapon) holding_weapon japanese_clothes kimono leg_armor looking_at_viewer makeup medium_breasts orange_eyes orange_kimono red_choker rope sarashi shimenawa solo tabi tattoo thighhighs uneven_legwear weapon,commentary_request highres official_art second-party_source translation_request,5db7da53c52da1cc556ecdef07f64487
yoimiya_(genshin_impact),2026-03-29T11:58:44.657-04:00,candidate,post,7323644,yoimiya_(lawson)_(genshin_impact),Lawson,https://danbooru.donmai.us/wiki_pages/yoimiya_(genshin_impact),https://danbooru.donmai.us/wiki_pages/yoimiya_(lawson)_(genshin_impact),found,2025-12-06T14:04:09.554-05:00,"[[Yoimiya_(Genshin_Impact)|Naganohara Yoimiya]]'s [[official alternate costume|costume]] from [[Genshin Impact]] X ""Lawson collaboration"":[https://t.bilibili.com/727133689909084257].",https://danbooru.donmai.us/posts/7323644,https://t.bilibili.com/727133689909084257,yoimiya_(genshin_impact) yoimiya_(lawson)_(genshin_impact),genshin_impact lawson,1girl :d ;d belt blonde_hair blue_shorts breasts can choker crop_top denim denim_shorts full_body hand_on_own_hip hand_up holding holding_can jacket long_hair long_sleeves looking_at_viewer medium_breasts midriff navel official_alternate_costume one_eye_closed open_clothes open_jacket open_mouth orange_eyes ponytail puffy_long_sleeves puffy_sleeves shirt shoes short_shorts shorts skindentation smile sneakers solo standing stomach thighhighs thighs torn_clothes torn_shorts two-tone_shirt white_choker white_jacket white_shirt white_shoes white_thighhighs,artist_request commentary_request highres official_art,9af2ec703bd0cf9d9bcca0e8d77dae12
yoimiya_(genshin_impact),2026-03-29T11:58:44.657-04:00,asset_no_post_tags,asset,47224875,Yoimiya (Resplendent Feast) (Genshin Impact),Resplendent Feast,https://danbooru.donmai.us/wiki_pages/yoimiya_(genshin_impact),https://danbooru.donmai.us/wiki_pages/Yoimiya_(Resplendent_Feast)_(Genshin_Impact),found,2026-03-29T11:58:32.797-04:00,A costume of [[Genshin Impact|Genshin Impact's]] [[Yoimiya (Genshin Impact)|]] from the 2026 Resplendent Feast merchandise collection.,https://danbooru.donmai.us/media_assets/47224875,,,,,,
yumemizuki_mizuki,2025-12-06T14:00:08.542-05:00,candidate,post,8671676,,Profile,https://danbooru.donmai.us/wiki_pages/yumemizuki_mizuki,,,,,https://danbooru.donmai.us/posts/8671676,https://twitter.com/genshinimpact/status/1876207330423111696,yumemizuki_mizuki,genshin_impact,1girl anemo_symbol_(genshin_impact) aqua_hair armpit_crease bare_shoulders bell black_sandals breasts closed_mouth copyright_name detached_sleeves frilled_hairband frills hairband hands_up japanese_clothes long_hair long_sleeves looking_at_viewer medium_breasts neck_bell nihongami okobo platform_sandals pointy_ears purple_eyes sandals smile socks tabi tail tapir_tail white_socks wide_sleeves,commentary english_commentary highres official_art,3366f05c20081b1897975937eef92842
yun_jin_(genshin_impact),2025-12-06T06:37:58.157-05:00,candidate,post,4931619,,Profile,https://danbooru.donmai.us/wiki_pages/yun_jin_(genshin_impact),,,,,https://danbooru.donmai.us/posts/4931619,https://twitter.com/Genshin_7/status/1462723781680640005,yun_jin_(genshin_impact),genshin_impact,1girl arm_up black_boots black_hair blunt_bangs boots braid company_name english_text eyeshadow full_body fur_trim hat holding holding_weapon knee_boots long_hair long_sleeves makeup pantyhose polearm pom_pom_(clothes) purple_hair purple_pantyhose red_eyes red_eyeshadow sidelocks smile solo tassel vision_(genshin_impact) weapon,commentary_request highres official_art second-party_source translation_request,a73ca0a31e32dfb216120aeb84d0e15f
zibai_(genshin_impact),2026-01-18T11:54:25.692-05:00,candidate,post,10411657,,,https://danbooru.donmai.us/wiki_pages/zibai_(genshin_impact),,,,,https://danbooru.donmai.us/posts/10411657,https://twitter.com/genshinimpact/status/1998966219408286197,zibai_(genshin_impact),genshin_impact,1girl braid breasts bright_pupils crescent crescent_hair_ornament crescent_moon dress earrings fur-trimmed_collar fur_trim green_shirt hair_ornament high_heels jewelry long_hair long_sleeves moon ponytail shirt short_dress sidelocks solo thighhighs white_dress white_hair white_pupils white_thighhighs wide_sleeves yellow_eyes,commentary english_commentary highres official_art,225da1843bfa3dd54e8de10e2b61d07d
