wiki_title,wiki_updated_at,status,image_type,image_id,form_title,label,wiki_url,form_wiki_url,form_wiki_status,form_wiki_updated_at,form_description,url,source,character_tags,copyright_tags,general_tags,meta_tags,md5
aki_minoriko,2026-03-30T21:53:54.459-04:00,candidate,post,8864099,,,https://danbooru.donmai.us/wiki_pages/aki_minoriko,,,,,https://danbooru.donmai.us/posts/8864099,https://wiki3.jp/890ss/page/342,aki_minoriko,hakurei_frontier_spell_strive touhou,1girl apron barefoot black_skirt blonde_hair food fruit full_body grape_hat_ornament grapes hat leaf long_sleeves looking_at_viewer mob_cap open_mouth print_apron red_apron red_eyes red_hat shirt skirt smile solo sweet_potato toes transparent_background wheat wheat_print wide_sleeves yellow_shirt,commentary_request game_asset highres official_art third-party_source,90765a499256b839acf9ddc3fb993ab6
aki_shizuha,2026-03-30T21:54:01.422-04:00,candidate,post,8864107,,,https://danbooru.donmai.us/wiki_pages/aki_shizuha,,,,,https://danbooru.donmai.us/posts/8864107,https://wiki3.jp/890ss/page/343,aki_shizuha,hakurei_frontier_spell_strive touhou,1girl autumn_leaves blonde_hair boots breasts brown_boots closed_mouth collared_shirt falling_leaves full_body ginkgo_leaf gradient_clothes gradient_skirt hair_ornament holding_own_skirt lace-up_boots leaf leaf_cutout leaf_hair_ornament long_sleeves looking_at_viewer maple_leaf red_skirt shirt skirt smile solo transparent_background yellow_eyes yellow_skirt,commentary_request game_asset highres official_art third-party_source,a21a3f01d93c12898be5a3055883bbf5
alice_margatroid,2026-04-14T06:39:45.342-04:00,candidate,post,7010229,,Profile,https://danbooru.donmai.us/wiki_pages/alice_margatroid,,,,,https://danbooru.donmai.us/posts/7010229,https://twitter.com/knk_momomo/status/1738349159575699908,alice_margatroid shanghai_doll,touhou,1girl artist_name blonde_hair blue_dress blue_eyes book capelet curly_hair doll dress frilled_dress frills full_body hairband holding holding_book long_sleeves no_shoes one_eye_closed puffy_long_sleeves puffy_sleeves red_hairband simple_background smile socks solo wavy_hair white_background white_capelet white_socks wings,absurdres commentary_request highres,559958099498e08f3225ddb27170495b
alice_margatroid,2026-04-14T06:39:45.342-04:00,candidate,post,6510318,Alice Margatroid (pc-98),PC-98,https://danbooru.donmai.us/wiki_pages/alice_margatroid,https://danbooru.donmai.us/wiki_pages/Alice_Margatroid_(pc-98),found,2026-04-06T00:15:51.051-04:00,"The [[Touhou (PC-98)|Touhou PC-98]] version of [[Alice Margatroid]] as she appeared in [[Mystic Square]]. This version of Alice is considerably [[aged down]] and wears a [[white_dress|pink/white dress]] with a [[blue apron]], a [[blue_hairband|matching headband]] with a ribbon on the side, as well as [[white socks]]. She has [[blonde hair]] and [[yellow_eyes|gold eyes]] like in all of her later appearances (except [[Perfect Cherry Blossom]]). She has carried her signature [[grimoire]] since the Extra Stage.

Her connection with [[Shinki (touhou)|]] is typically assumed by fans to be a [[mother",https://danbooru.donmai.us/posts/6510318,https://img.altema.jp/lostword/chara/stand/196.jpg,alice_margatroid alice_margatroid_(pc-98) alice_margatroid_(scarlet),touhou touhou_(pc-98) touhou_lostword,1girl ascot blonde_hair blue_hairband blue_shoes blue_skirt bobby_socks book capelet closed_mouth frilled_skirt frills full_body green_eyes hairband holding holding_book long_sleeves looking_at_viewer red_ascot shirt shoes short_hair simple_background skirt smile socks solo white_background white_capelet white_shirt white_socks,game_asset highres official_art third-party_source,e27dde7b27d2396f954f1c1fa0ce74ae
alice_margatroid_(pc-98),2026-04-06T00:15:51.051-04:00,candidate,post,1222878,,,https://danbooru.donmai.us/wiki_pages/alice_margatroid_(pc-98),,,,,https://danbooru.donmai.us/posts/1222878,http://i1.pixiv.net/img55/img/w0ru-ts/29059713.jpg,alice_margatroid alice_margatroid_(pc-98),touhou touhou_(pc-98),1girl blonde_hair blue_hairband book bow flower frills hair_ribbon hairband ribbon short_hair skirt solo suspender_skirt suspenders yellow_eyes,absurdres bad_id bad_pixiv_id highres,b8b0dd24b8c9807473c1b60149d3846f
chen,2026-06-28T19:52:01.930-04:00,asset_no_post_tags,asset,26758660,Perfect Cherry Blossom,[[Perfect Cherry Blossom]],https://danbooru.donmai.us/wiki_pages/chen,https://danbooru.donmai.us/wiki_pages/Perfect_Cherry_Blossom,found,2021-08-15T23:13:38.756-04:00,"東方妖々夢 (""Touhou Youyoumu"") ~ Perfect Cherry Blossom
(""Bewitching Eastern Dream"")

Seventh game of the [[Touhou]] series and second of the Windows generation.

A near-endless winter drove [[Hakurei Reimu]], [[Kirisame Marisa]] and [[Izayoi Sakuya]] to investigate on the matter, learning that a near-eternal spring was also occurring in the Netherworld - one made under the wishes of its ""[[saigyouji_yuyuko|princess]]"", and which leads all the way to an [[yakumo_yukari|extremely powerful youkai]].

Preceded by [[Embodiment of Scarlet Devil]] and followed by [[Immaterial and Missing Power]].",https://danbooru.donmai.us/media_assets/26758660,,,,,,
chen,2026-06-28T19:52:01.930-04:00,candidate,post,6475465,Touhou LostWord,[[Touhou LostWord]],https://danbooru.donmai.us/wiki_pages/chen,https://danbooru.donmai.us/wiki_pages/Touhou_LostWord,found,2026-07-26T12:25:31.324-04:00,"[b]Touhou LostWord[/b] is a RPG-style mobile gacha [[Touhou]] doujin game developed by NextNinja and Good Smile Company. It released in Winter 2019/20 for Android and iOS platforms. The global version was released in May 2021.

The game features most characters from the source materials, but also [[alternate universe]] variations of them, which becomes an important element of the story.",https://danbooru.donmai.us/posts/6475465,https://img.altema.jp/lostword/chara/stand/17.jpg,chen,touhou touhou_lostword,1girl animal_ear_piercing animal_ears bow bowtie brown_eyes brown_hair brown_shoes cat_ears cat_girl closed_mouth fingernails frilled_skirt frills full_body green_hat hat long_fingernails long_sleeves looking_at_viewer mob_cap multiple_tails nekomata red_nails red_skirt red_vest shirt shoes short_hair simple_background skirt socks solo tail two_tails vest white_background white_bow white_bowtie white_shirt white_socks,game_asset highres official_art third-party_source,0c5065da9576dd44c5add339368bfbd3
cirno,2026-08-30T16:05:07.833-04:00,candidate,post,1482235,Double Dealing Character,[[Double Dealing Character]],https://danbooru.donmai.us/wiki_pages/cirno,https://danbooru.donmai.us/wiki_pages/Double_Dealing_Character,found,2023-02-28T02:25:52.317-05:00,"東方輝針城 ([i]Touhou Kishinjou[/i] - lit. ""Eastern Castle of Shining Needles"")

The fourteenth cardinal [[Touhou]] game, announced by [[ZUN]] on 11 May 2013.

It features the return of [[Izayoi Sakuya]] as a playable character, joining the usual protagonists [[Hakurei Reimu]] and [[Kirisame Marisa]].  The plot involves the three girls' trademark weapons all behaving oddly, as if they have minds of their own.  The game is, in ZUN's own words, ""Neither novel or retro, an ageless neo-retro [[danmaku]] shooter.""

The three-level demo was released 26 May 2013 during [[Reitaisai]] 10.
Full version was r",https://danbooru.donmai.us/posts/1482235,http://en.touhouwiki.net/images/d/d5/Th14Cirno.png,cirno,double_dealing_character touhou,1girl :d bad_anatomy bad_feet bad_hands barefoot blue_bow blue_dress blue_eyes blue_hair bow dress fairy full_body hair_bow hands_on_own_hips ice ice_wings looking_at_viewer neck_ribbon open_mouth red_ribbon ribbon short_hair smile solo transparent_background wings,lowres official_art,66e3e1b4f678bbb8e2dc9619e96a3905
cirno,2026-08-30T16:05:07.833-04:00,candidate,post,522239,Touhou Hisoutensoku,[[Touhou Hisoutensoku]],https://danbooru.donmai.us/wiki_pages/cirno,https://danbooru.donmai.us/wiki_pages/Touhou_Hisoutensoku,found,2026-08-29T14:15:31.732-04:00,"東方非想天則 ~ 超弩級ギニョルの謎を追え
(""Touhou Hisoutensoku ~ Choudokyuu Ginyoru no Nazo wo Oe"")
(""Unperceptive of Natural Laws of the East ~ Chase the Enigma of the Super Dreadnought Guignol"")

Sixteenth game of the [[Touhou]] series, eleventh in the Windows generation, and fourth spinoff, as well as the third fighting spinoff made in collaboration with Tasogare Frontier. Also known as  ""Touhou 12.3"".

A [[hisou_tensoku|mysterious giant]] was found roaming in [[Gensokyo]]. In their formal debut to the fighting spinoffs, [[Kochiya Sanae]], [[Cirno]] and [[Hong Meiling]] seek this giant out to answer questions",https://danbooru.donmai.us/posts/522239,,cirno,touhou touhou_hisoutensoku,1girl aqua_bow blue_dress blue_eyes blue_hair bow closed_mouth cowboy_shot dress hair_bow ice ice_wings pinafore_dress puffy_short_sleeves puffy_sleeves red_bow short_hair short_sleeves simple_background sleeveless sleeveless_dress smile solo tachi-e transparent_background wings,alpha_transparency official_art,dfd03893d896f96915376b6f14f2f442
cirno,2026-08-30T16:05:07.833-04:00,candidate,post,6475070,Strange Creators of Outer World,[[Strange Creators of Outer World]],https://danbooru.donmai.us/wiki_pages/cirno,https://danbooru.donmai.us/wiki_pages/Strange_Creators_of_Outer_World,found,2024-08-05T16:11:24.556-04:00,"An official [[Touhou]] magazine which began on 30 September 2015 and is published every three months by Kadokawa under the Dengeki Moeoh imprint. [i]Touhou[/i] creator [[ZUN]] has full supervision of the project. The magazine provides information to new fans of the series, introductions and interviews with creators of [i]Touhou[/i] doujin works and continues the print series [[Curiosities of Lotus Asia]].",https://danbooru.donmai.us/posts/6475070,https://en.touhouwiki.net/images/8/8f/Cirno_Whos_Who.png,cirno,strange_creators_of_outer_world touhou,1girl :d ;d blue_bow blue_dress blue_eyes blue_hair bobby_socks bow collared_shirt detached_wings dress fairy fairy_wings grin hair_bow ice ice_wings long_dress mary_janes neck_ribbon one_eye_closed pinafore_dress puffy_short_sleeves puffy_sleeves red_ribbon ribbon shirt shoes short_hair short_sleeves sleeveless sleeveless_dress smile socks solo white_shirt wings,highres official_art,d90768dcc4a04dc6b9f7b778531fb07a
cirno,2026-08-30T16:05:07.833-04:00,asset_no_post_tags,asset,49871277,Tanned Cirno,[[Tanned Cirno]] [br] [[Hidden Star In Four Seasons]],https://danbooru.donmai.us/wiki_pages/cirno,https://danbooru.donmai.us/wiki_pages/Tanned_Cirno,found,2026-08-30T15:54:29.436-04:00,"[[Cirno]] as she appears in [[Hidden Star In Four Seasons]].

She has a [[tan]] or [[tanlines]] and may have [[vines]] with [[flower]]s growing around her, with a [[sunflower]] on her clothes and a [[sunflower hair ornament]] in her hair.

In Japanese she is known as [i]Hiyake shita cirno[/i] (日焼けしたチルノ).",https://danbooru.donmai.us/media_assets/49871277,,,,,,
cirno,2026-08-30T16:05:07.833-04:00,candidate,post,3276495,,,https://danbooru.donmai.us/wiki_pages/cirno,,,,,https://danbooru.donmai.us/posts/3276495,https://www.4gamer.net/games/428/G042899/20180830170/,cirno,touhou,1girl arm_up bloomers blue_dress blue_eyes blue_hair bow brown_shoes dress full_body hair_bow ice ice_wings mary_janes open_mouth puffy_sleeves shoes short_hair short_sleeves simple_background solo underwear white_background wings,absurdres artist_request highres official_art photoshop_(medium),b69b87ffabab156739d17e46bdfc03aa
cirno,2026-08-30T16:05:07.833-04:00,candidate,post,5770586,Cirno (Yukata),Yukata,https://danbooru.donmai.us/wiki_pages/cirno,https://danbooru.donmai.us/wiki_pages/Cirno_(Yukata),found,2024-03-09T18:53:59.885-05:00,,https://danbooru.donmai.us/posts/5770586,https://i.pximg.net/img-original/img/2022/10/24/22/49/24/102206083_p0.jpg,cirno cirno_(yukata),touhou touhou_cannonball,1girl blue_bow blue_eyes blue_hair blush bow detached_wings fairy floral_print food hair_between_eyes hair_bow holding holding_spoon ice ice_wings japanese_clothes kimono long_sleeves obi open_mouth print_kimono sash shaved_ice short_hair simple_background solo spoon upper_body white_background white_kimono wide_sleeves wings,commentary_request,bad07fe4d527697581221b07e841dff4
cirno,2026-08-30T16:05:07.833-04:00,candidate,post,9001728,Cirno (White Ice Fairy Of Absolute Zero),White Ice Fairy of Absolute Zero,https://danbooru.donmai.us/wiki_pages/cirno,https://danbooru.donmai.us/wiki_pages/Cirno_(White_Ice_Fairy_Of_Absolute_Zero),found,2024-03-10T21:04:39.934-04:00,,https://danbooru.donmai.us/posts/9001728,https://lostword.sukusuku.top/post/274,cirno cirno_(white_ice_fairy_of_absolute_zero),touhou touhou_lostword,1girl alternate_costume ancient_greek_clothes blue_bow blue_hair blue_sky bow detached_wings dress edelweiss_(flower) flower full_body gladiator_sandals gold_trim grass greco-roman_clothes grin hair_bow hair_flower hair_ornament holding holding_jar holding_vase ice ice_wings jar looking_at_viewer mountain mountainous_horizon outdoors pouring purple_flower sandals sky smile snowflakes solo transparent_background vase white_dress white_flower white_sandals wings,flower_request game_asset highres official_art third-party_source,7ba0626b4b50888ba1192fac4d950e73
cirno,2026-08-30T16:05:07.833-04:00,candidate,post,9001738,Cirno (Fairy Floss Fairy),Fairy Floss Fairy,https://danbooru.donmai.us/wiki_pages/cirno,https://danbooru.donmai.us/wiki_pages/Cirno_(Fairy_Floss_Fairy),found,2024-03-10T21:04:16.241-04:00,,https://danbooru.donmai.us/posts/9001738,https://lostword.sukusuku.top/post/338,cirno cirno_(fairy_floss_fairy),touhou touhou_lostword,1girl ahoge alternate_costume animal_print balloon black_sandals black_sash blue_bow blue_eyes blue_hair blue_kimono blue_ribbon blush bow candy_apple cotton_candy floral_print food fox_mask frog frog_print hair_bow holding holding_cotton_candy holding_food ice ice_wings japanese_clothes kimono lily_pad looking_at_viewer mask mask_on_head obi obiage obijime outstretched_arms print_kimono ribbon sandals sash short_hair smile socks solo standing standing_on_one_leg tiptoes transparent_background unworn_mask water_yoyo white_socks wide_sleeves wings,game_asset highres official_art third-party_source,aa246bed4384942009f222a0dc1ecb5c
cirno,2026-08-30T16:05:07.833-04:00,candidate,post,11175743,Achi Cirno,[[Achi Cirno]],https://danbooru.donmai.us/wiki_pages/cirno,https://danbooru.donmai.us/wiki_pages/Achi_Cirno,found,2017-12-07T01:29:57.183-05:00,"An [[alternate element]] version of [[Cirno]] with a fire theme instead of ice (Achi=it's hot). A reverse Cirno, if you will.",https://danbooru.donmai.us/posts/11175743,https://i.pximg.net/img-original/img/2024/06/02/23/17/16/119292783_p19.png,achi_cirno cirno,touhou,1girl alternate_color alternate_element blue_ribbon bow closed_mouth collared_shirt cropped_torso dress expressionless fiery_wings fire hair_between_eyes hair_bow looking_to_the_side medium_hair neck_ribbon pinafore_dress red_bow red_dress red_eyes red_hair ribbon shirt short_sleeves simple_background sleeveless sleeveless_dress solo white_background white_shirt wing_collar wings,commentary highres,f1772ffb1465baf37632eb3b52c3d937
cirno,2026-08-30T16:05:07.833-04:00,candidate,post,2451998,Hapa Cirno,[[Hapa Cirno]],https://danbooru.donmai.us/wiki_pages/cirno,https://danbooru.donmai.us/wiki_pages/Hapa_Cirno,found,2026-08-30T16:02:44.586-04:00,"[[Leaf]]-based [[Cirno]]. Also, often used to describe [[marijuana]]-based Cirno.",https://danbooru.donmai.us/posts/2451998,https://www.deviantart.com/profitshame/art/Herbal-Memes-627659436,cirno hapa_cirno,touhou,1girl alternate_color alternate_costume alternate_element alternate_wings bloodshot_eyes bow bowtie breasts burning dress drugged drugs green_bow green_eyes green_hair green_wings hair_bow leaf_wings loafers marijuana shoes short_hair sitting small_breasts smirk smoke solo stoned wings,commentary english_commentary highres md5_mismatch,f21df93182da71bdbf91e7ca2195be89
cirno,2026-08-30T16:05:07.833-04:00,candidate,post,567395,Ikazu Cirno,[[Ikazu Cirno]],https://danbooru.donmai.us/wiki_pages/cirno,https://danbooru.donmai.us/wiki_pages/Ikazu_Cirno,found,2026-08-30T16:03:22.574-04:00,An alternate version of [[Cirno]] with an [[alternate element|alternate]] lightning theme instead of ice.,https://danbooru.donmai.us/posts/567395,https://i.pximg.net/img-original/img/2009/11/29/01/17/57/7394627_p0.jpg,cirno ikazu_cirno,touhou,1girl alternate_element barefoot blonde_hair blue_eyes bow circled_9 electricity hair_bow short_hair solo wings yellow_theme yellow_wings,commentary_request,1d0bff5ecb4cd4421e1a5a091ef08350
cirno,2026-08-30T16:05:07.833-04:00,candidate,post,1010901,Mizu Cirno,[[Mizu Cirno]],https://danbooru.donmai.us/wiki_pages/cirno,https://danbooru.donmai.us/wiki_pages/Mizu_Cirno,found,2026-08-30T16:03:57.454-04:00,The water form of [[Cirno]]. Commonly seen with other [[alternate element]] versions of her.,https://danbooru.donmai.us/posts/1010901,http://img13.pixiv.net/img/ebiebiebio/22219974.png,cirno mizu_cirno,touhou,1girl alternate_color alternate_element blue_dress blue_eyes blue_hair blue_theme blush bow dress fairy hair_bow hair_ribbon jellyfish ribbon short_hair solo underwater,bad_id bad_pixiv_id,3f4fde7b4e45cadfcc19602890160d7f
cirno,2026-08-30T16:05:07.833-04:00,candidate,post,3497478,Sakura Cirno,[[Sakura Cirno]],https://danbooru.donmai.us/wiki_pages/cirno,https://danbooru.donmai.us/wiki_pages/Sakura_Cirno,found,2026-08-30T16:04:35.101-04:00,A [[cherry blossoms|cherry blossom]] themed [[Cirno]].,https://danbooru.donmai.us/posts/3497478,https://i.pximg.net/img-original/img/2019/05/04/18/49/34/74555320_p0.jpg,cirno sakura_cirno,touhou,1girl :d alternate_color barefoot bow dress full_body hair_bow heart heart_wings looking_at_viewer neck_ribbon open_mouth own_hands_together pinafore_dress pink_bow pink_dress pink_eyes pink_hair puffy_short_sleeves puffy_sleeves red_ribbon ribbon shirt short_hair short_sleeves simple_background sleeveless sleeveless_dress smile solo white_background white_shirt wings,commentary,e88cec39327ea05e8b632179d107b733
cirno,2026-08-30T16:05:07.833-04:00,candidate,post,2413153,Cirno-nee,[[Cirno-nee]],https://danbooru.donmai.us/wiki_pages/cirno,https://danbooru.donmai.us/wiki_pages/Cirno-nee,found,2026-08-30T15:59:23.058-04:00,"An older version of [[Cirno]], usually depicted wearing a [[yellow scarf|yellow]] or [[orange scarf|orange]] [[scarf]] and a more [[mature female|mature]] demeanor, and sometimes has red-blue [[heterochromia]]. This version of Cirno appears on good terms with [[Remilia Scarlet]] and the other residents of the mansion.

[[Riicha]] popularized the use of Cirno-nee with his video manga series on NicoNico Douga. As far as Ricia's version goes, Cirno-nee is on really close terms with [[Remilia Scarlet]] as well as the rest of the [[Scarlet Devil Mansion]]. Remilia and the Scarlet Mansion is also on",https://danbooru.donmai.us/posts/2413153,http://i1.pixiv.net/img-original/img/2011/07/11/03/37/26/20238320_p0.jpg,cirno cirno-nee,touhou,1girl blue_dress blue_eyes blue_hair bow dress hair_bow ice ice_wings long_hair long_sleeves looking_at_viewer scarf simple_background smile solo wings,commentary_request,44a54952c233e8c5e64dd6e979fe9480
cirno,2026-08-30T16:05:07.833-04:00,candidate,post,5885983,Cirno (Siyumu's Outfit Design),Siyumu's Outfit Design,https://danbooru.donmai.us/wiki_pages/cirno,https://danbooru.donmai.us/wiki_pages/Cirno_(Siyumu's_Outfit_Design),found,2026-08-30T15:51:35.195-04:00,An [[alternate costume]] for [[Cirno]] made by [[Siyumu]].,https://danbooru.donmai.us/posts/5885983,https://i.pximg.net/img-original/img/2022/12/09/22/05/08/103471037_p0.jpg,cirno cirno_(siyumu's_outfit_design),touhou,1girl ahoge alternate_costume blue_bow blue_eyes blue_hair blue_ribbon blush bow buttons dress flower full_body hair_bow hair_flower hair_ornament ice ice_wings loafers long_sleeves looking_at_viewer neck_ribbon open_mouth pantyhose ponytail puffy_long_sleeves puffy_sleeves ribbon school_uniform serafuku shoes short_dress short_hair snowflake_print solo striped_bow white_background white_pantyhose wings yellow_flower,commentary highres,617e207d1a248bc36f27aff4c737966e
clownpiece,2025-08-26T10:25:35.815-04:00,candidate,post,2096789,,Profile (1),https://danbooru.donmai.us/wiki_pages/clownpiece,,,,,https://danbooru.donmai.us/posts/2096789,http://en.touhouwiki.net/images/6/63/ClownpieceTH15.png,clownpiece,legacy_of_lunatic_kingdom touhou,1girl :d american_flag_dress american_flag_legwear arm_at_side arm_up artistic_error bad_anatomy bad_hands blonde_hair blue_dress blue_pantyhose blush_stickers dress drop_shadow fairy fairy_wings fewer_digits fire flag_print flat_chest full_body happy hat holding holding_torch jester_cap leaning_to_the_side long_hair looking_at_viewer motion_blur neck_ruff no_shoes open_mouth pale_skin pantyhose polka_dot polka_dot_headwear pom_pom_(clothes) print_dress print_pantyhose purple_hat red_dress red_eyes red_pantyhose short_dress short_sleeves smile solo standing star_(symbol) star_print straight-on striped_clothes striped_dress striped_pantyhose torch transparent_background transparent_wings united_states very_long_hair wavy_hair wings zun_pose,alpha_transparency official_art,f89997e8cb1e96dba54945cd337dcac0
clownpiece,2025-08-26T10:25:35.815-04:00,candidate,post,6480129,,Profile (2),https://danbooru.donmai.us/wiki_pages/clownpiece,,,,,https://danbooru.donmai.us/posts/6480129,https://img.altema.jp/lostword/chara/stand/50.jpg,clownpiece,touhou touhou_lostword,1girl american_flag american_flag_legwear american_flag_print american_flag_shirt blonde_hair closed_mouth flag_print full_body hat holding holding_torch jester_cap long_hair looking_at_viewer neck_ruff pantyhose pink_eyes pink_hat polka_dot_headwear print_shirt purple_hat shirt short_sleeves simple_background smile solo star_(symbol) star_print striped_clothes striped_pantyhose striped_shirt torch white_background wings,game_asset highres official_art third-party_source,c0df28bc1e0cc401941b730cae971b9f
daiyousei,2025-09-06T18:21:39.836-04:00,asset_no_post_tags,asset,24773281,,Profile,https://danbooru.donmai.us/wiki_pages/daiyousei,,,,,https://danbooru.donmai.us/media_assets/24773281,,,,,,
doremy_sweet,2025-06-22T08:31:30.334-04:00,asset_no_post_tags,asset,26758808,Legacy Of Lunatic Kingdom,[[Legacy Of Lunatic Kingdom]],https://danbooru.donmai.us/wiki_pages/doremy_sweet,https://danbooru.donmai.us/wiki_pages/Legacy_Of_Lunatic_Kingdom,found,2026-09-23T20:29:15.640-04:00,"Touhou Kanjuden ~ Legacy of Lunatic Kingdom
(Ultramarine Orb Tale)
Fifteenth cardinal game of the [[Touhou]] series. A trial version was announced on 22 April 2015 and was released at Reitaisai 12. The full version was released at Comiket 88 (August 14 2015).",https://danbooru.donmai.us/media_assets/26758808,,,,,,
doremy_sweet,2025-06-22T08:31:30.334-04:00,candidate,post,2974320,Antinomy Of Common Flowers,[[Antinomy Of Common Flowers]],https://danbooru.donmai.us/wiki_pages/doremy_sweet,https://danbooru.donmai.us/wiki_pages/Antinomy_Of_Common_Flowers,found,2024-09-13T15:54:09.568-04:00,"[i]Touhou Hyouibana[/i] (lit. ""Eastern Flower Possession"")

An official [i][[touhou|Touhou Project]][/i] fighting game by Tasofro, the 15.5th in the series, which introduced [[Yorigami Jo'on]] and [[Yorigami Shion]] as characters. It was released on December 29th, 2017, at Comiket 93. It was also released for [[steam_(platform)|Steam]] on Janurary 5, 2018, as well as for [[Playstation 4]] and [[Nintendo Switch]] on April 22, 2021, making it the first official [i]Touhou[/i] game to be released on gaming consoles.

As with [i][[Urban Legend in Limbo]][/i], it features character art by [[Harukawa",https://danbooru.donmai.us/posts/2974320,https://en.touhouwiki.net/images/8/84/Th155Doremy.png,doremy_sweet,antinomy_of_common_flowers touhou,1girl :3 blob blue_eyes blue_hair book capelet cowboy_shot dream_soul dress hat holding holding_book looking_at_viewer nightcap open_mouth pom_pom_(clothes) red_hat simple_background solo tachi-e transparent_background,gimp_(medium) official_art,268a3a37fcde335c84e395c582c9fff2
eternity_larva,2024-12-11T23:27:43.332-05:00,appearance_missing,,,,,https://danbooru.donmai.us/wiki_pages/eternity_larva,,,,,,,,,,,
ex-keine,2024-08-01T14:17:18.324-04:00,appearance_missing,,,,,https://danbooru.donmai.us/wiki_pages/ex-keine,,,,,,,,,,,
ex-rumia,2026-08-19T21:07:33.013-04:00,appearance_missing,,,,,https://danbooru.donmai.us/wiki_pages/ex-rumia,,,,,,,,,,,
flandre_scarlet,2025-10-25T07:22:57.705-04:00,candidate,post,8331419,,Profile,https://danbooru.donmai.us/wiki_pages/flandre_scarlet,,,,,https://danbooru.donmai.us/posts/8331419,https://ifi.games/touhouspellcarnival/chara/img/c18_img.png,flandre_scarlet,touhou touhou_spell_carnival,1girl ascot blonde_hair bobby_socks collared_shirt crystal full_body hat hat_ribbon looking_at_viewer mob_cap multicolored_wings one_side_up open_mouth puffy_short_sleeves puffy_sleeves red_eyes red_shoes red_skirt red_vest ribbon shirt shoes short_sleeves simple_background skirt skirt_set smile socks solo transparent_background vest white_hat white_shirt white_socks wings wrist_cuffs yellow_ascot,commentary english_commentary highres official_art,089c35ab2bb55639de5b4e9ed2ebfc96
flandre_scarlet,2025-10-25T07:22:57.705-04:00,asset_no_post_tags,asset,24797184,Sunken Fossil World,[[Sunken Fossil World]],https://danbooru.donmai.us/wiki_pages/flandre_scarlet,https://danbooru.donmai.us/wiki_pages/Sunken_Fossil_World,found,2026-07-17T02:07:12.296-04:00,"Touhou Gouyoku Ibun ~ Suibotsushita Chinshuu Jigoku
Eastern Strange Tale of Avarice ~ Submerged Hell of Sunken Sorrow

The 17.5th game of the [[Touhou]] series. Made by Tasofro and Team Shanghai Alice. It's described as a ""horizontal side-scrolling danmaku water action game"" on the official website. The character art is done by [[TOKIAME]] who previously worked on [[Cage in Lunatic Runagate]].

Trial versions were released on October 6th, 2019 and October 18th, 2020.

The game was officially released at Autumn Reitaisai on October 24, 2021. On October 20th, 2022, it was released for the Ninten",https://danbooru.donmai.us/media_assets/24797184,,,,,,
fujiwara_no_mokou,2025-10-25T06:21:45.376-04:00,candidate,post,510452,,,https://danbooru.donmai.us/wiki_pages/fujiwara_no_mokou,,,,,https://danbooru.donmai.us/posts/510452,http://cfs11.blog.daum.net/image/1/blog/2008/08/17/22/12/48a822ce7b3f2&filename=face_st08a.png,fujiwara_no_mokou,imperishable_night touhou,1girl bow grey_hair hair_bow hair_ribbon hands_in_pockets long_hair multiple_hair_bows ofuda red_eyes ribbon shirt shoes smile solo suspenders very_long_hair zun_pose,official_art,392de172c5eaf38557a0a31975d199dc
futatsuiwa_mamizou,2026-03-19T10:52:04.076-04:00,candidate,post,6485160,,,https://danbooru.donmai.us/wiki_pages/futatsuiwa_mamizou,,,,,https://danbooru.donmai.us/posts/6485160,https://img.altema.jp/lostword/chara/stand/66.jpg,futatsuiwa_mamizou,touhou touhou_lostword,1girl animal_ears black_sandals bloomers brown_dress brown_eyes brown_hair closed_mouth dress full_body glasses gourd green_hat hat holding holding_smoking_pipe large_tail leaf leaf_on_head looking_at_viewer okobo platform_sandals raccoon_ears raccoon_girl raccoon_tail sandals semi-rimless_eyewear short_hair simple_background sitting_on_own_tail smoking_pipe solo tail tokkuri under-rim_eyewear underwear white_background,game_asset highres official_art third-party_source,2634ab941975a726d6960d6a6047ce4a
futatsuiwa_mamizou_(human),2026-07-26T07:34:26.164-04:00,appearance_missing,,,,,https://danbooru.donmai.us/wiki_pages/futatsuiwa_mamizou_(human),,,,,,,,,,,
goutokuji_mike,2025-06-25T07:22:37.296-04:00,appearance_missing,,,,,https://danbooru.donmai.us/wiki_pages/goutokuji_mike,,,,,,,,,,,
hakurei_reimu,2026-05-11T19:39:41.593-04:00,candidate,post,196159,,Default,https://danbooru.donmai.us/wiki_pages/hakurei_reimu,,,,,https://danbooru.donmai.us/posts/196159,http://pooshlmer.com/wakaba/src/1202492030994.jpg,hakurei_reimu,eastern_and_little_nature_deity touhou touhou_sangetsusei,1girl armpit_crease ascot bow broom brown_eyes brown_hair collar detached_sleeves falling_petals feet_out_of_frame frilled_bow frilled_collar frilled_hair_tubes frills hair_bow hair_tubes holding holding_broom nontraditional_miko petals red_bow red_shirt red_skirt ribbon-trimmed_skirt ribbon-trimmed_sleeves ribbon_trim shirt sidelocks skirt sleeveless sleeveless_shirt solo stairs stone_stairs sweeping torii white_sleeves wide_sleeves yellow_ascot,cropped official_art,5e716e511a22099c07dfdb0286a759dc
hakurei_reimu,2026-05-11T19:39:41.593-04:00,candidate,post,6586872,Unfinished Dream of All Living Ghost,[[Unfinished Dream of All Living Ghost]],https://danbooru.donmai.us/wiki_pages/hakurei_reimu,https://danbooru.donmai.us/wiki_pages/Unfinished_Dream_of_All_Living_Ghost,found,2026-02-25T18:33:51.187-05:00,"東方獣王園 (""Touhou Juuouen"") 〜 Unfinished Dream of All Living Ghost
(""Beast King Garden"")

19th main game in the [[Touhou]] series. The game features the ""versus system"" seen previously in [i][[Phantasmagoria Of Dim.Dream]][/i] and [i][[Phantasmagoria of Flower View]][/i] with refined mechanics and the addition of Ability Cards, previously introduced in [[Unconnected Marketeers]]. A trial version was released on May 8th 2023, and the full version was released on August 13th 2023.",https://danbooru.donmai.us/posts/6586872,file://0809.title.face_pl00_face_pl00bs.png,hakurei_reimu,touhou unfinished_dream_of_all_living_ghost,1girl ascot bare_shoulders between_fingers black_hair blush_stickers bow closed_mouth collared_shirt detached_sleeves frilled_ascot frilled_bow frilled_hair_tubes frilled_skirt frills gohei hair_bow hair_tubes hand_up holding holding_gohei holding_ofuda japanese_clothes long_hair nontraditional_miko ofuda ofuda_between_fingers paw_print red_bow red_eyes red_shirt red_skirt ribbon-trimmed_sleeves ribbon_trim shirt shoes sidelocks simple_background skirt skirt_set sleeveless sleeveless_shirt smile socks solo transparent_background white_sleeves white_socks wide_sleeves yellow_ascot,non-web_source official_art source_request,8fe5ee0edeedc9b2ffcfcb4b689f68cc
hakurei_reimu,2026-05-11T19:39:41.593-04:00,asset_no_post_tags,asset,24498417,Unconnected Marketeers,[[Unconnected Marketeers]],https://danbooru.donmai.us/wiki_pages/hakurei_reimu,https://danbooru.donmai.us/wiki_pages/Unconnected_Marketeers,found,2026-05-20T00:53:51.664-04:00,"(""Touhou Kouryuudou"") 〜 Unconnected Marketeers

18th main game in the [[Touhou]] series. A trial version was released at Reitaisai 18 on March 21, 2021 with the full version released in 4th May.",https://danbooru.donmai.us/media_assets/24498417,,,,,,
hakurei_reimu,2026-05-11T19:39:41.593-04:00,candidate,post,3997647,Wily Beast and Weakest Creature,Outfit guide (up to [[Wily Beast and Weakest Creature]]),https://danbooru.donmai.us/wiki_pages/hakurei_reimu,https://danbooru.donmai.us/wiki_pages/Wily_Beast_and_Weakest_Creature,found,2025-01-11T17:38:12.193-05:00,"東方鬼形獣 (""Touhou Kikeijuu"") ～ Wily Beast and Weakest Creature
(""Oni-Shaped Beast"")

The 17th cardinal [[Touhou]] game. Animal spirits appear to be the focus and Youmu is playable.

A trial version was announced on April 17, 2019, and was released at Reitaisai 16 on May 5, 2019. The full game was released at Comiket 96 on August 12, 2019.",https://danbooru.donmai.us/posts/3997647,https://i.pximg.net/img-original/img/2020/07/05/12/10/09/82765384_p0.jpg,hakurei_reimu hakurei_reimu_(pc-98) hakurei_reimu_(seihou),antinomy_of_common_flowers curiosities_of_lotus_asia double_dealing_character embodiment_of_scarlet_devil forbidden_scrollery hidden_star_in_four_seasons highly_responsive_to_prayers hopeless_masquerade immaterial_and_missing_power imperishable_night legacy_of_lunatic_kingdom lotus_land_story mountain_of_faith mystic_square perfect_cherry_blossom phantasmagoria_of_dim.dream phantasmagoria_of_flower_view scarlet_weather_rhapsody seihou shuusou_gyoku story_of_eastern_wonderland subterranean_animism sunken_fossil_world symposium_of_post-mysticism ten_desires touhou touhou_(pc-98) touhou_hisoutensoku undefined_fantastic_object urban_legend_in_limbo wild_and_horned_hermit wily_beast_and_weakest_creature yousei_daisensou,ascot blue_ascot clothes_focus detached_sleeves frilled_skirt frills japanese_clothes long_sleeves no_humans pink_background red_skirt ribbon-trimmed_sleeves ribbon_trim simple_background skirt skirt_set twitter_username yellow_ascot,commentary_request translated,897b505d0c2f27622ff88ed251695217
hakurei_reimu,2026-05-11T19:39:41.593-04:00,candidate,post,1275123,Hakurei Reimu (PC-98),PC-98,https://danbooru.donmai.us/wiki_pages/hakurei_reimu,https://danbooru.donmai.us/wiki_pages/Hakurei_Reimu_(PC-98),found,2025-10-25T13:31:59.510-04:00,"[[Hakurei Reimu]] as she appeared in the first five [[Touhou (PC-98)|Touhou PC-98]] games. ""Classic"" Reimu has [[long hair|long]] [[purple hair]], [[purple eyes]], and a more traditional [[miko]] outfit, with a white top and no yellow [[ascot]]. She may also look a bit younger.

The kanji in her name is a bit different from the Windows version (靈 <-> 霊).  Despite this, she is not generally considered to be a separate character from the ""Windows era"" Reimu.",https://danbooru.donmai.us/posts/1275123,,hakurei_reimu hakurei_reimu_(pc-98),highly_responsive_to_prayers touhou touhou_(pc-98),1girl bow copyright_name cover dress eyes_visible_through_hair gohei hair_bow hair_ornament hair_ribbon hair_tubes holding japanese_clothes looking_at_viewer nontraditional_miko ofuda open_mouth orb purple_hair red_bow red_skirt ribbon simple_background skirt smile solo video_game_cover white_background yin_yang yin_yang_orb,official_art origins,7c7bc4d8c6e3bd55290d652dd23dca6b
hakurei_reimu,2026-05-11T19:39:41.593-04:00,candidate,post,8244536,Hakurei Reimu (Seihou),Seihou,https://danbooru.donmai.us/wiki_pages/hakurei_reimu,https://danbooru.donmai.us/wiki_pages/Hakurei_Reimu_(Seihou),found,2025-11-16T00:10:41.152-05:00,[[Hakurei Reimu]] as seen in the [[Seihou]] games. Her design is essentially a hybrid of her Windows and [[Hakurei Reimu (PC-98)|PC-98]] ones.,https://danbooru.donmai.us/posts/8244536,https://twitter.com/s_a_murai/status/1836729056697688142,hakurei_reimu hakurei_reimu_(seihou),seihou shuusou_gyoku touhou,1girl bow brown_eyes brown_hair full_body gohei hair_bow holding holding_gohei long_sleeves looking_at_viewer pink_bow polka_dot polka_dot_bow red_skirt red_vest shirt skirt socks solo vest white_shirt white_socks wide_sleeves,commentary_request,5e1536ffb7ee259bb535fbe8f543c3e8
hakurei_reimu,2026-05-11T19:39:41.593-04:00,candidate,post,6714582,Touhou Gensou Eclipse,[[Touhou Gensou Eclipse]],https://danbooru.donmai.us/wiki_pages/hakurei_reimu,https://danbooru.donmai.us/wiki_pages/Touhou_Gensou_Eclipse,found,2025-01-28T07:14:16.107-05:00,<b>Touhou Gensou Eclipse</b> is a RPG-style mobile gacha [[Touhou]] doujin game developed by Cave and Nada. It released for Android and IOS devices in November 2023.,https://danbooru.donmai.us/posts/6714582,https://gensoueclipse.jp/image/image_directly/image/toho-project/character/chara01.png,hakurei_reimu,touhou touhou_gensou_eclipse,1girl ascot bare_shoulders black_hair bow closed_mouth detached_sleeves frilled_skirt frills full_body hair_between_eyes hair_bow hair_tubes japanese_clothes long_hair looking_at_viewer nontraditional_miko okobo orb platform_sandals red_bow red_eyes red_skirt ribbon-trimmed_sleeves ribbon_trim sandals sidelocks skirt solo transparent_background white_sleeves wide_sleeves yellow_ascot yin_yang,absurdres commentary_request highres official_art second-party_source,235bbcb9f982ad145cb4f26755fa8b6e
hakurei_reimu,2026-05-11T19:39:41.593-04:00,candidate,post,6842479,Hakurei Reimu (God-Summoning Shaman),God-Summoning Shaman,https://danbooru.donmai.us/wiki_pages/hakurei_reimu,https://danbooru.donmai.us/wiki_pages/Hakurei_Reimu_(God-Summoning_Shaman),found,2026-07-24T01:37:01.315-04:00,"[b]Reimu Hakurei, God-Summoning Shaman[/b]

An [[alternate universe]] variation of [[Hakurei Reimu]] in [[Touhou LostWord]], hailing from [b]F1 Universe[/b]. She is often accompanied by a ghostly familiar closely resembling [[Ibuki Suika]].

Her design is based on her blue [[alternate color]] from various competitive games.",https://danbooru.donmai.us/posts/6842479,file://G200101.png,hakurei_reimu hakurei_reimu_(god-summoning_shaman) ibuki_suika,touhou touhou_lostword,1girl alternate_color alternate_hairstyle ankle_socks ascot black_hair blue_bow blue_eyes blue_skirt bow chain closed_mouth crop_top detached_sleeves floating_hair frilled_bow frilled_shirt_collar frilled_skirt frills gohei hair_bow hair_tubes holding holding_gohei horns japanese_clothes long_hair long_sleeves looking_at_viewer mary_janes midriff navel nontraditional_miko oni orb player_2 ribbon_trim shoes sidelocks simple_background skirt socks standing transparent_background white_sleeves white_socks wide_sleeves yellow_ascot yin_yang yin_yang_orb,game_asset highres non-web_source official_art,c1c01f1f5817174a73d796ac4415f352
hakurei_reimu_(pc-98),2025-10-25T13:31:59.510-04:00,candidate,post,5212635,,,https://danbooru.donmai.us/wiki_pages/hakurei_reimu_(pc-98),,,,,https://danbooru.donmai.us/posts/5212635,https://i.pximg.net/img-original/img/2019/09/05/16/39/32/76633496_p0.jpg,hakurei_reimu hakurei_reimu_(pc-98),touhou touhou_(pc-98),1girl bow closed_mouth detached_sleeves full_body gohei hair_bow hair_tubes hakama hakama_pants happy holding holding_gohei japanese_clothes kimono long_hair long_sleeves low-tied_long_hair nontraditional_miko pants purple_eyes purple_hair red_bow red_hakama red_pants sash sidelocks simple_background smile socks solo standing tabi very_long_hair white_background white_kimono white_sash white_socks wide_sleeves,commentary_request highres,bb1212c4270e7cabe0ff82d3a7fe44d7
hakurei_reimu_(pc-98),2025-10-25T13:31:59.510-04:00,candidate,post,1275123,,,https://danbooru.donmai.us/wiki_pages/hakurei_reimu_(pc-98),,,,,https://danbooru.donmai.us/posts/1275123,,hakurei_reimu hakurei_reimu_(pc-98),highly_responsive_to_prayers touhou touhou_(pc-98),1girl bow copyright_name cover dress eyes_visible_through_hair gohei hair_bow hair_ornament hair_ribbon hair_tubes holding japanese_clothes looking_at_viewer nontraditional_miko ofuda open_mouth orb purple_hair red_bow red_skirt ribbon simple_background skirt smile solo video_game_cover white_background yin_yang yin_yang_orb,official_art origins,7c7bc4d8c6e3bd55290d652dd23dca6b
haniyasushin_keiki,2026-08-09T13:49:44.559-04:00,candidate,post,6498034,,,https://danbooru.donmai.us/wiki_pages/haniyasushin_keiki,,,,,https://danbooru.donmai.us/posts/6498034,https://img.altema.jp/lostword/chara/stand/127.jpg,haniyasushin_keiki,touhou touhou_lostword,1girl apron between_fingers black_sandals blue_hair closed_mouth dress flower full_body green_apron green_headscarf headscarf holding jewelry long_hair looking_at_viewer magatama magatama_necklace mixed_holding necklace object_in_pocket pocket red_eyes sandals short_sleeves simple_background single_strap smile solo white_background white_flower wood_carving_tool yellow_dress,game_asset highres official_art third-party_source,ac7d7be69105079348a7ed7e3a2b0b15
hata_no_kokoro,2026-02-16T01:03:42.205-05:00,asset_no_post_tags,asset,24666639,Hopeless Masquerade,[[Hopeless Masquerade]],https://danbooru.donmai.us/wiki_pages/hata_no_kokoro,https://danbooru.donmai.us/wiki_pages/Hopeless_Masquerade,found,2024-10-06T18:01:38.198-04:00,"A [[Touhou]] fighting game, officially designated as ""Touhou 13.5"" (as its events take place between [i][[Ten Desires]][/i] and [i][[Double Dealing Character]][/i]).  A demo with three playable characters was released 30 December 2012 at [[Comiket]] 83; the full version followed 26 May 2013 during [[Reitaisai]] 10 (alongside the demo for [i]Double Dealing Character[/i]).

The storyline centers on representatives of the three major faiths in [[Gensokyo]] -- Shinto, Buddhism, and Taoism -- battling it out in the wake of an overall crisis of faith in the Human Village.",https://danbooru.donmai.us/media_assets/24666639,,,,,,
hata_no_kokoro,2026-02-16T01:03:42.205-05:00,candidate,post,2008985,Urban Legend in Limbo,[[Urban Legend in Limbo]],https://danbooru.donmai.us/wiki_pages/hata_no_kokoro,https://danbooru.donmai.us/wiki_pages/Urban_Legend_in_Limbo,found,2021-03-04T09:16:54.376-05:00,"東方深秘録 ([i]Touhou Shinhiroku[/i] - lit. ""Eastern Record of Deep Mysteries"")

An official [i][[touhou|Touhou Project]][/i] fighting game by Tasofro, and the 14.5th in the series which introduced the character [[Usami Sumireko]].

Notable for being the first [i]Touhou[/i] fighting game to not have character art done by [[alphes]], instead featuring character art by [[Harukawa Moe]].

The demo was released December 29th, 2014, at Comiket 87, revealing that [[Ibaraki Kasen]] would be a playable character.
On April 11th, 2015, Tasofro announced the full game's release date, and revealed [[Fujiwara n",https://danbooru.donmai.us/posts/2008985,http://en.touhouwiki.net/images/e/ea/Th145Kokoro.png,hata_no_kokoro,touhou urban_legend_in_limbo,1girl bow bowtie bubble_skirt clothing_cutout expressionless ko-omote_mask long_hair long_sleeves looking_at_viewer mask noh_mask oni_mask pink_eyes pink_hair plaid_clothes plaid_shirt shirt simple_background skirt skirt_cutout solo string tachi-e transparent_background,official_art,f2dd13bf32785b03c288cbcb7a7fb11e
hata_no_kokoro,2026-02-16T01:03:42.205-05:00,candidate,post,6485155,Touhou Lostword,[[Touhou Lostword]],https://danbooru.donmai.us/wiki_pages/hata_no_kokoro,https://danbooru.donmai.us/wiki_pages/Touhou_Lostword,found,2026-07-26T12:25:31.324-04:00,"[b]Touhou LostWord[/b] is a RPG-style mobile gacha [[Touhou]] doujin game developed by NextNinja and Good Smile Company. It released in Winter 2019/20 for Android and iOS platforms. The global version was released in May 2021.

The game features most characters from the source materials, but also [[alternate universe]] variations of them, which becomes an important element of the story.",https://danbooru.donmai.us/posts/6485155,https://img.altema.jp/lostword/chara/stand/61.jpg,hata_no_kokoro,touhou touhou_lostword,1girl ahoge aqua_shirt bow bowtie bright_pupils bubble_skirt clothing_cutout footwear_bow full_body green_bow ko-omote_mask long_hair long_skirt long_sleeves looking_at_viewer mask noh_mask orange_skirt pink_eyes pink_hair plaid_clothes plaid_shirt red_bow shirt shoes simple_background skirt skirt_cutout solo white_background white_pupils white_shoes,game_asset highres official_art third-party_source,91f68618792427383ac7c85fa326e9fd
hata_no_kokoro,2026-02-16T01:03:42.205-05:00,candidate,post,3458509,,Annotated masks,https://danbooru.donmai.us/wiki_pages/hata_no_kokoro,,,,,https://danbooru.donmai.us/posts/3458509,https://i.pximg.net/img-original/img/2019/01/12/23/24/48/72628864_p0.jpg,hata_no_kokoro,bleach friday_the_13th jojo_no_kimyou_na_bouken kamen_rider kamen_rider_kuuga_(series) predator_(1987) predator_(series) touhou,1girl bow bowtie clothing_cutout crossover dated east-west_crossover expressionless folding_fan footwear_bow fox_mask frilled_skirt frills greyscale hand_fan hannya hockey_mask hyottoko_mask ko-omote_mask legs_together long_hair long_sleeves looking_at_viewer mask mask_on_head monkey_mask monochrome naginata new_mask_of_hope noh_mask oni_mask plaid_clothes plaid_shirt polearm shirt shoes skirt skirt_cutout stone_mask_(jojo) tengu_mask weapon white_background,annotation_request check_translation commentary partially_annotated translation_request,3e65c7d332b917a88a895a1df9a4c5b8
hecatia_lapislazuli,2026-06-21T04:40:10.468-04:00,candidate,post,2101576,,Original artwork,https://danbooru.donmai.us/wiki_pages/hecatia_lapislazuli,,,,,https://danbooru.donmai.us/posts/2101576,http://en.touhouwiki.net/images/9/9a/TH15Hecatia.png,hecatia_lapislazuli,legacy_of_lunatic_kingdom touhou,1girl bad_anatomy bad_hands bare_legs barefoot black_shirt blush_stickers chain clothes_writing collar earth_(ornament) english_text floating full_body gold_chain hat lace lace-trimmed_skirt lace_trim levitation looking_at_viewer moon_(ornament) multicolored_skirt open_mouth red_eyes red_hair shirt short_sleeves simple_background skirt smile solo transparent_background,official_art,5e8a5e565d8efd01e09c0a76d9723834
hecatia_lapislazuli,2026-06-21T04:40:10.468-04:00,candidate,post,6753478,,Default,https://danbooru.donmai.us/wiki_pages/hecatia_lapislazuli,,,,,https://danbooru.donmai.us/posts/6753478,https://twitter.com/eddybird55555/status/1710433883311980703,hecatia_lapislazuli,touhou,1girl black_hat black_shirt chain clothes_writing earth_(ornament) hat looking_at_viewer medium_hair moon_(ornament) multicolored_skirt plaid_clothes plaid_skirt red_eyes red_hair shirt simple_background skirt smile solo underworld_(ornament) white_background,absurdres commentary highres,cc3a3f17a56b4dd89c968530599c7e09
hecatia_lapislazuli,2026-06-21T04:40:10.468-04:00,candidate,post,3477315,hecatia lapislazuli (earth),Earth body,https://danbooru.donmai.us/wiki_pages/hecatia_lapislazuli,https://danbooru.donmai.us/wiki_pages/hecatia_lapislazuli_(earth),found,2026-02-03T03:05:58.917-05:00,"One of the three bodies of [[Hecatia Lapislazuli]]. This is the form she takes when wearing the [[Earth (ornament)|Earth ornament]] on her [[hat]], with [[blue hair]] and [[blue eyes]].",https://danbooru.donmai.us/posts/3477315,https://twitter.com/hirasaka8/status/1005010135981277185,hecatia_lapislazuli hecatia_lapislazuli_(earth),touhou,1girl apple bare_shoulders barefoot black_choker black_shirt blue_eyes blue_hair chain choker clothes_writing drop_shadow earth_(ornament) food fruit full_body green_skirt knees_up leaf long_hair looking_at_viewer miniskirt moon_(ornament) multicolored_skirt off-shoulder_shirt off_shoulder pear plaid_clothes plaid_skirt purple_skirt red_skirt shirt short_sleeves simple_background sitting skirt skull smile solo t-shirt white_background,commentary official_art,43e81e161d1341bca8d32395e26a364b
hecatia_lapislazuli,2026-06-21T04:40:10.468-04:00,candidate,post,3118168,hecatia lapislazuli (moon),Moon body,https://danbooru.donmai.us/wiki_pages/hecatia_lapislazuli,https://danbooru.donmai.us/wiki_pages/hecatia_lapislazuli_(moon),found,2026-02-03T03:05:42.269-05:00,"One of the three bodies of [[Hecatia Lapislazuli]]. This is the form she takes when wearing the [[Moon (ornament)|Moon ornament]] on her [[hat]], with [[blonde hair]] and [[yellow eyes]].",https://danbooru.donmai.us/posts/3118168,https://i.pximg.net/img-original/img/2018/03/03/23/39/56/67559106_p0.png,hecatia_lapislazuli hecatia_lapislazuli_(moon),touhou,1girl :o bare_shoulders black_shirt blonde_hair blush breasts clothes_writing collar collarbone crop_top cropped_shirt hand_up holding lap_pillow_invitation large_breasts looking_at_viewer medium_hair midriff mimikaki multicolored_skirt navel off_shoulder parted_lips plaid_clothes plaid_skirt print_shirt shirt simple_background sitting skirt solo t-shirt wariza white_background yellow_eyes,commentary_request highres,5e10a4d05963304b41a005dcf3918b2f
hecatia_lapislazuli,2026-06-21T04:40:10.468-04:00,candidate,post,5826588,,All three bodies,https://danbooru.donmai.us/wiki_pages/hecatia_lapislazuli,,,,,https://danbooru.donmai.us/posts/5826588,https://twitter.com/moshihimechan/status/1592534288821805056,hecatia_lapislazuli hecatia_lapislazuli_(earth) hecatia_lapislazuli_(moon),touhou,3girls bare_shoulders belt black_belt black_choker black_hat black_shirt blonde_hair blue_eyes blue_hair blue_skirt blush breasts chain choker closed_mouth earth_(ornament) frills gold_chain green_skirt hair_between_eyes hand_on_own_face hand_up hands_up hat heart heart_print looking_at_viewer medium_breasts medium_hair miniskirt moon_(ornament) multicolored_skirt multiple_girls multiple_persona navel off-shoulder_shirt off_shoulder one_eye_closed open_mouth plaid_clothes plaid_skirt pointing red_eyes red_hair red_skirt shirt short_sleeves simple_background skirt smile standing t-shirt teeth tongue underworld_(ornament) white_background yellow_eyes,commentary_request highres,eefdd6141310bb6988722ac0712471ab
hieda_no_akyuu,2026-06-08T09:08:15.066-04:00,candidate,post,6478613,,,https://danbooru.donmai.us/wiki_pages/hieda_no_akyuu,,,,,https://danbooru.donmai.us/posts/6478613,https://img.altema.jp/lostword/chara/stand/32.jpg,hieda_no_akyuu,touhou touhou_lostword,1girl closed_mouth floral_print flower full_body green_kimono hair_flower hair_ornament japanese_clothes kimono looking_at_viewer purple_eyes purple_hair red_skirt seiza short_hair simple_background sitting skirt smile solo white_background white_flower wide_sleeves yellow_sleeves,game_asset highres official_art third-party_source,07bf6c20bb9e8eb385cabb14a0ecde42
hieda_no_akyuu,2026-06-08T09:08:15.066-04:00,candidate,post,7452687,Hieda No Akyuu (Agatha Chris Q),[[Hieda No Akyuu (Agatha Chris Q)]],https://danbooru.donmai.us/wiki_pages/hieda_no_akyuu,https://danbooru.donmai.us/wiki_pages/Hieda_No_Akyuu_(Agatha_Chris_Q),found,2026-06-07T08:55:12.629-04:00,"An outfit worn by [[Hieda no Akyuu]] when assuming the identity of her mystery writer pen name, Agatha Chris Q.
Features a purple [[capelet]] with [[fur trim]] and white [[gloves]].",https://danbooru.donmai.us/posts/7452687,https://i.pximg.net/img-original/img/2024/03/28/10/02/55/117318477_p1.png,hieda_no_akyuu hieda_no_akyuu_(agatha_chris_q) kaenbyou_rin kaenbyou_rin_(cat),touhou,1girl animal animal_ears animal_nose black-framed_eyewear black_fur blunt_bangs bow breasts brown_sandals cat cat_ears cat_tail closed_mouth elbow_gloves floral_print flower frills full_body fur_trim glasses gloves green_shirt hair_flower hair_ornament hair_ribbon hand_up haori japanese_clothes large_breasts long_sleeves multiple_tails okobo open_clothes pink_skirt platform_sandals pleated_skirt purple_eyes purple_hair red_bow red_eyes red_ribbon red_sash ribbon sandals sash shirt short_hair simple_background skirt socks standing tabi tachi-e tail transparent_background two_tails white_flower white_gloves white_socks wide_sleeves,absurdres commentary_request highres variant_set,afde8725d4a9d99b1bbe42295d0945de
hijiri_byakuren,2026-05-24T21:33:04.891-04:00,candidate,post,2772756,Undefined Fantastic Object,Usual appearance [br] ([[Undefined Fantastic Object]]),https://danbooru.donmai.us/wiki_pages/hijiri_byakuren,https://danbooru.donmai.us/wiki_pages/Undefined_Fantastic_Object,found,2025-03-19T16:05:50.295-04:00,"東方星蓮船 (""Touhou Seirensen"") ~ Undefined Fantastic Object
(""Star-Lotus Ship of the East"")

Fifteenth game of the [[Touhou]] series, twelfth of the mainstream lineup, and tenth of the Windows generation, as well as the seventh mainstream game of the same generation.

As early as spring rumors abound of a [[palanquin_ship|flying treasure ship]]. Three human girls - [[Hakurei Reimu]], [[Kirisame Marisa]] and [[Kochiya Sanae]] - hold a race to see who gets first to the ship, unaware of its true purpose - the rescue of an [[hijiri_byakuren|ageless mage]] - and a [[houjuu_nue|shadowy figure]] trailing",https://danbooru.donmai.us/posts/2772756,https://twitter.com/yuki_sir/status/878982886363283456,hijiri_byakuren,touhou,1girl black_boots black_dress blonde_hair boots cape cross-laced_clothes cross-laced_dress dress gradient_hair lace-up_boots layered_dress long_hair multicolored_hair purple_hair signature simple_background solo sorcerer's_sutra_scroll text_focus wavy_hair white_background white_dress,bad_id bad_twitter_id,547138879a1617c36d2125e0e28624f1
hijiri_byakuren,2026-05-24T21:33:04.891-04:00,candidate,post,2666862,Hopeless Masquerade,"Alternate appearance [br] ([[Hopeless Masquerade]], [[Urban Legend in Limbo]], [[Antinomy of Common Flowers]])",https://danbooru.donmai.us/wiki_pages/hijiri_byakuren,https://danbooru.donmai.us/wiki_pages/Hopeless_Masquerade,found,2024-10-06T18:01:38.198-04:00,"A [[Touhou]] fighting game, officially designated as ""Touhou 13.5"" (as its events take place between [i][[Ten Desires]][/i] and [i][[Double Dealing Character]][/i]).  A demo with three playable characters was released 30 December 2012 at [[Comiket]] 83; the full version followed 26 May 2013 during [[Reitaisai]] 10 (alongside the demo for [i]Double Dealing Character[/i]).

The storyline centers on representatives of the three major faiths in [[Gensokyo]] -- Shinto, Buddhism, and Taoism -- battling it out in the wake of an overall crisis of faith in the Human Village.",https://danbooru.donmai.us/posts/2666862,https://twitter.com/teru_AC52/status/570522062600556544/photo/1,hijiri_byakuren,touhou,1girl ajirogasa beads boots brown_hair dress gradient_hair hat jewelry long_hair multicolored_hair namusanbou necklace open_mouth prayer_beads puffy_sleeves purple_hair short_sleeves simple_background solo very_long_hair vest white_background white_dress,bad_id bad_twitter_id highres translated,0b91b7b78403f08db8c8cb8bc048153e
hijiri_byakuren,2026-05-24T21:33:04.891-04:00,candidate,post,2008565,Turbo Byakuren,[[Turbo Byakuren]] [br] ([[Urban Legend in Limbo]] and [[Antinomy of Common Flowers]]),https://danbooru.donmai.us/wiki_pages/hijiri_byakuren,https://danbooru.donmai.us/wiki_pages/Turbo_Byakuren,found,2025-09-16T01:33:13.964-04:00,"[[Hijiri Byakuren]]'s [[bikesuit]] worn during her Last Word in [[Urban Legend in Limbo]], typically worn by Byakuren herself.

A [[black bodysuit|black]] [[latex bodysuit]] with a front [[zipper]] [[unzipped]] at least [[center opening|past the breasts]] with [[cross-laced clothes|straps going across]] the breasts in a similar pattern to Byakuren's normal outfit, [[black footwear|black]] [[high heel boots]], and a [[green scarf]] around the neck.",https://danbooru.donmai.us/posts/2008565,,hijiri_byakuren turbo_byakuren,touhou urban_legend_in_limbo,1girl :d biker_clothes bikesuit black_bodysuit black_boots blonde_hair bodysuit boots breasts center_opening cleavage cross-laced_clothes downwards_triangle_mouth driving full_body gradient_hair green_scarf harley_davidson high_heel_boots high_heels leather long_hair long_sleeves looking_at_viewer medium_breasts motor_vehicle motorcycle multicolored_hair on_motorcycle open_mouth purple_eyes purple_hair riding scarf simple_background sitting smile solo tachi-e transparent_background triangle_mouth unzipped v-shaped_eyebrows vehicle_focus wind zipper,official_art origins,f6e28aeaf0d85fd740c3bb31eb93b748
himekaidou_hatate,2025-09-16T15:14:34.067-04:00,asset_no_post_tags,asset,23585114,,,https://danbooru.donmai.us/wiki_pages/himekaidou_hatate,,,,,https://danbooru.donmai.us/media_assets/23585114,,,,,,
himemushi_momoyo,2024-08-05T15:09:54.941-04:00,appearance_missing,,,,,https://danbooru.donmai.us/wiki_pages/himemushi_momoyo,,,,,,,,,,,
hinanawi_tenshi,2025-06-22T02:22:16.666-04:00,candidate,post,1500891,Scarlet Weather Rhapsody,[[Scarlet Weather Rhapsody]],https://danbooru.donmai.us/wiki_pages/hinanawi_tenshi,https://danbooru.donmai.us/wiki_pages/Scarlet_Weather_Rhapsody,found,2021-06-30T00:17:48.757-04:00,"東方緋想天 (""Touhou Hisouten"") ~ Scarlet Weather Rhapsody
(""Eastern Skies of Scarlet Perceptions"")

Thirteenth game of the [[Touhou]] series, eighth of the Windows generation, and third spinoff, as well as the second fighting game made in collaboration with Tasogare Frontier. Labeled as ""Touhou 10.5"".

A year after the events of [[Mountain of Faith]], strange weather patterns struck [[Gensokyo]], culminating in a huge earthquake which leveled the Hakurei Shrine. [[Hakurei Reimu]], [[Kirisame Marisa]] and [[Izayoi Sakuya]] seek out the source of these incidents - a [[hinanawi_tenshi|spoiled celestia",https://danbooru.donmai.us/posts/1500891,http://en.touhouwiki.net/images/9/9a/Th105Tenshi.png,hinanawi_tenshi,scarlet_weather_rhapsody touhou,1girl blue_hair food fruit hat long_hair open_mouth peach red_eyes short_sleeves solo transparent_background,lowres official_art third-party_source,32f22233cbe5a001c463f837295cd111
hinanawi_tenshi,2025-06-22T02:22:16.666-04:00,candidate,post,2974316,Antinomy Of Common Flowers,[[Antinomy Of Common Flowers]],https://danbooru.donmai.us/wiki_pages/hinanawi_tenshi,https://danbooru.donmai.us/wiki_pages/Antinomy_Of_Common_Flowers,found,2024-09-13T15:54:09.568-04:00,"[i]Touhou Hyouibana[/i] (lit. ""Eastern Flower Possession"")

An official [i][[touhou|Touhou Project]][/i] fighting game by Tasofro, the 15.5th in the series, which introduced [[Yorigami Jo'on]] and [[Yorigami Shion]] as characters. It was released on December 29th, 2017, at Comiket 93. It was also released for [[steam_(platform)|Steam]] on Janurary 5, 2018, as well as for [[Playstation 4]] and [[Nintendo Switch]] on April 22, 2021, making it the first official [i]Touhou[/i] game to be released on gaming consoles.

As with [i][[Urban Legend in Limbo]][/i], it features character art by [[Harukawa",https://danbooru.donmai.us/posts/2974316,https://en.touhouwiki.net/images/d/d6/Th155Tenshi.png,hinanawi_tenshi,antinomy_of_common_flowers touhou,1girl :d apron black_hat blue_skirt bow buttons cowboy_shot downwards_triangle_mouth food frilled_skirt frills fruit hat holding holding_sword holding_weapon long_hair long_skirt looking_at_viewer open_mouth peach petticoat puffy_short_sleeves puffy_sleeves red_bow red_eyes shirt short_sleeves simple_background skirt smile solo sword sword_of_hisou tachi-e transparent_background triangle_mouth weapon white_shirt,gimp_(medium) official_art,4ca0695cb6b654356af5e2e57ec752fc
hong_meiling,2026-07-22T16:11:06.858-04:00,candidate,post,6475466,,Profile,https://danbooru.donmai.us/wiki_pages/hong_meiling,,,,,https://danbooru.donmai.us/posts/6475466,https://img.altema.jp/lostword/chara/stand/18.jpg,hong_meiling,touhou touhou_lostword,1girl beret black_shoes braid breasts clenched_hand closed_mouth fighting_stance full_body green_eyes green_hat green_skirt green_vest hat hat_ornament leg_up long_hair looking_at_viewer meandros parted_bangs red_hair shirt shoes short_sleeves side_braids simple_background skirt solo standing standing_on_one_leg star_(symbol) star_hat_ornament twin_braids vest white_background white_shirt wristband,game_asset highres official_art third-party_source,1471ad3c3de3d8687893678f5fd92b71
horikawa_raiko,2025-10-24T22:00:49.598-04:00,appearance_missing,,,,,https://danbooru.donmai.us/wiki_pages/horikawa_raiko,,,,,,,,,,,
hoshiguma_yuugi,2026-08-18T13:12:26.451-04:00,asset_no_post_tags,asset,23320488,,Profile (1),https://danbooru.donmai.us/wiki_pages/hoshiguma_yuugi,,,,,https://danbooru.donmai.us/media_assets/23320488,,,,,,
hoshiguma_yuugi,2026-08-18T13:12:26.451-04:00,candidate,post,10899056,,Profile (2),https://danbooru.donmai.us/wiki_pages/hoshiguma_yuugi,,,,,https://danbooru.donmai.us/posts/10899056,https://thbwiki.cc/%E6%96%87%E4%BB%B6:%E4%B8%9C%E6%96%B9%E6%B1%82%E9%97%BB%E5%8F%A3%E6%8E%88%EF%BC%88%E6%98%9F%E7%86%8A%E5%8B%87%E4%BB%AA2%EF%BC%89.jpg,hoshiguma_yuugi,symposium_of_post-mysticism touhou,1girl broken broken_chain chain closed_mouth collarbone cone_horns cuffs cup full_body geta greyscale hand_on_own_hip holding horns long_hair long_skirt looking_to_the_side monochrome parted_bangs sakazuki shackles shirt short_sleeves simple_background skirt slippers smile socks solo standing white_background,highres novel_illustration official_art,26e3cd32bdb7ea403bd7f45bf9552ca3
hoshiguma_yuugi_(kimono),2024-09-28T22:13:08.117-04:00,appearance_missing,,,,,https://danbooru.donmai.us/wiki_pages/hoshiguma_yuugi_(kimono),,,,,,,,,,,
houjuu_nue,2025-12-13T13:48:37.006-05:00,asset_no_post_tags,asset,23810963,,,https://danbooru.donmai.us/wiki_pages/houjuu_nue,,,,,https://danbooru.donmai.us/media_assets/23810963,,,,,,
houraisan_kaguya,2026-06-07T20:32:07.800-04:00,candidate,post,415606,,,https://danbooru.donmai.us/wiki_pages/houraisan_kaguya,,,,,https://danbooru.donmai.us/posts/415606,,houraisan_kaguya,imperishable_night touhou,1girl black_hair blunt_bangs blunt_ends bow bowtie branch brown_eyes closed_mouth five_impossible_requests frilled_skirt frills full_body jeweled_branch_of_hourai long_hair long_skirt long_sleeves looking_at_viewer pink_shirt red_skirt ribbon shirt skirt solo transparent_background white_bow white_bowtie zun_pose,official_art,0215c196c2336e4e5aa1ebe4c6aa445e
ibaraki_kasen,2026-06-21T11:40:56.467-04:00,candidate,post,6473874,,,https://danbooru.donmai.us/wiki_pages/ibaraki_kasen,,,,,https://danbooru.donmai.us/posts/6473874,https://img.altema.jp/lostword/chara/stand/6.jpg,ibaraki_kasen,touhou touhou_lostword,1girl ahoge bandaged_arm bandages breasts bun_cover cardigan chain closed_mouth cuffs double_bun full_body green_skirt hair_bun large_breasts legs looking_at_viewer pink_cardigan pink_eyes pink_hair red_shoes ribbon-trimmed_skirt ribbon_trim shackles shirt shoes simple_background skirt smile solo tabard white_background white_shirt,game_asset highres official_art third-party_source,80d0642c59448154948293093057d9bb
ibuki_suika,2026-06-22T06:43:44.340-04:00,asset_no_post_tags,asset,24058201,,Profile,https://danbooru.donmai.us/wiki_pages/ibuki_suika,,,,,https://danbooru.donmai.us/media_assets/24058201,,,,,,
iizunamaru_megumu,2024-10-25T13:17:33.974-04:00,appearance_missing,,,,,https://danbooru.donmai.us/wiki_pages/iizunamaru_megumu,,,,,,,,,,,
imaizumi_kagerou,2025-11-06T07:26:18.084-05:00,candidate,post,1486293,Double Dealing Character,[[Double Dealing Character]],https://danbooru.donmai.us/wiki_pages/imaizumi_kagerou,https://danbooru.donmai.us/wiki_pages/Double_Dealing_Character,found,2023-02-28T02:25:52.317-05:00,"東方輝針城 ([i]Touhou Kishinjou[/i] - lit. ""Eastern Castle of Shining Needles"")

The fourteenth cardinal [[Touhou]] game, announced by [[ZUN]] on 11 May 2013.

It features the return of [[Izayoi Sakuya]] as a playable character, joining the usual protagonists [[Hakurei Reimu]] and [[Kirisame Marisa]].  The plot involves the three girls' trademark weapons all behaving oddly, as if they have minds of their own.  The game is, in ZUN's own words, ""Neither novel or retro, an ageless neo-retro [[danmaku]] shooter.""

The three-level demo was released 26 May 2013 during [[Reitaisai]] 10.
Full version was r",https://danbooru.donmai.us/posts/1486293,http://en.touhouwiki.net/images/0/00/Th14Kagerou.png,imaizumi_kagerou,double_dealing_character touhou,1girl animal_ears arm_hair brooch brown_hair dress fingernails full_body jewelry long_fingernails long_hair long_sleeves pale_skin red_dress red_eyes simple_background solo transparent_background two-tone_dress white_dress wolf_ears wolf_girl zun_pose,lowres official_art,6b611e5f5f7ff1e511dc5bbb311beed0
imaizumi_kagerou,2025-11-06T07:26:18.084-05:00,candidate,post,6489045,Touhou LostWord,[[Touhou LostWord]],https://danbooru.donmai.us/wiki_pages/imaizumi_kagerou,https://danbooru.donmai.us/wiki_pages/Touhou_LostWord,found,2026-07-26T12:25:31.324-04:00,"[b]Touhou LostWord[/b] is a RPG-style mobile gacha [[Touhou]] doujin game developed by NextNinja and Good Smile Company. It released in Winter 2019/20 for Android and iOS platforms. The global version was released in May 2021.

The game features most characters from the source materials, but also [[alternate universe]] variations of them, which becomes an important element of the story.",https://danbooru.donmai.us/posts/6489045,https://img.altema.jp/lostword/chara/stand/84.jpg,imaizumi_kagerou,touhou touhou_lostword,1girl animal_ears black_shoes brown_eyes dress fingernails full_body long_fingernails long_sleeves looking_at_viewer red_dress red_nails shoes simple_background solo tail two-tone_dress white_background white_dress wolf_ears wolf_girl wolf_tail,game_asset highres official_art third-party_source,88cdd82e3a84633457a55fd0fff72df2
inaba_mob_(touhou),2026-02-01T20:13:32.716-05:00,candidate,post,4945973,,Rabbit form,https://danbooru.donmai.us/wiki_pages/inaba_mob_(touhou),,,,,https://danbooru.donmai.us/posts/4945973,https://twitter.com/arufas00/status/1464869548843175943,houraisan_kaguya inaba_mob_(touhou),touhou,1girl ;) animal bow bowtie brown_hair cheek-to-cheek closed_mouth heads_together holding holding_animal holding_rabbit long_hair long_sleeves looking_at_another one_eye_closed pink_background rabbit red_eyes simple_background smile upper_body white_bow white_bowtie,check_commentary commentary_request,813eda6949ea19e838d1a02564564e46
inaba_mob_(touhou),2026-02-01T20:13:32.716-05:00,candidate,post,9810279,,Human form,https://danbooru.donmai.us/wiki_pages/inaba_mob_(touhou),,,,,https://danbooru.donmai.us/posts/9810279,https://i.pximg.net/img-original/img/2018/06/08/18/02/53/69130286_p4.png,inaba_mob_(touhou),touhou,1girl alphes_(style) animal_ears barefoot black_hair clenched_hand dress full_body lace-trimmed_dress lace_trim low_twintails parody puffy_short_sleeves puffy_sleeves rabbit_ears ribbon_trim short_sleeves simple_background smile solo style_parody tachi-e transparent_background twintails white_dress,commentary_request large_variant_set variant_set,ce4ab4bcb26991c829813e3e40873cf6
inaba_tewi,2026-02-01T19:56:18.224-05:00,asset_no_post_tags,asset,23489643,,Profile,https://danbooru.donmai.us/wiki_pages/inaba_tewi,,,,,https://danbooru.donmai.us/media_assets/23489643,,,,,,
inubashiri_momiji,2026-01-28T13:41:13.066-05:00,candidate,post,6513215,,,https://danbooru.donmai.us/wiki_pages/inubashiri_momiji,,,,,https://danbooru.donmai.us/posts/6513215,https://e-hentai.org/s/f48f196d4c/1504816-83,inubashiri_momiji,touhou touhou_cannonball,1girl animal_ear_fluff animal_ears autumn_leaves black_skirt blue_sky bridge closed_mouth detached_sleeves falling_leaves fog hand_on_hilt hat holding holding_shield leaf light_smile long_sleeves looking_at_viewer medium_skirt mountain outdoors pom_pom_(clothes) red_eyes red_hat red_skirt sheath sheathed shield shirt short_hair skirt sky sleeveless sleeveless_turtleneck solo sword tail tassel tokin_hat torii tree turtleneck two-tone_skirt weapon white_hair white_shirt white_sleeves wide_sleeves wolf_ears wolf_tail,official_art third-party_source,50662ca619e01e790a7dd91ecb018633
iwanaga_ariya,2025-10-01T09:37:48.671-04:00,candidate,post,9811576,,Profile,https://danbooru.donmai.us/wiki_pages/iwanaga_ariya,,,,,https://danbooru.donmai.us/posts/9811576,https://en.touhouwiki.net/images/6/62/Th20Ariya.png?20250817080131,iwanaga_ariya,fossilized_wonders touhou,1girl asymmetrical_wings barefoot bone brown_hair eye_mask grey_skirt half_eye_mask hand_over_face hand_up mask red_eyes skeletal_wings skirt solo transparent_background wings zun_pose,official_art,5a46fa488b118656fe07950c4796b3ed
izayoi_sakuya,2026-09-02T20:37:56.716-04:00,candidate,post,3276500,,,https://danbooru.donmai.us/wiki_pages/izayoi_sakuya,,,,,https://danbooru.donmai.us/posts/3276500,https://www.4gamer.net/games/428/G042899/20180830170/,izayoi_sakuya,touhou,1girl apron blue_dress bow braid braided_sidelocks brown_shoes dress full_body grey_hair hair_bow holding holding_weapon holster knife looking_to_the_side maid maid_apron maid_headdress red_eyes shoes short_sleeves sidelocks simple_background socks solo thigh_holster turning_head twin_braids waist_apron weapon white_background white_socks,absurdres artist_request highres official_art photoshop_(medium),2c34671c35acebbf61da391dddb15cb0
joutouguu_mayumi,2026-09-08T23:40:17.052-04:00,candidate,post,6498035,,,https://danbooru.donmai.us/wiki_pages/joutouguu_mayumi,,,,,https://danbooru.donmai.us/posts/6498035,https://img.altema.jp/lostword/chara/stand/128.jpg,joutouguu_mayumi,touhou touhou_lostword,1girl armor armored_dress black_boots blonde_hair boots closed_mouth double_bun dress full_body hair_bun hair_ribbon haniwa_(statue) holding holding_sword holding_weapon looking_at_viewer ribbon short_hair simple_background solo sword v-shaped_eyebrows vambraces weapon white_background white_ribbon yellow_dress yellow_eyes,game_asset highres official_art third-party_source,c257824ec49ee97234a22f64bf68a721
junko_(touhou),2025-08-22T00:29:16.944-04:00,candidate,post,2097432,,Profile,https://danbooru.donmai.us/wiki_pages/junko_(touhou),,,,,https://danbooru.donmai.us/posts/2097432,http://en.touhouwiki.net/images/6/6b/JunkoTH15.png,junko_(touhou),legacy_of_lunatic_kingdom touhou,1girl belt black_belt black_dress black_hat bow bowtie chinese_clothes closed_mouth crescent crescent_print dalachi_(headdress) dress energy full_body hands_up hat long_hair long_sleeves looking_at_viewer orange_hair phoenix_print pom_pom_(clothes) red_belt red_eyes red_tabard simple_background smile solo standing tabard tassel transparent_background wavy_hair wide_sleeves yellow_bow yellow_bowtie,game_asset official_art,1121af5e668ab71050c070ae99509701
junko_(touhou),2025-08-22T00:29:16.944-04:00,candidate,post,6486011,Touhou Lostword,Profile ([[Touhou Lostword]]),https://danbooru.donmai.us/wiki_pages/junko_(touhou),https://danbooru.donmai.us/wiki_pages/Touhou_Lostword,found,2026-07-26T12:25:31.324-04:00,"[b]Touhou LostWord[/b] is a RPG-style mobile gacha [[Touhou]] doujin game developed by NextNinja and Good Smile Company. It released in Winter 2019/20 for Android and iOS platforms. The global version was released in May 2021.

The game features most characters from the source materials, but also [[alternate universe]] variations of them, which becomes an important element of the story.",https://danbooru.donmai.us/posts/6486011,https://img.altema.jp/lostword/chara/stand/80.jpg,junko_(touhou),touhou touhou_lostword,1girl black_dress closed_mouth dalachi_(headdress) dress fingernails full_body headdress long_fingernails long_hair long_sleeves looking_at_viewer orange_eyes orange_hair red_nails simple_background solo tabard tassel white_background wide_sleeves,game_asset highres official_art third-party_source,240f8fc20f382ea476c67a4e3d9e2624
kaenbyou_rin,2025-10-23T13:24:57.127-04:00,candidate,post,6586882,,,https://danbooru.donmai.us/wiki_pages/kaenbyou_rin,,,,,https://danbooru.donmai.us/posts/6586882,file://0816.title.face_pl07_face_pl07bs.png,kaenbyou_rin,touhou unfinished_dream_of_all_living_ghost,1girl animal_ears black_dress black_shoes blush_stickers braid cat_ears closed_mouth crossed_fingers dress extra_ears fingernails long_fingernails long_hair nail_polish red_eyes red_hair red_nails sharp_fingernails shoes short_sleeves skull smile solo transparent_background twin_braids,non-web_source official_art source_request,212860df2ae744c157e4c72944104ab2
kagiyama_hina,2025-09-04T05:26:45.463-04:00,candidate,post,415605,,Profile,https://danbooru.donmai.us/wiki_pages/kagiyama_hina,,,,,https://danbooru.donmai.us/posts/415605,https://en.touhouwiki.net/images/5/51/Th10Hina.png,kagiyama_hina,mountain_of_faith touhou,1girl aqua_eyes aqua_hair arm_ribbon blush boots bow dress frills front_ponytail full_body hair_bow hair_ornament hair_ribbon lace-up_boots long_hair red_dress ribbon simple_background smile solo transparent_background zun_pose,official_art,2c7209f43c0d28a0377f902c33960cd3
kaku_seiga,2024-11-24T15:57:22.589-05:00,candidate,post,1500910,,,https://danbooru.donmai.us/wiki_pages/kaku_seiga,,,,,https://danbooru.donmai.us/posts/1500910,http://en.touhouwiki.net/images/b/b0/Th13Seiga.png,kaku_seiga,ten_desires touhou,1girl belt black_shoes blue_dress blue_hair collared_vest dress drill_hair drill_sidelocks flower full_body hair_ornament hair_rings hair_stick looking_at_viewer open_clothes open_vest puffy_short_sleeves puffy_sleeves shoes short_hair short_sleeves sidelocks simple_background socks solo transparent_background veil vest white_flower white_socks white_vest zun_pose,lowres official_art,549b846acfb21cca71cf18b70963b5be
kamishirasawa_keine,2025-08-30T18:04:40.794-04:00,candidate,post,3686060,,Profile,https://danbooru.donmai.us/wiki_pages/kamishirasawa_keine,,,,,https://danbooru.donmai.us/posts/3686060,https://e-hentai.org/s/1bbe829ae3/1504816-59,kamishirasawa_keine,touhou touhou_cannonball,1girl bamboo blue_dress blue_hat breasts covered_navel cowboy_shot dress dutch_angle hair_between_eyes hands_up hat holding holding_scroll indoors long_hair looking_at_viewer medium_breasts open_mouth pinafore_dress pointer puffy_short_sleeves puffy_sleeves red_eyes scroll shirt short_sleeves sleeveless sleeveless_dress solo white_hair white_shirt window,official_art,a1004541fdc05700c229816769483f45
kana_anaberal,2026-01-18T19:23:35.880-05:00,appearance_missing,,,,,https://danbooru.donmai.us/wiki_pages/kana_anaberal,,,,,,,,,,,
kasodani_kyouko,2026-08-29T18:35:50.781-04:00,candidate,post,6501148,,,https://danbooru.donmai.us/wiki_pages/kasodani_kyouko,,,,,https://danbooru.donmai.us/posts/6501148,https://img.altema.jp/lostword/chara/stand/135.jpg,kasodani_kyouko,touhou touhou_lostword,1girl animal_ears bamboo_broom broom brown_dress brown_shoes closed_mouth dog_ears dog_tail dress full_body green_eyes green_hair holding holding_broom long_sleeves looking_at_viewer shoes short_hair simple_background smile socks solo tail white_background white_socks,game_asset highres official_art third-party_source,a4addc390cbb64c514bdd2bf4b0c3432
kawashiro_nitori,2026-07-01T15:02:49.708-04:00,asset_no_post_tags,asset,26733172,Mountain of Faith,[[Mountain of Faith]],https://danbooru.donmai.us/wiki_pages/kawashiro_nitori,https://danbooru.donmai.us/wiki_pages/Mountain_of_Faith,found,2024-08-05T16:05:40.434-04:00,"東方風神録 (""Touhou Fuujinroku"") ~ Mountain of Faith
(""Chronicles of the Wind God of the East"")

Twelfth game in the [[Touhou]] series, tenth in the mainstream lineup, and seventh in the Windows generation, as well as the fifth mainstream game in the same generation.

One autumn, a [[kochiya_sanae|mysterious stranger]] approaches the Hakurei Shrine and orders it closed to make way for the Moriya Shrine atop Youkai Mountain. A displeased [[Hakurei Reimu]] and a bored [[Kirisame Marisa]] decide to enter Youkai Mountain - a place forbidden to humans - to confront the [[yasaka_kanako|new goddess]] atop",https://danbooru.donmai.us/media_assets/26733172,,,,,,
kawashiro_nitori,2026-07-01T15:02:49.708-04:00,asset_no_post_tags,asset,26733177,Hopeless Masquerade,[[Hopeless Masquerade]],https://danbooru.donmai.us/wiki_pages/kawashiro_nitori,https://danbooru.donmai.us/wiki_pages/Hopeless_Masquerade,found,2024-10-06T18:01:38.198-04:00,"A [[Touhou]] fighting game, officially designated as ""Touhou 13.5"" (as its events take place between [i][[Ten Desires]][/i] and [i][[Double Dealing Character]][/i]).  A demo with three playable characters was released 30 December 2012 at [[Comiket]] 83; the full version followed 26 May 2013 during [[Reitaisai]] 10 (alongside the demo for [i]Double Dealing Character[/i]).

The storyline centers on representatives of the three major faiths in [[Gensokyo]] -- Shinto, Buddhism, and Taoism -- battling it out in the wake of an overall crisis of faith in the Human Village.",https://danbooru.donmai.us/media_assets/26733177,,,,,,
kawashiro_nitori,2026-07-01T15:02:49.708-04:00,candidate,post,2009245,Urban Legend in Limbo,[[Urban Legend in Limbo]],https://danbooru.donmai.us/wiki_pages/kawashiro_nitori,https://danbooru.donmai.us/wiki_pages/Urban_Legend_in_Limbo,found,2021-03-04T09:16:54.376-05:00,"東方深秘録 ([i]Touhou Shinhiroku[/i] - lit. ""Eastern Record of Deep Mysteries"")

An official [i][[touhou|Touhou Project]][/i] fighting game by Tasofro, and the 14.5th in the series which introduced the character [[Usami Sumireko]].

Notable for being the first [i]Touhou[/i] fighting game to not have character art done by [[alphes]], instead featuring character art by [[Harukawa Moe]].

The demo was released December 29th, 2014, at Comiket 87, revealing that [[Ibaraki Kasen]] would be a playable character.
On April 11th, 2015, Tasofro announced the full game's release date, and revealed [[Fujiwara n",https://danbooru.donmai.us/posts/2009245,,kawashiro_nitori,touhou urban_legend_in_limbo,1girl :o backpack bag blue_boots blue_dress blue_eyes blue_hair boots crowbar dress frown full_body hair_bobbles hair_ornament hat holding holding_crowbar key lock open_mouth rubber_boots simple_background solo tachi-e transparent_background twintails v-shaped_eyebrows,official_art,051a89aa125aa6fab49bbd5004ce9b52
kawashiro_nitori,2026-07-01T15:02:49.708-04:00,asset_no_post_tags,asset,23943823,Antinomy of Common Flowers,[[Antinomy of Common Flowers]],https://danbooru.donmai.us/wiki_pages/kawashiro_nitori,https://danbooru.donmai.us/wiki_pages/Antinomy_of_Common_Flowers,found,2024-09-13T15:54:09.568-04:00,"[i]Touhou Hyouibana[/i] (lit. ""Eastern Flower Possession"")

An official [i][[touhou|Touhou Project]][/i] fighting game by Tasofro, the 15.5th in the series, which introduced [[Yorigami Jo'on]] and [[Yorigami Shion]] as characters. It was released on December 29th, 2017, at Comiket 93. It was also released for [[steam_(platform)|Steam]] on Janurary 5, 2018, as well as for [[Playstation 4]] and [[Nintendo Switch]] on April 22, 2021, making it the first official [i]Touhou[/i] game to be released on gaming consoles.

As with [i][[Urban Legend in Limbo]][/i], it features character art by [[Harukawa",https://danbooru.donmai.us/media_assets/23943823,,,,,,
kawashiro_nitori,2026-07-01T15:02:49.708-04:00,asset_no_post_tags,asset,26733170,100th Black Market,[[100th Black Market]],https://danbooru.donmai.us/wiki_pages/kawashiro_nitori,https://danbooru.donmai.us/wiki_pages/100th_Black_Market,found,2023-02-06T07:55:57.765-05:00,"Japanese name: バレットフィリア達の闇市場 〜 100th Black Market

The 18.5th game of the [[Touhou]] series featuring [[Kirisame Marisa]] as the main character. She is depicted with [[red eyes]] on the [[video game cover|cover]], or at least a darker shade of [[yellow eyes|amber]] than in other appearances.",https://danbooru.donmai.us/media_assets/26733170,,,,,,
kawashiro_nitori,2026-07-01T15:02:49.708-04:00,candidate,post,5431960,Black tank top,[[Black tank top]] [br] (common fan design),https://danbooru.donmai.us/wiki_pages/kawashiro_nitori,https://danbooru.donmai.us/wiki_pages/Black_tank_top,found,2017-07-26T20:12:50.540-04:00,A [[tank top]] that's colored [[black]].,https://danbooru.donmai.us/posts/5431960,https://i.pximg.net/img-original/img/2022/06/14/20/05/10/99051417_p0.png,kawashiro_nitori,touhou,1girl bare_arms bare_shoulders black_gloves black_shirt black_tank_top blue_eyes blue_hair blue_pants blush breasts brown_gloves clothes_around_waist collarbone cowboy_shot gloves green_hat grin hair_bobbles hair_ornament hand_in_pocket hand_up hat holding holding_wrench jacket jacket_around_waist jumpsuit key looking_at_viewer medium_breasts newsboy_cap pants shirt short_hair simple_background sleeveless smile solo standing tank_top teeth two_side_up white_background wrench,bad_id bad_pixiv_id commentary_request highres partial_commentary,38baf563ed5f2560a467172513728123
kazami_yuuka,2026-08-17T12:12:05.089-04:00,candidate,post,5248036,,,https://danbooru.donmai.us/wiki_pages/kazami_yuuka,,,,,https://danbooru.donmai.us/posts/5248036,https://en.touhouwiki.net/images/a/a4/Yuuka_Whos_Who.png,kazami_yuuka,strange_creators_of_outer_world touhou,1girl ascot black_boots boots closed_mouth collared_shirt eyebrows_hidden_by_hair flower frilled_shirt_collar frilled_skirt frills full_body green_hair grey_background holding holding_umbrella lace-up_boots leaf long_sleeves looking_at_viewer medium_hair petals plaid_clothes plaid_skirt plaid_vest purple_flower red_eyes red_flower red_skirt red_vest shirt simple_background skirt skirt_set smile solo umbrella vest white_shirt yellow_ascot yellow_flower,highres official_art third-party_source,e785bf42e3071f4aa3c91535b511cf5e
kazami_yuuka,2026-08-17T12:12:05.089-04:00,candidate,post,10703478,Labyrinth Of Touhou 2,[[Labyrinth Of Touhou 2]],https://danbooru.donmai.us/wiki_pages/kazami_yuuka,https://danbooru.donmai.us/wiki_pages/Labyrinth_Of_Touhou_2,found,2026-01-31T18:21:00.362-05:00,Second [[Touhou]] fangame in the [[Labyrinth of Touhou (Series)|]] series. Also known as [i]Labyrinth of Touhou 2: Gensokyo And The Heaven-Piercing Tree[/i].,https://danbooru.donmai.us/posts/10703478,https://en.touhouwiki.net/wiki/File:LoT2_Chara_Yuuka_Stand_HD.png,kazami_yuuka,labyrinth_of_touhou_(series) labyrinth_of_touhou_2 touhou,1girl ascot breasts closed_mouth collared_shirt green_hair large_breasts long_sleeves medium_hair open_clothes open_vest pink_umbrella plaid_clothes plaid_skirt plaid_vest red_eyes red_skirt red_vest shirt simple_background skirt skirt_set smile solo transparent_background umbrella vest white_shirt yellow_ascot,game_asset official_art third-party_source,8093b5587ef826362add9c5e3d07f6c4
kazami_yuuka,2026-08-17T12:12:05.089-04:00,candidate,post,11970535,Hakurei Frontier Spell Strive,[[Hakurei Frontier Spell Strive]],https://danbooru.donmai.us/wiki_pages/kazami_yuuka,https://danbooru.donmai.us/wiki_pages/Hakurei_Frontier_Spell_Strive,found,2025-02-14T22:33:40.454-05:00,Free to play [[Touhou]] browser fangame.,https://danbooru.donmai.us/posts/11970535,https://wiki3.jp/890ss/page/441,kazami_yuuka,hakurei_frontier_spell_strive touhou,1girl arm_up ascot crossed_legs falling_petals floating_hair flower frilled_ascot frills full_body green_hair grin lips long_sleeves medium_hair outstretched_arm pantyhose parasol parted_bangs petals pink_flower pink_rose plaid_clothes plaid_skirt plaid_vest plant red_eyes red_skirt red_vest rose shirt sidelocks simple_background skirt skirt_set slit_pupils smile solo swept_bangs thorns transparent_background umbrella upper_body vest vines yellow_ascot,commentary_request flower_request game_asset official_art third-party_source,415b85ec3aac898c5859f1c6d9508b63
kazami_yuuka,2026-08-17T12:12:05.089-04:00,candidate,post,2981660,Kazami Yuuka (Pc-98),PC-98,https://danbooru.donmai.us/wiki_pages/kazami_yuuka,https://danbooru.donmai.us/wiki_pages/Kazami_Yuuka_(Pc-98),found,2026-01-18T17:34:33.595-05:00,"[[Kazami Yuuka]] as she appeared in the [[Touhou (PC-98)|PC-98 Touhou]] games (either with [[red pants]] in place of her [[red skirt]], or a [[pink nightgown]] and [[nightcap]]), as well as her winged cameo appearance in the [[Seihou]] series (Kioh Gyoku). She has long [[green hair]] in all three appearances and also [[green eyes]] (instead of [[red_eyes|red]]) in the first two. Tends to [[holding umbrella|carry]] her [[white umbrella|parasol]] around.",https://danbooru.donmai.us/posts/2981660,https://i.pximg.net/img-original/img/2017/07/07/18/06/43/63747786_p0.png,kazami_yuuka kazami_yuuka_(pc-98),kioh_gyoku seihou touhou touhou_(pc-98),1girl :d alphes_(style) arm_behind_back ascot bare_arms breasts collared_shirt eyebrows full_body green_eyes green_hair hair_between_eyes head_tilt holding holding_umbrella leg_up long_hair looking_at_viewer medium_breasts open_clothes open_mouth open_vest pants parody plaid_clothes plaid_pants plaid_vest puffy_short_sleeves puffy_sleeves red_pants red_vest shirt short_sleeves simple_background smile socks solo style_parody tachi-e transparent_background umbrella very_long_hair vest white_shirt white_socks white_umbrella yellow_ascot,commentary_request highres large_variant_set variant_set,08cef5664955eed8eaa773080ce6f988
kazami_yuuka,2026-08-17T12:12:05.089-04:00,candidate,post,7038238,Kazami Yuuka (Seihou),Seihou,https://danbooru.donmai.us/wiki_pages/kazami_yuuka,https://danbooru.donmai.us/wiki_pages/Kazami_Yuuka_(Seihou),found,2026-08-17T12:10:02.328-04:00,[[Kazami Yuuka]]'s design from [[Seihou]]. Exclusive to her design here are her wings. While officially drawn with pants like in [[Kazami Yuuka (PC-98)|PC-98]] she's also commonly drawn with her dress she has in Windows as well.,https://danbooru.donmai.us/posts/7038238,https://i.pximg.net/img-original/img/2019/12/27/18/57/52/78524822_p40.png,kazami_yuuka kazami_yuuka_(seihou),kioh_gyoku seihou touhou touhou_(pc-98),1girl ascot closed_mouth day flat_chest green_hair green_wings holding holding_umbrella looking_at_viewer multiple_wings no_nose open_clothes open_vest outdoors parasol purple_wings red_eyes red_vest shirt socks solo umbrella vest white_shirt white_socks white_umbrella wings yellow_ascot,commentary highres,42fe84e1b595b0b609a35583fc9b29f3
kazami_yuuka_(pc-98),2026-01-18T17:34:33.595-05:00,candidate,post,2981660,,,https://danbooru.donmai.us/wiki_pages/kazami_yuuka_(pc-98),,,,,https://danbooru.donmai.us/posts/2981660,https://i.pximg.net/img-original/img/2017/07/07/18/06/43/63747786_p0.png,kazami_yuuka kazami_yuuka_(pc-98),kioh_gyoku seihou touhou touhou_(pc-98),1girl :d alphes_(style) arm_behind_back ascot bare_arms breasts collared_shirt eyebrows full_body green_eyes green_hair hair_between_eyes head_tilt holding holding_umbrella leg_up long_hair looking_at_viewer medium_breasts open_clothes open_mouth open_vest pants parody plaid_clothes plaid_pants plaid_vest puffy_short_sleeves puffy_sleeves red_pants red_vest shirt short_sleeves simple_background smile socks solo style_parody tachi-e transparent_background umbrella very_long_hair vest white_shirt white_socks white_umbrella yellow_ascot,commentary_request highres large_variant_set variant_set,08cef5664955eed8eaa773080ce6f988
kicchou_yachie,2026-03-20T04:48:34.546-04:00,candidate,post,6492508,,,https://danbooru.donmai.us/wiki_pages/kicchou_yachie,,,,,https://danbooru.donmai.us/posts/6492508,https://img.altema.jp/lostword/chara/stand/104.jpg,kicchou_yachie,touhou touhou_lostword,1girl aqua_skirt black_shoes blonde_hair blue_shirt brown_eyes collarbone dragon_horns dragon_tail full_body half-closed_eyes horns long_sleeves looking_at_viewer open_mouth pleated_skirt scales shirt shoes short_hair simple_background skirt socks solo tail turtle_shell very_long_tail white_background white_socks,game_asset highres official_art third-party_source,4556558ad362c9fed31deb97a6a084e3
kijin_seija,2025-08-29T12:26:24.275-04:00,candidate,post,1486288,,Profile,https://danbooru.donmai.us/wiki_pages/kijin_seija,,,,,https://danbooru.donmai.us/posts/1486288,http://en.touhouwiki.net/images/6/67/Th14Seija.png,kijin_seija,double_dealing_character touhou,1girl arched_back black_hair bow bracelet breasts capelet dress flipped_hair from_side full_body hand_on_own_stomach head_tilt horns jewelry lace lace-trimmed_dress lace_trim light_smile looking_at_viewer looking_back multicolored_hair outstretched_arm pale_skin red_eyes red_streaks sandals see-through_clothes shaft_look shoe_dangle short_dress short_hair short_sleeves small_breasts smile solo standing streaked_hair transparent_background white_horns white_streaks zun_pose,lowres official_art,dabadd679281d18c5db7e681bae0f188
kirisame_marisa,2026-01-02T22:15:51.187-05:00,candidate,post,6473872,,Default,https://danbooru.donmai.us/wiki_pages/kirisame_marisa,,,,,https://danbooru.donmai.us/posts/6473872,https://img.altema.jp/lostword/chara/stand/4.jpg,kirisame_marisa,touhou touhou_lostword,1girl apron black_hat black_shoes blonde_hair bow braid broom closed_mouth frilled_hat frills full_body hand_on_headwear hat hat_bow hat_ornament long_hair looking_at_viewer mini-hakkero shoes side_braid simple_background single_braid smile socks solo star_(symbol) star_hat_ornament white_apron white_background white_bow white_socks witch_hat yellow_eyes,game_asset highres nurimas_template official_art third-party_source,ab8da57963f86965c83dff0ba0b31116
kirisame_marisa,2026-01-02T22:15:51.187-05:00,candidate,post,4014106,,Outfit guide (up to Wily Beast and Weakest Creature),https://danbooru.donmai.us/wiki_pages/kirisame_marisa,,,,,https://danbooru.donmai.us/posts/4014106,https://i.pximg.net/img-original/img/2020/07/19/21/41/39/83083770_p0.jpg,kirisame_marisa kirisame_marisa_(pc-98),antinomy_of_common_flowers curiosities_of_lotus_asia double_dealing_character embodiment_of_scarlet_devil forbidden_scrollery grimoire_of_marisa grimoire_of_usami hidden_star_in_four_seasons hopeless_masquerade immaterial_and_missing_power imperishable_night legacy_of_lunatic_kingdom lotus_land_story mountain_of_faith mystic_square perfect_cherry_blossom phantasmagoria_of_dim.dream phantasmagoria_of_flower_view scarlet_weather_rhapsody seihou story_of_eastern_wonderland subterranean_animism sunken_fossil_world ten_desires touhou touhou_(pc-98) touhou_hisoutensoku touhou_sangetsusei undefined_fantastic_object urban_legend_in_limbo wild_and_horned_hermit wily_beast_and_weakest_creature yousei_daisensou,apron black_dress black_skirt bow bowtie clothes_focus dress frilled_dress frills green_bow green_bowtie long_sleeves neck_ribbon no_humans petticoat pink_scarf purple_background purple_dress red_bow red_bowtie red_ribbon ribbon scarf short_sleeves simple_background skirt skirt_set twitter_username waist_apron white_apron,commentary_request translated,8444396f0f23ae03573aa0531dd7c397
kirisame_marisa,2026-01-02T22:15:51.187-05:00,candidate,post,3054376,Kirisame Marisa (PC-98),PC-98,https://danbooru.donmai.us/wiki_pages/kirisame_marisa,https://danbooru.donmai.us/wiki_pages/Kirisame_Marisa_(PC-98),found,2026-04-05T23:19:07.802-04:00,"[[Kirisame Marisa]] as she appeared in the first five [[Touhou]] games (Touhou-98 series).

In the second game, [i]Story of Eastern Wonderland[/i], Marisa has [[short_hair|short]] [[red hair]], [[red eyes]], and wears a [[purple_dress|purple outfit]] and [[purple_hat|hat]]. In all of the following PC-98 games, her eyes are [[yellow_eyes|yellow]] and her hair is [[long_hair|long]] and [[blonde_hair|blonde]], but she continues to wear purple. In [[Phantasmagoria of Dim.Dream]] she has [[hair over one eye]] .",https://danbooru.donmai.us/posts/3054376,https://twitter.com/baba15207048/status/975001801119301633,kirisame_marisa kirisame_marisa_(pc-98),touhou touhou_(pc-98),1girl blonde_hair full_body harukawa_moe_(style) hat long_hair solo staff transparent_background witch_hat yellow_eyes,highres,aded2ccbb5445632ef1db9a99323871a
kirisame_marisa,2026-01-02T22:15:51.187-05:00,candidate,post,6586873,Unfinished Dream of All Living Ghost,[[Unfinished Dream of All Living Ghost]],https://danbooru.donmai.us/wiki_pages/kirisame_marisa,https://danbooru.donmai.us/wiki_pages/Unfinished_Dream_of_All_Living_Ghost,found,2026-02-25T18:33:51.187-05:00,"東方獣王園 (""Touhou Juuouen"") 〜 Unfinished Dream of All Living Ghost
(""Beast King Garden"")

19th main game in the [[Touhou]] series. The game features the ""versus system"" seen previously in [i][[Phantasmagoria Of Dim.Dream]][/i] and [i][[Phantasmagoria of Flower View]][/i] with refined mechanics and the addition of Ability Cards, previously introduced in [[Unconnected Marketeers]]. A trial version was released on May 8th 2023, and the full version was released on August 13th 2023.",https://danbooru.donmai.us/posts/6586873,file://0810.title.face_pl01_face_pl01bs.png,kirisame_marisa,touhou unfinished_dream_of_all_living_ghost,1girl apron black_hat black_skirt black_vest blonde_hair blush_stickers braid broom closed_mouth frilled_apron frills hat hat_with_ears long_hair petticoat red_eyes red_shoes shirt shoes short_sleeves single_braid skirt smile socks solo transparent_background vest waist_apron white_apron white_shirt white_socks witch_hat,non-web_source official_art source_request,05b95346018a524b78cd8f0dfdadd95e
kirisame_marisa_(pc-98),2026-04-05T23:19:07.802-04:00,appearance_missing,,,,,https://danbooru.donmai.us/wiki_pages/kirisame_marisa_(pc-98),,,,,,,,,,,
kishin_sagume,2026-02-01T18:37:04.937-05:00,candidate,post,2096805,Legacy of Lunatic Kingdom,[[Legacy of Lunatic Kingdom]],https://danbooru.donmai.us/wiki_pages/kishin_sagume,https://danbooru.donmai.us/wiki_pages/Legacy_of_Lunatic_Kingdom,found,2026-09-23T20:29:15.640-04:00,"Touhou Kanjuden ~ Legacy of Lunatic Kingdom
(Ultramarine Orb Tale)
Fifteenth cardinal game of the [[Touhou]] series. A trial version was announced on 22 April 2015 and was released at Reitaisai 12. The full version was released at Comiket 88 (August 14 2015).",https://danbooru.donmai.us/posts/2096805,http://en.touhouwiki.net/images/0/0f/KishinSagumeTH15.png,kishin_sagume,legacy_of_lunatic_kingdom touhou,1girl blush_stickers boots bow bowtie brown_boots brown_jacket covering_own_mouth dress full_body grey_hair hand_on_own_face jacket long_sleeves looking_at_viewer open_clothes open_jacket purple_dress red_bow red_bowtie red_eyes shadow short_hair single_wing solo transparent_background white_wings wings zun_pose,lowres official_art,18b33b6b17ae69de6c413fd599e5cef2
kisume,2026-03-20T03:43:52.970-04:00,candidate,post,6492512,,,https://danbooru.donmai.us/wiki_pages/kisume,,,,,https://danbooru.donmai.us/posts/6492512,https://img.altema.jp/lostword/chara/stand/107.jpg,kisume,touhou touhou_lostword,1girl bucket closed_mouth collarbone full_body green_eyes green_hair hair_bobbles hair_ornament in_bucket in_container japanese_clothes kimono long_sleeves looking_at_viewer simple_background solo two_side_up white_background white_kimono wooden_bucket,game_asset highres official_art third-party_source,76948e792b63bf4ad2bdf2e01c98e352
kitashirakawa_chiyuri,2026-07-09T14:36:22.602-04:00,candidate,post,11311702,,,https://danbooru.donmai.us/wiki_pages/kitashirakawa_chiyuri,,,,,https://danbooru.donmai.us/posts/11311702,https://lostword.sukusuku.top/post/2014,kitashirakawa_chiyuri,touhou touhou_(pc-98) touhou_lostword,1girl anchor_hat_ornament blonde_hair blue_neckerchief blue_sailor_collar breasts fang full_body gun hat hat_ornament holding holding_gun holding_weapon long_hair looking_at_viewer medium_breasts midriff navel neckerchief open_mouth puffy_short_sleeves puffy_sleeves sailor_collar sailor_hat shirt shoes short_sleeves shorts simple_background smile solo thighs transparent_background twintails weapon white_shirt white_shoes white_shorts yellow_eyes,game_asset highres official_art third-party_source,1e2f501bbb7ef8b17ceddf815948b0f2
koakuma,2026-08-22T05:22:09.247-04:00,candidate,post,6480120,,,https://danbooru.donmai.us/wiki_pages/koakuma,,,,,https://danbooru.donmai.us/posts/6480120,https://img.altema.jp/lostword/chara/stand/41.jpg,koakuma,touhou touhou_lostword,1girl bat_wings black_dress black_pantyhose black_shoes black_skirt black_vest closed_mouth dress full_body head_wings index_finger_raised long_sleeves looking_at_viewer multiple_wings necktie pantyhose red_eyes red_hair red_necktie shirt shoes simple_background skirt smile solo vest white_background white_shirt wings,game_asset highres official_art third-party_source,be30c2296373de8381e1cd0757fc446c
kochiya_sanae,2026-05-13T13:57:26.506-04:00,candidate,post,9193946,,Profile,https://danbooru.donmai.us/wiki_pages/kochiya_sanae,,,,,https://danbooru.donmai.us/posts/9193946,https://wiki3.jp/890ss/page/418,kochiya_sanae,hakurei_frontier_spell_strive touhou,1girl black_shoes blue_skirt breasts closed_mouth danmaku detached_sleeves frilled_skirt frills frog_hair_ornament full_body gohei green_eyes green_hair hair_ornament hair_tubes holding holding_gohei huge_breasts loafers long_hair long_sleeves looking_at_viewer shirt shoes single_hair_tube skirt sleeveless sleeveless_shirt smile snake_hair_ornament socks solo transparent_background v-shaped_eyebrows very_long_hair white_shirt white_socks wide_sleeves,commentary_request game_asset highres official_art third-party_source,d18b6c4be104e3446a6bb2f662ed18f3
kochiya_sanae,2026-05-13T13:57:26.506-04:00,candidate,post,6586874,Unfinished Dream of All Living Ghost,[[Unfinished Dream of All Living Ghost]],https://danbooru.donmai.us/wiki_pages/kochiya_sanae,https://danbooru.donmai.us/wiki_pages/Unfinished_Dream_of_All_Living_Ghost,found,2026-02-25T18:33:51.187-05:00,"東方獣王園 (""Touhou Juuouen"") 〜 Unfinished Dream of All Living Ghost
(""Beast King Garden"")

19th main game in the [[Touhou]] series. The game features the ""versus system"" seen previously in [i][[Phantasmagoria Of Dim.Dream]][/i] and [i][[Phantasmagoria of Flower View]][/i] with refined mechanics and the addition of Ability Cards, previously introduced in [[Unconnected Marketeers]]. A trial version was released on May 8th 2023, and the full version was released on August 13th 2023.",https://danbooru.donmai.us/posts/6586874,file://0811.title.face_pl02_face_pl02bs.png,kochiya_sanae,touhou unfinished_dream_of_all_living_ghost,1girl bare_shoulders black_shoes blue_skirt blush_stickers breasts closed_mouth detached_sleeves frog_hair_ornament gohei green_eyes green_hair hair_ornament holding holding_gohei japanese_clothes kneehighs long_hair nontraditional_miko shoes skirt smile snake_hair_ornament socks solo transparent_background white_sleeves white_socks wide_sleeves wings,non-web_source official_art source_request,c0ceb45f393d7f32c5a7ed1604ba4868
komano_aunn,2026-05-06T17:50:02.580-04:00,candidate,post,2716157,,,https://danbooru.donmai.us/wiki_pages/komano_aunn,,,,,https://danbooru.donmai.us/posts/2716157,https://en.touhouwiki.net/images/6/66/Th16Aunn.png,komano_aunn,hidden_star_in_four_seasons touhou,1girl :d animal_ears aqua_hair bare_arms blush_stickers buttons cloud_print collared_shirt curly_hair dancing full_body geta green_eyes heart horns kariyushi_shirt leg_up long_hair looking_at_viewer open_mouth paw_pose pink_shorts red_shirt shirt short_sleeves shorts silhouette single_horn smile solo standing standing_on_one_leg tongue transparent_background,lowres official_art,ddced194f543c6c4f2c7d512efabcf29
komeiji_koishi,2026-09-22T12:28:13.389-04:00,candidate,post,2008652,,,https://danbooru.donmai.us/wiki_pages/komeiji_koishi,,,,,https://danbooru.donmai.us/posts/2008652,,komeiji_koishi,touhou urban_legend_in_limbo,1girl chest_eye disembodied_linked_eye downwards_triangle_mouth full_body green_eyes green_hair hat heart long_sleeves looking_at_viewer open_mouth shirt shoes short_hair simple_background skirt solo standing tachi-e transparent_background triangle_mouth wide_sleeves,official_art,3a4a9d7f99117b4a437dbc473412a0ed
komeiji_satori,2025-12-11T22:02:52.004-05:00,candidate,post,3276531,,Profile,https://danbooru.donmai.us/wiki_pages/komeiji_satori,,,,,https://danbooru.donmai.us/posts/3276531,https://www.4gamer.net/games/428/G042899/20180830170/,komeiji_satori,touhou,1girl arms_up blush_stickers chest_eye disembodied_linked_eye eyeball full_body hairband long_sleeves purple_eyes purple_hair red_slippers short_hair simple_background sleeves_past_wrists slippers solo white_background,absurdres highres official_art photoshop_(medium),61ad7776de4737c8e27089a2964015d8
konpaku_youmu,2026-04-07T07:38:23.104-04:00,candidate,post,3759647,,,https://danbooru.donmai.us/wiki_pages/konpaku_youmu,,,,,https://danbooru.donmai.us/posts/3759647,https://twitter.com/ymkw968/status/1220645267797463041,konpaku_youmu konpaku_youmu_(ghost),touhou touhou_spell_bubble,1girl black_bow black_bowtie black_hairband bob_cut boots bow bow_hairband bowtie buckle collared_shirt expressionless flower frilled_skirt frills full_body green_boots green_eyes green_skirt green_vest hairband lace-up_boots looking_at_viewer sheath sheathed shirt simple_background skirt socks solo sword sword_on_back tachi-e vest walking watermark weapon weapon_on_back white_socks,bad_id bad_twitter_id commentary_request official_art translation_request,3d25653d2814dc50b2f27d9f96c431f3
konpaku_youmu_(ghost),2026-09-16T11:59:29.378-04:00,appearance_missing,,,,,https://danbooru.donmai.us/wiki_pages/konpaku_youmu_(ghost),,,,,,,,,,,
kudamaki_tsukasa,2026-07-18T19:13:16.762-04:00,candidate,post,4502588,,,https://danbooru.donmai.us/wiki_pages/kudamaki_tsukasa,,,,,https://danbooru.donmai.us/posts/4502588,https://upload.thwiki.cc/7/7f/%E8%8F%85%E7%89%A7%E5%85%B8%EF%BC%88%E8%99%B9%E9%BE%99%E6%B4%9E%E7%AB%8B%E7%BB%98%EF%BC%89.png,kudamaki_tsukasa,touhou unconnected_marketeers,1girl animal_ears blonde_hair brown_eyes corked_bottle fox_ears fox_girl fox_shadow_puppet fox_tail full_body hand_up ribbon romper shirt socks solo tabi tail transparent_background vial white_romper white_shirt white_socks zun_pose,lowres official_art third-party_source,b92b549c3eef83af0874b8d438da3802
kumoi_ichirin,2026-03-19T03:27:22.106-04:00,candidate,post,1333165,,,https://danbooru.donmai.us/wiki_pages/kumoi_ichirin,,,,,https://danbooru.donmai.us/posts/1333165,,kumoi_ichirin,hopeless_masquerade touhou,1girl bad_anatomy blue_eyes blue_hair clenched_hand colored_eyelashes dress eyelashes hood jewelry kesa long_hair long_sleeves looking_at_viewer necklace pendant ring smile solo transparent_background wide_sleeves,game_asset official_art,1ebadc69975c10e71a8ab4f82d6ea035
kurodani_yamame,2024-10-02T01:57:16.997-04:00,asset_no_post_tags,asset,23349602,,,https://danbooru.donmai.us/wiki_pages/kurodani_yamame,,,,,https://danbooru.donmai.us/media_assets/23349602,,,,,,
kurodani_yamame,2024-10-02T01:57:16.997-04:00,asset_no_post_tags,asset,23349600,,,https://danbooru.donmai.us/wiki_pages/kurodani_yamame,,,,,https://danbooru.donmai.us/media_assets/23349600,,,,,,
kurokoma_saki,2026-02-01T11:09:37.176-05:00,appearance_missing,,,,,https://danbooru.donmai.us/wiki_pages/kurokoma_saki,,,,,,,,,,,
letty_whiterock,2026-09-16T00:49:31.034-04:00,candidate,post,6489041,,,https://danbooru.donmai.us/wiki_pages/letty_whiterock,,,,,https://danbooru.donmai.us/posts/6489041,https://img.altema.jp/lostword/chara/stand/81.jpg,letty_whiterock,touhou touhou_lostword,1girl apron blue_eyes closed_mouth full_body juliet_sleeves lapel_pin long_sleeves looking_at_viewer puffy_sleeves purple_hair scarf simple_background smile snowflakes socks solo white_apron white_background white_scarf white_socks,game_asset highres official_art third-party_source,5241efd19c64e2044839cc2c722e7b77
lily_white,2026-05-03T21:06:40.273-04:00,candidate,post,6475458,,Profile,https://danbooru.donmai.us/wiki_pages/lily_white,,,,,https://danbooru.donmai.us/posts/6475458,https://img.altema.jp/lostword/chara/stand/12.jpg,lily_white,touhou touhou_lostword,1girl blonde_hair blue_eyes boots bow bowtie capelet closed_mouth dress full_body hat long_hair long_sleeves looking_at_viewer red_bow red_bowtie simple_background smile solo white_background white_boots white_capelet white_dress white_hat wings yellow_wings,game_asset highres official_art third-party_source,231aca9bac1a1ead9b564af4f0f4e1cd
luna_child,2026-04-04T06:09:44.603-04:00,candidate,post,2264238,,Profile,https://danbooru.donmai.us/wiki_pages/luna_child,,,,,https://danbooru.donmai.us/posts/2264238,https://twitter.com/hirasaka8/status/694836157541027841,luna_child,touhou touhou_sangetsusei,1girl blonde_hair chestnut_mouth dress drill_hair fairy_wings full_body hat long_hair long_sleeves looking_at_viewer red_eyes shoes simple_background solo white_background white_dress wide_sleeves wings,commentary_request lowres official_art,352f3cb296fcbe21fb9e9af35fdd3a40
lunasa_prismriver,2026-03-20T04:03:51.067-04:00,candidate,post,7641209,,,https://danbooru.donmai.us/wiki_pages/lunasa_prismriver,,,,,https://danbooru.donmai.us/posts/7641209,https://img.altema.jp/lostword/chara/stand/235.jpg,lunasa_prismriver lunasa_prismriver_(scarlet),touhou touhou_lostword,1girl beret black_hat black_skirt blonde_hair bow_(music) closed_mouth crescent crescent_hat_ornament frilled_skirt frills full_body hat hat_ornament holding holding_instrument instrument long_sleeves looking_at_viewer short_hair simple_background skirt socks solo violin white_background white_socks yellow_eyes,game_asset highres official_art third-party_source,0d0c0c93cba4821927f2e7fd97b04ddc
lyrica_prismriver,2026-08-27T16:53:18.108-04:00,candidate,post,6485159,,,https://danbooru.donmai.us/wiki_pages/lyrica_prismriver,,,,,https://danbooru.donmai.us/posts/6485159,https://img.altema.jp/lostword/chara/stand/65.jpg,lyrica_prismriver,touhou touhou_lostword,1girl brown_eyes brown_hair brown_shoes closed_mouth frilled_hat frills full_body hat hat_ornament instrument keyboard_(instrument) long_sleeves looking_at_viewer red_hat red_skirt red_vest shirt shoes short_hair simple_background skirt smile socks solo star_(symbol) star_hat_ornament vest white_background white_shirt white_socks wings,game_asset highres official_art third-party_source,ddeaeba04c90ac523e5c315f7881a140
maribel_hearn,2026-08-27T15:01:46.010-04:00,candidate,post,7135426,Ghostly Field Club,[[Ghostly Field Club]],https://danbooru.donmai.us/wiki_pages/maribel_hearn,https://danbooru.donmai.us/wiki_pages/Ghostly_Field_Club,found,2026-07-23T11:16:27.226-04:00,"Japanese name: 蓮台野夜行 ～ Ghostly Field Club

The 2nd music CD from Team Shanghai Alice, a part of the [[Touhou]] side series ""ZUN's Music Collection"".

Was released on the 12th of December 2003, during Comiket 65.

This is the first Music CD to have a story featuring the Sealing Club members, [[Maribel Hearn]] and [[Usami Renko]]. The story features the duo exploring the entrance in Rendaino, connected to the Netherworld.",https://danbooru.donmai.us/posts/7135426,https://i.pximg.net/img-original/img/2019/09/22/20/44/03/76913615_p66.png,maribel_hearn,ghostly_field_club touhou,1girl armband blonde_hair bloomers bobby_socks bow buttons closed_mouth collared_dress dress frilled_dress frills grey_shoes hat leaning_to_the_side legs_apart long_sleeves looking_at_viewer mary_janes mob_cap official_style puffy_long_sleeves puffy_sleeves purple_eyes sash shoes short_hair smile socks solo standing white_armband white_bloomers white_bow white_hat white_sash white_socks zun_(style),commentary_request,a7634c7905df72e8694bc71ef3f7340d
maribel_hearn,2026-08-27T15:01:46.010-04:00,candidate,post,1855455,Neo-Traditionalism Of Japan,[[Neo-Traditionalism Of Japan]],https://danbooru.donmai.us/wiki_pages/maribel_hearn,https://danbooru.donmai.us/wiki_pages/Neo-Traditionalism_Of_Japan,found,2026-07-23T11:15:01.641-04:00,"Japanese name: 伊弉諾物質 ～ Neo-traditionalism of Japan

The 7th music CD from Team Shanghai Alice, a part of the [[Touhou]] side series ""ZUN's Music Collection"".

Was released on the 11th of August 2012, during Comiket 82.

After [[Maribel Hearn]] was discharged from the Shinshuu Sanatorium (where she was quarantined after the incident aboard the TORIFUNE), she and [[Usami Renko]] visit Zenkouji Temple. There, they discussed about Izanagi Objects.",https://danbooru.donmai.us/posts/1855455,https://i.pximg.net/img-original/img/2014/07/16/17/08/46/44743444_p13.jpg,maribel_hearn,neo-traditionalism_of_japan touhou,1girl blonde_hair crossed_arms hat long_hair shirt sketch skirt smile solo yellow_eyes,commentary_request highres,5cad3b4c104507368865f366e03a221c
maribel_hearn,2026-08-27T15:01:46.010-04:00,candidate,post,8675044,Taboo Japan Disentanglement,"[[Taboo Japan Disentanglement]], her [[mob cap|white mob cap]] now has a [[hat ribbon|red ribbon]] on the top of it",https://danbooru.donmai.us/wiki_pages/maribel_hearn,https://danbooru.donmai.us/wiki_pages/Taboo_Japan_Disentanglement,found,2026-07-23T11:13:55.186-04:00,"Japanese name: <b>七夕坂夢幻能 (Taboo Japan Disentanglement)</b>

The 10th music CD from Team Shanghai Alice, a part of the [[Touhou]] side series ""ZUN's Music Collection"".

The artwork features [[Usami Renko]] trying to reach [[Maribel Hearn]], both of them seem to be floating in an abstract world, this artwork is notable because Maribel has [[long hair]], and her [[mob_cap|hat]] has a [[red ribbon]], which makes her look much more like [[Yakumo Yukari]].",https://danbooru.donmai.us/posts/8675044,https://i.pximg.net/img-original/img/2024/12/31/19/17/13/125738455_p101.png,maribel_hearn,taboo_japan_disentanglement touhou,1girl abstract_background blonde_hair collared_shirt expressionless frilled_shirt frilled_shirt_collar frilled_sleeves frills hat hat_ribbon light_blush long_hair looking_down mob_cap puffy_short_sleeves puffy_sleeves purple_shirt red_ribbon red_skirt ribbon shirt short_sleeves skirt solo very_long_hair wavy_hair white_hat yellow_eyes,commentary_request highres partial_commentary,842188f1b7b05e0a243b66fafd6adff8
maribel_hearn,2026-08-27T15:01:46.010-04:00,candidate,post,7641214,Maribel hearn (Interpreting An Evil Spirit),Interpreting an Evil Spirit,https://danbooru.donmai.us/wiki_pages/maribel_hearn,https://danbooru.donmai.us/wiki_pages/Maribel_hearn_(Interpreting_An_Evil_Spirit),found,2025-07-03T03:32:54.642-04:00,"[b]Maribel Hearn, Interpreting an Evil Spirit[/b]

An [[alternate universe]] variation of [[Maribel Hearn]] and [[Mima (touhou)|]] in [[Touhou LostWord]], hailing from [b]LM1 Universe[/b].",https://danbooru.donmai.us/posts/7641214,https://img.altema.jp/lostword/chara/stand/239.jpg,maribel_hearn maribel_hearn_(interpreting_an_evil_spirit),touhou touhou_lostword,1girl black_dress black_shoes blonde_hair capelet cross-laced_clothes dress full_body hat key long_sleeves looking_at_viewer mob_cap open_mouth shoes short_hair simple_background solo white_background white_capelet white_hat yellow_eyes,game_asset highres official_art third-party_source,9c8d8d09bf04884bffec688ee583b060
matara_okina,2026-03-20T05:14:35.993-04:00,candidate,post,8331427,,,https://danbooru.donmai.us/wiki_pages/matara_okina,,,,,https://danbooru.donmai.us/posts/8331427,https://ifi.games/touhouspellcarnival/chara/img/c20_img.png,matara_okina,touhou touhou_spell_carnival,1girl blonde_hair brown_hat closed_mouth constellation_print detached_sleeves full_body green_skirt hat long_hair long_sleeves looking_at_viewer orange_sleeves orange_tabard shoes simple_background skirt smile solo sun_print tabard tachi-e tate_eboshi transparent_background wide_sleeves yellow_eyes,commentary english_commentary highres official_art,65ecaa6685f70218ae25c97d23ac98f7
medicine_melancholy,2026-03-20T03:32:07.017-04:00,candidate,post,8863938,,,https://danbooru.donmai.us/wiki_pages/medicine_melancholy,,,,,https://danbooru.donmai.us/posts/8863938,https://wiki3.jp/890ss/page/322,medicine_melancholy su-san,hakurei_frontier_spell_strive touhou,1girl black_shirt blonde_hair blue_eyes bow bowtie closed_mouth doll fairy_wings full_body hair_ribbon looking_at_viewer medium_hair red_bow red_bowtie red_ribbon red_shoes red_skirt ribbon ribbon-trimmed_shirt ribbon_trim shirt shoes short_sleeves skirt smile socks solo transparent_background white_socks wings,check_commentary commentary_request game_asset highres official_art third-party_source,99cd817aee2bcba90cdc8c2f79623468
merlin_prismriver,2026-03-30T14:52:21.495-04:00,candidate,post,7641210,,,https://danbooru.donmai.us/wiki_pages/merlin_prismriver,,,,,https://danbooru.donmai.us/posts/7641210,https://img.altema.jp/lostword/chara/stand/236.jpg,merlin_prismriver merlin_prismriver_(scarlet),touhou touhou_lostword,1girl beret blue_eyes blue_hair closed_mouth dress full_body hat holding holding_instrument instrument juliet_sleeves long_sleeves looking_at_viewer pink_dress pink_hat puffy_sleeves short_hair simple_background socks solo sun_hat_ornament trumpet white_background white_socks,game_asset highres official_art third-party_source,b276e0c60d239ffd372a0dfcaf6d8b8a
michigami_nareko,2025-12-06T01:45:28.038-05:00,candidate,post,9257317,,,https://danbooru.donmai.us/wiki_pages/michigami_nareko,,,,,https://danbooru.donmai.us/posts/9257317,https://en.touhouwiki.net/wiki/File:Th20Nareko.png,michigami_nareko,fossilized_wonders touhou,1girl belt black_thighhighs blue_eyes blue_hair brown_shirt brown_shorts earrings facial_mark hair_ornament holding holding_scepter jewelry key_earrings long_hair scepter shirt shorts solo sphere_hair_ornament staff tattoo thighhighs triangle triangle_facial_mark,lowres official_art,a38043c0b8451107ce3f6552ceef4c5b
mima_(touhou),2025-11-16T14:38:19.906-05:00,candidate,post,7048700,Highly Responsive to Prayers,[[Highly Responsive to Prayers]] Appearance,https://danbooru.donmai.us/wiki_pages/mima_(touhou),https://danbooru.donmai.us/wiki_pages/Highly_Responsive_to_Prayers,found,2022-03-06T12:55:16.717-05:00,"東方靈異伝 (""Touhou Rei'iden"") ~ The Highly Responsive to Prayers (""Unusual Spirit Transmissions of the East"")

First game of the [[Touhou]] series, released for NEC PC-9801 on November 1996. Part of the [[Touhou (PC-98)|Touhou PC-98]] era of games.

Someone has wrecked the [[Hakurei Shrine]], an important gateway between [[Gensokyo]], Jigoku (World of Hell) and Makai (World of Demons). Its [[miko]], [[Hakurei Reimu (PC-98)|]], chooses between entering Makai and Jigoku to find out who destroyed her shrine, leading her either to an [[sariel (touhou)|angel of death]] or a [[konngara (touhou)|jealous ",https://danbooru.donmai.us/posts/7048700,https://i.pximg.net/img-original/img/2017/01/03/16/22/48/60742043_p18.jpg,mima_(touhou),highly_responsive_to_prayers touhou touhou_(pc-98),1girl blood blood_on_knife blue_skirt cowboy_shot extra_arms green_eyes green_hair holding holding_knife knife medium_hair neckerchief no_mouth red_neckerchief shirt short_sleeves simple_background skirt solo white_background white_shirt,commentary_request highres painting_(medium) traditional_media watercolor_(medium),8d0c7ea9f569bda56ceda6b2b32fd691
mima_(touhou),2025-11-16T14:38:19.906-05:00,candidate,post,6730554,,Usual Appearance,https://danbooru.donmai.us/wiki_pages/mima_(touhou),,,,,https://danbooru.donmai.us/posts/6730554,https://twitter.com/zenji029/status/1676790425989042176,mima_(touhou),touhou touhou_(pc-98),1girl blue_background blue_capelet blue_hat bow bowtie cape capelet closed_mouth full_body ghost ghost_tail green_eyes green_hair hat holding holding_staff long_hair long_sleeves looking_at_viewer outline simple_background solo staff sun_print white_outline wizard_hat yellow_bow yellow_bowtie,commentary,dfa0bb6b6380c40c219dd20e56ae4496
mitsugashira_enoko,2025-05-23T11:22:01.794-04:00,appearance_missing,,,,,https://danbooru.donmai.us/wiki_pages/mitsugashira_enoko,,,,,,,,,,,
miyako_yoshika,2025-09-29T13:50:28.223-04:00,asset_no_post_tags,asset,23118598,,,https://danbooru.donmai.us/wiki_pages/miyako_yoshika,,,,,https://danbooru.donmai.us/media_assets/23118598,,,,,,
mizuhashi_parsee,2026-08-22T15:56:19.750-04:00,asset_no_post_tags,asset,23207809,,Profile,https://danbooru.donmai.us/wiki_pages/mizuhashi_parsee,,,,,https://danbooru.donmai.us/media_assets/23207809,,,,,,
mononobe_no_futo,2026-06-01T23:17:48.478-04:00,candidate,post,6489049,,,https://danbooru.donmai.us/wiki_pages/mononobe_no_futo,,,,,https://danbooru.donmai.us/posts/6489049,https://img.altema.jp/lostword/chara/stand/88.jpg,mononobe_no_futo,touhou touhou_lostword,1girl :d black_boots blue_skirt boots bow_(weapon) full_body grey_eyes grey_hair holding holding_bow_(weapon) holding_weapon japanese_clothes kariginu long_hair long_sleeves looking_at_viewer open_mouth pom_pom_(clothes) ponytail ribbon-trimmed_sleeves ribbon_trim simple_background skirt smile solo v-shaped_eyebrows weapon white_background wide_sleeves,game_asset highres official_art third-party_source,e419f5071fa3ad425707552c0285c7e7
moriya_suwako,2026-03-19T01:31:39.993-04:00,candidate,post,4933764,,,https://danbooru.donmai.us/wiki_pages/moriya_suwako,,,,,https://danbooru.donmai.us/posts/4933764,https://twitter.com/panno_mimi/status/1463123452886335491,moriya_suwako pyonta,touhou touhou_spell_bubble,1girl :d animal_print arm_up blonde_hair blush breasts brown_hat brown_shoes closed_mouth cross-laced_clothes fingernails frilled_skirt frills frog_print full_body glint hair_ribbon hand_on_headwear happy hat jewelry loafers long_hair long_sleeves looking_at_viewer medium_breasts midriff navel outstretched_arm parted_bangs petticoat purple_eyes purple_skirt purple_vest red_ribbon ribbon shoes sidelocks simple_background skirt smile solo standing sweater tachi-e thighhighs tress_ribbon turtleneck turtleneck_sweater vest white_background white_thighhighs wide_sleeves,commentary_request official_art,4cbdf23a7bdcb3a7d2d010c047f358dd
motoori_kosuzu,2025-11-17T14:15:13.666-05:00,asset_no_post_tags,asset,36953444,,,https://danbooru.donmai.us/wiki_pages/motoori_kosuzu,,,,,https://danbooru.donmai.us/media_assets/36953444,,,,,,
motoori_kosuzu,2025-11-17T14:15:13.666-05:00,candidate,post,3538596,Motoori Kosuzu (Possessed),Possessed,https://danbooru.donmai.us/wiki_pages/motoori_kosuzu,https://danbooru.donmai.us/wiki_pages/Motoori_Kosuzu_(Possessed),found,2023-04-23T09:47:39.704-04:00,,https://danbooru.donmai.us/posts/3538596,https://i.pximg.net/img-original/img/2019/06/16/11/35/50/75249147_p0.jpg,motoori_kosuzu motoori_kosuzu_(possessed),forbidden_scrollery touhou,1girl alternate_hairstyle apron aura boots brown_boots checkered_clothes checkered_kimono contrapposto dark_persona empty_eyes expressionless feet_out_of_frame gradient_background green_skirt hair_between_eyes hair_down hair_intakes head_tilt hifu high_collar holding holding_scroll japanese_clothes kappougi kimono knee_boots lace-up_boots long_hair looking_at_viewer missing_headwear no_hair_ornament parted_lips petticoat red_eyes scroll skirt smile solo standing,commentary_request highres,34214c7f321ae3d8bb812f3f6323f5c5
motoori_kosuzu,2025-11-17T14:15:13.666-05:00,candidate,post,5300402,Motoori Kosuzu (Student Librarian of Gossip),Student Librarian of Gossip,https://danbooru.donmai.us/wiki_pages/motoori_kosuzu,https://danbooru.donmai.us/wiki_pages/Motoori_Kosuzu_(Student_Librarian_of_Gossip),found,2025-11-17T14:14:04.053-05:00,"An alternate costume for [[Motoori Kosuzu]] debuting in [[Touhou LostWord]], a [[school uniform]] in a [[serafuku]]-style inspired by the uniforms commonly worn in the outside world.",https://danbooru.donmai.us/posts/5300402,https://twitter.com/Touhou_LW/status/1517075669930422272,hakurei_reimu kirisame_marisa motoori_kosuzu motoori_kosuzu_(student_librarian_of_gossip),touhou touhou_lostword,3girls ahoge bell blue_sailor_collar blue_skirt blue_socks book book_stack cardigan character_name dust_cloud hair_bell hair_ornament holding holding_book indoors jingle_bell ladder legs library long_sleeves looking_at_viewer multiple_girls neckerchief orange_eyes orange_hair pleated_skirt red_neckerchief running sailor_collar shirt shoes short_hair skirt smile socks solo_focus stepladder sweater two_side_up uwabaki white_shirt white_shoes,commentary_request official_art promotional_art translated,0928c3474e5e138ea1732df3b57a5c54
motoori_kosuzu,2025-11-17T14:15:13.666-05:00,candidate,post,9401679,Motoori Kosuzu (The White Book of Gossip),The White Book of Gossip,https://danbooru.donmai.us/wiki_pages/motoori_kosuzu,https://danbooru.donmai.us/wiki_pages/Motoori_Kosuzu_(The_White_Book_of_Gossip),found,2024-03-10T23:38:04.965-04:00,,https://danbooru.donmai.us/posts/9401679,https://lostword.sukusuku.top/post/383,motoori_kosuzu motoori_kosuzu_(the_white_book_of_gossip),touhou touhou_lostword,1girl ahoge alternate_costume alternate_hairstyle bell book bookshelf checkered_floor closed_mouth dress drill_hair flower frilled_dress frills full_body glasses hair_bell hair_ornament holding holding_book holding_removed_eyewear indoors jingle_bell juliet_sleeves ladder library long_dress long_sleeves looking_at_viewer lorgnette orange_eyes orange_hair phonograph puffy_sleeves short_hair smile solo standing transparent_background twin_drills two_side_up unworn_eyewear white_dress white_flower wide_sleeves,flower_request game_asset highres official_art third-party_source,1cd00b869eefcb60ef910ee34fbff2a9
motoori_kosuzu,2025-11-17T14:15:13.666-05:00,candidate,post,9199207,Motoori Kosuzu (Ultra-Bibliophile with a Deciphering Eye),Ultra-Bibliophile with a Deciphering Eye,https://danbooru.donmai.us/wiki_pages/motoori_kosuzu,https://danbooru.donmai.us/wiki_pages/Motoori_Kosuzu_(Ultra-Bibliophile_with_a_Deciphering_Eye),found,2025-11-17T14:14:56.826-05:00,"An [[alternate costume]]/[[alternate universe]] version of [[Motoori Kosuzu]] in [[Touhou LostWord]]. This version of Kosuzu, specifically the [[motoori kosuzu (possessed)|possessed Kosuzu]], hails from [b]A16.3& Universe[/b], where the finale of [[Forbidden Scrollery]] prolonged by an unknown cause.",https://danbooru.donmai.us/posts/9199207,https://lostword.sukusuku.top/post/1226,motoori_kosuzu motoori_kosuzu_(possessed) motoori_kosuzu_(ultra-bibliophile_with_a_deciphering_eye) oni_of_the_night_parade_scroll,forbidden_scrollery touhou touhou_lostword,1girl apron bell boots closed_mouth colored_inner_hair dark_persona full_body green_skirt hair_between_eyes hifu holding holding_scroll japanese_clothes jingle_bell kappougi knee_boots lace-up_boots long_hair long_sleeves looking_at_viewer multicolored_hair official_alternate_costume possessed red_hair scroll skirt smile solo spirit transparent_background very_long_hair wide_sleeves,game_asset highres official_art third-party_source,682bf53cc871358c205eb458f5e4ef6a
murasa_minamitsu,2026-03-19T03:03:48.440-04:00,candidate,post,6486002,,,https://danbooru.donmai.us/wiki_pages/murasa_minamitsu,,,,,https://danbooru.donmai.us/posts/6486002,https://img.altema.jp/lostword/chara/stand/71.jpg,murasa_minamitsu,touhou touhou_lostword,1girl anchor anchor_symbol black_boots black_hair boots full_body green_eyes green_sailor_collar hat hishaku holding looking_at_viewer navel neckerchief red_neckerchief sailor sailor_collar sailor_hat shirt short_hair short_sleeves shorts simple_background socks solo white_background white_hat white_shirt white_shorts white_socks,game_asset highres official_art third-party_source,2ecd76d5470a236569a259845d271d8d
mystia_lorelei,2025-12-13T13:55:18.061-05:00,candidate,post,5462650,,,https://danbooru.donmai.us/wiki_pages/mystia_lorelei,,,,,https://danbooru.donmai.us/posts/5462650,https://twitter.com/KitaIroha/status/1525098005191196678,mystia_lorelei,chunithm sega touhou,1girl :d animal_ears bird_ears bird_wings black_shoes blush brown_dress brown_hat brown_socks company_name copyright_notice dress falling_petals feathered_wings frilled_dress frilled_sleeves frills full_body hair_between_eyes hat kneehighs long_sleeves open_mouth petals pink_hair red_eyes shoes short_hair smile socks solo teeth upper_teeth_only white_wings winged_hat wings,commentary_request highres official_art,1f303ed2c625ae3c5f11827790c18f12
mystia_lorelei,2025-12-13T13:55:18.061-05:00,candidate,post,6232989,Okamisty,[[Okamisty]],https://danbooru.donmai.us/wiki_pages/mystia_lorelei,https://danbooru.donmai.us/wiki_pages/Okamisty,found,2026-02-27T16:17:08.255-05:00,"An outfit worn by [[Mystia Lorelei]] consisting of a [[brown kimono]] and a [[blue headscarf]]. Not officially canon, but one of the most prominent elements of near-universally accepted fanon concerning a [[Touhou]] character. Often seen when Mystia is working at her [[yatai]]. The name comes from combination of Okami (proprietress) and her name.",https://danbooru.donmai.us/posts/6232989,https://twitter.com/kaputii/status/1647931074226561027,mystia_lorelei okamisty,touhou,1girl animal_ears apron bird_ears bird_wings blue_apron blue_headscarf blush brown_kimono closed_eyes earrings feathered_wings full_body geta headscarf holding japanese_clothes jewelry kimono obi open_mouth pink_hair pink_wings sash shamoji short_hair short_sleeves simple_background single_earring smile socks solo tabi tasuki white_background white_socks wings,commentary_request,a50098ed05a79d4c9868e330985f2954
nagae_iku,2026-03-19T03:18:28.683-04:00,candidate,post,6492510,,,https://danbooru.donmai.us/wiki_pages/nagae_iku,,,,,https://danbooru.donmai.us/posts/6492510,https://img.altema.jp/lostword/chara/stand/105.jpg,nagae_iku,touhou touhou_lostword,1girl arm_up ascot black_hat black_shoes black_skirt bow capelet closed_mouth frilled_capelet frilled_shawl frilled_skirt frills full_body hat hat_bow long_sleeves looking_at_viewer purple_hair red_ascot red_bow red_eyes shawl shirt shoes short_hair simple_background skirt smile socks solo white_background white_capelet white_shirt white_socks,game_asset highres official_art third-party_source,fe6faa64e0a2fa22f76a4c93e80d8d4b
nazrin,2026-05-19T06:21:00.943-04:00,asset_no_post_tags,asset,23343446,,Profile,https://danbooru.donmai.us/wiki_pages/nazrin,,,,,https://danbooru.donmai.us/media_assets/23343446,,,,,,
nishida_satono,2024-02-19T11:11:35.743-05:00,appearance_missing,,,,,https://danbooru.donmai.us/wiki_pages/nishida_satono,,,,,,,,,,,
niwatari_kutaka,2025-09-07T11:17:45.582-04:00,candidate,post,5305479,,,https://danbooru.donmai.us/wiki_pages/niwatari_kutaka,,,,,https://danbooru.donmai.us/posts/5305479,https://en.touhouwiki.net/images/9/99/Kutaka_Whos_Who.png,niwatari_kutaka,strange_creators_of_outer_world touhou,1girl animal_on_head ascot baby_animal bird bird_on_head bird_tail bird_wings blonde_hair blush boots brown_boots chick dress feathered_wings feathers flower looking_at_viewer multicolored_hair on_head orange_dress puffy_short_sleeves puffy_sleeves red_ascot red_eyes red_hair shirt short_hair short_sleeves smile solo spider_lily standing standing_on_one_leg tail white_shirt wings,highres official_art third-party_source,35239d09ccb105282e52f9c3cb1236e2
okamisty,2026-02-27T16:17:08.255-05:00,candidate,post,6232989,,,https://danbooru.donmai.us/wiki_pages/okamisty,,,,,https://danbooru.donmai.us/posts/6232989,https://twitter.com/kaputii/status/1647931074226561027,mystia_lorelei okamisty,touhou,1girl animal_ears apron bird_ears bird_wings blue_apron blue_headscarf blush brown_kimono closed_eyes earrings feathered_wings full_body geta headscarf holding japanese_clothes jewelry kimono obi open_mouth pink_hair pink_wings sash shamoji short_hair short_sleeves simple_background single_earring smile socks solo tabi tasuki white_background white_socks wings,commentary_request,a50098ed05a79d4c9868e330985f2954
okazaki_yumemi,2026-01-18T18:23:15.702-05:00,appearance_missing,,,,,https://danbooru.donmai.us/wiki_pages/okazaki_yumemi,,,,,,,,,,,
onozuka_komachi,2025-09-04T02:02:05.608-04:00,candidate,post,6485162,,Profile,https://danbooru.donmai.us/wiki_pages/onozuka_komachi,,,,,https://danbooru.donmai.us/posts/6485162,https://img.altema.jp/lostword/chara/stand/68.jpg,onozuka_komachi,touhou touhou_lostword,1girl black_sandals blue_dress breasts cleavage coin coin_on_string dress full_body hair_bobbles hair_ornament holding holding_scythe huge_breasts looking_at_viewer obi obidome obijime okobo platform_sandals red_eyes red_hair sandals sash scythe short_sleeves simple_background socks solo tabi two_side_up white_background white_socks,game_asset highres official_art third-party_source,480aebab4c9cf7e76ae9f3d0e6fd5ac1
patchouli_knowledge,2026-04-17T00:30:48.739-04:00,candidate,post,3276498,,Profile,https://danbooru.donmai.us/wiki_pages/patchouli_knowledge,,,,,https://danbooru.donmai.us/posts/3276498,https://www.4gamer.net/games/428/G042899/20180830170/,patchouli_knowledge,touhou,1girl :o book boots bow crescent crescent_hat_ornament dress flat_chest footwear_bow full_body hair_bow hat hat_ornament long_hair long_sleeves mismatched_bows mob_cap open_book pink_boots purple_eyes purple_hair sidelocks simple_background solo striped_clothes striped_dress white_background,absurdres artist_request highres official_art photoshop_(medium),616bdfcda0c918e6dc7158c2f136b410
reisen_(touhou_bougetsushou),2025-09-23T21:47:35.216-04:00,appearance_missing,,,,,https://danbooru.donmai.us/wiki_pages/reisen_(touhou_bougetsushou),,,,,,,,,,,
reisen_udongein_inaba,2025-10-26T09:28:17.994-04:00,candidate,post,7885194,,Profile,https://danbooru.donmai.us/wiki_pages/reisen_udongein_inaba,,,,,https://danbooru.donmai.us/posts/7885194,https://twitter.com/matchach/status/1814928423644766386,reisen_udongein_inaba,touhou,1girl animal_ears black_jacket black_shoes blazer closed_mouth full_body hand_up jacket kneehighs loafers long_hair long_sleeves looking_at_viewer pink_skirt purple_hair purple_nails rabbit_ears rabbit_girl red_eyes shoes simple_background skirt socks solo standing white_socks,absurdres commentary highres,77297b5aa2dfedb1223d11fd8896840c
reisen_udongein_inaba,2025-10-26T09:28:17.994-04:00,candidate,post,2789206,Urban Legend in Limbo,[[Urban Legend in Limbo]],https://danbooru.donmai.us/wiki_pages/reisen_udongein_inaba,https://danbooru.donmai.us/wiki_pages/Urban_Legend_in_Limbo,found,2021-03-04T09:16:54.376-05:00,"東方深秘録 ([i]Touhou Shinhiroku[/i] - lit. ""Eastern Record of Deep Mysteries"")

An official [i][[touhou|Touhou Project]][/i] fighting game by Tasofro, and the 14.5th in the series which introduced the character [[Usami Sumireko]].

Notable for being the first [i]Touhou[/i] fighting game to not have character art done by [[alphes]], instead featuring character art by [[Harukawa Moe]].

The demo was released December 29th, 2014, at Comiket 87, revealing that [[Ibaraki Kasen]] would be a playable character.
On April 11th, 2015, Tasofro announced the full game's release date, and revealed [[Fujiwara n",https://danbooru.donmai.us/posts/2789206,https://en.touhouwiki.net/images/0/02/Th155Reisen.png,reisen_udongein_inaba,antinomy_of_common_flowers touhou urban_legend_in_limbo,1girl absurdly_long_hair animal_ears blouse brown_shoes carrot full_body grey_tail holding holding_weapon kneehighs loafers long_hair looking_at_viewer lunatic_gun necktie open_mouth pink_skirt puffy_sleeves purple_hair rabbit_ears rabbit_girl rabbit_tail red_eyes red_necktie shirt shoes short_sleeves simple_background skirt socks solo tachi-e tail transparent_background very_long_hair weapon white_socks,highres official_art,5894c987f4c29b62137a243b79dd3f7b
reisen_udongein_inaba,2025-10-26T09:28:17.994-04:00,candidate,post,2475808,Forbidden Scrollery,[[Forbidden Scrollery]],https://danbooru.donmai.us/wiki_pages/reisen_udongein_inaba,https://danbooru.donmai.us/wiki_pages/Forbidden_Scrollery,found,2021-01-03T02:21:28.707-05:00,"東方鈴奈庵 (""Touhou Suzunaan"") ~ Forbidden Scrollery (roughly ""Eastern Bell Hermitage""), is a [i][[Touhou]][/i] official comic published by Kadokawa in Comp Ace. The story is written by ZUN, with illustrations by [[harukawa moe|Moe Harukawa]]. It introduces the human book renter and collector [[motoori kosuzu|Kosuzu Motoori]] as the main character residing at a library called Suzunaan, with the story centered around her mysterious ability to decipher any book no matter the language or script, and her assortment of various rare and dangerous demon books.",https://danbooru.donmai.us/posts/2475808,http://i1.pixiv.net/img-original/img/2016/09/05/02/17/13/58827484_p2.jpg,kirisame_marisa reisen_udongein_inaba,forbidden_scrollery touhou,2girls ^_^ ajirogasa animal_ears bag bandages black_hat blonde_hair braid closed_eyes elbow_rest fingerless_gloves gloves hat index_finger_raised japanese_clothes long_hair mouth_hold multiple_girls multiple_views nervous_smile open_mouth purple_background purple_hair rabbit_ears red_eyes smile very_long_hair wide_sleeves witch_hat,commentary_request,542a646c57331c88cee4e208fae097a1
reiuji_utsuho,2026-06-10T09:38:04.962-04:00,candidate,post,636064,Subterranean Animism,[[Subterranean Animism]],https://danbooru.donmai.us/wiki_pages/reiuji_utsuho,https://danbooru.donmai.us/wiki_pages/Subterranean_Animism,found,2024-12-11T19:20:49.151-05:00,"東方地霊殿 (""Touhou [[Chireiden]]"") ~ Subterranean Animism
(""Eastern Palace of Earth Spirits"")

Fourteenth game of the [[Touhou]] series, eleventh of the mainstream lineup and ninth of the Windows generation, as well as the sixth of the same generation's mainstream games.

One wintry day, a geyser laden with evil spirits erupted near the Hakurei Shrine. Due to a noninterference agreement between overground and underground youkai, two humans - [[Hakurei Reimu]] and [[Kirisame Marisa]], each with an overground youkai to their aid via a magic artifact - were sent underground to investigate, finding th",https://danbooru.donmai.us/posts/636064,,reiuji_utsuho,subterranean_animism touhou,1girl arm_cannon asymmetrical_clothes asymmetrical_footwear atom black_sun bow brown_eyes brown_hair cape chest_eye dress full_body green_bow hair_bow hair_ribbon long_hair mismatched_footwear ribbon solo sun third_eye transparent_background weapon wings zun_pose,official_art,71f804dc49dc86fbe18971eac964088f
reiuji_utsuho,2026-06-10T09:38:04.962-04:00,asset_no_post_tags,asset,23743151,Sunken Fossil World,[[Sunken Fossil World]],https://danbooru.donmai.us/wiki_pages/reiuji_utsuho,https://danbooru.donmai.us/wiki_pages/Sunken_Fossil_World,found,2026-07-17T02:07:12.296-04:00,"Touhou Gouyoku Ibun ~ Suibotsushita Chinshuu Jigoku
Eastern Strange Tale of Avarice ~ Submerged Hell of Sunken Sorrow

The 17.5th game of the [[Touhou]] series. Made by Tasofro and Team Shanghai Alice. It's described as a ""horizontal side-scrolling danmaku water action game"" on the official website. The character art is done by [[TOKIAME]] who previously worked on [[Cage in Lunatic Runagate]].

Trial versions were released on October 6th, 2019 and October 18th, 2020.

The game was officially released at Autumn Reitaisai on October 24, 2021. On October 20th, 2022, it was released for the Ninten",https://danbooru.donmai.us/media_assets/23743151,,,,,,
remilia_scarlet,2025-09-20T15:14:22.399-04:00,candidate,post,7476325,,Profile,https://danbooru.donmai.us/wiki_pages/remilia_scarlet,,,,,https://danbooru.donmai.us/posts/7476325,https://twitter.com/crerp/status/1781248934830284815,remilia_scarlet,touhou,1girl :d ascot bat_wings black_wings blue_hair brooch full_body hat holding_own_skirt jewelry mob_cap pink_hat pink_shirt pink_skirt pink_wings red_ascot red_eyes red_shoes shirt shoes short_hair simple_background skirt smile solo white_background wings,commentary highres,026d8c322612faf1b9bcccc1945add04
ringo_(touhou),2026-06-01T23:01:01.483-04:00,candidate,post,6476841,,,https://danbooru.donmai.us/wiki_pages/ringo_(touhou),,,,,https://danbooru.donmai.us/posts/6476841,https://img.altema.jp/lostword/chara/stand/27.jpg,ringo_(touhou),touhou touhou_lostword,1girl animal_ears barefoot blonde_hair brown_hat closed_mouth collarbone crop_top dango food full_body hat holding holding_food looking_at_viewer navel newsboy_cap orange_shirt rabbit_ears rabbit_girl rabbit_tail red_eyes shirt short_hair short_sleeves shorts simple_background solo tail wagashi white_background yellow_shorts,game_asset highres official_art third-party_source,6fe46531530da3554db3dd13d59b0257
rumia,2026-09-15T07:22:35.748-04:00,candidate,post,9193961,,,https://danbooru.donmai.us/wiki_pages/rumia,,,,,https://danbooru.donmai.us/posts/9193961,https://wiki3.jp/890ss/page/416,rumia,hakurei_frontier_spell_strive touhou,1girl black_skirt black_vest blonde_hair blush collared_shirt darkness frilled_shirt_collar frills hair_ribbon long_sleeves looking_at_viewer mary_janes medium_hair open_mouth outstretched_arms red_eyes red_ribbon red_shoes ribbon shirt shoes skirt skirt_set smile socks solo spread_arms transparent_background umbrakinesis vest white_shirt white_socks,commentary_request game_asset highres official_art third-party_source,e69364390f7056be0ee9d59d2cc5427c
saigyouji_yuyuko,2025-07-14T11:26:49.419-04:00,candidate,post,6476834,,,https://danbooru.donmai.us/wiki_pages/saigyouji_yuyuko,,,,,https://danbooru.donmai.us/posts/6476834,https://img.altema.jp/lostword/chara/stand/21.jpg,saigyouji_yuyuko,touhou touhou_lostword,1girl black_sandals blue_hat blue_kimono breasts closed_mouth expressionless flower folding_fan frilled_kimono frills full_body gloom_(expression) hand_fan hat holding holding_fan japanese_clothes kimono long_sleeves looking_at_viewer mob_cap pink_eyes pink_flower pink_hair sandals short_hair simple_background socks solo triangular_headpiece white_background white_socks wide_sleeves,game_asset highres official_art third-party_source,9ad5b8add749ddc44bcf84b1c2ecd7fd
sakata_nemuno,2022-09-18T08:16:38.575-04:00,appearance_missing,,,,,https://danbooru.donmai.us/wiki_pages/sakata_nemuno,,,,,,,,,,,
seiran_(touhou),2025-07-14T13:58:20.053-04:00,candidate,post,6476840,,,https://danbooru.donmai.us/wiki_pages/seiran_(touhou),,,,,https://danbooru.donmai.us/posts/6476840,https://img.altema.jp/lostword/chara/stand/26.jpg,seiran_(touhou),touhou touhou_lostword,1girl ambiguous_red_liquid animal_ears bloomers blue_dress blue_hair closed_mouth crescent_print dress earclip full_body holding kine looking_at_viewer low_twintails mallet rabbit_ears rabbit_girl red_eyes short_sleeves simple_background smile socks solo star_(symbol) star_print twintails underwear white_background white_socks,game_asset highres official_art third-party_source,57c901568e0a1079f4b08e37ba748748
sekibanki,2026-05-09T07:51:38.096-04:00,candidate,post,1486295,Double Dealing Character,[[Double Dealing Character]],https://danbooru.donmai.us/wiki_pages/sekibanki,https://danbooru.donmai.us/wiki_pages/Double_Dealing_Character,found,2023-02-28T02:25:52.317-05:00,"東方輝針城 ([i]Touhou Kishinjou[/i] - lit. ""Eastern Castle of Shining Needles"")

The fourteenth cardinal [[Touhou]] game, announced by [[ZUN]] on 11 May 2013.

It features the return of [[Izayoi Sakuya]] as a playable character, joining the usual protagonists [[Hakurei Reimu]] and [[Kirisame Marisa]].  The plot involves the three girls' trademark weapons all behaving oddly, as if they have minds of their own.  The game is, in ZUN's own words, ""Neither novel or retro, an ageless neo-retro [[danmaku]] shooter.""

The three-level demo was released 26 May 2013 during [[Reitaisai]] 10.
Full version was r",https://danbooru.donmai.us/posts/1486295,http://en.touhouwiki.net/images/5/58/Th14Sekibanki.png,sekibanki,double_dealing_character touhou,1girl black_boots black_shirt blue_bow boots bow cape cloak collar full_body hat hat_bow long_sleeves looking_at_viewer red_cloak red_eyes red_hair red_skirt shirt skirt solo transparent_background zun_pose,lowres official_art,fc6a53136e389a51a71229b3c9cacf57
sekibanki,2026-05-09T07:51:38.096-04:00,candidate,post,6489048,Touhou LostWord,[[Touhou LostWord]],https://danbooru.donmai.us/wiki_pages/sekibanki,https://danbooru.donmai.us/wiki_pages/Touhou_LostWord,found,2026-07-26T12:25:31.324-04:00,"[b]Touhou LostWord[/b] is a RPG-style mobile gacha [[Touhou]] doujin game developed by NextNinja and Good Smile Company. It released in Winter 2019/20 for Android and iOS platforms. The global version was released in May 2021.

The game features most characters from the source materials, but also [[alternate universe]] variations of them, which becomes an important element of the story.",https://danbooru.donmai.us/posts/6489048,https://img.altema.jp/lostword/chara/stand/87.jpg,sekibanki,touhou touhou_lostword,1girl black_boots black_shirt boots bow cape cloak closed_mouth full_body hair_bow long_sleeves looking_at_viewer miniskirt red_cape red_eyes red_hair red_skirt shirt simple_background skirt solo white_background,game_asset highres official_art third-party_source,ba2c78bda3b8ccec7c57841482cdc55e
shameimaru_aya,2026-06-17T19:44:14.652-04:00,candidate,post,8331369,,,https://danbooru.donmai.us/wiki_pages/shameimaru_aya,,,,,https://danbooru.donmai.us/posts/8331369,https://ifi.games/touhouspellcarnival/chara/img/c10_img.png,shameimaru_aya,touhou touhou_spell_carnival,1girl belt bird_wings black_bow black_bowtie black_skirt black_socks bow bowtie breast_pocket brown_eyes brown_hair closed_mouth collared_shirt feathered_wings geta hand_fan hat hauchiwa holding holding_fan kneehighs leaf_print looking_at_viewer multicolored_skirt pocket pom_pom_(clothes) puffy_short_sleeves puffy_sleeves red_eyes red_hat red_shoes shirt shoes short_sleeves simple_background skirt smile socks solo tengu-geta tokin_hat transparent_background white_shirt wings,commentary english_commentary highres official_art,039aa7792bdb72ac42f74cc9378e41fc
shameimaru_aya,2026-06-17T19:44:14.652-04:00,candidate,post,9153069,Shameimaru Aya (Newsboy),Newsboy,https://danbooru.donmai.us/wiki_pages/shameimaru_aya,https://danbooru.donmai.us/wiki_pages/Shameimaru_Aya_(Newsboy),found,2023-03-05T09:34:01.561-05:00,"[tn]""Casquette Aya""[/tn]
[[Shameimaru Aya]]'s human disguise, first appeared in [[Forbidden Scrollery]]. She wears an outfit similar to that of an old-fashioned newsboy's, consisting of a khaki [[flat cap]], [[jacket]], [[shorts]] and [[shoulder bag]], a white [[collared shirt]] and [[kneehighs|kneesocks]], brown [[shoes]], and a red [[necktie]]. She still has visible [[pointy ears]], which somehow don't prevent her from passing as human.",https://danbooru.donmai.us/posts/9153069,https://lostword.sukusuku.top/post/72,hakurei_reimu himekaidou_hatate inubashiri_momiji kirisame_marisa shameimaru_aya shameimaru_aya_(newsboy),touhou touhou_lostword,1girl autumn_leaves bag belt bird_wings book bookmark brown_bag brown_belt brown_hair brown_hat brown_jacket brown_shoes brown_shorts brown_wings character_doll closed_mouth collared_shirt doll feathered_wings flat_cap happy hat holding holding_notebook holding_pen jacket kneehighs leaf long_sleeves looking_at_viewer maple_leaf medium_hair messenger_bag necktie newsboy_cap nib_pen_(object) notebook open_clothes open_jacket paper pen photo_(object) pointy_ears red_eyes red_necktie shirt shoes shorts shoulder_bag smile socks solo suit_jacket suspenders tie_clip transparent_background white_shirt white_socks wings,game_asset highres official_art third-party_source,0b00619ac13153e8afb2d94ad622e045
shameimaru_aya_(newsboy),2023-03-05T09:34:01.561-05:00,appearance_missing,,,,,https://danbooru.donmai.us/wiki_pages/shameimaru_aya_(newsboy),,,,,,,,,,,
shiki_eiki,2026-06-20T04:43:36.461-04:00,asset_no_post_tags,asset,24008538,,Profile,https://danbooru.donmai.us/wiki_pages/shiki_eiki,,,,,https://danbooru.donmai.us/media_assets/24008538,,,,,,
shiki_eiki,2026-06-20T04:43:36.461-04:00,asset_no_post_tags,asset,24008536,Grimoire of Marisa,[[Grimoire of Marisa]],https://danbooru.donmai.us/wiki_pages/shiki_eiki,https://danbooru.donmai.us/wiki_pages/Grimoire_of_Marisa,found,2025-05-22T14:23:24.228-04:00,"An in-universe catalog of the [[Touhou]] cast's various [[spell card]] attacks, as chronicled by [[Kirisame Marisa]], and with illustrations made by [[Moriki Takeshi]]. This is her personal scrapbook of all the various attacks she's seen used in duels across the entire series, as well as her own spellcards.",https://danbooru.donmai.us/media_assets/24008536,,,,,,
shinki_(touhou),2026-01-18T19:05:14.044-05:00,candidate,post,7901666,,,https://danbooru.donmai.us/wiki_pages/shinki_(touhou),,,,,https://danbooru.donmai.us/posts/7901666,https://i.pximg.net/img-original/img/2023/05/06/14/04/22/107868714_p2.jpg,shinki_(touhou),touhou touhou_(pc-98),1girl ahoge black_boots black_bow black_bowtie black_wings boots bow bowtie capelet closed_eyes closed_mouth demon_wings dress energy_wings frilled_capelet frilled_dress frilled_sleeves frills full_body gothic_lolita hair_bobbles hair_ornament interlocked_fingers knee_boots lace-up_boots light_blush lolita_fashion long_hair long_sleeves medium_dress multiple_wings one_side_up own_hands_clasped own_hands_together petticoat praying red_capelet red_dress simple_background smile solo straight-on very_long_hair waist_bow white_background white_hair wide_sleeves wings,commentary_request highres,d523bd0c58403c583509536cb3d9f2dc
soga_no_tojiko,2026-03-19T03:24:11.064-04:00,candidate,post,6489050,,,https://danbooru.donmai.us/wiki_pages/soga_no_tojiko,,,,,https://danbooru.donmai.us/posts/6489050,https://img.altema.jp/lostword/chara/stand/89.jpg,soga_no_tojiko,touhou touhou_lostword,1girl black_hat closed_mouth cross-laced_clothes dress full_body ghost_tail green_dress green_hair hat long_sleeves looking_at_viewer ofuda ofuda_on_clothes simple_background solo tate_eboshi white_background,game_asset highres official_art third-party_source,f4351d77017d55b18106e2afca6495a6
son_biten,2025-09-26T11:02:48.472-04:00,appearance_missing,,,,,https://danbooru.donmai.us/wiki_pages/son_biten,,,,,,,,,,,
star_sapphire,2025-11-19T21:46:26.140-05:00,candidate,post,2264239,,Profile,https://danbooru.donmai.us/wiki_pages/star_sapphire,,,,,https://danbooru.donmai.us/posts/2264239,https://twitter.com/hirasaka8/status/694836282023776256,star_sapphire,touhou touhou_sangetsusei,1girl blunt_bangs brown_eyes brown_hair dress fairy_wings finger_to_cheek full_body long_hair long_sleeves shoes simple_background smile solo white_background wings,commentary_request lowres official_art,4f235989c16ea0d0245ceca27ee38f2f
sukuna_shinmyoumaru,2026-04-04T04:06:58.053-04:00,candidate,post,7653531,,,https://danbooru.donmai.us/wiki_pages/sukuna_shinmyoumaru,,,,,https://danbooru.donmai.us/posts/7653531,https://img.altema.jp/lostword/chara/stand/260.jpg,sukuna_shinmyoumaru sukuna_shinmyoumaru_(shining),double_dealing_character touhou touhou_lostword,1girl barefoot black_hat bowl bowl_hat full_body hat holding holding_weapon japanese_clothes kimono long_sleeves looking_at_viewer miracle_mallet needle_sword open_mouth purple_hair red_eyes red_kimono sash short_hair simple_background skirt solo very_short_hair weapon white_background white_skirt wide_sleeves,game_asset highres official_art third-party_source,58a9292e53dde850ad9f75f72c42122b
sunny_milk,2025-11-19T21:46:14.006-05:00,candidate,post,2264237,,Profile,https://danbooru.donmai.us/wiki_pages/sunny_milk,,,,,https://danbooru.donmai.us/posts/2264237,https://twitter.com/hirasaka8/status/694835801851473920,sunny_milk,touhou touhou_sangetsusei,1girl ascot blue_eyes dress fairy_wings fang full_body long_sleeves looking_at_viewer open_mouth orange_hair puffy_sleeves shoes short_twintails simple_background solo twintails white_background wings,commentary_request lowres official_art,0b735e4c0751391253a0c41cec006ab3
tatara_kogasa,2026-07-09T13:42:19.901-04:00,asset_no_post_tags,asset,24008618,,,https://danbooru.donmai.us/wiki_pages/tatara_kogasa,,,,,https://danbooru.donmai.us/media_assets/24008618,,,,,,
tatara_kogasa,2026-07-09T13:42:19.901-04:00,asset_no_post_tags,asset,24008619,,,https://danbooru.donmai.us/wiki_pages/tatara_kogasa,,,,,https://danbooru.donmai.us/media_assets/24008619,,,,,,
teireida_mai,2025-11-14T00:49:40.203-05:00,candidate,post,2817701,,,https://danbooru.donmai.us/wiki_pages/teireida_mai,,,,,https://danbooru.donmai.us/posts/2817701,https://en.touhouwiki.net/images/7/7a/Th16Mai.png,teireida_mai,hidden_star_in_four_seasons touhou,1girl :d bamboo black_hat black_thighhighs dress full_body green_dress green_eyes green_hair green_shoes hat holding mary_janes open_mouth shoes short_hair short_hair_with_long_locks smile solo tate_eboshi thighhighs transparent_background,official_art,a83e4e249c9889032b83a3a82a889d60
tenkyuu_chimata,2025-11-18T12:40:25.143-05:00,candidate,post,4502590,,,https://danbooru.donmai.us/wiki_pages/tenkyuu_chimata,,,,,https://danbooru.donmai.us/posts/4502590,https://upload.thwiki.cc/c/cd/%E5%A4%A9%E5%BC%93%E5%8D%83%E4%BA%A6%EF%BC%88%E8%99%B9%E9%BE%99%E6%B4%9E%E7%AB%8B%E7%BB%98%EF%BC%89.png,tenkyuu_chimata,touhou unconnected_marketeers,1girl belt blue_eyes blue_hair buttons cape cloud hairband magic multicolored_clothes pointing purple_shoes sack shoes short_hair sky_print solo spell_card tenkyuu_chimata_pose transparent_background white_cape zipper zun_pose,official_art,340304571f54a45071ccab401f625dd6
toramaru_shou,2026-03-19T02:28:06.501-04:00,candidate,post,6485164,,,https://danbooru.donmai.us/wiki_pages/toramaru_shou,,,,,https://danbooru.donmai.us/posts/6485164,https://img.altema.jp/lostword/chara/stand/70.jpg,toramaru_shou,touhou touhou_lostword,1girl animal_print bishamonten's_pagoda bishamonten's_spear black_hair black_shoes blonde_hair closed_mouth full_body hair_ornament holding holding_weapon looking_at_viewer multicolored_hair shawl shoes short_hair simple_background smile solo streaked_hair tiger_print two-tone_hair weapon white_background wide_sleeves yellow_eyes,game_asset highres official_art third-party_source,e0c6de39a8ce6feb7059cf401ef6d984
toutetsu_yuuma,2026-07-17T02:08:01.015-04:00,candidate,post,6516433,,,https://danbooru.donmai.us/wiki_pages/toutetsu_yuuma,,,,,https://danbooru.donmai.us/posts/6516433,https://img.altema.jp/lostword/chara/stand/215.jpg,toutetsu_yuuma,touhou touhou_lostword,1girl barefoot blue_dress blue_ribbon curled_horns curly_hair dress full_body grin holding holding_spork horn_ornament horn_ribbon horns looking_at_viewer meandros red_eyes red_horns red_sleeves ribbon sharp_teeth short_hair simple_background smile solo spork teeth white_background white_hair,game_asset highres official_art third-party_source,8e071e5eac79323e727202d86574d602
toyosatomimi_no_miko,2025-11-11T13:31:58.932-05:00,candidate,post,6504465,Ten Desires,[[Ten Desires]],https://danbooru.donmai.us/wiki_pages/toyosatomimi_no_miko,https://danbooru.donmai.us/wiki_pages/Ten_Desires,found,2026-02-17T19:49:23.237-05:00,"東方神霊廟 (""Touhou Shinreibyou"") ~ Ten Desires
(""Divine Spirit Mausoleum"")

Nineteenth game of the [[Touhou]] series, thirteenth of the mainstream lineup, and fourteenth overall game of the Windows generation, as well as the eighth mainstream game of the same generation.

A large number of divine spirits are running free. Knowing this can't be left unchecked, [[Hakurei Reimu|Reimu]] decides to investigate. Joining as usual is [[Kirisame Marisa|Marisa]]. Intent on furthering her training, [[Kochiya Sanae]] joins once again, this time to achieve that goal by learning how to use these spirits more ef",https://danbooru.donmai.us/posts/6504465,https://img.altema.jp/lostword/chara/stand/153.jpg,toyosatomimi_no_miko toyosatomimi_no_miko_(desires),ten_desires touhou touhou_lostword,1girl belt bracelet brown_eyes brown_hair closed_mouth dress earmuffs full_body gold_sandals hand_on_own_hip holding jewelry light_smile looking_at_viewer neck_ribbon pointy_hair purple_ribbon purple_skirt ribbon ritual_baton sandals simple_background skirt sleeveless sleeveless_dress smile solo white_background,game_asset highres official_art third-party_source,ec8a9187093b050b12941804f1e19aa7
toyosatomimi_no_miko,2025-11-11T13:31:58.932-05:00,candidate,post,1428655,Hopeless Masquerade,[[Hopeless Masquerade]],https://danbooru.donmai.us/wiki_pages/toyosatomimi_no_miko,https://danbooru.donmai.us/wiki_pages/Hopeless_Masquerade,found,2024-10-06T18:01:38.198-04:00,"A [[Touhou]] fighting game, officially designated as ""Touhou 13.5"" (as its events take place between [i][[Ten Desires]][/i] and [i][[Double Dealing Character]][/i]).  A demo with three playable characters was released 30 December 2012 at [[Comiket]] 83; the full version followed 26 May 2013 during [[Reitaisai]] 10 (alongside the demo for [i]Double Dealing Character[/i]).

The storyline centers on representatives of the three major faiths in [[Gensokyo]] -- Shinto, Buddhism, and Taoism -- battling it out in the wake of an overall crisis of faith in the Human Village.",https://danbooru.donmai.us/posts/1428655,,toyosatomimi_no_miko,hopeless_masquerade touhou,1girl blue_skirt brown_eyes brown_hair cape closed_mouth earmuffs high_collar holding pointy_hair purple_cape ritual_baton shirt short_hair skirt sleeveless smile solo sword transparent_background weapon white_shirt,official_art,257de787139852b8d7f93a5cd33e6532
toyosatomimi_no_miko,2025-11-11T13:31:58.932-05:00,candidate,post,2011144,Urban Legend in Limbo,[[Urban Legend in Limbo]],https://danbooru.donmai.us/wiki_pages/toyosatomimi_no_miko,https://danbooru.donmai.us/wiki_pages/Urban_Legend_in_Limbo,found,2021-03-04T09:16:54.376-05:00,"東方深秘録 ([i]Touhou Shinhiroku[/i] - lit. ""Eastern Record of Deep Mysteries"")

An official [i][[touhou|Touhou Project]][/i] fighting game by Tasofro, and the 14.5th in the series which introduced the character [[Usami Sumireko]].

Notable for being the first [i]Touhou[/i] fighting game to not have character art done by [[alphes]], instead featuring character art by [[Harukawa Moe]].

The demo was released December 29th, 2014, at Comiket 87, revealing that [[Ibaraki Kasen]] would be a playable character.
On April 11th, 2015, Tasofro announced the full game's release date, and revealed [[Fujiwara n",https://danbooru.donmai.us/posts/2011144,,toyosatomimi_no_miko,touhou urban_legend_in_limbo,1girl armband belt blonde_hair brown_eyes cape downwards_triangle_mouth earmuffs full_body holding looking_at_viewer open_mouth ritual_baton sandals shirt short_hair simple_background skirt sleeveless solo tachi-e transparent_background triangle_mouth,official_art,6ef3f69c57158ccfbba86b3a955b3579
tsukumo_benben,2022-09-18T06:39:33.965-04:00,appearance_missing,,,,,https://danbooru.donmai.us/wiki_pages/tsukumo_benben,,,,,,,,,,,
tsukumo_yatsuhashi,2022-09-18T06:39:35.224-04:00,appearance_missing,,,,,https://danbooru.donmai.us/wiki_pages/tsukumo_yatsuhashi,,,,,,,,,,,
usami_renko,2026-08-28T17:48:40.179-04:00,candidate,post,9612362,Ghostly Field Club,"[[Ghostly Field Club]], note that the [[hair bow]] is a made-up detail",https://danbooru.donmai.us/wiki_pages/usami_renko,https://danbooru.donmai.us/wiki_pages/Ghostly_Field_Club,found,2026-07-23T11:16:27.226-04:00,"Japanese name: 蓮台野夜行 ～ Ghostly Field Club

The 2nd music CD from Team Shanghai Alice, a part of the [[Touhou]] side series ""ZUN's Music Collection"".

Was released on the 12th of December 2003, during Comiket 65.

This is the first Music CD to have a story featuring the Sealing Club members, [[Maribel Hearn]] and [[Usami Renko]]. The story features the duo exploring the entrance in Rendaino, connected to the Netherworld.",https://danbooru.donmai.us/posts/9612362,https://i.pximg.net/img-original/img/2016/04/03/18/00/43/56168585_p1.png,usami_renko,touhou,1girl alphes_(style) armlet asymmetrical_hair black_shoes black_skirt bobby_socks bow brown_hair collared_shirt dress_shirt fedora flats frilled_skirt frills full_body hair_bow hands_on_own_hips hat jewelry long_hair long_skirt long_sleeves looking_at_viewer necktie parody puffy_long_sleeves puffy_sleeves red_bow red_necktie shirt shirt_tucked_in shoes simple_background skirt socks solo standing style_parody tachi-e tareme transparent_background white_shirt white_socks,commentary_request large_variant_set variant_set,a2e4444334a7ecccfe3012ab99b69240
usami_renko,2026-08-28T17:48:40.179-04:00,candidate,post,9616009,Dr.Latency's Freak Report,Dr. Latency's Freak Report,https://danbooru.donmai.us/wiki_pages/usami_renko,https://danbooru.donmai.us/wiki_pages/Dr.Latency's_Freak_Report,found,2026-07-23T11:14:48.336-04:00,"Japanese name: 燕石博物誌 ～ Dr.Latency's Freak Report

The 8th Music CD from Team Shanghai Alice, a part of the [[Touhou]] side series ""ZUN's Music Collection"".

Was released on the 8th of May 2016, during Reitaisai 13.

This Music CD tells the story of [[Usami Renko]] transcribing [[Maribel Hearn]]'s dreams and experiences into a book.",https://danbooru.donmai.us/posts/9616009,https://i.pximg.net/img-original/img/2016/05/09/18/01/44/56801265_p1.png,usami_renko,dr.latency's_freak_report touhou,1girl alphes_(style) arm_behind_back black_capelet black_hat black_shoes black_skirt book bow bowtie brown_hair capelet crossed_legs full_body hair_between_eyes hat hat_bow holding holding_book loafers long_hair long_skirt long_sleeves parody red_bow red_bowtie shirt shirt_tucked_in shoes simple_background skirt socks solo standing style_parody tachi-e transparent_background watson_cross white_bow white_shirt white_socks,commentary_request highres large_variant_set variant_set,2475766cc97b50b45d7a1788a4e8ad46
usami_renko,2026-08-28T17:48:40.179-04:00,candidate,post,9809849,"Dateless Bar ""Old Adam""","[[Dateless Bar ""Old Adam""]]",https://danbooru.donmai.us/wiki_pages/usami_renko,https://danbooru.donmai.us/wiki_pages/Dateless_Bar_%22Old_Adam%22,found,2026-07-23T11:14:33.446-04:00,"Japanese name: 旧約酒場 ～ Dateless Bar ""Old Adam""

The 9th Music CD from Team Shanghai Alice, a part of the [[Touhou]] side series ""ZUN's Music Collection"".

Was released on the 8th of August 2016, during Comiket 90.

This Music CD tells the story of [[Maribel Hearn]] and [[Usami Renko]] participating in a gathering of occult fans in the titular bar, ""Old Adam"". There, Merry shared her experiences with the patrons of the bar.",https://danbooru.donmai.us/posts/9809849,https://i.pximg.net/img-original/img/2016/08/25/18/00/29/58640783_p1.png,usami_renko,"dateless_bar_""old_adam"" touhou",1girl alphes_(style) black_boots black_skirt boots breasts brown_hair collared_shirt from_side full_body hair_between_eyes hair_ribbon hairband medium_breasts miniskirt parody ribbon shirt short_hair short_sleeves simple_background skirt solo standing style_parody tachi-e transparent_background white_hairband white_ribbon white_shirt,commentary_request highres large_variant_set variant_set,8041e7000eae2066c91fdcef0eee1e12
usami_renko,2026-08-28T17:48:40.179-04:00,candidate,post,8898965,Taboo Japan Disentanglement,[[Taboo Japan Disentanglement]],https://danbooru.donmai.us/wiki_pages/usami_renko,https://danbooru.donmai.us/wiki_pages/Taboo_Japan_Disentanglement,found,2026-07-23T11:13:55.186-04:00,"Japanese name: <b>七夕坂夢幻能 (Taboo Japan Disentanglement)</b>

The 10th music CD from Team Shanghai Alice, a part of the [[Touhou]] side series ""ZUN's Music Collection"".

The artwork features [[Usami Renko]] trying to reach [[Maribel Hearn]], both of them seem to be floating in an abstract world, this artwork is notable because Maribel has [[long hair]], and her [[mob_cap|hat]] has a [[red ribbon]], which makes her look much more like [[Yakumo Yukari]].",https://danbooru.donmai.us/posts/8898965,https://twitter.com/sr_mineka/status/1781712283846234545,usami_renko,taboo_japan_disentanglement touhou,1girl black_skirt brown_eyes brown_hair darkness expressionless feet_out_of_frame hand_on_own_hip loafers looking_at_viewer shirt shoes short_hair short_sleeves sketch skirt solo unworn_headwear wavy_hair white_shirt,absurdres check_translation highres translation_request,27db18209212eeb929b10e82907bb534
usami_renko,2026-08-28T17:48:40.179-04:00,candidate,post,7641212,Usami Renko (Investigating A Makai God),Investigating A Makai God,https://danbooru.donmai.us/wiki_pages/usami_renko,https://danbooru.donmai.us/wiki_pages/Usami_Renko_(Investigating_A_Makai_God),found,2025-07-03T03:40:12.556-04:00,"[b]Renko Usami, Investigating a Makai God[/b]

An [[alternate universe]] variation of [[Usami Renko]], possessed by [[Shinki (touhou)|]], in [[Touhou LostWord]], hailing from [b]RM1 Universe[/b].",https://danbooru.donmai.us/posts/7641212,https://img.altema.jp/lostword/chara/stand/238.jpg,usami_renko usami_renko_(investigating_a_makai_god),touhou touhou_lostword,1girl bag black_capelet black_hat black_shoes black_skirt bow bowtie braid brown_eyes brown_hair capelet fedora frilled_capelet frilled_skirt frills full_body hat hat_bow long_skirt long_sleeves looking_at_viewer medium_hair open_mouth purple_bow purple_bowtie shirt shirt_tucked_in shoes shoulder_bag side_braid simple_background single_braid skirt socks solo white_background white_bow white_shirt white_socks,game_asset highres official_art third-party_source,725378b0a3ec6766f57e05add1487238
usami_sumireko,2026-01-30T16:03:13.779-05:00,candidate,post,2008664,Urban Legend In Limbo,[[Urban Legend In Limbo]],https://danbooru.donmai.us/wiki_pages/usami_sumireko,https://danbooru.donmai.us/wiki_pages/Urban_Legend_In_Limbo,found,2021-03-04T09:16:54.376-05:00,"東方深秘録 ([i]Touhou Shinhiroku[/i] - lit. ""Eastern Record of Deep Mysteries"")

An official [i][[touhou|Touhou Project]][/i] fighting game by Tasofro, and the 14.5th in the series which introduced the character [[Usami Sumireko]].

Notable for being the first [i]Touhou[/i] fighting game to not have character art done by [[alphes]], instead featuring character art by [[Harukawa Moe]].

The demo was released December 29th, 2014, at Comiket 87, revealing that [[Ibaraki Kasen]] would be a playable character.
On April 11th, 2015, Tasofro announced the full game's release date, and revealed [[Fujiwara n",https://danbooru.donmai.us/posts/2008664,,usami_sumireko,touhou urban_legend_in_limbo,1girl bow brown_eyes brown_hair cloak clothes_writing downwards_triangle_mouth glasses hat hat_bow long_sleeves looking_at_viewer open_mouth plaid_clothes plaid_shirt plaid_skirt shirt short_hair simple_background skirt socks solo tachi-e transparent_background triangle_mouth twintails,official_art,f65ceeb2d0ed179ad0a2affbccda645d
usami_sumireko,2026-01-30T16:03:13.779-05:00,candidate,post,2130210,Curiosities Of Lotus Asia,[[Curiosities Of Lotus Asia]],https://danbooru.donmai.us/wiki_pages/usami_sumireko,https://danbooru.donmai.us/wiki_pages/Curiosities_Of_Lotus_Asia,found,2020-11-28T19:56:45.988-05:00,"東方香霖堂 (""Touhou Kourindou"") ~ Curiosities of Lotus Asia

A collection of slice-of-life side stories in the [[Touhou]] series written by [[ZUN (artist)|]], with illustrations by [[Asai Genji]].

CoLA focuses on [[Morichika Rinnosuke]] and his antiques shop, [[Kourindou]], and the various friends, customers, and nuisances who come to visit.",https://danbooru.donmai.us/posts/2130210,https://i.pximg.net/img-original/img/2015/09/22/22/51/17/52661599_p0.png,usami_sumireko,curiosities_of_lotus_asia touhou,1girl ahoge alternate_costume bow brown_eyes brown_hair glasses leaf low_twintails maple_leaf missing_headwear night official_alternate_costume red-framed_eyewear ribbon school_uniform shirt short_hair skirt smile solo star_(symbol) twintails,bad_id bad_pixiv_id commentary_request lowres,a48458c74738c6738207c83ae25f218e
ushizaki_urumi,2026-05-16T06:23:42.990-04:00,candidate,post,3498583,,,https://danbooru.donmai.us/wiki_pages/ushizaki_urumi,,,,,https://danbooru.donmai.us/posts/3498583,東方鬼形獣　～ Wily Beast and Weakest Creature,ushizaki_urumi,touhou wily_beast_and_weakest_creature,1girl animal_print black_hair blush breasts chain closed_mouth cow_horns cow_print cow_tail crop_top frills full_body grey_hair haori holding horns japanese_clothes medium_breasts medium_hair multicolored_hair red_eyes red_horns sandals shorts smile smug solo split-color_hair standing tail transparent_background two-tone_hair wide_sleeves yellow_shorts,non-web_source official_art,7ac555c58a1279b54e34e2f809b79a9f
ushizaki_urumi,2026-05-16T06:23:42.990-04:00,candidate,post,6475202,,,https://danbooru.donmai.us/wiki_pages/ushizaki_urumi,,,,,https://danbooru.donmai.us/posts/6475202,https://en.touhouwiki.net/images/0/0b/Urumi_Whos_Who.png,ushizaki_urumi,strange_creators_of_outer_world touhou,1girl animal_ears animal_print black_hair cow_ears cow_girl cow_horns cow_print cow_tail crop_top frilled_shorts frills grey_hair haori horns japanese_clothes multicolored_hair navel red_eyes red_horns red_tail sandals short_hair shorts smile solo split-color_hair statue tail tank_top two-tone_hair yellow_shorts yellow_tank_top,highres official_art,a6bb9ef85b84903a07d3c440d64c43fb
wakasagihime,2025-10-25T16:49:19.929-04:00,candidate,post,1486298,,,https://danbooru.donmai.us/wiki_pages/wakasagihime,,,,,https://danbooru.donmai.us/posts/1486298,http://en.touhouwiki.net/images/1/1e/Th14Wakasagihime.png,wakasagihime,double_dealing_character touhou,1girl blue_hair drill_hair fins full_body green_kimono japanese_clothes kimono merfolk mermaid monster_girl pale_skin smile solo transparent_background,lowres official_art,081faf116f4f2b4fe03508cafd6d1ab9
watatsuki_no_toyohime,2026-06-20T07:13:50.914-04:00,candidate,post,175298,,,https://danbooru.donmai.us/wiki_pages/watatsuki_no_toyohime,,,,,https://danbooru.donmai.us/posts/175298,,watatsuki_no_toyohime watatsuki_no_yorihime,touhou,2girls belt earth_(planet) hair_ribbon hat hat_ribbon moon multiple_girls planet ponytail ribbon siblings sisters white_hat,translated,685c4be55b523417abdb2b0106c45410
watatsuki_no_toyohime,2026-06-20T07:13:50.914-04:00,candidate,post,9811567,Fossilized Wonders,[[Fossilized Wonders]],https://danbooru.donmai.us/wiki_pages/watatsuki_no_toyohime,https://danbooru.donmai.us/wiki_pages/Fossilized_Wonders,found,2025-08-21T10:28:32.942-04:00,"(Touhou Kinjoukyou) 〜 Fossilized Wonders
(""Crowning Glory Capital"")

20th mainline game of the [[Touhou]] series. It was announced on April 12, 2025. However, the game immediately gained controversy after the demo’s release for using [[AI-generated background]]s, together with a concurrent music takedown. Interestingly enough, the game's plot revolves around AI, with the final boss even having ""AI"" as her initials (in the Western naming order).

The trial released on May 5, 2025, with the full version being out on August 17, 2025.",https://danbooru.donmai.us/posts/9811567,https://en.touhouwiki.net/images/1/11/Th20Watatsuki.png?20250817080108,watatsuki_no_toyohime,fossilized_wonders touhou,1girl ankle_boots blonde_hair boots collared_shirt dress folding_fan full_body hand_fan hat holding holding_fan long_hair long_sleeves mob_cap open_hand purple_dress red_boots red_eyes shirt shoes socks solo transparent_background white_hat white_shirt white_socks zun_pose,official_art third-party_source,a5f9db6f90c499a66e6877d140c566bd
watatsuki_no_yorihime,2025-08-21T10:55:48.755-04:00,candidate,post,322367,,,https://danbooru.donmai.us/wiki_pages/watatsuki_no_yorihime,,,,,https://danbooru.donmai.us/posts/322367,http://xel.skr.jp/tokiame/top/top20080929.jpg,kirisame_marisa watatsuki_no_yorihime,cage_in_lunatic_runagate touhou touhou_bougetsushou,2girls battle belt blonde_hair bow bracelet broom broom_riding cover cover_page danmaku duel hair_bow hair_ribbon hat hat_ribbon jewelry katana long_hair multiple_girls ponytail purple_hair ribbon star_(symbol) sword weapon witch witch_hat,official_art,5c87131257a32920f0e4a6e462ad3075
wriggle_nightbug,2026-02-09T08:17:09.649-05:00,asset_no_post_tags,asset,23345172,,Profile,https://danbooru.donmai.us/wiki_pages/wriggle_nightbug,,,,,https://danbooru.donmai.us/media_assets/23345172,,,,,,
yagokoro_eirin,2026-03-19T02:04:55.669-04:00,candidate,post,6501153,,,https://danbooru.donmai.us/wiki_pages/yagokoro_eirin,,,,,https://danbooru.donmai.us/posts/6501153,https://img.altema.jp/lostword/chara/stand/139.jpg,yagokoro_eirin,imperishable_night touhou touhou_lostword,1girl arm_under_breasts black_dress black_hat braid braided_ponytail breasts brown_shoes closed_mouth constellation_print dress frilled_dress frills full_body grey_eyes hand_on_own_face hat large_breasts long_hair looking_at_viewer nurse_cap parted_bangs red_dress shoes short_sleeves simple_background smile socks solo trigram two-tone_dress very_long_hair white_background white_hair white_socks,game_asset highres official_art third-party_source,55282e3929d3aaab5888a5b2480c1924
yakumo_ran,2026-08-01T00:38:13.945-04:00,candidate,post,6475464,,,https://danbooru.donmai.us/wiki_pages/yakumo_ran,,,,,https://danbooru.donmai.us/posts/6475464,https://img.altema.jp/lostword/chara/stand/16.jpg,yakumo_ran,touhou touhou_lostword,1girl blonde_hair blue_tabard breasts closed_mouth dress fox_girl fox_tail frilled_dress frills full_body hands_in_opposite_sleeves hat kitsune large_breasts long_sleeves looking_at_viewer mob_cap multiple_tails short_hair simple_background socks solo tabard tail white_background white_dress white_hat white_socks wide_sleeves yellow_eyes,game_asset highres official_art third-party_source,d279fc7fce7e3ca4fe8b1a6205d98cc6
yakumo_yukari,2025-10-26T08:31:31.665-04:00,candidate,post,8183476,,,https://danbooru.donmai.us/wiki_pages/yakumo_yukari,,,,,https://danbooru.donmai.us/posts/8183476,https://i.pximg.net/img-original/img/2024/06/10/00/14/22/119502227_p6.png,yakumo_yukari,touhou,1girl blush bow breasts choker closed_mouth cowboy_shot dress elbow_gloves frilled_dress frills gloves hair_bow hat hat_ribbon long_hair mob_cap multiple_hair_bows puffy_short_sleeves puffy_sleeves purple_dress purple_eyes red_bow red_ribbon ribbon ribbon_choker short_sleeves sidelocks small_breasts smile solo very_long_hair white_gloves white_hat,commentary_request highres,6db4d0349fa32c572c472f60e0be0d22
yakumo_yukari,2025-10-26T08:31:31.665-04:00,candidate,post,3666559,,,https://danbooru.donmai.us/wiki_pages/yakumo_yukari,,,,,https://danbooru.donmai.us/posts/3666559,http://seiga.nicovideo.jp/seiga/im9765492,yakumo_yukari,touhou,1girl :d blonde_hair boots bow brown_boots dress feet_out_of_frame folding_fan hair_between_eyes hair_bow hand_fan hand_up hat hat_ribbon holding holding_fan juliet_sleeves layered_dress long_hair long_sleeves looking_at_viewer mob_cap open_mouth puffy_sleeves purple_eyes purple_tabard red_bow red_ribbon ribbon sidelocks smile solo standing tabard v-shaped_eyebrows white_dress white_hat wide_sleeves yin_yang yin_yang_print,commentary_request highres,4c8d623b10d97e22e648f5034bb918f3
yakumo_yukari,2025-10-26T08:31:31.665-04:00,candidate,post,2978699,Antinomy of Common Flowers,[[Antinomy of Common Flowers]],https://danbooru.donmai.us/wiki_pages/yakumo_yukari,https://danbooru.donmai.us/wiki_pages/Antinomy_of_Common_Flowers,found,2024-09-13T15:54:09.568-04:00,"[i]Touhou Hyouibana[/i] (lit. ""Eastern Flower Possession"")

An official [i][[touhou|Touhou Project]][/i] fighting game by Tasofro, the 15.5th in the series, which introduced [[Yorigami Jo'on]] and [[Yorigami Shion]] as characters. It was released on December 29th, 2017, at Comiket 93. It was also released for [[steam_(platform)|Steam]] on Janurary 5, 2018, as well as for [[Playstation 4]] and [[Nintendo Switch]] on April 22, 2021, making it the first official [i]Touhou[/i] game to be released on gaming consoles.

As with [i][[Urban Legend in Limbo]][/i], it features character art by [[Harukawa",https://danbooru.donmai.us/posts/2978699,,yakumo_yukari,antinomy_of_common_flowers touhou,1girl blonde_hair bow breasts covered_mouth dress eyebrows fingernails folding_fan full_body hair_bow hand_fan hat hat_ribbon holding holding_fan long_hair long_sleeves medium_breasts mob_cap puffy_long_sleeves puffy_sleeves red_bow red_ribbon ribbon simple_background solo tabard tachi-e transparent_background very_long_hair white_dress white_hat yellow_eyes,official_art,97b88fac0329db64426acebb5e7630a9
yamashiro_takane,2025-09-21T22:03:30.841-04:00,appearance_missing,,,,,https://danbooru.donmai.us/wiki_pages/yamashiro_takane,,,,,,,,,,,
yasaka_kanako,2026-03-19T02:09:01.839-04:00,candidate,post,6501144,,,https://danbooru.donmai.us/wiki_pages/yasaka_kanako,,,,,https://danbooru.donmai.us/posts/6501144,https://img.altema.jp/lostword/chara/stand/131.jpg,yasaka_kanako yasaka_kanako_(faith),mountain_of_faith touhou touhou_lostword,1girl black_skirt breasts brown_sandals full_body hair_ornament large_breasts layered_sleeves leaf_hair_ornament long_skirt long_sleeves looking_at_viewer mirror purple_hair red_eyes red_shirt red_skirt rope sandals shide shimenawa shirt short_hair short_over_long_sleeves short_sleeves simple_background skirt solo two-tone_skirt white_background,game_asset highres official_art third-party_source,35f60718801685e526999a8911e370cf
yatadera_narumi,2025-11-10T17:35:48.256-05:00,appearance_missing,,,,,https://danbooru.donmai.us/wiki_pages/yatadera_narumi,,,,,,,,,,,
yorigami_jo'on,2026-03-20T04:19:04.053-04:00,candidate,post,8865238,,,https://danbooru.donmai.us/wiki_pages/yorigami_jo'on,,,,,https://danbooru.donmai.us/posts/8865238,https://wiki3.jp/890ss/page/45,yorigami_jo'on,hakurei_frontier_spell_strive touhou,1girl bangle black_hat blonde_hair boots bow bracelet coat dress drill_hair earrings eyewear_on_head full_body hair_bow hand_fan hat hat_bow holding holding_fan jewelry knee_boots long_hair looking_at_viewer multiple_rings necklace open_clothes open_coat open_mouth pendant purple_coat red_bow ring smile solo sunglasses top_hat transparent_background twin_drills white_bow white_dress yellow_eyes,commentary_request game_asset highres official_art third-party_source,38f54b006fa9a1fca3257af27b6bffff
yorigami_shion,2025-09-06T13:10:31.588-04:00,candidate,post,2978716,,Profile,https://danbooru.donmai.us/wiki_pages/yorigami_shion,,,,,https://danbooru.donmai.us/posts/2978716,,yorigami_shion,antinomy_of_common_flowers touhou,1girl absurdly_long_hair blue_bow blue_eyes blue_fire blue_hair blue_skirt bow bracelet closed_mouth collarbone expressionless fire floating_hair hair_bow hood jewelry long_hair looking_away paper parted_bangs see-through_clothes shirt short_sleeves simple_background skirt solo tachi-e transparent_background very_long_hair white_shirt,official_art,597c15a612f189c92d80ab43d4ff0988
yuiman_asama,2026-05-29T05:57:25.462-04:00,candidate,post,9811559,,,https://danbooru.donmai.us/wiki_pages/yuiman_asama,,,,,https://danbooru.donmai.us/posts/9811559,https://en.touhouwiki.net/images/c/cf/Th20Asama.png?20250817080031,yuiman_asama,fossilized_wonders touhou,1girl barefoot black_dress blue_dress closed_mouth dress full_body gradient_clothes gradient_dress hair_between_eyes hand_on_own_hip long_hair long_hair_between_eyes looking_to_the_side red_eyes ribbon_around_body simple_background sleeveless sleeveless_dress solo transparent_background two-tone_dress veil white_hair zun_pose,official_art,870fd39a85f92cdf294480bced57ce1d
