image_type,image_id,status,wiki_titles,label,decision,url,source
,,wiki_missing,aciddrop_(holiday_hd75)_(arknights),,coverage_gap_missing_wiki_or_appearance,,
,,wiki_missing,ambriel_(holiday_hd29)_(arknights),,coverage_gap_missing_wiki_or_appearance,,
,,appearance_missing,amiya_(guard)_(in_a_myriad_of_universes)_(arknights),,coverage_gap_missing_wiki_or_appearance,,
,,wiki_missing,amiya_(in_a_myriad_of_universes)_(arknights),,coverage_gap_missing_wiki_or_appearance,,
,,wiki_missing,amiya_(solo_around_the_world)_(arknights),,coverage_gap_missing_wiki_or_appearance,,
,,wiki_missing,amiya_(触及星辰)_(arknights),,coverage_gap_missing_wiki_or_appearance,,
,,wiki_missing,angelina_(summer_flowers_fa017)_(arknights),,coverage_gap_missing_wiki_or_appearance,,
,,wiki_missing,aroma_(舒心野趣)_(arknights),,coverage_gap_missing_wiki_or_appearance,,
,,wiki_missing,beeswax_(holiday_hd61)_(arknights),,coverage_gap_missing_wiki_or_appearance,,
,,wiki_missing,blemishine_(善良坚强之心)_(arknights),,coverage_gap_missing_wiki_or_appearance,,
,,wiki_missing,caper_(summer_flowers_fa083)_(arknights),,coverage_gap_missing_wiki_or_appearance,,
,,wiki_missing,carnelian_(shining_dew_sd08)_(arknights),,coverage_gap_missing_wiki_or_appearance,,
,,wiki_missing,ceobe_(summer_flowers_fa333)_(arknights),,coverage_gap_missing_wiki_or_appearance,,
,,wiki_missing,ceylon_(holiday_hd49)_(arknights),,coverage_gap_missing_wiki_or_appearance,,
,,appearance_missing,ch'en_(after_storm)_(arknights),,coverage_gap_missing_wiki_or_appearance,,
,,wiki_missing,ch'en_the_holungday_(holiday_hd79)_(arknights),,coverage_gap_missing_wiki_or_appearance,,
,,appearance_missing,ch'en_the_holungday_(ten_thousand_mountains)_(arknights),,coverage_gap_missing_wiki_or_appearance,,
,,wiki_missing,click_(悠然假日_hd59)_(arknights),,coverage_gap_missing_wiki_or_appearance,,
,,wiki_missing,croissant_(seeker_sk03)_(arknights),,coverage_gap_missing_wiki_or_appearance,,
,,appearance_missing,croissant_(seven_in_the_morning)_(arknights),,coverage_gap_missing_wiki_or_appearance,,
,,appearance_missing,dusk_(everything_is_a_miracle)_(arknights),,coverage_gap_missing_wiki_or_appearance,,
,,appearance_missing,exusiai_(city_rider)_(arknights),,coverage_gap_missing_wiki_or_appearance,,
,,appearance_missing,exusiai_(midnight_delivery)_(arknights),,coverage_gap_missing_wiki_or_appearance,,
,,appearance_missing,exusiai_(wild_operation)_(arknights),,coverage_gap_missing_wiki_or_appearance,,
,,wiki_missing,exusiai_the_new_covenant_(寻翼之歌)_(arknights),,coverage_gap_missing_wiki_or_appearance,,
,,wiki_missing,eyjafjalla_(summer_flowers_fa018)_(arknights),,coverage_gap_missing_wiki_or_appearance,,
,,wiki_missing,eyjafjalla_the_hvit_aska_(后来的故事)_(arknights),,coverage_gap_missing_wiki_or_appearance,,
,,appearance_missing,feater_(dojo_star)_(arknights),,coverage_gap_missing_wiki_or_appearance,,
,,appearance_missing,feater_(gourmet)_(arknights),,coverage_gap_missing_wiki_or_appearance,,
,,appearance_missing,frostleaf_(breaking_the_ice)_(arknights),,coverage_gap_missing_wiki_or_appearance,,
,,wiki_missing,gavial_the_invincible_(holiday_hd26)_(arknights),,coverage_gap_missing_wiki_or_appearance,,
,,appearance_missing,gladiia_(arknights),,coverage_gap_missing_wiki_or_appearance,,
,,appearance_missing,goldenglow_(maiden_for_the_bright_night)_(arknights),,coverage_gap_missing_wiki_or_appearance,,
,,appearance_missing,goldenglow_(party_in_the_garden)_(arknights),,coverage_gap_missing_wiki_or_appearance,,
,,appearance_missing,goldenglow_(summer_flowers)_(arknights),,coverage_gap_missing_wiki_or_appearance,,
,,wiki_missing,goldenglow_(summer_flowers_fa394)_(arknights),,coverage_gap_missing_wiki_or_appearance,,
,,appearance_missing,grain_buds_(fragrant_pace)_(arknights),,coverage_gap_missing_wiki_or_appearance,,
,,appearance_missing,grani_(miraculous_moment)_(arknights),,coverage_gap_missing_wiki_or_appearance,,
,,appearance_missing,harmonie_(decoration)_(arknights),,coverage_gap_missing_wiki_or_appearance,,
,,appearance_missing,harmonie_(invitation)_(arknights),,coverage_gap_missing_wiki_or_appearance,,
,,wiki_missing,haruka_(常世之幻)_(arknights),,coverage_gap_missing_wiki_or_appearance,,
,,appearance_missing,heidi_(a_thousand_correspondences)_(arknights),,coverage_gap_missing_wiki_or_appearance,,
,,appearance_missing,highmore_(the_land_with_me)_(arknights),,coverage_gap_missing_wiki_or_appearance,,
,,appearance_missing,horn_(to_effloresce_whitely)_(arknights),,coverage_gap_missing_wiki_or_appearance,,
,,wiki_missing,hoshiguma_(seeker_sk97)_(arknights),,coverage_gap_missing_wiki_or_appearance,,
,,wiki_missing,hoshiguma_the_breacher_(一闪极意)_(arknights),,coverage_gap_missing_wiki_or_appearance,,
,,wiki_missing,ifrit_(sunburn_ss_sp)_(arknights),,coverage_gap_missing_wiki_or_appearance,,
,,appearance_missing,indra_(valiant_general)_(arknights),,coverage_gap_missing_wiki_or_appearance,,
,,appearance_missing,kazemaru_(like_illusion)_(arknights),,coverage_gap_missing_wiki_or_appearance,,
,,wiki_missing,kirara_(轻闲快照)_(arknights),,coverage_gap_missing_wiki_or_appearance,,
,,appearance_missing,kroos_the_keen_glint_(along_the_corridor)_(arknights),,coverage_gap_missing_wiki_or_appearance,,
,,appearance_missing,kroos_the_keen_glint_(the_apprentice_and_her_aura)_(arknights),,coverage_gap_missing_wiki_or_appearance,,
,,wiki_missing,la_pluma_(summer_flowers_fa210)_(arknights),,coverage_gap_missing_wiki_or_appearance,,
,,appearance_missing,leizi_(the_archivist_and_her_pilgrimage)_(arknights),,coverage_gap_missing_wiki_or_appearance,,
,,appearance_missing,lin_(heavenly_mirage)_(arknights),,coverage_gap_missing_wiki_or_appearance,,
,,wiki_missing,lin_(summer_flowers_fa137)_(arknights),,coverage_gap_missing_wiki_or_appearance,,
,,wiki_missing,lin_(求知的魔法)_(arknights),,coverage_gap_missing_wiki_or_appearance,,
,,appearance_missing,ling_(it_does_wash_the_strings)_(arknights),,coverage_gap_missing_wiki_or_appearance,,
,,appearance_missing,ling_(towering_is_cliff_of_nostalgia)_(arknights),,coverage_gap_missing_wiki_or_appearance,,
,,wiki_missing,meteorite_(夏卉_fa240)_(arknights),,coverage_gap_missing_wiki_or_appearance,,
,,appearance_missing,mint_(private_study)_(arknights),,coverage_gap_missing_wiki_or_appearance,,
,,appearance_missing,mint_(tsukiyoi)_(arknights),,coverage_gap_missing_wiki_or_appearance,,
,,wiki_missing,misumi_uika_(caged_singer)_(arknights),,coverage_gap_missing_wiki_or_appearance,,
,,appearance_missing,moira_(arknights),,coverage_gap_missing_wiki_or_appearance,,
,,wiki_missing,mon3tr_(锋锐)_(arknights),,coverage_gap_missing_wiki_or_appearance,,
,,appearance_missing,mousse_(campfire_cooking_smoke)_(arknights),,coverage_gap_missing_wiki_or_appearance,,
,,appearance_missing,mousse_(hydration_time)_(arknights),,coverage_gap_missing_wiki_or_appearance,,
,,wiki_missing,mudrock_(silent_night_dn06)_(arknights),,coverage_gap_missing_wiki_or_appearance,,
,,appearance_missing,mulberry_(plant_crude_drug)_(arknights),,coverage_gap_missing_wiki_or_appearance,,
,,appearance_missing,mulberry_(reflection_that_of_the_moons)_(arknights),,coverage_gap_missing_wiki_or_appearance,,
,,wiki_missing,myrtle_(summer_flowers_fa062)_(arknights),,coverage_gap_missing_wiki_or_appearance,,
,,wiki_missing,nearl_(shining_dew_sd01)_(arknights),,coverage_gap_missing_wiki_or_appearance,,
,,appearance_missing,nearl_the_radiant_knight_(relight)_(arknights),,coverage_gap_missing_wiki_or_appearance,,
,,wiki_missing,necrass_(summer_flowers_fa161)_(arknights),,coverage_gap_missing_wiki_or_appearance,,
,,appearance_missing,nian_(unfettered_freedom)_(arknights),,coverage_gap_missing_wiki_or_appearance,,
,,appearance_missing,nightmare_(light_and_shadow)_(arknights),,coverage_gap_missing_wiki_or_appearance,,
,,appearance_missing,nightmare_(the_ferry_girl)_(arknights),,coverage_gap_missing_wiki_or_appearance,,
,,wiki_missing,platinum_(shining_dew_sd05)_(arknights),,coverage_gap_missing_wiki_or_appearance,,
,,appearance_missing,poncirus_(to_rest_in_night_breezes)_(arknights),,coverage_gap_missing_wiki_or_appearance,,
,,wiki_missing,popukar_(幽然灵竹)_(arknights),,coverage_gap_missing_wiki_or_appearance,,
,,wiki_missing,pramanix_the_prerita_(曙光祝颂)_(arknights),,coverage_gap_missing_wiki_or_appearance,,
,,appearance_missing,priestess_(arknights),,coverage_gap_missing_wiki_or_appearance,,
,,wiki_missing,projekt_red_(light_breeze_lb01)_(arknights),,coverage_gap_missing_wiki_or_appearance,,
,,wiki_missing,provence_(holiday_hd08)_(arknights),,coverage_gap_missing_wiki_or_appearance,,
,,wiki_missing,ptilopsis_(among_the_clouds)_(arknights),,coverage_gap_missing_wiki_or_appearance,,
,,appearance_missing,qiubai_(courtesy)_(arknights),,coverage_gap_missing_wiki_or_appearance,,
,,wiki_missing,ray_(夏卉_fa098)_(arknights),,coverage_gap_missing_wiki_or_appearance,,
,,appearance_missing,reed_the_flame_shadow_(curator)_(arknights),,coverage_gap_missing_wiki_or_appearance,,
,,appearance_missing,reed_the_flame_shadow_(glowing_flame_in_the_night)_(arknights),,coverage_gap_missing_wiki_or_appearance,,
,,wiki_missing,reed_the_flame_shadow_(summer_flowers_fa075)_(arknights),,coverage_gap_missing_wiki_or_appearance,,
,,wiki_missing,roberta_(summer_flowers_fa374)_(arknights),,coverage_gap_missing_wiki_or_appearance,,
,,appearance_missing,rope_(imp's_house)_(arknights),,coverage_gap_missing_wiki_or_appearance,,
,,wiki_missing,rope_(summer_flowers_fa008)_(arknights),,coverage_gap_missing_wiki_or_appearance,,
,,appearance_missing,saileach_(appreciate_fragrance)_(arknights),,coverage_gap_missing_wiki_or_appearance,,
,,wiki_missing,saileach_(summer_flowers_fa317)_(arknights),,coverage_gap_missing_wiki_or_appearance,,
,,wiki_missing,savage_(又一年秋季)_(arknights),,coverage_gap_missing_wiki_or_appearance,,
,,wiki_missing,scene_(新地形)_(arknights),,coverage_gap_missing_wiki_or_appearance,,
,,appearance_missing,shaw_(cleansweeper_in_the_castle)_(arknights),,coverage_gap_missing_wiki_or_appearance,,
,,wiki_missing,shining_(silent_night_dn02)_(arknights),,coverage_gap_missing_wiki_or_appearance,,
,,appearance_missing,shu_(bingwenyuyou)_(arknights),,coverage_gap_missing_wiki_or_appearance,,
,,wiki_missing,sideroca_(light_breeze_lb03)_(arknights),,coverage_gap_missing_wiki_or_appearance,,
,,appearance_missing,siege_(legacy)_(arknights),,coverage_gap_missing_wiki_or_appearance,,
,,wiki_missing,skadi_(waverider_wr04)_(arknights),,coverage_gap_missing_wiki_or_appearance,,
,,wiki_missing,skyfire_(temperature_difference_rt_rx01)_(arknights),,coverage_gap_missing_wiki_or_appearance,,
,,appearance_missing,snowsant_(fated_hero)_(arknights),,coverage_gap_missing_wiki_or_appearance,,
,,appearance_missing,sora_(melodiosa)_(arknights),,coverage_gap_missing_wiki_or_appearance,,
,,appearance_missing,sora_(summer_flowers)_(arknights),,coverage_gap_missing_wiki_or_appearance,,
,,wiki_missing,sora_(summer_flowers_fa361)_(arknights),,coverage_gap_missing_wiki_or_appearance,,
,,wiki_missing,surtr_(colorful_wonderland_cw03)_(arknights),,coverage_gap_missing_wiki_or_appearance,,
,,wiki_missing,sussurro_(summer_flowers_fa026)_(arknights),,coverage_gap_missing_wiki_or_appearance,,
,,appearance_missing,swire_(honor_and_splendor)_(arknights),,coverage_gap_missing_wiki_or_appearance,,
,,appearance_missing,talulah_the_fighter_(arknights),,coverage_gap_missing_wiki_or_appearance,,
,,appearance_missing,texas_(willpower)_(arknights),,coverage_gap_missing_wiki_or_appearance,,
,,appearance_missing,texas_(winter_messenger)_(arknights),,coverage_gap_missing_wiki_or_appearance,,
,,appearance_missing,texas_the_omertosa_(il_segreto_della_notte)_(arknights),,coverage_gap_missing_wiki_or_appearance,,
,,appearance_missing,texas_the_omertosa_(wingbreaker)_(arknights),,coverage_gap_missing_wiki_or_appearance,,
,,wiki_missing,tippi_(清新布景)_(arknights),,coverage_gap_missing_wiki_or_appearance,,
,,wiki_missing,tomimi_(silent_night_dn04)_(arknights),,coverage_gap_missing_wiki_or_appearance,,
,,wiki_missing,typhon_(temperature_difference_rt_rx07)_(arknights),,coverage_gap_missing_wiki_or_appearance,,
,,wiki_missing,utage_(summer_flowers_fa661)_(arknights),,coverage_gap_missing_wiki_or_appearance,,
,,wiki_missing,vendela_(蔷薇之谜)_(arknights),,coverage_gap_missing_wiki_or_appearance,,
,,wiki_missing,vigna_(holiday_hd01)_(arknights),,coverage_gap_missing_wiki_or_appearance,,
,,wiki_missing,vulpisfoglia_(失焦)_(arknights),,coverage_gap_missing_wiki_or_appearance,,
,,appearance_missing,waai_fu_(wild_flower_of_street)_(arknights),,coverage_gap_missing_wiki_or_appearance,,
,,wiki_missing,warfarin_(holiday_hd31)_(arknights),,coverage_gap_missing_wiki_or_appearance,,
,,wiki_missing,wis'adel_(绝对主角)_(arknights),,coverage_gap_missing_wiki_or_appearance,,
,,wiki_missing,wulfenite_(跃动节拍)_(arknights),,coverage_gap_missing_wiki_or_appearance,,
,,wiki_missing,yahata_umiri_(moonlight_executioner)_(arknights),,coverage_gap_missing_wiki_or_appearance,,
asset,21171218,asset_no_post_tags,silence_the_paradigmatic_(habitat)_(arknights),,excluded_asset_without_post_tags,https://danbooru.donmai.us/media_assets/21171218,
asset,22755757,asset_no_post_tags,swire_(arknights);swire_the_elegant_wit_(arknights),Default,excluded_asset_without_post_tags,https://danbooru.donmai.us/media_assets/22755757,
asset,22755759,asset_no_post_tags,swire_(arknights);swire_the_elegant_wit_(arknights),Elite II,excluded_asset_without_post_tags,https://danbooru.donmai.us/media_assets/22755759,
asset,22755760,asset_no_post_tags,swire_(arknights);swire_the_elegant_wit_(arknights);swire_the_elegant_wit_(rhythmic_blocks)_(arknights),Rhythmic Blocks,excluded_asset_without_post_tags,https://danbooru.donmai.us/media_assets/22755760,
asset,22862666,asset_no_post_tags,eyjafjalla_(arknights);eyjafjalla_the_hvit_aska_(arknights),Default,excluded_asset_without_post_tags,https://danbooru.donmai.us/media_assets/22862666,
asset,22862667,asset_no_post_tags,eyjafjalla_(arknights);eyjafjalla_the_hvit_aska_(arknights),Elite II,excluded_asset_without_post_tags,https://danbooru.donmai.us/media_assets/22862667,
asset,23913266,asset_no_post_tags,degenbrecher_(arknights),JP 5th Anniversary,excluded_asset_without_post_tags,https://danbooru.donmai.us/media_assets/23913266,
asset,24025930,asset_no_post_tags,kroos_(arknights);kroos_the_keen_glint_(arknights),Along the Corridor,excluded_asset_without_post_tags,https://danbooru.donmai.us/media_assets/24025930,
asset,24025933,asset_no_post_tags,kroos_(arknights);kroos_the_keen_glint_(arknights),The Apprentice and Her Aura,excluded_asset_without_post_tags,https://danbooru.donmai.us/media_assets/24025933,
asset,24086474,asset_no_post_tags,franka_(arknights),Ride to Davistown,excluded_asset_without_post_tags,https://danbooru.donmai.us/media_assets/24086474,
asset,24279281,asset_no_post_tags,frostleaf_(arknights),Breaking the Ice,excluded_asset_without_post_tags,https://danbooru.donmai.us/media_assets/24279281,
asset,24420996,asset_no_post_tags,snowsant_(arknights),Fated Hero,excluded_asset_without_post_tags,https://danbooru.donmai.us/media_assets/24420996,
asset,32969070,asset_no_post_tags,marcille_donato,Half-Foot,excluded_asset_without_post_tags,https://danbooru.donmai.us/media_assets/32969070,
asset,42688561,asset_no_post_tags,exusiai_(arknights),Apple,excluded_asset_without_post_tags,https://danbooru.donmai.us/media_assets/42688561,
asset,48171605,asset_no_post_tags,kal'tsit_(arknights),Puppet,excluded_asset_without_post_tags,https://danbooru.donmai.us/media_assets/48171605,
asset,48779093,asset_no_post_tags,shu_(arknights),[[Dragon Bean (arknights)|]],excluded_asset_without_post_tags,https://danbooru.donmai.us/media_assets/48779093,
asset,48779169,asset_no_post_tags,dusk_(arknights),[[Dragon Bean (arknights)|]],excluded_asset_without_post_tags,https://danbooru.donmai.us/media_assets/48779169,
asset,48779239,asset_no_post_tags,ling_(arknights),[[Dragon Bean (arknights)|]],excluded_asset_without_post_tags,https://danbooru.donmai.us/media_assets/48779239,
asset,49488863,asset_no_post_tags,necrass_(arknights),NPC,excluded_asset_without_post_tags,https://danbooru.donmai.us/media_assets/49488863,
post,3533565,candidate,cardigan_(arknights),Default,excluded_no_qualifying_form_evidence,https://danbooru.donmai.us/posts/3533565,http://en.rhinelab.org/images/f/fe/Cardigan-0.png
post,3563808,candidate,ch'en_(arknights),Default,excluded_no_qualifying_form_evidence,https://danbooru.donmai.us/posts/3563808,https://aceship.github.io/AN-EN-Tags/akhrchars.html?opname=Ch'en
post,3563809,candidate,ch'en_(arknights),Elite II,excluded_no_qualifying_form_evidence,https://danbooru.donmai.us/posts/3563809,https://aceship.github.io/AN-EN-Tags/akhrchars.html?opname=Ch'en
post,3563812,candidate,siege_(arknights),Default,excluded_no_qualifying_form_evidence,https://danbooru.donmai.us/posts/3563812,https://aceship.github.io/AN-EN-Tags/akhrchars.html?opname=Siege
post,3563813,candidate,siege_(arknights),Elite II,excluded_no_qualifying_form_evidence,https://danbooru.donmai.us/posts/3563813,https://aceship.github.io/AN-EN-Tags/akhrchars.html?opname=Siege
post,3563817,candidate,shining_(arknights),Base,excluded_no_qualifying_form_evidence,https://danbooru.donmai.us/posts/3563817,https://aceship.github.io/AN-EN-Tags/akhrchars.html?opname=Shining
post,3563820,candidate,shining_(arknights),Elite II,excluded_no_qualifying_form_evidence,https://danbooru.donmai.us/posts/3563820,https://aceship.github.io/AN-EN-Tags/akhrchars.html?opname=Shining
post,3563825,candidate,nightingale_(arknights),Default,included_supporting_post,https://danbooru.donmai.us/posts/3563825,https://aceship.github.io/AN-EN-Tags/akhrchars.html?opname=Nightingale
post,3563827,candidate,nightingale_(arknights),Elite II,excluded_no_qualifying_form_evidence,https://danbooru.donmai.us/posts/3563827,https://aceship.github.io/AN-EN-Tags/akhrchars.html?opname=Nightingale
post,3563830,candidate,ifrit_(arknights),Default,included_supporting_post,https://danbooru.donmai.us/posts/3563830,https://aceship.github.io/AN-EN-Tags/akhrchars.html?opname=Ifrit
post,3563831,candidate,ifrit_(arknights),Elite II,excluded_no_qualifying_form_evidence,https://danbooru.donmai.us/posts/3563831,https://aceship.github.io/AN-EN-Tags/akhrchars.html?opname=Ifrit
post,3563834,candidate,eyjafjalla_(arknights),Default,included_supporting_post,https://danbooru.donmai.us/posts/3563834,https://aceship.github.io/AN-EN-Tags/akhrchars.html?opname=Eyjafjalla
post,3563835,candidate,eyjafjalla_(arknights),Elite II,excluded_no_qualifying_form_evidence,https://danbooru.donmai.us/posts/3563835,https://aceship.github.io/AN-EN-Tags/akhrchars.html?opname=Eyjafjalla
post,3563838,candidate,exusiai_(arknights),Default,included_supporting_post,https://danbooru.donmai.us/posts/3563838,https://aceship.github.io/AN-EN-Tags/akhrchars.html?opname=Exusiai
post,3563839,candidate,exusiai_(arknights),Elite II,excluded_no_qualifying_form_evidence,https://danbooru.donmai.us/posts/3563839,https://aceship.github.io/AN-EN-Tags/akhrchars.html?opname=Exusiai
post,3563848,candidate,angelina_(arknights),Default,included_supporting_post,https://danbooru.donmai.us/posts/3563848,https://aceship.github.io/AN-EN-Tags/akhrchars.html?opname=Angelina
post,3563849,candidate,angelina_(arknights),Elite II,excluded_no_qualifying_form_evidence,https://danbooru.donmai.us/posts/3563849,https://aceship.github.io/AN-EN-Tags/akhrchars.html?opname=Angelina
post,3563851,candidate,hoshiguma_(arknights),Default,included_supporting_post,https://danbooru.donmai.us/posts/3563851,https://aceship.github.io/AN-EN-Tags/akhrchars.html?opname=Hoshiguma
post,3563852,candidate,hoshiguma_(arknights),Elite II,excluded_no_qualifying_form_evidence,https://danbooru.donmai.us/posts/3563852,https://aceship.github.io/AN-EN-Tags/akhrchars.html?opname=Hoshiguma
post,3563856,candidate,saria_(arknights),Default,included_supporting_post,https://danbooru.donmai.us/posts/3563856,https://aceship.github.io/AN-EN-Tags/akhrchars.html?opname=Saria
post,3563858,candidate,saria_(arknights),Elite II,excluded_no_qualifying_form_evidence,https://danbooru.donmai.us/posts/3563858,https://aceship.github.io/AN-EN-Tags/akhrchars.html?opname=Saria
post,3563860,candidate,skadi_(arknights),Default,included_supporting_post,https://danbooru.donmai.us/posts/3563860,https://aceship.github.io/AN-EN-Tags/akhrchars.html?opname=Skadi
post,3563861,candidate,skadi_(arknights);skadi_(elite_ii)_(arknights),Elite II,included_supporting_post,https://danbooru.donmai.us/posts/3563861,https://aceship.github.io/AN-EN-Tags/akhrchars.html?opname=Skadi
post,3563863,candidate,savage_(arknights),Default,included_supporting_post,https://danbooru.donmai.us/posts/3563863,https://aceship.github.io/AN-EN-Tags/akhrchars.html?opname=Savage
post,3563864,candidate,savage_(arknights),Elite II,excluded_no_qualifying_form_evidence,https://danbooru.donmai.us/posts/3563864,https://aceship.github.io/AN-EN-Tags/akhrchars.html?opname=Savage
post,3563868,candidate,texas_(arknights),Default,included_supporting_post,https://danbooru.donmai.us/posts/3563868,https://aceship.github.io/AN-EN-Tags/akhrchars.html?opname=Texas
post,3563869,candidate,texas_(arknights),Elite II,excluded_no_qualifying_form_evidence,https://danbooru.donmai.us/posts/3563869,https://aceship.github.io/AN-EN-Tags/akhrchars.html?opname=Texas
post,3563871,candidate,zima_(arknights),Default,included_supporting_post,https://danbooru.donmai.us/posts/3563871,https://aceship.github.io/AN-EN-Tags/akhrchars.html?opname=Zima
post,3563872,candidate,zima_(arknights),Elite II,excluded_no_qualifying_form_evidence,https://danbooru.donmai.us/posts/3563872,https://aceship.github.io/AN-EN-Tags/akhrchars.html?opname=Zima
post,3563873,candidate,ptilopsis_(arknights),Default,included_supporting_post,https://danbooru.donmai.us/posts/3563873,https://aceship.github.io/AN-EN-Tags/akhrchars.html?opname=Ptilopsis
post,3563874,candidate,ptilopsis_(arknights),Elite II,excluded_no_qualifying_form_evidence,https://danbooru.donmai.us/posts/3563874,https://aceship.github.io/AN-EN-Tags/akhrchars.html?opname=Ptilopsis
post,3563881,candidate,warfarin_(arknights),Default,included_supporting_post,https://danbooru.donmai.us/posts/3563881,https://aceship.github.io/AN-EN-Tags/akhrchars.html?opname=Warfarin
post,3563883,candidate,warfarin_(arknights),Elite II,excluded_no_qualifying_form_evidence,https://danbooru.donmai.us/posts/3563883,https://aceship.github.io/AN-EN-Tags/akhrchars.html?opname=Warfarin
post,3563885,candidate,amiya_(arknights),Default,included_supporting_post,https://danbooru.donmai.us/posts/3563885,https://aceship.github.io/AN-EN-Tags/akhrchars.html?opname=Amiya
post,3563886,candidate,amiya_(arknights),Elite I,excluded_no_qualifying_form_evidence,https://danbooru.donmai.us/posts/3563886,https://aceship.github.io/AN-EN-Tags/akhrchars.html?opname=Amiya
post,3563887,candidate,amiya_(arknights),Elite II,excluded_no_qualifying_form_evidence,https://danbooru.donmai.us/posts/3563887,https://en.rhinelab.org/images/1/13/Amiya-2.png
post,3563890,candidate,nightmare_(arknights),Default,included_supporting_post,https://danbooru.donmai.us/posts/3563890,https://aceship.github.io/AN-EN-Tags/akhrchars.html?opname=Nightmare
post,3563891,candidate,nightmare_(arknights),Elite II,excluded_no_qualifying_form_evidence,https://danbooru.donmai.us/posts/3563891,https://aceship.github.io/AN-EN-Tags/akhrchars.html?opname=Nightmare
post,3563892,candidate,skyfire_(arknights),Default,included_supporting_post,https://danbooru.donmai.us/posts/3563892,https://aceship.github.io/AN-EN-Tags/akhrchars.html?opname=Skyfire
post,3563893,candidate,skyfire_(arknights),Elite II,excluded_no_qualifying_form_evidence,https://danbooru.donmai.us/posts/3563893,https://aceship.github.io/AN-EN-Tags/akhrchars.html?opname=Skyfire
post,3563895,candidate,projekt_red_(arknights),Default,included_supporting_post,https://danbooru.donmai.us/posts/3563895,https://aceship.github.io/AN-EN-Tags/akhrchars.html?opname=Projekt_Red
post,3563897,candidate,projekt_red_(arknights),Elite II,excluded_no_qualifying_form_evidence,https://danbooru.donmai.us/posts/3563897,https://aceship.github.io/AN-EN-Tags/akhrchars.html?opname=Projekt_Red
post,3563900,candidate,feater_(arknights),Default,included_supporting_post,https://danbooru.donmai.us/posts/3563900,https://aceship.github.io/AN-EN-Tags/akhrchars.html?opname=FEater
post,3563902,candidate,feater_(arknights),Elite II,excluded_no_qualifying_form_evidence,https://danbooru.donmai.us/posts/3563902,https://aceship.github.io/AN-EN-Tags/akhrchars.html?opname=FEater
post,3563910,candidate,indra_(arknights),Default,included_supporting_post,https://danbooru.donmai.us/posts/3563910,https://aceship.github.io/AN-EN-Tags/akhrchars.html?opname=Indra
post,3563912,candidate,indra_(arknights),Elite II,excluded_no_qualifying_form_evidence,https://danbooru.donmai.us/posts/3563912,https://aceship.github.io/AN-EN-Tags/akhrchars.html?opname=Indra
post,3563916,candidate,lappland_(arknights),Default,included_supporting_post,https://danbooru.donmai.us/posts/3563916,https://aceship.github.io/AN-EN-Tags/akhrchars.html?opname=Lappland
post,3563917,candidate,lappland_(arknights),Elite II,excluded_no_qualifying_form_evidence,https://danbooru.donmai.us/posts/3563917,https://aceship.github.io/AN-EN-Tags/akhrchars.html?opname=Lappland
post,3563995,candidate,manticore_(arknights),Default,included_supporting_post,https://danbooru.donmai.us/posts/3563995,https://aceship.github.io/AN-EN-Tags/akhrchars.html?opname=Manticore
post,3564003,candidate,manticore_(arknights),Elite II,excluded_no_qualifying_form_evidence,https://danbooru.donmai.us/posts/3564003,https://aceship.github.io/AN-EN-Tags/akhrchars.html?opname=Manticore
post,3564028,candidate,cliffheart_(arknights),Default,included_supporting_post,https://danbooru.donmai.us/posts/3564028,https://aceship.github.io/AN-EN-Tags/akhrchars.html?opname=Cliffheart
post,3564029,candidate,cliffheart_(arknights),Elite II,excluded_no_qualifying_form_evidence,https://danbooru.donmai.us/posts/3564029,https://aceship.github.io/AN-EN-Tags/akhrchars.html?opname=Cliffheart
post,3564033,candidate,blue_poison_(arknights),Default,included_supporting_post,https://danbooru.donmai.us/posts/3564033,https://aceship.github.io/AN-EN-Tags/akhrchars.html?opname=Blue_Poison
post,3564035,candidate,blue_poison_(arknights),Elite II,excluded_no_qualifying_form_evidence,https://danbooru.donmai.us/posts/3564035,https://aceship.github.io/AN-EN-Tags/akhrchars.html?opname=Blue_Poison
post,3564038,candidate,firewatch_(arknights),Default,included_supporting_post,https://danbooru.donmai.us/posts/3564038,https://aceship.github.io/AN-EN-Tags/akhrchars.html?opname=Firewatch
post,3564039,candidate,firewatch_(arknights),Elite II,excluded_no_qualifying_form_evidence,https://danbooru.donmai.us/posts/3564039,https://aceship.github.io/AN-EN-Tags/akhrchars.html?opname=Firewatch
post,3564094,candidate,nearl_(arknights),Default,included_supporting_post,https://danbooru.donmai.us/posts/3564094,https://aceship.github.io/AN-EN-Tags/akhrchars.html?opname=Nearl
post,3564096,candidate,nearl_(arknights),Elite II,excluded_no_qualifying_form_evidence,https://danbooru.donmai.us/posts/3564096,https://aceship.github.io/AN-EN-Tags/akhrchars.html?opname=Nearl
post,3564102,candidate,liskarm_(arknights),Default,included_supporting_post,https://danbooru.donmai.us/posts/3564102,https://aceship.github.io/AN-EN-Tags/akhrchars.html?opname=Liskarm
post,3564193,candidate,specter_(arknights),Default,included_supporting_post,https://danbooru.donmai.us/posts/3564193,https://aceship.github.io/AN-EN-Tags/akhrchars.html?opname=Specter
post,3564194,candidate,specter_(arknights),Elite II,excluded_no_qualifying_form_evidence,https://danbooru.donmai.us/posts/3564194,https://aceship.github.io/AN-EN-Tags/akhrchars.html?opname=Specter
post,3564282,candidate,gavial_(arknights),Default,included_supporting_post,https://danbooru.donmai.us/posts/3564282,https://aceship.github.io/AN-EN-Tags/img/characters/char_187_ccheal_1.png
post,3564283,candidate,gavial_(arknights),Elite II,excluded_no_qualifying_form_evidence,https://danbooru.donmai.us/posts/3564283,https://aceship.github.io/AN-EN-Tags/img/characters/char_187_ccheal_2.png
post,3566414,candidate,frostleaf_(arknights),Default,included_supporting_post,https://danbooru.donmai.us/posts/3566414,https://aceship.github.io/AN-EN-Tags/img/characters/char_193_frostl_1.png
post,3566415,candidate,frostleaf_(arknights),Elite II,excluded_no_qualifying_form_evidence,https://danbooru.donmai.us/posts/3566415,https://aceship.github.io/AN-EN-Tags/img/characters/char_193_frostl_2.png
post,3609267,candidate,ceylon_(arknights),Default,included_supporting_post,https://danbooru.donmai.us/posts/3609267,https://aceship.github.io/AN-EN-Tags/akhrchars.html?opname=Ceylon
post,3609268,candidate,ceylon_(arknights),Elite II,excluded_no_qualifying_form_evidence,https://danbooru.donmai.us/posts/3609268,https://aceship.github.io/AN-EN-Tags/akhrchars.html?opname=Ceylon
post,3609278,candidate,schwarz_(arknights),Elite II,excluded_no_qualifying_form_evidence,https://danbooru.donmai.us/posts/3609278,https://aceship.github.io/AN-EN-Tags/akhrchars.html?opname=Schwarz
post,3609279,candidate,schwarz_(arknights),Default,included_supporting_post,https://danbooru.donmai.us/posts/3609279,https://aceship.github.io/AN-EN-Tags/akhrchars.html?opname=Schwarz
post,3697406,candidate,skyfire_(arknights),Temperature Difference,excluded_no_qualifying_form_evidence,https://danbooru.donmai.us/posts/3697406,https://aceship.github.io/AN-EN-Tags/akhrchars.html?opname=Skyfire
post,3697411,candidate,shining_(arknights);shining_(silent_night)_(arknights),Silent Night,included_supporting_post,https://danbooru.donmai.us/posts/3697411,https://aceship.github.io/AN-EN-Tags/akhrchars.html?opname=Shining
post,3753609,candidate,gummy_(arknights),Default,included_supporting_post,https://danbooru.donmai.us/posts/3753609,https://aceship.github.io/AN-EN-Tags/akhrchars.html?opname=Gum
post,3753612,candidate,gummy_(arknights),Elite II,excluded_no_qualifying_form_evidence,https://danbooru.donmai.us/posts/3753612,https://aceship.github.io/AN-EN-Tags/akhrchars.html?opname=Gum
post,3753639,candidate,silence_(arknights),Elite II,excluded_no_qualifying_form_evidence,https://danbooru.donmai.us/posts/3753639,https://aceship.github.io/AN-EN-Tags/akhrchars.html?opname=Silence
post,3753647,candidate,silence_(arknights);silence_(lacquer)_(arknights),Lacquer,excluded_no_qualifying_form_evidence,https://danbooru.donmai.us/posts/3753647,https://aceship.github.io/AN-EN-Tags/akhrchars.html?opname=Silence
post,3759365,candidate,mayer_(arknights),Default,included_supporting_post,https://danbooru.donmai.us/posts/3759365,https://aceship.github.io/AN-EN-Tags/akhrchars.html?opname=Mayer
post,3759368,candidate,mayer_(arknights),Elite II,excluded_no_qualifying_form_evidence,https://danbooru.donmai.us/posts/3759368,https://aceship.github.io/AN-EN-Tags/akhrchars.html?opname=Mayer
post,3764712,candidate,mostima_(arknights),Default,excluded_no_qualifying_form_evidence,https://danbooru.donmai.us/posts/3764712,https://www.gamespress.com/en-US/Arknights#?tab=screenshots-2
post,3764714,candidate,mostima_(arknights),Elite II,excluded_no_qualifying_form_evidence,https://danbooru.donmai.us/posts/3764714,https://www.gamespress.com/en-US/Arknights#?tab=screenshots-2
post,3764721,candidate,blaze_(arknights),Default,included_supporting_post,https://danbooru.donmai.us/posts/3764721,https://aceship.github.io/AN-EN-Tags/akhrchars.html?opname=Blaze
post,3764724,candidate,blaze_(arknights),Elite II,excluded_no_qualifying_form_evidence,https://danbooru.donmai.us/posts/3764724,https://aceship.github.io/AN-EN-Tags/akhrchars.html?opname=Blaze
post,3764731,candidate,nian_(arknights),Default,included_supporting_post,https://danbooru.donmai.us/posts/3764731,https://aceship.github.io/AN-EN-Tags/akhrchars.html?opname=Nian
post,3764732,candidate,nian_(arknights),Elite II,excluded_no_qualifying_form_evidence,https://danbooru.donmai.us/posts/3764732,https://aceship.github.io/AN-EN-Tags/akhrchars.html?opname=Nian
post,3769501,candidate,ambriel_(arknights),Default,included_supporting_post,https://danbooru.donmai.us/posts/3769501,https://aceship.github.io/AN-EN-Tags/akhrchars.html?opname=Ambriel
post,3769502,candidate,ambriel_(arknights),Elite II,excluded_no_qualifying_form_evidence,https://danbooru.donmai.us/posts/3769502,https://aceship.github.io/AN-EN-Tags/akhrchars.html?opname=Ambriel
post,3769504,candidate,durin_(arknights),,included_supporting_post,https://danbooru.donmai.us/posts/3769504,https://aceship.github.io/AN-EN-Tags/img/characters/char_501_durin_1.png
post,3769542,candidate,firewatch_(arknights);firewatch_(wilted_cypress)_(arknights),Wilted Cypress,excluded_no_qualifying_form_evidence,https://danbooru.donmai.us/posts/3769542,https://www.gamespress.com/en-US/Arknights#?tab=screenshots-2
post,3769557,candidate,schwarz_(arknights);schwarz_(presents)_(arknights),Presents,excluded_no_qualifying_form_evidence,https://danbooru.donmai.us/posts/3769557,https://aceship.github.io/AN-EN-Tags/akhrchars.html?opname=Schwarz
post,3769622,candidate,platinum_(arknights),Default,included_supporting_post,https://danbooru.donmai.us/posts/3769622,https://aceship.github.io/AN-EN-Tags/akhrchars.html?opname=Platinum
post,3769623,candidate,platinum_(arknights),Elite II,excluded_no_qualifying_form_evidence,https://danbooru.donmai.us/posts/3769623,https://aceship.github.io/AN-EN-Tags/akhrchars.html?opname=Platinum
post,3769640,candidate,liskarm_(arknights),Elite II,excluded_no_qualifying_form_evidence,https://danbooru.donmai.us/posts/3769640,https://aceship.github.io/AN-EN-Tags/akhrchars.html?opname=Liskarm
post,3769643,candidate,meteorite_(arknights),Default,included_supporting_post,https://danbooru.donmai.us/posts/3769643,https://aceship.github.io/AN-EN-Tags/akhrchars.html?opname=Meteorite
post,3769646,candidate,meteorite_(arknights);meteorite_(graphite)_(arknights),Graphite,included_supporting_post,https://danbooru.donmai.us/posts/3769646,https://aceship.github.io/AN-EN-Tags/akhrchars.html?opname=Meteorite
post,3769658,candidate,franka_(arknights),Default,included_supporting_post,https://danbooru.donmai.us/posts/3769658,https://aceship.github.io/AN-EN-Tags/akhrchars.html?opname=Franka
post,3769659,candidate,franka_(arknights),Elite II,excluded_no_qualifying_form_evidence,https://danbooru.donmai.us/posts/3769659,https://aceship.github.io/AN-EN-Tags/akhrchars.html?opname=Franka
post,3769676,candidate,liskarm_(arknights);liskarm_(spring_vouivre)_(arknights),Spring Vouivre,included_supporting_post,https://danbooru.donmai.us/posts/3769676,https://aceship.github.io/AN-EN-Tags/akhrchars.html?opname=Liskarm
post,3769685,candidate,grani_(arknights),Default,included_supporting_post,https://danbooru.donmai.us/posts/3769685,https://aceship.github.io/an-en-tags/akhrchars.html?opname=grani
post,3769687,candidate,grani_(arknights),Elite II,excluded_no_qualifying_form_evidence,https://danbooru.donmai.us/posts/3769687,https://aceship.github.io/AN-EN-Tags/akhrchars.html?opname=Grani
post,3769722,candidate,reed_(arknights),Default,included_supporting_post,https://danbooru.donmai.us/posts/3769722,https://aceship.github.io/AN-EN-Tags/akhrchars.html?opname=Reed
post,3769723,candidate,reed_(arknights),Elite II,excluded_no_qualifying_form_evidence,https://danbooru.donmai.us/posts/3769723,https://aceship.github.io/AN-EN-Tags/akhrchars.html?opname=Reed
post,3770298,candidate,swire_(arknights),Default,included_supporting_post,https://danbooru.donmai.us/posts/3770298,https://aceship.github.io/AN-EN-Tags/akhrchars.html?opname=Swire
post,3770299,candidate,swire_(arknights),Elite II,excluded_no_qualifying_form_evidence,https://danbooru.donmai.us/posts/3770299,https://aceship.github.io/AN-EN-Tags/akhrchars.html?opname=Swirebangs
post,3770305,candidate,swire_(arknights),Honor and Splendor,excluded_no_qualifying_form_evidence,https://danbooru.donmai.us/posts/3770305,https://aceship.github.io/AN-EN-Tags/akhrchars.html?opname=Swire
post,3770313,candidate,nightingale_(an_elegy)_(arknights);nightingale_(arknights),,included_supporting_post,https://danbooru.donmai.us/posts/3770313,https://aceship.github.io/AN-EN-Tags/akhrchars.html?opname=Nightingale
post,3770322,candidate,perfumer_(arknights),Default,included_supporting_post,https://danbooru.donmai.us/posts/3770322,https://aceship.github.io/AN-EN-Tags/img/characters/char_181_flower_1.png
post,3770323,candidate,perfumer_(arknights),Elite II,excluded_no_qualifying_form_evidence,https://danbooru.donmai.us/posts/3770323,https://aceship.github.io/AN-EN-Tags/img/characters/char_181_flower_2.png
post,3770324,candidate,perfumer_(arknights);perfumer_(species_plantarum)_(arknights),Species Plantarum,included_supporting_post,https://danbooru.donmai.us/posts/3770324,https://aceship.github.io/AN-EN-Tags/img/characters/char_181_flower_daily%231.png
post,3770326,candidate,hibiscus_(arknights),Default,included_supporting_post,https://danbooru.donmai.us/posts/3770326,https://aceship.github.io/AN-EN-Tags/img/characters/char_120_hibisc_1.png
post,3770327,candidate,hibiscus_(arknights);hibiscus_(night_watcher)_(arknights),Night Watcher,included_supporting_post,https://danbooru.donmai.us/posts/3770327,https://aceship.github.io/AN-EN-Tags/img/characters/char_120_hibisc_nian%231.png
post,3770358,candidate,meteor_(arknights),Default,included_supporting_post,https://danbooru.donmai.us/posts/3770358,https://aceship.github.io/AN-EN-Tags/akhrchars.html?opname=Meteor
post,3770359,candidate,meteor_(arknights),Elite II,excluded_no_qualifying_form_evidence,https://danbooru.donmai.us/posts/3770359,https://aceship.github.io/AN-EN-Tags/img/characters/char_126_shotst_2.png
post,3770458,candidate,gravel_(arknights),Default,included_supporting_post,https://danbooru.donmai.us/posts/3770458,https://aceship.github.io/AN-EN-Tags/akhrchars.html?opname=Gravel
post,3770459,candidate,gravel_(arknights),Elite II,excluded_no_qualifying_form_evidence,https://danbooru.donmai.us/posts/3770459,https://aceship.github.io/AN-EN-Tags/akhrchars.html?opname=Gravel
post,3770474,candidate,rope_(arknights),Default,included_supporting_post,https://danbooru.donmai.us/posts/3770474,https://aceship.github.io/AN-EN-Tags/akhrchars.html?opname=Rope
post,3770478,candidate,rope_(arknights),Imp's House,included_supporting_post,https://danbooru.donmai.us/posts/3770478,https://aceship.github.io/AN-EN-Tags/img/characters/char_236_rope_witch%231.png
post,3770488,candidate,jessica_(arknights),Default,included_supporting_post,https://danbooru.donmai.us/posts/3770488,https://aceship.github.io/AN-EN-Tags/img/characters/char_235_jesica_1.png
post,3770489,candidate,jessica_(arknights),Elite II,excluded_no_qualifying_form_evidence,https://danbooru.donmai.us/posts/3770489,https://aceship.github.io/AN-EN-Tags/img/characters/char_235_jesica_2.png
post,3771802,candidate,mousse_(arknights),Default,included_supporting_post,https://danbooru.donmai.us/posts/3771802,https://aceship.github.io/AN-EN-Tags/akhrchars.html?opname=Mousse
post,3771808,candidate,mousse_(arknights),Elite II,excluded_no_qualifying_form_evidence,https://danbooru.donmai.us/posts/3771808,https://aceship.github.io/AN-EN-Tags/akhrchars.html?opname=Mousse
post,3794906,candidate,ifrit_(arknights),Sunburn,excluded_no_qualifying_form_evidence,https://danbooru.donmai.us/posts/3794906,https://aceship.github.io/AN-EN-Tags/akhrchars.html?opname=Ifrit
post,3794911,candidate,ch'en_(ageless_afterglow)_(arknights);ch'en_(arknights),,included_supporting_post,https://danbooru.donmai.us/posts/3794911,https://aceship.github.io/AN-EN-Tags/akhrchars.html?opname=Ch'en
post,3794963,candidate,croissant_(arknights),Default,included_supporting_post,https://danbooru.donmai.us/posts/3794963,https://aceship.github.io/AN-EN-Tags/img/characters/char_201_moeshd_1.png
post,3794968,candidate,croissant_(arknights),Elite II,excluded_no_qualifying_form_evidence,https://danbooru.donmai.us/posts/3794968,https://aceship.github.io/AN-EN-Tags/img/characters/char_201_moeshd_2.png
post,3794971,candidate,croissant_(arknights),Seven in the Morning,included_supporting_post,https://danbooru.donmai.us/posts/3794971,https://aceship.github.io/AN-EN-Tags/img/characters/char_201_moeshd_kfc%231.png
post,3796137,candidate,greythroat_(arknights),Default,included_supporting_post,https://danbooru.donmai.us/posts/3796137,https://aceship.github.io/AN-EN-Tags/akhrchars.html?opname=GreyThroat
post,3796785,candidate,cliffheart_(arknights);cliffheart_(lone_climber)_(arknights),Lone Climber,included_supporting_post,https://danbooru.donmai.us/posts/3796785,https://aceship.github.io/AN-EN-Tags/akhrchars.html?opname=Cliffheart
post,3797934,candidate,exusiai_(arknights),Wild Operation,included_supporting_post,https://danbooru.donmai.us/posts/3797934,https://aceship.github.io/AN-EN-Tags/akhrchars.html?opname=Exusiai
post,3797971,candidate,exusiai_(arknights),City Rider,included_supporting_post,https://danbooru.donmai.us/posts/3797971,https://aceship.github.io/AN-EN-Tags/akhrchars.html?opname=Exusiai
post,3798503,candidate,gitano_(arknights),Default,included_supporting_post,https://danbooru.donmai.us/posts/3798503,https://aceship.github.io/AN-EN-Tags/akhrchars.html?opname=Gitano
post,3798505,candidate,gitano_(arknights),Elite II,excluded_no_qualifying_form_evidence,https://danbooru.donmai.us/posts/3798505,https://aceship.github.io/AN-EN-Tags/akhrchars.html?opname=Gitano
post,3798508,candidate,gitano_(arknights);gitano_(unknown_journey)_(arknights),Unknown Journey,included_supporting_post,https://danbooru.donmai.us/posts/3798508,https://aceship.github.io/AN-EN-Tags/img/characters/char_109_fmout_epoque%232.png
post,3798696,candidate,ptilopsis_(arknights);ptilopsis_(serenity)_(arknights),Serenity,included_supporting_post,https://danbooru.donmai.us/posts/3798696,https://aceship.github.io/AN-EN-Tags/akhrchars.html?opname=Ptilopsis
post,3798698,candidate,amiya_(arknights),Summer,excluded_no_qualifying_form_evidence,https://danbooru.donmai.us/posts/3798698,https://aceship.github.io/AN-EN-Tags/akhrchars.html?opname=Amiya
post,3798699,candidate,ch'en_(arknights);ch'en_(summer)_(arknights),Summer,included_supporting_post,https://danbooru.donmai.us/posts/3798699,https://aceship.github.io/AN-EN-Tags/akhrchars.html?opname=Ch'en
post,3798807,candidate,leizi_(arknights),Default,included_supporting_post,https://danbooru.donmai.us/posts/3798807,https://aceship.github.io/AN-EN-Tags/akhrchars.html?opname=Leizi
post,3798808,candidate,leizi_(arknights),Elite II,excluded_no_qualifying_form_evidence,https://danbooru.donmai.us/posts/3798808,https://aceship.github.io/an-en-tags/akhrchars.html?opname=leizi
post,3798811,candidate,ceobe_(arknights),Default,included_supporting_post,https://danbooru.donmai.us/posts/3798811,https://aceship.github.io/AN-EN-Tags/akhrchars.html?opname=Ceobe
post,3798814,candidate,ceobe_(arknights),Elite II,excluded_no_qualifying_form_evidence,https://danbooru.donmai.us/posts/3798814,https://aceship.github.io/AN-EN-Tags/akhrchars.html?opname=Ceobe
post,3799559,candidate,texas_(arknights),Winter Messenger,included_supporting_post,https://danbooru.donmai.us/posts/3799559,https://aceship.github.io/AN-EN-Tags/akhrchars.html?opname=Texas
post,3799566,candidate,pramanix_(arknights);pramanix_(caster's_frost)_(arknights),Caster's Frost,included_supporting_post,https://danbooru.donmai.us/posts/3799566,https://aceship.github.io/AN-EN-Tags/akhrchars.html?opname=Pramanix
post,3808213,candidate,cliffheart_(arknights);cliffheart_(highlands_visitor)_(arknights),Highlands Visitor,included_supporting_post,https://danbooru.donmai.us/posts/3808213,https://aceship.github.io/AN-EN-Tags/akhrchars.html?opname=Cliffheart
post,3823322,candidate,jessica_(arknights);jessica_(clivia)_(arknights),Clivia,included_supporting_post,https://danbooru.donmai.us/posts/3823322,https://aceship.github.io/AN-EN-Tags/img/characters/char_235_jesica_nian%232.png
post,3824483,candidate,bagpipe_(arknights),Default,included_supporting_post,https://danbooru.donmai.us/posts/3824483,https://aceship.github.io/AN-EN-Tags/akhrchars.html?opname=Bagpipe
post,3824485,candidate,bagpipe_(arknights),Elite II,excluded_no_qualifying_form_evidence,https://danbooru.donmai.us/posts/3824485,https://aceship.github.io/AN-EN-Tags/akhrchars.html?opname=Bagpipe
post,3824505,candidate,utage_(arknights),Default,included_supporting_post,https://danbooru.donmai.us/posts/3824505,https://aceship.github.io/AN-EN-Tags/img/characters/char_337_utage_1.png
post,3824511,candidate,utage_(arknights),Elite II,excluded_no_qualifying_form_evidence,https://danbooru.donmai.us/posts/3824511,https://aceship.github.io/AN-EN-Tags/img/characters/char_337_utage_2.png
post,3824518,candidate,hoshiguma_(arknights);hoshiguma_(ronin_huntress)_(arknights),Ronin Huntress,included_supporting_post,https://danbooru.donmai.us/posts/3824518,https://aceship.github.io/AN-EN-Tags/akhrchars.html?opname=Hoshiguma
post,3824537,candidate,zima_(arknights),Ready to Go,excluded_no_qualifying_form_evidence,https://danbooru.donmai.us/posts/3824537,https://aceship.github.io/AN-EN-Tags/akhrchars.html?opname=Zima
post,3827781,candidate,ifrit_(arknights);ifrit_(children's_party)_(arknights),Children's Party,excluded_no_qualifying_form_evidence,https://danbooru.donmai.us/posts/3827781,https://aceship.github.io/AN-EN-Tags/akhrchars.html?opname=Ifrit
post,3827787,candidate,earthspirit_(arknights),Default,included_supporting_post,https://danbooru.donmai.us/posts/3827787,https://aceship.github.io/AN-EN-Tags/img/characters/char_183_skgoat_1.png
post,3827789,candidate,earthspirit_(arknights),Elite II,excluded_no_qualifying_form_evidence,https://danbooru.donmai.us/posts/3827789,https://aceship.github.io/AN-EN-Tags/img/characters/char_183_skgoat_2.png
post,3831401,candidate,sora_(arknights),Default,included_supporting_post,https://danbooru.donmai.us/posts/3831401,https://aceship.github.io/AN-EN-Tags/akhrchars.html?opname=Sora
post,3831405,candidate,sora_(arknights),Elite II,excluded_no_qualifying_form_evidence,https://danbooru.donmai.us/posts/3831405,https://aceship.github.io/AN-EN-Tags/akhrchars.html?opname=Sora
post,3831410,candidate,sora_(arknights),Summer Flowers,included_supporting_post,https://danbooru.donmai.us/posts/3831410,https://aceship.github.io/AN-EN-Tags/akhrchars.html?opname=Sora
post,3831962,candidate,closure_(arknights),NPC,excluded_no_qualifying_form_evidence,https://danbooru.donmai.us/posts/3831962,https://static.zerochan.net/Closure.full.2624681.png
post,3834069,candidate,feater_(arknights),Dojo Star,included_supporting_post,https://danbooru.donmai.us/posts/3834069,https://aceship.github.io/AN-EN-Tags/akhrchars.html?opname=FEater
post,3844932,candidate,astesia_(arknights),Default,included_supporting_post,https://danbooru.donmai.us/posts/3844932,https://aceship.github.io/AN-EN-Tags/img/characters/char_274_astesi_1.png
post,3844934,candidate,astesia_(arknights),Elite II,excluded_no_qualifying_form_evidence,https://danbooru.donmai.us/posts/3844934,https://aceship.github.io/AN-EN-Tags/img/characters/char_274_astesi_2.png
post,3847087,candidate,waai_fu_(arknights),Default,excluded_no_qualifying_form_evidence,https://danbooru.donmai.us/posts/3847087,https://www.gamespress.com/en-US/Arknights#?tab=screenshots-2
post,3847095,candidate,waai_fu_(arknights),Elite II,excluded_no_qualifying_form_evidence,https://danbooru.donmai.us/posts/3847095,https://www.gamespress.com/en-US/Arknights#?tab=screenshots-2
post,3847139,candidate,istina_(arknights),Default,included_supporting_post,https://danbooru.donmai.us/posts/3847139,https://aceship.github.io/AN-EN-Tags/akhrchars.html?opname=Istina
post,3847147,candidate,istina_(arknights),Elite II,excluded_no_qualifying_form_evidence,https://danbooru.donmai.us/posts/3847147,https://aceship.github.io/AN-EN-Tags/akhrchars.html?opname=Istina
post,3847154,candidate,silence_(arknights),Default,included_supporting_post,https://danbooru.donmai.us/posts/3847154,https://aceship.github.io/AN-EN-Tags/akhrchars.html?opname=Silence
post,3847170,candidate,deepcolor_(arknights),Default,included_supporting_post,https://danbooru.donmai.us/posts/3847170,https://aceship.github.io/AN-EN-Tags/akhrchars.html?opname=Deepcolor
post,3847173,candidate,deepcolor_(arknights),Elite II,excluded_no_qualifying_form_evidence,https://danbooru.donmai.us/posts/3847173,https://aceship.github.io/AN-EN-Tags/akhrchars.html?opname=Deepcolor
post,3847192,candidate,fang_(arknights),Default,excluded_no_qualifying_form_evidence,https://danbooru.donmai.us/posts/3847192,https://aceship.github.io/AN-EN-Tags/akhrchars.html?opname=Fang
post,3847195,candidate,fang_(arknights);fang_(cruciata)_(arknights),Cruciata,included_supporting_post,https://danbooru.donmai.us/posts/3847195,https://aceship.github.io/AN-EN-Tags/akhrchars.html?opname=Fang
post,3847206,candidate,snowsant_(arknights),Default,included_supporting_post,https://danbooru.donmai.us/posts/3847206,https://aceship.github.io/AN-EN-Tags/akhrchars.html?opname=Snowsant
post,3847210,candidate,snowsant_(arknights),Elite II,excluded_no_qualifying_form_evidence,https://danbooru.donmai.us/posts/3847210,https://aceship.github.io/AN-EN-Tags/akhrchars.html?opname=Snowsant
post,3847213,candidate,siege_(arknights),Legacy,included_supporting_post,https://danbooru.donmai.us/posts/3847213,https://aceship.github.io/AN-EN-Tags/akhrchars.html?opname=Siege
post,3847255,candidate,magallan_(arknights),Default,included_supporting_post,https://danbooru.donmai.us/posts/3847255,https://aceship.github.io/AN-EN-Tags/akhrchars.html?opname=Magallan
post,3847258,candidate,magallan_(arknights),Elite ii,excluded_no_qualifying_form_evidence,https://danbooru.donmai.us/posts/3847258,https://aceship.github.io/AN-EN-Tags/akhrchars.html?opname=Magallan
post,3850100,candidate,kroos_(arknights);kroos_(the_mag)_(arknights),The Mag,included_supporting_post,https://danbooru.donmai.us/posts/3850100,https://aceship.github.io/AN-EN-Tags/img/characters/char_124_kroos_witch%231.png
post,3851552,candidate,warfarin_(arknights);warfarin_(the_feast)_(arknights),The Feast,included_supporting_post,https://danbooru.donmai.us/posts/3851552,https://aceship.github.io/AN-EN-Tags/akhrchars.html?opname=Warfarin
post,3853481,candidate,kroos_(arknights),Default,included_supporting_post,https://danbooru.donmai.us/posts/3853481,https://aceship.github.io/AN-EN-Tags/img/characters/char_124_kroos_1.png
post,3865873,candidate,mon3tr_(arknights);mon3tr_(summon)_(arknights),Summon,excluded_no_qualifying_form_evidence,https://danbooru.donmai.us/posts/3865873,https://aceship.github.io/AN-EN-Tags/img/avg/character/npc_10002_1.png
post,3866509,candidate,vigna_(arknights),Default,included_supporting_post,https://danbooru.donmai.us/posts/3866509,https://aceship.github.io/AN-EN-Tags/img/characters/char_290_vigna_1.png
post,3866512,candidate,vigna_(arknights),Elite II,excluded_no_qualifying_form_evidence,https://danbooru.donmai.us/posts/3866512,https://aceship.github.io/AN-EN-Tags/img/characters/char_290_vigna_2.png
post,3866519,candidate,vigna_(arknights),Casual Vacation,excluded_no_qualifying_form_evidence,https://danbooru.donmai.us/posts/3866519,https://aceship.github.io/AN-EN-Tags/img/characters/char_290_vigna_summer%231.png
post,3873377,candidate,shamare_(arknights),Default,included_supporting_post,https://danbooru.donmai.us/posts/3873377,https://aceship.github.io/AN-EN-Tags/img/characters/char_254_vodfox_1.png
post,3873379,candidate,shamare_(arknights),Elite II,excluded_no_qualifying_form_evidence,https://danbooru.donmai.us/posts/3873379,https://aceship.github.io/AN-EN-Tags/img/characters/char_254_vodfox_2.png
post,3873387,candidate,sideroca_(arknights),Default,included_supporting_post,https://danbooru.donmai.us/posts/3873387,https://aceship.github.io/AN-EN-Tags/img/characters/char_333_sidero_1.png
post,3873389,candidate,sideroca_(arknights),Elite II,excluded_no_qualifying_form_evidence,https://danbooru.donmai.us/posts/3873389,https://aceship.github.io/AN-EN-Tags/img/characters/char_333_sidero_2.png
post,3873394,candidate,cutter_(arknights),Default,included_supporting_post,https://danbooru.donmai.us/posts/3873394,https://aceship.github.io/AN-EN-Tags/img/characters/char_301_cutter_1.png
post,3873397,candidate,cutter_(arknights),Elite II,excluded_no_qualifying_form_evidence,https://danbooru.donmai.us/posts/3873397,https://aceship.github.io/AN-EN-Tags/img/characters/char_301_cutter_2.png
post,3877031,candidate,amiya_(arknights);amiya_(newsgirl)_(arknights),Newsgirl,included_supporting_post,https://danbooru.donmai.us/posts/3877031,https://aceship.github.io/AN-EN-Tags/akhrchars.html?opname=Amiya
post,3884149,candidate,pramanix_(arknights),Default,included_supporting_post,https://danbooru.donmai.us/posts/3884149,https://aceship.github.io/AN-EN-Tags/akhrchars.html?opname=Pramanix
post,3884151,candidate,pramanix_(arknights),Elite II,excluded_no_qualifying_form_evidence,https://danbooru.donmai.us/posts/3884151,https://aceship.github.io/AN-EN-Tags/akhrchars.html?opname=Pramanix
post,3884155,candidate,specter_(arknights);specter_(undercurrent)_(arknights),Undercurrent,included_supporting_post,https://danbooru.donmai.us/posts/3884155,https://aceship.github.io/AN-EN-Tags/akhrchars.html?opname=Specter
post,3884170,candidate,vulcan_(arknights),Default,included_supporting_post,https://danbooru.donmai.us/posts/3884170,https://aceship.github.io/AN-EN-Tags/akhrchars.html?opname=Vulcan
post,3884172,candidate,vulcan_(arknights),Elite II,excluded_no_qualifying_form_evidence,https://danbooru.donmai.us/posts/3884172,https://aceship.github.io/AN-EN-Tags/akhrchars.html?opname=Vulcan
post,3887634,candidate,saria_(arknights);saria_(stronghold)_(arknights),Stronghold,included_supporting_post,https://danbooru.donmai.us/posts/3887634,https://aceship.github.io/AN-EN-Tags/img/characters/char_202_demkni_boc%231.png
post,3887635,candidate,angelina_(arknights);angelina_(distinguished_visitor)_(arknights),Distinguished Visitor,included_supporting_post,https://danbooru.donmai.us/posts/3887635,https://aceship.github.io/AN-EN-Tags/img/characters/char_291_aglina_boc%231.png
post,3887636,candidate,lappland_(arknights);lappland_(refined_horrormare)_(arknights),Refined Horrormare,included_supporting_post,https://danbooru.donmai.us/posts/3887636,https://aceship.github.io/AN-EN-Tags/img/characters/char_140_whitew_boc%231.png
post,3887637,candidate,w_(arknights),Default,included_supporting_post,https://danbooru.donmai.us/posts/3887637,https://aceship.github.io/AN-EN-Tags/img/characters/char_113_cqbw_1.png
post,3887640,candidate,w_(arknights),Elite II,excluded_no_qualifying_form_evidence,https://danbooru.donmai.us/posts/3887640,https://aceship.github.io/AN-EN-Tags/img/characters/char_113_cqbw_2.png
post,3887643,candidate,weedy_(arknights),Default,included_supporting_post,https://danbooru.donmai.us/posts/3887643,https://aceship.github.io/AN-EN-Tags/img/characters/char_400_weedy_1.png
post,3887647,candidate,weedy_(arknights),Elite II,excluded_no_qualifying_form_evidence,https://danbooru.donmai.us/posts/3887647,https://aceship.github.io/AN-EN-Tags/img/characters/char_400_weedy_2.png
post,3887843,candidate,amiya_(arknights);amiya_(fresh_fastener)_(arknights),Fresh Fastener,included_supporting_post,https://danbooru.donmai.us/posts/3887843,https://aceship.github.io/AN-EN-Tags/akhrchars.html?opname=Amiya
post,3905491,candidate,w_(arknights),Grand Ceremonial,excluded_no_qualifying_form_evidence,https://danbooru.donmai.us/posts/3905491,https://i.pximg.net/img-original/img/2020/05/12/21/07/40/81513986_p1.jpg
post,3936498,candidate,asbestos_(arknights),Default,included_supporting_post,https://danbooru.donmai.us/posts/3936498,https://aceship.github.io/AN-EN-Tags/img/characters/char_378_asbest_1.png
post,3936511,candidate,manticore_(arknights);manticore_(invisible_dirge)_(arknights),Invisible Dirge,included_supporting_post,https://danbooru.donmai.us/posts/3936511,https://aceship.github.io/AN-EN-Tags/img/characters/char_215_mantic_epoque%234.png
post,3949528,candidate,lin_(arknights),NPC,excluded_no_qualifying_form_evidence,https://danbooru.donmai.us/posts/3949528,https://aceship.github.io/AN-EN-Tags/img/avg/character/avg_npc_036.png
post,3960612,candidate,magallan_(arknights);magallan_(shaved-ice_memories)_(arknights),Shaved-Ice Memories,included_supporting_post,https://danbooru.donmai.us/posts/3960612,https://aceship.github.io/AN-EN-Tags/img/characters/char_248_mgllan_kitchen%231.png
post,3960617,candidate,istina_(arknights);istina_(bibliosmia)_(arknights),Bibliosmia,included_supporting_post,https://danbooru.donmai.us/posts/3960617,https://aceship.github.io/AN-EN-Tags/img/characters/char_195_glassb_kitchen%231.png
post,3979905,candidate,nightmare_(arknights),Light and Shadow,included_supporting_post,https://danbooru.donmai.us/posts/3979905,https://aceship.github.io/AN-EN-Tags/img/characters/char_164_nightm_epoque%235.png
post,3987739,candidate,greythroat_(arknights);greythroat_(homecoming)_(arknights),Homecoming,included_supporting_post,https://danbooru.donmai.us/posts/3987739,https://aceship.github.io/AN-EN-Tags/img/characters/char_367_swllow_boc%231.png
post,3991902,candidate,astesia_(arknights);astesia_(starseeker)_(arknights),Starseeker,included_supporting_post,https://danbooru.donmai.us/posts/3991902,https://aceship.github.io/AN-EN-Tags/img/characters/char_274_astesi_epoque%235.png
post,3991905,candidate,mostima_(arknights);mostima_(spellbreaker)_(arknights),Spellbreaker,included_supporting_post,https://danbooru.donmai.us/posts/3991905,https://aceship.github.io/AN-EN-Tags/img/characters/char_213_mostma_epoque%235.png
post,3991912,candidate,folinic_(arknights),Default,included_supporting_post,https://danbooru.donmai.us/posts/3991912,https://aceship.github.io/AN-EN-Tags/img/characters/char_345_folnic_1.png
post,3991913,candidate,folinic_(arknights),Elite II,excluded_no_qualifying_form_evidence,https://danbooru.donmai.us/posts/3991913,https://aceship.github.io/AN-EN-Tags/img/characters/char_345_folnic_2.png
post,3991922,candidate,suzuran_(arknights),Default,included_supporting_post,https://danbooru.donmai.us/posts/3991922,game rip
post,3991928,candidate,suzuran_(arknights),Elite II,excluded_no_qualifying_form_evidence,https://danbooru.donmai.us/posts/3991928,game rip
post,4013630,candidate,gavial_(arknights);gavial_(combat_medic)_(arknights),Combat Medic,included_supporting_post,https://danbooru.donmai.us/posts/4013630,https://aceship.github.io/AN-EN-Tags/img/characters/char_187_ccheal_epoque%232.png
post,4013635,candidate,glaucus_(arknights),Default,included_supporting_post,https://danbooru.donmai.us/posts/4013635,https://aceship.github.io/AN-EN-Tags/img/characters/char_326_glacus_1.png
post,4013639,candidate,glaucus_(arknights),Elite II,excluded_no_qualifying_form_evidence,https://danbooru.donmai.us/posts/4013639,https://aceship.github.io/AN-EN-Tags/img/characters/char_326_glacus_2.png
post,4013641,candidate,dur-nar_(arknights),Default,included_supporting_post,https://danbooru.donmai.us/posts/4013641,https://aceship.github.io/AN-EN-Tags/img/characters/char_260_durnar_1.png
post,4013644,candidate,dur-nar_(arknights),Elite II,excluded_no_qualifying_form_evidence,https://danbooru.donmai.us/posts/4013644,https://aceship.github.io/AN-EN-Tags/img/characters/char_260_durnar_2.png
post,4013659,candidate,click_(arknights),Default,included_supporting_post,https://danbooru.donmai.us/posts/4013659,https://aceship.github.io/AN-EN-Tags/img/characters/char_328_cammou_1.png
post,4013662,candidate,click_(arknights),Elite II,excluded_no_qualifying_form_evidence,https://danbooru.donmai.us/posts/4013662,https://aceship.github.io/AN-EN-Tags/img/characters/char_328_cammou_2.png
post,4013664,candidate,scavenger_(arknights),Default,included_supporting_post,https://danbooru.donmai.us/posts/4013664,https://aceship.github.io/AN-EN-Tags/img/characters/char_149_scave_1.png
post,4013666,candidate,scavenger_(arknights),Elite II,excluded_no_qualifying_form_evidence,https://danbooru.donmai.us/posts/4013666,https://aceship.github.io/AN-EN-Tags/img/characters/char_149_scave_2.png
post,4013671,candidate,sussurro_(arknights),Default,included_supporting_post,https://danbooru.donmai.us/posts/4013671,https://aceship.github.io/AN-EN-Tags/img/characters/char_298_susuro_1.png
post,4013674,candidate,sussurro_(arknights),Elite II,excluded_no_qualifying_form_evidence,https://danbooru.donmai.us/posts/4013674,https://aceship.github.io/AN-EN-Tags/img/characters/char_298_susuro_2.png
post,4021208,candidate,nearl_(arknights),Shimmering Dew,excluded_no_qualifying_form_evidence,https://danbooru.donmai.us/posts/4021208,https://aceship.github.io/AN-EN-Tags/img/characters/char_148_nearl_summer%232.png
post,4021209,candidate,rope_(arknights),Summer Flowers,excluded_no_qualifying_form_evidence,https://danbooru.donmai.us/posts/4021209,https://aceship.github.io/AN-EN-Tags/img/characters/char_236_rope_summer%232.png
post,4021210,candidate,beeswax_(arknights),Default,included_supporting_post,https://danbooru.donmai.us/posts/4021210,https://aceship.github.io/AN-EN-Tags/img/characters/char_344_beewax_1.png
post,4021213,candidate,beeswax_(arknights),Elite II,excluded_no_qualifying_form_evidence,https://danbooru.donmai.us/posts/4021213,https://aceship.github.io/AN-EN-Tags/img/characters/char_344_beewax_2.png
post,4021215,candidate,scene_(arknights),Default,included_supporting_post,https://danbooru.donmai.us/posts/4021215,https://aceship.github.io/AN-EN-Tags/img/characters/char_336_folivo_1.png
post,4044986,candidate,platinum_(arknights);platinum_(shimmering_dew)_(arknights),Shimmering Dew,included_supporting_post,https://danbooru.donmai.us/posts/4044986,https://aceship.github.io/AN-EN-Tags/img/characters/char_204_platnm_summer%233.png
post,4044987,candidate,skadi_(arknights);skadi_(waverider)_(arknights),Waverider,included_supporting_post,https://danbooru.donmai.us/posts/4044987,https://aceship.github.io/AN-EN-Tags/img/characters/char_263_skadi_summer%233.png
post,4067336,candidate,eunectes_(arknights),Default,included_supporting_post,https://danbooru.donmai.us/posts/4067336,https://aceship.github.io/AN-EN-Tags/img/characters/char_416_zumama_1.png
post,4067338,candidate,eunectes_(arknights),Elite II,excluded_no_qualifying_form_evidence,https://danbooru.donmai.us/posts/4067338,https://aceship.github.io/AN-EN-Tags/img/characters/char_416_zumama_2.png
post,4067339,candidate,flint_(arknights),Default,included_supporting_post,https://danbooru.donmai.us/posts/4067339,https://aceship.github.io/AN-EN-Tags/img/characters/char_415_flint_1.png
post,4067340,candidate,flint_(arknights),Elite II,excluded_no_qualifying_form_evidence,https://danbooru.donmai.us/posts/4067340,https://aceship.github.io/AN-EN-Tags/img/characters/char_415_flint_2.png
post,4067341,candidate,tomimi_(arknights),Default,included_supporting_post,https://danbooru.donmai.us/posts/4067341,https://aceship.github.io/AN-EN-Tags/img/characters/char_411_tomimi_1.png
post,4067343,candidate,tomimi_(arknights),Elite II,excluded_no_qualifying_form_evidence,https://danbooru.donmai.us/posts/4067343,https://aceship.github.io/AN-EN-Tags/img/characters/char_411_tomimi_2.png
post,4067346,candidate,aciddrop_(arknights),Default,included_supporting_post,https://danbooru.donmai.us/posts/4067346,https://aceship.github.io/AN-EN-Tags/img/characters/char_366_acdrop_1.png
post,4067347,candidate,aciddrop_(arknights),Elite II,excluded_no_qualifying_form_evidence,https://danbooru.donmai.us/posts/4067347,https://aceship.github.io/AN-EN-Tags/img/characters/char_366_acdrop_2.png
post,4067460,candidate,ceobe_(arknights);ceobe_(summer_flowers)_(arknights),Summer Flowers,included_supporting_post,https://danbooru.donmai.us/posts/4067460,https://aceship.github.io/AN-EN-Tags/img/characters/char_2013_cerber_summer%234.png
post,4067461,candidate,croissant_(arknights),Seeker,excluded_no_qualifying_form_evidence,https://danbooru.donmai.us/posts/4067461,https://aceship.github.io/AN-EN-Tags/img/characters/char_201_moeshd_summer%234.png
post,4067462,candidate,utage_(arknights);utage_(summer_flowers)_(arknights),Summer Flowers,included_supporting_post,https://danbooru.donmai.us/posts/4067462,https://aceship.github.io/AN-EN-Tags/img/characters/char_337_utage_summer%234.png
post,4071317,candidate,vermeil_(arknights),Default,excluded_no_qualifying_form_evidence,https://danbooru.donmai.us/posts/4071317,https://i.pximg.net/img-original/img/2020/08/27/14/23/22/83964645_p0.png
post,4117242,candidate,surtr_(arknights),Default,included_supporting_post,https://danbooru.donmai.us/posts/4117242,https://aceship.github.io/AN-EN-Tags/img/characters/char_350_surtr_1.png
post,4117243,candidate,surtr_(arknights),Elite II,excluded_no_qualifying_form_evidence,https://danbooru.donmai.us/posts/4117243,https://aceship.github.io/AN-EN-Tags/img/characters/char_350_surtr_2.png
post,4117249,candidate,mint_(arknights),Default,included_supporting_post,https://danbooru.donmai.us/posts/4117249,https://aceship.github.io/AN-EN-Tags/img/characters/char_388_mint_1.png
post,4117250,candidate,mint_(arknights),Elite II,excluded_no_qualifying_form_evidence,https://danbooru.donmai.us/posts/4117250,https://aceship.github.io/AN-EN-Tags/img/characters/char_388_mint_2.png
post,4117251,candidate,april_(arknights),Default,included_supporting_post,https://danbooru.donmai.us/posts/4117251,https://aceship.github.io/AN-EN-Tags/img/characters/char_365_aprl_1.png
post,4117309,candidate,april_(arknights);april_(faraway_gaze)_(arknights),Faraway Gaze,included_supporting_post,https://danbooru.donmai.us/posts/4117309,https://aceship.github.io/AN-EN-Tags/img/characters/char_365_aprl_wild%233.png
post,4117310,candidate,suzuran_(arknights);suzuran_(lostlands_flowering)_(arknights),Lostlands Flowering,included_supporting_post,https://danbooru.donmai.us/posts/4117310,game rip
post,4151336,candidate,whislash_(arknights),Default,included_supporting_post,https://danbooru.donmai.us/posts/4151336,https://aceship.github.io/AN-EN-Tags/img/characters/char_265_sophia_1.png
post,4151337,candidate,whislash_(arknights),Elite II,excluded_no_qualifying_form_evidence,https://danbooru.donmai.us/posts/4151337,https://aceship.github.io/AN-EN-Tags/img/characters/char_265_sophia_2.png
post,4151338,candidate,blemishine_(arknights),Default,included_supporting_post,https://danbooru.donmai.us/posts/4151338,https://aceship.github.io/AN-EN-Tags/img/characters/char_423_blemsh_1.png
post,4151340,candidate,blemishine_(arknights),Elite II,excluded_no_qualifying_form_evidence,https://danbooru.donmai.us/posts/4151340,https://aceship.github.io/AN-EN-Tags/img/characters/char_423_blemsh_2.png
post,4151350,candidate,mayer_(arknights);mayer_(visionblazer_in_the_courtyard)_(arknights),Visionblazer in the Courtyard,included_supporting_post,https://danbooru.donmai.us/posts/4151350,https://aceship.github.io/AN-EN-Tags/img/characters/char_242_otter_ghost%231.png
post,4151355,candidate,glaucus_(arknights);glaucus_(exterminator_in_the_square)_(arknights),Exterminator in the Square,included_supporting_post,https://danbooru.donmai.us/posts/4151355,https://aceship.github.io/AN-EN-Tags/img/characters/char_326_glacus_ghost%231.png
post,4155144,candidate,grani_(arknights),Miraculous Moment,included_supporting_post,https://danbooru.donmai.us/posts/4155144,https://aceship.github.io/AN-EN-Tags/img/characters/char_220_grani_epoque%236.png
post,4179709,candidate,rosmontis_(arknights),Default,included_supporting_post,https://danbooru.donmai.us/posts/4179709,https://aceship.github.io/AN-EN-Tags/img/characters/char_391_rosmon_1.png
post,4179710,candidate,rosmontis_(arknights),Elite II,excluded_no_qualifying_form_evidence,https://danbooru.donmai.us/posts/4179710,https://aceship.github.io/AN-EN-Tags/img/characters/char_391_rosmon_2.png
post,4179711,candidate,mudrock_(arknights),Default,included_supporting_post,https://danbooru.donmai.us/posts/4179711,https://aceship.github.io/AN-EN-Tags/img/characters/char_311_mudrok_1.png
post,4179712,candidate,mudrock_(arknights);mudrock_(elite_ii)_(arknights),Elite II,included_supporting_post,https://danbooru.donmai.us/posts/4179712,https://aceship.github.io/AN-EN-Tags/img/characters/char_311_mudrok_2.png
post,4179713,candidate,whisperain_(arknights),Default,included_supporting_post,https://danbooru.donmai.us/posts/4179713,https://aceship.github.io/AN-EN-Tags/img/characters/char_436_whispr_1.png
post,4179719,candidate,w_(arknights);w_(fugue)_(arknights),Fugue,excluded_no_qualifying_form_evidence,https://danbooru.donmai.us/posts/4179719,https://aceship.github.io/AN-EN-Tags/img/characters/char_113_cqbw_epoque%237.png
post,4179722,candidate,texas_(arknights),Willpower,excluded_no_qualifying_form_evidence,https://danbooru.donmai.us/posts/4179722,https://aceship.github.io/AN-EN-Tags/img/characters/char_102_texas_epoque%237.png
post,4179723,candidate,dobermann_(arknights);dobermann_(lieutenant)_(arknights),Lieutenant,included_supporting_post,https://danbooru.donmai.us/posts/4179723,https://aceship.github.io/AN-EN-Tags/img/characters/char_130_doberm_epoque%237.png
post,4180818,candidate,amiya_(arknights);amiya_(guard)_(arknights),Default,excluded_no_qualifying_form_evidence,https://danbooru.donmai.us/posts/4180818,https://aceship.github.io/AN-EN-Tags/img/avg/characters/avg_npc_087_2.png
post,4180819,candidate,talulah_(arknights),,included_supporting_post,https://danbooru.donmai.us/posts/4180819,https://aceship.github.io/AN-EN-Tags/img/avg/characters/char_011_talula_1.png
post,4180820,candidate,talulah_(arknights),[[Talulah the Fighter (Arknights)|]],excluded_no_qualifying_form_evidence,https://danbooru.donmai.us/posts/4180820,https://aceship.github.io/AN-EN-Tags/img/avg/characters/avg_npc_078_2.png
post,4180821,candidate,ch'en_(arknights),Driver outfit,excluded_no_qualifying_form_evidence,https://danbooru.donmai.us/posts/4180821,https://aceship.github.io/AN-EN-Tags/img/avg/characters/avg_npc_086.png
post,4187717,candidate,plume_(arknights),Default,included_supporting_post,https://danbooru.donmai.us/posts/4187717,https://aceship.github.io/AN-EN-Tags/img/characters/char_192_falco_1.png
post,4188035,candidate,amiya_(guard)_(arknights),Default,included_supporting_post,https://danbooru.donmai.us/posts/4188035,https://aceship.github.io/AN-EN-Tags/img/characters/char_1001_amiya2_2.png
post,4205667,candidate,bagpipe_(arknights);bagpipe_(queen_no._1)_(arknights),"Queen, No. 1",included_supporting_post,https://danbooru.donmai.us/posts/4205667,https://aceship.github.io/AN-EN-Tags/img/characters/char_222_bpipe_race%231.png
post,4253249,candidate,kafka_(arknights),Default,included_supporting_post,https://danbooru.donmai.us/posts/4253249,https://aceship.github.io/AN-EN-Tags/img/characters/char_214_kafka_1.png
post,4253251,candidate,kafka_(arknights),Elite II,excluded_no_qualifying_form_evidence,https://danbooru.donmai.us/posts/4253251,https://aceship.github.io/AN-EN-Tags/img/characters/char_214_kafka_2.png
post,4253253,candidate,robin_(arknights),Default,included_supporting_post,https://danbooru.donmai.us/posts/4253253,https://aceship.github.io/AN-EN-Tags/img/characters/char_451_robin_1.png
post,4253255,candidate,robin_(arknights),Elite II,excluded_no_qualifying_form_evidence,https://danbooru.donmai.us/posts/4253255,https://aceship.github.io/AN-EN-Tags/img/characters/char_451_robin_2.png
post,4253260,candidate,pinecone_(arknights),Default,included_supporting_post,https://danbooru.donmai.us/posts/4253260,https://aceship.github.io/AN-EN-Tags/img/characters/char_440_pinecn_1.png
post,4253262,candidate,pinecone_(arknights),Elite II,excluded_no_qualifying_form_evidence,https://danbooru.donmai.us/posts/4253262,https://aceship.github.io/AN-EN-Tags/img/characters/char_440_pinecn_2.png
post,4256496,candidate,weedy_(arknights);weedy_(candy_cape)_(arknights),Candy Cape,included_supporting_post,https://danbooru.donmai.us/posts/4256496,https://aceship.github.io/AN-EN-Tags/img/characters/char_400_weedy_snow%232.png
post,4256502,candidate,firewatch_(arknights);firewatch_(snowywatch)_(arknights),Snowywatch,included_supporting_post,https://danbooru.donmai.us/posts/4256502,https://aceship.github.io/AN-EN-Tags/img/characters/char_158_milu_snow%232.png
post,4287586,candidate,archetto_(arknights),Default,included_supporting_post,https://danbooru.donmai.us/posts/4287586,https://aceship.github.io/AN-EN-Tags/img/characters/char_332_archet_1.png
post,4287590,candidate,archetto_(arknights),Elite II,excluded_no_qualifying_form_evidence,https://danbooru.donmai.us/posts/4287590,https://aceship.github.io/AN-EN-Tags/img/characters/char_332_archet_2.png
post,4287604,candidate,beanstalk_(arknights),Default,included_supporting_post,https://danbooru.donmai.us/posts/4287604,https://aceship.github.io/AN-EN-Tags/img/characters/char_452_bstalk_1.png
post,4287605,candidate,beanstalk_(arknights),Elite II,excluded_no_qualifying_form_evidence,https://danbooru.donmai.us/posts/4287605,https://aceship.github.io/AN-EN-Tags/img/characters/char_452_bstalk_2.png
post,4288302,candidate,gravel_(arknights);gravel_(modeling_night)_(arknights),Modeling Night,included_supporting_post,https://danbooru.donmai.us/posts/4288302,https://aceship.github.io/AN-EN-Tags/img/characters/char_237_gravel_winter%232.png
post,4343231,candidate,nian_(arknights),Unfettered Freedom,included_supporting_post,https://danbooru.donmai.us/posts/4343231,https://aceship.github.io/AN-EN-Tags/img/characters/char_2014_nian_nian%234.png
post,4343233,candidate,dusk_(arknights),Default,included_supporting_post,https://danbooru.donmai.us/posts/4343233,https://aceship.github.io/AN-EN-Tags/img/characters/char_2015_dusk_1.png
post,4343234,candidate,dusk_(arknights),Elite II,excluded_no_qualifying_form_evidence,https://danbooru.donmai.us/posts/4343234,https://aceship.github.io/AN-EN-Tags/img/characters/char_2015_dusk_2.png
post,4343237,candidate,saga_(arknights),Default,included_supporting_post,https://danbooru.donmai.us/posts/4343237,https://aceship.github.io/AN-EN-Tags/img/characters/char_362_saga_1.png
post,4343238,candidate,saga_(arknights),Elite II,excluded_no_qualifying_form_evidence,https://danbooru.donmai.us/posts/4343238,https://aceship.github.io/AN-EN-Tags/img/characters/char_362_saga_2.png
post,4343245,candidate,lava_(arknights);lava_the_purgatory_(arknights),Default,excluded_no_qualifying_form_evidence,https://danbooru.donmai.us/posts/4343245,https://aceship.github.io/AN-EN-Tags/img/characters/char_1011_lava2_1.png
post,4343246,candidate,lava_(arknights);lava_the_purgatory_(arknights),Elite II,excluded_no_qualifying_form_evidence,https://danbooru.donmai.us/posts/4343246,https://aceship.github.io/AN-EN-Tags/img/characters/char_1011_lava2_2.png
post,4344079,candidate,kroos_(arknights);kroos_the_keen_glint_(arknights),Default,excluded_no_qualifying_form_evidence,https://danbooru.donmai.us/posts/4344079,https://twitter.com/arknights_info/status/1357609646702219265
post,4403936,candidate,schwarz_(arknights);schwarz_(skyline)_(arknights),Skyline,excluded_no_qualifying_form_evidence,https://danbooru.donmai.us/posts/4403936,https://aceship.github.io/AN-EN-Tags/img/characters/char_340_shwaz_striker%231.png
post,4403940,candidate,franka_(arknights),Originium Dust,excluded_no_qualifying_form_evidence,https://danbooru.donmai.us/posts/4403940,https://aceship.github.io/AN-EN-Tags/img/avg/characters/avg_npc_155_1.png
post,4403944,candidate,schwarz_(arknights),Skyline,included_supporting_post,https://danbooru.donmai.us/posts/4403944,https://aceship.github.io/AN-EN-Tags/img/avg/characters/avg_npc_166.png
post,4403957,candidate,liskarm_(arknights);liskarm_(overload)_(arknights),Overload,included_supporting_post,https://danbooru.donmai.us/posts/4403957,https://aceship.github.io/AN-EN-Tags/img/characters/char_107_liskam_striker%231.png
post,4405133,candidate,liskarm_(arknights),Npc,excluded_no_qualifying_form_evidence,https://danbooru.donmai.us/posts/4405133,https://aceship.github.io/AN-EN-Tags/img/avg/characters/avg_npc_156_1.png
post,4441871,candidate,amiya_(arknights);amiya_(seedsower)_(arknights),Seedsower,included_supporting_post,https://danbooru.donmai.us/posts/4441871,https://aceship.github.io/AN-EN-Tags/img/characters/char_002_amiya_test%231.png
post,4452300,candidate,provence_(arknights),Default,excluded_no_qualifying_form_evidence,https://danbooru.donmai.us/posts/4452300,https://i.pximg.net/img-original/img/2021/01/13/01/08/56/87015404_p0.png
post,4456737,candidate,angelina_(arknights),Ambience Synesthesia 2021,excluded_no_qualifying_form_evidence,https://danbooru.donmai.us/posts/4456737,https://twitter.com/kirisamemuko/status/1380169564072202250
post,4457975,candidate,ch'en_(arknights),Ambience Synesthesia 2021,excluded_no_qualifying_form_evidence,https://danbooru.donmai.us/posts/4457975,https://i.pximg.net/img-original/img/2021/04/08/12/21/23/89012235_p0.jpg
post,4464538,candidate,schwarz_(arknights),Ambience Synesthesia 2021,excluded_no_qualifying_form_evidence,https://danbooru.donmai.us/posts/4464538,https://twitter.com/112423a/status/1381878107339022337
post,4467552,candidate,heavyrain_(arknights),Default,included_supporting_post,https://danbooru.donmai.us/posts/4467552,https://aceship.github.io/AN-EN-Tags/img/characters/char_304_zebra_1.png
post,4467553,candidate,heavyrain_(arknights),Elite II,excluded_no_qualifying_form_evidence,https://danbooru.donmai.us/posts/4467553,https://aceship.github.io/AN-EN-Tags/img/characters/char_304_zebra_2.png
post,4477410,candidate,shining_(arknights),Ambience Synesthesia 2021,excluded_no_qualifying_form_evidence,https://danbooru.donmai.us/posts/4477410,https://i.pximg.net/img-original/img/2021/04/21/00/58/40/89287923_p0.jpg
post,4496863,candidate,skadi_(arknights);skadi_the_corrupting_heart_(arknights),Default,excluded_no_qualifying_form_evidence,https://danbooru.donmai.us/posts/4496863,https://aceship.github.io/AN-EN-Tags/img/characters/char_1012_skadi2_1.png
post,4496864,candidate,skadi_(arknights);skadi_the_corrupting_heart_(arknights),Elite II,excluded_no_qualifying_form_evidence,https://danbooru.donmai.us/posts/4496864,https://aceship.github.io/AN-EN-Tags/img/characters/char_1012_skadi2_2.png
post,4496870,candidate,kal'tsit_(arknights),Default,included_supporting_post,https://danbooru.donmai.us/posts/4496870,https://aceship.github.io/AN-EN-Tags/img/characters/char_003_kalts_1.png
post,4496875,candidate,kal'tsit_(arknights),Elite II,excluded_no_qualifying_form_evidence,https://danbooru.donmai.us/posts/4496875,https://aceship.github.io/AN-EN-Tags/img/characters/char_003_kalts_2.png
post,4496915,candidate,blaze_(arknights);blaze_(burst_feline)_(arknights),Burst Feline,included_supporting_post,https://danbooru.donmai.us/posts/4496915,https://aceship.github.io/AN-EN-Tags/img/characters/char_017_huang_as%231.png
post,4496918,candidate,eunectes_(arknights);eunectes_(forgemaster)_(arknights),Forgemaster,included_supporting_post,https://danbooru.donmai.us/posts/4496918,https://aceship.github.io/AN-EN-Tags/img/characters/char_416_zumama_boc%233.png
post,4496962,candidate,whisperain_(arknights);whisperain_(tremble_cold)_(arknights),Tremble Cold,included_supporting_post,https://danbooru.donmai.us/posts/4496962,https://aceship.github.io/AN-EN-Tags/img/characters/char_436_whispr_nian%234.png
post,4556348,candidate,blue_poison_(arknights);blue_poison_(shoal_beat)_(arknights),Shoal Beat,included_supporting_post,https://danbooru.donmai.us/posts/4556348,https://aceship.github.io/AN-EN-Tags/img/characters/char_129_bluep_marthe%233.png
post,4556350,candidate,surtr_(arknights);surtr_(liberte_echec)_(arknights),Liberté//Échec,included_supporting_post,https://danbooru.donmai.us/posts/4556350,https://aceship.github.io/AN-EN-Tags/img/characters/char_350_surtr_it%231.png
post,4556354,candidate,zima_(arknights),Ursus,excluded_no_qualifying_form_evidence,https://danbooru.donmai.us/posts/4556354,https://aceship.github.io/AN-EN-Tags/img/characters/char_115_headbr_it%231.png
post,4556356,candidate,carnelian_(arknights),Default,included_supporting_post,https://danbooru.donmai.us/posts/4556356,https://aceship.github.io/AN-EN-Tags/img/characters/char_426_billro_1.png
post,4556359,candidate,carnelian_(arknights),Elite II,excluded_no_qualifying_form_evidence,https://danbooru.donmai.us/posts/4556359,https://aceship.github.io/AN-EN-Tags/img/characters/char_426_billro_2.png
post,4556363,candidate,kirara_(arknights),Default,included_supporting_post,https://danbooru.donmai.us/posts/4556363,https://aceship.github.io/AN-EN-Tags/img/characters/char_478_kirara_1.png
post,4556380,candidate,indigo_(arknights),Default,included_supporting_post,https://danbooru.donmai.us/posts/4556380,https://aceship.github.io/AN-EN-Tags/img/characters/char_469_indigo_1.png
post,4556381,candidate,indigo_(arknights),Elite II,excluded_no_qualifying_form_evidence,https://danbooru.donmai.us/posts/4556381,https://aceship.github.io/AN-EN-Tags/img/characters/char_469_indigo_2.png
post,4563912,candidate,saga_(arknights),Default (non-combat sprite),excluded_no_qualifying_form_evidence,https://danbooru.donmai.us/posts/4563912,https://raw.githubusercontent.com/Aceship/AN-EN-Tags/master/img/avg/characters/char_362_Saga%231.png
post,4580625,candidate,flametail_(arknights),Default,included_supporting_post,https://danbooru.donmai.us/posts/4580625,https://aceship.github.io/AN-EN-Tags/img/avg/characters/avg_npc_122.png
post,4580629,candidate,ashlock_(arknights),Default,included_supporting_post,https://danbooru.donmai.us/posts/4580629,https://aceship.github.io/AN-EN-Tags/img/avg/characters/avg_npc_123.png
post,4601210,candidate,suzuran_(arknights),Let's Carnival!,excluded_no_qualifying_form_evidence,https://danbooru.donmai.us/posts/4601210,https://twitter.com/rire8023/status/1408026466546184193
post,4601220,candidate,magallan_(arknights),Let's Carnival!,excluded_no_qualifying_form_evidence,https://danbooru.donmai.us/posts/4601220,https://twitter.com/rire8023/status/1408026466546184193
post,4615486,candidate,pallas_(arknights),Default,included_supporting_post,https://danbooru.donmai.us/posts/4615486,https://aceship.github.io/AN-EN-Tags/img/characters/char_485_pallas_1.png
post,4615489,candidate,pallas_(arknights),Elite II,excluded_no_qualifying_form_evidence,https://danbooru.donmai.us/posts/4615489,https://aceship.github.io/AN-EN-Tags/img/characters/char_485_pallas_2.png
post,4615496,candidate,beeswax_(arknights);beeswax_(weisser_sand)_(arknights),Weißer Sand,included_supporting_post,https://danbooru.donmai.us/posts/4615496,https://aceship.github.io/AN-EN-Tags/img/characters/char_344_beewax_epoque%239.png
post,4615504,candidate,perfumer_(arknights);perfumer_(leisurely_afternoon)_(arknights),Leisurely Afternoon,included_supporting_post,https://danbooru.donmai.us/posts/4615504,https://aceship.github.io/AN-EN-Tags/img/characters/char_181_flower_epoque%239.png
post,4615507,candidate,podenco_(arknights);podenco_(wake_up_from_a_nap)_(arknights),Wake Up from a Nap,included_supporting_post,https://danbooru.donmai.us/posts/4615507,https://aceship.github.io/AN-EN-Tags/img/characters/char_258_podego_epoque%239.png
post,4619551,candidate,folinic_(arknights);folinic_(lasting_arrowroot)_(arknights),Lasting Arrowroot,included_supporting_post,https://danbooru.donmai.us/posts/4619551,https://aceship.github.io/AN-EN-Tags/img/characters/char_345_folnic_wild%234.png
post,4679377,candidate,ch'en_(arknights);ch'en_the_holungday_(arknights),Default,excluded_no_qualifying_form_evidence,https://danbooru.donmai.us/posts/4679377,https://aceship.github.io/AN-EN-Tags/img/characters/char_1013_chen2_1.png
post,4679392,candidate,la_pluma_(arknights),Default,included_supporting_post,https://danbooru.donmai.us/posts/4679392,https://aceship.github.io/AN-EN-Tags/img/characters/char_421_crow_1.png
post,4679398,candidate,la_pluma_(arknights),Elite II,excluded_no_qualifying_form_evidence,https://danbooru.donmai.us/posts/4679398,https://aceship.github.io/AN-EN-Tags/img/characters/char_421_crow_2.png
post,4679495,candidate,mudrock_(arknights);mudrock_(silent_night)_(arknights),Silent Night,included_supporting_post,https://danbooru.donmai.us/posts/4679495,https://aceship.github.io/AN-EN-Tags/img/characters/char_311_mudrok_summer%236.png
post,4679503,candidate,projekt_red_(arknights);projekt_red_(light_breeze)_(arknights),Light Breeze,included_supporting_post,https://danbooru.donmai.us/posts/4679503,https://aceship.github.io/AN-EN-Tags/img/characters/char_144_red_summer%236.png
post,4679509,candidate,sideroca_(light_breeze)_(arknights),,excluded_no_qualifying_form_evidence,https://danbooru.donmai.us/posts/4679509,https://aceship.github.io/AN-EN-Tags/img/characters/char_333_sidero_summer%236.png
post,4679514,candidate,sussurro_(summer_flower)_(arknights),,excluded_no_qualifying_form_evidence,https://danbooru.donmai.us/posts/4679514,https://aceship.github.io/AN-EN-Tags/img/characters/char_298_susuro_summer%236.png
post,4679517,candidate,eyjafjalla_(arknights);eyjafjalla_(summer_flower)_(arknights),Summer Flower,included_supporting_post,https://danbooru.donmai.us/posts/4679517,https://aceship.github.io/AN-EN-Tags/img/characters/char_180_amgoat_summer%235.png
post,4679565,candidate,angelina_(arknights);angelina_(summer_flower)_(arknights),Summer Flower,included_supporting_post,https://danbooru.donmai.us/posts/4679565,https://aceship.github.io/AN-EN-Tags/img/characters/char_291_aglina_summer%235.png
post,4679595,candidate,sussurro_(arknights);sussurro_(summer_flower)_(arknights),Summer Flower,included_supporting_post,https://danbooru.donmai.us/posts/4679595,Arknights
post,4679598,candidate,swire_(arknights);swire_(summer)_(arknights),Summer,included_supporting_post,https://danbooru.donmai.us/posts/4679598,Arknights
post,4679599,candidate,lin_(arknights);lin_(summer)_(arknights),Summer,included_supporting_post,https://danbooru.donmai.us/posts/4679599,Arknights
post,4685190,candidate,silence_(arknights),Ambience Synesthesia 2021,excluded_no_qualifying_form_evidence,https://danbooru.donmai.us/posts/4685190,https://i.pximg.net/img-original/img/2021/04/25/01/32/31/89371105_p18.png
post,4689417,candidate,ch'en_(arknights);ch'en_the_holungday_(arknights),Elite II,excluded_no_qualifying_form_evidence,https://danbooru.donmai.us/posts/4689417,https://aceship.github.io/AN-EN-Tags/img/characters/char_1013_chen2_2.png
post,4703920,candidate,sussurro_(arknights),Microwound Treatment,excluded_no_qualifying_form_evidence,https://danbooru.donmai.us/posts/4703920,https://twitter.com/mrtpkids/status/1426544834790055945
post,4751354,candidate,bagpipe_(arknights),Ambience Synesthesia 2021,excluded_no_qualifying_form_evidence,https://danbooru.donmai.us/posts/4751354,https://i.pximg.net/img-original/img/2021/09/04/18/14/56/92501100_p0.jpg
post,4782495,candidate,saileach_(arknights),Default,included_supporting_post,https://danbooru.donmai.us/posts/4782495,https://aceship.github.io/AN-EN-Tags/img/characters/char_479_sleach_1.png
post,4782499,candidate,saileach_(arknights),Elite II,excluded_no_qualifying_form_evidence,https://danbooru.donmai.us/posts/4782499,https://aceship.github.io/AN-EN-Tags/img/characters/char_479_sleach_2.png
post,4782505,candidate,mulberry_(arknights),Default,included_supporting_post,https://danbooru.donmai.us/posts/4782505,https://aceship.github.io/AN-EN-Tags/img/characters/char_473_mberry_1.png
post,4782510,candidate,roberta_(arknights),Default,included_supporting_post,https://danbooru.donmai.us/posts/4782510,https://aceship.github.io/AN-EN-Tags/img/characters/char_484_robrta_1.png
post,4782819,candidate,warfarin_(arknights),Casual Vacation,excluded_no_qualifying_form_evidence,https://danbooru.donmai.us/posts/4782819,https://aceship.github.io/AN-EN-Tags/img/characters/char_171_bldsk_summer%237.png
post,4782823,candidate,pinecone_(arknights);pinecone_(sing_a_song)_(arknights),Sing a Song,included_supporting_post,https://danbooru.donmai.us/posts/4782823,https://aceship.github.io/AN-EN-Tags/img/characters/char_440_pinecn_shining%231.png
post,4782828,candidate,archetto_(arknights);archetto_(publicity_strategy)_(arknights),Publicity Strategy,included_supporting_post,https://danbooru.donmai.us/posts/4782828,https://aceship.github.io/AN-EN-Tags/img/characters/char_332_archet_shining%231.png
post,4782830,candidate,astesia_(arknights);astesia_(frlibe_on_the_palace)_(arknights),Frlibe on the Palace,included_supporting_post,https://danbooru.donmai.us/posts/4782830,https://aceship.github.io/AN-EN-Tags/img/characters/char_274_astesi_shining%231.png
post,4815980,candidate,meteor_(arknights);meteor_(bard's_holiday)_(arknights),Bard's Holiday,included_supporting_post,https://danbooru.donmai.us/posts/4815980,https://aceship.github.io/AN-EN-Tags/img/characters/char_126_shotst_epoque%2310.png
post,4815982,candidate,whislash_(arknights);whislash_(glory_purple)_(arknights),Glory Purple,included_supporting_post,https://danbooru.donmai.us/posts/4815982,https://aceship.github.io/AN-EN-Tags/img/characters/char_265_sophia_epoque%2311.png
post,4846061,candidate,fartooth_(arknights),Default,included_supporting_post,https://danbooru.donmai.us/posts/4846061,https://aceship.github.io/AN-EN-Tags/img/characters/char_430_fartth_1.png
post,4846063,candidate,fartooth_(arknights),Elite II,excluded_no_qualifying_form_evidence,https://danbooru.donmai.us/posts/4846063,https://aceship.github.io/AN-EN-Tags/img/characters/char_430_fartth_2.png
post,4855358,candidate,shaw_(arknights),Ambience Synesthesia 2021,excluded_no_qualifying_form_evidence,https://danbooru.donmai.us/posts/4855358,https://www.weibo.com/5859581805/Kailxung7
post,4859911,candidate,irene_(arknights),NPC,excluded_no_qualifying_form_evidence,https://danbooru.donmai.us/posts/4859911,https://aceship.github.io/AN-EN-Tags/img/avg/characters/avg_npc_182_1.png
post,4863034,candidate,kal'tsit_(arknights),Advisor,excluded_no_qualifying_form_evidence,https://danbooru.donmai.us/posts/4863034,https://aceship.github.io/AN-EN-Tags/img/avg/characters/char_003_kaltsn07_1.png
post,4863037,candidate,kal'tsit_(arknights);kal'tsit_(formal)_(arknights),Formal,included_supporting_post,https://danbooru.donmai.us/posts/4863037,https://aceship.github.io/AN-EN-Tags/img/avg/characters/char_003_kaltsn08_1.png
post,4863046,candidate,kal'tsit_(arknights),Maid,excluded_no_qualifying_form_evidence,https://danbooru.donmai.us/posts/4863046,https://aceship.github.io/AN-EN-Tags/img/avg/characters/char_003_kaltsn09_1.png
post,4882933,candidate,nearl_(arknights);nearl_the_radiant_knight_(arknights),Default,excluded_no_qualifying_form_evidence,https://danbooru.donmai.us/posts/4882933,https://aceship.github.io/AN-EN-Tags/img/characters/char_1014_nearl2_1.png
post,4882934,candidate,nearl_(arknights);nearl_the_radiant_knight_(arknights),Elite II,excluded_no_qualifying_form_evidence,https://danbooru.donmai.us/posts/4882934,https://aceship.github.io/AN-EN-Tags/img/characters/char_1014_nearl2_2.png
post,4882946,candidate,flametail_(arknights),Elite II,excluded_no_qualifying_form_evidence,https://danbooru.donmai.us/posts/4882946,https://aceship.github.io/AN-EN-Tags/img/characters/char_420_flamtl_2.png
post,4884306,candidate,pallas_(arknights);pallas_(heritage)_(arknights),Heritage,included_supporting_post,https://danbooru.donmai.us/posts/4884306,https://aceship.github.io/AN-EN-Tags/img/characters/char_485_pallas_epoque%2312.png
post,4892651,candidate,blemishine_(arknights);blemishine_(moon_catastrborn)_(arknights),Moon Catastrborn,excluded_no_qualifying_form_evidence,https://danbooru.donmai.us/posts/4892651,https://aceship.github.io/AN-EN-Tags/img/characters/char_423_blemsh_witch%232.png
post,4892657,candidate,shamare_(arknights);shamare_(echo_of_the_horrorlair)_(arknights),Echo of the Horrorlair,included_supporting_post,https://danbooru.donmai.us/posts/4892657,https://aceship.github.io/AN-EN-Tags/img/characters/char_254_vodfox_witch%232.png
post,4892666,candidate,click_(arknights);click_(grave_thief)_(arknights),Grave Thief,included_supporting_post,https://danbooru.donmai.us/posts/4892666,https://aceship.github.io/AN-EN-Tags/img/characters/char_328_cammou_witch%232.png
post,4902165,candidate,blaze_(arknights),Hoodie,excluded_no_qualifying_form_evidence,https://danbooru.donmai.us/posts/4902165,https://twitter.com/shisantian/status/1458022144101683204
post,4902166,candidate,ceobe_(arknights),Onesie,excluded_no_qualifying_form_evidence,https://danbooru.donmai.us/posts/4902166,https://twitter.com/shisantian/status/1458022144101683204
post,4993848,candidate,aurora_(arknights),Default,included_supporting_post,https://danbooru.donmai.us/posts/4993848,https://aceship.github.io/AN-EN-Tags/img/characters/char_422_aurora_1.png
post,4993849,candidate,aurora_(arknights),Elite II,excluded_no_qualifying_form_evidence,https://danbooru.donmai.us/posts/4993849,https://aceship.github.io/AN-EN-Tags/img/characters/char_422_aurora_2.png
post,4993854,candidate,kjera_(arknights),Default,included_supporting_post,https://danbooru.donmai.us/posts/4993854,https://aceship.github.io/AN-EN-Tags/img/characters/char_4013_kjera_1.png
post,4993858,candidate,kjera_(arknights),Elite II,excluded_no_qualifying_form_evidence,https://danbooru.donmai.us/posts/4993858,https://aceship.github.io/AN-EN-Tags/img/characters/char_4013_kjera_2.png
post,4994523,candidate,degenbrecher_(arknights),Default,included_supporting_post,https://danbooru.donmai.us/posts/4994523,https://aceship.github.io/AN-EN-Tags/img/avg/characters/avg_npc_257_1%231$1.png
post,5082167,candidate,feater_(arknights),Gourmet,included_supporting_post,https://danbooru.donmai.us/posts/5082167,https://aceship.github.io/AN-EN-Tags/img/characters/char_241_panda_nian%237.png
post,5090079,candidate,ling_(arknights),Default,included_supporting_post,https://danbooru.donmai.us/posts/5090079,https://aceship.github.io/AN-EN-Tags/img/characters/char_2023_ling_1.png
post,5090086,candidate,ling_(arknights),Elite II,excluded_no_qualifying_form_evidence,https://danbooru.donmai.us/posts/5090086,https://aceship.github.io/AN-EN-Tags/img/characters/char_2023_ling_2.png
post,5129881,candidate,feater_(arknights),Ambience Synesthesia 2021,excluded_no_qualifying_form_evidence,https://danbooru.donmai.us/posts/5129881,https://i.pximg.net/img-original/img/2022/02/15/00/51/07/96263453_p0.png
post,5131960,candidate,quercus_(arknights),Default,included_supporting_post,https://danbooru.donmai.us/posts/5131960,https://aceship.github.io/AN-EN-Tags/img/characters/char_492_quercu_1.png
post,5131963,candidate,quercus_(arknights),Elite II,excluded_no_qualifying_form_evidence,https://danbooru.donmai.us/posts/5131963,https://aceship.github.io/AN-EN-Tags/img/characters/char_492_quercu_2.png
post,5132029,candidate,mandragora_(arknights),,included_supporting_post,https://danbooru.donmai.us/posts/5132029,https://aceship.github.io/AN-EN-Tags/img/avg/characters/avg_npc_233_1%231.png
post,5133345,candidate,lava_(arknights);lava_the_purgatory_(arknights);lava_the_purgatory_(dusk_wisteria)_(arknights),Dusk Wisteria,excluded_no_qualifying_form_evidence,https://danbooru.donmai.us/posts/5133345,https://i.pximg.net/img-original/img/2022/02/13/23/44/59/96225089_p11.jpg
post,5134022,candidate,ceobe_(arknights);ceobe_(unfettered)_(arknights),Unfettered,included_supporting_post,https://danbooru.donmai.us/posts/5134022,https://aceship.github.io/AN-EN-Tags/img/characters/char_2013_cerber_whirlwind%232.png
post,5140863,candidate,provence_(arknights);provence_(wasteland_walker)_(arknights),Wasteland Walker,excluded_no_qualifying_form_evidence,https://danbooru.donmai.us/posts/5140863,https://i.pximg.net/img-original/img/2022/02/19/15/19/28/96363458_p0.jpg
post,5196699,candidate,fiammetta_(arknights),Default,included_supporting_post,https://danbooru.donmai.us/posts/5196699,https://aceship.github.io/AN-EN-Tags/img/characters/char_300_phenxi_1.png
post,5196703,candidate,fiammetta_(arknights),Elite II,excluded_no_qualifying_form_evidence,https://danbooru.donmai.us/posts/5196703,https://aceship.github.io/AN-EN-Tags/img/characters/char_300_phenxi_2.png
post,5196761,candidate,kazemaru_(arknights),Default,included_supporting_post,https://danbooru.donmai.us/posts/5196761,https://aceship.github.io/AN-EN-Tags/img/characters/char_4016_kazema_1.png
post,5197149,candidate,mulberry_(arknights),Plant Crude Drug,excluded_no_qualifying_form_evidence,https://danbooru.donmai.us/posts/5197149,https://miermere.lofter.com/post/4d02bec5_2b4e857c3
post,5211136,candidate,saileach_(arknights),Appreciate Fragrance,included_supporting_post,https://danbooru.donmai.us/posts/5211136,https://aceship.github.io/AN-EN-Tags/img/characters/char_479_sleach_epoque%2314.png
post,5270201,candidate,horn_(arknights),Default,included_supporting_post,https://danbooru.donmai.us/posts/5270201,https://aceship.github.io/AN-EN-Tags/img/characters/char_4039_horn_1.png
post,5270213,candidate,heidi_(arknights),Default,included_supporting_post,https://danbooru.donmai.us/posts/5270213,https://aceship.github.io/AN-EN-Tags/img/characters/char_4045_heidi_1.png
post,5270218,candidate,heidi_(arknights),Elite II,excluded_no_qualifying_form_evidence,https://danbooru.donmai.us/posts/5270218,https://aceship.github.io/AN-EN-Tags/img/characters/char_4045_heidi_2.png
post,5270247,candidate,heidi_(arknights),Act II,excluded_no_qualifying_form_evidence,https://danbooru.donmai.us/posts/5270247,https://aceship.github.io/AN-EN-Tags/img/avg/characters/avg_npc_400_1%231$1.png
post,5270249,candidate,dagda_(arknights),Pre-release,excluded_no_qualifying_form_evidence,https://danbooru.donmai.us/posts/5270249,https://aceship.github.io/AN-EN-Tags/img/avg/characters/avg_npc_396_1%231$1.png
post,5270251,candidate,siege_(arknights);siege_(city_destroyer)_(arknights),City Destroyer,excluded_no_qualifying_form_evidence,https://danbooru.donmai.us/posts/5270251,https://aceship.github.io/AN-EN-Tags/img/characters/char_112_siege_striker%232.png
post,5270256,candidate,indra_(arknights),Valiant General,included_supporting_post,https://danbooru.donmai.us/posts/5270256,https://aceship.github.io/AN-EN-Tags/img/characters/char_155_tiger_striker%232.png
post,5270258,candidate,scavenger_(arknights);scavenger_(survive)_(arknights),Survive,included_supporting_post,https://danbooru.donmai.us/posts/5270258,https://aceship.github.io/AN-EN-Tags/img/characters/char_149_scave_striker%232.png
post,5270261,candidate,closure_(arknights),Act II,excluded_no_qualifying_form_evidence,https://danbooru.donmai.us/posts/5270261,https://aceship.github.io/AN-EN-Tags/img/avg/characters/avg_npc_411_1%231$1.png
post,5270268,candidate,w_(act_ii)_(arknights);w_(arknights),,included_supporting_post,https://danbooru.donmai.us/posts/5270268,https://aceship.github.io/AN-EN-Tags/img/avg/characters/avg_npc_412_1%231$1.png
post,5270272,candidate,amiya_(arknights),Act II,excluded_no_qualifying_form_evidence,https://danbooru.donmai.us/posts/5270272,https://aceship.github.io/AN-EN-Tags/img/avg/characters/avg_npc_394_1%231$1.png
post,5304915,candidate,kal'tsit_(arknights),[[Xiong Xiaobai|]],excluded_no_qualifying_form_evidence,https://danbooru.donmai.us/posts/5304915,https://moling621.lofter.com/post/201dc79a_2b5482540
post,5316428,candidate,irene_(arknights),Default,included_supporting_post,https://danbooru.donmai.us/posts/5316428,https://aceship.github.io/AN-EN-Tags/img/characters/char_4009_irene_1.png
post,5316435,candidate,irene_(arknights),Elite II,excluded_no_qualifying_form_evidence,https://danbooru.donmai.us/posts/5316435,https://aceship.github.io/AN-EN-Tags/img/characters/char_4009_irene_2.png
post,5316448,candidate,specter_(arknights);specter_the_unchained_(arknights),Default,excluded_no_qualifying_form_evidence,https://danbooru.donmai.us/posts/5316448,https://aceship.github.io/AN-EN-Tags/img/characters/char_1023_ghost2_1.png
post,5316450,candidate,specter_(arknights);specter_the_unchained_(arknights),Elite II,excluded_no_qualifying_form_evidence,https://danbooru.donmai.us/posts/5316450,https://aceship.github.io/AN-EN-Tags/img/characters/char_1023_ghost2_2.png
post,5408441,candidate,ch'en_(arknights),[[Xiong Xiaobai]],excluded_no_qualifying_form_evidence,https://danbooru.donmai.us/posts/5408441,https://twitter.com/Rinne0611/status/1533389495886049280
post,5419408,candidate,hibiscus_(arknights);hibiscus_the_purifier_(arknights),Default,excluded_no_qualifying_form_evidence,https://danbooru.donmai.us/posts/5419408,https://aceship.github.io/AN-EN-Tags/img/characters/char_1024_hbisc2_1.png
post,5419410,candidate,hibiscus_(arknights);hibiscus_the_purifier_(arknights),Elite II,excluded_no_qualifying_form_evidence,https://danbooru.donmai.us/posts/5419410,https://aceship.github.io/AN-EN-Tags/img/characters/char_1024_hbisc2_2.png
post,5438889,candidate,reed_(arknights);reed_(emerald_holiday)_(arknights),Emerald Holiday,included_supporting_post,https://danbooru.donmai.us/posts/5438889,https://aceship.github.io/AN-EN-Tags/img/characters/char_261_sddrag_ambienceSynesthesia%232.png
post,5438893,candidate,mudrock_(arknights);mudrock_(obsidian)_(arknights),Obsidian,included_supporting_post,https://danbooru.donmai.us/posts/5438893,https://aceship.github.io/AN-EN-Tags/img/characters/char_311_mudrok_ambienceSynesthesia%232.png
post,5438900,candidate,flametail_(arknights);flametail_(sport_for_all)_(arknights),Sport for All,excluded_no_qualifying_form_evidence,https://danbooru.donmai.us/posts/5438900,https://aceship.github.io/AN-EN-Tags/img/characters/char_420_flamtl_game%232.png
post,5438905,candidate,kirara_(arknights);kirara_(trendsetting_player)_(arknights),Trendsetting Player,included_supporting_post,https://danbooru.donmai.us/posts/5438905,https://aceship.github.io/AN-EN-Tags/img/characters/char_478_kirara_game%232.png
post,5438922,candidate,skadi_(arknights);skadi_the_corrupting_heart_(arknights);skadi_the_corrupting_heart_(sublimation)_(arknights),Sublimation,excluded_no_qualifying_form_evidence,https://danbooru.donmai.us/posts/5438922,https://aceship.github.io/AN-EN-Tags/img/characters/char_1012_skadi2_boc%234.png
post,5438928,candidate,aurora_(arknights);aurora_(polar_catcher)_(arknights),Polar Catcher,included_supporting_post,https://danbooru.donmai.us/posts/5438928,https://aceship.github.io/AN-EN-Tags/img/characters/char_422_aurora_boc%234.png
post,5438942,candidate,gladiia_(return)_(arknights),,included_supporting_post,https://danbooru.donmai.us/posts/5438942,https://aceship.github.io/AN-EN-Tags/img/characters/char_474_glady_boc%235.png
post,5449781,candidate,w_(arknights),2nd Anniversary,excluded_no_qualifying_form_evidence,https://danbooru.donmai.us/posts/5449781,https://i.pximg.net/img-original/img/2022/06/21/13/50/56/99201939_p1.jpg
post,5485412,candidate,dorothy_(arknights),Default,included_supporting_post,https://danbooru.donmai.us/posts/5485412,Arknights
post,5485413,candidate,dorothy_(arknights),Elite II,excluded_no_qualifying_form_evidence,https://danbooru.donmai.us/posts/5485413,Arknights
post,5485442,candidate,astgenne_(arknights),Default,included_supporting_post,https://danbooru.donmai.us/posts/5485442,Arknights
post,5485443,candidate,astgenne_(arknights),Elite II,excluded_no_qualifying_form_evidence,https://danbooru.donmai.us/posts/5485443,Arknights
post,5485629,candidate,saria_(arknights),Casual,excluded_no_qualifying_form_evidence,https://danbooru.donmai.us/posts/5485629,Arknights
post,5485648,candidate,carnelian_(arknights);carnelian_(shimmering_dew)_(arknights),Shimmering Dew,included_supporting_post,https://danbooru.donmai.us/posts/5485648,Arknights
post,5580536,candidate,tomimi_(arknights),Summer,excluded_no_qualifying_form_evidence,https://danbooru.donmai.us/posts/5580536,
post,5581338,candidate,gavial_(arknights);gavial_the_invincible_(arknights),Default,excluded_no_qualifying_form_evidence,https://danbooru.donmai.us/posts/5581338,https://aceship.github.io/AN-EN-Tags/img/characters/char_1026_gvial2_1.png
post,5581350,candidate,gavial_(arknights);gavial_the_invincible_(arknights),Elite II,excluded_no_qualifying_form_evidence,https://danbooru.donmai.us/posts/5581350,https://aceship.github.io/AN-EN-Tags/img/characters/char_1026_gvial2_2.png
post,5581363,candidate,pozyomka_(arknights),Default,included_supporting_post,https://danbooru.donmai.us/posts/5581363,https://aceship.github.io/AN-EN-Tags/img/characters/char_4055_bgsnow_1.png
post,5581365,candidate,pozyomka_(arknights),Elite II,excluded_no_qualifying_form_evidence,https://danbooru.donmai.us/posts/5581365,https://aceship.github.io/AN-EN-Tags/img/characters/char_4055_bgsnow_2.png
post,5601086,candidate,mostima_(arknights),Sports,excluded_no_qualifying_form_evidence,https://danbooru.donmai.us/posts/5601086,https://twitter.com/shycocoa/status/1560243536179503104
post,5601091,candidate,angelina_(arknights),Sports,excluded_no_qualifying_form_evidence,https://danbooru.donmai.us/posts/5601091,https://twitter.com/shycocoa/status/1560243536179503104
post,5619167,candidate,popukar_(arknights),Default,excluded_no_qualifying_form_evidence,https://danbooru.donmai.us/posts/5619167,file://Popukar.jpg
post,5640791,candidate,myrtle_(arknights),Default,excluded_no_qualifying_form_evidence,https://danbooru.donmai.us/posts/5640791,file://Myrtle.png
post,5640794,candidate,myrtle_(arknights),Elite II,excluded_no_qualifying_form_evidence,https://danbooru.donmai.us/posts/5640794,file://Myrtle_Elite_2.png
post,5640798,candidate,myrtle_(arknights);myrtle_(light_gold_celebration)_(arknights),Light Gold Celebration,excluded_no_qualifying_form_evidence,https://danbooru.donmai.us/posts/5640798,file://Myrtle_Skin_1.png
post,5640817,candidate,melantha_(arknights),Default,excluded_no_qualifying_form_evidence,https://danbooru.donmai.us/posts/5640817,file://Melantha.jpg
post,5640819,candidate,melantha_(arknights);melantha_(letters_from_wessex)_(arknights),Letters from Wessex,excluded_no_qualifying_form_evidence,https://danbooru.donmai.us/posts/5640819,file://Melantha_Skin_1.jpg
post,5668723,candidate,beagle_(arknights),Default,excluded_no_qualifying_form_evidence,https://danbooru.donmai.us/posts/5668723,file://char_122_beagle_1.png
post,5670385,candidate,goldenglow_(arknights),Default,excluded_no_qualifying_form_evidence,https://danbooru.donmai.us/posts/5670385,https://i.pximg.net/img-original/img/2022/09/11/18/17/42/101154911_p0.jpg
post,5692065,candidate,swire_(arknights),Ambience Synesthesia 2022,excluded_no_qualifying_form_evidence,https://danbooru.donmai.us/posts/5692065,https://qianmengfanying.lofter.com/post/20299ead_2b6d9c779
post,5712961,candidate,highmore_(arknights),Default,excluded_no_qualifying_form_evidence,https://danbooru.donmai.us/posts/5712961,https://jioji242.lofter.com/post/1f3ab526_2b6e58192
post,5717251,candidate,dagda_(arknights),Elite II,excluded_no_qualifying_form_evidence,https://danbooru.donmai.us/posts/5717251,https://www.weibo.com/6279793937/M8shB1du8
post,5735229,candidate,indigo_(arknights);indigo_(serene_day)_(arknights),Serene Day,included_supporting_post,https://danbooru.donmai.us/posts/5735229,https://gamepress.gg/arknights/sites/arknights/files/2022-01/char_469_indigo_nian%237.png
post,5774288,candidate,orchid_(arknights),Default,excluded_no_qualifying_form_evidence,https://danbooru.donmai.us/posts/5774288,https://www.pixiv.net/artworks/89393953
post,5782908,candidate,shaw_(arknights),Elite II,excluded_no_qualifying_form_evidence,https://danbooru.donmai.us/posts/5782908,https://static.zerochan.net/Shaw.%28Arknights%29.full.2599174.png
post,5816153,candidate,cardigan_(arknights);cardigan_(cheerful_guardian)_(arknights),Cheerful Guardian,included_supporting_post,https://danbooru.donmai.us/posts/5816153,https://raw.githubusercontent.com/Aceship/Arknight-Images/main/characters/char_209_ardign_snow%231.png
post,5828324,candidate,waai_fu_(arknights),Wild Flower of Street,included_supporting_post,https://danbooru.donmai.us/posts/5828324,https://gamepress.gg/arknights/skin/wild-flower-street
post,5893844,candidate,sora_(arknights),Melodiosa,included_supporting_post,https://danbooru.donmai.us/posts/5893844,https://gamepress.gg/arknights/sites/arknights/files/2022-11/%E7%AB%8B%E7%BB%98_%E7%A9%BA_skin2.png
post,5901005,candidate,kjera_(arknights);kjera_(ingenious_servant)_(arknights),Ingenious Servant,included_supporting_post,https://danbooru.donmai.us/posts/5901005,https://raw.githubusercontent.com/Aceship/Arknight-Images/main/characters/char_4013_kjera_epoque%2318.png
post,5901015,candidate,harmonie_(arknights),Default,excluded_no_qualifying_form_evidence,https://danbooru.donmai.us/posts/5901015,https://raw.githubusercontent.com/Aceship/Arknight-Images/main/characters/char_297_hamoni_1.png
post,5901018,candidate,harmonie_(arknights),Elite II,included_supporting_post,https://danbooru.donmai.us/posts/5901018,https://raw.githubusercontent.com/Aceship/Arknight-Images/main/characters/char_297_hamoni_2.png
post,5901030,candidate,reed_(arknights);reed_the_flame_shadow_(arknights),Default,excluded_no_qualifying_form_evidence,https://danbooru.donmai.us/posts/5901030,https://raw.githubusercontent.com/Aceship/Arknight-Images/main/characters/char_1020_reed2_1.png
post,5901033,candidate,reed_(arknights);reed_the_flame_shadow_(arknights),Elite II,excluded_no_qualifying_form_evidence,https://danbooru.donmai.us/posts/5901033,https://raw.githubusercontent.com/Aceship/Arknight-Images/main/characters/char_1020_reed2_2.png
post,5959877,candidate,dobermann_(arknights),Default,excluded_no_qualifying_form_evidence,https://danbooru.donmai.us/posts/5959877,file://char_130_doberm_1.webp
post,5970580,candidate,mulberry_(arknights),Reflection that of the Moons,excluded_no_qualifying_form_evidence,https://danbooru.donmai.us/posts/5970580,https://t.bilibili.com/749484575170756624
post,5990595,candidate,lin_(arknights),Default,included_supporting_post,https://danbooru.donmai.us/posts/5990595,https://raw.githubusercontent.com/Aceship/Arknight-Images/main/characters/char_4080_lin_1.png
post,5990602,candidate,lin_(arknights),Elite II,excluded_no_qualifying_form_evidence,https://danbooru.donmai.us/posts/5990602,https://raw.githubusercontent.com/Aceship/Arknight-Images/main/characters/char_4080_lin_2.png
post,6031887,candidate,specter_(arknights);specter_the_unchained_(arknights),Substitute,excluded_no_qualifying_form_evidence,https://danbooru.donmai.us/posts/6031887,https://twitter.com/iwashi_80/status/1592568468947505152
post,6070057,candidate,qiubai_(arknights),Default,included_supporting_post,https://danbooru.donmai.us/posts/6070057,https://raw.githubusercontent.com/Aceship/Arknight-Images/main/characters/char_4082_qiubai_1.png
post,6070061,candidate,qiubai_(arknights),Elite II,excluded_no_qualifying_form_evidence,https://danbooru.donmai.us/posts/6070061,https://raw.githubusercontent.com/Aceship/Arknight-Images/main/characters/char_4082_qiubai_2.png
post,6070064,candidate,pozyomka_(arknights),Snowy Plains in Words,excluded_no_qualifying_form_evidence,https://danbooru.donmai.us/posts/6070064,https://raw.githubusercontent.com/Aceship/Arknight-Images/main/characters/char_4055_bgsnow_wild%237.png
post,6083873,candidate,texas_(arknights);texas_the_omertosa_(arknights),Default,excluded_no_qualifying_form_evidence,https://danbooru.donmai.us/posts/6083873,https://raw.githubusercontent.com/Aceship/Arknight-Images/main/characters/char_1028_texas2_1.png
post,6083875,candidate,texas_(arknights);texas_the_omertosa_(arknights),Elite II,excluded_no_qualifying_form_evidence,https://danbooru.donmai.us/posts/6083875,https://raw.githubusercontent.com/Aceship/Arknight-Images/main/characters/char_1028_texas2_2.png
post,6123230,candidate,kirin_r_yato_(arknights);yato_(arknights),Default,excluded_no_qualifying_form_evidence,https://danbooru.donmai.us/posts/6123230,https://raw.githubusercontent.com/Aceship/Arknight-Images/main/characters/char_1029_yato2_1.png
post,6123236,candidate,kirin_r_yato_(arknights);yato_(arknights),Elite II,excluded_no_qualifying_form_evidence,https://danbooru.donmai.us/posts/6123236,https://raw.githubusercontent.com/Aceship/Arknight-Images/main/characters/char_1029_yato2_2.png
post,6219657,candidate,w_(arknights);w_(wanted)_(arknights),Wanted,excluded_no_qualifying_form_evidence,https://danbooru.donmai.us/posts/6219657,https://twitter.com/askziye/status/1646033217944965121?s=20
post,6222169,candidate,horn_(arknights),To Effloresce Whitely,excluded_no_qualifying_form_evidence,https://danbooru.donmai.us/posts/6222169,https://t.bilibili.com/780624509737631785
post,6230796,candidate,u-official_(arknights),Default,excluded_no_qualifying_form_evidence,https://danbooru.donmai.us/posts/6230796,https://static.wikia.nocookie.net/mrfz/images/2/21/U-Official.png/revision/latest?cb=20230401092647
post,6233254,candidate,carnelian_(arknights),[[Ambience Synesthesia]] 2023,excluded_no_qualifying_form_evidence,https://danbooru.donmai.us/posts/6233254,https://twitter.com/mizuha_rei/status/1646069679453245442
post,6262128,candidate,lin_(arknights),IPSTAR,excluded_no_qualifying_form_evidence,https://danbooru.donmai.us/posts/6262128,https://twitter.com/akai_999/status/1648954828004159488
post,6270468,candidate,ifrit_(arknights),Lone Trail,excluded_no_qualifying_form_evidence,https://danbooru.donmai.us/posts/6270468,https://i.pximg.net/img-original/img/2023/05/01/18/42/30/107704960_p0.jpg
post,6289800,candidate,ines_(arknights),Default,included_supporting_post,https://danbooru.donmai.us/posts/6289800,https://gamepress.gg/arknights/sites/arknights/files/2023-04/立绘_伊内丝_1.png
post,6289809,candidate,ines_(arknights),Elite II,excluded_no_qualifying_form_evidence,https://danbooru.donmai.us/posts/6289809,https://gamepress.gg/arknights/sites/arknights/files/2023-04/立绘_伊内丝_2.png
post,6289875,candidate,ines_(arknights),NPC,excluded_no_qualifying_form_evidence,https://danbooru.donmai.us/posts/6289875,https://prts.wiki/w/文件:Avg_avg_npc_052.png
post,6297872,candidate,gavial_(arknights),[[Ambience Synesthesia]] 2023,excluded_no_qualifying_form_evidence,https://danbooru.donmai.us/posts/6297872,https://i.pximg.net/img-original/img/2023/04/16/22/09/57/107242202_p0.jpg
post,6320813,candidate,quercus_(arknights);quercus_(distant_home's_guide)_(arknights),Distant Home's Guide,excluded_no_qualifying_form_evidence,https://danbooru.donmai.us/posts/6320813,https://i.pximg.net/img-original/img/2022/11/18/03/15/22/102879362_p0.jpg
post,6335409,candidate,ho'olheyak_(arknights),Default,included_supporting_post,https://danbooru.donmai.us/posts/6335409,https://raw.githubusercontent.com/Aceship/Arknight-Images/main/characters/char_4027_heyak_1.png
post,6335410,candidate,ho'olheyak_(arknights),Elite II,excluded_no_qualifying_form_evidence,https://danbooru.donmai.us/posts/6335410,https://raw.githubusercontent.com/Aceship/Arknight-Images/main/characters/char_4027_heyak_2.png
post,6480336,candidate,skadi_(the_next_afternoon_tea)_(arknights),,excluded_no_qualifying_form_evidence,https://danbooru.donmai.us/posts/6480336,https://twitter.com/gilangak92/status/1647816795628371969
post,6502034,candidate,provence_(arknights);provence_(casual_vacation)_(arknights),Casual Vacation,excluded_no_qualifying_form_evidence,https://danbooru.donmai.us/posts/6502034,https://i.pximg.net/img-original/img/2023/07/17/19/02/11/110000807_p0.png
post,6565383,candidate,ceylon_(arknights);ceylon_(holiday)_(arknights),"Holiday (So Long, Adele)",included_supporting_post,https://danbooru.donmai.us/posts/6565383,https://raw.githubusercontent.com/Aceship/Arknight-Images/main/avg/characters/avg_npc_1003_1%231%241.png
post,6565390,candidate,snowsant_(arknights),Summer,excluded_no_qualifying_form_evidence,https://danbooru.donmai.us/posts/6565390,https://raw.githubusercontent.com/Aceship/Arknight-Images/main/avg/characters/avg_npc_1005_1%231%241.png
post,6649229,candidate,qiubai_(arknights);qiubai_(wine-flushed_is_woods_of_rime)_(arknights),Wine-Flushed is Woods of Rime,excluded_no_qualifying_form_evidence,https://danbooru.donmai.us/posts/6649229,https://t.bilibili.com/835561079973085186
post,6660291,candidate,manticore_(arknights);manticore_(under_a_veil)_(arknights),Under a Veil,excluded_no_qualifying_form_evidence,https://danbooru.donmai.us/posts/6660291,https://m.prts.wiki/w/狮蝎
post,6705191,candidate,w_(arknights),Ballerina,excluded_no_qualifying_form_evidence,https://danbooru.donmai.us/posts/6705191,https://i.pximg.net/img-original/img/2023/09/20/12/28/27/111877839_p0.png
post,6743746,candidate,quercus_(arknights);quercus_(the_bard's_tale)_(arknights),The Bard's Tale,excluded_no_qualifying_form_evidence,https://danbooru.donmai.us/posts/6743746,https://t.bilibili.com/848548098767585284
post,6817138,candidate,viviana_(arknights),Elite II,excluded_no_qualifying_form_evidence,https://danbooru.donmai.us/posts/6817138,https://t.bilibili.com/857084599646289954
post,6831240,candidate,dusk_(arknights),Ambience Synesthesia 2022,excluded_no_qualifying_form_evidence,https://danbooru.donmai.us/posts/6831240,https://twitter.com/raw_egg_lent/status/1719289904663064583
post,6834359,candidate,virtuosa_(arknights),Elite II,excluded_no_qualifying_form_evidence,https://danbooru.donmai.us/posts/6834359,Arknights
post,6835009,candidate,virtuosa_(arknights),Default,included_supporting_post,https://danbooru.donmai.us/posts/6835009,https://raw.githubusercontent.com/Aceship/Arknight-Images/main/characters/char_245_cello_1.png
post,6851069,candidate,angelina_(arknights),,excluded_no_qualifying_form_evidence,https://danbooru.donmai.us/posts/6851069,https://twitter.com/AKEndfield/status/1721361809310191904
post,6855883,candidate,specter_the_unchained_(arknights);specter_the_unchained_(born_as_one)_(arknights),Substitute (Born as One),excluded_no_qualifying_form_evidence,https://danbooru.donmai.us/posts/6855883,https://i.pximg.net/img-original/img/2023/11/05/15/56/54/113160065_p0.jpg
post,6859732,candidate,ashlock_(arknights),Elite II,excluded_no_qualifying_form_evidence,https://danbooru.donmai.us/posts/6859732,https://gamepress.gg/arknights/sites/arknights/files/2021-10/char_431_ashlok_2.png
post,6859735,candidate,ashlock_(arknights);ashlock_(lances_of_kaliskas)_(arknights),Lances of Kaliskas,included_supporting_post,https://danbooru.donmai.us/posts/6859735,https://gamepress.gg/arknights/sites/arknights/files/2023-11/立绘_灰毫_skin1.png
post,6859767,candidate,fartooth_(arknights);fartooth_(hear_the_wind_sing)_(arknights),Hear the Wind Sing,included_supporting_post,https://danbooru.donmai.us/posts/6859767,https://gamepress.gg/arknights/sites/arknights/files/2023-06/立绘_远牙_skin1.png
post,6859797,candidate,kafka_(arknights);kafka_(cardboard_fairy)_(arknights),Cardboard Fairy,excluded_no_qualifying_form_evidence,https://danbooru.donmai.us/posts/6859797,https://gamepress.gg/arknights/sites/arknights/files/2021-12/char_214_kafka_snow%233.png
post,6859807,candidate,muelsyse_(arknights),Default,included_supporting_post,https://danbooru.donmai.us/posts/6859807,https://gamepress.gg/arknights/sites/arknights/files/2023-05/立绘_缪尔赛思_1.png
post,6863071,candidate,silence_(arknights);silence_(frosted_breath)_(arknights),Frosted Breath,included_supporting_post,https://danbooru.donmai.us/posts/6863071,https://gamepress.gg/arknights/sites/arknights/files/2021-01/char_108_silent_winter%232.png
post,6863121,candidate,muelsyse_(arknights),Elite II,excluded_no_qualifying_form_evidence,https://danbooru.donmai.us/posts/6863121,https://gamepress.gg/arknights/sites/arknights/files/2023-05/立绘_缪尔赛思_2.png
post,6874222,candidate,kristen_(arknights),,included_supporting_post,https://danbooru.donmai.us/posts/6874222,https://raw.githubusercontent.com/Aceship/Arknight-Images/main/avg/characters/avg_npc_537_1%231%241.png
post,6880136,candidate,kafka_(arknights),Npc,excluded_no_qualifying_form_evidence,https://danbooru.donmai.us/posts/6880136,https://raw.githubusercontent.com/Aceship/Arknight-Images/main/avg/characters/char_214_kafka_1%234.png
post,6910147,candidate,angelina_(arknights),Lawson,excluded_no_qualifying_form_evidence,https://danbooru.donmai.us/posts/6910147,https://twitter.com/itsuki_sakuraba/status/1727643135139000825
post,7018212,candidate,goldenglow_(arknights),Maiden for the Bright Night,excluded_no_qualifying_form_evidence,https://danbooru.donmai.us/posts/7018212,https://i.pximg.net/img-original/img/2023/12/25/09/29/02/114530713_p0.jpg
post,7099221,candidate,poncirus_(arknights),Default,excluded_no_qualifying_form_evidence,https://danbooru.donmai.us/posts/7099221,https://twitter.com/NOCO9999/status/1683790832095330306
post,7099226,candidate,poncirus_(arknights),Elite II,excluded_no_qualifying_form_evidence,https://danbooru.donmai.us/posts/7099226,https://twitter.com/NOCO9999/status/1683790832095330306
post,7152576,candidate,goldenglow_(arknights),Summer Flowers,excluded_no_qualifying_form_evidence,https://danbooru.donmai.us/posts/7152576,https://i.pximg.net/img-original/img/2024/01/29/17/51/47/115587164_p0.png
post,7161272,candidate,lin_(arknights),Heavenly Mirage,excluded_no_qualifying_form_evidence,https://danbooru.donmai.us/posts/7161272,https://twitter.com/sanmuyyb/status/1752661502216278091
post,7192867,candidate,highmore_(arknights),The Land with Me,excluded_no_qualifying_form_evidence,https://danbooru.donmai.us/posts/7192867,https://t.bilibili.com/895675933078323493
post,7238599,candidate,misumi_uika,[[Sumimi (bang dream!)|]],excluded_no_qualifying_form_evidence,https://danbooru.donmai.us/posts/7238599,https://anime.bang-dream.com/mygo/character/uika/
post,7238614,candidate,yahata_umiri,Hanasakigawa,excluded_no_qualifying_form_evidence,https://danbooru.donmai.us/posts/7238614,https://anime.bang-dream.com/mygo/character/umiri/
post,7250714,candidate,marcille_donato,Lord,excluded_no_qualifying_form_evidence,https://danbooru.donmai.us/posts/7250714,https://i.pximg.net/img-original/img/2024/02/13/01/44/34/116004499_p0.jpg
post,7290270,candidate,marcille_donato,,excluded_no_qualifying_form_evidence,https://danbooru.donmai.us/posts/7290270,https://delicious-in-dungeon.com/assets/character/2c.png
post,7293005,candidate,leizi_(arknights),Ambience Synesthesia 2021,excluded_no_qualifying_form_evidence,https://danbooru.donmai.us/posts/7293005,https://i.pximg.net/img-original/img/2024/03/05/02/21/24/116633794_p0.jpg
post,7316045,candidate,w_(arknights),[[TOWER RECORDS CAFE]],excluded_no_qualifying_form_evidence,https://danbooru.donmai.us/posts/7316045,https://twitter.com/honippo/status/1766073477675798693
post,7392544,candidate,shu_(arknights),Default,included_supporting_post,https://danbooru.donmai.us/posts/7392544,https://raw.githubusercontent.com/Aceship/Arknight-Images/main/characters/char_2025_shu_1.png
post,7392545,candidate,shu_(arknights),Elite II,excluded_no_qualifying_form_evidence,https://danbooru.donmai.us/posts/7392545,https://raw.githubusercontent.com/Aceship/Arknight-Images/main/characters/char_2025_shu_2.png
post,7392551,candidate,ray_(arknights),Default,included_supporting_post,https://danbooru.donmai.us/posts/7392551,https://raw.githubusercontent.com/Aceship/Arknight-Images/main/characters/char_4117_ray_1.png
post,7392554,candidate,ray_(arknights),Elite II,excluded_no_qualifying_form_evidence,https://danbooru.donmai.us/posts/7392554,https://raw.githubusercontent.com/Aceship/Arknight-Images/main/characters/char_4117_ray_2.png
post,7404576,candidate,roberta_(arknights);roberta_(granter_of_colors)_(arknights),Granter of Colors,included_supporting_post,https://danbooru.donmai.us/posts/7404576,https://raw.githubusercontent.com/Aceship/Arknight-Images/main/characters/char_484_robrta_ambienceSynesthesia%233.png
post,7510634,candidate,viviana_(arknights),Default,included_supporting_post,https://danbooru.donmai.us/posts/7510634,https://twitter.com/ArknightsEN/status/1784432350983565322
post,7515908,candidate,skadi_the_corrupting_heart_(arknights),Red Countess,excluded_no_qualifying_form_evidence,https://danbooru.donmai.us/posts/7515908,https://twitter.com/alchehehe/status/1784818904457777578
post,7525247,candidate,w_(arknights);wis'adel_(arknights),Default,excluded_no_qualifying_form_evidence,https://danbooru.donmai.us/posts/7525247,https://aceship.github.io/AN-EN-Tags/akhrchars.html?opname=Wi%C5%A1%27adel
post,7525249,candidate,w_(arknights);wis'adel_(arknights),Elite II,excluded_no_qualifying_form_evidence,https://danbooru.donmai.us/posts/7525249,https://aceship.github.io/AN-EN-Tags/akhrchars.html?opname=Wi%C5%A1%27adel
post,7525294,candidate,blue_poison_(arknights);blue_poison_(nocturne_of_elysia)_(arknights),Nocturne of Elysia,included_supporting_post,https://danbooru.donmai.us/posts/7525294,https://aceship.github.io/AN-EN-Tags/akhrchars.html?opname=Blue_Poison
post,7525483,candidate,theresa_(arknights),Default [br] Civilight Eterna,included_supporting_post,https://danbooru.donmai.us/posts/7525483,https://aceship.github.io/AN-EN-Tags/akhrchars.html?opname=Civilight_Eterna
post,7525503,candidate,ascalon_(arknights),Default,included_supporting_post,https://danbooru.donmai.us/posts/7525503,https://aceship.github.io/AN-EN-Tags/akhrchars.html?opname=Ascalon
post,7525506,candidate,ascalon_(arknights),Elite II,excluded_no_qualifying_form_evidence,https://danbooru.donmai.us/posts/7525506,https://aceship.github.io/AN-EN-Tags/akhrchars.html?opname=Ascalon
post,7534883,candidate,fang_(arknights),Default,included_supporting_post,https://danbooru.donmai.us/posts/7534883,https://aceship.github.io/AN-EN-Tags/akhrchars.html?opname=Fang_the_Fire-sharpened
post,7534915,candidate,fang_(arknights),Elite II,excluded_no_qualifying_form_evidence,https://danbooru.donmai.us/posts/7534915,https://aceship.github.io/AN-EN-Tags/akhrchars.html?opname=Fang_the_Fire-sharpened
post,7535005,candidate,amiya_(arknights);amiya_(medic)_(arknights),Default,excluded_no_qualifying_form_evidence,https://danbooru.donmai.us/posts/7535005,https://aceship.github.io/AN-EN-Tags/akhrchars.html?opname=Amiya
post,7539432,candidate,suzuran_(arknights),Pajamas,excluded_no_qualifying_form_evidence,https://danbooru.donmai.us/posts/7539432,https://twitter.com/nprmtp/status/1786801819165016412
post,7539934,candidate,aroma_(arknights),Default.,excluded_no_qualifying_form_evidence,https://danbooru.donmai.us/posts/7539934,https://twitter.com/11nuudoru/status/1778362356642574472
post,7539949,candidate,aroma_(arknights),Elite II.,excluded_no_qualifying_form_evidence,https://danbooru.donmai.us/posts/7539949,https://twitter.com/11nuudoru/status/1778362356642574472
post,7602768,candidate,ptilopsis_(arknights),Ambience Synesthesia 2022,excluded_no_qualifying_form_evidence,https://danbooru.donmai.us/posts/7602768,https://ak.hypergryph.com/special/ambience-2022/
post,7603550,candidate,texas_(arknights),Ambience Synesthesia 2022,excluded_no_qualifying_form_evidence,https://danbooru.donmai.us/posts/7603550,https://ak.hypergryph.com/special/ambience-2022/
post,7673216,candidate,texas_(arknights);texas_the_omertosa_(arknights),Ambience Synesthesia 2024,excluded_no_qualifying_form_evidence,https://danbooru.donmai.us/posts/7673216,https://www.weibo.com/6279793937/ObW8M9edw
post,7673235,candidate,siege_(arknights),"Ambience Synesthesia 2024, The Throne",excluded_no_qualifying_form_evidence,https://danbooru.donmai.us/posts/7673235,https://www.weibo.com/6279793937/ObW8M9edw
post,7673619,candidate,reed_(arknights),[[Ambience Synesthesia]] 2024,excluded_no_qualifying_form_evidence,https://danbooru.donmai.us/posts/7673619,https://www.weibo.com/6279793937/ObW8M9edw
post,7673641,candidate,nearl_(arknights),[[Ambience Synesthesia]] 2024,excluded_no_qualifying_form_evidence,https://danbooru.donmai.us/posts/7673641,https://www.weibo.com/6279793937/ObW8M9edw
post,7681664,candidate,grain_buds_(arknights),Default,excluded_no_qualifying_form_evidence,https://danbooru.donmai.us/posts/7681664,https://jiakongshijie566.lofter.com/post/1f3ba0e2_2bb188379
post,7727639,candidate,goldenglow_(arknights),Party in the Garden,excluded_no_qualifying_form_evidence,https://danbooru.donmai.us/posts/7727639,https://i.pximg.net/img-original/img/2024/06/17/22/38/36/119733303_p0.jpg
post,7756819,candidate,w_(arknights),Summer,excluded_no_qualifying_form_evidence,https://danbooru.donmai.us/posts/7756819,https://gd-hbimg.huaban.com/8cdbe8bbd371fd697b6521f75793a219a897d51e65e49-8lb1JJ
post,7768336,candidate,marcille_donato,Scylla,excluded_no_qualifying_form_evidence,https://danbooru.donmai.us/posts/7768336,https://twitter.com/aatom87/status/1803244251763089701
post,7776767,candidate,nearl_(arknights);nearl_the_radiant_knight_(arknights),Relight,excluded_no_qualifying_form_evidence,https://danbooru.donmai.us/posts/7776767,https://i.pximg.net/img-original/img/2024/06/03/16/46/07/119310643_p0.jpg
post,7822369,candidate,surtr_(arknights),Ask's Beach Design,excluded_no_qualifying_form_evidence,https://danbooru.donmai.us/posts/7822369,https://www.weibo.com/2199153824/N9RX5vDwi
post,7830740,candidate,nymph_(arknights),Elite II,excluded_no_qualifying_form_evidence,https://danbooru.donmai.us/posts/7830740,Arknights
post,7836745,candidate,kroos_(arknights);kroos_the_keen_glint_(arknights),Elite II,excluded_no_qualifying_form_evidence,https://danbooru.donmai.us/posts/7836745,https://www.zerochan.net/3560296
post,7860637,candidate,kazemaru_(arknights),Like Illusion,excluded_no_qualifying_form_evidence,https://danbooru.donmai.us/posts/7860637,https://t.bilibili.com/727481002434232360
post,7864533,candidate,kal'tsit_(arknights),King of Purrkatz,excluded_no_qualifying_form_evidence,https://danbooru.donmai.us/posts/7864533,https://twitter.com/KrusierWeasley/status/1811406212300202293
post,7873623,candidate,lava_(arknights);lava_(bunch_of_sunlight)_(arknights),Bunch of Sunlight,included_supporting_post,https://danbooru.donmai.us/posts/7873623,https://media.prts.wiki/c/cb/立绘_炎熔_skin1.png
post,7874398,candidate,savage_(300_metres_underground)_(arknights);savage_(arknights),,included_supporting_post,https://danbooru.donmai.us/posts/7874398,https://media.prts.wiki/5/51/立绘_暴行_skin1.png
post,7879236,candidate,crownslayer_(arknights),NPC,excluded_no_qualifying_form_evidence,https://danbooru.donmai.us/posts/7879236,https://static.wikia.nocookie.net/mrfz/images/0/07/Crownslayer.png?format=original
post,7881630,candidate,silence_(arknights);silence_the_paradigmatic_(arknights),Habitat,excluded_no_qualifying_form_evidence,https://danbooru.donmai.us/posts/7881630,https://ak.gamepress.gg/sites/default/files/2024-05/立绘_淬羽赫默_skin1.png
post,7881699,candidate,silence_the_paradigmatic_(arknights),Elite II,excluded_no_qualifying_form_evidence,https://danbooru.donmai.us/posts/7881699,https://ak.gamepress.gg/sites/default/files/2023-05/立绘_淬羽赫默_2.png
post,7881748,candidate,silence_(arknights);silence_the_paradigmatic_(arknights),Default,excluded_no_qualifying_form_evidence,https://danbooru.donmai.us/posts/7881748,https://ak.gamepress.gg/sites/default/files/2023-05/立绘_淬羽赫默_1.png
post,7890054,candidate,dorothy_(arknights);dorothy_(hand_of_destiny)_(arknights),Hand of Destiny,excluded_no_qualifying_form_evidence,https://danbooru.donmai.us/posts/7890054,https://ak.gamepress.gg/sites/default/files/2023-10/立绘_多萝西_skin1.png
post,7905983,candidate,qalaisa_(arknights),,included_supporting_post,https://danbooru.donmai.us/posts/7905983,https://arknights.wiki.gg/images/c/c9/Qalaiša.png
post,7916688,candidate,pepe_(arknights),Default,excluded_no_qualifying_form_evidence,https://danbooru.donmai.us/posts/7916688,https://twitter.com/mabingame/status/1817321898294013989
post,7929601,candidate,eyjafjalla_(arknights);eyjafjalla_the_hvit_aska_(a_picnic_before_a_long_trip)_(arknights);eyjafjalla_the_hvit_aska_(arknights),A Picnic Before a Long Trip,excluded_no_qualifying_form_evidence,https://danbooru.donmai.us/posts/7929601,https://twitter.com/Anmi_/status/1817869332124418396
post,7936234,candidate,weedy_(arknights);weedy_(sedjem)_(arknights),Sedjem,included_supporting_post,https://danbooru.donmai.us/posts/7936234,https://media.prts.wiki/9/97/立绘_温蒂_skin2.png
post,7942365,candidate,shaw_(arknights),Default,included_supporting_post,https://danbooru.donmai.us/posts/7942365,https://ak.gamepress.gg/sites/default/files/2019-10/char_277_sqrrel_1.png
post,7942546,candidate,shaw_(arknights),Cleansweeper in the Castle,included_supporting_post,https://danbooru.donmai.us/posts/7942546,https://ak.gamepress.gg/sites/default/files/2020-10/ShawSkin.png
post,7942842,candidate,ch'en_(arknights);ch'en_the_holungday_(arknights),Ten Thousand Mountains,excluded_no_qualifying_form_evidence,https://danbooru.donmai.us/posts/7942842,https://ak.gamepress.gg/sites/default/files/2023-05/立绘_假日威龙陈_skin1.png
post,7976023,candidate,lin_(arknights),[[Lawson]],excluded_no_qualifying_form_evidence,https://danbooru.donmai.us/posts/7976023,https://i.pximg.net/img-original/img/2024/08/09/12/00/08/121318992_p0.jpg
post,7976870,candidate,qiubai_(arknights),Courtesy,excluded_no_qualifying_form_evidence,https://danbooru.donmai.us/posts/7976870,https://i.pximg.net/img-original/img/2024/08/09/21/01/26/121330793_p0.png
post,7995614,candidate,amiya_(arknights);amiya_(guard)_(arknights),Touch the Stars,excluded_no_qualifying_form_evidence,https://danbooru.donmai.us/posts/7995614,https://ak.gamepress.gg/sites/default/files/2023-07/%E7%AB%8B%E7%BB%98_%E9%98%BF%E7%B1%B3%E5%A8%85%28%E8%BF%91%E5%8D%AB%29_skin1.pnghttps://ak.gamepress.gg/sites/default/files/2023-07/%E7%AB%8B%E7%BB%98_%E9%98%BF%E7%B1%B3%E5%A8%85%28%E8%BF%91%E5%8D%AB%29_skin1.png
post,8043114,candidate,cardigan_(arknights);cardigan_(sunny_day)_(arknights),Sunny Day,included_supporting_post,https://danbooru.donmai.us/posts/8043114,https://raw.githubusercontent.com/Aceship/Arknight-Images/main/characters/char_209_ardign_epoque%2326.png
post,8071642,candidate,texas_(arknights);texas_the_omertosa_(arknights),Wingbreaker,excluded_no_qualifying_form_evidence,https://danbooru.donmai.us/posts/8071642,file://立绘_缄默德克萨斯_skin1.webp
post,8142702,candidate,ling_(arknights),Ambience Synesthesia 2023,excluded_no_qualifying_form_evidence,https://danbooru.donmai.us/posts/8142702,https://www.bilibili.com/opus/788731067253129254
post,8142729,candidate,lava_(arknights);lava_the_purgatory_(arknights),Ambience Synesthesia 2023,excluded_no_qualifying_form_evidence,https://danbooru.donmai.us/posts/8142729,https://www.bilibili.com/opus/788731067253129254
post,8142755,candidate,lin_(arknights),Ambience Synesthesia 2023,excluded_no_qualifying_form_evidence,https://danbooru.donmai.us/posts/8142755,https://www.bilibili.com/opus/788731067253129254
post,8157255,candidate,ptilopsis_(arknights),Amongst the Clouds,excluded_no_qualifying_form_evidence,https://danbooru.donmai.us/posts/8157255,Arknights
post,8165567,candidate,marcille_donato,Oni,excluded_no_qualifying_form_evidence,https://danbooru.donmai.us/posts/8165567,https://twitter.com/aatom87/status/1835790898145497175
post,8170546,candidate,ines_(arknights);ines_(under_the_flaming_dome)_(arknights),Under the Flaming Dome,excluded_no_qualifying_form_evidence,https://danbooru.donmai.us/posts/8170546,Arknights
post,8170632,candidate,grain_buds_(arknights),Fragrant Pace,included_supporting_post,https://danbooru.donmai.us/posts/8170632,Arknights
post,8196323,candidate,irene_(arknights);irene_(the_adjudicatrix_and_her_resolve)_(arknights),The Adjudicatrix and Her Resolve,included_supporting_post,https://danbooru.donmai.us/posts/8196323,https://media.prts.wiki/3/32/立绘_艾丽妮_skin2.png
post,8311883,candidate,reed_(arknights);reed_the_flame_shadow_(arknights),Summer Flower,excluded_no_qualifying_form_evidence,https://danbooru.donmai.us/posts/8311883,Arknights
post,8343617,candidate,popukar_(arknights),Witch's Swing,included_supporting_post,https://danbooru.donmai.us/posts/8343617,https://arknights.wiki.gg/images/8/84/Popukar_Skin_1.png
post,8370644,candidate,lappland_(arknights),Teenage,excluded_no_qualifying_form_evidence,https://danbooru.donmai.us/posts/8370644,https://t.bilibili.com/994299534081261572
post,8383562,candidate,vulpisfoglia_(arknights),Young,excluded_no_qualifying_form_evidence,https://danbooru.donmai.us/posts/8383562,https://www.weibo.com/6627446319/OEDitenoB
post,8413552,candidate,virtuosa_(arknights);virtuosa_(diversity_oneness)_(arknights),Diversity Oneness,included_supporting_post,https://danbooru.donmai.us/posts/8413552,https://media.prts.wiki/0/05/立绘_塑心_skin1.png
post,8413625,candidate,texas_(arknights);texas_the_omertosa_(arknights),Il Segreto della Notte,excluded_no_qualifying_form_evidence,https://danbooru.donmai.us/posts/8413625,https://media.prts.wiki/f/f1/立绘_缄默德克萨斯_skin2.png
post,8413807,candidate,warmy_(arknights);warmy_(warm_velvet_at_the_corner)_(arknights),Warm Velvet at the Corner,included_supporting_post,https://danbooru.donmai.us/posts/8413807,https://media.prts.wiki/d/dd/立绘_温米_skin1.png
post,8422566,candidate,degenbrecher_(arknights);degenbrecher_(the_shadow_of_the_dark_moon)_(arknights),The Shadow of the Dark Moon,included_supporting_post,https://danbooru.donmai.us/posts/8422566,https://media.prts.wiki/3/3d/立绘_锏_skin1.png
post,8422581,candidate,popukar_(witch's_swing)_(arknights),,excluded_no_qualifying_form_evidence,https://danbooru.donmai.us/posts/8422581,https://media.prts.wiki/8/8d/立绘_泡普卡_skin1.png
post,8446310,candidate,amiya_(arknights),2021,excluded_no_qualifying_form_evidence,https://danbooru.donmai.us/posts/8446310,https://twitter.com/_thisisrep1205/status/1857331994495275034
post,8458579,candidate,virtuosa_(arknights),Funeral,excluded_no_qualifying_form_evidence,https://danbooru.donmai.us/posts/8458579,https://i.pximg.net/img-original/img/2024/11/19/16/08/55/124444380_p0.jpg
post,8506661,candidate,misumi_uika,Casual,excluded_no_qualifying_form_evidence,https://danbooru.donmai.us/posts/8506661,https://anime.bang-dream.com/avemujica/character/uika/
post,8506666,candidate,yahata_umiri,Casual,excluded_no_qualifying_form_evidence,https://danbooru.donmai.us/posts/8506666,https://anime.bang-dream.com/avemujica/character/umiri/
post,8537871,candidate,franka_(arknights);franka_(rainforest_me_rainbow)_(arknights),"Rainforest, Me, Rainbow",excluded_no_qualifying_form_evidence,https://danbooru.donmai.us/posts/8537871,https://aceship.github.io/AN-EN-Tags/akhrchars.html?opname=Franka
post,8544162,candidate,kal'tsit_(arknights),Boss,excluded_no_qualifying_form_evidence,https://danbooru.donmai.us/posts/8544162,https://i.pximg.net/img-original/img/2024/08/13/05/11/26/121440279_p2.jpg
post,8575416,candidate,lappland_(arknights),Young,excluded_no_qualifying_form_evidence,https://danbooru.donmai.us/posts/8575416,https://www.weibo.com/1903832985/ODEJNFDcM
post,8639941,candidate,vulpisfoglia_(arknights),Default,excluded_no_qualifying_form_evidence,https://danbooru.donmai.us/posts/8639941,file://char_4026_vulpis_1.png
post,8639942,candidate,vulpisfoglia_(arknights),Elite II,excluded_no_qualifying_form_evidence,https://danbooru.donmai.us/posts/8639942,file://char_4026_vulpis_2.png
post,8644571,candidate,amiya_(arknights);amiya_(medic)_(arknights);amiya_(medic)_(solo_around_the_world)_(arknights),Solo Around the World,excluded_no_qualifying_form_evidence,https://danbooru.donmai.us/posts/8644571,https://www.weibo.com/2828274924/P6PYkagIA
post,8644613,candidate,amiya_(arknights);amiya_(medic)_(solo_around_the_world)_(arknights),2024,excluded_no_qualifying_form_evidence,https://danbooru.donmai.us/posts/8644613,https://www.weibo.com/2828274924/O82wUuhzV
post,8655568,candidate,misumi_uika,[[Doloris (bang dream!)|]],excluded_no_qualifying_form_evidence,https://danbooru.donmai.us/posts/8655568,https://anime.bang-dream.com/avemujica/character/uika/
post,8655570,candidate,yahata_umiri,[[Timoris (bang dream!)|]],excluded_no_qualifying_form_evidence,https://danbooru.donmai.us/posts/8655570,https://anime.bang-dream.com/avemujica/character/umiri/
post,8658881,candidate,amiya_(arknights);amiya_(young)_(arknights),Young (Babel),included_supporting_post,https://danbooru.donmai.us/posts/8658881,https://aceship.github.io/AN-EN-Tags/akgallery.html
post,8658889,candidate,amiya_(arknights);amiya_(young)_(arknights),Young,excluded_no_qualifying_form_evidence,https://danbooru.donmai.us/posts/8658889,https://aceship.github.io/AN-EN-Tags/akgallery.html
post,8669638,candidate,suzuran_(arknights),Anmi's Swimsuit,excluded_no_qualifying_form_evidence,https://danbooru.donmai.us/posts/8669638,https://anmi.fanbox.cc/posts/2763217
post,8679932,candidate,aurora_(arknights),,excluded_no_qualifying_form_evidence,https://danbooru.donmai.us/posts/8679932,https://endfield.hypergryph.com/chars
post,8679934,candidate,surtr_(arknights),,excluded_no_qualifying_form_evidence,https://danbooru.donmai.us/posts/8679934,https://endfield.hypergryph.com/chars
post,8687270,candidate,amiya_(arknights),Demon King,excluded_no_qualifying_form_evidence,https://danbooru.donmai.us/posts/8687270,file://avg_npc_6666_1$1.png
post,8712642,candidate,mudrock_(arknights);mudrock_(rubble)_(arknights),Rubble,included_supporting_post,https://danbooru.donmai.us/posts/8712642,https://media.prts.wiki/3/39/立绘_泥岩_skin3.png
post,8741247,candidate,frostnova_(arknights),,included_supporting_post,https://danbooru.donmai.us/posts/8741247,https://arknights.wiki.gg/images/d/d1/FrostNova.png
post,8741721,candidate,shu_(spring_feast)_(arknights),,excluded_no_qualifying_form_evidence,https://danbooru.donmai.us/posts/8741721,https://www.weibo.com/6279793937/ParzR6b2d
post,8804333,candidate,papyrus_(arknights),Default,included_supporting_post,https://danbooru.donmai.us/posts/8804333,https://arknights.wiki.gg/images/1/12/Papyrus.png
post,8804494,candidate,papyrus_(arknights),Elite II,excluded_no_qualifying_form_evidence,https://danbooru.donmai.us/posts/8804494,https://arknights.wiki.gg/images/d/d9/Papyrus_Elite_2.png
post,8815596,candidate,hibiscus_(arknights);hibiscus_the_purifier_(arknights);hibiscus_the_purifier_(romance_overflow)_(arknights),Romance Overflow,excluded_no_qualifying_form_evidence,https://danbooru.donmai.us/posts/8815596,https://media.prts.wiki/2/24/立绘_濯尘芙蓉_skin1.png
post,8850548,candidate,reed_(arknights);reed_the_flame_shadow_(arknights),Curator,excluded_no_qualifying_form_evidence,https://danbooru.donmai.us/posts/8850548,https://raw.githubusercontent.com/Aceship/Arknight-Images/main/characters/char_1020_reed2_epoque%2330.png
post,8857689,candidate,viviana_(arknights);viviana_(sent_from_ognisko)_(arknights),Sent from Ognisko,excluded_no_qualifying_form_evidence,https://danbooru.donmai.us/posts/8857689,https://raw.githubusercontent.com/ArknightsAssets/ArknightsAssets/refs/heads/cn/assets/torappu/dynamicassets/arts/characters/char_4098_vvana/char_4098_vvana_epoque%2340.png
post,8857932,candidate,bagpipe_(arknights);bagpipe_(echo_of_bagpipes)_(arknights),Echo of Bagpipes,excluded_no_qualifying_form_evidence,https://danbooru.donmai.us/posts/8857932,https://raw.githubusercontent.com/ArknightsAssets/ArknightsAssets/refs/heads/cn/assets/torappu/dynamicassets/arts/characters/char_222_bpipe/char_222_bpipe_epoque%2340.png
post,8862066,candidate,virtuosa_(arknights),Ambience Synesthesia 2024,excluded_no_qualifying_form_evidence,https://danbooru.donmai.us/posts/8862066,https://www.bilibili.com/opus/924914734707245126
post,8862125,candidate,nightingale_(arknights),[[Ambience Synesthesia]] 2024,excluded_no_qualifying_form_evidence,https://danbooru.donmai.us/posts/8862125,https://www.bilibili.com/opus/924914734707245126
post,8862252,candidate,ines_(melodic_flutter)_(arknights),,excluded_no_qualifying_form_evidence,https://danbooru.donmai.us/posts/8862252,https://www.bilibili.com/opus/924914734707245126
post,8866624,candidate,typhon_(arknights),[[Ambience Synesthesia]] 2024,excluded_no_qualifying_form_evidence,https://danbooru.donmai.us/posts/8866624,https://weibo.com/6279793937/ObMIb73DX
post,8866735,candidate,kal'tsit_(arknights),Ambience Synesthesia 2024,excluded_no_qualifying_form_evidence,https://danbooru.donmai.us/posts/8866735,https://weibo.com/6279793937/ObMIb73DX
post,8866975,candidate,skadi_(arknights);skadi_the_corrupting_heart_(arknights),[[Ambience Synesthesia]] 2024,excluded_no_qualifying_form_evidence,https://danbooru.donmai.us/posts/8866975,https://weibo.com/6279793937/ObMIb73DX
post,8871926,candidate,exusiai_(arknights),Ambience Synesthesia 2024,excluded_no_qualifying_form_evidence,https://danbooru.donmai.us/posts/8871926,https://www.bilibili.com/opus/926027779766484998
post,8872729,candidate,u-official_(arknights),[[Ambience Synesthesia]] 2024,excluded_no_qualifying_form_evidence,https://danbooru.donmai.us/posts/8872729,https://www.bilibili.com/opus/926027779766484998
post,8875238,candidate,jessica_(arknights);jessica_the_liberated_(arknights),Elite II,excluded_no_qualifying_form_evidence,https://danbooru.donmai.us/posts/8875238,https://arknights.wiki.gg/images/5/51/Jessica_the_Liberated_Elite_2.png
post,8875239,candidate,jessica_(arknights);jessica_the_liberated_(arknights),Default,excluded_no_qualifying_form_evidence,https://danbooru.donmai.us/posts/8875239,https://arknights.wiki.gg/images/e/e3/Jessica_the_Liberated.png
post,8885501,candidate,sussurro_(arknights),Ambience Synesthesia 2021,excluded_no_qualifying_form_evidence,https://danbooru.donmai.us/posts/8885501,https://twitter.com/ebushi_syk/status/1892413975108686115
post,8992827,candidate,harmonie_(arknights),Decoration,excluded_no_qualifying_form_evidence,https://danbooru.donmai.us/posts/8992827,https://twitter.com/reini0203/status/1900142859032101133
post,9049907,candidate,fiammetta_(arknights);fiammetta_(divine_oath)_(arknights),Divine Oath,excluded_no_qualifying_form_evidence,https://danbooru.donmai.us/posts/9049907,https://www.weibo.com/5185920696/NEq1SzDsT
post,9072980,candidate,angelina_(arknights),Ambience Synesthesia 2025,excluded_no_qualifying_form_evidence,https://danbooru.donmai.us/posts/9072980,https://i.pximg.net/img-original/img/2025/03/30/19/14/47/128772639_p0.jpg
post,9084011,candidate,surtr_(prelude_to_transcendence)_(arknights),Reference sheet,excluded_no_qualifying_form_evidence,https://danbooru.donmai.us/posts/9084011,https://www.weibo.com/2199153824/PlhaPnO9H
post,9086787,candidate,lappland_(arknights);lappland_the_decadenza_(arknights),Ambience Synesthesia,excluded_no_qualifying_form_evidence,https://danbooru.donmai.us/posts/9086787,https://www.weibo.com/5185920696/PlhyNotiP
post,9086794,candidate,la_pluma_(arknights),[[Ambience Synesthesia]] 2025,excluded_no_qualifying_form_evidence,https://danbooru.donmai.us/posts/9086794,https://www.weibo.com/5185920696/PlhyNotiP
post,9086806,candidate,vulpisfoglia_(arknights),Ambience Synesthesia 2025,excluded_no_qualifying_form_evidence,https://danbooru.donmai.us/posts/9086806,https://www.weibo.com/5185920696/PlhyNotiP
post,9090922,candidate,shu_(arknights),Bingwenyuyou,excluded_no_qualifying_form_evidence,https://danbooru.donmai.us/posts/9090922,https://www.weibo.com/2100722793/PlgVsoYui
post,9091039,candidate,silence_(arknights),[[Ambience Synesthesia]] 2025,excluded_no_qualifying_form_evidence,https://danbooru.donmai.us/posts/9091039,https://www.weibo.com/2951720454/PlgRuvKA3
post,9091078,candidate,nymph_(blooming_reverie)_(arknights),[[Reference sheet]],excluded_no_qualifying_form_evidence,https://danbooru.donmai.us/posts/9091078,https://www.weibo.com/3150932560/PlgP50QC5
post,9091133,candidate,exusiai_(arknights),Ambience Synesthesia 2025,excluded_no_qualifying_form_evidence,https://danbooru.donmai.us/posts/9091133,https://www.weibo.com/5019056832/PlhdZfdSX
post,9091150,candidate,texas_(arknights),Ambience Synesthesia 2025,excluded_no_qualifying_form_evidence,https://danbooru.donmai.us/posts/9091150,https://www.weibo.com/5019056832/PlhdZfdSX
post,9101973,candidate,virtuosa_(arknights),Gargoyle,excluded_no_qualifying_form_evidence,https://danbooru.donmai.us/posts/9101973,https://twitter.com/colordifference/status/1899242616333709650
post,9103160,candidate,specter_(arknights);specter_the_unchained_(arknights),[[Ambience Synesthesia]] 2025,excluded_no_qualifying_form_evidence,https://danbooru.donmai.us/posts/9103160,https://i.pximg.net/img-original/img/2025/04/05/01/34/23/128963042_p0.jpg
post,9106834,candidate,amiya_(arknights),2025,excluded_no_qualifying_form_evidence,https://danbooru.donmai.us/posts/9106834,https://www.weibo.com/2837482977/PlgYbqgwj
post,9109319,candidate,blaze_(arknights),Ambience Synesthesia 2025,excluded_no_qualifying_form_evidence,https://danbooru.donmai.us/posts/9109319,https://t.bilibili.com/1052676491194662934
post,9136473,candidate,jessica_(arknights);jessica_the_liberated_(arknights);jessica_the_liberated_(ride_to_davistown)_(arknights),Ride to Davistown,excluded_no_qualifying_form_evidence,https://danbooru.donmai.us/posts/9136473,https://arknights.wiki.gg/images/2/2d/Jessica_the_Liberated_Skin_1.png
post,9180000,candidate,gladiia_(i_am_the_tides)_(arknights),,included_supporting_post,https://danbooru.donmai.us/posts/9180000,https://raw.githubusercontent.com/PuppiizSunniiz/Arknight-Images/main/characters/char_474_glady_epoque%2333.png
post,9236185,candidate,fiammetta_(arknights);fiammetta_(judgment_day)_(arknights),Judgment Day,included_supporting_post,https://danbooru.donmai.us/posts/9236185,https://media.prts.wiki/a/a6/立绘_菲亚梅塔_skin2.png
post,9236225,candidate,w_(arknights);wis'adel_(arknights);wis'adel_(supernova)_(arknights),Supernova,excluded_no_qualifying_form_evidence,https://danbooru.donmai.us/posts/9236225,https://media.prts.wiki/b/b2/立绘_维什戴尔_skin1.png
post,9306095,candidate,ch'en_(arknights),Ambience Synesthesia 2025,excluded_no_qualifying_form_evidence,https://danbooru.donmai.us/posts/9306095,https://www.bilibili.com/opus/1066860856907661351
post,9330724,candidate,rosmontis_(arknights),[[Ambience Synesthesia]] 2025,excluded_no_qualifying_form_evidence,https://danbooru.donmai.us/posts/9330724,https://i.pximg.net/img-original/img/2025/05/19/21/32/18/130591513_p0.jpg
post,9337094,candidate,exusiai_(arknights),Young,excluded_no_qualifying_form_evidence,https://danbooru.donmai.us/posts/9337094,https://arknights.wiki.gg/wiki/File:Exusiai_Young.png
post,9337106,candidate,exusiai_(arknights),Teenage,excluded_no_qualifying_form_evidence,https://danbooru.donmai.us/posts/9337106,https://arknights.wiki.gg/wiki/File:Exusiai_Teen.png
post,9339422,candidate,necrass_(arknights);reed_(arknights),The Crimson Dragon's Oath,excluded_no_qualifying_form_evidence,https://danbooru.donmai.us/posts/9339422,https://hewu639356.lofter.com/post/4b6ee7cb_2be2c6fc0
post,9345049,candidate,tuye_(arknights),Default,included_supporting_post,https://danbooru.donmai.us/posts/9345049,https://arknights.wiki.gg/images/a/aa/Tuye.png
post,9345051,candidate,tuye_(arknights),Elite II,excluded_no_qualifying_form_evidence,https://danbooru.donmai.us/posts/9345051,https://arknights.wiki.gg/images/4/41/Tuye_Elite_2.png
post,9345053,candidate,tuye_(arknights);tuye_(cultivate_vegetation)_(arknights),Cultivate Vegetation,included_supporting_post,https://danbooru.donmai.us/posts/9345053,https://arknights.wiki.gg/images/b/ba/Tuye_Skin_1.png
post,9365329,candidate,vulcan_(arknights);vulcan_(ignis)_(arknights),Ignis,included_supporting_post,https://danbooru.donmai.us/posts/9365329,https://media.prts.wiki/5/5b/立绘_火神_skin1.png
post,9365339,candidate,kroos_(arknights);kroos_(moonlit_voyage)_(arknights),Moolit Voyage,excluded_no_qualifying_form_evidence,https://danbooru.donmai.us/posts/9365339,https://media.prts.wiki/1/1d/立绘_克洛丝_skin2.png
post,9365346,candidate,kroos_(arknights);kroos_(moonlit_voyage)_(arknights),Moonlit Voyage,included_supporting_post,https://danbooru.donmai.us/posts/9365346,https://media.prts.wiki/a/aa/立绘_克洛丝_skin2_sp.png
post,9365408,candidate,archetto_(glory_of_the_devout)_(arknights),,excluded_no_qualifying_form_evidence,https://danbooru.donmai.us/posts/9365408,https://media.prts.wiki/f/f8/立绘_空弦_skin2.png
post,9365427,candidate,archetto_(arknights);archetto_(glory_of_the_devout)_(arknights),Glory of the Devout,included_supporting_post,https://danbooru.donmai.us/posts/9365427,https://media.prts.wiki/3/3c/Avg_avg_npc_1784_1-1$1.png
post,9366788,candidate,savage_(arknights);savage_(secret_family_recipe)_(arknights),Secret Family Recipe,excluded_no_qualifying_form_evidence,https://danbooru.donmai.us/posts/9366788,https://media.prts.wiki/3/3f/立绘_暴行_skin2.png
post,9366938,candidate,exusiai_(arknights);exusiai_the_new_covenant_(arknights),Default,excluded_no_qualifying_form_evidence,https://danbooru.donmai.us/posts/9366938,https://media.prts.wiki/5/56/立绘_新约能天使_1.png
post,9366961,candidate,exusiai_(arknights);exusiai_the_new_covenant_(arknights),Elite II,excluded_no_qualifying_form_evidence,https://danbooru.donmai.us/posts/9366961,https://media.prts.wiki/0/07/立绘_新约能天使_2.png
post,9418856,candidate,ascalon_(arknights);ascalon_(phototaxis)_(arknights),Phototaxis,included_supporting_post,https://danbooru.donmai.us/posts/9418856,https://media.prts.wiki/0/0b/立绘_阿斯卡纶_skin1.png
post,9418884,candidate,highmore_(arknights);highmore_(stranded)_(arknights),Stranded,included_supporting_post,https://danbooru.donmai.us/posts/9418884,https://media.prts.wiki/f/f2/立绘_海沫_skin2.png
post,9418967,candidate,tippi_(arknights),Default,included_supporting_post,https://danbooru.donmai.us/posts/9418967,https://media.prts.wiki/c/cb/立绘_蒂比_1.png
post,9418995,candidate,tippi_(arknights),Elite II,excluded_no_qualifying_form_evidence,https://danbooru.donmai.us/posts/9418995,https://media.prts.wiki/f/f3/立绘_蒂比_2.png
post,9429688,candidate,mint_(arknights),Private Study,included_supporting_post,https://danbooru.donmai.us/posts/9429688,https://media.prts.wiki/6/62/立绘_薄绿_skin2.png
post,9434374,candidate,horn_(arknights),[[Ambience Synesthesia]] 2023,excluded_no_qualifying_form_evidence,https://danbooru.donmai.us/posts/9434374,https://www.bilibili.com/opus/788359904726351925
post,9552022,candidate,gavial_(arknights);gavial_the_invincible_(arknights),Holiday,excluded_no_qualifying_form_evidence,https://danbooru.donmai.us/posts/9552022,https://patchwiki.biligame.com/images/arknights/9/92/f23u0lzerh1tolxej0a7bina8zcafco.png
post,9577770,candidate,leizi_(arknights),The Archivist and Her Pilgrimage,included_supporting_post,https://danbooru.donmai.us/posts/9577770,https://raw.githubusercontent.com/PuppiizSunniiz/Arknight-Images/main/characters/char_306_leizi_game%233.png
post,9598923,candidate,pozyomka_(arknights),Beside Dreams,excluded_no_qualifying_form_evidence,https://danbooru.donmai.us/posts/9598923,"https://media.prts.wiki/2/26/立绘_鸿雪_skin2.png?image_process=format,webp/quality,Q_90"
post,9618862,candidate,amiya_(arknights),Wilderness Moments,excluded_no_qualifying_form_evidence,https://danbooru.donmai.us/posts/9618862,https://t.bilibili.com/1088578361212534784
post,9618865,candidate,skadi_(arknights),Wilderness Moments,excluded_no_qualifying_form_evidence,https://danbooru.donmai.us/posts/9618865,https://t.bilibili.com/1088578361212534784
post,9724084,candidate,exusiai_(arknights),Nun,excluded_no_qualifying_form_evidence,https://danbooru.donmai.us/posts/9724084,https://media.prts.wiki/2/23/Avg_avg_1041_angel2_1-1$5.png
post,9729190,candidate,ch'en_(arknights);ch'en_the_holungday_(arknights),Holiday,excluded_no_qualifying_form_evidence,https://danbooru.donmai.us/posts/9729190,https://media.prts.wiki/f/f5/立绘_假日威龙陈_skin2.png
post,9738702,candidate,hoshiguma_(arknights);hoshiguma_(summer)_(arknights),Summer,included_supporting_post,https://danbooru.donmai.us/posts/9738702,https://media.prts.wiki/5/5f/Avg_avg_npc_203_1-1.png
post,9738818,candidate,hoshiguma_(arknights);hoshiguma_the_breacher_(arknights),Default,excluded_no_qualifying_form_evidence,https://danbooru.donmai.us/posts/9738818,https://media.prts.wiki/c/c4/立绘_斩业星熊_1.png
post,9738820,candidate,hoshiguma_(arknights);hoshiguma_the_breacher_(arknights),Elite II,excluded_no_qualifying_form_evidence,https://danbooru.donmai.us/posts/9738820,https://media.prts.wiki/6/6b/立绘_斩业星熊_2.png
post,9739106,candidate,haruka_(arknights),Default,included_supporting_post,https://danbooru.donmai.us/posts/9739106,https://media.prts.wiki/a/a0/立绘_遥_1.png
post,9739814,candidate,pepe_(arknights);pepe_(nuit_of_the_nightsky)_(arknights),Nuit of the Nightsky,excluded_no_qualifying_form_evidence,https://danbooru.donmai.us/posts/9739814,https://i.pximg.net/img-original/img/2025/08/03/14/30/23/133438407_p0.jpg
post,9743065,candidate,gavial_(arknights);gavial_(summer)_(arknights),Summer,included_supporting_post,https://danbooru.donmai.us/posts/9743065,https://media.prts.wiki/1/1a/Avg_char_187_ccheal_summer_1.png
post,9743108,candidate,blaze_(arknights),Summer,excluded_no_qualifying_form_evidence,https://danbooru.donmai.us/posts/9743108,https://media.prts.wiki/5/58/Avg_char_017_homura_summer.png
post,9744482,candidate,mio_(arknights),,excluded_no_qualifying_form_evidence,https://danbooru.donmai.us/posts/9744482,https://media.prts.wiki/8/82/Avg_avg_npc_1901_1-1$1.png
post,9744529,candidate,mio_(arknights),,included_supporting_post,https://danbooru.donmai.us/posts/9744529,https://media.prts.wiki/c/c8/Avg_avg_npc_1901_1-1$2.png
post,9753788,candidate,suzuran_(arknights);suzuran_(yukibare)_(arknights),Yukibare,included_supporting_post,https://danbooru.donmai.us/posts/9753788,game rip
post,9754978,candidate,gummy_(arknights);gummy_(summer_flowers)_(arknights),Summer Flowers,included_supporting_post,https://danbooru.donmai.us/posts/9754978,https://media.prts.wiki/c/c4/Avg_char_196_sunbr_summer.png
post,9755119,candidate,utage_(arknights);utage_(summer_flowers)_(arknights),Summer Flowers (The Great Chief Returns),excluded_no_qualifying_form_evidence,https://danbooru.donmai.us/posts/9755119,https://media.prts.wiki/0/0a/Avg_char_337_utage_summer_1.png
post,9755296,candidate,sideroca_(arknights);sideroca_(light_breeze)_(arknights),Light Breeze,included_supporting_post,https://danbooru.donmai.us/posts/9755296,https://media.prts.wiki/a/ab/Avg_avg_npc_206_1-1.png
post,9755406,candidate,ceylon_(arknights);ceylon_(holiday)_(arknights),Holiday,excluded_no_qualifying_form_evidence,https://danbooru.donmai.us/posts/9755406,https://media.prts.wiki/9/93/立绘_锡兰_skin1.png
post,9775474,candidate,virtuosa_(arknights);virtuosa_(young)_(arknights),Young,included_supporting_post,https://danbooru.donmai.us/posts/9775474,https://media.prts.wiki/0/04/Avg_avg_npc_1120_1-1$1.png
post,9780970,candidate,viviana_(arknights),Young,excluded_no_qualifying_form_evidence,https://danbooru.donmai.us/posts/9780970,https://media.prts.wiki/b/b0/Avg_avg_npc_1121_1-1$1.png
post,9781960,candidate,lemuen_(arknights),Young,excluded_no_qualifying_form_evidence,https://danbooru.donmai.us/posts/9781960,https://media.prts.wiki/a/a5/Avg_avg_npc_1797_1$1.png
post,9784175,candidate,hierda_(arknights),,included_supporting_post,https://danbooru.donmai.us/posts/9784175,https://media.prts.wiki/d/df/Avg_avg_npc_1719_1-1$1.png
post,9788701,candidate,amiya_(arknights),[[White Rabbit Candy]] collaboration,excluded_no_qualifying_form_evidence,https://danbooru.donmai.us/posts/9788701,https://www.xiaohongshu.com/explore/689a738c00000000020019df?xsec_token=CBlQHS_3Ph5qK8THJus76TmbmVBjAWYYy93YpXB4GoAQw=
post,9790949,candidate,lemuen_(arknights),Hospital Gown (Guide Ahead),excluded_no_qualifying_form_evidence,https://danbooru.donmai.us/posts/9790949,https://media.prts.wiki/5/51/Avg_avg_npc_353_1-1$2.png
post,9790951,candidate,lemuen_(arknights),Cardinal uniform (Hortus de Escapismo),excluded_no_qualifying_form_evidence,https://danbooru.donmai.us/posts/9790951,https://media.prts.wiki/e/e6/Avg_avg_npc_925_1-1$1.png
post,9790953,candidate,lemuen_(arknights),Cardinal uniform (The Masses' Travels),excluded_no_qualifying_form_evidence,https://danbooru.donmai.us/posts/9790953,https://media.prts.wiki/e/ea/Avg_avg_npc_1811_1-1$2.png
post,9790954,candidate,lemuen_(arknights),Default (The Masses' Travels),excluded_no_qualifying_form_evidence,https://danbooru.donmai.us/posts/9790954,https://media.prts.wiki/1/1d/Avg_avg_npc_1811_1-1$1.png
post,9791675,candidate,lemuen_(arknights),Default,included_supporting_post,https://danbooru.donmai.us/posts/9791675,https://media.prts.wiki/7/76/立绘_蕾缪安_1.png
post,9791676,candidate,lemuen_(arknights),Elite II,excluded_no_qualifying_form_evidence,https://danbooru.donmai.us/posts/9791676,https://media.prts.wiki/4/4f/立绘_蕾缪安_2.png
post,9794574,candidate,aciddrop_(arknights),Holiday,excluded_no_qualifying_form_evidence,https://danbooru.donmai.us/posts/9794574,https://media.prts.wiki/a/a4/立绘_酸糖_skin2.png
post,9799618,candidate,haruka_(arknights),Casual,excluded_no_qualifying_form_evidence,https://danbooru.donmai.us/posts/9799618,https://media.prts.wiki/7/73/Avg_avg_npc_1918_1-1$1.png
post,9800050,candidate,poncirus_(arknights),To Rest in Night Breezes,excluded_no_qualifying_form_evidence,https://danbooru.donmai.us/posts/9800050,https://twitter.com/Roohasu_/status/1955993150155317674
post,9831533,candidate,lemuen_(arknights),Pontifica Cohors (Guide Ahead),excluded_no_qualifying_form_evidence,https://danbooru.donmai.us/posts/9831533,https://media.prts.wiki/d/d9/Avg_26_i16.png
post,9835036,candidate,ascalon_(arknights),Young,excluded_no_qualifying_form_evidence,https://danbooru.donmai.us/posts/9835036,https://media.prts.wiki/9/9f/Avg_avg_npc_1301_1-1$1.png
post,9835166,candidate,ascalon_(arknights),NPC (Episode 10: Shatterpoint),excluded_no_qualifying_form_evidence,https://danbooru.donmai.us/posts/9835166,https://media.prts.wiki/5/52/Avg_avg_npc_395_1-1$1.png
post,9835654,candidate,reed_(arknights);reed_(young)_(arknights),Young,included_supporting_post,https://danbooru.donmai.us/posts/9835654,https://media.prts.wiki/c/c2/Avg_avg_npc_1684_1-1$1.png
post,9835662,candidate,necrass_(arknights),Young,excluded_no_qualifying_form_evidence,https://danbooru.donmai.us/posts/9835662,https://media.prts.wiki/b/b8/Avg_avg_npc_1685_1-1$1.png
post,9842042,candidate,ch'en_(arknights),Where Vernal Winds Will Never Blow,excluded_no_qualifying_form_evidence,https://danbooru.donmai.us/posts/9842042,https://media.prts.wiki/9/9b/Avg_avg_npc_790_1-1%241.png
post,9859663,candidate,lava_(arknights),Default,included_supporting_post,https://danbooru.donmai.us/posts/9859663,https://media.prts.wiki/8/80/立绘_炎熔_1.png
post,9862203,candidate,nearl_(arknights),Default (Anime),excluded_no_qualifying_form_evidence,https://danbooru.donmai.us/posts/9862203,https://arknights-anime.jp/character/Nearl
post,9862210,candidate,rosmontis_(arknights),Default (Anime),excluded_no_qualifying_form_evidence,https://danbooru.donmai.us/posts/9862210,https://arknights-anime.jp/character/Rosmontis
post,9862462,candidate,alina_(arknights),,included_supporting_post,https://danbooru.donmai.us/posts/9862462,https://media.prts.wiki/b/b1/Avg_avg_npc_079.png
post,9868738,candidate,raidian_(arknights),Default,included_supporting_post,https://danbooru.donmai.us/posts/9868738,https://media.prts.wiki/5/5c/立绘_电弧_1.png
post,9868739,candidate,raidian_(arknights),Elite II,excluded_no_qualifying_form_evidence,https://danbooru.donmai.us/posts/9868739,https://media.prts.wiki/f/f9/立绘_电弧_2.png
post,9869180,candidate,crownslayer_(arknights),Default,included_supporting_post,https://danbooru.donmai.us/posts/9869180,https://media.prts.wiki/6/69/立绘_弑君者_1.png
post,9871741,candidate,crownslayer_(arknights),Elite II,excluded_no_qualifying_form_evidence,https://danbooru.donmai.us/posts/9871741,https://media.prts.wiki/b/bc/立绘_弑君者_2.png
post,9873211,candidate,shamare_(arknights);shamare_(celestial_crane)_(arknights),Celestial Crane,included_supporting_post,https://danbooru.donmai.us/posts/9873211,https://media.prts.wiki/1/16/立绘_巫恋_skin2.png
post,9879144,candidate,misumi_uika,[[Animate Cafe]] collaboration,excluded_no_qualifying_form_evidence,https://danbooru.donmai.us/posts/9879144,https://www.xiaohongshu.com/explore/689cc06b000000001d00e209?xsec_token=AB5mOH--eU0Rp1OyfiGQtgoQMeOO697Jb7y96y_QshYxk=&xsec_source=pc_like
post,9879146,candidate,yahata_umiri,[[Animate Cafe]] collaboration,excluded_no_qualifying_form_evidence,https://danbooru.donmai.us/posts/9879146,https://www.xiaohongshu.com/explore/689cc06b000000001d00e209?xsec_token=AB5mOH--eU0Rp1OyfiGQtgoQMeOO697Jb7y96y_QshYxk=&xsec_source=pc_like
post,9885100,candidate,siege_(arknights),Default,included_supporting_post,https://danbooru.donmai.us/posts/9885100,https://media.prts.wiki/4/4c/立绘_维娜·维多利亚_1.png
post,9885101,candidate,siege_(arknights),Elite II,excluded_no_qualifying_form_evidence,https://danbooru.donmai.us/posts/9885101,https://media.prts.wiki/8/8e/立绘_维娜·维多利亚_2.png
post,9885446,candidate,suzuran_(arknights);suzuran_(spring_praise)_(arknights),Spring Praise,excluded_no_qualifying_form_evidence,https://danbooru.donmai.us/posts/9885446,file://char_358_lisa_lxh#1.png
post,9890194,candidate,ch'en_(arknights),Prototype designs,excluded_no_qualifying_form_evidence,https://danbooru.donmai.us/posts/9890194,https://arknights.wiki.gg/wiki/File:Ch%27en_Early_Concept_Art_A.png
post,9910200,candidate,misumi_uika,Caged Singer,excluded_no_qualifying_form_evidence,https://danbooru.donmai.us/posts/9910200,https://discord.com/channels/280709755486470144/1412979930962333789/1413035951873064993
post,9910228,candidate,yahata_umiri,Moonlight Executioner,excluded_no_qualifying_form_evidence,https://danbooru.donmai.us/posts/9910228,https://discord.com/channels/280709755486470144/1412979930962333789/1413035995900940288
post,9910468,candidate,misumi_uika,Perro,excluded_no_qualifying_form_evidence,https://danbooru.donmai.us/posts/9910468,https://discord.com/channels/280709755486470144/1412979930962333789/1412983867970687069
post,9910492,candidate,yahata_umiri,Lupo,excluded_no_qualifying_form_evidence,https://danbooru.donmai.us/posts/9910492,https://discord.com/channels/280709755486470144/1412979930962333789/1412983867970687069
post,9928360,candidate,dagda_(arknights),Default,included_supporting_post,https://danbooru.donmai.us/posts/9928360,https://media.prts.wiki/c/c8/立绘_达格达_1.png
post,9930651,candidate,w_(arknights),CanNot Wait For,excluded_no_qualifying_form_evidence,https://danbooru.donmai.us/posts/9930651,https://ak.hypergryph.com/special/ambience_synesthesia
post,9932546,candidate,lappland_(ambience_synesthesia_2021)_(arknights);lappland_(arknights),,included_supporting_post,https://danbooru.donmai.us/posts/9932546,https://ak.hypergryph.com/special/ambience_synesthesia
post,9932667,candidate,siege_(arknights),"Ambience Synesthesia 2021, Hip Hop",excluded_no_qualifying_form_evidence,https://danbooru.donmai.us/posts/9932667,https://twitter.com/KuroBlood/status/1379837610575597574
post,9932795,candidate,indra_(arknights),Ambience Synesthesia 2021,excluded_no_qualifying_form_evidence,https://danbooru.donmai.us/posts/9932795,https://www.weibo.com/2315109910/K9Npg62PX
post,9958060,candidate,siege_(arknights);siege_(city_destroyer)_(arknights),City Destroyer (Act II),included_supporting_post,https://danbooru.donmai.us/posts/9958060,https://media.prts.wiki/a/a8/Avg_avg_npc_407_1-1$2.png
post,9958399,candidate,closure_(arknights),Act III,excluded_no_qualifying_form_evidence,https://danbooru.donmai.us/posts/9958399,https://media.prts.wiki/2/2f/Avg_avg_npc_1723_1-1$1.png
post,9958609,candidate,closure_(arknights),Past,excluded_no_qualifying_form_evidence,https://danbooru.donmai.us/posts/9958609,https://media.prts.wiki/5/52/Avg_avg_npc_050.png
post,9971206,candidate,heidi_(arknights),Young,excluded_no_qualifying_form_evidence,https://danbooru.donmai.us/posts/9971206,https://media.prts.wiki/b/bf/Avg_avg_npc_169_1-1.png
post,9971339,candidate,heidi_(arknights),A Thousand Correspondences,included_supporting_post,https://danbooru.donmai.us/posts/9971339,https://media.prts.wiki/2/2e/立绘_海蒂_skin1.png
post,10018035,candidate,yahata_umiri,[[Hachibousei Dance (bang dream!)|]],excluded_no_qualifying_form_evidence,https://danbooru.donmai.us/posts/10018035,https://horokenmo.tumblr.com/post/781615844112334848
post,10018068,candidate,misumi_uika,[[Hachibousei Dance (bang dream!)|]],excluded_no_qualifying_form_evidence,https://danbooru.donmai.us/posts/10018068,https://horokenmo.tumblr.com/post/781615844112334848
post,10020893,candidate,ascalon_(arknights),NPC (Babel),excluded_no_qualifying_form_evidence,https://danbooru.donmai.us/posts/10020893,https://media.prts.wiki/9/9c/Avg_avg_4132_ascln_1-1$1.png
post,10021058,candidate,ines_(arknights);ines_(melodic_flutter)_(arknights),Melodic Flutter,excluded_no_qualifying_form_evidence,https://danbooru.donmai.us/posts/10021058,https://media.prts.wiki/8/84/立绘_伊内丝_skin2.png
post,10021097,candidate,w_(arknights),Mercenary,excluded_no_qualifying_form_evidence,https://danbooru.donmai.us/posts/10021097,https://media.prts.wiki/8/8d/Avg_avg_npc_046.png
post,10049487,candidate,ch'en_(arknights),After Storm,included_supporting_post,https://danbooru.donmai.us/posts/10049487,https://arknights.wiki.gg/images/Ch'en_Skin_2.png
post,10054544,candidate,amiya_(arknights);amiya_(medic)_(arknights),Default (Absolved Will Be the Seekers),excluded_no_qualifying_form_evidence,https://danbooru.donmai.us/posts/10054544,https://media.prts.wiki/a/a0/Avg_avg_1037_amiya3_1-1$1.png
post,10054548,candidate,amiya_(arknights);amiya_(medic)_(arknights),Default (Absolved Will Be the Seekers),included_supporting_post,https://danbooru.donmai.us/posts/10054548,https://media.prts.wiki/c/cb/Avg_avg_1037_amiya3_1-1$3.png
post,10057457,candidate,amiya_(young)_(arknights),"Babel, possessed by [[Theresa (arknights)|]]",excluded_no_qualifying_form_evidence,https://danbooru.donmai.us/posts/10057457,https://media.prts.wiki/4/41/Avg_avg_npc_1295_1-11$1.png
post,10078827,candidate,ch'en_(arknights),[[Nanyue King Museum]],excluded_no_qualifying_form_evidence,https://danbooru.donmai.us/posts/10078827,https://twitter.com/Arknights_yuu12/status/1975240710552236531
post,10090545,candidate,harmonie_(arknights),Invitation,excluded_no_qualifying_form_evidence,https://danbooru.donmai.us/posts/10090545,https://media.prts.wiki/4/4c/立绘_和弦_skin1.png
post,10090555,candidate,kal'tsit_(arknights);kal'tsit_(the_remains_of_time)_(arknights),The Remains of Time,included_supporting_post,https://danbooru.donmai.us/posts/10090555,https://media.prts.wiki/0/0c/立绘_凯尔希_skin2_sp.png
post,10090556,candidate,kal'tsit_(the_remains_of_time)_(arknights),Variant 2,excluded_no_qualifying_form_evidence,https://danbooru.donmai.us/posts/10090556,https://media.prts.wiki/9/98/立绘_凯尔希_skin2.png
post,10090650,candidate,lava_(arknights);lava_the_purgatory_(arknights);lava_the_purgatory_(purifying_flame)_(arknights),Purifying Flame,excluded_no_qualifying_form_evidence,https://danbooru.donmai.us/posts/10090650,https://media.prts.wiki/4/43/立绘_炎狱炎熔_skin2.png
post,10090986,candidate,mantra_(arknights),Default,included_supporting_post,https://danbooru.donmai.us/posts/10090986,https://media.prts.wiki/e/ef/立绘_真言_1.png
post,10090995,candidate,mantra_(arknights),Elite II,excluded_no_qualifying_form_evidence,https://danbooru.donmai.us/posts/10090995,https://media.prts.wiki/8/86/立绘_真言_2.png
post,10091936,candidate,snegurochka_(arknights),Default,included_supporting_post,https://danbooru.donmai.us/posts/10091936,https://media.prts.wiki/5/56/立绘_冬时_1.png
post,10091938,candidate,snegurochka_(arknights),Elite II,excluded_no_qualifying_form_evidence,https://danbooru.donmai.us/posts/10091938,https://media.prts.wiki/3/3c/立绘_冬时_2.png
post,10119042,candidate,spuria_(arknights),Default,included_supporting_post,https://danbooru.donmai.us/posts/10119042,https://arknights.wiki.gg/images/Spuria.png?1e7a9a
post,10119626,candidate,spuria_(arknights),Elite II,excluded_no_qualifying_form_evidence,https://danbooru.donmai.us/posts/10119626,https://arknights.wiki.gg/images/Spuria_Elite_2.png?c0e403
post,10164988,candidate,eyjafjalla_(arknights);eyjafjalla_(fluffy_little_witch)_(arknights),Fluffy Little Witch,included_supporting_post,https://danbooru.donmai.us/posts/10164988,https://media.prts.wiki/8/86/立绘_艾雅法拉_skin2.png
post,10193385,candidate,amiya_(arknights),[[Haidilao]] collaboration,excluded_no_qualifying_form_evidence,https://danbooru.donmai.us/posts/10193385,https://twitter.com/Ligod09/status/1983189494141726866
post,10209138,candidate,pramanix_(arknights);pramanix_the_prerita_(arknights),Default,excluded_no_qualifying_form_evidence,https://danbooru.donmai.us/posts/10209138,https://media.prts.wiki/2/20/立绘_圣聆初雪_1.png
post,10209139,candidate,pramanix_(arknights);pramanix_the_prerita_(arknights),Elite II,excluded_no_qualifying_form_evidence,https://danbooru.donmai.us/posts/10209139,https://media.prts.wiki/5/59/立绘_圣聆初雪_2.png
post,10209159,candidate,astgenne_(arknights),Default,excluded_no_qualifying_form_evidence,https://danbooru.donmai.us/posts/10209159,https://media.prts.wiki/a/a0/立绘_溯光星源_1.png
post,10209160,candidate,astgenne_(arknights),Elite II,excluded_no_qualifying_form_evidence,https://danbooru.donmai.us/posts/10209160,https://media.prts.wiki/f/f9/立绘_溯光星源_2.png
post,10216799,candidate,siege_(arknights),Glorious Path,excluded_no_qualifying_form_evidence,https://danbooru.donmai.us/posts/10216799,https://media.prts.wiki/b/b3/立绘_维娜·维多利亚_skin1.png
post,10244909,candidate,talulah_(arknights),Act III,excluded_no_qualifying_form_evidence,https://danbooru.donmai.us/posts/10244909,https://media.prts.wiki/4/4f/Avg_avg_npc_1968_1-1$1.png
post,10249277,candidate,entelechia_(arknights),Default,included_supporting_post,https://danbooru.donmai.us/posts/10249277,https://media.prts.wiki/2/2d/立绘_隐德来希_1.png
post,10249282,candidate,entelechia_(arknights),Elite II,excluded_no_qualifying_form_evidence,https://danbooru.donmai.us/posts/10249282,https://media.prts.wiki/6/61/立绘_隐德来希_2.png
post,10249553,candidate,nymph_(arknights);nymph_(sweetness_to_the_heart)_(arknights),Sweetness to the Heart,included_supporting_post,https://danbooru.donmai.us/posts/10249553,https://media.prts.wiki/9/96/立绘_妮芙_skin1.png
post,10249579,candidate,nymph_(arknights),Default,included_supporting_post,https://danbooru.donmai.us/posts/10249579,https://media.prts.wiki/d/de/立绘_妮芙_1.png
post,10272176,candidate,yato_(arknights),Default (A Flurry to the Flame),excluded_no_qualifying_form_evidence,https://danbooru.donmai.us/posts/10272176,https://media.prts.wiki/5/51/Avg_avg_502_Yato_1-1$1.png
post,10272180,candidate,yato_(arknights),"Default, unmasked (A Flurry to the Flame)",excluded_no_qualifying_form_evidence,https://danbooru.donmai.us/posts/10272180,https://media.prts.wiki/f/f1/Avg_avg_502_Yato_1-1$2.png
post,10272227,candidate,yato_(arknights),Default,included_supporting_post,https://danbooru.donmai.us/posts/10272227,https://media.prts.wiki/a/ad/立绘_夜刀_1.png
post,10277938,candidate,amiya_(arknights);amiya_(arknights);amiya_(guard)_(arknights);amiya_(medic)_(arknights),"Default, fusion with Medic (Abnormal Spectrum)",excluded_no_qualifying_form_evidence,https://danbooru.donmai.us/posts/10277938,https://media.prts.wiki/5/5a/Avg_avg_npc_1980_1-1$1.png
post,10297757,candidate,eyjafjalla_(arknights),,excluded_no_qualifying_form_evidence,https://danbooru.donmai.us/posts/10297757,https://web-static.hg-cdn.com/endfield/official-v4/_next/static/media/ardelia.36d836c7.png
post,10314772,candidate,lappland_(arknights);lappland_the_decadenza_(arknights);lappland_the_decadenza_(unruly_humbleness)_(arknights),Unruly Humbleness,excluded_no_qualifying_form_evidence,https://danbooru.donmai.us/posts/10314772,https://img.moegirl.org.cn/common/e/ef/明日方舟立绘_荒芜拉普兰德_skin1.png
post,10314811,candidate,vendela_(arknights),Default,excluded_no_qualifying_form_evidence,https://danbooru.donmai.us/posts/10314811,https://img.moegirl.org.cn/common/4/45/明日方舟立绘_刺玫_1.png?download
post,10314844,candidate,vendela_(arknights),Elite II,excluded_no_qualifying_form_evidence,https://danbooru.donmai.us/posts/10314844,https://img.moegirl.org.cn/common/3/35/明日方舟立绘_刺玫_2.png
post,10339980,candidate,lappland_(arknights);lappland_the_decadenza_(arknights),Default,excluded_no_qualifying_form_evidence,https://danbooru.donmai.us/posts/10339980,https://media.prts.wiki/9/99/立绘_荒芜拉普兰德_1.png
post,10339981,candidate,lappland_(arknights);lappland_the_decadenza_(arknights),Elite II,excluded_no_qualifying_form_evidence,https://danbooru.donmai.us/posts/10339981,https://media.prts.wiki/0/0b/立绘_荒芜拉普兰德_2.png
post,10349729,candidate,warmy_(arknights),Default,included_supporting_post,https://danbooru.donmai.us/posts/10349729,https://arknights.wiki.gg/images/Warmy.png?976a32
post,10349736,candidate,warmy_(arknights),Elite II,excluded_no_qualifying_form_evidence,https://danbooru.donmai.us/posts/10349736,https://arknights.wiki.gg/images/Warmy_Elite_2.png?5377d8
post,10353190,candidate,ho'olheyak_(arknights);ho'olheyak_(ritual_of_immortality)_(arknights),Ritual of Immortality,included_supporting_post,https://danbooru.donmai.us/posts/10353190,https://media.prts.wiki/5/52/立绘_霍尔海雅_skin2.png
post,10353258,candidate,theresa_(arknights),Condolence,excluded_no_qualifying_form_evidence,https://danbooru.donmai.us/posts/10353258,https://media.prts.wiki/8/82/立绘_魔王_skin1.png
post,10353355,candidate,crownslayer_(arknights);crownslayer_(the_dark_night_terminator)_(arknights),The Dark Night Terminator,included_supporting_post,https://danbooru.donmai.us/posts/10353355,https://media.prts.wiki/e/e0/立绘_弑君者_skin1.png
post,10357435,candidate,w_(arknights),[[White Rabbit Candy]] collaboration,excluded_no_qualifying_form_evidence,https://danbooru.donmai.us/posts/10357435,https://i.pximg.net/img-original/img/2025/08/01/10/42/05/133350547_p0.jpg
post,10372476,candidate,mon3tr_(arknights),Elite II,excluded_no_qualifying_form_evidence,https://danbooru.donmai.us/posts/10372476,https://media.prts.wiki/8/88/立绘_Mon3tr_2.png
post,10372494,candidate,mon3tr_(arknights),Default,included_supporting_post,https://danbooru.donmai.us/posts/10372494,https://media.prts.wiki/d/d7/立绘_Mon3tr_1.png
post,10383855,candidate,nasti_(arknights),Default,included_supporting_post,https://danbooru.donmai.us/posts/10383855,https://media.prts.wiki/8/8e/立绘_娜斯提_1.png
post,10383942,candidate,fang_(arknights),A Pure Pianissimo,excluded_no_qualifying_form_evidence,https://danbooru.donmai.us/posts/10383942,https://media.prts.wiki/b/bf/立绘_历阵锐枪芬_skin1.png
post,10383962,candidate,reed_(arknights);reed_the_flame_shadow_(arknights),Glowing Flame in the Night,excluded_no_qualifying_form_evidence,https://danbooru.donmai.us/posts/10383962,https://media.prts.wiki/d/da/立绘_焰影苇草_skin3.png
post,10384116,candidate,nasti_(arknights),Elite II,excluded_no_qualifying_form_evidence,https://danbooru.donmai.us/posts/10384116,https://media.prts.wiki/9/93/立绘_娜斯提_2.png
post,10458613,candidate,surtr_(arknights);surtr_(colorful_wonderland)_(arknights),Colorful Wonderland,included_supporting_post,https://danbooru.donmai.us/posts/10458613,https://media.prts.wiki/6/69/立绘_史尔特尔_skin2.png
post,10480036,candidate,amiya_(arknights),In a Myriad of Universes,excluded_no_qualifying_form_evidence,https://danbooru.donmai.us/posts/10480036,https://media.prts.wiki/2/23/立绘_阿米娅(近卫)_skin2_sp.png
post,10480038,candidate,amiya_(arknights);amiya_(guard)_(arknights),In a Myriad of Universes,included_supporting_post,https://danbooru.donmai.us/posts/10480038,https://media.prts.wiki/d/d8/立绘_阿米娅(近卫)_skin2.png
post,10480109,candidate,rosmontis_(an_airy_dream)_(arknights);rosmontis_(arknights),,excluded_no_qualifying_form_evidence,https://danbooru.donmai.us/posts/10480109,https://media.prts.wiki/f/ff/立绘_迷迭香_skin2.png
post,10512584,candidate,haruka_(arknights),Birthday 2025,excluded_no_qualifying_form_evidence,https://danbooru.donmai.us/posts/10512584,https://weibo.com/5401180997/Q8wYWx5q9
post,10523016,candidate,haruka_(arknights),Elite II,excluded_no_qualifying_form_evidence,https://danbooru.donmai.us/posts/10523016,https://media.prts.wiki/d/d1/立绘_遥_2.png
post,10524667,candidate,myrtle_(arknights);myrtle_(bustling_festival)_(arknights),Bustling Festival,excluded_no_qualifying_form_evidence,https://danbooru.donmai.us/posts/10524667,https://media.prts.wiki/b/b9/立绘_桃金娘_skin3.png
post,10552350,candidate,lappland_(arknights),[[Haidilao]] collaboration,excluded_no_qualifying_form_evidence,https://danbooru.donmai.us/posts/10552350,https://twitter.com/uz30001/status/1980620192896929869
post,10560639,candidate,blaze_(arknights);blaze_the_igniting_spark_(arknights),Default,excluded_no_qualifying_form_evidence,https://danbooru.donmai.us/posts/10560639,https://media.prts.wiki/9/96/立绘_烛煌_1.png
post,10560640,candidate,blaze_(arknights);blaze_the_igniting_spark_(arknights),Elite II,excluded_no_qualifying_form_evidence,https://danbooru.donmai.us/posts/10560640,https://media.prts.wiki/f/fa/立绘_烛煌_2.png
post,10560642,candidate,blaze_(arknights);blaze_the_igniting_spark_(arknights),NPC,excluded_no_qualifying_form_evidence,https://danbooru.donmai.us/posts/10560642,https://media.prts.wiki/c/c6/Avg_avg_1040_blaze2_1-1$2.png
post,10577225,candidate,titi_(arknights),Default,included_supporting_post,https://danbooru.donmai.us/posts/10577225,https://prts.wiki/w/缇缇
post,10577226,candidate,titi_(arknights),Elite II,excluded_no_qualifying_form_evidence,https://danbooru.donmai.us/posts/10577226,https://prts.wiki/w/缇缇
post,10577287,candidate,perfumer_(arknights),Default,excluded_no_qualifying_form_evidence,https://danbooru.donmai.us/posts/10577287,https://media.prts.wiki/c/c7/立绘_撷英调香师_1.png
post,10577288,candidate,perfumer_(arknights),Elite II,excluded_no_qualifying_form_evidence,https://danbooru.donmai.us/posts/10577288,https://media.prts.wiki/1/15/立绘_撷英调香师_2.png
post,10577366,candidate,blaze_(arknights);blaze_the_igniting_spark_(arknights);blaze_the_igniting_spark_(homecoming_night)_(arknights),Homecoming Night,excluded_no_qualifying_form_evidence,https://danbooru.donmai.us/posts/10577366,https://media.prts.wiki/7/73/立绘_烛煌_skin1.png
post,10577431,candidate,entelechia_(arknights);entelechia_(dazzling_blue)_(arknights),Dazzling Blue,included_supporting_post,https://danbooru.donmai.us/posts/10577431,https://media.prts.wiki/9/9d/立绘_隐德来希_skin1.png
post,10614557,candidate,beanstalk_(arknights);beanstalk_(gift_uncompleted)_(arknights),Gift Uncompleted,included_supporting_post,https://danbooru.donmai.us/posts/10614557,https://arknights.wiki.gg/images/Beanstalk_Skin_1.png
post,10635497,candidate,rosa_(arknights),Forever Together,excluded_no_qualifying_form_evidence,https://danbooru.donmai.us/posts/10635497,https://media.prts.wiki/3/3d/立绘_早露_skin2.png
post,10635525,candidate,ifrit_(arknights);ifrit_(relaxing_trip)_(arknights),Relaxing Trip,excluded_no_qualifying_form_evidence,https://danbooru.donmai.us/posts/10635525,https://media.prts.wiki/7/77/立绘_伊芙利特_skin3.png
post,10647623,candidate,plume_(arknights);plume_(easy_time)_(arknights),Easy Time,included_supporting_post,https://danbooru.donmai.us/posts/10647623,https://media.prts.wiki/a/ae/立绘_翎羽_skin1.png
post,10648048,candidate,orchid_(arknights);orchid_(twines_of_time)_(arknights),Twines of Time,included_supporting_post,https://danbooru.donmai.us/posts/10648048,https://media.prts.wiki/2/21/立绘_梓兰_skin1.png
post,10648083,candidate,jessica_(arknights);jessica_(iron_block)_(arknights),Iron Block,included_supporting_post,https://danbooru.donmai.us/posts/10648083,https://media.prts.wiki/c/c2/立绘_杰西卡_skin1.png
post,10648117,candidate,meteor_(arknights);meteor_(gwiazdcytrony)_(arknights),Gwiazdcytrony,included_supporting_post,https://danbooru.donmai.us/posts/10648117,https://media.prts.wiki/6/67/立绘_流星_skin2.png
post,10648177,candidate,vigna_(arknights);vigna_(black_wave)_(arknights),Black Wave,included_supporting_post,https://danbooru.donmai.us/posts/10648177,https://media.prts.wiki/d/d7/立绘_红豆_skin2.png
post,10648281,candidate,mousse_(arknights),Campfire Cooking Smoke,included_supporting_post,https://danbooru.donmai.us/posts/10648281,https://media.prts.wiki/5/52/立绘_慕斯_skin1.png
post,10648373,candidate,deepcolor_(arknights);deepcolor_(melodic_portrayal)_(arknights),Melodic Portrayal,excluded_no_qualifying_form_evidence,https://danbooru.donmai.us/posts/10648373,https://media.prts.wiki/d/df/立绘_深海色_skin1.png
post,10648398,candidate,earthspirit_(arknights);earthspirit_(major_field)_(arknights),Major Field,included_supporting_post,https://danbooru.donmai.us/posts/10648398,https://media.prts.wiki/8/8b/立绘_地灵_skin1.png
post,10648628,candidate,exusiai_(arknights),Midnight Delivery,included_supporting_post,https://danbooru.donmai.us/posts/10648628,https://media.prts.wiki/7/78/立绘_能天使_skin3.png
post,10648690,candidate,nightingale_(arknights);nightingale_(iakhu_of_flows)_(arknights),Iakhu of Flows,included_supporting_post,https://danbooru.donmai.us/posts/10648690,https://media.prts.wiki/e/e5/立绘_夜莺_skin2.png
post,10648709,candidate,hoshiguma_(arknights),Seeker,excluded_no_qualifying_form_evidence,https://danbooru.donmai.us/posts/10648709,https://media.prts.wiki/e/e4/立绘_星熊_skin2.png
post,10648761,candidate,nightmare_(arknights),The Ferry Girl,included_supporting_post,https://danbooru.donmai.us/posts/10648761,https://media.prts.wiki/b/b5/立绘_夜魔_skin2.png
post,10648767,candidate,angelina_(arknights),Lawson,excluded_no_qualifying_form_evidence,https://danbooru.donmai.us/posts/10648767,https://twitter.com/YezhiDRuobei/status/2013963956507824244
post,10648785,candidate,skadi_(arknights),The Next Afternoon Tea,included_supporting_post,https://danbooru.donmai.us/posts/10648785,https://media.prts.wiki/3/3d/立绘_斯卡蒂_skin2.png
post,10652298,candidate,sussurro_(arknights);sussurro_(travel_freely)_(arknights),Travel Freely,excluded_no_qualifying_form_evidence,https://danbooru.donmai.us/posts/10652298,https://media.prts.wiki/b/bd/立绘_苏苏洛_skin2.png
post,10652343,candidate,myrtle_(arknights);myrtle_(summer_flowers)_(arknights),Summer Flowers,included_supporting_post,https://danbooru.donmai.us/posts/10652343,https://media.prts.wiki/9/96/立绘_桃金娘_skin2.png
post,10652364,candidate,astesia_(arknights);astesia_(fantastic_crafts)_(arknights),Fantastic Crafts,included_supporting_post,https://danbooru.donmai.us/posts/10652364,https://media.prts.wiki/a/a4/立绘_星极_skin3.png
post,10652726,candidate,dur-nar_(arknights);dur-nar_(plush_cake)_(arknights),Plush Cake,included_supporting_post,https://danbooru.donmai.us/posts/10652726,https://media.prts.wiki/0/04/立绘_坚雷_skin1.png
post,10652737,candidate,vermeil_(arknights);vermeil_(playfellows)_(arknights),Playfellows,included_supporting_post,https://danbooru.donmai.us/posts/10652737,https://media.prts.wiki/4/49/立绘_红云_skin1.png
post,10653012,candidate,mostima_(arknights);mostima_(ethereal_harmony)_(arknights),Ethereal Harmony,included_supporting_post,https://danbooru.donmai.us/posts/10653012,https://media.prts.wiki/b/b7/立绘_莫斯提马_skin2.png
post,10653441,candidate,ambriel_(arknights),Holiday,excluded_no_qualifying_form_evidence,https://danbooru.donmai.us/posts/10653441,https://media.prts.wiki/1/1e/立绘_安比尔_skin1.png
post,10653529,candidate,blaze_(arknights);blaze_(explosive_blue_flame)_(arknights),Explosive Blue Flame,included_supporting_post,https://danbooru.donmai.us/posts/10653529,https://media.prts.wiki/e/e6/立绘_煌_skin2.png
post,10657533,candidate,nian_(arknights);nian_(thunderbolt_director)_(arknights),Thunderbolt Director,excluded_no_qualifying_form_evidence,https://danbooru.donmai.us/posts/10657533,https://media.prts.wiki/4/41/立绘_年_skin2.png
post,10657560,candidate,utage_(arknights);utage_(disguise)_(arknights),Disguise,included_supporting_post,https://danbooru.donmai.us/posts/10657560,https://media.prts.wiki/b/bd/立绘_宴_skin2.png
post,10657691,candidate,bagpipe_(arknights);bagpipe_(royal_guardswoman)_(arknights),Royal Guardswoman,excluded_no_qualifying_form_evidence,https://danbooru.donmai.us/posts/10657691,https://media.prts.wiki/7/73/立绘_风笛_skin2.png
post,10657721,candidate,cutter_(arknights);cutter_(wiping_knife)_(arknights),Wiping Knife,included_supporting_post,https://danbooru.donmai.us/posts/10657721,https://media.prts.wiki/1/12/立绘_刻刀_skin1.png
post,10657847,candidate,asbestos_(arknights);asbestos_(glen_sonata)_(arknights),Glen Sonata,included_supporting_post,https://danbooru.donmai.us/posts/10657847,https://media.prts.wiki/0/0a/立绘_石棉_skin1.png
post,10658318,candidate,absinthe_(arknights);absinthe_(noon_twilight)_(arknights),noon Twilight,included_supporting_post,https://danbooru.donmai.us/posts/10658318,https://media.prts.wiki/9/94/立绘_苦艾_skin1.png
post,10658811,candidate,scene_(arknights);scene_(betsushi)_(arknights),Betsushi,included_supporting_post,https://danbooru.donmai.us/posts/10658811,https://media.prts.wiki/1/14/立绘_稀音_skin1.png
post,10658872,candidate,beeswax_(arknights),Holiday,excluded_no_qualifying_form_evidence,https://danbooru.donmai.us/posts/10658872,https://media.prts.wiki/1/19/立绘_蜜蜡_skin2.png
post,10662307,candidate,aciddrop_(afternoon_teatime)_(arknights);aciddrop_(arknights),,included_supporting_post,https://danbooru.donmai.us/posts/10662307,https://media.prts.wiki/3/3d/立绘_酸糖_skin1.png
post,10662387,candidate,tomimi_(arknights),Silent Night,excluded_no_qualifying_form_evidence,https://danbooru.donmai.us/posts/10662387,https://media.prts.wiki/0/0b/立绘_特米米_skin1.png
post,10662405,candidate,flint_(arknights);flint_(gorgeous_flower)_(arknights),Gorgeous Flower,included_supporting_post,https://danbooru.donmai.us/posts/10662405,https://media.prts.wiki/d/d7/立绘_燧石_skin1.png
post,10662418,candidate,mint_(arknights),Tsukiyoi,included_supporting_post,https://danbooru.donmai.us/posts/10662418,https://media.prts.wiki/e/e4/立绘_薄绿_skin1.png
post,10662702,candidate,whisperain_(arknights);whisperain_(priory_of_abyss)_(arknights),Priory of Abyss,excluded_no_qualifying_form_evidence,https://danbooru.donmai.us/posts/10662702,https://media.prts.wiki/6/6e/立绘_絮雨_skin2.png
post,10662760,candidate,rosmontis_(arknights);rosmontis_(become_anew)_(arknights),Become Anew,included_supporting_post,https://danbooru.donmai.us/posts/10662760,https://media.prts.wiki/b/ba/立绘_迷迭香_skin1.png
post,10662813,candidate,pinecone_(arknights);pinecone_(season_of_travel)_(arknights),Season of Travel,included_supporting_post,https://danbooru.donmai.us/posts/10662813,https://media.prts.wiki/e/e4/立绘_松果_skin2.png
post,10662838,candidate,robin_(arknights);robin_(gift_of_wild)_(arknights),Gift of Wild,included_supporting_post,https://danbooru.donmai.us/posts/10662838,https://media.prts.wiki/b/b6/立绘_罗宾_skin1.png
post,10702102,candidate,nasti_(arknights),NPC,excluded_no_qualifying_form_evidence,https://danbooru.donmai.us/posts/10702102,https://media.prts.wiki/1/17/Avg_avg_npc_891_1-1$1.png
post,10760074,candidate,ch'en_(arknights),Default,included_supporting_post,https://danbooru.donmai.us/posts/10760074,https://raw.githubusercontent.com/PuppiizSunniiz/Arknight-Images/main/characters/char_1050_chen3_1.png
post,10760076,candidate,ch'en_(arknights),Elite II,excluded_no_qualifying_form_evidence,https://danbooru.donmai.us/posts/10760076,https://raw.githubusercontent.com/PuppiizSunniiz/Arknight-Images/main/characters/char_1050_chen3_2.png
post,10760294,candidate,dusk_(arknights);dusk_(hazy_jade)_(arknights),Hazy Jade,excluded_no_qualifying_form_evidence,https://danbooru.donmai.us/posts/10760294,https://raw.githubusercontent.com/PuppiizSunniiz/Arknight-Images/main/characters/char_2015_dusk_nian%2312.png
post,10760342,candidate,ling_(a_gallant_dream)_(arknights);ling_(arknights),,included_supporting_post,https://danbooru.donmai.us/posts/10760342,https://raw.githubusercontent.com/PuppiizSunniiz/Arknight-Images/main/characters/char_2023_ling_nian%2312.png
post,10760456,candidate,beanstalk_(arknights);beanstalk_(ribbons_of_promise)_(arknights),Ribbons of Promise,included_supporting_post,https://danbooru.donmai.us/posts/10760456,https://media.prts.wiki/c/cb/立绘_豆苗_skin2.png
post,10761035,candidate,jie_(arknights),,included_supporting_post,https://danbooru.donmai.us/posts/10761035,https://arknights.wiki.gg/images/Jie.png
post,10763359,candidate,jun_(arknights),,included_supporting_post,https://danbooru.donmai.us/posts/10763359,https://arknights.wiki.gg/images/Jun.png
post,10787123,candidate,ling_(arknights),It Does Wash the Strings,included_supporting_post,https://danbooru.donmai.us/posts/10787123,https://arknights.wiki.gg/images/Ling_Skin_1.png
post,10787289,candidate,ling_(arknights),Towering is Cliff of Nostalgia,included_supporting_post,https://danbooru.donmai.us/posts/10787289,https://arknights.wiki.gg/images/Ling_Skin_2.png
post,10809804,candidate,theresa_(arknights),NPC,excluded_no_qualifying_form_evidence,https://danbooru.donmai.us/posts/10809804,https://arknights.wiki.gg/images/Theresa.png
post,10816947,candidate,degenbrecher_(arknights),Elite II,excluded_no_qualifying_form_evidence,https://danbooru.donmai.us/posts/10816947,https://arknights.wiki.gg/images/Degenbrecher_Elite_2.png
post,10823423,candidate,penance_(arknights),Default,included_supporting_post,https://danbooru.donmai.us/posts/10823423,https://media.prts.wiki/7/79/立绘_斥罪_1.png
post,10823432,candidate,penance_(arknights),Elite II,excluded_no_qualifying_form_evidence,https://danbooru.donmai.us/posts/10823432,https://media.prts.wiki/1/1a/立绘_斥罪_2.png
post,10823532,candidate,penance_(arknights);penance_(occasionally_flushed)_(arknights),Occasionally Flushed,included_supporting_post,https://danbooru.donmai.us/posts/10823532,https://media.prts.wiki/3/3d/立绘_斥罪_skin1.png
post,10826262,candidate,penance_(arknights);penance_(scribing)_(arknights),Scribing,included_supporting_post,https://danbooru.donmai.us/posts/10826262,https://media.prts.wiki/5/56/立绘_斥罪_skin2.png
post,10827508,candidate,specter_(arknights);specter_the_unchained_(arknights);specter_the_unchained_(born_as_one)_(arknights),Born as One,excluded_no_qualifying_form_evidence,https://danbooru.donmai.us/posts/10827508,https://arknights.wiki.gg/images/Specter_the_Unchained_Skin_1.png
post,10835169,candidate,dusk_(arknights),Everything is a Miracle,included_supporting_post,https://danbooru.donmai.us/posts/10835169,https://media.prts.wiki/8/80/立绘_夕_skin1.png
post,10839248,candidate,kal'tsit_(arknights);kal'tsit_(remnant)_(arknights),Remnant,included_supporting_post,https://danbooru.donmai.us/posts/10839248,https://media.prts.wiki/0/0f/立绘_凯尔希_skin1.png
post,10860896,candidate,u-official_(arknights);u-official_(stream_above_the_clouds)_(arknights),Stream Above the Clouds,included_supporting_post,https://danbooru.donmai.us/posts/10860896,https://media.prts.wiki/3/39/立绘_U-Official_skin1.png
post,10867558,candidate,theresa_(arknights),Ambience Synesthesia,excluded_no_qualifying_form_evidence,https://danbooru.donmai.us/posts/10867558,https://www.bilibili.com/opus/958087868101689369
post,10882644,candidate,typhon_(arknights),Default,included_supporting_post,https://danbooru.donmai.us/posts/10882644,https://media.prts.wiki/8/8e/立绘_提丰_1.png
post,10882662,candidate,typhon_(arknights),Elite II,excluded_no_qualifying_form_evidence,https://danbooru.donmai.us/posts/10882662,https://media.prts.wiki/9/9f/立绘_提丰_2.png
post,10882996,candidate,typhon_(arknights);typhon_(northern_pathfinder)_(arknights),Northern Pathfinder,included_supporting_post,https://danbooru.donmai.us/posts/10882996,https://media.prts.wiki/0/01/立绘_提丰_skin1.png
post,10885241,candidate,typhon_(arknights),Temperature Difference,excluded_no_qualifying_form_evidence,https://danbooru.donmai.us/posts/10885241,https://media.prts.wiki/3/30/立绘_提丰_skin2.png
post,10897877,candidate,heavyrain_(arknights);heavyrain_(tranquil_moss)_(arknights),Tranquil Moss,included_supporting_post,https://danbooru.donmai.us/posts/10897877,https://media.prts.wiki/6/64/立绘_暴雨_skin1.png
post,10897958,candidate,pallas_(a_drip_of_orea_and_potamous)_(arknights);pallas_(arknights),,included_supporting_post,https://danbooru.donmai.us/posts/10897958,https://media.prts.wiki/7/7a/立绘_帕拉斯_skin2.png
post,10898022,candidate,irene_(arknights);irene_(voyage_of_feathers)_(arknights),Voyage of Feathers,included_supporting_post,https://danbooru.donmai.us/posts/10898022,https://media.prts.wiki/2/2e/立绘_艾丽妮_skin1.png
post,10904823,candidate,shu_(arknights),Spring Feast,included_supporting_post,https://danbooru.donmai.us/posts/10904823,https://media.prts.wiki/5/52/立绘_黍_skin1.png
post,10906230,candidate,muelsyse_(arknights);muelsyse_(young_branch)_(arknights),Young Branch,included_supporting_post,https://danbooru.donmai.us/posts/10906230,https://media.prts.wiki/4/4f/立绘_缪尔赛思_skin1.png
post,10909523,candidate,muelsyse_(arknights);muelsyse_(golden_reverie)_(arknights),Golden Reverie,included_supporting_post,https://danbooru.donmai.us/posts/10909523,https://media.prts.wiki/e/e9/立绘_缪尔赛思_skin2.png
post,10917741,candidate,saria_(arknights);saria_(the_law)_(arknights),The Law,included_supporting_post,https://danbooru.donmai.us/posts/10917741,https://arknights.wiki.gg/images/Saria_MB.png
post,10918644,candidate,necrass_(arknights),Default,included_supporting_post,https://danbooru.donmai.us/posts/10918644,https://media.prts.wiki/8/8e/立绘_死芒_1.png
post,10918666,candidate,necrass_(arknights),Elite II,excluded_no_qualifying_form_evidence,https://danbooru.donmai.us/posts/10918666,https://media.prts.wiki/9/93/立绘_死芒_2.png
post,10918816,candidate,necrass_(arknights),Summer Flowers,excluded_no_qualifying_form_evidence,https://danbooru.donmai.us/posts/10918816,https://media.prts.wiki/e/e7/立绘_死芒_skin1.png
post,10922077,candidate,marcille_donato,Terra & Traveller,excluded_no_qualifying_form_evidence,https://danbooru.donmai.us/posts/10922077,https://media.prts.wiki/2/2d/立绘_玛露西尔_skin1.png
post,10925823,candidate,lin_(arknights),Summer Flowers,excluded_no_qualifying_form_evidence,https://danbooru.donmai.us/posts/10925823,https://media.prts.wiki/6/6a/立绘_林_skin2.png
post,10930459,candidate,raidian_(arknights);raidian_(lorem_ipsum)_(arknights),Lorem Ipsum,excluded_no_qualifying_form_evidence,https://danbooru.donmai.us/posts/10930459,file://raidian1.png
post,10930551,candidate,papyrus_(arknights);papyrus_(the_next_side_quest)_(arknights),The Next Side Quest,excluded_no_qualifying_form_evidence,https://danbooru.donmai.us/posts/10930551,Game files
post,10930609,candidate,leizi_(arknights);leizi_the_thunderbringer_(arknights);leizi_the_thunderbringer_(the_bloodwing_rose)_(arknights),The Bloodwing Rose,excluded_no_qualifying_form_evidence,https://danbooru.donmai.us/posts/10930609,Game files
post,10930698,candidate,popukar_(arknights),The Bamboo Spiritualist,excluded_no_qualifying_form_evidence,https://danbooru.donmai.us/posts/10930698,Game files
post,10939506,candidate,skadi_(arknights);skadi_the_corrupting_heart_(red_countess)_(arknights),Red Countess,excluded_no_qualifying_form_evidence,https://danbooru.donmai.us/posts/10939506,https://media.prts.wiki/7/78/立绘_浊心斯卡蒂_skin2.png
post,10957668,candidate,saga_(arknights);saga_(there_they_be)_(arknights),There They Be,excluded_no_qualifying_form_evidence,https://danbooru.donmai.us/posts/10957668,https://media.prts.wiki/2/2d/立绘_嵯峨_skin1.png
post,10980172,candidate,mousse_(arknights),Hydration Time,excluded_no_qualifying_form_evidence,https://danbooru.donmai.us/posts/10980172,https://media.prts.wiki/e/ea/立绘_慕斯_skin2.png
post,10992207,candidate,la_pluma_(arknights);la_pluma_(summer_flowers)_(arknights),Summer Flowers,included_supporting_post,https://danbooru.donmai.us/posts/10992207,https://arknights.wiki.gg/images/La_Pluma_Skin_1.png
post,11038381,candidate,wulfenite_(arknights),Default,included_supporting_post,https://danbooru.donmai.us/posts/11038381,https://arknights.wiki.gg/images/Wulfenite.png
post,11038387,candidate,wulfenite_(arknights),Elite II,excluded_no_qualifying_form_evidence,https://danbooru.donmai.us/posts/11038387,https://arknights.wiki.gg/images/Wulfenite_Elite_2.png
post,11057741,candidate,virtuosa_(arknights),Yukata,excluded_no_qualifying_form_evidence,https://danbooru.donmai.us/posts/11057741,https://www.weibo.com/1886672467/PAkyZCCcM
post,11063230,candidate,pramanix_(arknights),Hymn to Sunbreak,excluded_no_qualifying_form_evidence,https://danbooru.donmai.us/posts/11063230,https://ak.hypergryph.com/special/amb-2026
post,11063347,candidate,virtuosa_(arknights),Ambience Synesthesia 2026,excluded_no_qualifying_form_evidence,https://danbooru.donmai.us/posts/11063347,https://ak.hypergryph.com/special/amb-2026
post,11063411,candidate,hoshiguma_(arknights),[[Ambience Synesthesia]] 2026,excluded_no_qualifying_form_evidence,https://danbooru.donmai.us/posts/11063411,https://ak.hypergryph.com/special/amb-2026
post,11063436,candidate,nian_(arknights),[[Ambience Synesthesia]],excluded_no_qualifying_form_evidence,https://danbooru.donmai.us/posts/11063436,https://ak.hypergryph.com/special/amb-2026
post,11063480,candidate,leizi_(arknights),[[Ambience Synesthesia]] 2026,excluded_no_qualifying_form_evidence,https://danbooru.donmai.us/posts/11063480,https://ak.hypergryph.com/special/amb-2026
post,11063525,candidate,magallan_(arknights),[[Ambience Synesthesia]],excluded_no_qualifying_form_evidence,https://danbooru.donmai.us/posts/11063525,https://ak.hypergryph.com/special/amb-2026
post,11063577,candidate,degenbrecher_(arknights),[[Ambience Synesthesia]],excluded_no_qualifying_form_evidence,https://danbooru.donmai.us/posts/11063577,https://ak.hypergryph.com/special/amb-2026
post,11063607,candidate,mon3tr_(arknights),[[Ambience Synesthesia]],excluded_no_qualifying_form_evidence,https://danbooru.donmai.us/posts/11063607,https://ak.hypergryph.com/special/amb-2026
post,11063626,candidate,amiya_(arknights),2026,excluded_no_qualifying_form_evidence,https://danbooru.donmai.us/posts/11063626,https://ak.hypergryph.com/special/amb-2026
post,11063648,candidate,mantra_(arknights),[[Ambience Synesthesia]],excluded_no_qualifying_form_evidence,https://danbooru.donmai.us/posts/11063648,https://ak.hypergryph.com/special/amb-2026
post,11063680,candidate,w_(arknights),[[Ambience Synesthesia]] 2026,excluded_no_qualifying_form_evidence,https://danbooru.donmai.us/posts/11063680,https://ak.hypergryph.com/special/amb-2026
post,11063710,candidate,zima_(arknights),[[Ambience Synesthesia]] 2026,excluded_no_qualifying_form_evidence,https://danbooru.donmai.us/posts/11063710,https://ak.hypergryph.com/special/amb-2026
post,11069593,candidate,wis'adel_(arknights),April Fools,excluded_no_qualifying_form_evidence,https://danbooru.donmai.us/posts/11069593,https://media.prts.wiki/f/f6/立绘_维什戴尔_skin2.png
post,11110204,candidate,zima_(arknights),[[Zima the Raging Tide (Arknights)|]],excluded_no_qualifying_form_evidence,https://danbooru.donmai.us/posts/11110204,Game files
post,11110616,candidate,nymph_(arknights);nymph_(blooming_reverie)_(arknights),Blooming Reverie,excluded_no_qualifying_form_evidence,https://danbooru.donmai.us/posts/11110616,Game files
post,11111115,candidate,surtr_(arknights);surtr_(prelude_to_transcendence)_(arknights),Prelude to Transcendence,excluded_no_qualifying_form_evidence,https://danbooru.donmai.us/posts/11111115,Game files
post,11211654,candidate,carnelian_(arknights);carnelian_(hohenlohe_chillysand)_(arknights),Hohenlohe Chillysand,included_supporting_post,https://danbooru.donmai.us/posts/11211654,https://media.prts.wiki/0/02/立绘_卡涅利安_skin1.png
post,11260968,candidate,saria_(arknights);saria_(unstained_unshaken)_(arknights),"Unstained, Unshaken",included_supporting_post,https://danbooru.donmai.us/posts/11260968,https://media.prts.wiki/7/74/立绘_塞雷娅_skin3.png
post,11261049,candidate,lemuen_(arknights);lemuen_(requiem_vesperis)_(arknights),Requiem Vesperis,included_supporting_post,https://danbooru.donmai.us/posts/11261049,https://media.prts.wiki/3/32/立绘_蕾缪安_skin1.png
post,11261113,candidate,necrass_(arknights);necrass_(as_clear_as_crystal)_(arknights),As Clear As Crystal,included_supporting_post,https://danbooru.donmai.us/posts/11261113,https://media.prts.wiki/5/55/立绘_死芒_skin2.png
post,11261197,candidate,savage_(arknights),Yet Another Autumn,excluded_no_qualifying_form_evidence,https://danbooru.donmai.us/posts/11261197,https://media.prts.wiki/1/11/立绘_暴行_skin3.png
post,11263068,candidate,angelina_(arknights),GS25,excluded_no_qualifying_form_evidence,https://danbooru.donmai.us/posts/11263068,https://x.com/charismaing_/status/2049187996189200591
post,11265397,candidate,kal'tsit_(arknights);kal'tsit_esperanta_(arknights),The Unbounded Folio,excluded_no_qualifying_form_evidence,https://danbooru.donmai.us/posts/11265397,https://www.bilibili.com/opus/1196542244776050704
post,11266345,candidate,amiya_(arknights);amiya_(medic)_(arknights),The Unbounded Folio,excluded_no_qualifying_form_evidence,https://danbooru.donmai.us/posts/11266345,https://www.bilibili.com/opus/1196673279947964468
post,11279458,candidate,kal'tsit_(arknights);kal'tsit_esperanta_(arknights),Default,excluded_no_qualifying_form_evidence,https://danbooru.donmai.us/posts/11279458,https://media.prts.wiki/d/d9/立绘_凯尔希·思衡托_1.png
post,11279459,candidate,kal'tsit_esperanta_(arknights),Elite II,excluded_no_qualifying_form_evidence,https://danbooru.donmai.us/posts/11279459,https://media.prts.wiki/5/57/立绘_凯尔希·思衡托_2.png
post,11279515,candidate,closure_(arknights),Default,included_supporting_post,https://danbooru.donmai.us/posts/11279515,https://media.prts.wiki/7/7e/立绘_可露希尔_1.png
post,11279516,candidate,closure_(arknights),Elite II,excluded_no_qualifying_form_evidence,https://danbooru.donmai.us/posts/11279516,https://media.prts.wiki/2/21/立绘_可露希尔_2.png
post,11281277,candidate,mon3tr_(arknights),Sharpened Claws,excluded_no_qualifying_form_evidence,https://danbooru.donmai.us/posts/11281277,https://media.prts.wiki/3/30/立绘_Mon3tr_skin1.png
post,11281352,candidate,aroma_(arknights),Picnic Times,excluded_no_qualifying_form_evidence,https://danbooru.donmai.us/posts/11281352,https://media.prts.wiki/c/c2/立绘_阿罗玛_skin1.png
post,11281659,candidate,haruka_(arknights),Stranded in Utopia,excluded_no_qualifying_form_evidence,https://danbooru.donmai.us/posts/11281659,https://media.prts.wiki/d/dd/立绘_遥_skin1.png
post,11281743,candidate,exusiai_(arknights);exusiai_the_new_covenant_(arknights),The Legend Seeker,excluded_no_qualifying_form_evidence,https://danbooru.donmai.us/posts/11281743,https://media.prts.wiki/3/30/立绘_新约能天使_skin1_sp.png
post,11292429,candidate,rosa_(arknights);rosa_(masterpiece)_(arknights),Masterpiece,included_supporting_post,https://danbooru.donmai.us/posts/11292429,https://media.prts.wiki/2/20/Avg_avg_npc_2165_1-1$1.png
post,11293929,candidate,specter_(arknights);specter_the_unchained_(arknights),Pearlescent Pageantry (Kayou collaboration),excluded_no_qualifying_form_evidence,https://danbooru.donmai.us/posts/11293929,https://scaramouche1031.lofter.com/post/4c0b2588_34dd4fae9
post,11294740,candidate,reed_(arknights);reed_the_flame_shadow_(arknights),Pearlescent Pageantry,excluded_no_qualifying_form_evidence,https://danbooru.donmai.us/posts/11294740,https://ppxdq.lofter.com/post/89701617_34dd8dd62
post,11317001,candidate,skadi_(arknights),Pearlescent Pageantry (Kayou collaboration),excluded_no_qualifying_form_evidence,https://danbooru.donmai.us/posts/11317001,https://www.bilibili.com/opus/1199296873598287890
post,11323402,candidate,texas_(arknights),[[Domino's Pizza]] collaboration,excluded_no_qualifying_form_evidence,https://danbooru.donmai.us/posts/11323402,https://i.pximg.net/img-original/img/2026/05/07/00/43/51/144464506_p0.png
post,11324775,candidate,talulah_(arknights),Chapter 17,excluded_no_qualifying_form_evidence,https://danbooru.donmai.us/posts/11324775,https://media.prts.wiki/3/35/Avg_avg_npc_2247_1-1$1.png
post,11325399,candidate,amiya_(arknights);amiya_(medic)_(arknights),Pearlescent Pageantry (Kayou collaboration),excluded_no_qualifying_form_evidence,https://danbooru.donmai.us/posts/11325399,https://i.pximg.net/img-original/img/2026/05/08/00/42/35/144502235_p0.jpg
post,11343414,candidate,pramanix_(arknights),Young,excluded_no_qualifying_form_evidence,https://danbooru.donmai.us/posts/11343414,https://x.com/zeriko7/status/2049002421997989926
post,11350726,candidate,eyjafjalla_(arknights),Ambience Synesthesia 2022,excluded_no_qualifying_form_evidence,https://danbooru.donmai.us/posts/11350726,https://ak.hypergryph.com/special/ambience-2022/
post,11350755,candidate,amiya_(arknights),2022,excluded_no_qualifying_form_evidence,https://danbooru.donmai.us/posts/11350755,https://ak.hypergryph.com/special/ambience-2022/
post,11350895,candidate,saileach_(arknights),Ambience Synesthesia 2022,excluded_no_qualifying_form_evidence,https://danbooru.donmai.us/posts/11350895,https://ak.hypergryph.com/special/ambience-2022/
post,11350908,candidate,pramanix_(arknights),Ambience Synesthesia 2022,excluded_no_qualifying_form_evidence,https://danbooru.donmai.us/posts/11350908,https://ak.hypergryph.com/special/ambience-2022/
post,11351230,candidate,hoshiguma_(arknights),Ambience Synesthesia 2022,excluded_no_qualifying_form_evidence,https://danbooru.donmai.us/posts/11351230,https://ak.hypergryph.com/special/ambience-2022/
post,11351365,candidate,penance_(ambience_synesthesia_2023)_(arknights);penance_(arknights),,excluded_no_qualifying_form_evidence,https://danbooru.donmai.us/posts/11351365,https://www.bilibili.com/opus/790211555367059457
post,11351381,candidate,fiammetta_(arknights),Ambience Synesthesia 2023,excluded_no_qualifying_form_evidence,https://danbooru.donmai.us/posts/11351381,https://www.bilibili.com/opus/790211555367059457
post,11380408,candidate,beagle_(arknights);beagle_(dreadnaught)_(arknights),Dreadnaught,included_supporting_post,https://danbooru.donmai.us/posts/11380408,https://arknights.wiki.gg/images/Beagle_Skin_1.png
post,11410247,candidate,hierda_(arknights),Chapter 17,excluded_no_qualifying_form_evidence,https://danbooru.donmai.us/posts/11410247,https://media.prts.wiki/8/8c/Avg_avg_npc_2246_1-1$1.png
post,11437563,candidate,ho'olheyak_(arknights);ho'olheyak_(carriage_of_the_winds_of_time)_(arknights),Carriage of the Winds of Time,included_supporting_post,https://danbooru.donmai.us/posts/11437563,https://arknights.wiki.gg/images/Ho'olheyak_Skin_1.png
post,11483120,candidate,haruka_(arknights),Pearlescent Pageantry (Kayou collaboration),excluded_no_qualifying_form_evidence,https://danbooru.donmai.us/posts/11483120,https://www.xiaohongshu.com/explore/6a12c58f000000003700ec88?xsec_token=AB9vMwAiUdJUjF58ikH-bpnymWpNswrGCLWp18uycKm8A=
post,11493291,candidate,roberta_(arknights),Summer Flowers,excluded_no_qualifying_form_evidence,https://danbooru.donmai.us/posts/11493291,https://arknights.wiki.gg/images/Roberta_Skin_1.png
post,11493872,candidate,nian_(arknights),[[Dragon Bean (arknights)|]],excluded_no_qualifying_form_evidence,https://danbooru.donmai.us/posts/11493872,https://www.weibo.com/8453530280/5280053853948892
post,11494690,candidate,ray_(arknights);ray_(dreaming_high)_(arknights),Dreaming High,included_supporting_post,https://danbooru.donmai.us/posts/11494690,https://arknights.wiki.gg/wiki/Ray#/media/File:Ray_Skin_1.png
post,11496049,candidate,orchid_(arknights),Default,included_supporting_post,https://danbooru.donmai.us/posts/11496049,https://media.prts.wiki/0/09/立绘_焰狐龙梓兰_1.png
post,11496051,candidate,orchid_(arknights),Elite II,excluded_no_qualifying_form_evidence,https://danbooru.donmai.us/posts/11496051,https://media.prts.wiki/a/a1/立绘_焰狐龙梓兰_2.png
post,11496067,candidate,vendela_(arknights),The Enigma of Roses,excluded_no_qualifying_form_evidence,https://danbooru.donmai.us/posts/11496067,https://media.prts.wiki/b/b8/立绘_刺玫_skin1.png
post,11497230,candidate,vulpisfoglia_(arknights);vulpisfoglia_(out_of_focus)_(arknights),Out of Focus,excluded_no_qualifying_form_evidence,https://danbooru.donmai.us/posts/11497230,file://char_4026_vulpis_epoque#55.png
post,11513964,candidate,eunectes_(arknights),Summer,excluded_no_qualifying_form_evidence,https://danbooru.donmai.us/posts/11513964,https://www.bilibili.com/opus/1209759590035488772
post,11546497,candidate,wulfenite_(arknights),Bouncing Rhythms,excluded_no_qualifying_form_evidence,https://danbooru.donmai.us/posts/11546497,Game files
post,11566187,candidate,leizi_(arknights);leizi_the_thunderbringer_(arknights),Default,excluded_no_qualifying_form_evidence,https://danbooru.donmai.us/posts/11566187,https://arknights.wiki.gg/images/Leizi_the_Thunderbringer.png
post,11566194,candidate,leizi_(arknights);leizi_the_thunderbringer_(arknights),Elite II,excluded_no_qualifying_form_evidence,https://danbooru.donmai.us/posts/11566194,https://arknights.wiki.gg/images/Leizi_the_Thunderbringer_Elite_2.png
post,11614642,candidate,saileach_(arknights),Summer Flowers,excluded_no_qualifying_form_evidence,https://danbooru.donmai.us/posts/11614642,https://arknights.wiki.gg/images/Saileach_Skin_2.png
post,11642472,candidate,jessica_(arknights),[[Ambience Synesthesia]] 2024,excluded_no_qualifying_form_evidence,https://danbooru.donmai.us/posts/11642472,https://www.bilibili.com/opus/1216688179686408197
post,11656926,candidate,scene_(arknights),Unseen Terrain,excluded_no_qualifying_form_evidence,https://danbooru.donmai.us/posts/11656926,https://x.com/roro046/status/2069733991238991976
post,11657819,candidate,misumi_uika,Exitus,excluded_no_qualifying_form_evidence,https://danbooru.donmai.us/posts/11657819,https://bushiroad-store.com/collections/avemujica_livetour-final/products/2000303857811
post,11657830,candidate,yahata_umiri,Exitus,excluded_no_qualifying_form_evidence,https://danbooru.donmai.us/posts/11657830,https://bushiroad-store.com/collections/avemujica_livetour-final/products/2000303857835
post,11688538,candidate,lappland_(arknights),[[Hongshan Forest Zoo]] collaboration,excluded_no_qualifying_form_evidence,https://danbooru.donmai.us/posts/11688538,https://raki943626.lofter.com/post/8ac58e09_34e3c6eab
post,11702843,candidate,astgenne_(arknights);astgenne_(her_aspiration)_(arknights),Her Aspiration,included_supporting_post,https://danbooru.donmai.us/posts/11702843,https://media.prts.wiki/6/65/立绘_星源_skin1.png
post,11715482,candidate,lin_(arknights),Knowledge and Magic,excluded_no_qualifying_form_evidence,https://danbooru.donmai.us/posts/11715482,Game files
post,11715620,candidate,blemishine_(arknights),Kindness and Strength,excluded_no_qualifying_form_evidence,https://danbooru.donmai.us/posts/11715620,Game files
post,11721711,candidate,angelina_(arknights),Festival,excluded_no_qualifying_form_evidence,https://danbooru.donmai.us/posts/11721711,https://www.bilibili.com/opus/1220834115916398616
post,11735980,candidate,suzuran_(arknights),[[Hongshan Forest Zoo]] collaboration,excluded_no_qualifying_form_evidence,https://danbooru.donmai.us/posts/11735980,https://i.pximg.net/img-original/img/2026/07/05/12/04/15/146838875_p0.png
post,11740554,candidate,angelina_(arknights),Band,excluded_no_qualifying_form_evidence,https://danbooru.donmai.us/posts/11740554,https://www.xiaohongshu.com/explore/6991ffdc00000000150388ca?xsec_token=ABRiwt4LEK4ZnNKcq8PauFu1tLG9OTzhXBrwKRAEmPwSk=
post,11762494,candidate,ray_(arknights),Summer Flowers,excluded_no_qualifying_form_evidence,https://danbooru.donmai.us/posts/11762494,https://media.prts.wiki/6/69/立绘_莱伊_skin2.png
post,11762513,candidate,meteorite_(arknights),Summer Flowers,excluded_no_qualifying_form_evidence,https://danbooru.donmai.us/posts/11762513,https://media.prts.wiki/6/6a/立绘_陨星_skin2.png
post,11762703,candidate,click_(arknights),Holiday,excluded_no_qualifying_form_evidence,https://danbooru.donmai.us/posts/11762703,https://media.prts.wiki/e/ee/立绘_卡达_skin2.png
post,11763255,candidate,pramanix_the_prerita_(arknights),Hymn to Sunbreak,excluded_no_qualifying_form_evidence,https://danbooru.donmai.us/posts/11763255,Game files
post,11775526,candidate,amiya_(arknights),[[Hongshan Forest Zoo]] collaboration,excluded_no_qualifying_form_evidence,https://danbooru.donmai.us/posts/11775526,https://www.xiaohongshu.com/explore/6a4ba0710000000011019e68?xsec_token=ABP6Ql9E0TUO7uH0r7SD8lbWEf987vZgxyoN_CizuFj2U=
post,11814767,candidate,caper_(arknights),Default,included_supporting_post,https://danbooru.donmai.us/posts/11814767,https://media.prts.wiki/d/d6/立绘_跃跃_1.png
post,11814773,candidate,caper_(arknights),Elite II,excluded_no_qualifying_form_evidence,https://danbooru.donmai.us/posts/11814773,https://media.prts.wiki/f/f1/立绘_跃跃_2.png
post,11815400,candidate,caper_(arknights),Summer Flowers,excluded_no_qualifying_form_evidence,https://danbooru.donmai.us/posts/11815400,https://media.prts.wiki/7/78/立绘_跃跃_skin1.png
post,11891307,candidate,misumi_uika,"""Prima Aurora"":https://avemujica-movie.bang-dream.com/",excluded_no_qualifying_form_evidence,https://danbooru.donmai.us/posts/11891307,https://avemujica-movie.bang-dream.com/wordpress/wp-content/themes/avemujica-movie/assets/webp/common/character/img_full_uika.webp
post,11891312,candidate,yahata_umiri,"""Prima Aurora"":https://avemujica-movie.bang-dream.com/",excluded_no_qualifying_form_evidence,https://danbooru.donmai.us/posts/11891312,https://avemujica-movie.bang-dream.com/wordpress/wp-content/themes/avemujica-movie/assets/webp/common/character/img_full_umiri.webp
post,11900805,candidate,angelina_(arknights);angelina_the_mellow_wish_(arknights),,excluded_no_qualifying_form_evidence,https://danbooru.donmai.us/posts/11900805,Game files
post,11900867,candidate,thumpy_(arknights),,included_supporting_post,https://danbooru.donmai.us/posts/11900867,Game files
post,11900973,candidate,jacinta_(arknights),,included_supporting_post,https://danbooru.donmai.us/posts/11900973,Game files
post,11901187,candidate,timeslot_(arknights),,included_supporting_post,https://danbooru.donmai.us/posts/11901187,Game files
post,11901253,candidate,hoshiguma_(arknights);hoshiguma_the_breacher_(arknights),An Ultimate Flash,excluded_no_qualifying_form_evidence,https://danbooru.donmai.us/posts/11901253,Game files
post,11901290,candidate,tippi_(arknights),A Refreshing Setting,excluded_no_qualifying_form_evidence,https://danbooru.donmai.us/posts/11901290,Game files
post,11901345,candidate,kirara_(arknights),A Leisurely Snapshot,excluded_no_qualifying_form_evidence,https://danbooru.donmai.us/posts/11901345,Game files
post,11901484,candidate,eyjafjalla_the_hvit_aska_(arknights),One More Story,excluded_no_qualifying_form_evidence,https://danbooru.donmai.us/posts/11901484,Game files
post,12029452,candidate,podenco_(arknights),Default,excluded_no_qualifying_form_evidence,https://danbooru.donmai.us/posts/12029452,https://www.gamespress.com/Arknights#?tab=artwork-7&scrollto=
post,12029507,candidate,podenco_(arknights),Elite II,excluded_no_qualifying_form_evidence,https://danbooru.donmai.us/posts/12029507,https://www.gamespress.com/Arknights#?tab=artwork-7&scrollto=
post,12029556,candidate,absinthe_(arknights),Default,excluded_no_qualifying_form_evidence,https://danbooru.donmai.us/posts/12029556,https://www.gamespress.com/Arknights#?tab=artwork-7&scrollto=
post,12029664,candidate,absinthe_(arknights),Elite II,excluded_no_qualifying_form_evidence,https://danbooru.donmai.us/posts/12029664,https://www.gamespress.com/Arknights#?tab=artwork-7&scrollto=
post,12033977,candidate,rosa_(arknights),Default,excluded_no_qualifying_form_evidence,https://danbooru.donmai.us/posts/12033977,https://www.gamespress.com/Arknights#?tab=artwork-7&scrollto=
post,12033991,candidate,rosa_(arknights),Elite II,excluded_no_qualifying_form_evidence,https://danbooru.donmai.us/posts/12033991,https://www.gamespress.com/Arknights#?tab=artwork-7&scrollto=
post,12034232,candidate,jessica_(arknights);jessica_(ash)_(arknights),Ash,excluded_no_qualifying_form_evidence,https://danbooru.donmai.us/posts/12034232,https://www.gamespress.com/Arknights#?tab=screenshots-2&scrollto=
post,12038513,candidate,typhon_(arknights),[[Typhoeus (Arknights)|]],excluded_no_qualifying_form_evidence,https://danbooru.donmai.us/posts/12038513,https://endfield.wiki.gg/images/Typhoeus_Splash_Art.png?a72ca4&format=original
