character,manifest_source,source_id,is_danbooru_tag,status,candidate_count,score,post_id,wiki_title,label,source_tier,source,url,visual_tags,evidence_character_tag,character_tags,general_tags,meta_tags
absinthe_(arknights),legacy_appearance_pack+released_skin+danbooru_tag,char_405_absin#1+char_405_absin#2,True,candidate,2,7,3960592,absinthe_(arknights),supplemental search,game_mirror,https://aceship.github.io/AN-EN-Tags/img/characters/char_405_absin_1.png,https://danbooru.donmai.us/posts/3960592,grey_hair red_eyes animal_ears black_jacket blue_skirt black_pantyhose shoes short_hair,absinthe_(arknights),absinthe_(arknights),1girl animal_ears bag bear_ears black_jacket black_pantyhose blue_skirt breasts full_body grey_hair holding jacket large_breasts long_sleeves looking_at_viewer miniskirt pantyhose red_eyes shoes short_hair simple_background skirt sneakers solo standing tachi-e transparent_background,official_art
absinthe_(noon_twilight)_(arknights),released_skin+danbooru_tag,char_405_absin@epoque#28,True,candidate,1,19,10658318,absinthe_(arknights),noon Twilight,game_mirror,https://media.prts.wiki/9/94/立绘_苦艾_skin1.png,https://danbooru.donmai.us/posts/10658318,black_hair pink_eyes red_eyes animal_ears black_dress black_choker black_shoes brown_gloves,absinthe_(noon_twilight)_(arknights),absinthe_(arknights) absinthe_(noon_twilight)_(arknights),1girl animal_ears black_choker black_dress black_hair black_shoes bolt_action brown_gloves choker closed_mouth cloud cloudy_sky dated dress english_text fence full_body full_moon gloves grass gun holding holding_gun holding_weapon long_sleeves looking_at_viewer moon neckerchief night official_alternate_costume outdoors pink_eyes pouch red_eyes red_neckerchief rifle scope shoes sidelocks sky sniper_rifle solo standing transparent_background weapon,highres official_art
aciddrop_(afternoon_teatime)_(arknights),released_skin+danbooru_tag,char_366_acdrop@whirlwind#4,True,candidate,1,18,10662307,aciddrop_(arknights),Afternoon Teatime,game_mirror,https://media.prts.wiki/3/3d/立绘_酸糖_skin1.png,https://danbooru.donmai.us/posts/10662307,brown_hair blue_eyes animal_ears jacket black_gloves orange_pantyhose striped_pantyhose shoes long_hair,aciddrop_(afternoon_teatime)_(arknights),aciddrop_(afternoon_teatime)_(arknights) aciddrop_(arknights),1girl ahoge animal_ears bird bird_ears black_gloves blue_eyes brown_hair crop_top cup food full_body gloves goggles goggles_on_head jacket jewelry long_hair looking_at_viewer midriff necklace official_alternate_costume orange_pantyhose pantyhose pizza pizza_box plate shoes sitting skateboard smile sneakers solo striped_clothes striped_pantyhose table transparent_background,highres official_art third-party_source
aciddrop_(arknights),legacy_appearance_pack+released_skin+danbooru_tag,char_366_acdrop#1+char_366_acdrop#2,True,candidate,1,19,4067346,aciddrop_(arknights),Default,game_mirror,https://aceship.github.io/AN-EN-Tags/img/characters/char_366_acdrop_1.png,https://danbooru.donmai.us/posts/4067346,brown_hair blue_eyes wings red_jacket black_gloves black_shoes long_hair,aciddrop_(arknights),aciddrop_(arknights),1girl ahoge belt black_gloves black_shoes blue_eyes brown_hair crossbow eyewear_on_head full_body gloves head_tilt head_wings holding holding_crossbow holding_weapon jacket knee_pads long_hair long_sleeves looking_at_viewer neckerchief orange_neckerchief red_jacket shoes simple_background skateboard sneakers solo standing sunglasses tachi-e thigh_strap transparent_background weapon white_belt wings,official_art
aciddrop_(holiday_hd75)_(arknights),released_skin_official_name,char_366_acdrop@summer#21,False,official_name_without_tag,0,,,,,,,,,,,,
alina_(arknights),legacy_appearance_pack,,True,candidate,1,13,9862462,alina_(arknights),,game_mirror,https://media.prts.wiki/b/b1/Avg_avg_npc_079.png,https://danbooru.donmai.us/posts/9862462,grey_hair blue_eyes horns animal_ears dress boots scarf medium_hair,alina_(arknights),alina_(arknights),1girl animal_ears antlers black_horns black_neckerchief blue_eyes boots deer_antlers deer_ears deer_girl dress full_body grey_hair hair_between_eyes hair_intakes hair_ornament hands_on_own_chest horn_ornament horns medium_hair neckerchief scarf simple_background smile solo tachi-e transparent_background vest,official_art third-party_source
ambriel_(arknights),legacy_appearance_pack+released_skin+danbooru_tag,char_302_glaze#1+char_302_glaze#2,True,candidate,1,19,3769501,ambriel_(arknights),Default,game_mirror,https://aceship.github.io/AN-EN-Tags/akhrchars.html?opname=Ambriel,https://danbooru.donmai.us/posts/3769501,pink_hair purple_eyes halo grey_dress black_jacket black_boots black_thighhighs grey_gloves lace-up_boots long_hair,ambriel_(arknights),ambriel_(arknights),1girl black_boots black_jacket black_thighhighs bolt_action boots breasts choker dress full_body gloves gradient_hair grey_dress grey_gloves gun hair_between_eyes hair_ornament hairclip halo holding holding_gun holding_weapon jacket lace-up_boots lee-enfield long_hair looking_at_viewer mouth_hold multicolored_hair name_tag one_side_up pink_hair popped_collar purple_eyes rifle sidelocks simple_background small_breasts sniper_rifle solo tachi-e thighhighs transparent_background trigger_discipline weapon weapon_case zettai_ryouiki,official_art
ambriel_(holiday_hd29)_(arknights),released_skin_official_name,char_302_glaze@summer#11,False,official_name_without_tag,0,,,,,,,,,,,,
amiya_(arknights),legacy_appearance_pack+released_skin+danbooru_tag,char_002_amiya#1+char_002_amiya#1++char_002_amiya#2+char_1001_amiya2#2+char_1037_amiya3#2,True,candidate,1,38,3563885,amiya_(arknights),Default,game_mirror,https://aceship.github.io/AN-EN-Tags/akhrchars.html?opname=Amiya,https://danbooru.donmai.us/posts/3563885,brown_hair blue_eyes rabbit_ears rhodes_island_uniform black_jacket blue_skirt hooded_jacket plaid_skirt white_sweater very_long_hair,amiya_(arknights),amiya_(arknights),1girl animal_ears ankle_strap ascot black_jacket black_pantyhose blue_eyes blue_skirt breasts brown_hair choker closed_mouth clothes_writing expressionless full_body hair_between_eyes hood hood_down hooded_jacket infection_monitor_(arknights) jacket jewelry long_hair looking_at_viewer miniskirt multiple_rings neck_ring open_clothes open_jacket pantyhose plaid_clothes plaid_skirt pleated_skirt rabbit_ears rabbit_girl rhodes_island_uniform ring shoes sidelocks simple_background skirt small_breasts solo standing sweater tachi-e tareme thumb_ring transparent_background two-sided_fabric two-sided_jacket very_long_hair white_sweater,official_art third-party_source
amiya_(fresh_fastener)_(arknights),released_skin+danbooru_tag,char_002_amiya@epoque#4,True,candidate,1,18,3887843,amiya_(arknights),Fresh Fastener,game_mirror,https://aceship.github.io/AN-EN-Tags/akhrchars.html?opname=Amiya,https://danbooru.donmai.us/posts/3887843,brown_hair blue_eyes rabbit_ears blue_jacket blue_skirt pleated_skirt white_shirt black_shoes red_scarf short_hair,amiya_(fresh_fastener)_(arknights),amiya_(arknights) amiya_(fresh_fastener)_(arknights),1girl animal_ears bird black_shoes blue_eyes blue_jacket blue_skirt brown_hair full_body hair_between_eyes helmet jacket loafers long_sleeves looking_at_viewer miniskirt motor_vehicle motorcycle motorcycle_helmet official_alternate_costume penguin pleated_skirt rabbit_ears rabbit_girl red_scarf scarf shadow shirt shoes short_hair skirt solo standing thighhighs thighs transparent_background white_shirt white_thighhighs zettai_ryouiki,highres official_art third-party_source
amiya_(guard)_(arknights),legacy_appearance_pack,,True,candidate,3,18,4188035,amiya_(guard)_(arknights),Default,game_mirror,https://aceship.github.io/AN-EN-Tags/img/characters/char_1001_amiya2_2.png,https://danbooru.donmai.us/posts/4188035,brown_hair blue_eyes rabbit_ears rhodes_island_uniform black_jacket blue_skirt black_pantyhose ponytail very_long_hair,amiya_(guard)_(arknights),amiya_(arknights) amiya_(guard)_(arknights),1girl animal_ears black_jacket black_pantyhose blue_eyes blue_skirt brown_hair copyright_notice dragon eastern_dragon full_body holding holding_sword holding_weapon jacket long_hair miniskirt official_alternate_costume originium_arts_(arknights) pantyhose ponytail rabbit_ears rhodes_island_uniform sidelocks skirt solo sword transparent_background very_long_hair weapon,highres official_art third-party_source
amiya_(guard)_(in_a_myriad_of_universes)_(arknights),legacy_appearance_pack,,True,no_exact_tagged_post,0,,,,,,,,,,,,
amiya_(in_a_myriad_of_universes)_(arknights),released_skin_official_name,char_1001_amiya2@sale#16,False,candidate_constructed_form,3,19,10480038,amiya_(arknights),In a Myriad of Universes,game_mirror,https://media.prts.wiki/d/d8/立绘_阿米娅(近卫)_skin2.png,https://danbooru.donmai.us/posts/10480038,brown_hair blue_eyes rabbit_ears armored_dress frilled_dress shoulder_armor black_skirt layered_skirt knee_boots long_hair,amiya_(arknights),amiya_(arknights) amiya_(guard)_(arknights) amiya_(guard)_(in_a_myriad_of_universes)_(arknights),1girl adjusting_clothes adjusting_collar animal_ears armor armored_dress asymmetrical_legwear belt black_bow black_skirt blue_bow blue_collar blue_eyes boots bow bracelet brown_hair closed_mouth collar crescent crescent_moon cuisses dress drop_shadow earrings eight-pointed_star footwear_bow four-pointed_star frilled_dress frills full_body galaxy gauntlets glowing glowing_sword glowing_weapon greaves hair_ribbon helmet holding holding_sword holding_weapon horseback_riding infection_monitor_(arknights) jewelry knee_boots layered_skirt long_dress long_hair long_sidelocks looking_at_viewer mismatched_legwear moon multiple_moons multiple_rings necklace night non-humanoid_robot official_alternate_costume outdoors overskirt pauldrons pillar pleated_skirt rabbit_ears rabbit_girl ribbon riding ring robot robot_animal robot_horse rubble sabaton shoulder_armor sidelocks silver_belt silver_bracelet silver_necklace single_armored_boot single_couter single_earring single_gauntlet single_greave single_pauldron single_vambrace skirt sky solo star_(sky) star_(symbol) star_earrings starry_sky sword thigh_strap tilted_headwear transparent_background vambraces weapon white_boots white_bow white_dress white_ribbon white_skirt,absurdres highres official_art third-party_source
amiya_(medic)_(arknights),legacy_appearance_pack,,True,candidate,2,18,10054548,amiya_(medic)_(arknights),Default (Absolved Will Be the Seekers),game_mirror,https://media.prts.wiki/c/cb/Avg_avg_1037_amiya3_1-1$3.png,https://danbooru.donmai.us/posts/10054548,brown_hair blue_eyes crown rabbit_ears rhodes_island_uniform white_dress black_coat hooded_coat blue_shoes brown_pantyhose ponytail,amiya_(medic)_(arknights),amiya_(arknights) amiya_(medic)_(arknights),1girl animal_ears anklet ascot black_coat black_crown blue_eyes blue_shoes brown_hair brown_pantyhose burnt_clothes choker civilight_eterna_(arknights) closed_mouth coat crown dress ear_through_crown expressionless floating_crown floating_staff full_body hair_between_eyes hood hood_down hooded_coat infection_monitor_(arknights) jewelry long_coat long_hair long_sleeves looking_at_viewer low_ponytail multiple_rings official_alternate_costume pantyhose ponytail rabbit_ears rabbit_girl rhodes_island_uniform ring shoes sidelocks simple_background solo split_mouth staff standing tachi-e thighlet transparent_background very_long_hair white_ascot white_dress,official_art third-party_source
amiya_(medic)_(solo_around_the_world)_(arknights),legacy_appearance_pack,,True,no_exact_tagged_post,0,,,,,,,,,,,,
amiya_(newsgirl)_(arknights),legacy_appearance_pack+released_skin+danbooru_tag,char_002_amiya@winter#1,True,candidate,1,38,3877031,amiya_(arknights),Newsgirl,game_mirror,https://aceship.github.io/AN-EN-Tags/akhrchars.html?opname=Amiya,https://danbooru.donmai.us/posts/3877031,brown_hair blue_eyes rabbit_ears black_hat black_shoes black_socks ponytail long_hair,amiya_(newsgirl)_(arknights),amiya_(arknights) amiya_(newsgirl)_(arknights),1girl animal_ears black_hat black_shoes black_socks blue_eyes blush brown_hair closed_mouth faux_figurine full_body hat jewelry long_hair looking_at_viewer official_alternate_costume ponytail rabbit_ears rabbit_girl ring shoes sidelocks sneakers socks solo thumb_ring transparent_background,official_art third-party_source
amiya_(seedsower)_(arknights),released_skin+danbooru_tag,char_002_amiya@test#1,True,candidate,1,18,4441871,amiya_(arknights),Seedsower,game_mirror,https://aceship.github.io/AN-EN-Tags/img/characters/char_002_amiya_test%231.png,https://danbooru.donmai.us/posts/4441871,brown_hair blue_eyes rabbit_ears white_jacket green_shoes white_hat long_hair,amiya_(seedsower)_(arknights),amiya_(arknights) amiya_(seedsower)_(arknights),1girl animal_ears baseball_cap blue_eyes brown_hair ears_through_headwear full_body green_shoes hat jacket long_hair long_sleeves looking_at_viewer official_alternate_costume rabbit_ears rabbit_girl shoes smile sneakers solo standing thigh_strap transparent_background white_hat white_jacket,costume_request highres official_art third-party_source
amiya_(solo_around_the_world)_(arknights),released_skin_official_name,char_1037_amiya3@sale#13,False,needs_source_or_visual_review,2,13,8644571,amiya_(arknights),Solo Around the World,source_unverified,https://www.weibo.com/2828274924/P6PYkagIA,https://danbooru.donmai.us/posts/8644571,blue_eyes rabbit_ears black_dress black_gloves top_hat witch_hat long_hair,amiya_(medic)_(arknights),amiya_(arknights) amiya_(medic)_(arknights) amiya_(medic)_(solo_around_the_world)_(arknights),1girl animal_ears bird black_dress black_gloves blue_eyes dress extra_ears flower gloves hat high_heels instrument long_hair looking_at_viewer lying official_alternate_costume rabbit_ears rabbit_girl simple_background top_hat turntable violin watermark weibo_watermark white_background witch_hat,commentary_request highres official_art
amiya_(young)_(arknights),legacy_appearance_pack,,True,candidate,2,13,8658881,amiya_(arknights),Young (Babel),game_mirror,https://aceship.github.io/AN-EN-Tags/akgallery.html,https://danbooru.donmai.us/posts/8658881,blue_eyes rabbit_ears white_dress ankle_socks white_capelet white_choker white_socks,amiya_(young)_(arknights),amiya_(arknights) amiya_(young)_(arknights),1girl :o aged_down animal_ears ankle_socks bare_arms bare_legs blue_eyes blunt_bangs capelet child choker dress full_body long_bangs looking_at_viewer official_alternate_costume own_hands_together parted_lips rabbit_ears rabbit_girl short_hair_with_long_locks sidelocks simple_background slippers socks solo standing tachi-e transparent_background white_capelet white_choker white_dress white_slippers white_socks,official_art revision third-party_source
amiya_(触及星辰)_(arknights),released_skin_official_name,char_1001_amiya2@casc#1,False,official_name_without_tag,0,,,,,,,,,,,,
angelina_(arknights),legacy_appearance_pack+released_skin+danbooru_tag,char_291_aglina#1+char_291_aglina#2,True,candidate,2,18,3563848,angelina_(arknights),Default,game_mirror,https://aceship.github.io/AN-EN-Tags/akhrchars.html?opname=Angelina,https://danbooru.donmai.us/posts/3563848,brown_hair red_eyes fox_ears black_shorts open_coat red_jacket white_coat shirt black_gloves twintails long_hair,angelina_(arknights),angelina_(arknights),1girl animal_ear_fluff animal_ears bag black_gloves black_shoes black_shorts black_socks blush brown_hair choker coat double_horizontal_stripe duffel_bag fox_ears full_body gloves hairband high_tops holding holding_staff jacket long_hair long_sleeves looking_at_viewer off_shoulder open_clothes open_coat platform_shoes red_eyes red_jacket shirt shoelaces shoes shorts sidelocks simple_background sneakers socks solo staff tachi-e transparent_background twintails unzipped wavy_hair weapon white_coat,official_art third-party_source
angelina_(distinguished_visitor)_(arknights),released_skin+danbooru_tag,char_291_aglina@boc#1,True,candidate,1,19,3887635,angelina_(arknights),Distinguished Visitor,game_mirror,https://aceship.github.io/AN-EN-Tags/img/characters/char_291_aglina_boc%231.png,https://danbooru.donmai.us/posts/3887635,brown_hair red_eyes fox_ears black_leotard open_coat red_coat black_boots black_gloves black_thighhighs twintails very_long_hair,angelina_(distinguished_visitor)_(arknights),angelina_(arknights) angelina_(distinguished_visitor)_(arknights),1girl animal_ears aura bare_shoulders belt black_boots black_gloves black_leotard black_thighhighs boots breasts brown_hair choker coat fox_ears fox_girl full_body gloves hair_between_eyes hairband holding holding_staff infection_monitor_(arknights) leotard long_hair long_sleeves looking_at_viewer medium_breasts off_shoulder official_alternate_costume open_clothes open_coat originium_arts_(arknights) red_coat red_eyes red_hairband solo staff standing thighhighs thighs too_many too_many_belts transparent_background twintails very_long_hair white_belt,highres official_art
angelina_(summer_flower)_(arknights),legacy_appearance_pack,,True,candidate,1,18,4679565,angelina_(arknights),Summer Flower,game_mirror,https://aceship.github.io/AN-EN-Tags/img/characters/char_291_aglina_summer%235.png,https://danbooru.donmai.us/posts/4679565,brown_hair red_eyes fox_ears fox_tail casual_one-piece_swimsuit red_one-piece_swimsuit white_shirt twintails long_hair,angelina_(summer_flower)_(arknights),angelina_(arknights) angelina_(summer_flower)_(arknights),1girl :d animal_ears arm_up bare_legs bare_shoulders beach black_collar bracelet brown_hair casual_one-piece_swimsuit collar drink earpiece flower food fox_ears fox_girl fox_tail full_body hair_ribbon hand_up infection_monitor_(arknights) jewelry long_hair looking_at_viewer necklace off_shoulder official_alternate_costume one-piece_swimsuit open_mouth outdoors pillow reclining red_eyes red_flower red_one-piece_swimsuit red_ribbon ribbon sandals shirt smile solo spaghetti_strap sports_sandals swimsuit swimsuit_cover-up tail thighs transparent_background twintails water white_flower white_sandals white_shirt,highres official_art third-party_source
angelina_(summer_flowers_fa017)_(arknights),released_skin_official_name,char_291_aglina@summer#5,False,official_name_without_tag,0,,,,,,,,,,,,
angelina_the_mellow_wish_(arknights),legacy_appearance_pack,,True,no_exact_tagged_post,0,,,,,,,,,,,,
april_(arknights),legacy_appearance_pack+released_skin+danbooru_tag,char_365_aprl#1+char_365_aprl#2,True,candidate,1,19,4117251,april_(arknights),Default,game_mirror,https://aceship.github.io/AN-EN-Tags/img/characters/char_365_aprl_1.png,https://danbooru.donmai.us/posts/4117251,black_hair purple_eyes rabbit_ears collared_dress short_dress black_gloves fingerless_gloves white_shoes white_socks long_hair,april_(arknights),april_(arknights),1girl :p animal_ears arrow_(projectile) asymmetrical_sleeves bare_legs black_gloves black_hair bow_(weapon) collared_dress compound_bow crossed_legs dress earclip fingerless_gloves full_body gloves hair_between_eyes headphones holding holding_bow_(weapon) holding_weapon implied_extra_ears long_hair long_sleeves looking_at_viewer purple_eyes quiver rabbit_ears shoes short_dress simple_background single_glove smile sneakers socks solo standing tachi-e tongue tongue_out transparent_background watson_cross weapon white_dress white_shoes white_socks,official_art
april_(faraway_gaze)_(arknights),released_skin+danbooru_tag,char_365_aprl@wild#3,True,candidate,1,19,4117309,april_(arknights),Faraway Gaze,game_mirror,https://aceship.github.io/AN-EN-Tags/img/characters/char_365_aprl_wild%233.png,https://danbooru.donmai.us/posts/4117309,purple_eyes rabbit_ears grey_coat open_coat black_boots short_hair,april_(faraway_gaze)_(arknights),april_(arknights) april_(faraway_gaze)_(arknights),1girl animal_ears arrow_(projectile) bare_legs black_boots boots bow_(weapon) coat compound_bow full_body grey_coat hair_between_eyes holding holding_bow_(weapon) holding_weapon long_sleeves official_alternate_costume open_clothes open_coat purple_eyes quiver rabbit_ears short_hair solo transparent_background weapon,highres official_art
archetto_(arknights),legacy_appearance_pack+released_skin+danbooru_tag,char_332_archet#1+char_332_archet#2,True,candidate,1,19,4287586,archetto_(arknights),Default,game_mirror,https://aceship.github.io/AN-EN-Tags/img/characters/char_332_archet_1.png,https://danbooru.donmai.us/posts/4287586,brown_hair blue_eyes red_eyes animal_ears tail grey_dress short_dress grey_boots knee_boots long_hair,archetto_(arknights),archetto_(arknights),1girl animal_ears blue_eyes boots bow_(weapon) brown_hair compound_bow dress epaulettes forehead full_body grey_boots grey_dress heterochromia holding holding_bow_(weapon) holding_weapon knee_boots lace-up_boots long_hair looking_at_viewer petticoat red_eyes short_dress simple_background solo tachi-e tail transparent_background weapon,official_art
archetto_(glory_of_the_devout)_(arknights),released_skin+danbooru_tag,char_332_archet@sale#14,True,candidate,2,19,9365427,archetto_(arknights),Glory of the Devout,game_mirror,https://media.prts.wiki/3/3c/Avg_avg_npc_1784_1-1$1.png,https://danbooru.donmai.us/posts/9365427,orange_hair blue_eyes red_eyes tail black_dress brown_shoes long_hair,archetto_(glory_of_the_devout)_(arknights),archetto_(arknights) archetto_(glory_of_the_devout)_(arknights),1girl bare_legs black_dress black_shawl blue_eyes brown_shoes dress ears_under_headwear full_body loafers long_hair looking_at_viewer multicolored_eyes no_socks nun official_alternate_costume orange_hair red_eyes red_shawl shawl shoes simple_background solo tachi-e tail three-quarter_sleeves transparent_background,official_art
archetto_(publicity_strategy)_(arknights),legacy_appearance_pack+released_skin+danbooru_tag,char_332_archet@shining#1,True,candidate,1,16,4782828,archetto_(arknights),Publicity Strategy,game_mirror,https://aceship.github.io/AN-EN-Tags/img/characters/char_332_archet_shining%231.png,https://danbooru.donmai.us/posts/4782828,blonde_hair blue_eyes red_eyes animal_ears tail dress gloves long_hair,archetto_(publicity_strategy)_(arknights),archetto_(arknights) archetto_(publicity_strategy)_(arknights),1girl animal_ears arrow_(projectile) blonde_hair blue_eyes bow dress full_body gloves griffin heterochromia instrument long_hair microphone official_alternate_costume open_mouth piano red_eyes smile tail transparent_background,highres official_art third-party_source
aroma_(arknights),legacy_appearance_pack+released_skin+danbooru_tag,char_446_aroma#1+char_446_aroma#2,True,needs_source_or_visual_review,2,15,7539934,aroma_(arknights),Default.,source_unverified,https://twitter.com/11nuudoru/status/1778362356642574472,https://danbooru.donmai.us/posts/7539934,blue_hair brown_hair blue_eyes wolf_ears tail black_hoodie open_jacket two-tone_hoodie white_jacket black_boots black_hairband,aroma_(arknights),aroma_(arknights),1girl :d animal_ears armband belt black_belt black_boots black_hairband black_hoodie black_leggings blue_eyes blue_flower blue_gloves blue_hair blush boots braid braided_bangs brown_hair bubble_wand cart dot_nose drawstring erlenmeyer_flask flask flower full_body gloves hair_flower hair_ornament hairband holding holding_flask holding_staff holding_vial hood hood_down hoodie jacket leggings long_hair long_sleeves looking_at_viewer low-tied_long_hair multicolored_hair open_clothes open_jacket open_mouth pouch smile solo staff streaked_hair tachi-e tail thigh_belt thigh_pouch thigh_strap two-tone_hoodie vial white_flower white_hoodie white_jacket wolf_ears wolf_girl wolf_tail yellow_armband,commentary_request highres official_art
aroma_(舒心野趣)_(arknights),released_skin_official_name,char_446_aroma@epoque#54,False,official_name_without_tag,0,,,,,,,,,,,,
asbestos_(arknights),legacy_appearance_pack+released_skin+danbooru_tag,char_378_asbest#1+char_378_asbest#2,True,candidate,1,19,3936498,asbestos_(arknights),Default,game_mirror,https://aceship.github.io/AN-EN-Tags/img/characters/char_378_asbest_1.png,https://danbooru.donmai.us/posts/3936498,aqua_hair purple_hair green_eyes tail black_bodysuit white_jacket grey_hat shoes short_hair,asbestos_(arknights),asbestos_(arknights),1girl animal aqua_hair backpack bag baseball_cap black_bodysuit bodysuit clenched_teeth colored_inner_hair full_body green_eyes grey_hat hair_over_one_eye hand_in_pocket hat jacket lantern leggings lizard lizard_tail long_sleeves looking_at_viewer multicolored_hair prehensile_tail purple_hair salamander sharp_teeth shoes short_hair solo standing tail teeth transparent_background two-tone_hair white_jacket yellow_jacket,official_art
asbestos_(glen_sonata)_(arknights),released_skin+danbooru_tag,char_378_asbest@whirlwind#3,True,candidate,1,19,10657847,asbestos_(arknights),Glen Sonata,game_mirror,https://media.prts.wiki/0/0a/立绘_石棉_skin1.png,https://danbooru.donmai.us/posts/10657847,purple_hair green_eyes pointy_ears tail black_pants black_gloves fingerless_gloves short_hair,asbestos_(glen_sonata)_(arknights),asbestos_(arknights) asbestos_(glen_sonata)_(arknights),1girl animal animal_on_shoulder belt black_gloves black_nails black_pants cable chair computer computer_keyboard cup ear_piercing earrings eyepatch faux_figurine fingerless_gloves full_body glasses gloves green_eyes hair_over_one_eye holding holographic_interface instrument jewelry keyboard_(instrument) leggings lizard_tail long_sleeves looking_at_viewer medical_eyepatch microphone monitor multiple_rings nail_polish official_alternate_costume one_eye_covered pants piercing plant pointy_ears prehensile_tail purple_hair reptile_girl ring sandals see-through_clothes short_hair solo speaker sports_sandals standing tail toenail_polish toenails toes transparent_background,highres official_art
ascalon_(arknights),legacy_appearance_pack+released_skin+danbooru_tag,char_4132_ascln#1+char_4132_ascln#2,True,candidate,1,19,7525503,ascalon_(arknights),Default,game_mirror,https://aceship.github.io/AN-EN-Tags/akhrchars.html?opname=Ascalon,https://danbooru.donmai.us/posts/7525503,purple_hair red_hair horns pointy_ears black_skirt high-waist_skirt purple_shirt black_gloves black_shoes very_long_hair,ascalon_(arknights),ascalon_(arknights),1girl arm_up armpit_cutout armpits belt black_belt black_gloves black_leggings black_shoes black_skirt breasts cleavage clothing_cutout demon_girl demon_horns demon_tail facial_mark full_body gloves gradient_hair hair_intakes high-waist_skirt horns knife leggings long_hair long_pointy_ears long_sleeves looking_at_viewer medium_breasts multicolored_hair pointy_ears purple_hair purple_shirt red_hair removing_hood shirt shoes shrug_(clothing) simple_background skirt solo standing tachi-e tail teardrop_facial_mark thighs transparent_background very_long_hair weapon wrist_blades,highres official_art
ascalon_(phototaxis)_(arknights),released_skin+danbooru_tag,char_4132_ascln@iteration#4,True,candidate,1,18,9418856,ascalon_(arknights),Phototaxis,game_mirror,https://media.prts.wiki/0/0b/立绘_阿斯卡纶_skin1.png,https://danbooru.donmai.us/posts/9418856,red_hair orange_eyes horns pointy_ears long_dress taut_dress armored_boots armored_gloves gold_hairband green_cape very_long_hair,ascalon_(phototaxis)_(arknights),ascalon_(arknights) ascalon_(phototaxis)_(arknights),1girl armored_boots armored_gloves belt black_belt boots breasts broken_vase bug bush butterfly butterfly_hair_ornament cape capelet choker demon_girl demon_horns demon_tail dress drop_shadow earrings flower frilled_sleeves frills full_body gold_hairband green_cape hair_between_eyes hair_flower hair_flowing_over hair_intakes hair_ornament hair_spread_out hairband holding holding_sword holding_weapon hood hooded_cape horns jewelry large_breasts long_dress long_hair looking_at_viewer necklace official_alternate_costume orange_eyes pearl_necklace pointy_ears red_hair rock sidelocks snail solo sunflower sword tail taut_clothes taut_dress teardrop transparent_background tree two-tone_cape very_long_hair weapon white_butterfly white_cape white_capelet white_choker white_dress white_flower white_horns white_tail wide_sleeves wilted_flower,absurdres highres official_art source_mismatch third-party_source
ashlock_(arknights),legacy_appearance_pack+released_skin+danbooru_tag,char_431_ashlok#1+char_431_ashlok#2,True,candidate,1,19,4580629,ashlock_(arknights),Default,game_mirror,https://aceship.github.io/AN-EN-Tags/img/avg/characters/avg_npc_123.png,https://danbooru.donmai.us/posts/4580629,grey_hair grey_eyes animal_ears tail shoulder_armor armored_boots thigh_boots waist_cape thighhighs short_hair,ashlock_(arknights),ashlock_(arknights),1girl animal_ears armor armored_boots belt boots breastplate frown full_body gauntlets gorget greaves grey_eyes grey_hair helmet holding holding_shield looking_at_viewer material_growth midriff_peek oripathy_lesion_(arknights) parted_lips pauldrons shield short_hair shoulder_armor simple_background solo standing tachi-e tail thigh_boots thighhighs transparent_background utility_belt waist_cape,official_art
ashlock_(lances_of_kaliskas)_(arknights),released_skin+danbooru_tag,char_431_ashlok@epoque#28,True,candidate,1,18,6859735,ashlock_(arknights),Lances of Kaliskas,game_mirror,https://gamepress.gg/arknights/sites/arknights/files/2023-11/立绘_灰毫_skin1.png,https://danbooru.donmai.us/posts/6859735,grey_hair animal_ears tail boots,ashlock_(lances_of_kaliskas)_(arknights),ashlock_(arknights) ashlock_(lances_of_kaliskas)_(arknights),1girl animal_ears black_fire blue_fire boots bracelet expressionless fire full_body grey_hair jewelry lance long_sleeves looking_at_viewer material_growth oripathy_lesion_(arknights) pillar pinecone polearm sitting smoke solo squirrel squirrel_ears squirrel_tail tail transparent_background weapon,absurdres highres official_art third-party_source
astesia_(arknights),legacy_appearance_pack+released_skin+danbooru_tag,char_274_astesi#1+char_274_astesi#2,True,candidate,1,19,3844932,astesia_(arknights),Default,game_mirror,https://aceship.github.io/AN-EN-Tags/img/characters/char_274_astesi_1.png,https://danbooru.donmai.us/posts/3844932,blue_hair blue_eyes black_skirt grey_shirt ankle_boots black_boots braid long_hair,astesia_(arknights),astesia_(arknights),1girl ankle_boots black_boots black_skirt blue_eyes blue_hair boots braid celestial_globe constellation full_body grey_shirt high_heel_boots high_heels holding holding_sword holding_weapon juliet_sleeves long_hair long_sleeves looking_at_viewer petticoat puffy_sleeves shirt sidelocks simple_background skirt solo standing sword tachi-e transparent_background weapon,official_art
astesia_(fantastic_crafts)_(arknights),released_skin+danbooru_tag,char_274_astesi@epoque#23,True,candidate,1,19,10652364,astesia_(arknights),Fantastic Crafts,game_mirror,https://media.prts.wiki/a/a4/立绘_星极_skin3.png,https://danbooru.donmai.us/posts/10652364,blue_hair blue_eyes tail white_dress open_jacket yellow_jacket black_gloves black_socks fingerless_gloves long_hair,astesia_(fantastic_crafts)_(arknights),astesia_(arknights) astesia_(fantastic_crafts)_(arknights),1girl bird black_gloves black_socks blue_eyes blue_hair bright_pupils diamond_(shape) dress fingerless_gloves floating_hair full_body gloves hat holding holding_sword holding_weapon jacket kneehighs long_hair looking_at_viewer microphone official_alternate_costume open_clothes open_jacket open_mouth road_sign shoes short_sleeves sign smile socks solo standing standing_on_one_leg star_(symbol) suitcase sword tail thigh_strap traffic_cone transparent_background visor_cap weapon white_dress white_hat white_shoes yellow_jacket,highres official_art
astesia_(frlibe_on_the_palace)_(arknights),legacy_appearance_pack+released_skin+danbooru_tag,char_274_astesi@shining#1,True,candidate,1,17,4782830,astesia_(arknights),Frlibe on the Palace,game_mirror,https://aceship.github.io/AN-EN-Tags/img/characters/char_274_astesi_shining%231.png,https://danbooru.donmai.us/posts/4782830,black_hair blue_eyes white_dress white_thighhighs gloves long_hair,astesia_(frlibe_on_the_palace)_(arknights),astesia_(arknights) astesia_(frlibe_on_the_palace)_(arknights),1girl bird black_hair blue_eyes dress full_body gloves hair_ornament long_hair microphone official_alternate_costume sleeveless sparkling_eyes sword thighhighs transparent_background weapon white_dress white_thighhighs,highres official_art
astesia_(starseeker)_(arknights),released_skin+danbooru_tag,char_274_astesi@epoque#5,True,candidate,1,19,3991902,astesia_(arknights),Starseeker,game_mirror,https://aceship.github.io/AN-EN-Tags/img/characters/char_274_astesi_epoque%235.png,https://danbooru.donmai.us/posts/3991902,blue_hair blue_eyes high-waist_skirt white_skirt black_gloves black_shoes white_hat long_hair,astesia_(starseeker)_(arknights),astesia_(arknights) astesia_(starseeker)_(arknights),1girl armillary_sphere astronomy big_dipper bird black_gloves black_shoes blue_eyes blue_hair capricorn_(constellation) celestial_globe constellation feathers full_body gloves hair_intakes hat high-waist_skirt high_heels holding holding_sword holding_weapon inkwell leo_(constellation) long_hair looking_at_viewer official_alternate_costume polaris_(star) puffy_short_sleeves puffy_sleeves quill scroll shoes short_sleeves sitting skirt sky smile solo star_(sky) starry_sky sword telescope transparent_background ursa_major_(constellation) ursa_minor_(constellation) weapon white_hat white_skirt,annotated bird_request highres official_art
astgenne_(arknights),legacy_appearance_pack+released_skin+danbooru_tag,char_135_halo#1+char_135_halo#2,True,candidate,2,22,5485442,astgenne_(arknights),Default,game_asset,Arknights,https://danbooru.donmai.us/posts/5485442,blue_hair blue_eyes blue_shirt white_skirt black_boots black_cape black_gloves black_thighhighs ponytail long_hair,astgenne_(arknights),astgenne_(arknights),1girl black_boots black_cape black_gloves black_thighhighs blue_eyes blue_hair blue_shirt boots cape diamond-shaped_pupils diamond_(shape) full_body gloves goggles goggles_on_head holding holding_wand infection_monitor_(arknights) long_hair looking_at_viewer ponytail rhine_lab_logo shirt short_sleeves sidelocks simple_background skirt solo sprite standing symbol-shaped_pupils tachi-e thighhighs transparent_background wand white_skirt wristband,game_asset non-web_source official_art self-datamine
astgenne_(her_aspiration)_(arknights),released_skin+danbooru_tag,char_135_halo@epoque#25,True,candidate,1,18,11702843,astgenne_(arknights),Her Aspiration,game_mirror,https://media.prts.wiki/6/65/立绘_星源_skin1.png,https://danbooru.donmai.us/posts/11702843,blue_hair blue_eyes white_dress black_skirt white_shirt brown_shoes socks very_long_hair,astgenne_(her_aspiration)_(arknights),astgenne_(arknights) astgenne_(her_aspiration)_(arknights),1girl animal bird black_skirt blue_eyes blue_hair bouquet brown_shoes cat dress flower full_body holding holding_bouquet holding_flower lamp long_hair long_sleeves looking_at_viewer official_alternate_costume open_clothes shirt shoes skirt smile socks solo standing transparent_background very_long_hair white_dress white_shirt,absurdres highres official_art third-party_source
aurora_(arknights),legacy_appearance_pack+released_skin+danbooru_tag,char_422_aurora#1+char_422_aurora#2,True,candidate,2,19,4993848,aurora_(arknights),Default,game_mirror,https://aceship.github.io/AN-EN-Tags/img/characters/char_422_aurora_1.png,https://danbooru.donmai.us/posts/4993848,white_hair blue_eyes animal_ears black_pants black_shirt cropped_jacket white_jacket black_gloves black_hairband very_long_hair,aurora_(arknights),aurora_(arknights),1girl animal_ears bear_ears belt black_gloves black_hairband black_pants black_shirt black_socks black_thighhighs blue_eyes breasts cleavage cleavage_cutout clothing_cutout crop_top cropped_jacket eyes_visible_through_hair full_body gloves hair_over_one_eye hairband head_tilt infection_monitor_(arknights) jacket large_breasts long_hair long_sleeves looking_at_viewer midriff navel pants paw_shoes pouch shield shirt shoes simple_background socks solo standing stomach tachi-e thighhighs transparent_background very_long_hair white_hair white_jacket,highres official_art
aurora_(polar_catcher)_(arknights),released_skin+danbooru_tag,char_422_aurora@boc#4,True,candidate,1,19,5438928,aurora_(arknights),Polar Catcher,game_mirror,https://aceship.github.io/AN-EN-Tags/img/characters/char_422_aurora_boc%234.png,https://danbooru.donmai.us/posts/5438928,white_hair blue_eyes black_jacket grey_pants open_jacket black_boots black_gloves very_long_hair,aurora_(polar_catcher)_(arknights),aurora_(arknights) aurora_(polar_catcher)_(arknights),1girl adjusting_goggles arm_up black_boots black_gloves black_jacket blue_eyes blue_sky boots colored_shoe_soles day full_body gloves goggles goggles_on_head grey_pants jacket kjerag_logo knee_pads leggings long_hair looking_at_viewer official_alternate_costume open_clothes open_jacket outdoors pants parted_lips shield sky solo standing sun tent transparent_background very_long_hair white_hair,highres official_art
bagpipe_(arknights),legacy_appearance_pack+released_skin+danbooru_tag,char_222_bpipe#1+char_222_bpipe#2,True,candidate,1,19,3824483,bagpipe_(arknights),Default,game_mirror,https://aceship.github.io/AN-EN-Tags/akhrchars.html?opname=Bagpipe,https://danbooru.donmai.us/posts/3824483,orange_hair purple_eyes horns grey_jacket plaid_skirt red_skirt ankle_boots black_boots black_gloves very_long_hair,bagpipe_(arknights),bagpipe_(arknights),1girl :d ankle_boots black_boots black_gloves black_thighhighs boots full_body gloves grey_jacket gunlance hand_up head_tilt horns jacket lance long_hair long_sleeves looking_at_viewer miniskirt open_mouth orange_hair plaid_clothes plaid_skirt polearm pouch purple_eyes red_skirt simple_background skirt smile solo standing tachi-e thighhighs transparent_background very_long_hair weapon zettai_ryouiki,highres official_art
bagpipe_(echo_of_bagpipes)_(arknights),released_skin+danbooru_tag,char_222_bpipe@epoque#40,True,no_exact_tagged_post,0,,,,,,,,,,,,
bagpipe_(queen_no._1)_(arknights),legacy_appearance_pack+released_skin_official_name,char_222_bpipe@race#1,True,candidate,1,18,4205667,bagpipe_(arknights),"Queen, No. 1",game_mirror,https://aceship.github.io/AN-EN-Tags/img/characters/char_222_bpipe_race%231.png,https://danbooru.donmai.us/posts/4205667,orange_hair purple_eyes dragon_tail horns blue_shorts micro_shorts showgirl_skirt black_gloves blue_thighhighs fingerless_gloves very_long_hair,bagpipe_(queen_no._1)_(arknights),bagpipe_(arknights) bagpipe_(queen_no._1)_(arknights),1girl :d bare_shoulders belt_pouch black_gloves blue_shorts blue_sky blue_thighhighs breasts checkered_flag clothing_cutout cloud confetti crop_top day dragon_horns dragon_tail fingerless_gloves flag full_body gloves gunlance hat horns lance long_hair long_sleeves looking_at_viewer medium_breasts micro_shorts midriff miniskirt navel official_alternate_costume open_mouth orange_hair outstretched_arm planted polearm pouch purple_eyes race_queen rhine_lab_logo see-through_clothes shadow shoes shorts shoulder_cutout showgirl_skirt skirt sky smile solo standing stomach tail thigh_strap thighhighs thighs transparent_background unused_tire very_long_hair vest weapon white_vest,highres official_art third-party_source
bagpipe_(royal_guardswoman)_(arknights),released_skin+danbooru_tag,char_222_bpipe@epoque#28,True,no_exact_tagged_post,0,,,,,,,,,,,,
beagle_(arknights),legacy_appearance_pack+released_skin+danbooru_tag,char_122_beagle#1,True,needs_source_or_visual_review,2,15,5668723,beagle_(arknights),Default,source_unverified,file://char_122_beagle_1.png,https://danbooru.donmai.us/posts/5668723,orange_hair orange_eyes rhodes_island_uniform black_jacket black_skirt yellow_sweater black_boots blue_gloves medium_hair,beagle_(arknights),beagle_(arknights),1girl ahoge black_boots black_jacket black_skirt blue_gloves boots full_body glasses glint gloves hair_ribbon hand_on_hilt holding holding_shield holding_sword holding_weapon id_card jacket lanyard long_sleeves medium_hair orange_eyes orange_hair petticoat pillarboxed red-framed_eyewear red_ribbon rhodes_island_logo_(arknights) rhodes_island_uniform ribbon semi-rimless_eyewear shield simple_background skirt slip_showing solo sweater sword tachi-e transparent_background turtleneck two_side_up under-rim_eyewear weapon yellow_sweater,non-web_source official_art source_request
beagle_(dreadnaught)_(arknights),released_skin+danbooru_tag,char_122_beagle@boc#1,True,candidate,3,18,11380408,beagle_(arknights),Dreadnaught,game_mirror,https://arknights.wiki.gg/images/Beagle_Skin_1.png,https://danbooru.donmai.us/posts/11380408,orange_hair orange_eyes fur-trimmed_jacket orange_jacket orange_shirt black_gloves black_thighhighs twintails short_hair,beagle_(dreadnaught)_(arknights),beagle_(arknights) beagle_(dreadnaught)_(arknights),1girl ahoge black_gloves black_thighhighs full_body fur-trimmed_jacket fur_trim glasses gloves holding holding_removed_eyewear jacket looking_at_viewer official_alternate_costume open_mouth orange_eyes orange_hair orange_jacket orange_shirt shield shirt short_hair short_twintails smile solo standing sword thighhighs transparent_background twintails unworn_eyewear weapon,highres official_art third-party_source
beanstalk_(arknights),legacy_appearance_pack+released_skin+danbooru_tag,char_452_bstalk#1+char_452_bstalk#2,True,candidate,1,19,4287604,beanstalk_(arknights),Default,game_mirror,https://aceship.github.io/AN-EN-Tags/img/characters/char_452_bstalk_1.png,https://danbooru.donmai.us/posts/4287604,grey_hair animal_ears tail grey_shirt black_choker black_hat black_shoes knit_socks yellow_gloves short_hair,beanstalk_(arknights),beanstalk_(arknights) metal_crab_(arknights),1girl animal_ears bare_legs black_choker black_hat black_shoes choker crossbow ears_through_headwear fedora flower full_body gloves grass grey_hair grey_shirt hand_up hat holding holding_crossbow holding_weapon hyena_ears hyena_girl hyena_tail kneehighs knit_socks looking_at_viewer shirt shoes short_hair simple_background single_glove smile socks solo standing tachi-e tail transparent_background tree_stump weapon yellow_flower yellow_gloves yellow_socks,bad_id official_art
beanstalk_(gift_uncompleted)_(arknights),released_skin+danbooru_tag,char_452_bstalk@snow#4,True,candidate,1,16,10614557,beanstalk_(arknights),Gift Uncompleted,game_mirror,https://arknights.wiki.gg/images/Beanstalk_Skin_1.png,https://danbooru.donmai.us/posts/10614557,blonde_hair green_eyes animal_ears tail green_dress short_dress frilled_skirt layered_skirt off-shoulder_sweater green_hairband braid,beanstalk_(gift_uncompleted)_(arknights),beanstalk_(arknights) beanstalk_(gift_uncompleted)_(arknights) metal_crab_(arknights),1girl animal_ear_fluff animal_ears animal_print bell blonde_hair bow bow_legwear box braid braided_ponytail candy candy_cane circle_print clothes_pin collar creature crossed_legs cushion dot_nose dress fingernails food frilled_collar frilled_skirt frills full_body gift green_bow green_dress green_eyes green_hairband green_ribbon hair_between_eyes hair_ornament hair_over_shoulder hair_ribbon hairband hairclip hands_up heart heart-shaped_box holding holding_ribbon hyena_ears hyena_girl hyena_tail invisible_floor kneehighs layered_skirt light_blush long_hair looking_at_viewer neck_bell no_shoes off-shoulder_sweater off_shoulder official_alternate_costume parallel_hairclips photo_(object) plant_print pom_pom_(clothes) ponytail print_bow reclining red_bow red_nails red_ribbon ribbed_socks ribbon ribbon_in_braid ribbon_spool rope rug scissors short_dress side_slit simple_background single_braid single_off_shoulder sitting skirt sleeveless sleeveless_dress smile socks star_(symbol) star_ornament sweater tail tassel transparent_background white_bow white_rope white_skirt white_socks wrapping_paper yellow_bow,highres official_art third-party_source
beanstalk_(ribbons_of_promise)_(arknights),released_skin+danbooru_tag,char_452_bstalk@unveiling#4,True,candidate,1,18,10760456,beanstalk_(arknights),Ribbons of Promise,game_mirror,https://media.prts.wiki/c/cb/立绘_豆苗_skin2.png,https://danbooru.donmai.us/posts/10760456,blonde_hair red_eyes yellow_eyes animal_ears tail frilled_dress white_dress lace-trimmed_skirt layered_skirt frilled_socks red_hairband,beanstalk_(ribbons_of_promise)_(arknights),beanstalk_(arknights) beanstalk_(ribbons_of_promise)_(arknights) metal_crab_(arknights),1girl animal_ear_fluff animal_ears antique_phone arrow_(projectile) blonde_hair bow bow_(weapon) box braid breasts brick_wall collar diorama doll dress flower footwear_bow frilled_collar frilled_dress frilled_sleeves frilled_socks frills full_body gift gift_box gradient_eyes grin hair_between_eyes hair_bow hairband heart heart_arrow holding holding_arrow holding_bow_(weapon) holding_instrument holding_phone holding_trumpet holding_weapon hyena_ears hyena_girl hyena_tail instrument lace-trimmed_skirt lace_trim layered_skirt long_hair mary_janes multicolored_eyes nail_polish neck_ribbon official_alternate_costume on_table overskirt phone picture_frame praying puffy_short_sleeves puffy_sleeves red_bow red_eyes red_flower red_hairband red_nails red_ribbon red_rose red_shoes red_skirt ribbon rose rotary_phone see-through_clothes see-through_socks shoes short_sleeves sitting skirt small_breasts smile socks solo table tail thigh_strap transparent_background trumpet twin_braids valentine vanity_table weapon white_bow white_dress white_flower white_socks window wooden_table yellow_eyes,highres official_art third-party_source
beeswax_(arknights),legacy_appearance_pack+released_skin+danbooru_tag,char_344_beewax#1+char_344_beewax#2,True,candidate,1,19,4021210,beeswax_(arknights),Default,game_mirror,https://aceship.github.io/AN-EN-Tags/img/characters/char_344_beewax_1.png,https://danbooru.donmai.us/posts/4021210,white_hair yellow_eyes horns animal_ears short_dress white_dress black_coat open_coat black_boots short_hair,beeswax_(arknights),beeswax_(arknights),1girl animal_ears black_boots black_coat black_collar black_ribbon boots coat collar dark-skinned_female dark_skin dress full_body hair_between_eyes holding holding_staff horns infection_monitor_(arknights) leg_ribbon long_sleeves looking_at_viewer open_clothes open_coat ribbon short_dress short_hair simple_background solo staff standing tachi-e transparent_background white_dress white_hair wide_sleeves yellow_eyes,highres official_art
beeswax_(holiday_hd61)_(arknights),released_skin_official_name,char_344_beewax@summer#11,False,official_name_without_tag,0,,,,,,,,,,,,
beeswax_(weisser_sand)_(arknights),legacy_appearance_pack+released_skin+danbooru_tag,char_344_beewax@epoque#9,True,candidate,1,19,4615496,beeswax_(arknights),Weißer Sand,game_mirror,https://aceship.github.io/AN-EN-Tags/img/characters/char_344_beewax_epoque%239.png,https://danbooru.donmai.us/posts/4615496,white_hair yellow_eyes horns animal_ears black_shorts white_jacket black_shoes white_thighhighs long_hair,beeswax_(weisser_sand)_(arknights),beeswax_(arknights) beeswax_(weisser_sand)_(arknights),1girl animal_ears bare_shoulders black_shoes black_shorts cardigan dark_skin full_body hair_between_eyes horns jacket long_hair long_sleeves looking_at_viewer off-shoulder_cardigan off_shoulder official_alternate_costume phonograph sheep_ears sheep_girl sheep_horns shoes shorts sitting solo staff thighhighs thighs transparent_background white_cardigan white_hair white_jacket white_thighhighs yellow_eyes,highres official_art
blaze_(arknights),legacy_appearance_pack+released_skin+danbooru_tag,char_017_huang#1+char_017_huang#2,True,candidate,1,18,3764721,blaze_(arknights),Default,game_mirror,https://aceship.github.io/AN-EN-Tags/akhrchars.html?opname=Blaze,https://danbooru.donmai.us/posts/3764721,black_hair blue_eyes cat_ears cat_tail black_skirt open_jacket white_jacket black_boots black_gloves fingerless_gloves very_long_hair,blaze_(arknights),blaze_(arknights),1girl animal_ear_fluff animal_ears asymmetrical_legwear belt black_boots black_gloves black_hair black_skirt blue_eyes boots breasts buckle cat_ears cat_girl cat_tail chainsaw chest_belt chest_harness elbow_pads extra_ears fingerless_gloves floating_hair framed_breasts full_body gloves grey_thighhighs hairband hand_guard harness headset holding id_card infection_monitor_(arknights) jacket knee_pads kneehighs large_breasts light_smile long_hair looking_at_viewer multiple_straps name_tag open_clothes open_jacket popped_collar pouch purple_thighhighs red_hairband shoulder_strap sidelocks simple_background single_kneehigh single_sock single_thighhigh skirt socks solo tachi-e tail tank_top thigh_strap thighhighs transparent_background underbust uneven_legwear very_long_hair weapon_case white_jacket white_tank_top wristband,official_art third-party_source
blaze_(burst_feline)_(arknights),released_skin+danbooru_tag,char_017_huang@as#1,True,candidate,1,18,4496915,blaze_(arknights),Burst Feline,game_mirror,https://aceship.github.io/AN-EN-Tags/img/characters/char_017_huang_as%231.png,https://danbooru.donmai.us/posts/4496915,black_hair blue_eyes cat_tail asymmetrical_pants white_pants black_shoes very_long_hair,blaze_(burst_feline)_(arknights),blaze_(arknights) blaze_(burst_feline)_(arknights),1girl asymmetrical_pants black_hair black_shoes blue_eyes cat_tail crop_top cymbals drum drum_set full_body headphones headset instrument long_hair looking_at_viewer midriff official_alternate_costume pants shoes sitting smile sneakers solo tail tank_top transparent_background very_long_hair white_pants white_tank_top,highres official_art third-party_source
blaze_(explosive_blue_flame)_(arknights),released_skin+danbooru_tag,char_017_huang@witch#5,True,candidate,1,19,10653529,blaze_(arknights),Explosive Blue Flame,game_mirror,https://media.prts.wiki/e/e6/立绘_煌_skin2.png,https://danbooru.donmai.us/posts/10653529,black_hair cat_ears cat_tail red_dress aqua_shirt black_boots black_gloves,blaze_(explosive_blue_flame)_(arknights),blaze_(arknights) blaze_(explosive_blue_flame)_(arknights),1girl animal_ears aqua_shirt black_boots black_gloves black_hair boots candle cat_ears cat_girl cat_tail chainsaw dress foot_on_weapon full_body gloves holding holding_chainsaw official_alternate_costume pen red_dress shirt solo tail,highres official_art revision
blaze_the_igniting_spark_(arknights),legacy_appearance_pack+released_skin+danbooru_tag,char_1040_blaze2#1+char_1040_blaze2#2,True,no_exact_tagged_post,0,,,,,,,,,,,,
blaze_the_igniting_spark_(homecoming_night)_(arknights),released_skin+danbooru_tag,char_1040_blaze2@winter#5,True,no_exact_tagged_post,0,,,,,,,,,,,,
blemishine_(arknights),legacy_appearance_pack+released_skin+danbooru_tag,char_423_blemsh#1+char_423_blemsh#2,True,candidate,1,19,4151338,blemishine_(arknights),Default,game_mirror,https://aceship.github.io/AN-EN-Tags/img/characters/char_423_blemsh_1.png,https://danbooru.donmai.us/posts/4151338,blonde_hair yellow_eyes horse_ears tail plate_armor armored_boots long_hair,blemishine_(arknights),blemishine_(arknights),1girl ;) animal_ear_fluff animal_ears armor armored_boots blonde_hair boots breastplate extra_ears full_body fur_trim greaves holding holding_sword holding_weapon horse_ears horse_girl horse_tail kazimierz_logo long_hair looking_at_viewer one_eye_closed plate_armor shield simple_background smile solo sword tachi-e tail transparent_background vambraces weapon yellow_eyes,official_art
blemishine_(moon_catastrborn)_(arknights),legacy_appearance_pack+released_skin+danbooru_tag,char_423_blemsh@witch#2,True,no_exact_tagged_post,0,,,,,,,,,,,,
blemishine_(善良坚强之心)_(arknights),released_skin_official_name,char_423_blemsh@littlePony#1,False,official_name_without_tag,0,,,,,,,,,,,,
blue_poison_(arknights),legacy_appearance_pack+released_skin+danbooru_tag,char_129_bluep#1+char_129_bluep#2,True,candidate,1,19,3564033,blue_poison_(arknights),Default,game_mirror,https://aceship.github.io/AN-EN-Tags/akhrchars.html?opname=Blue_Poison,https://danbooru.donmai.us/posts/3564033,pink_hair blue_eyes black_shorts blue_jacket collared_shirt hooded_jacket white_shirt black_pantyhose twintails medium_hair,blue_poison_(arknights),blue_poison_(arknights),1girl belt black_pantyhose black_shorts blue_eyes blue_jacket blue_shoes breasts buttons clothes_writing collared_shirt crossbow dart full_body holding holding_crossbow holding_dart holding_weapon hood hood_up hooded_jacket jacket long_sleeves looking_at_viewer low_twintails medium_hair mouth_hold open_clothes open_jacket pantyhose pink_hair pouch shirt shoes short_twintails shorts sidelocks simple_background small_breasts solo standing standing_on_one_leg tachi-e thigh_strap transparent_background twintails weapon white_shirt,official_art
blue_poison_(nocturne_of_elysia)_(arknights),released_skin+danbooru_tag,char_129_bluep@iteration#2,True,candidate,1,19,7525294,blue_poison_(arknights),Nocturne of Elysia,game_mirror,https://aceship.github.io/AN-EN-Tags/akhrchars.html?opname=Blue_Poison,https://danbooru.donmai.us/posts/7525294,pink_hair blue_eyes strapless_dress black_boots blue_thighhighs long_hair,blue_poison_(nocturne_of_elysia)_(arknights),blue_poison_(arknights) blue_poison_(nocturne_of_elysia)_(arknights),1girl bare_arms bare_shoulders black_boots blue_eyes blue_ribbon blue_thighhighs boots dress long_hair looking_at_viewer official_alternate_costume pink_hair poison_dart_frog ribbon solo strapless strapless_dress thighhighs transparent_background wrist_ribbon,highres official_art
blue_poison_(shoal_beat)_(arknights),legacy_appearance_pack+released_skin+danbooru_tag,char_129_bluep@marthe#3,True,candidate,1,19,4556348,blue_poison_(arknights),Shoal Beat,game_mirror,https://aceship.github.io/AN-EN-Tags/img/characters/char_129_bluep_marthe%233.png,https://danbooru.donmai.us/posts/4556348,pink_hair blue_eyes black_pants open_jacket white_jacket white_shoes braid long_hair,blue_poison_(shoal_beat)_(arknights),blue_poison_(arknights) blue_poison_(shoal_beat)_(arknights),1girl bare_shoulders black_pants blue_eyes braid breasts briefcase camisole crop_top donut drawing_(object) food full_body holding jacket leggings long_hair long_sleeves midriff off_shoulder official_alternate_costume open_clothes open_jacket pants pink_hair shoes small_breasts sneakers solo spaghetti_strap sports_bra stomach transparent_background twin_braids white_jacket white_shoes,highres official_art
caper_(arknights),legacy_appearance_pack+released_skin+danbooru_tag,char_4100_caper#1+char_4100_caper#2,True,candidate,1,18,11814767,caper_(arknights),Default,game_mirror,https://media.prts.wiki/d/d6/立绘_跃跃_1.png,https://danbooru.donmai.us/posts/11814767,brown_hair red_eyes rabbit_ears grey_coat grey_jacket skirt black_boots red_gloves red_socks,caper_(arknights),caper_(arknights),1girl animal_ears asymmetrical_legwear black_boots black_hood blush boots brown_hair coat ears_through_hood full_body gloves grey_coat grey_jacket grin hair_between_eyes holding holding_weapon hood hood_up jacket kneehighs long_sleeves looking_at_viewer mismatched_legwear one_eye_closed pom_pom_(clothes) rabbit_ears rabbit_girl red_eyes red_gloves red_socks red_thighhighs simple_background single_kneehigh single_sock single_thighhigh skirt smile socks solo tachi-e thighhighs transparent_background uneven_legwear weapon,highres official_art third-party_source
caper_(summer_flowers_fa083)_(arknights),released_skin_official_name,char_4100_caper@summer#18,False,official_name_without_tag,0,,,,,,,,,,,,
cardigan_(arknights),legacy_appearance_pack+released_skin+danbooru_tag,char_209_ardign#1,True,needs_source_or_visual_review,1,15,3533565,cardigan_(arknights),Default,source_unverified,http://en.rhinelab.org/images/f/fe/Cardigan-0.png,https://danbooru.donmai.us/posts/3533565,grey_hair purple_eyes animal_ears tail black_pantyhose boots gloves ponytail long_hair,cardigan_(arknights),cardigan_(arknights),1girl adjusting_eyewear animal_ears black_pantyhose boots dog_ears dog_tail full_body gloves goggles goggles_on_head grey_hair hair_ribbon infection_monitor_(arknights) knee_pads long_hair open_mouth pantyhose ponytail purple_eyes rhodes_island_logo_(arknights) ribbon shield simple_background solo tachi-e tail transparent_background vest weapon,official_art
cardigan_(cheerful_guardian)_(arknights),released_skin+danbooru_tag,char_209_ardign@snow#1,True,candidate,2,19,5816153,cardigan_(arknights),Cheerful Guardian,game_mirror,https://raw.githubusercontent.com/Aceship/Arknight-Images/main/characters/char_209_ardign_snow%231.png,https://danbooru.donmai.us/posts/5816153,brown_hair tail black_shorts blue_jacket cropped_jacket animal_hat black_gloves black_thighhighs,cardigan_(cheerful_guardian)_(arknights),cardigan_(arknights) cardigan_(cheerful_guardian)_(arknights),1girl :d animal_hat bell black_gloves black_shorts black_thighhighs blue_bow blue_jacket boots bow brown_hair candy candy_cane christmas christmas_ornaments christmas_present closed_eyes cropped_jacket dog_girl dog_tail drawing_on_snow facing_viewer food gift gloves hat jacket merry_christmas multicolored_hair multicolored_jacket navel official_alternate_costume open_mouth outdoors shorts ski_boots skis smile snow snowman solo streaked_hair striped_clothes striped_thighhighs tail thighhighs transparent_background two-tone_jacket white_boots,highres official_art
cardigan_(sunny_day)_(arknights),released_skin+danbooru_tag,char_209_ardign@epoque#26,True,candidate,1,18,8043114,cardigan_(arknights),Sunny Day,game_mirror,https://raw.githubusercontent.com/Aceship/Arknight-Images/main/characters/char_209_ardign_epoque%2326.png,https://danbooru.donmai.us/posts/8043114,purple_eyes animal_ears tail black_shorts cross-laced_skirt pleated_skirt argyle_socks black_boots black_hat twintails very_long_hair,cardigan_(sunny_day)_(arknights),cardigan_(arknights) cardigan_(sunny_day)_(arknights),1girl animal_ears apron argyle_clothes argyle_socks bag baguette bare_shoulders belt beret black_boots black_hat black_shorts black_socks boots bread brick_wall bug butterfly cross-laced_clothes cross-laced_skirt detached_sleeves dog_ears dog_girl dog_tail extra_ears falling_petals flower food full_body hair_between_eyes hand_up hat kneehighs lace-up_boots long_hair low_twintails multicolored_hair neckerchief official_alternate_costume official_alternate_hairstyle on_one_knee orange_neckerchief paper_bag petals pleated_skirt purple_eyes rolled-up_newspaper shorts sitting_in_window skirt sleeveless socks solo sunflower tail twintails very_long_hair white_sleeves window_shutter,highres official_art third-party_source
carnelian_(arknights),legacy_appearance_pack+released_skin+danbooru_tag,char_426_billro#1+char_426_billro#2,True,candidate,1,19,4556356,carnelian_(arknights),Default,game_mirror,https://aceship.github.io/AN-EN-Tags/img/characters/char_426_billro_1.png,https://danbooru.donmai.us/posts/4556356,grey_hair red_eyes horns animal_ears black_skirt open_coat white_coat white_shirt black_boots black_gloves short_hair,carnelian_(arknights),carnelian_(arknights),1girl animal_ears black_boots black_gloves black_ribbon black_skirt boots coat dark-skinned_female dark_skin full_body gloves grey_hair hand_up high_heels horns infection_monitor_(arknights) leg_ribbon long_sleeves looking_at_viewer miniskirt open_clothes open_coat red_eyes ribbon scabbard sheath shirt short_hair simple_background skirt smile solo standing tachi-e thigh_strap transparent_background white_coat white_shirt,highres official_art
carnelian_(hohenlohe_chillysand)_(arknights),released_skin+danbooru_tag,char_426_billro@snow#3,True,candidate,1,18,11211654,carnelian_(arknights),Hohenlohe Chillysand,game_mirror,https://media.prts.wiki/0/02/立绘_卡涅利安_skin1.png,https://danbooru.donmai.us/posts/11211654,white_hair red_eyes horns animal_ears black_coat skirt black_boots black_pantyhose knee_boots white_gloves short_hair,carnelian_(hohenlohe_chillysand)_(arknights),carnelian_(arknights) carnelian_(hohenlohe_chillysand)_(arknights),1girl animal animal_ears belt black_boots black_coat black_pantyhose boots coat dark-skinned_female dark_skin full_body gloves goat goat_ears goat_girl goat_horns hairband holding holding_sword holding_weapon horns knee_boots long_sleeves looking_at_viewer official_alternate_costume outdoors pantyhose pine_tree red_eyes short_hair skirt snow solo standing sword transparent_background tree weapon white_gloves white_hair winter,highres official_art third-party_source
carnelian_(shimmering_dew)_(arknights),legacy_appearance_pack,,True,candidate,1,20,5485648,carnelian_(arknights),Shimmering Dew,game_asset,Arknights,https://danbooru.donmai.us/posts/5485648,grey_hair red_eyes horns animal_ears black_one-piece_swimsuit casual_one-piece_swimsuit shoes short_hair,carnelian_(shimmering_dew)_(arknights),carnelian_(arknights) carnelian_(shimmering_dew)_(arknights),1girl animal_ears black_one-piece_swimsuit breasts casual_one-piece_swimsuit cleavage cleavage_cutout clothing_cutout cushion dark-skinned_female dark_skin goat_ears goat_girl goat_horns grey_hair horn_ornament horns jewelry large_breasts leaf looking_at_viewer navel navel_cutout necklace one-piece_swimsuit plant red_eyes shoes short_hair simple_background sitting soaking_feet sprite swimsuit thigh_strap transparent_background unworn_shoes water,game_asset highres non-web_source official_art self-datamine
carnelian_(shining_dew_sd08)_(arknights),released_skin_official_name,char_426_billro@summer#8,False,official_name_without_tag,0,,,,,,,,,,,,
ceobe_(arknights),legacy_appearance_pack+released_skin+danbooru_tag,char_2013_cerber#1+char_2013_cerber#2,True,candidate,1,19,3798811,ceobe_(arknights),Default,game_mirror,https://aceship.github.io/AN-EN-Tags/akhrchars.html?opname=Ceobe,https://danbooru.donmai.us/posts/3798811,brown_hair red_eyes animal_ears tail brown_dress open_jacket multicolored_jacket brown_boots thigh_boots thighhighs very_long_hair,ceobe_(arknights),ceobe_(arknights),1girl animal_ears ankle_strap axe baggy_clothes boots breasts brown_boots brown_dress brown_hair buckle dog_ears dog_girl dog_tail dress full_body hair_between_eyes holding holding_weapon jacket large_breasts long_hair looking_at_viewer material_growth multicolored_jacket multiple_straps multiple_swords multiple_weapons open_clothes open_jacket oripathy_lesion_(arknights) red_eyes shoulder_pads sidelocks simple_background snap-fit_buckle solo staff straight-on sword tachi-e tail thigh_boots thighhighs transparent_background very_long_hair weapon,official_art
ceobe_(summer_flowers)_(arknights),legacy_appearance_pack,,True,candidate,1,18,4067460,ceobe_(arknights),Summer Flowers,game_mirror,https://aceship.github.io/AN-EN-Tags/img/characters/char_2013_cerber_summer%234.png,https://danbooru.donmai.us/posts/4067460,brown_hair red_eyes animal_ears black_shorts short_shorts white_shoes long_hair,ceobe_(summer_flowers)_(arknights),ceobe_(arknights) ceobe_(summer_flowers)_(arknights),1girl :d animal_ears arm_strap axe bare_arms bare_shoulders black_shorts brown_hair copyright_name fangs full_body holding holding_axe holding_weapon long_hair looking_at_viewer official_alternate_costume open_mouth originium_arts_(arknights) red_eyes shoes short_shorts shorts smile sneakers solo staff thighs transparent_background weapon white_shoes,highres official_art third-party_source
ceobe_(summer_flowers_fa333)_(arknights),released_skin_official_name,char_2013_cerber@summer#4,False,official_name_without_tag,0,,,,,,,,,,,,
ceobe_(unfettered)_(arknights),legacy_appearance_pack+released_skin+danbooru_tag,char_2013_cerber@whirlwind#2,True,candidate,1,18,5134022,ceobe_(arknights),Unfettered,game_mirror,https://aceship.github.io/AN-EN-Tags/img/characters/char_2013_cerber_whirlwind%232.png,https://danbooru.donmai.us/posts/5134022,brown_hair red_eyes animal_ears black_jacket black_shirt black_skirt open_jacket pencil_skirt black_boots very_long_hair,ceobe_(unfettered)_(arknights),ceobe_(arknights) ceobe_(unfettered)_(arknights),1girl :d animal_ears black_boots black_jacket black_shirt black_skirt boots brown_hair chain diorama dog_ears ears_through_headwear full_body gloves hat holding holding_staff jacket long_hair long_sleeves looking_at_viewer material_growth official_alternate_costume open_clothes open_jacket oripathy_lesion_(arknights) pencil_skirt red_eyes red_gloves shirt skirt smile solo staff standing thighs transparent_background very_long_hair white_hat,highres official_art third-party_source
ceylon_(arknights),legacy_appearance_pack+released_skin+danbooru_tag,char_348_ceylon#1+char_348_ceylon#2,True,candidate,1,19,3609267,ceylon_(arknights),Default,game_mirror,https://aceship.github.io/AN-EN-Tags/akhrchars.html?opname=Ceylon,https://danbooru.donmai.us/posts/3609267,pink_hair orange_eyes blue_dress layered_dress collared_shirt white_shirt high_heel_boots white_boots hair_bun very_long_hair,ceylon_(arknights),ceylon_(arknights),1girl belt black_ribbon blue_dress blue_feathers boots breasts cloak collared_shirt double_bun dress feather_hair feathers full_body gloves hair_bun hat hat_ribbon hexagram high_heel_boots high_heels holding holding_umbrella layered_dress long_dress long_hair looking_at_viewer orange_eyes pink_hair ribbon shirt sidelocks simple_background small_breasts solo star_of_david tachi-e transparent_background umbrella very_long_hair white_boots white_gloves white_hat white_shirt,official_art
ceylon_(holiday)_(arknights),legacy_appearance_pack,,True,candidate,1,14,6565383,ceylon_(arknights),"Holiday (So Long, Adele)",game_mirror,https://raw.githubusercontent.com/Aceship/Arknight-Images/main/avg/characters/avg_npc_1003_1%231%241.png,https://danbooru.donmai.us/posts/6565383,pink_hair yellow_eyes blue_coat open_coat white_shorts white_shoes hair_bun twintails,ceylon_(holiday)_(arknights),ceylon_(arknights) ceylon_(holiday)_(arknights),1girl bag bare_shoulders bead_necklace beads belt blue_coat blunt_bangs breasts camisole cleavage closed_umbrella coat crop_top crossed_legs double_bun elbow_carry eyewear_on_head full_body hair_bun hand_up handbag holding holding_bag holding_umbrella jewelry long_hair looking_at_viewer midriff necklace off_shoulder official_alternate_costume open_clothes open_coat orange_belt pink_hair shoes shorts simple_background solo spaghetti_strap standing sunglasses tachi-e thighs transparent_background twintails umbrella very_long_hair watson_cross white_shoes white_shorts yellow_eyes,official_art
ceylon_(holiday_hd49)_(arknights),released_skin_official_name,char_348_ceylon@summer#13,False,official_name_without_tag,0,,,,,,,,,,,,
ch'en_(after_storm)_(arknights),released_skin+danbooru_tag,char_010_chen@sale#10,True,candidate,1,18,10049487,ch'en_(arknights),After Storm,game_mirror,https://arknights.wiki.gg/images/Ch'en_Skin_2.png,https://danbooru.donmai.us/posts/10049487,blue_hair red_eyes horns police_uniform black_pants blue_jacket blue_shirt collared_shirt black_shoes long_hair,ch'en_(after_storm)_(arknights),ch'en_(after_storm)_(arknights) ch'en_(arknights),1girl black_pants black_shoes blue_hair blue_jacket blue_shirt chi_xiao_(arknights) closed_mouth collared_shirt cup dragon_girl dragon_horns full_body helm helmet holding holding_cup horns jacket light_smile long_hair looking_at_viewer lungmen_logo motor_vehicle motorcycle necktie off_shoulder official_alternate_costume pants police police_uniform policewoman red_eyes shirt shoes solo standing tied_shirt transparent_background,absurdres highres official_art third-party_source
ch'en_(ageless_afterglow)_(arknights),legacy_appearance_pack+released_skin+danbooru_tag,char_010_chen@nian#2,True,candidate,1,38,3794911,ch'en_(arknights),Ageless Afterglow,game_mirror,https://aceship.github.io/AN-EN-Tags/akhrchars.html?opname=Ch'en,https://danbooru.donmai.us/posts/3794911,blue_hair red_eyes horns tail red_dress shorts_under_dress bike_shorts black_shorts red_shoes hair_bun long_hair,ch'en_(ageless_afterglow)_(arknights),ch'en_(ageless_afterglow)_(arknights) ch'en_(arknights),1girl bare_arms bare_legs bare_shoulders bead_bracelet beads bike_shorts black_shorts blue_hair bracelet branch breasts chair chinese_clothes double_bun dragon dress eastern_dragon from_side full_body hair_bun head_tilt high_heels horns jewelry long_hair looking_at_viewer medium_breasts official_alternate_costume petals qipao red_dress red_eyes red_shoes scales shadow shoes short_shorts shorts shorts_under_dress side_slit sidelocks sitting sleeveless sleeveless_dress solo tail thigh_strap thighs transparent_background,highres official_art third-party_source
ch'en_(arknights),legacy_appearance_pack+released_skin+danbooru_tag,char_010_chen#1+char_010_chen#2,True,candidate,2,38,3563808,ch'en_(arknights),Default,game_mirror,https://aceship.github.io/AN-EN-Tags/akhrchars.html?opname=Ch'en,https://danbooru.donmai.us/posts/3563808,blue_hair red_eyes dragon_tail horns black_jacket black_shorts collared_shirt open_jacket white_shirt black_boots twintails,ch'en_(arknights),ch'en_(arknights),1girl belt black_boots black_jacket black_shorts blue_belt blue_hair boots breasts brown_horns character_name closed_mouth collared_shirt dragon_girl dragon_horns dragon_tail eastern_dragon_horns fingerless_gloves full_body gloves hair_between_eyes hair_over_shoulder holding holding_behind_back holding_sword holding_weapon holding_weapon_behind_back horns jacket long_hair looking_at_viewer low_twintails medium_breasts multicolored_necktie multiple_swords name_tag necktie open_clothes open_jacket orange_necktie red_eyes shin_guards shirt shorts sidelocks simple_background sleeves_rolled_up smile solo sword tachi-e tail thigh_boots transparent_background twintails walkie-talkie weapon white_shirt yellow_necktie,official_art third-party_source
ch'en_(summer)_(arknights),legacy_appearance_pack,,True,candidate,1,18,3798699,ch'en_(arknights),Summer,game_mirror,https://aceship.github.io/AN-EN-Tags/akhrchars.html?opname=Ch'en,https://danbooru.donmai.us/posts/3798699,blue_hair red_eyes horns tail black_bikini highleg_bikini swimsuit grey_shorts short_shorts hat long_hair,ch'en_(summer)_(arknights),ch'en_(arknights) ch'en_(summer)_(arknights),1girl bag bare_legs bare_shoulders baseball_cap belt bikini bikini_under_clothes black_bikini blue_hair breasts folded_ponytail full_body grey_shorts halterneck hat highleg highleg_bikini holding holding_removed_eyewear horns horns_through_headwear long_hair looking_at_viewer medium_breasts midriff navel official_alternate_costume open_fly red_eyes short_shorts shorts sidelocks simple_background slippers solo standing stomach sunglasses swimsuit tachi-e tail thighs transparent_background unworn_eyewear watch wristwatch,official_art third-party_source
ch'en_the_holungday_(arknights),legacy_appearance_pack+released_skin+danbooru_tag,char_1013_chen2#1+char_1013_chen2#2,True,no_exact_tagged_post,0,,,,,,,,,,,,
ch'en_the_holungday_(holiday_hd79)_(arknights),released_skin_official_name,char_1013_chen2@summer#20,False,official_name_without_tag,0,,,,,,,,,,,,
ch'en_the_holungday_(ten_thousand_mountains)_(arknights),released_skin+danbooru_tag,char_1013_chen2@boc#6,True,no_exact_tagged_post,0,,,,,,,,,,,,
click_(arknights),legacy_appearance_pack+released_skin+danbooru_tag,char_328_cammou#1+char_328_cammou#2,True,candidate,1,19,4013659,click_(arknights),Default,game_mirror,https://aceship.github.io/AN-EN-Tags/img/characters/char_328_cammou_1.png,https://danbooru.donmai.us/posts/4013659,grey_hair blue_eyes animal_ears tail black_skirt open_jacket yellow_shirt black_gloves black_hat fingerless_gloves short_hair,click_(arknights),click_(arknights),1girl animal_ears backpack bag baseball_cap black_gloves black_hat black_skirt blue_eyes ears_through_headwear fingerless_gloves full_body gloves grey_hair grey_pantyhose grey_shoes hair_between_eyes hat holding holding_staff jacket long_sleeves looking_at_viewer miniskirt mouse_ears mouse_tail open_clothes open_jacket pantyhose shirt shoes short_hair simple_background skirt smile sneakers solo staff standing tachi-e tail transparent_background yellow_shirt,official_art
click_(grave_thief)_(arknights),released_skin+danbooru_tag,char_328_cammou@witch#2,True,candidate,1,18,4892666,click_(arknights),Grave Thief,game_mirror,https://aceship.github.io/AN-EN-Tags/img/characters/char_328_cammou_witch%232.png,https://danbooru.donmai.us/posts/4892666,grey_hair red_eyes animal_ears tail black_skirt open_jacket white_shirt black_boots black_hat top_hat short_hair,click_(grave_thief)_(arknights),click_(arknights) click_(grave_thief)_(arknights),1girl animal animal_ears basket bat_(animal) black_boots black_hat black_skirt boots crop_top english_text full_body full_moon ghost graveyard grey_hair halloween halloween_costume hat holding holding_basket holding_staff jacket jacket_on_shoulders leg_wrap long_sleeves looking_at_viewer midriff moon mouse_ears mouse_girl mouse_tail navel official_alternate_costume open_clothes open_jacket open_mouth red_eyes shirt short_hair skirt smoke solo staff standing standing_on_one_leg tail tombstone top_hat transparent_background white_shirt,highres official_art third-party_source
click_(悠然假日_hd59)_(arknights),released_skin_official_name,char_328_cammou@summer#22,False,official_name_without_tag,0,,,,,,,,,,,,
cliffheart_(arknights),legacy_appearance_pack+released_skin+danbooru_tag,char_173_slchan#1+char_173_slchan#2,True,candidate,1,19,3564028,cliffheart_(arknights),Default,game_mirror,https://aceship.github.io/AN-EN-Tags/akhrchars.html?opname=Cliffheart,https://danbooru.donmai.us/posts/3564028,black_hair white_hair grey_eyes animal_ears tail black_shorts open_jacket short_shorts sleeveless_jacket black_boots black_gloves,cliffheart_(arknights),cliffheart_(arknights),1girl animal_ear_fluff animal_ears armband armpits bandeau bare_shoulders belt black_bandeau black_boots black_gloves black_hair black_shorts black_thighhighs boots breasts buckle closed_mouth collarbone full_body fur-trimmed_boots fur_trim gloves grey_eyes hair_between_eyes hair_ribbon hat holding holding_weapon jacket jewelry kjerag_logo kusarigama long_hair looking_at_viewer midriff navel necklace open_clothes open_jacket ribbed_socks ribbon short_hair_with_long_locks short_shorts shorts sickle sidelocks simple_background single_sock single_thighhigh sleeveless sleeveless_jacket small_breasts smile snow_leopard_ears snow_leopard_girl snow_leopard_tail socks solo stomach tachi-e tail thigh_strap thighhighs transparent_background tress_ribbon weapon white_hair white_socks,official_art
cliffheart_(highlands_visitor)_(arknights),released_skin+danbooru_tag,char_173_slchan@wwf#1,True,candidate,1,17,3808213,cliffheart_(arknights),Highlands Visitor,game_mirror,https://aceship.github.io/AN-EN-Tags/akhrchars.html?opname=Cliffheart,https://danbooru.donmai.us/posts/3808213,grey_hair grey_eyes animal_ears tail fur-trimmed_jacket grey_sweater open_jacket ribbed_sweater black_boots black_gloves,cliffheart_(highlands_visitor)_(arknights),cliffheart_(arknights) cliffheart_(highlands_visitor)_(arknights),1girl :d alternate_costume animal_ears bag belt binoculars black_belt black_boots black_gloves black_thighhighs blue_sky boots breasts brown_pantyhose buckle cloud day fang full_body fur-trimmed_jacket fur_trim gloves grey_eyes grey_hair grey_sweater hair_between_eyes hand_up head_tilt holding holding_bag jacket leopard long_sleeves looking_at_viewer medium_breasts missing_headwear multicolored_hair official_alternate_costume open_clothes open_jacket open_mouth oval_border pantyhose ribbed_sweater short_hair_with_long_locks sky smile snap-fit_buckle snow_leopard snow_leopard_ears snow_leopard_girl snow_leopard_tail standing streaked_hair sweater tail thighhighs thighhighs_over_pantyhose transparent_background turtleneck turtleneck_sweater wwf_logo yellow_jacket,highres official_art
cliffheart_(lone_climber)_(arknights),released_skin+danbooru_tag,char_173_slchan@wild#1,True,candidate,1,19,3796785,cliffheart_(arknights),Lone Climber,game_mirror,https://aceship.github.io/AN-EN-Tags/akhrchars.html?opname=Cliffheart,https://danbooru.donmai.us/posts/3796785,grey_hair grey_eyes animal_ears tail grey_jacket open_jacket short_shorts white_shirt black_boots blue_choker,cliffheart_(lone_climber)_(arknights),cliffheart_(arknights) cliffheart_(lone_climber)_(arknights),1girl :d adjusting_eyewear animal_ears arm_up bare_legs bird black_boots blouse blue_choker blue_sky boots choker cloud day eyewear_on_head full_body grey_eyes grey_hair grey_jacket hair_between_eyes head_tilt holding ice_axe infection_monitor_(arknights) jacket long_sleeves looking_to_the_side missing_headwear mountain mountainous_horizon official_alternate_costume open_clothes open_jacket open_mouth outdoors rope shirt short_hair_with_long_locks short_shorts shorts sky smile snow_leopard_ears snow_leopard_tail socks solo standing sunglasses tail thighs transparent_background white_shirt white_socks,official_art
closure_(arknights),legacy_appearance_pack,,True,candidate,1,18,11279515,closure_(arknights),Default,game_mirror,https://media.prts.wiki/7/7e/立绘_可露希尔_1.png,https://danbooru.donmai.us/posts/11279515,black_hair red_eyes pointy_ears tail black_coat black_shorts open_coat turtleneck_jacket white_jacket black_boots long_hair,closure_(arknights),closure_(arknights) lambda_(arknights),1girl bat_wings belt belt_pouch black_belt black_boots black_coat black_collar black_hair black_shorts boots carabiner chain closed_mouth coat collar demon_tail drone earpiece full_body goggles hair_between_eyes hammer holding holding_weapon id_card infection_monitor_(arknights) jacket legs_apart long_hair looking_at_viewer multicolored_coat open_clothes open_coat pliers pointy_ears pouch puffy_sleeves red_coat red_eyes shorts simple_background smile solo standing swept_bangs tachi-e tail tool_belt tools transparent_background turtleneck turtleneck_jacket two-tone_coat two_side_up unworn_goggles vampire walkie-talkie weapon white_jacket wings zipper,highres official_art third-party_source
croissant_(arknights),legacy_appearance_pack+released_skin+danbooru_tag,char_201_moeshd#1+char_201_moeshd#2,True,candidate,1,19,3794963,croissant_(arknights),Default,game_mirror,https://aceship.github.io/AN-EN-Tags/img/characters/char_201_moeshd_1.png,https://danbooru.donmai.us/posts/3794963,orange_hair green_eyes horns tail black_jacket black_shorts fur-trimmed_jacket short_shorts white_gloves boots,croissant_(arknights),croissant_(arknights),1girl :d ;d ahoge bandeau bare_legs belt black_jacket black_shorts boots breasts cow_girl cow_horns cow_tail full_body fur-trimmed_jacket fur_trim gloves green_eyes hand_on_shield hand_up horns id_card jacket long_sleeves looking_at_viewer midriff navel one_eye_closed open_clothes open_jacket open_mouth orange_hair planted shield short_hair_with_long_locks short_shorts shorts simple_background small_breasts smile solo spaghetti_strap sparkle standing stomach swept_bangs tachi-e tail thighs thumbs_up transparent_background visor_cap white_gloves,official_art
croissant_(seeker_sk03)_(arknights),released_skin_official_name,char_201_moeshd@summer#4,False,official_name_without_tag,0,,,,,,,,,,,,
croissant_(seven_in_the_morning)_(arknights),released_skin+danbooru_tag,char_201_moeshd@kfc#1,True,candidate,1,19,3794971,croissant_(arknights),Seven in the Morning,game_mirror,https://aceship.github.io/AN-EN-Tags/img/characters/char_201_moeshd_kfc%231.png,https://danbooru.donmai.us/posts/3794971,orange_hair yellow_eyes horns black_shorts open_jacket white_jacket white_shirt black_shoes red_socks ponytail long_hair,croissant_(seven_in_the_morning)_(arknights),croissant_(arknights) croissant_(seven_in_the_morning)_(arknights),1girl :d ahoge alternate_costume bag bare_legs black_shoes black_shorts croissant drink_carton food french_fries full_body gloves hand_up handbag horns jacket long_hair looking_at_viewer low_ponytail milk_carton neckerchief official_alternate_costume open_clothes open_jacket open_mouth orange_hair paper_bag planted ponytail red_neckerchief red_socks shield shirt shoes short_sleeves shorts smile socks solo standing stool table transparent_background visor_cap white_jacket white_shirt yellow_eyes,highres official_art
crownslayer_(arknights),legacy_appearance_pack+released_skin+danbooru_tag,char_1502_crosly#1+char_1502_crosly#2,True,candidate,1,19,9869180,crownslayer_(arknights),Default,game_mirror,https://media.prts.wiki/6/69/立绘_弑君者_1.png,https://danbooru.donmai.us/posts/9869180,red_hair red_eyes tail open_jacket short-sleeved_jacket torn_pants white_shirt elbow_gloves fingerless_gloves,crownslayer_(arknights),crownslayer_(arknights),1girl animal_ear_hood arm_across_chest armband belt black_mask boots covered_mouth denim drop_shadow elbow_gloves fingerless_gloves floating_clothes full_body gloves hand_on_own_chest hood hood_up hyena_tail jacket jeans looking_at_viewer mask mouth_mask open_clothes open_jacket orange_armband pants patchwork_clothes red_eyes red_hair scabbard sheath sheathed shirt short-sleeved_jacket short_sleeves simple_background solo tachi-e tail torn_clothes torn_pants transparent_background white_shirt,highres official_art
crownslayer_(the_dark_night_terminator)_(arknights),released_skin+danbooru_tag,char_1502_crosly@iteration#5,True,candidate,1,18,10353355,crownslayer_(arknights),The Dark Night Terminator,game_mirror,https://media.prts.wiki/e/e0/立绘_弑君者_skin1.png,https://danbooru.donmai.us/posts/10353355,red_hair tail black_bodysuit body_armor black_coat hooded_coat black_boots,crownslayer_(the_dark_night_terminator)_(arknights),crownslayer_(arknights) crownslayer_(the_dark_night_terminator)_(arknights),1girl 1other belt belt_pouch black_bodysuit black_boots black_coat blue_fire body_armor bodysuit boots building city_lights cityscape coat drone drop_shadow fire flying full_body glitch holding holding_sword holding_weapon hood hooded_coat hyena_ears hyena_girl hyena_tail looking_at_viewer looking_down multiple_belts night night_vision_device non-humanoid_robot official_alternate_costume open_clothes open_coat optical_camouflage outdoors pouch pov rain reaching reaching_towards_another red_hair red_tail robot robot_animal sheath skyscraper solo standing sword tail takeoff transparent_background v-shaped_eyebrows vtol weapon,absurdres highres official_art third-party_source
cutter_(arknights),legacy_appearance_pack+released_skin+danbooru_tag,char_301_cutter#1+char_301_cutter#2,True,candidate,1,19,3873394,cutter_(arknights),Default,game_mirror,https://aceship.github.io/AN-EN-Tags/img/characters/char_301_cutter_1.png,https://danbooru.donmai.us/posts/3873394,grey_hair red_eyes fox_ears tail black_jacket open_jacket red_shirt sleeveless_shirt black_boots grey_socks short_hair,cutter_(arknights),cutter_(arknights),1girl animal_ears bandaid bandaid_on_shoulder bare_shoulders black_boots black_jacket boots breasts dual_wielding fox_ears full_body grey_hair grey_socks hair_ornament hairclip half_updo holding holding_sword holding_weapon jacket knee_pads kneehighs long_sleeves looking_at_viewer medium_breasts off_shoulder open_clothes open_jacket red_eyes red_shirt reverse_grip shirt short_hair simple_background sleeveless sleeveless_shirt socks solo standing sword tachi-e tail thigh_strap topknot transparent_background weapon,official_art
cutter_(wiping_knife)_(arknights),released_skin+danbooru_tag,char_301_cutter@marthe#8,True,candidate,1,18,10657721,cutter_(arknights),Wiping Knife,game_mirror,https://media.prts.wiki/1/12/立绘_刻刀_skin1.png,https://danbooru.donmai.us/posts/10657721,brown_hair red_eyes fox_ears fox_tail black_shorts short_shorts jacket grey_shoes white_socks short_hair,cutter_(wiping_knife)_(arknights),cutter_(arknights) cutter_(wiping_knife)_(arknights),1girl animal animal_ears bare_shoulders belt black_shorts brown_hair clothing_cutout couch curtains fox fox_ears fox_girl fox_tail full_body grey_shoes hair_ornament hairclip holding holster indoors jacket long_sleeves looking_at_viewer midriff navel official_alternate_costume paper red_eyes shoes short_hair short_shorts shorts shoulder_cutout sneakers socks solo standing standing_on_one_leg tail thigh_strap transparent_background white_socks window,highres official_art third-party_source
dagda_(arknights),legacy_appearance_pack+released_skin+danbooru_tag,char_157_dagda#1+char_157_dagda#2,True,candidate,1,18,9928360,dagda_(arknights),Default,game_mirror,https://media.prts.wiki/c/c8/立绘_达格达_1.png,https://danbooru.donmai.us/posts/9928360,black_hair yellow_eyes cat_ears cat_tail black_shorts ankle_boots black_boots very_long_hair,dagda_(arknights),dagda_(arknights),1girl animal_ears ankle_boots asymmetrical_footwear black_boots black_hair black_shorts boots cat_ears cat_girl cat_tail closed_mouth drop_shadow full_body lace-up_boots long_hair looking_at_viewer mismatched_footwear shorts simple_background single_ankle_boot single_thigh_boot solo standing tachi-e tail thigh_boots thigh_strap transparent_background uneven_footwear very_long_hair yellow_eyes,highres official_art revision third-party_source
deepcolor_(arknights),legacy_appearance_pack+released_skin+danbooru_tag,char_110_deepcl#1+char_110_deepcl#2,True,candidate,1,19,3847170,deepcolor_(arknights),Default,game_mirror,https://aceship.github.io/AN-EN-Tags/akhrchars.html?opname=Deepcolor,https://danbooru.donmai.us/posts/3847170,brown_hair red_hair brown_eyes black_boots high_heel_boots white_socks short_hair,deepcolor_(arknights),deepcolor_(arknights),1girl black_boots boots breasts brown_eyes brown_hair cleavage closed_mouth expressionless full_body glasses high_heel_boots high_heels holding holding_pencil large_breasts looking_at_viewer mechanical_pencil messy_hair multicolored_boots multicolored_hair pencil red-framed_eyewear red_hair semi-rimless_eyewear short_hair simple_background socks solo tachi-e transparent_background two-tone_hair under-rim_eyewear white_socks yellow_boots,official_art
deepcolor_(melodic_portrayal)_(arknights),released_skin+danbooru_tag,char_110_deepcl@winter#3,True,no_exact_tagged_post,0,,,,,,,,,,,,
degenbrecher_(arknights),legacy_appearance_pack+released_skin+danbooru_tag,char_4116_blkkgt#1+char_4116_blkkgt#2,True,candidate,1,19,4994523,degenbrecher_(arknights),Default,game_mirror,https://aceship.github.io/AN-EN-Tags/img/avg/characters/avg_npc_257_1%231$1.png,https://danbooru.donmai.us/posts/4994523,blonde_hair yellow_eyes horns animal_ears black_jacket black_pants orange_shirt black_boots black_gloves very_long_hair,degenbrecher_(arknights),degenbrecher_(arknights),1girl animal_ears arm_behind_back armband black_boots black_gloves black_jacket black_pants blonde_hair boots full_body gloves hair_between_eyes head_tilt high_heels holding holding_sword holding_weapon horns jacket kjerag_logo long_hair long_sleeves looking_at_viewer orange_shirt pants shirt simple_background solo standing sword tachi-e thigh_strap transparent_background very_long_hair weapon yellow_eyes,official_art
degenbrecher_(the_shadow_of_the_dark_moon)_(arknights),released_skin+danbooru_tag,char_4116_blkkgt@witch#5,True,candidate,1,19,8422566,degenbrecher_(arknights),The Shadow of the Dark Moon,game_mirror,https://media.prts.wiki/3/3d/立绘_锏_skin1.png,https://danbooru.donmai.us/posts/8422566,orange_hair horns animal_ears black_shirt black_gloves witch_hat long_hair,degenbrecher_(the_shadow_of_the_dark_moon)_(arknights),degenbrecher_(arknights) degenbrecher_(the_shadow_of_the_dark_moon)_(arknights),1girl animal_ears black_gloves black_leggings black_shirt book drop_shadow floating floating_book floating_object full_body gloves goat_ears goat_girl goat_horns hat holding holding_staff holding_sword holding_weapon horns leggings long_hair looking_at_viewer official_alternate_costume orange_hair shirt solo staff sword transparent_background weapon witch_hat,absurdres highres official_art
dobermann_(arknights),legacy_appearance_pack+released_skin+danbooru_tag,char_130_doberm#1+char_130_doberm#2,True,candidate,5,6,11578489,dobermann_(arknights),supplemental search,game_mirror,https://arknights.wiki.gg/images/Dobermann_unarmed.png,https://danbooru.donmai.us/posts/11578489,black_hair brown_eyes animal_ears black_pants black_shirt black_choker brown_gloves long_hair,dobermann_(arknights),dobermann_(arknights),1girl animal_ears black_choker black_hair black_pants black_shirt breasts brown_eyes brown_gloves choker crop_top dog_ears dog_girl full_body gloves long_hair long_sleeves looking_at_viewer medium_breasts midriff mole mole_under_eye pants shirt sidelocks simple_background solo standing stomach tachi-e transparent_background,official_art third-party_source
dobermann_(lieutenant)_(arknights),released_skin+danbooru_tag,char_130_doberm@epoque#7,True,candidate,2,19,4179723,dobermann_(arknights),Lieutenant,game_mirror,https://aceship.github.io/AN-EN-Tags/img/characters/char_130_doberm_epoque%237.png,https://danbooru.donmai.us/posts/4179723,black_hair military_uniform grey_jacket grey_pants black_boots black_gloves black_hat short_hair,dobermann_(lieutenant)_(arknights),dobermann_(arknights) dobermann_(lieutenant)_(arknights),1girl adjusting_clothes adjusting_headwear awning black_boots black_gloves black_hair black_hat boots building condensation door full_body gloves grey_jacket grey_pants hand_up hat jacket knee_boots long_sleeves military military_uniform official_alternate_costume pants peaked_cap plant rain saber_(weapon) scabbard sheath sheathed short_hair sidelocks solo standing sword taking_shelter transparent_background umbrella weapon window,highres official_art
dorothy_(arknights),legacy_appearance_pack+released_skin+danbooru_tag,char_4048_doroth#1+char_4048_doroth#2,True,candidate,1,22,5485412,dorothy_(arknights),Default,game_asset,Arknights,https://danbooru.donmai.us/posts/5485412,blonde_hair yellow_eyes animal_ears tail black_skirt open_coat white_coat white_shirt asymmetrical_gloves black_gloves ponytail,dorothy_(arknights),dorothy_(arknights),1girl animal_ears anklet asymmetrical_gloves black_gloves black_skirt blonde_hair boots breasts cleavage clipboard coat crossed_bangs drone ear_tag fingerless_gloves full_body gloves hand_up hat high_heel_boots high_heels holding holding_clipboard infection_monitor_(arknights) jewelry long_hair long_sleeves looking_at_viewer mismatched_gloves mouse_ears mouse_girl mouse_tail open_clothes open_coat ponytail shirt simple_background skirt small_breasts solo sprite tachi-e tail thigh_strap transparent_background white_boots white_coat white_hat white_shirt yellow_eyes yellow_gloves,game_asset highres non-web_source official_art self-datamine
dorothy_(hand_of_destiny)_(arknights),legacy_appearance_pack+released_skin+danbooru_tag,char_4048_doroth@witch#4,True,no_exact_tagged_post,0,,,,,,,,,,,,
dur-nar_(arknights),legacy_appearance_pack+released_skin+danbooru_tag,char_260_durnar#1+char_260_durnar#2,True,candidate,1,19,4013641,dur-nar_(arknights),Default,game_mirror,https://aceship.github.io/AN-EN-Tags/img/characters/char_260_durnar_1.png,https://danbooru.donmai.us/posts/4013641,purple_hair purple_eyes fox_ears fox_tail black_jacket grey_pants open_jacket white_shirt black_boots gloves short_hair,dur-nar_(arknights),dur-nar_(arknights),1girl animal_ears black_boots black_jacket boots breasts fox_ears fox_tail full_body gloves grey_pants hair_between_eyes hand_up hat head_tilt id_card jacket knee_pads large_breasts long_sleeves looking_at_viewer open_clothes open_jacket pants planted purple_eyes purple_hair shield shirt short_hair simple_background smile solo standing tachi-e tail transparent_background white_shirt wing_collar,official_art
dur-nar_(plush_cake)_(arknights),released_skin+danbooru_tag,char_260_durnar@epoque#42,True,candidate,1,19,10652726,dur-nar_(arknights),Plush Cake,game_mirror,https://media.prts.wiki/0/04/立绘_坚雷_skin1.png,https://danbooru.donmai.us/posts/10652726,purple_hair purple_eyes fox_ears fox_tail black_skirt off-shoulder_shirt off-shoulder_sweater black_boots white_thighhighs socks short_hair,dur-nar_(plush_cake)_(arknights),dur-nar_(arknights) dur-nar_(plush_cake)_(arknights),1girl animal_ears bare_shoulders black_boots black_skirt boots breasts cake candy cleavage crop_top food fork fox_ears fox_girl fox_tail full_body holding large_breasts lollipop long_sleeves looking_at_viewer midriff miniskirt navel off-shoulder_shirt off-shoulder_sweater off_shoulder official_alternate_costume purple_eyes purple_hair shelf shirt short_hair single_sock single_thighhigh skirt smile socks solo standing stuffed_animal stuffed_toy sweater tail thigh_strap thighhighs transparent_background white_thighhighs,highres official_art
durin_(arknights),legacy_appearance_pack+released_skin+danbooru_tag,char_501_durin#1,True,candidate,1,14,3769504,durin_(arknights),,game_mirror,https://aceship.github.io/AN-EN-Tags/img/characters/char_501_durin_1.png,https://danbooru.donmai.us/posts/3769504,blonde_hair blue_eyes pointy_ears rhodes_island_uniform black_coat black_skirt pleated_skirt white_shirt black_hat long_hair,durin_(arknights),durin_(arknights),1girl black_coat black_hat black_shoes black_skirt black_thighhighs blonde_hair blue_eyes breasts coat expressionless full_body hair_between_eyes hat holding holding_wand loafers long_hair long_sleeves looking_at_viewer medium_breasts mini_hat miniskirt name_tag pleated_skirt pointy_ears popped_collar rhodes_island_uniform scarf shirt shoes sidelocks simple_background skirt sleeves_past_fingers sleeves_past_wrists solo standing straight-on tachi-e thighhighs transparent_background wand white_shirt zettai_ryouiki,official_art
dusk_(arknights),legacy_appearance_pack+released_skin+danbooru_tag,char_2015_dusk#1+char_2015_dusk#2,True,candidate,1,19,4343233,dusk_(arknights),Default,game_mirror,https://aceship.github.io/AN-EN-Tags/img/characters/char_2015_dusk_1.png,https://danbooru.donmai.us/posts/4343233,black_hair red_eyes horns pointy_ears short_dress sleeveless_dress black_coat open_coat black_boots red_necktie long_hair,dusk_(arknights),dusk_(arknights),1girl bare_legs bare_shoulders black_boots black_coat black_hair boots coat dress full_body hair_over_one_eye holding holding_sword holding_weapon horns long_hair long_pointy_ears necktie off_shoulder open_clothes open_coat pointy_ears red_eyes red_necktie short_dress simple_background sleeveless sleeveless_dress solo standing sword tachi-e tail transparent_background weapon white_dress,highres official_art
dusk_(everything_is_a_miracle)_(arknights),legacy_appearance_pack+released_skin+danbooru_tag,char_2015_dusk@nian#7,True,candidate,1,18,10835169,dusk_(arknights),Everything is a Miracle,game_mirror,https://media.prts.wiki/8/80/立绘_夕_skin1.png,https://danbooru.donmai.us/posts/10835169,black_hair red_eyes dragon_tail horns aqua_dress sleeveless_dress black_shoes very_long_hair,dusk_(everything_is_a_miracle)_(arknights),dusk_(arknights) dusk_(everything_is_a_miracle)_(arknights),1girl aqua_dress bare_legs bare_shoulders black_hair black_shoes blue_dress blue_skin breasts chinese_clothes colored_skin dragon dragon_girl dragon_horns dragon_tail dress earrings fire flame-tipped_tail from_side full_body high_heels holding holding_sword holding_weapon horns ink jewelry long_hair looking_at_viewer medium_breasts multicolored_hair multicolored_skin official_alternate_costume pointy_ears qipao red_eyes shoes sleeveless sleeveless_dress solo standing streaked_hair sword tail tail_ornament tail_ring tassel tassel_earrings transparent_background two-tone_skin very_long_hair weapon,highres official_art third-party_source
dusk_(hazy_jade)_(arknights),released_skin+danbooru_tag,char_2015_dusk@nian#12,True,candidate,2,7,10754199,dusk_(hazy_jade)_(arknights),supplemental search,publisher,https://ak.hypergryph.com/archive/dynamicCompile/5617,https://danbooru.donmai.us/posts/10754199,black_hair red_eyes dragon_tail horns very_long_hair,dusk_(hazy_jade)_(arknights),dusk_(arknights) dusk_(hazy_jade)_(arknights) free_(arknights),1girl black_hair chinese_clothes dragon_girl dragon_horns dragon_tail hair_over_one_eye holding holding_paintbrush horns long_hair official_alternate_costume paintbrush pointy_ears red_eyes tail very_long_hair,animated bad_link highres official_art video
earthspirit_(arknights),legacy_appearance_pack+released_skin+danbooru_tag,char_183_skgoat#1+char_183_skgoat#2,True,candidate,1,19,3827787,earthspirit_(arknights),Default,game_mirror,https://aceship.github.io/AN-EN-Tags/img/characters/char_183_skgoat_1.png,https://danbooru.donmai.us/posts/3827787,grey_hair blue_eyes horns animal_ears black_coat black_shirt open_coat ankle_boots black_boots black_capelet ponytail,earthspirit_(arknights),earthspirit_(arknights),1girl animal_ears ankle_boots black_boots black_capelet black_coat black_shirt black_thighhighs blue_eyes boots capelet coat drop_shadow full_body gloves goat_ears goat_horns grey_hair hair_between_eyes holding holding_staff horns long_sleeves looking_at_viewer open_clothes open_coat ponytail shirt short_hair short_ponytail sidelocks simple_background solo staff standing tachi-e thighhighs transparent_background v-shaped_eyebrows white_gloves,official_art
earthspirit_(major_field)_(arknights),released_skin+danbooru_tag,char_183_skgoat@epoque#30,True,candidate,1,19,10648398,earthspirit_(arknights),Major Field,game_mirror,https://media.prts.wiki/8/8b/立绘_地灵_skin1.png,https://danbooru.donmai.us/posts/10648398,pink_hair blue_eyes horns animal_ears brown_coat brown_jacket collared_shirt open_jacket pantyhose_under_shorts red_shorts ponytail,earthspirit_(major_field)_(arknights),earthspirit_(arknights) earthspirit_(major_field)_(arknights),1girl animal_ears ankle_boots belt black_pantyhose black_ribbon blue_eyes bolo_tie book boots briefcase brown_boots brown_coat brown_jacket bug butterfly cane closed_mouth coat coat_on_shoulders collared_shirt drawer drawing_(object) flower flying_paper full_body gloves goat_ears goat_girl goat_horns hair_between_eyes high_heels holding holding_cane holding_suitcase horns indoors jacket jacket_on_shoulders long_hair long_sleeves looking_at_viewer low_ponytail neck_ribbon official_alternate_costume open_clothes open_jacket painting_(object) pantyhose pantyhose_under_shorts paper photo_(object) picture_frame pink_hair plant ponytail portrait_(object) potted_plant purple_flower purple_rose red_shorts ribbon rose shirt shoes shorts solo stairs standing suitcase transparent_background vase vest white_belt white_gloves white_shirt yellow_butterfly,highres official_art
entelechia_(arknights),legacy_appearance_pack+released_skin+danbooru_tag,char_4010_etlchi#1+char_4010_etlchi#2,True,candidate,1,18,10249277,entelechia_(arknights),Default,game_mirror,https://media.prts.wiki/2/2d/立绘_隐德来希_1.png,https://danbooru.donmai.us/posts/10249277,black_hair red_eyes pointy_ears black_shorts micro_shorts ankle_boots black_boots grey_socks red_gloves,entelechia_(arknights),entelechia_(arknights),1girl animal ankle_boots ascot bat_(animal) belt_pouch black_boots black_hair black_shorts black_tailcoat boots closed_mouth crossed_ankles demon_girl drop_shadow earrings formal_clothes full_body garter_straps gloves grey_socks hair_horns high_heel_boots high_heels holding holding_scythe holding_weapon jewelry juliet_sleeves kneehighs light_smile long_sleeves looking_at_viewer micro_shorts mole mole_under_eye overskirt pointy_ears pouch puffy_sleeves red_eyes red_gloves red_lips scythe shin_strap shorts simple_background single_garter_strap smile socks solo standing tachi-e tailcoat thigh_strap transparent_background two-sided_tailcoat vampire weapon white_ascot,highres official_art third-party_source
entelechia_(dazzling_blue)_(arknights),released_skin+danbooru_tag,char_4010_etlchi@winter#5,True,candidate,1,18,10577431,entelechia_(arknights),Dazzling Blue,game_mirror,https://media.prts.wiki/9/9d/立绘_隐德来希_skin1.png,https://danbooru.donmai.us/posts/10577431,black_hair red_eyes pointy_ears white_dress blue_jacket open_jacket sleeveless_shirt white_shirt white_shorts short_hair,entelechia_(dazzling_blue)_(arknights),entelechia_(arknights) entelechia_(dazzling_blue)_(arknights),1girl bag bat_(animal) belt black_bag black_belt black_boots black_bow black_collar black_hair blue_jacket boots bow camera character_signature checkered_floor cleavage_cutout clothing_cutout collar cross dress earrings english_text flower flower_earrings full_body hair_between_eyes handbag hat heart high_heel_boots high_heels holding holding_scythe holding_weapon jacket jewelry lapels looking_at_viewer mannequin model mole mole_under_eye notched_lapels official_alternate_costume open_clothes open_jacket origami parted_lips photo_shoot plunging_neckline pointy_ears red_eyes salute scythe shirt short_hair shorts single_off_shoulder sleeveless sleeveless_shirt solo standing star-shaped_pupils star_(symbol) studio studio_lights symbol-shaped_pupils thigh_boots transparent_background triangle_cutout two-finger_salute vampire weapon white_dress white_flower white_hat white_shirt white_shorts wide_brim,absurdres highres official_art third-party_source
eunectes_(arknights),legacy_appearance_pack+released_skin+danbooru_tag,char_416_zumama#1+char_416_zumama#2,True,candidate,1,19,4067336,eunectes_(arknights),Default,game_mirror,https://aceship.github.io/AN-EN-Tags/img/characters/char_416_zumama_1.png,https://danbooru.donmai.us/posts/4067336,black_hair blue_eyes pointy_ears tail yellow_dress black_gloves black_scarf short_hair,eunectes_(arknights),eunectes_(arknights),1girl axe bandeau bare_legs belt black_belt black_gloves black_hair black_scarf blue_eyes breasts cleavage dress flask full_body gloves goggles goggles_on_head holding holding_axe holding_shield holding_weapon long_pointy_ears looking_at_viewer medium_breasts microdress parted_lips pointy_ears reverse_grip scarf see-through_clothes shield short_hair simple_background skindentation snake_tail solo standing strapless tachi-e tail thigh_strap thighs transparent_background tube_top weapon yellow_dress,highres official_art
eunectes_(forgemaster)_(arknights),legacy_appearance_pack+released_skin+danbooru_tag,char_416_zumama@boc#3,True,candidate,1,19,4496918,eunectes_(arknights),Forgemaster,game_mirror,https://aceship.github.io/AN-EN-Tags/img/characters/char_416_zumama_boc%233.png,https://danbooru.donmai.us/posts/4496918,black_hair blue_eyes pointy_ears tail black_pants black_gloves shoes short_hair,eunectes_(forgemaster)_(arknights),eunectes_(arknights) eunectes_(forgemaster)_(arknights) high_priest_(arknights),1girl axe bare_arms bare_shoulders bird_on_tail black_gloves black_hair black_pants blue_eyes camisole crop_top full_body gloves knee_up looking_at_viewer midriff official_alternate_costume pants pointy_ears prehensile_tail scales shoes short_hair sitting snake_tail solo spaghetti_strap stomach tail transparent_background,highres official_art
exusiai_(arknights),legacy_appearance_pack+released_skin+danbooru_tag,char_103_angel#1+char_103_angel#2,True,candidate,1,38,3563838,exusiai_(arknights),Default,game_mirror,https://aceship.github.io/AN-EN-Tags/akhrchars.html?opname=Exusiai,https://danbooru.donmai.us/posts/3563838,red_hair angel_wings halo black_skirt grey_shirt hooded_jacket white_jacket black_boots black_gloves short_hair,exusiai_(arknights),exusiai_(arknights),1girl angel angel_wings arm_up belt black_boots black_gloves black_pantyhose black_skirt boots breasts closed_mouth clothes_writing detached_wings energy_wings english_text fingerless_gloves full_body gloves grey_shirt gun hair_over_one_eye halo holding holding_gun holding_weapon hood hood_down hooded_jacket jacket kriss_vector lace-up_boots logo long_sleeves looking_at_viewer name_tag one_eye_covered pantyhose parted_bangs pouch red_hair shirt shoes short_hair side_part sidelocks simple_background skirt sleeves_rolled_up smile solo standing submachine_gun tachi-e traditional_halo transparent_background trigger_discipline w w_over_head weapon white_jacket wings,official_art third-party_source
exusiai_(city_rider)_(arknights),legacy_appearance_pack+released_skin+danbooru_tag,char_103_angel@kfc#1,True,candidate,1,19,3797971,exusiai_(arknights),City Rider,game_mirror,https://aceship.github.io/AN-EN-Tags/akhrchars.html?opname=Exusiai,https://danbooru.donmai.us/posts/3797971,red_hair brown_eyes angel_wings halo black_shirt open_jacket short_shorts white_jacket white_shorts asymmetrical_gloves short_hair,exusiai_(city_rider)_(arknights),exusiai_(arknights) exusiai_(city_rider)_(arknights),1girl :d angel angel_wings asymmetrical_gloves bare_legs black_shirt brown_eyes burger chicken_wrap cup detached_wings disposable_cup drinking_straw energy_wings flatbread food full_body gloves grey_shoes gun hair_between_eyes halo headphones helmet holding holding_gun holding_unworn_helmet holding_weapon jacket kriss_vector looking_at_viewer mismatched_gloves motor_vehicle motorcycle motorcycle_helmet neckerchief official_alternate_costume open_clothes open_jacket open_mouth red_hair red_neckerchief red_socks rifle shadow shirt shoes short_hair short_shorts short_sleeves shorts smile sneakers socks solo standing submachine_gun taco traditional_halo transparent_background unworn_headwear unworn_helmet weapon white_gloves white_jacket white_shorts wings wrap_(food) yellow_gloves,highres official_art
exusiai_(midnight_delivery)_(arknights),released_skin+danbooru_tag,char_103_angel@sale#8,True,candidate,1,18,10648628,exusiai_(arknights),Midnight Delivery,game_mirror,https://media.prts.wiki/7/78/立绘_能天使_skin3.png,https://danbooru.donmai.us/posts/10648628,red_hair red_eyes halo wings black_jacket black_shorts open_jacket short_shorts white_shirt black_boots short_hair,exusiai_(midnight_delivery)_(arknights),exusiai_(arknights) exusiai_(midnight_delivery)_(arknights),1girl bag bare_shoulders black_boots black_gloves black_jacket black_shorts boots box breasts building city detached_wings drone earpiece energy_wings fingerless_gloves full_body gloves gun halo holding holding_gun holding_magazine_(weapon) holding_weapon jacket kriss_vector long_sleeves looking_at_viewer magazine_(weapon) night off_shoulder official_alternate_costume open_clothes open_jacket outdoors red_eyes red_hair shirt shoes short_hair short_shorts shorts shoulder_bag sign sky skyscraper solo submachine_gun thigh_strap thighs traffic_light transparent_background weapon white_shirt wings,highres official_art third-party_source
exusiai_(wild_operation)_(arknights),released_skin+danbooru_tag,char_103_angel@wild#1,True,candidate,1,39,3797934,exusiai_(arknights),Wild Operation,game_mirror,https://aceship.github.io/AN-EN-Tags/akhrchars.html?opname=Exusiai,https://danbooru.donmai.us/posts/3797934,red_hair brown_eyes angel_wings halo black_jacket grey_shorts short_shorts black_gloves black_shoes short_hair,exusiai_(wild_operation)_(arknights),exusiai_(arknights) exusiai_(wild_operation)_(arknights),1girl adjusting_eyewear angel angel_wings bare_legs black_gloves black_jacket black_shoes brown_eyes container detached_wings energy_wings eyewear_on_head full_body gloves grey_shorts gun hair_over_one_eye halo hand_up holding holding_gun holding_weapon holster jacket load-bearing_vest long_sleeves looking_at_viewer official_alternate_costume red_hair rifle shadow shoes short_hair short_shorts shorts smile solo standing sunglasses thigh_holster traditional_halo transparent_background weapon wings,official_art
exusiai_the_new_covenant_(arknights),legacy_appearance_pack+released_skin+danbooru_tag,char_1041_angel2#1+char_1041_angel2#2,True,no_exact_tagged_post,0,,,,,,,,,,,,
exusiai_the_new_covenant_(寻翼之歌)_(arknights),released_skin_official_name,char_1041_angel2@iteration#6,False,official_name_without_tag,0,,,,,,,,,,,,
eyjafjalla_(arknights),legacy_appearance_pack+released_skin+danbooru_tag,char_180_amgoat#1+char_180_amgoat#2,True,candidate,2,18,3563834,eyjafjalla_(arknights),Default,game_mirror,https://aceship.github.io/AN-EN-Tags/akhrchars.html?opname=Eyjafjalla,https://danbooru.donmai.us/posts/3563834,brown_hair red_hair purple_eyes horns fur-trimmed_dress grey_dress open_coat torn_coat black_boots brown_thighhighs long_hair,eyjafjalla_(arknights),eyjafjalla_(arknights),1girl black_boots blush boots breasts brown_hair brown_thighhighs capelet coat dress floating_hair full_body fur-trimmed_dress fur_trim goggles gradient_hair grey_dress headphones headphones_around_neck holding holding_staff horns lace-up_boots logo long_hair long_sleeves looking_at_viewer mask mask_around_neck multicolored_hair open_clothes open_coat platform_boots purple_eyes red_hair respirator sheep_horns sidelocks simple_background solo staff tachi-e thighhighs torn_clothes torn_coat torn_dress transparent_background watermark white_capelet white_coat wool,official_art third-party_source
eyjafjalla_(fluffy_little_witch)_(arknights),released_skin+danbooru_tag,char_180_amgoat@sanrio#2,True,candidate,1,16,10164988,eyjafjalla_(arknights),Fluffy Little Witch,game_mirror,https://media.prts.wiki/8/86/立绘_艾雅法拉_skin2.png,https://danbooru.donmai.us/posts/10164988,brown_hair pink_eyes horns animal_ears frilled_dress turtleneck_dress frilled_coat open_coat puffy_shorts black_corset braid,eyjafjalla_(fluffy_little_witch)_(arknights),eyjafjalla_(arknights) eyjafjalla_(fluffy_little_witch)_(arknights) my_sweet_piano,1girl animal_ears ascot bag black_ascot black_corset black_gloves black_hat black_thighhighs black_umbrella bloomers blue_bow boots bow bowtie braid braided_hair_rings brown_bag brown_hair city_lights cityscape clock clock_tower clockwork closed_mouth coat corset dress drop_shadow floating floating_stairs frilled_coat frilled_dress frilled_umbrella frills full_body fur-trimmed_boots fur_trim gloves goggles goggles_on_headwear hair_bow hair_ornament hair_rings hairclip hat high_heel_boots high_heels holding holding_hands holding_umbrella hoof_shoes horns letter long_hair looking_at_viewer night official_alternate_costume on_stairs open_clothes open_coat outdoors pink_boots pink_bow pink_coat pink_eyes puffy_shorts purple_bow roman_numeral sheep sheep_ears sheep_girl sheep_horns shorts smile steampunk thighhighs top_hat tower transparent_background turtleneck turtleneck_dress umbrella white_bloomers white_dress,highres official_art third-party_source
eyjafjalla_(summer_flower)_(arknights),legacy_appearance_pack,,True,candidate,1,19,4679517,eyjafjalla_(arknights),Summer Flower,game_mirror,https://aceship.github.io/AN-EN-Tags/img/characters/char_180_amgoat_summer%235.png,https://danbooru.donmai.us/posts/4679517,brown_hair pink_eyes horns animal_ears off-shoulder_bikini pink_bikini swimsuit long_hair,eyjafjalla_(summer_flower)_(arknights),eyjafjalla_(arknights) eyjafjalla_(summer_flower)_(arknights) tiny_creature_(arknights),1girl animal animal_ears anklet bare_arms bare_shoulders barefoot bikini brown_hair copyright_name frilled_thigh_strap full_body horns infection_monitor_(arknights) jewelry long_hair looking_at_viewer off-shoulder_bikini off_shoulder official_alternate_costume outdoors palm_tree pink_bikini pink_eyes pink_sky plaid_bikini plaid_clothes puffy_short_sleeves puffy_sleeves sheep sheep_ears sheep_horns short_sleeves sky solo staff standing standing_on_one_leg swimsuit swimsuit_cover-up thigh_strap thighs transparent_background tree,highres official_art
eyjafjalla_(summer_flowers_fa018)_(arknights),released_skin_official_name,char_180_amgoat@summer#5,False,official_name_without_tag,0,,,,,,,,,,,,
eyjafjalla_the_hvit_aska_(a_picnic_before_a_long_trip)_(arknights),released_skin+danbooru_tag,char_1016_agoat2@epoque#34,True,no_exact_tagged_post,0,,,,,,,,,,,,
eyjafjalla_the_hvit_aska_(arknights),legacy_appearance_pack+released_skin+danbooru_tag,char_1016_agoat2#1+char_1016_agoat2#2,True,no_exact_tagged_post,0,,,,,,,,,,,,
eyjafjalla_the_hvit_aska_(后来的故事)_(arknights),released_skin_official_name,char_1016_agoat2@epoque#57,False,official_name_without_tag,0,,,,,,,,,,,,
fang_(arknights),legacy_appearance_pack+released_skin+danbooru_tag,char_123_fang#1,True,candidate,2,19,7534883,fang_(arknights),Default,game_mirror,https://aceship.github.io/AN-EN-Tags/akhrchars.html?opname=Fang_the_Fire-sharpened,https://danbooru.donmai.us/posts/7534883,blue_hair blue_eyes horse_ears tail torn_shirt multicolored_pants multicolored_shirt black_boots ponytail very_long_hair,fang_(arknights),fang_(arknights) fang_the_fire-sharpened_(arknights),1girl animal_ears belt black_boots blue_eyes blue_hair boots closed_mouth crop_top earrings expressionless extra_ears full_body goggles goggles_on_head grey_nails holding holding_polearm holding_weapon horse_ears horse_girl horse_tail jewelry long_hair looking_at_viewer low_ponytail midriff multicolored_pants multicolored_shirt navel pants polearm ponytail pouch scar scar_on_stomach shirt simple_background solo standing stud_earrings tachi-e tail torn_clothes torn_shirt transparent_background very_long_hair weapon,highres official_art
fang_(cruciata)_(arknights),released_skin+danbooru_tag,char_123_fang@winter#1,True,candidate,1,19,3847195,fang_(arknights),Cruciata,game_mirror,https://aceship.github.io/AN-EN-Tags/akhrchars.html?opname=Fang,https://danbooru.donmai.us/posts/3847195,blue_hair blue_eyes blue_coat black_boots very_long_hair,fang_(cruciata)_(arknights),fang_(arknights) fang_(cruciata)_(arknights),1girl bag black-framed_eyewear black_boots blue_coat blue_eyes blue_hair boots coat full_body glasses holding holding_bag long_hair looking_at_viewer official_alternate_costume one_way_sign road_sign semi-rimless_eyewear sign solo traffic_cone transparent_background under-rim_eyewear very_long_hair,official_art
fartooth_(arknights),legacy_appearance_pack+released_skin+danbooru_tag,char_430_fartth#1+char_430_fartth#2,True,candidate,1,19,4846061,fartooth_(arknights),Default,game_mirror,https://aceship.github.io/AN-EN-Tags/img/characters/char_430_fartth_1.png,https://danbooru.donmai.us/posts/4846061,grey_hair yellow_eyes armor black_shorts short_shorts white_shirt short_hair,fartooth_(arknights),fartooth_(arknights),1girl armor black_shorts crossbow full_body greaves grey_hair holding holding_weapon limbless_crossbow long_sleeves looking_at_viewer pouch shirt short_hair short_shorts shorts simple_background solo standing tachi-e thigh_strap thighs transparent_background weapon white_shirt yellow_eyes,highres official_art
fartooth_(hear_the_wind_sing)_(arknights),released_skin+danbooru_tag,char_430_fartth@whirlwind#5,True,candidate,1,18,6859767,fartooth_(arknights),Hear the Wind Sing,game_mirror,https://gamepress.gg/arknights/sites/arknights/files/2023-06/立绘_远牙_skin1.png,https://danbooru.donmai.us/posts/6859767,grey_hair yellow_eyes asymmetrical_skirt black_shorts green_shirt white_skirt blue_socks checkered_cape long_hair,fartooth_(hear_the_wind_sing)_(arknights),fartooth_(arknights) fartooth_(hear_the_wind_sing)_(arknights),1girl 3d arrow_(symbol) asymmetrical_skirt bird black_shorts blue_socks bright_pupils cape checkered_cape checkered_clothes color_guide floating full_body green_shirt grey_hair horse long_hair numbered plant potted_plant rainbow shadow shield shirt shoes shorts skirt sleeveless sneakers socks solo squirrel sticker sticker_on_face surreal white_pupils white_skirt wind yellow_eyes,highres official_art third-party_source
feater_(arknights),legacy_appearance_pack+released_skin+danbooru_tag,char_241_panda#1+char_241_panda#2,True,candidate,1,19,3563900,feater_(arknights),Default,game_mirror,https://aceship.github.io/AN-EN-Tags/akhrchars.html?opname=FEater,https://danbooru.donmai.us/posts/3563900,black_hair white_hair brown_eyes animal_ears black_dress black_coat duffel_coat black_shoes black_socks long_hair,feater_(arknights),feater_(arknights),1girl :d animal_ears ankle_strap black_coat black_dress black_hair black_shoes black_socks breasts brown_eyes chinese_clothes cleavage cleavage_cutout clothing_cutout coat dress duffel_coat elbow_rest eyewear_on_head fang fangs full_body glasses hair_between_eyes hair_over_one_eye hand_in_pocket head_tilt infection_monitor_(arknights) large_breasts long_hair long_sleeves looking_at_viewer mechanical_arms multicolored_coat multicolored_hair open_clothes open_coat open_mouth panda_ears qipao shield shoes sidelocks simple_background skin_fang skin_fangs smile sneakers socks solo streaked_hair tachi-e thigh_strap tinted_eyewear transparent_background two-tone_coat two_side_up v white_coat white_hair,official_art
feater_(dojo_star)_(arknights),released_skin+danbooru_tag,char_241_panda@marthe#1,True,candidate,1,17,3834069,feater_(arknights),Dojo Star,game_mirror,https://aceship.github.io/AN-EN-Tags/akhrchars.html?opname=FEater,https://danbooru.donmai.us/posts/3834069,black_hair grey_hair yellow_eyes animal_ears black_pants yellow_jacket black_shoes twintails long_hair,feater_(dojo_star)_(arknights),feater_(arknights) feater_(dojo_star)_(arknights),1girl :d animal animal_ears armpits bare_shoulders black_hair black_pants black_shoes black_sports_bra breasts chair clothes_around_waist director's_chair eyewear_on_head folding_chair full_body grey_hair head_tilt jacket jacket_around_waist kicking large_breasts leggings long_hair mechanical_arms megaphone midriff multicolored_hair navel official_alternate_costume open_mouth panda panda_ears pants shoes sidelocks single_mechanical_arm smile sneakers sports_bra stomach streaked_hair sunglasses thighs transparent_background twintails yellow_eyes yellow_jacket,highres official_art
feater_(gourmet)_(arknights),released_skin+danbooru_tag,char_241_panda@nian#7,True,candidate,1,19,5082167,feater_(arknights),Gourmet,game_mirror,https://aceship.github.io/AN-EN-Tags/img/characters/char_241_panda_nian%237.png,https://danbooru.donmai.us/posts/5082167,black_hair grey_hair yellow_eyes open_jacket red_jacket white_pants white_shirt twintails long_hair,feater_(gourmet)_(arknights),feater_(arknights) feater_(gourmet)_(arknights),1girl :q black_hair bowl breasts chopsticks crop_top eyes_visible_through_hair eyewear_on_head food grey_hair hair_over_one_eye high_collar holding holding_bowl holding_chopsticks jacket large_breasts long_hair looking_at_viewer midriff multicolored_hair navel official_alternate_costume open_clothes open_jacket panda pants plate red_jacket shirt sitting solo stomach streaked_hair sunglasses t-shirt tongue tongue_out transparent_background twintails white_pants white_shirt yellow_eyes,highres official_art
fiammetta_(arknights),legacy_appearance_pack+released_skin+danbooru_tag,char_300_phenxi#1+char_300_phenxi#2,True,candidate,1,19,5196699,fiammetta_(arknights),Default,game_mirror,https://aceship.github.io/AN-EN-Tags/img/characters/char_300_phenxi_1.png,https://danbooru.donmai.us/posts/5196699,grey_hair red_hair red_eyes black_jacket brown_skirt collared_shirt feather-trimmed_jacket frilled_skirt ribbed_shirt short_hair,fiammetta_(arknights),fiammetta_(arknights),1girl 40mm_grenade ammunition ammunition_box ballistic_shield bandolier bayonet belt black_gloves black_jacket boots breasts bright_pupils brown_boots brown_skirt buttons closed_mouth collared_shirt colored_tips double-parted_bangs drop_shadow expressionless facing_viewer feather-trimmed_jacket frilled_skirt frills full_body gloves grenade_launcher grey_hair gun gun_sling hair_between_eyes high-waist_skirt holding holding_gun holding_weapon id_card jacket knee_boots knife legs_apart looking_to_the_side medium_breasts miniskirt multicolored_gloves multicolored_hair necktie open_clothes open_jacket parted_hair pointy_hair red_eyes red_gloves red_hair red_necktie ribbed_shirt shadow shield shirt shirt_tucked_in short_hair short_necktie sideways_glance simple_background skirt solo standing suspender_skirt suspenders tachi-e thigh_strap transparent_background trigger_discipline turning_head two-sided_gloves two-tone_gloves two-tone_hair walkie-talkie weapon white_pupils white_shirt zig-zag_part,highres official_art
fiammetta_(divine_oath)_(arknights),released_skin+danbooru_tag,char_300_phenxi@witch#4,True,needs_source_or_visual_review,2,15,9049907,fiammetta_(arknights),Divine Oath,source_unverified,https://www.weibo.com/5185920696/NEq1SzDsT,https://danbooru.donmai.us/posts/9049907,pink_hair red_eyes leg_armor black_gloves red_cape,fiammetta_(divine_oath)_(arknights),fiammetta_(arknights) fiammetta_(divine_oath)_(arknights) sankta_miksaparato_(arknights),1girl black_gloves cape copyright_name copyright_notice cuirass faux_figurine full_body gloves grandfather_and_granddaughter gun holding holding_gun holding_weapon leg_armor pink_hair planted planted_sword red_cape red_eyes solo stage sword watermark weapon weibo_username weibo_watermark,commentary_request highres official_art
fiammetta_(judgment_day)_(arknights),released_skin+danbooru_tag,char_300_phenxi@boc#9,True,candidate,1,18,9236185,fiammetta_(arknights),Judgment Day,game_mirror,https://media.prts.wiki/a/a6/立绘_菲亚梅塔_skin2.png,https://danbooru.donmai.us/posts/9236185,red_hair red_eyes tiara asymmetrical_bodysuit black_bodysuit shoulder_armor asymmetrical_jacket black_jacket armored_boots braid very_long_hair,fiammetta_(judgment_day)_(arknights),fiammetta_(arknights) fiammetta_(judgment_day)_(arknights),1girl absurdly_long_hair armor armored_boots asymmetrical_bodysuit asymmetrical_gloves asymmetrical_jacket asymmetrical_legwear bare_tree belt bird_girl black_belt black_bodysuit black_gloves black_jacket bodysuit bodysuit_under_clothes boots braid drop_shadow ear_piercing feather_hair floating_clothes full_body gloves gun holding holding_gun holding_weapon jacket long_hair looking_at_viewer mismatched_gloves mismatched_legwear monster multicolored_jacket official_alternate_costume open_mouth pauldrons piercing poleyn red_eyes red_hair shell_casing shoulder_armor single_braid solo standing standing_on_branch teeth thigh_boots tiara transparent_background tree two-tone_jacket very_long_braid very_long_hair weapon white_gloves white_jacket,absurdres highres official_art third-party_source
firewatch_(arknights),legacy_appearance_pack+released_skin+danbooru_tag,char_158_milu#1+char_158_milu#2,True,candidate,1,19,3564038,firewatch_(arknights),Default,game_mirror,https://aceship.github.io/AN-EN-Tags/akhrchars.html?opname=Firewatch,https://danbooru.donmai.us/posts/3564038,grey_hair green_eyes horns aran_sweater black_skirt collared_shirt green_jacket green_shirt hooded_jacket ponytail long_hair,firewatch_(arknights),firewatch_(arknights),1girl ankle_boots antlers aran_sweater backpack bag black_boots black_gloves black_skirt boots breasts cable_knit closed_mouth collared_shirt crossbow expressionless eyeliner full_body gloves green_eyes green_jacket green_pantyhose green_shirt grey_hair hair_flaps holding holding_weapon hood hood_down hooded_jacket hoodie horns jacket jewelry long_hair long_sleeves looking_at_viewer makeup mole mole_under_eye necklace one_eye_closed open_clothes open_hoodie pantyhose ponytail radio_antenna reindeer_antlers shirt sidelocks simple_background skirt small_breasts solo sweater tachi-e transparent_background weapon white_sweater,official_art
firewatch_(snowywatch)_(arknights),released_skin+danbooru_tag,char_158_milu@snow#2,True,candidate,1,19,4256502,firewatch_(arknights),Snowywatch,game_mirror,https://aceship.github.io/AN-EN-Tags/img/characters/char_158_milu_snow%232.png,https://danbooru.donmai.us/posts/4256502,grey_hair yellow_eyes horns black_pantyhose black_shoes long_hair,firewatch_(snowywatch)_(arknights),firewatch_(arknights) firewatch_(snowywatch)_(arknights),1girl antlers black_pantyhose black_shoes cloak full_body grey_cloak grey_hair gun hair_between_eyes holding holding_gun holding_weapon horns long_hair looking_at_viewer official_alternate_costume pantyhose rifle shoes sniper_rifle solo standing transparent_background weapon yellow_eyes,highres official_art
firewatch_(wilted_cypress)_(arknights),released_skin+danbooru_tag,char_158_milu@wild#2,True,needs_source_or_visual_review,1,15,3769542,firewatch_(arknights),Wilted Cypress,source_unverified,https://www.gamespress.com/en-US/Arknights#?tab=screenshots-2,https://danbooru.donmai.us/posts/3769542,green_eyes horns sleeveless_dress white_dress adjusting_gloves ankle_boots black_gloves purple_boots long_hair,firewatch_(wilted_cypress)_(arknights),firewatch_(arknights) firewatch_(wilted_cypress)_(arknights),1girl adjusting_clothes adjusting_gloves ankle_boots antlers arrow_(projectile) bags_under_eyes black_gloves boots breasts closed_mouth combat_knife crossbow dress expressionless faux_figurine full_body gloves green_eyes head_tilt headband horns knife load-bearing_equipment long_hair looking_at_viewer official_alternate_costume purple_boots quiver radio reindeer_antlers sidelocks sleeveless sleeveless_dress small_breasts solo standing thighhighs transparent_background weapon white_dress,absurdres highres official_art protected_link second-party_source
flametail_(arknights),legacy_appearance_pack+released_skin+danbooru_tag,char_420_flamtl#1+char_420_flamtl#2,True,candidate,1,19,4580625,flametail_(arknights),Default,game_mirror,https://aceship.github.io/AN-EN-Tags/img/avg/characters/avg_npc_122.png,https://danbooru.donmai.us/posts/4580625,red_hair brown_eyes animal_ears tail shoulder_armor armored_boots thigh_boots thighhighs ponytail long_hair,flametail_(arknights),flametail_(arknights),1girl animal_ears armor armored_boots belt belt_pouch boots brown_eyes closed_mouth full_body gambeson gauntlets gorget greaves hand_on_own_hip helmet holding holding_sword holding_weapon long_hair looking_at_viewer pauldrons ponytail pouch red_hair ribbon shoulder_armor shoulder_strap simple_background smile solo standing sword tachi-e tail thigh_boots thigh_pouch thigh_strap thighhighs transparent_background utility_belt weapon white_ribbon,official_art
flametail_(sport_for_all)_(arknights),released_skin+danbooru_tag,char_420_flamtl@game#2,True,no_exact_tagged_post,0,,,,,,,,,,,,
flint_(arknights),legacy_appearance_pack+released_skin+danbooru_tag,char_415_flint#1+char_415_flint#2,True,candidate,1,19,4067339,flint_(arknights),Default,game_mirror,https://aceship.github.io/AN-EN-Tags/img/characters/char_415_flint_1.png,https://danbooru.donmai.us/posts/4067339,black_hair blue_eyes black_jacket grey_shorts hooded_jacket short_shorts white_shirt black_gloves long_hair,flint_(arknights),flint_(arknights),1girl bandages belt black_belt black_gloves black_hair black_jacket black_pantyhose blue_eyes boxing_gloves crop_top crop_top_overhang cutoffs dark-skinned_female dark_skin full_body gloves grey_shorts hair_between_eyes holding hood hooded_jacket jacket long_hair long_sleeves looking_at_viewer midriff navel open_clothes open_jacket pantyhose punching_bag shirt shoes short_shorts shorts simple_background sneakers solo standing stomach tachi-e torn_clothes torn_pantyhose transparent_background white_shirt wide_sleeves wrist_wrap,highres official_art
flint_(gorgeous_flower)_(arknights),released_skin+danbooru_tag,char_415_flint@boc#3,True,candidate,1,19,10662405,flint_(arknights),Gorgeous Flower,game_mirror,https://media.prts.wiki/d/d7/立绘_燧石_skin1.png,https://danbooru.donmai.us/posts/10662405,black_hair brown_hair blue_eyes black_shirt open_coat open_jacket pleated_skirt white_skirt black_shoes long_hair,flint_(gorgeous_flower)_(arknights),flint_(arknights) flint_(gorgeous_flower)_(arknights),1girl bird black_hair black_shirt black_shoes blue_eyes brown_hair closed_mouth coat dark-skinned_female dark_skin flower full_body hair_over_one_eye jacket long_hair long_sleeves looking_at_viewer official_alternate_costume open_clothes open_coat open_jacket pantyhose pleated_skirt purple_flower shirt shoes skirt solo transparent_background white_pantyhose white_skirt wisteria,highres official_art
folinic_(arknights),legacy_appearance_pack+released_skin+danbooru_tag,char_345_folnic#1+char_345_folnic#2,True,candidate,1,19,3991912,folinic_(arknights),Default,game_mirror,https://aceship.github.io/AN-EN-Tags/img/characters/char_345_folnic_1.png,https://danbooru.donmai.us/posts/3991912,brown_hair yellow_eyes animal_ears black_shorts open_coat white_coat white_shirt black_boots black_choker long_hair,folinic_(arknights),folinic_(arknights),1girl animal_ears armband ascot belt black_ascot black_belt black_boots black_choker black_shorts blue_gloves boots brown_hair choker coat earphones flower full_body gloves grey_pantyhose hair_flower hair_ornament hand_on_own_hip latex latex_gloves long_hair long_sleeves looking_at_viewer open_clothes open_coat pantyhose pouch rubber_gloves shirt shorts simple_background smile solo standing tachi-e transparent_background white_coat white_flower white_shirt yellow_eyes,bad_id official_art
folinic_(lasting_arrowroot)_(arknights),released_skin+danbooru_tag,char_345_folnic@wild#4,True,candidate,1,18,4619551,folinic_(arknights),Lasting Arrowroot,game_mirror,https://aceship.github.io/AN-EN-Tags/img/characters/char_345_folnic_wild%234.png,https://danbooru.donmai.us/posts/4619551,brown_hair yellow_eyes animal_ears black_choker black_thighhighs ponytail long_hair,folinic_(lasting_arrowroot)_(arknights),folinic_(arknights) folinic_(lasting_arrowroot)_(arknights),1girl animal_ears arrow_(projectile) bare_shoulders bare_tree belt bird black_belt black_choker black_thighhighs bow_(weapon) brown_hair choker detached_sleeves flower full_body hair_flower hair_ornament holding holding_arrow holding_bow_(weapon) holding_weapon infection_monitor_(arknights) long_hair long_sleeves looking_at_viewer official_alternate_costume ponytail red_flower sitting smile solo thighhighs toeless_legwear transparent_background tree weapon white_flower yellow_eyes,highres official_art third-party_source
franka_(arknights),legacy_appearance_pack+released_skin+danbooru_tag,char_106_franka#1+char_106_franka#2,True,candidate,1,19,3769658,franka_(arknights),Default,game_mirror,https://aceship.github.io/AN-EN-Tags/akhrchars.html?opname=Franka,https://danbooru.donmai.us/posts/3769658,brown_hair brown_eyes fox_ears fox_tail collared_shirt grey_shirt grey_skirt high-waist_skirt black_shoes brown_gloves long_hair,franka_(arknights),franka_(arknights),1girl animal_ears asymmetrical_legwear black_shoes breasts brown_eyes brown_gloves brown_hair brown_thighhighs buckle collared_shirt combat_knife fox_ears fox_tail full_body gloves grey_shirt grey_skirt high-waist_skirt high_heels holding holding_sword holding_weapon knife large_breasts long_hair looking_at_viewer name_tag radio_antenna rapier sheath shirt shoes sidelocks simple_background single_leg_pantyhose single_thighhigh skirt snap-fit_buckle solo sword tachi-e tail thighhighs transparent_background uneven_legwear weapon,official_art
franka_(rainforest_me_rainbow)_(arknights),released_skin+danbooru_tag,char_106_franka@ncg#1,True,no_exact_tagged_post,0,,,,,,,,,,,,
frostleaf_(arknights),legacy_appearance_pack+released_skin+danbooru_tag,char_193_frostl#1+char_193_frostl#2,True,candidate,1,19,3566414,frostleaf_(arknights),Default,game_mirror,https://aceship.github.io/AN-EN-Tags/img/characters/char_193_frostl_1.png,https://danbooru.donmai.us/posts/3566414,grey_hair red_eyes fox_ears fox_tail purple_dress hooded_coat open_coat black_boots black_hat red_pantyhose long_hair,frostleaf_(arknights),frostleaf_(arknights),1girl animal_ears bag bare_shoulders beanie black_boots black_hat boots breasts cleavage coat dress ears_through_headwear expressionless fox_ears fox_girl fox_tail full_body gradient_hair grey_hair halberd hat headphones holding holding_weapon hood hood_down hooded_coat implied_extra_ears knee_pads leg_up long_hair looking_at_viewer material_growth multicolored_hair off_shoulder open_clothes open_coat oripathy_lesion_(arknights) pantyhose polearm purple_dress red_coat red_eyes red_nails red_pantyhose shoulder_bag simple_background small_breasts solo tachi-e tail transparent_background weapon,alpha_transparency official_art
frostleaf_(breaking_the_ice)_(arknights),released_skin+danbooru_tag,char_193_frostl@boc#4,True,candidate,1,7,10648251,frostleaf_(breaking_the_ice)_(arknights),supplemental search,game_mirror,https://media.prts.wiki/8/8c/立绘_霜叶_skin1.png,https://danbooru.donmai.us/posts/10648251,grey_hair white_hair red_eyes fox_ears fox_tail black_jacket black_pants open_jacket purple_shirt black_boots black_gloves,frostleaf_(breaking_the_ice)_(arknights),frostleaf_(arknights) frostleaf_(breaking_the_ice)_(arknights),1girl animal_ears arms_behind_back axe beanie belt_pouch black_boots black_gloves black_hat black_jacket black_pants boots breasts crop_top ears_through_headwear fingerless_gloves fox_ears fox_girl fox_tail from_side full_body gloves grey_hair hair_between_eyes halberd hat holding holding_axe holding_polearm holding_weapon ice jacket long_hair long_sleeves looking_at_viewer medium_breasts midriff official_alternate_costume open_clothes open_jacket pants polearm pouch purple_scarf purple_shirt red_eyes scarf shirt simple_background solo standing tail thigh_pouch thigh_strap transparent_background weapon white_hair,highres official_art
frostnova_(arknights),legacy_appearance_pack,,True,candidate,1,13,8741247,frostnova_(arknights),,game_mirror,https://arknights.wiki.gg/images/d/d1/FrostNova.png,https://danbooru.donmai.us/posts/8741247,grey_hair grey_eyes rabbit_ears grey_dress short_dress torn_jacket white_jacket black_gloves black_thighhighs medium_hair,frostnova_(arknights),frostnova_(arknights),1girl animal_ears black_gloves black_thighhighs boots closed_mouth dress full_body gloves grey_boots grey_dress grey_eyes grey_hair hair_ornament hair_over_one_eye hairclip holding holding_knife holding_weapon jacket knife looking_at_viewer medium_hair one_eye_covered rabbit_ears rabbit_girl scar scar_on_face scar_on_nose short_dress simple_background solo standing tachi-e thigh_boots thighhighs thighhighs_under_boots torn_clothes torn_jacket transparent_background weapon white_jacket zipper,bad_link official_art third-party_source
gavial_(arknights),legacy_appearance_pack+released_skin+danbooru_tag,char_187_ccheal#1+char_187_ccheal#2,True,candidate,1,19,3564282,gavial_(arknights),Default,game_mirror,https://aceship.github.io/AN-EN-Tags/img/characters/char_187_ccheal_1.png,https://danbooru.donmai.us/posts/3564282,green_hair yellow_eyes pointy_ears tail black_dress collared_dress hooded_jacket ankle_boots black_boots green_socks long_hair,gavial_(arknights),gavial_(arknights),1girl ankle_boots antenna_hair arm_up armband black_boots black_dress boots breasts collared_dress crocodile_girl crocodilian_tail detached_sleeves dress full_body green_hair green_socks green_tail grin hair_ornament hairclip high_collar high_heel_boots high_heels holding holding_staff hood hood_down hooded_jacket jacket kneehighs leg_up legwear_garter long_hair looking_at_viewer medium_breasts messy_hair pointy_ears pouch ribbed_socks sidelocks simple_background smile socks solo staff standing standing_on_one_leg tachi-e tail tail_support transparent_background yellow_eyes,official_art
gavial_(combat_medic)_(arknights),released_skin+danbooru_tag,char_187_ccheal@epoque#2,True,candidate,1,19,4013630,gavial_(arknights),Combat Medic,game_mirror,https://aceship.github.io/AN-EN-Tags/img/characters/char_187_ccheal_epoque%232.png,https://danbooru.donmai.us/posts/4013630,green_hair brown_eyes pointy_ears tail black_shirt black_shorts green_jacket open_jacket short_shorts black_boots very_long_hair,gavial_(combat_medic)_(arknights),gavial_(arknights) gavial_(combat_medic)_(arknights),1girl :d antenna_hair black_boots black_shirt black_shorts boots brown_eyes crocodilian_tail crop_top foot_on_weapon full_body green_hair green_jacket grey_thighhighs hair_between_eyes head_tilt jacket knee_pads long_hair long_sleeves looking_at_viewer material_growth midriff official_alternate_costume open_clothes open_jacket open_mouth oripathy_lesion_(arknights) planted pointy_ears pouch shadow shirt short_shorts shorts smile solo staff tail thigh_boots thighhighs transparent_background very_long_hair weapon,highres official_art
gavial_(summer)_(arknights),legacy_appearance_pack,,True,candidate,1,18,9743065,gavial_(arknights),Summer,game_mirror,https://media.prts.wiki/1/1a/Avg_char_187_ccheal_summer_1.png,https://danbooru.donmai.us/posts/9743065,green_hair orange_eyes pointy_ears tail black_bikini highleg_bikini swimsuit open_jacket white_jacket ponytail long_hair,gavial_(summer)_(arknights),gavial_(arknights) gavial_(summer)_(arknights),1girl abs ankle_strap antenna_hair bikini black_bikini breasts cup drinking_glass full_body green_hair grin hair_between_eyes highleg highleg_bikini holding jacket long_hair long_legs long_sleeves looking_at_viewer medium_breasts navel off_shoulder official_alternate_costume open_clothes open_jacket orange_eyes parted_lips pointy_ears ponytail sandals see-through_clothes sidelocks simple_background smile solo sports_sandals standing swimsuit tachi-e tail thigh_strap thighs transparent_background tsurime underboob visor_cap white_jacket,official_art third-party_source
gavial_the_invincible_(arknights),legacy_appearance_pack+released_skin+danbooru_tag,char_1026_gvial2#1+char_1026_gvial2#2,True,no_exact_tagged_post,0,,,,,,,,,,,,
gavial_the_invincible_(holiday_hd26)_(arknights),released_skin_official_name,char_1026_gvial2@summer#12,False,official_name_without_tag,0,,,,,,,,,,,,
gitano_(arknights),legacy_appearance_pack+released_skin+danbooru_tag,char_109_fmout#1+char_109_fmout#2,True,candidate,1,19,3798503,gitano_(arknights),Default,game_mirror,https://aceship.github.io/AN-EN-Tags/akhrchars.html?opname=Gitano,https://danbooru.donmai.us/posts/3798503,grey_hair green_eyes animal_ears black_shorts purple_shirt black_boots black_thighhighs high_heel_boots very_long_hair,gitano_(arknights),gitano_(arknights),1girl animal_ears anklet black_boots black_shorts black_thighhighs boots bracelet breasts card cleavage cleavage_cutout cloak clothing_cutout deer_ears earrings full_body green_eyes grey_hair high_heel_boots high_heels holding holding_card jewelry long_hair looking_at_viewer multiple_earrings parted_bangs pentagram purple_shirt ring shirt shorts sidelocks simple_background smile solo standing tachi-e thigh_boots thigh_strap thighhighs transparent_background very_long_hair wavy_hair wide_sleeves,official_art
gitano_(unknown_journey)_(arknights),released_skin+danbooru_tag,char_109_fmout@epoque#2,True,candidate,1,19,3798508,gitano_(arknights),Unknown Journey,game_mirror,https://aceship.github.io/AN-EN-Tags/img/characters/char_109_fmout_epoque%232.png,https://danbooru.donmai.us/posts/3798508,grey_hair green_eyes animal_ears white_dress grey_shoes choker ponytail very_long_hair,gitano_(unknown_journey)_(arknights),gitano_(arknights) gitano_(unknown_journey)_(arknights),1girl animal animal_ears anklet breasts choker crystal deer deer_ears dress earrings eyewear_on_head full_body green_eyes grey_hair grey_shoes half-closed_eyes high_heel_sandals high_heels jewelry long_hair looking_at_viewer mole mole_under_mouth multiple_earrings official_alternate_costume parted_bangs parted_lips ponytail red_lips ring rolling_suitcase sandals shoes sidelocks solo standing strappy_heels suitcase sunglasses thighlet thighs thumb_ring transparent_background very_long_hair wavy_hair white_dress,highres official_art
gladiia_(arknights),legacy_appearance_pack+released_skin+danbooru_tag,char_474_glady#1+char_474_glady#2,True,candidate,7,9,4861763,gladiia_(arknights),supplemental search,game_asset,https://prts.wiki/images/6/61/Avg_ac18_13_2.png,https://danbooru.donmai.us/posts/4861763,grey_hair black_cape black_gloves medium_hair,gladiia_(arknights),gladiia_(arknights),1girl ascot black_cape black_collar black_gloves cape close-up collar eyes_out_of_frame facing_viewer gloves grey_hair head_out_of_frame medium_hair portrait scales solo white_ascot,bad_link cropped game_asset official_art third-party_source
gladiia_(i_am_the_tides)_(arknights),legacy_appearance_pack+released_skin+danbooru_tag,char_474_glady@epoque#33,True,candidate,2,14,9180000,gladiia_(i_am_the_tides)_(arknights),,game_mirror,https://raw.githubusercontent.com/PuppiizSunniiz/Arknight-Images/main/characters/char_474_glady_epoque%2333.png,https://danbooru.donmai.us/posts/9180000,grey_hair red_eyes pointy_ears black_dress black_boots high_heel_boots long_hair,gladiia_(i_am_the_tides)_(arknights),gladiia_(arknights) gladiia_(i_am_the_tides)_(arknights),1girl black_boots black_dress boots candle candlestand center_opening crossed_legs dress grey_hair hair_over_one_eye high_heel_boots high_heels long_hair mask official_alternate_costume pointy_ears red_eyes sitting solo tentacles transparent_background,absurdres highres official_art
gladiia_(return)_(arknights),released_skin+danbooru_tag,char_474_glady@boc#5,True,candidate,2,14,5438942,gladiia_(return)_(arknights),,game_mirror,https://aceship.github.io/AN-EN-Tags/img/characters/char_474_glady_boc%235.png,https://danbooru.donmai.us/posts/5438942,white_hair red_eyes pointy_ears black_coat black_pantyhose long_hair,gladiia_(return)_(arknights),gladiia_(arknights) gladiia_(return)_(arknights),1girl black_coat black_pantyhose coat full_body hair_over_one_eye holding long_hair long_sleeves looking_at_viewer official_alternate_costume pantyhose parted_lips pocket_watch pointy_ears red_eyes solo standing transparent_background watch white_hair,highres official_art
glaucus_(arknights),legacy_appearance_pack+released_skin+danbooru_tag,char_326_glacus#1+char_326_glacus#2,True,candidate,1,19,4013635,glaucus_(arknights),Default,game_mirror,https://aceship.github.io/AN-EN-Tags/img/characters/char_326_glacus_1.png,https://danbooru.donmai.us/posts/4013635,blue_hair grey_hair blue_eyes animal_ears tail blue_jacket black_boots black_thighhighs short_hair,glaucus_(arknights),glaucus_(arknights),1girl animal_ears black_boots black_thighhighs blue_eyes blue_hair blue_jacket boots full_body grey_hair gun hand_up holding holding_gun holding_weapon jacket long_sleeves looking_at_viewer mouth_hold multicolored_hair rifle short_hair simple_background solo standing streaked_hair tablet_pc tachi-e tail thigh_strap thighhighs transparent_background weapon,official_art
glaucus_(exterminator_in_the_square)_(arknights),released_skin+danbooru_tag,char_326_glacus@ghost#1,True,candidate,1,19,4151355,glaucus_(arknights),Exterminator in the Square,game_mirror,https://aceship.github.io/AN-EN-Tags/img/characters/char_326_glacus_ghost%231.png,https://danbooru.donmai.us/posts/4151355,blue_hair white_hair blue_eyes cropped_jacket grey_jacket grey_pants black_boots black_gloves short_hair,glaucus_(exterminator_in_the_square)_(arknights),glaucus_(arknights) glaucus_(exterminator_in_the_square)_(arknights),1girl backpack bag black_boots black_gloves blue_eyes blue_hair boots caution_tape city crop_top cropped_jacket debris electricity energy_weapon full_body gloves grey_jacket grey_pants ground_shatter holding holding_weapon hood jacket looking_to_the_side midriff monowheel monster multicolored_hair official_alternate_costume on_monowheel pants road road_sign short_hair short_hair_with_long_locks short_sleeves sign solo sparks streaked_hair transparent_background weapon white_hair,highres official_art
goldenglow_(arknights),legacy_appearance_pack+released_skin+danbooru_tag,char_377_gdglow#1+char_377_gdglow#2,True,candidate,5,7,5131941,goldenglow_(arknights),supplemental search,game_mirror,https://aceship.github.io/AN-EN-Tags/img/characters/char_377_gdglow_2.png,https://danbooru.donmai.us/posts/5131941,pink_hair yellow_eyes cat_ears cat_tail black_skirt high-waist_skirt open_coat two-tone_coat white_shirt black_hairband braid,goldenglow_(arknights),goldenglow_(arknights),1girl animal_ears black_hairband black_skirt blue_bow blush bow bracelet braid broken cat_ears cat_tail closed_mouth coat droopy_ears electricity frown full_body garter_straps hair_bow hairband head_tilt high-waist_skirt holding holding_staff id_card infection_monitor_(arknights) jewelry lightning_bolt_print long_hair long_sleeves looking_at_viewer messy_hair multicolored_coat open_clothes open_coat pink_hair pink_shoes road_sign scissors shirt shoes side_braid sign skirt sneakers solo staff stop_sign striped_clothes striped_thighhighs tachi-e tail tearing_up tears television thighhighs torpedo transparent_background two-tone_coat vending_machine vertical-striped_clothes vertical-striped_thighhighs white_shirt white_thighhighs yellow_eyes zettai_ryouiki,highres official_art
goldenglow_(maiden_for_the_bright_night)_(arknights),legacy_appearance_pack+released_skin+danbooru_tag,char_377_gdglow@snow#5,True,candidate,1,7,5901041,goldenglow_(arknights),supplemental search,game_mirror,https://raw.githubusercontent.com/Aceship/Arknight-Images/main/characters/char_377_gdglow_snow%235.png,https://danbooru.donmai.us/posts/5901041,pink_hair yellow_eyes cat_ears cat_tail green_sweater two-tone_sweater black_shoes print_hairband red_hairband white_pantyhose braid,goldenglow_(maiden_for_the_bright_night)_(arknights),goldenglow_(arknights) goldenglow_(maiden_for_the_bright_night)_(arknights),1girl animal_ears black_shoes blue_bow blush bow box bracelet braid cat_ears cat_girl cat_tail christmas christmas_wreath faux_figurine floppy_ears floral_print flower gift gift_box green_sweater hair_bow hairband holding holding_instrument holding_staff infection_monitor_(arknights) instrument jewelry leaning_forward long_hair long_sleeves looking_at_viewer official_alternate_costume overalls pantyhose pink_hair poinsettia pom_pom_(clothes) print_hairband red_bow red_hairband red_sweater shoes simple_background smile solo staff sweater tail tail_bow tail_ornament transparent_background two-tone_sweater white_overalls white_pantyhose wreath yellow_eyes,highres official_art
goldenglow_(party_in_the_garden)_(arknights),released_skin+danbooru_tag,char_377_gdglow@sanrio#1,True,no_exact_tagged_post,0,,,,,,,,,,,,
goldenglow_(summer_flowers)_(arknights),legacy_appearance_pack,,True,no_exact_tagged_post,0,,,,,,,,,,,,
goldenglow_(summer_flowers_fa394)_(arknights),released_skin_official_name,char_377_gdglow@summer#12,False,official_name_without_tag,0,,,,,,,,,,,,
grain_buds_(arknights),legacy_appearance_pack+released_skin+danbooru_tag,char_4122_grabds#1+char_4122_grabds#2,True,no_exact_tagged_post,0,,,,,,,,,,,,
grain_buds_(fragrant_pace)_(arknights),released_skin+danbooru_tag,char_4122_grabds@yun#3,True,candidate,2,22,8170632,grain_buds_(arknights),Fragrant Pace,game_asset,Arknights,https://danbooru.donmai.us/posts/8170632,blonde_hair grey_hair yellow_eyes animal_ears brown_skirt long_skirt orange_shirt grey_shoes braid long_hair,grain_buds_(fragrant_pace)_(arknights),grain_buds_(arknights) grain_buds_(fragrant_pace)_(arknights),1girl animal animal_ears bird blonde_hair bonsai bottle braid brown_skirt bull chinese_clothes closed_mouth dragon dragon_boat_festival duijin_ruqun eastern_dragon food full_body grey_hair grey_shoes hagoromo hanfu jiaoling_ruqun layered_sleeves lily_pad long_hair long_skirt long_sleeves orange_shawl orange_shirt plant pom_pom_(clothes) shawl shirt shoes short_over_long_sleeves short_sleeves skirt smile solo standing stork transparent_background tree twin_braids white_bird yellow_eyes zongzi,game_asset highres non-web_source official_art self-datamine
grani_(arknights),legacy_appearance_pack+released_skin+danbooru_tag,char_220_grani#1+char_220_grani#2,True,candidate,1,19,3769685,grani_(arknights),Default,game_mirror,https://aceship.github.io/an-en-tags/akhrchars.html?opname=grani,https://danbooru.donmai.us/posts/3769685,grey_hair grey_eyes horse_ears tail armor blue_coat blue_pants brown_shirt open_coat grey_gloves ponytail,grani_(arknights),grani_(arknights),1girl ;) animal_ears armband armor blue_coat blue_pants breasts brown_shirt clothing_cutout coat flat_chest full_body gauntlets gloves greaves grey_eyes grey_gloves grey_hair grey_hat grey_shoes hat hip_vent holding holding_polearm holding_weapon horse_ears horse_girl horse_tail long_hair looking_at_viewer multiple_straps one_eye_closed open_clothes open_coat pants polearm ponytail popped_collar salute shirt shoes shoulder_guard simple_background small_breasts smile sneakers solo spear tachi-e tail transparent_background visor_cap weapon,official_art
grani_(miraculous_moment)_(arknights),released_skin+danbooru_tag,char_220_grani@epoque#6,True,candidate,1,19,4155144,grani_(arknights),Miraculous Moment,game_mirror,https://aceship.github.io/AN-EN-Tags/img/characters/char_220_grani_epoque%236.png,https://danbooru.donmai.us/posts/4155144,grey_hair purple_eyes horse_ears tail checkered_skirt green_shirt black_pantyhose grey_shoes ponytail long_hair,grani_(miraculous_moment)_(arknights),grani_(arknights) grani_(miraculous_moment)_(arknights),1girl :d aerial_fireworks animal_ears black_pantyhose breasts building checkered_clothes checkered_skirt fireworks food full_body green_shirt grey_hair grey_shoes hair_between_eyes holding holding_food horse_ears horse_tail ice_cream ice_cream_cone long_hair looking_at_viewer miniskirt night official_alternate_costume open_mouth pantyhose phone_booth ponytail purple_eyes shirt shoes sitting skirt sky small_breasts smile sneakers solo tail transparent_background,highres official_art
gravel_(arknights),legacy_appearance_pack+released_skin+danbooru_tag,char_237_gravel#1+char_237_gravel#2,True,candidate,1,19,3770458,gravel_(arknights),Default,game_mirror,https://aceship.github.io/AN-EN-Tags/akhrchars.html?opname=Gravel,https://danbooru.donmai.us/posts/3770458,pink_hair brown_eyes animal_ears tail partial_bodysuit white_bodysuit armor black_jacket open_jacket black_boots,gravel_(arknights),gravel_(arknights),1girl animal_ear_fluff animal_ears armor barcode barcode_tattoo bare_shoulders black_boots black_jacket blush bodysuit boots breastplate breasts brown_eyes brown_thighhighs dual_wielding full_body garrote guardless_sword headgear headset high_heel_boots high_heels holding holding_sword holding_weapon jacket knee_boots long_sleeves looking_at_viewer medium_breasts open_clothes open_jacket partial_bodysuit pink_hair sidelocks simple_background skin_tight sleeveless smile solo sword tachi-e tail tattoo thick_eyebrows thigh_strap thighhighs torn_clothes torn_thighhighs transparent_background unzipped weapon white_bodysuit wristband zettai_ryouiki,official_art
gravel_(modeling_night)_(arknights),released_skin+danbooru_tag,char_237_gravel@winter#2,True,candidate,1,19,4288302,gravel_(arknights),Modeling Night,game_mirror,https://aceship.github.io/AN-EN-Tags/img/characters/char_237_gravel_winter%232.png,https://danbooru.donmai.us/posts/4288302,pink_hair red_eyes animal_ears black_shirt black_shorts black_gloves black_hat white_cape long_hair,gravel_(modeling_night)_(arknights),gravel_(arknights) gravel_(modeling_night)_(arknights),1girl animal_ears black_gloves black_hat black_shirt black_shorts cape full_body gloves hat high_heels jewelry long_hair long_sleeves looking_at_viewer necklace official_alternate_costume pink_hair red_eyes shirt shorts smile solo stage_lights standing thighs transparent_background watermark white_cape,official_art
greythroat_(arknights),legacy_appearance_pack+released_skin+danbooru_tag,char_367_swllow#1+char_367_swllow#2,True,candidate,1,19,3796137,greythroat_(arknights),Default,game_mirror,https://aceship.github.io/AN-EN-Tags/akhrchars.html?opname=GreyThroat,https://danbooru.donmai.us/posts/3796137,grey_hair green_eyes white_shirt black_boots black_socks choker gloves short_hair,greythroat_(arknights),greythroat_(arknights),1girl black_boots black_socks boots breasts choker cloak closed_mouth crossbow feather_hair feathers full_body gloves green_eyes grey_hair hair_ornament headset holding holding_crossbow holding_weapon knee_pads large_breasts looking_at_viewer shirt short_hair sidelocks simple_background single_knee_pad socks solo tachi-e transparent_background weapon white_shirt,official_art
greythroat_(homecoming)_(arknights),released_skin+danbooru_tag,char_367_swllow@boc#1,True,candidate,1,19,3987739,greythroat_(arknights),Homecoming,game_mirror,https://aceship.github.io/AN-EN-Tags/img/characters/char_367_swllow_boc%231.png,https://danbooru.donmai.us/posts/3987739,grey_hair grey_eyes black_dress short_dress black_jacket open_jacket black_pantyhose short_hair,greythroat_(homecoming)_(arknights),greythroat_(arknights) greythroat_(homecoming)_(arknights),1girl alternate_costume bare_shoulders black_dress black_jacket black_pantyhose breasts crossbow dress faux_figurine feather_hair full_body grey_eyes grey_hair hand_up holding holding_crossbow holding_weapon jacket long_sleeves looking_at_viewer medium_breasts off_shoulder open_clothes open_jacket pantyhose short_dress short_hair solo standing transparent_background weapon,highres official_art
gummy_(arknights),legacy_appearance_pack,,True,candidate,1,19,3753609,gummy_(arknights),Default,game_mirror,https://aceship.github.io/AN-EN-Tags/akhrchars.html?opname=Gum,https://danbooru.donmai.us/posts/3753609,blonde_hair red_eyes animal_ears black_jacket sailor_shirt red_pantyhose white_sailor_collar,gummy_(arknights),gummy_(arknights),1girl animal_ears bear_ears black_jacket blonde_hair candy_hair_ornament food-themed_hair_ornament frying_pan full_body hair_ornament hair_ribbon hairclip high_heels holding holding_frying_pan jacket long_sleeves one_eye_closed oversized_clothes pale_skin pantyhose puffy_long_sleeves puffy_sleeves pumps red_eyes red_pantyhose ribbon sailor_collar sailor_shirt shield shirt simple_background smile solo tachi-e tongue tongue_out transparent_background white_sailor_collar,official_art
gummy_(summer_flowers)_(arknights),legacy_appearance_pack,,True,candidate,1,18,9754978,gummy_(arknights),Summer Flowers,game_mirror,https://media.prts.wiki/c/c4/Avg_char_196_sunbr_summer.png,https://danbooru.donmai.us/posts/9754978,blonde_hair red_eyes animal_ears sailor_dress see-through_dress bikini swimsuit sailor_hat twintails,gummy_(summer_flowers)_(arknights),gummy_(arknights) gummy_(summer_flowers)_(arknights),1girl :d ;d animal_ears bare_legs bear_ears bear_girl bikini bikini_bottom_only bikini_under_clothes blonde_hair bow dress floating_clothes food frying_pan full_body hair_bow hat holding holding_food holding_frying_pan holding_ice_cream ice_cream leaning_forward looking_at_viewer nail_polish one_eye_closed open_mouth red_eyes red_nails sailor_dress sailor_hat sandals see-through_clothes see-through_dress simple_background smile solo standing swimsuit tachi-e toenail_polish toenails transparent_background twintails,official_art third-party_source
harmonie_(arknights),legacy_appearance_pack+released_skin+danbooru_tag,char_297_hamoni#1+char_297_hamoni#2,True,candidate,2,7,5901018,harmonie_(arknights),supplemental search,game_mirror,https://raw.githubusercontent.com/Aceship/Arknight-Images/main/characters/char_297_hamoni_2.png,https://danbooru.donmai.us/posts/5901018,green_hair green_eyes cat_ears cat_tail black_skirt pleated_skirt white_jacket black_boots grey_socks very_long_hair,harmonie_(arknights),harmonie_(arknights),1girl :p animal_ear_fluff animal_ears bag_charm black_boots black_bow black_skirt boots bow cardigan cat_ears cat_tail charm_(object) full_body green_eyes green_hair grey_cardigan grey_socks hand_up holding holding_wand infection_monitor_(arknights) jacket jacket_on_shoulders kneehighs long_hair long_sleeves miniskirt pleated_skirt skirt smile socks solo tail tongue tongue_out transparent_background very_long_hair wand white_jacket,highres official_art
harmonie_(decoration)_(arknights),released_skin+danbooru_tag,char_297_hamoni@unveiling#1,True,candidate,1,7,10936254,harmonie_(arknights),supplemental search,game_mirror,https://media.prts.wiki/8/83/立绘_和弦_skin2.png,https://danbooru.donmai.us/posts/10936254,green_hair green_eyes cat_ears cat_tail frilled_dress red_dress shoes long_hair,harmonie_(decoration)_(arknights),harmonie_(arknights) harmonie_(decoration)_(arknights),1girl animal-shaped_balloon animal_ears balloon black_cat cat cat_ears cat_girl cat_tail dress frilled_dress frills green_eyes green_hair heart_balloon lamp loafers long_hair official_alternate_costume red_dress shoes sitting solo tail transparent_background,highres official_art
harmonie_(invitation)_(arknights),legacy_appearance_pack+released_skin+danbooru_tag,char_297_hamoni@epoque#24,True,no_exact_tagged_post,0,,,,,,,,,,,,
haruka_(arknights),legacy_appearance_pack+released_skin+danbooru_tag,char_4202_haruka#1+char_4202_haruka#2,True,candidate,1,19,9739106,haruka_(arknights),Default,game_mirror,https://media.prts.wiki/a/a0/立绘_遥_1.png,https://danbooru.donmai.us/posts/9739106,orange_hair pink_hair pointy_ears blue_dress white_jacket red_gloves,haruka_(arknights),haruka_(arknights),1girl blue_dress bubble dress drop_shadow earrings full_body gloves gradient_hair holding holding_staff jacket jewelry long_sleeves multicolored_hair orange_hair pink_hair pointy_ears red_gloves simple_background solo staff tachi-e transparent_background white_jacket,highres official_art
haruka_(常世之幻)_(arknights),released_skin_official_name,char_4202_haruka@iteration#6,False,official_name_without_tag,0,,,,,,,,,,,,
heavyrain_(arknights),legacy_appearance_pack+released_skin+danbooru_tag,char_304_zebra#1+char_304_zebra#2,True,candidate,1,19,4467552,heavyrain_(arknights),Default,game_mirror,https://aceship.github.io/AN-EN-Tags/img/characters/char_304_zebra_1.png,https://danbooru.donmai.us/posts/4467552,grey_hair blue_eyes animal_ears grey_coat black_pantyhose black_shoes hairband long_hair,heavyrain_(arknights),heavyrain_(arknights),1girl animal_ears black_pantyhose black_shoes blue_eyes coat full_body grey_coat grey_hair hairband long_hair long_sleeves looking_at_viewer pantyhose shield shoes simple_background solo standing tachi-e transparent_background zebra_ears zebra_girl,official_art
heavyrain_(tranquil_moss)_(arknights),released_skin+danbooru_tag,char_304_zebra@wild#6,True,candidate,1,19,10897877,heavyrain_(arknights),Tranquil Moss,game_mirror,https://media.prts.wiki/6/64/立绘_暴雨_skin1.png,https://danbooru.donmai.us/posts/10897877,white_hair purple_eyes animal_ears black_dress off-shoulder_dress see-through_shirt black_shoes striped_hairband white_pantyhose long_hair,heavyrain_(tranquil_moss)_(arknights),heavyrain_(arknights) heavyrain_(tranquil_moss)_(arknights),1girl animal_ears ankle_flower bag black_dress black_shoes broken_window dress flower full_body gas_mask greenhouse hair_flower hair_ornament hairband light_rays long_hair mask off-shoulder_dress off_shoulder official_alternate_costume overgrown pantyhose profile puffy_sleeves purple_eyes rose see-through_clothes see-through_shirt shield shirt shoes shoulder_bag solo striped_clothes striped_hairband transparent_background v white_flower white_hair white_pantyhose white_rose window_shadow zebra_ears zebra_girl zebra_tail,highres official_art
heidi_(a_thousand_correspondences)_(arknights),released_skin+danbooru_tag,char_4045_heidi@epoque#24,True,candidate,1,18,9971339,heidi_(arknights),A Thousand Correspondences,game_mirror,https://media.prts.wiki/2/2e/立绘_海蒂_skin1.png,https://danbooru.donmai.us/posts/9971339,pink_hair blue_eyes cat_ears cat_tail blue_dress,heidi_(a_thousand_correspondences)_(arknights),heidi_(a_thousand_correspondences)_(arknights) heidi_(arknights),1girl against_object animal_ears baluster blue_dress blue_eyes blue_flower blue_ribbon bouquet box cat_ears cat_girl cat_tail chandelier dress drop_shadow flower fluffy_tail full_body head_rest indoors lantern laurel_thigh_strap laurels looking_at_viewer official_alternate_costume parted_lips pink_hair plant railing ribbon sandals simple_background sitting sitting_on_stairs solo stairs tail thigh_strap transparent_background white_flower,absurdres highres official_art third-party_source
heidi_(arknights),legacy_appearance_pack+released_skin+danbooru_tag,char_4045_heidi#1+char_4045_heidi#2,True,candidate,1,19,5270213,heidi_(arknights),Default,game_mirror,https://aceship.github.io/AN-EN-Tags/img/characters/char_4045_heidi_1.png,https://danbooru.donmai.us/posts/5270213,pink_hair blue_eyes cat_ears cat_tail black_dress elbow_gloves red_choker red_gloves red_hat red_shoes long_hair,heidi_(arknights),heidi_(arknights),1girl animal_ears bare_shoulders belt black_dress blue_eyes breasts briefcase cane cat_ears cat_tail choker cleavage crossed_legs dress ears_through_headwear elbow_gloves feather_boa full_body gloves grey_belt hair_between_eyes hat hat_feather high_heels holding infection_monitor_(arknights) large_breasts long_hair looking_at_viewer pink_hair red_choker red_gloves red_hat red_shoes shoes simple_background smile solo strapless tachi-e tail toe_cleavage transparent_background tube_top watson_cross,highres official_art
hibiscus_(arknights),legacy_appearance_pack+released_skin+danbooru_tag,char_120_hibisc#1,True,candidate,1,19,3770326,hibiscus_(arknights),Default,game_mirror,https://aceship.github.io/AN-EN-Tags/img/characters/char_120_hibisc_1.png,https://danbooru.donmai.us/posts/3770326,purple_hair purple_eyes horns pointy_ears rhodes_island_uniform black_jacket blue_shirt blue_skirt collared_shirt open_jacket hair_bun,hibiscus_(arknights),hibiscus_(arknights),1girl bag black_jacket blue_gloves blue_necktie blue_shirt blue_skirt blush breasts collared_shirt flat_chest full_body gloves hair_bun holding holding_staff horns jacket long_sleeves looking_at_viewer necktie open_clothes open_jacket open_mouth pleated_skirt pointy_ears purple_eyes purple_hair rhodes_island_uniform shirt shoes shoulder_bag sidelocks simple_background single_hair_bun skirt small_breasts smile sneakers socks solo staff symbol-shaped_pupils tachi-e transparent_background white_socks,official_art
hibiscus_(night_watcher)_(arknights),released_skin+danbooru_tag,char_120_hibisc@nian#1,True,candidate,1,19,3770327,hibiscus_(arknights),Night Watcher,game_mirror,https://aceship.github.io/AN-EN-Tags/img/characters/char_120_hibisc_nian%231.png,https://danbooru.donmai.us/posts/3770327,purple_hair red_hair purple_eyes horns pointy_ears black_jacket black_shorts gradient_jacket red_shirt ankle_boots black_hat,hibiscus_(night_watcher)_(arknights),hibiscus_(arknights) hibiscus_(night_watcher)_(arknights),1girl :d ankle_boots beanie black_hat black_jacket black_scarf black_shorts blush boots breasts flat_chest full_body gradient_clothes gradient_hair gradient_jacket hat holding holding_lantern horns jacket lantern long_sleeves looking_at_viewer multicolored_hair official_alternate_costume open_clothes open_jacket open_mouth originium_arts_(arknights) pantyhose pointy_ears purple_eyes purple_hair purple_jacket red_hair red_pantyhose red_shirt scarf shin_strap shirt shorts sidelocks simple_background small_breasts smile solo staff tachi-e transparent_background unzipped weapon weapon_on_back zipper,official_art
hibiscus_the_purifier_(arknights),legacy_appearance_pack+released_skin+danbooru_tag,char_1024_hbisc2#1+char_1024_hbisc2#2,True,no_exact_tagged_post,0,,,,,,,,,,,,
hibiscus_the_purifier_(romance_overflow)_(arknights),released_skin+danbooru_tag,char_1024_hbisc2@unveiling#2,True,no_exact_tagged_post,0,,,,,,,,,,,,
hierda_(arknights),legacy_appearance_pack,,True,candidate,1,13,9784175,hierda_(arknights),,game_mirror,https://media.prts.wiki/d/df/Avg_avg_npc_1719_1-1$1.png,https://danbooru.donmai.us/posts/9784175,blonde_hair grey_eyes rabbit_ears short_hair,hierda_(arknights),hierda_(arknights),1girl animal_ears bare_shoulders barefoot blonde_hair empty_eyes floppy_ears full_body grey_eyes hand_on_own_chest hood lop_rabbit_ears rabbit_ears rabbit_girl short_hair simple_background skinny solo tachi-e torn_clothes transparent_background,official_art third-party_source
highmore_(arknights),legacy_appearance_pack+released_skin+danbooru_tag,char_4066_highmo#1+char_4066_highmo#2,True,no_exact_tagged_post,0,,,,,,,,,,,,
highmore_(stranded)_(arknights),released_skin+danbooru_tag,char_4066_highmo@epoque#45,True,candidate,1,18,9418884,highmore_(arknights),Stranded,game_mirror,https://media.prts.wiki/f/f2/立绘_海沫_skin2.png,https://danbooru.donmai.us/posts/9418884,blue_hair blue_eyes white_dress frilled_skirt orange_jacket orange_socks long_hair,highmore_(stranded)_(arknights),highmore_(arknights) highmore_(stranded)_(arknights),1girl beach blue_eyes blue_hair blue_skin bone bone_hair_ornament bone_weapon bubble city_lights colored_skin conch cooler coral crab dress drop_shadow flower frilled_skirt frills full_body giant_skeleton hair_flower hair_ornament hanging_lantern holding holding_scythe jacket long_hair looking_at_viewer night ocean official_alternate_costume open_mouth orange_jacket orange_socks outdoors pink_flower ribbon rope scythe seashell shell shooting_star single_sock skeleton skirt sky socks solo transparent_background wavy_hair white_dress white_ribbon yellow_flower zipper,highres official_art third-party_source
highmore_(the_land_with_me)_(arknights),released_skin+danbooru_tag,char_4066_highmo@nian#10,True,no_exact_tagged_post,0,,,,,,,,,,,,
ho'olheyak_(arknights),legacy_appearance_pack+released_skin+danbooru_tag,char_4027_heyak#1+char_4027_heyak#2,True,candidate,1,22,6335409,ho'olheyak_(arknights),Default,game_asset,https://raw.githubusercontent.com/Aceship/Arknight-Images/main/characters/char_4027_heyak_1.png,https://danbooru.donmai.us/posts/6335409,grey_hair green_eyes tail wings pencil_dress short_dress open_coat white_coat black_pantyhose black_shoes medium_hair,ho'olheyak_(arknights),ho'olheyak_(arknights),1girl black_pantyhose black_shoes blush breasts coat dress fingerless_gloves full_body gloves green_eyes grey_hair head_wings looking_at_viewer medium_hair open_clothes open_coat pantyhose parted_lips pencil_dress scales shoes short_dress simple_background solo sprite staff tachi-e tail transparent_background white_coat white_dress white_gloves wings,game_asset highres official_art
ho'olheyak_(carriage_of_the_winds_of_time)_(arknights),legacy_appearance_pack+released_skin+danbooru_tag,char_4027_heyak@ambienceSynesthesia#4,True,candidate,1,18,11437563,ho'olheyak_(arknights),Carriage of the Winds of Time,game_mirror,https://arknights.wiki.gg/images/Ho'olheyak_Skin_1.png,https://danbooru.donmai.us/posts/11437563,grey_hair tail wings short_dress strapless_dress,ho'olheyak_(carriage_of_the_winds_of_time)_(arknights),ho'olheyak_(arknights) ho'olheyak_(carriage_of_the_winds_of_time)_(arknights),1girl absurdly_long_tail aqua_feathers aqua_shawl aqua_wings bare_shoulders black_feathers bracelet dress feathers gold_bracelet grey_hair head_wings holding holding_staff instrument jewelry off_shoulder official_alternate_costume scales shawl short_dress snake_tail solo staff strapless strapless_dress tail two-tone_wings very_long_tail wings,highres official_art third-party_source
ho'olheyak_(ritual_of_immortality)_(arknights),released_skin+danbooru_tag,char_4027_heyak@epoque#50,True,candidate,1,18,10353190,ho'olheyak_(arknights),Ritual of Immortality,game_mirror,https://media.prts.wiki/5/52/立绘_霍尔海雅_skin2.png,https://danbooru.donmai.us/posts/10353190,grey_hair aqua_eyes tail wings black_dress black_robe cross-laced_dress black_coat long_coat medium_hair,ho'olheyak_(ritual_of_immortality)_(arknights),ho'olheyak_(arknights) ho'olheyak_(ritual_of_immortality)_(arknights),1girl absurdly_long_tail ankle_cuffs aqua_eyes aqua_feathers aqua_nails aqua_wings architecture bare_arms bare_shoulders belt black_ankle_cuffs black_belt black_coat black_dress black_feathers black_robe black_scales black_tail black_wings border breasts cloud cloudy_sky coat coat_partially_removed cross-laced_clothes cross-laced_dress curvy double-parted_bangs dress drop_shadow earrings feathered_wings feathers fingernails full_body gradient_feathers gradient_wings grey_hair hair_between_eyes hair_ornament hair_over_shoulder halter_dress halterneck hand_on_own_hip head_wings high-waist_belt high_heels holding holding_staff irregular_border jewelry large_breasts long_coat long_dress long_fingernails long_sidelocks long_sleeves looking_at_viewer mature_female medium_hair multicolored_wings nail_polish no_ears nose off_shoulder official_alternate_costume open_clothes open_coat outdoors pale_skin parted_lips pink_lips raised_eyebrows robe ruins scales sharp_fingernails side_slit sideboob sidelocks sky sleeveless sleeveless_dress slit_pupils snake_girl snake_tail solo staff standing strappy_heels tail tail_through_clothes thick_thighs thigh_strap thighs transparent_border two-tone_feathers two-tone_wings very_long_tail wavy_hair wings wire wire_manipulation,absurdres highres official_art third-party_source
horn_(arknights),legacy_appearance_pack+released_skin+danbooru_tag,char_4039_horn#1+char_4039_horn#2,True,candidate,1,19,5270201,horn_(arknights),Default,game_mirror,https://aceship.github.io/AN-EN-Tags/img/characters/char_4039_horn_1.png,https://danbooru.donmai.us/posts/5270201,blonde_hair aqua_eyes wolf_ears black_jacket grey_shirt sleeveless_shirt black_boots black_choker black_hairband long_hair,horn_(arknights),horn_(arknights),1girl animal_ears aqua_eyes bare_shoulders belt black_belt black_boots black_choker black_hairband black_jacket black_thighhighs blonde_hair boots bright_pupils choker diamond-shaped_pupils diamond_(shape) full_body grey_shirt hairband jacket long_hair long_sleeves looking_at_viewer pouch shield shirt simple_background sleeveless sleeveless_shirt solo standing symbol-shaped_pupils tachi-e thighhighs transparent_background victoria_logo wolf_ears,highres official_art
horn_(to_effloresce_whitely)_(arknights),released_skin+danbooru_tag,char_4039_horn@epoque#24,True,candidate,2,6,11255601,horn_(to_effloresce_whitely)_(arknights),supplemental search,game_mirror,https://media.prts.wiki/f/f6/立绘_号角_skin1.png,https://danbooru.donmai.us/posts/11255601,blonde_hair wolf_ears tail white_dress swimsuit black_choker black_hairband very_long_hair,horn_(to_effloresce_whitely)_(arknights),horn_(arknights) horn_(to_effloresce_whitely)_(arknights),1girl animal_ears black_choker black_hairband blonde_hair breasts choker dress flower full_body hairband holding holding_sword holding_weapon jewelry lily_pad long_hair long_sleeves looking_at_viewer official_alternate_costume sandals shield sitting solo swimsuit sword tail tree very_long_hair water waterfall weapon white_dress white_flower wolf_ears wolf_girl wolf_tail,highres official_art third-party_source
hoshiguma_(arknights),legacy_appearance_pack+released_skin+danbooru_tag,char_136_hsguma#1+char_136_hsguma#2,True,candidate,1,18,3563851,hoshiguma_(arknights),Default,game_mirror,https://aceship.github.io/AN-EN-Tags/akhrchars.html?opname=Hoshiguma,https://danbooru.donmai.us/posts/3563851,green_hair green_eyes yellow_eyes horns armor black_pants black_shirt jacket arm_scarf black_boots long_hair,hoshiguma_(arknights),hoshiguma_(arknights),1girl arm_scarf arm_strap armor black_boots black_gloves black_pants black_scarf black_shirt boots breastplate breasts clothes_around_waist full_body gloves green_eyes green_hair hair_between_eyes hannya_(arknights) high_collar holding holding_shield horns jacket jacket_around_waist knee_pads lace-up_boots large_breasts long_hair looking_at_viewer open_mouth pants scarf shield shirt sidelocks simple_background single_horn skin-covered_horns sleeveless solo tachi-e toned toned_female transparent_background yellow_eyes,official_art third-party_source
hoshiguma_(ronin_huntress)_(arknights),legacy_appearance_pack+released_skin+danbooru_tag,char_136_hsguma@nian#3,True,candidate,1,19,3824518,hoshiguma_(arknights),Ronin Huntress,game_mirror,https://aceship.github.io/AN-EN-Tags/akhrchars.html?opname=Hoshiguma,https://danbooru.donmai.us/posts/3824518,green_hair yellow_eyes horns baggy_pants black_shirt grey_pants black_boots lace-up_boots very_long_hair,hoshiguma_(ronin_huntress)_(arknights),hoshiguma_(arknights) hoshiguma_(ronin_huntress)_(arknights),1girl alternate_costume arm_ribbon baggy_pants black_boots black_shirt boots breasts flag full_body green_hair grey_pants grin hair_between_eyes hexagram holding holding_shield horns jewelry katana lace-up_boots long_hair long_sleeves looking_at_viewer magatama magatama_necklace mask medium_breasts necklace official_alternate_costume oni_mask orange_ribbon pants parted_lips planted planted_sword pouch ribbon shield shirt single_horn smile smoke solo standing star_of_david sword transparent_background very_long_hair weapon yellow_eyes,highres official_art
hoshiguma_(seeker_sk97)_(arknights),released_skin+danbooru_tag,char_136_hsguma@summer#16,True,no_exact_tagged_post,0,,,,,,,,,,,,
hoshiguma_(summer)_(arknights),legacy_appearance_pack,,True,candidate,1,18,9738702,hoshiguma_(arknights),Summer,game_mirror,https://media.prts.wiki/5/5f/Avg_avg_npc_203_1-1.png,https://danbooru.donmai.us/posts/9738702,green_hair yellow_eyes horns black_pants detachable_pants ponytail very_long_hair,hoshiguma_(summer)_(arknights),hoshiguma_(arknights) hoshiguma_(summer)_(arknights),1girl bandana bandana_around_wrist belt black_belt black_camisole black_pants black_sandals bracelet camisole closed_mouth clothes_writing clothing_cutout detachable_pants flip-flops full_body green_hair hair_over_eyes high_ponytail horns jewelry leg_cutout long_bangs long_hair looking_at_viewer multiple_rings nail_polish official_alternate_costume pants platform_sandals ponytail red_nails ring sandals sidelocks simple_background single_horn smile solo standing tachi-e toenail_polish toenails transparent_background triangle_necklace very_long_hair yellow_eyes,official_art third-party_source
hoshiguma_the_breacher_(arknights),legacy_appearance_pack+released_skin+danbooru_tag,char_1044_hsgma2#1+char_1044_hsgma2#2,True,no_exact_tagged_post,0,,,,,,,,,,,,
hoshiguma_the_breacher_(一闪极意)_(arknights),released_skin_official_name,char_1044_hsgma2@whirlwind#11,False,official_name_without_tag,0,,,,,,,,,,,,
ifrit_(arknights),legacy_appearance_pack+released_skin+danbooru_tag,char_134_ifrit#1+char_134_ifrit#2,True,candidate,1,18,3563830,ifrit_(arknights),Default,game_mirror,https://aceship.github.io/AN-EN-Tags/akhrchars.html?opname=Ifrit,https://danbooru.donmai.us/posts/3563830,blonde_hair grey_hair orange_eyes horns tail grey_dress short_dress black_boots open-toe_boots choker twintails,ifrit_(arknights),ifrit_(arknights),1girl :q black_boots blonde_hair boots breasts choker cloak dress fire flamethrower flat_chest full_body gas_cylinder gradient_hair grey_dress grey_hair hand_up holding holding_flamethrower holding_weapon horns looking_at_viewer low_twintails material_growth multicolored_hair nail_polish open-toe_boots orange_eyes orange_nails originium_arts_(arknights) oripathy_lesion_(arknights) parted_bangs short_dress sidelocks simple_background slit_pupils solo striped_clothes striped_dress tachi-e tail thigh_strap toenail_polish toenails toes tongue tongue_out transparent_background twintails weapon white_cloak,official_art third-party_source
ifrit_(children's_party)_(arknights),released_skin+danbooru_tag,char_134_ifrit@kfc#1,True,no_exact_tagged_post,0,,,,,,,,,,,,
ifrit_(relaxing_trip)_(arknights),released_skin+danbooru_tag,char_134_ifrit@rilakkuma#1,True,no_exact_tagged_post,0,,,,,,,,,,,,
ifrit_(sunburn_ss_sp)_(arknights),released_skin_official_name,char_134_ifrit@summer#1,False,official_name_without_tag,0,,,,,,,,,,,,
indigo_(arknights),legacy_appearance_pack+released_skin+danbooru_tag,char_469_indigo#1+char_469_indigo#2,True,candidate,1,19,4556380,indigo_(arknights),Default,game_mirror,https://aceship.github.io/AN-EN-Tags/img/characters/char_469_indigo_1.png,https://danbooru.donmai.us/posts/4556380,blonde_hair grey_eyes pointy_ears tail short_dress white_dress black_gloves black_shoes very_long_hair,indigo_(arknights),indigo_(arknights),1girl black_gloves black_shoes blonde_hair dress full_body gloves grey_eyes hand_on_own_hip hand_up long_hair looking_at_viewer pointy_ears shoes short_dress simple_background solo staff standing tachi-e tail thigh_strap transparent_background very_long_hair white_dress,official_art
indigo_(serene_day)_(arknights),released_skin+danbooru_tag,char_469_indigo@nian#7,True,candidate,1,18,5735229,indigo_(arknights),Serene Day,game_mirror,https://gamepress.gg/arknights/sites/arknights/files/2022-01/char_469_indigo_nian%237.png,https://danbooru.donmai.us/posts/5735229,tail black_dress very_long_hair,indigo_(serene_day)_(arknights),indigo_(arknights) indigo_(serene_day)_(arknights),1girl absurdly_long_hair black_dress dress floating_hair folding_fan hair_ornament hair_spread_out hand_fan high_heels holding holding_fan lantern long_hair official_alternate_costume one_side_up paper_lantern solo tail tail_around_own_leg transparent_background very_long_hair white_dress,highres official_art third-party_source
indra_(arknights),legacy_appearance_pack+released_skin+danbooru_tag,char_155_tiger#1+char_155_tiger#2,True,candidate,1,18,3563910,indra_(arknights),Default,game_mirror,https://aceship.github.io/AN-EN-Tags/akhrchars.html?opname=Indra,https://danbooru.donmai.us/posts/3563910,black_hair white_hair yellow_eyes animal_ears tail black_pants blue_jacket bomber_jacket green_shirt torn_shirt black_choker,indra_(arknights),indra_(arknights),1girl animal_ears bags_under_eyes belt black_choker black_gloves black_hair black_pants blue_jacket bomber_jacket boots breasts buckle chain choker denim dual_wielding full_body gloves green_shirt hair_between_eyes holding jacket jeans knee_pads long_hair looking_at_viewer multicolored_hair navel open_clothes pants parted_bangs pouch red_boots scar scar_on_cheek scar_on_face scar_on_nose shirt sidelocks simple_background small_breasts solo striped_hair tachi-e tail tiger tiger_ears tiger_girl tiger_tail torn_clothes torn_shirt transparent_background very_long_hair white_hair white_tiger yellow_eyes,official_art third-party_source
indra_(valiant_general)_(arknights),released_skin+danbooru_tag,char_155_tiger@striker#2,True,candidate,1,18,5270256,indra_(arknights),Valiant General,game_mirror,https://aceship.github.io/AN-EN-Tags/img/characters/char_155_tiger_striker%232.png,https://danbooru.donmai.us/posts/5270256,white_hair grey_eyes animal_ears tail black_jacket black_pants black_shirt open_jacket black_boots purple_necktie braid,indra_(valiant_general)_(arknights),indra_(arknights) indra_(valiant_general)_(arknights),1girl animal animal_ears armchair banknote black_boots black_jacket black_nails black_pants black_shirt boots braid brass_knuckles briefcase chair clothed_animal currency_strap full_body grey_eyes hair_between_eyes hair_over_shoulder jacket long_hair long_sleeves looking_at_viewer messy_hair money nail_polish necktie official_alternate_costume open_clothes open_jacket pale_skin pants purple_necktie scar scar_on_face scar_on_nose shirt single_braid sleeves_pushed_up smile solo standing static striped_clothes striped_necktie sunglasses tail television tiger tiger_ears transparent_background very_long_braid very_long_hair vest weapon white_hair,highres official_art third-party_source
ines_(arknights),legacy_appearance_pack+released_skin+danbooru_tag,char_4087_ines#1+char_4087_ines#2,True,candidate,1,18,6289800,ines_(arknights),Default,game_mirror,https://gamepress.gg/arknights/sites/arknights/files/2023-04/立绘_伊内丝_1.png,https://danbooru.donmai.us/posts/6289800,black_hair yellow_eyes horns black_skirt black_sweater cropped_jacket turtleneck_sweater black_boots thigh_boots long_hair,ines_(arknights),ines_(arknights),1girl belt black_belt black_boots black_hair black_skirt black_sweater boots bow_(weapon) breasts closed_mouth cropped_jacket detached_sleeves full_body holding holding_knife horns knife long_hair looking_at_viewer medium_breasts miniskirt parted_bangs sidelocks simple_background skirt solo standing string string_of_fate sweater sword tachi-e thigh_boots thigh_strap thighs transparent_background turtleneck turtleneck_sweater weapon yellow_eyes zipper,highres official_art third-party_source
ines_(melodic_flutter)_(arknights),released_skin+danbooru_tag,char_4087_ines@ambienceSynesthesia#5,True,no_exact_tagged_post,0,,,,,,,,,,,,
ines_(under_the_flaming_dome)_(arknights),released_skin+danbooru_tag,char_4087_ines@boc#8,True,no_exact_tagged_post,0,,,,,,,,,,,,
irene_(arknights),legacy_appearance_pack+released_skin+danbooru_tag,char_4009_irene#1+char_4009_irene#2,True,candidate,1,19,5316428,irene_(arknights),Default,game_mirror,https://aceship.github.io/AN-EN-Tags/img/characters/char_4009_irene_1.png,https://danbooru.donmai.us/posts/5316428,grey_hair grey_eyes wings black_jacket grey_shirt skirt black_shoes white_pantyhose long_hair,irene_(arknights),irene_(arknights),1girl black_jacket black_shoes full_body grey_eyes grey_hair grey_shirt head_wings holding holding_lantern jacket lantern long_hair long_sleeves looking_at_viewer pantyhose scabbard scar scar_across_eye scar_on_face sheath shirt shoes short_bangs short_messy_bangs simple_background skirt solo standing tachi-e transparent_background white_pantyhose wings,highres official_art
irene_(the_adjudicatrix_and_her_resolve)_(arknights),legacy_appearance_pack+released_skin+danbooru_tag,char_4009_irene@game#3,True,candidate,1,18,8196323,irene_(arknights),The Adjudicatrix and Her Resolve,game_mirror,https://media.prts.wiki/3/32/立绘_艾丽妮_skin2.png,https://danbooru.donmai.us/posts/8196323,white_hair blue_eyes wings blue_dress pleated_dress black_shirt long_skirt turtleneck_shirt black_pantyhose medium_hair,irene_(the_adjudicatrix_and_her_resolve)_(arknights),irene_(arknights) irene_(the_adjudicatrix_and_her_resolve)_(arknights),1girl asymmetrical_dual_wielding black_pantyhose black_shirt blue_dress blue_eyes castle cross cross_earrings cross_scar dragon dress drop_shadow dual_wielding earrings english_text field_of_blades gloves grey_gloves gun hair_intakes head_wings holding holding_gun holding_sword holding_weapon jewelry lace_trim latin_cross light_rays long_skirt long_sleeves medium_hair official_alternate_costume pantyhose pleated_dress rapier revolver scar scar_across_eye scar_on_face shadow shirt skirt solo sunbeam sunlight sword transparent_background turtleneck turtleneck_shirt user_interface weapon white_hair wings,chinese_commentary commentary_request highres official_art third-party_source
irene_(voyage_of_feathers)_(arknights),legacy_appearance_pack+released_skin+danbooru_tag,char_4009_irene@ambienceSynesthesia#3,True,candidate,1,19,10898022,irene_(arknights),Voyage of Feathers,game_mirror,https://media.prts.wiki/2/2e/立绘_艾丽妮_skin1.png,https://danbooru.donmai.us/posts/10898022,grey_hair grey_eyes maid maid_headdress black_dress collared_dress frilled_apron maid_apron white_headdress braid ponytail,irene_(voyage_of_feathers)_(arknights),irene_(arknights) irene_(voyage_of_feathers)_(arknights),1girl apron apron_hold bird black_dress braid braided_base cane collared_dress concealed_weapon curtains dress expressionless frilled_apron frilled_headwear frills full_body grey_eyes grey_hair head_wings holding holding_cane juliet_sleeves lantern long_hair long_sleeves looking_at_viewer maid maid_apron maid_headdress model_ship official_alternate_costume official_alternate_hairstyle pantyhose ponytail ponytail_with_braided_base puffy_sleeves rolling_suitcase scar scar_across_eye scar_on_face short_bangs simple_bird socks solo suitcase sword_cane sword_earrings transparent_background weapon white_apron white_headdress white_pantyhose white_socks wings,highres official_art
istina_(arknights),legacy_appearance_pack,,True,candidate,1,19,3847139,istina_(arknights),Default,game_mirror,https://aceship.github.io/AN-EN-Tags/akhrchars.html?opname=Istina,https://danbooru.donmai.us/posts/3847139,grey_hair green_eyes animal_ears black_skirt pleated_skirt brown_shoes white_socks braid long_hair,istina_(arknights),istina_(arknights),1girl animal_ears bear_ears black_skirt book braid brown_shoes cyrillic full_body green_eyes grey_hair hair_ornament holding holding_book kneehighs loafers long_hair looking_at_viewer monocle parted_lips pleated_skirt shoes simple_background single_braid skirt socks solo star_(symbol) star_hair_ornament tachi-e transparent_background white_socks,official_art translated
istina_(bibliosmia)_(arknights),legacy_appearance_pack,,True,candidate,1,19,3960617,istina_(arknights),Bibliosmia,game_mirror,https://aceship.github.io/AN-EN-Tags/img/characters/char_195_glassb_kitchen%231.png,https://danbooru.donmai.us/posts/3960617,grey_hair grey_eyes animal_ears blue_dress red_hairband white_socks shoes braid long_hair,istina_(bibliosmia)_(arknights),istina_(arknights) istina_(bibliosmia)_(arknights),1girl animal_ears bear_ears blue_dress blunt_bangs book book_stack braid cup dress flower full_body grey_eyes grey_hair hair_flower hair_ornament hairband long_hair long_sleeves monocle official_alternate_costume petticoat plate red_hairband shoes sitting socks solo string_of_flags table transparent_background white_flower white_socks,highres official_art
jacinta_(arknights),legacy_appearance_pack,,True,candidate,1,17,11900973,jacinta_(arknights),,game_asset,Game files,https://danbooru.donmai.us/posts/11900973,pink_hair white_hair yellow_eyes rabbit_ears asymmetrical_dress frilled_dress collared_coat yellow_coat brown_boots brown_gloves very_long_hair,jacinta_(arknights),jacinta_(arknights),1girl animal_ears asymmetrical_dress bag belt belt_pouch black_belt black_ribbon boots bow brown_bag brown_boots brown_gloves capelet closed_mouth coat collared_coat colored_eyelashes dress ear_bow elbow_gloves english_text flower frilled_dress frills full_body gloves gradient_hair holding holding_bag id_card leaf long_dress long_hair long_sidelocks looking_at_viewer multicolored_hair multiple_belts neck_ribbon parasol pink_hair pom_pom_(clothes) pouch rabbit_ears rabbit_girl ribbon see-through_capelet see-through_clothes see-through_frills short_eyebrows sidelocks simple_background single_bare_shoulder smile solo standing sticker tachi-e thick_eyebrows transparent_background twirling_hair umbrella very_long_hair white_dress white_eyelashes white_hair yellow_coat yellow_eyes yellow_flower,game_asset highres non-web_source official_art
jessica_(arknights),legacy_appearance_pack+released_skin+danbooru_tag,char_235_jesica#1+char_235_jesica#2,True,candidate,1,19,3770488,jessica_(arknights),Default,game_mirror,https://aceship.github.io/AN-EN-Tags/img/characters/char_235_jesica_1.png,https://danbooru.donmai.us/posts/3770488,blue_hair purple_hair green_eyes cat_ears cat_tail black_shirt black_shorts grey_jacket hooded_jacket ankle_boots black_boots,jessica_(arknights),jessica_(arknights),1girl animal_ears ankle_boots bag belt black_boots black_gloves black_shirt black_shorts black_socks blue_hair blush boots breasts cat_ears cat_tail choker full_body gloves green_eyes grey_jacket gun handgun headphones headset high_ponytail holding holding_gun holding_weapon hood hood_down hooded_jacket jacket knee_pads long_hair looking_at_viewer multicolored_hair open_clothes open_jacket ponytail purple_hair shirt shorts shoulder_bag sidelocks simple_background single_knee_pad socks solo tachi-e tail thigh_strap transparent_background trigger_discipline weapon,official_art
jessica_(ash)_(arknights),released_skin+danbooru_tag,char_235_jesica@wild#2,True,candidate,2,6,3823324,jessica_(ash)_(arknights),supplemental search,game_mirror,https://aceship.github.io/AN-EN-Tags/img/characters/char_235_jesica_wild%232.png,https://danbooru.donmai.us/posts/3823324,blue_hair purple_hair green_eyes cat_ears cat_tail black_jacket black_shirt black_shorts open_jacket short_shorts black_gloves,jessica_(ash)_(arknights),jessica_(arknights) jessica_(ash)_(arknights),1girl animal_ears backpack bag black_gloves black_jacket black_shirt black_shoes black_shorts black_thighhighs blacksteel_worldwide_logo blue_hair blush cat_ears cat_girl cat_tail fingerless_gloves full_body glock gloves green_eyes gun handgun holding holding_gun holding_weapon ice_axe jacket long_sleeves looking_at_viewer multicolored_hair navel official_alternate_costume open_clothes open_jacket open_mouth ponytail purple_hair raythean_industries_logo shirt shoes short_hair short_ponytail short_shorts shorts single_thighhigh solo standing tail tears thighhighs transparent_background weapon,highres official_art third-party_source
jessica_(clivia)_(arknights),released_skin+danbooru_tag,char_235_jesica@nian#2,True,candidate,1,19,3823322,jessica_(arknights),Clivia,game_mirror,https://aceship.github.io/AN-EN-Tags/img/characters/char_235_jesica_nian%232.png,https://danbooru.donmai.us/posts/3823322,blue_hair purple_hair green_eyes cat_ears cat_tail black_kimono short_kimono shorts_under_dress bike_shorts black_shorts black_gloves,jessica_(clivia)_(arknights),jessica_(arknights) jessica_(clivia)_(arknights),1girl :d animal_ears asymmetrical_legwear bike_shorts black_gloves black_kimono black_shorts black_socks blue_hair blush cat_ears cat_tail dress fingerless_gloves floral_print flower full_body gloves green_eyes gun hair_flower hair_ornament hair_stick handgun holding holding_gun holding_weapon japanese_clothes kimono kneehighs long_hair long_sleeves looking_at_viewer multicolored_hair official_alternate_costume open_mouth ponytail purple_hair red_flower red_shoes shoes short_kimono short_shorts shorts shorts_under_dress side_slit single_kneehigh single_sock smile sneakers socks solo standing tail transparent_background uneven_legwear weapon wide_sleeves,highres official_art
jessica_(iron_block)_(arknights),released_skin+danbooru_tag,char_235_jesica@sweep#1,True,candidate,1,19,10648083,jessica_(arknights),Iron Block,game_mirror,https://media.prts.wiki/c/c2/立绘_杰西卡_skin1.png,https://danbooru.donmai.us/posts/10648083,black_hair cat_ears black_pants black_boots black_gloves ponytail,jessica_(iron_block)_(arknights),jessica_(arknights) jessica_(iron_block)_(arknights),1girl animal_ears black_boots black_gloves black_hair black_pants blacksteel_worldwide_logo boots bulletproof_vest cat cat_ears cat_girl full_body gas_mask gloves grey_pants holding holding_shovel long_sleeves mask official_alternate_costume pants ponytail shovel solo standing transparent_background,highres official_art
jessica_the_liberated_(arknights),legacy_appearance_pack+released_skin+danbooru_tag,char_1034_jesca2#1+char_1034_jesca2#2,True,no_exact_tagged_post,0,,,,,,,,,,,,
jessica_the_liberated_(ride_to_davistown)_(arknights),released_skin+danbooru_tag,char_1034_jesca2@cfa#1,True,no_exact_tagged_post,0,,,,,,,,,,,,
jie_(arknights),legacy_appearance_pack,,True,candidate,1,13,10761035,jie_(arknights),,game_mirror,https://arknights.wiki.gg/images/Jie.png,https://danbooru.donmai.us/posts/10761035,black_hair yellow_eyes dragon_tail horns open_coat white_shirt skirt brown_boots short_hair,jie_(arknights),jie_(arknights),1girl belt black_hair book boots brown_boots closed_mouth coat colored_skin dragon_girl dragon_horns dragon_tail earrings full_body holding holding_book horns jewelry long_sleeves looking_at_viewer multicolored_hair open_clothes open_coat pointy_ears shirt short_hair simple_background skirt sleeves_past_fingers sleeves_past_wrists smile solo standing tail tassel tassel_earrings transparent_background white_shirt wide_sleeves yellow_eyes,highres official_art third-party_source
jun_(arknights),legacy_appearance_pack,,True,candidate,1,13,10763359,jun_(arknights),,game_mirror,https://arknights.wiki.gg/images/Jun.png,https://danbooru.donmai.us/posts/10763359,purple_hair purple_eyes dragon_tail horns white_dress black_jacket black_shoes high_heel_boots long_hair,jun_(arknights),jun_(arknights),1girl black_jacket black_shoes boots breasts colored_skin dragon_girl dragon_horns dragon_tail dress earrings eastern_dragon_horns eastern_dragon_tail full_body high_heel_boots high_heels horns jacket jacket_on_shoulders jewelry large_breasts long_hair pointy_ears pom_pom_(clothes) pom_pom_earrings purple_eyes purple_hair scales shoes simple_background solo tail transparent_background white_dress,highres official_art third-party_source
kafka_(arknights),legacy_appearance_pack+released_skin+danbooru_tag,char_214_kafka#1+char_214_kafka#2,True,candidate,1,19,4253249,kafka_(arknights),Default,game_mirror,https://aceship.github.io/AN-EN-Tags/img/characters/char_214_kafka_1.png,https://danbooru.donmai.us/posts/4253249,brown_hair yellow_eyes black_coat black_skirt open_coat pencil_skirt green_boots very_long_hair,kafka_(arknights),kafka_(arknights),1girl bare_legs black_coat black_skirt boots brown_hair coat coat_on_shoulders feather_hair feathers full_body green_boots grin headgear holding holding_knife holding_weapon knife long_hair looking_at_viewer miniskirt open_clothes open_coat pencil_skirt reverse_grip shin_strap simple_background skirt smile solo tachi-e transparent_background very_long_hair weapon yellow_eyes,official_art
kafka_(cardboard_fairy)_(arknights),released_skin+danbooru_tag,char_214_kafka@snow#3,True,no_exact_tagged_post,0,,,,,,,,,,,,
kal'tsit_(arknights),legacy_appearance_pack+released_skin+danbooru_tag,char_003_kalts#1+char_003_kalts#2,True,candidate,3,38,4496870,kal'tsit_(arknights),Default,game_mirror,https://aceship.github.io/AN-EN-Tags/img/characters/char_003_kalts_1.png,https://danbooru.donmai.us/posts/4496870,green_hair white_hair green_eyes animal_ears green_dress off-shoulder_dress jacket short_hair,kal'tsit_(arknights),kal'tsit_(arknights),1girl animal_ear_fluff animal_ears bare_shoulders closed_mouth detached_collar dress full_body green_dress green_eyes green_hair high_heels jacket jewelry long_sleeves looking_at_viewer material_growth off-shoulder_dress off_shoulder oripathy_lesion_(arknights) short_hair simple_background solo standing star_of_life stethoscope syringe tachi-e transparent_background watch white_hair wristwatch,highres official_art third-party_source translated
kal'tsit_(formal)_(arknights),legacy_appearance_pack,,True,candidate,2,22,4863037,kal'tsit_(arknights),Formal,game_asset,https://aceship.github.io/AN-EN-Tags/img/avg/characters/char_003_kaltsn08_1.png,https://danbooru.donmai.us/posts/4863037,green_hair white_hair green_eyes cat_ears black_jacket black_pants white_shirt brown_shoes bowtie ponytail long_hair,kal'tsit_(formal)_(arknights),kal'tsit_(arknights) kal'tsit_(formal)_(arknights),1girl androgynous animal_ear_fluff animal_ears black_jacket black_pants bow bowtie brown_shoes buttons cat_ears closed_mouth flower flower_ornament forehead formal_clothes full_body green_eyes green_hair hand_in_pocket jacket long_hair long_sleeves looking_at_viewer multicolored_hair official_alternate_costume pants ponytail reverse_trap shirt shoes simple_background solo standing suit tachi-e transparent_background tuxedo two-tone_hair watch white_hair white_shirt wristwatch,game_asset official_art
kal'tsit_(remnant)_(arknights),released_skin+danbooru_tag,char_003_kalts@boc#6,True,candidate,1,38,10839248,kal'tsit_(arknights),Remnant,game_mirror,https://media.prts.wiki/0/0f/立绘_凯尔希_skin1.png,https://danbooru.donmai.us/posts/10839248,grey_hair green_eyes cat_ears green_dress black_coat black_shorts open_coat open_jacket short_shorts long_hair,kal'tsit_(remnant)_(arknights),kal'tsit_(arknights) kal'tsit_(remnant)_(arknights),1girl animal_ear_fluff animal_ears ankle_boots bare_legs bare_shoulders black_boots black_coat black_shorts blue_coat blue_shorts boots cat_ears cat_girl closed_mouth coat dress expressionless full_body green_dress green_eyes grey_hair jacket long_hair long_sleeves looking_at_viewer material_growth off_shoulder official_alternate_costume open_clothes open_coat open_jacket originium_arts_(arknights) oripathy_lesion_(arknights) rhodes_island_logo_(arknights) short_shorts shorts solo standing thighs transparent_background,absurdres highres official_art third-party_source
kal'tsit_(the_remains_of_time)_(arknights),legacy_appearance_pack+released_skin+danbooru_tag,char_003_kalts@sale#14,True,candidate,1,18,10090555,kal'tsit_(arknights),The Remains of Time,game_mirror,https://media.prts.wiki/0/0c/立绘_凯尔希_skin2_sp.png,https://danbooru.donmai.us/posts/10090555,green_hair green_eyes cat_ears maid black_dress collared_dress frilled_skirt long_skirt black_shoes frilled_apron long_hair,kal'tsit_(the_remains_of_time)_(arknights),kal'tsit_(arknights) kal'tsit_(the_remains_of_time)_(arknights),1girl animal_ear_fluff animal_ears apron arm_belt belt belt_pouch black_dress black_shoes bow bowtie brown_belt buttons cat_ears cat_girl champagne_flute closed_mouth clothes_lift collared_dress cup dress drinking_glass drop_shadow flower food frilled_apron frilled_skirt frills full_body green_eyes green_hair green_nails holding holding_tray layered_dress lifting_own_clothes long_hair long_skirt looking_at_viewer maid maid_apron maid_headdress nail_polish official_alternate_costume plate pouch puffy_sleeves rhodes_island_logo_(arknights) shoes side_slit sidelocks simple_background skirt skirt_lift solo standing tachi-e transparent_background tray two-tone_dress white_apron white_belt white_bow white_bowtie white_dress white_flower zipper_skirt,highres official_art third-party_source
kal'tsit_esperanta_(arknights),legacy_appearance_pack,,True,no_exact_tagged_post,0,,,,,,,,,,,,
kazemaru_(arknights),legacy_appearance_pack+released_skin+danbooru_tag,char_4016_kazema#1+char_4016_kazema#2,True,candidate,1,19,5196761,kazemaru_(arknights),Default,game_mirror,https://aceship.github.io/AN-EN-Tags/img/characters/char_4016_kazema_1.png,https://danbooru.donmai.us/posts/5196761,grey_hair grey_eyes cat_ears cat_tail high-waist_shorts open_jacket short_shorts yellow_jacket white_boots white_choker long_hair,kazemaru_(arknights),kazemaru_(arknights),1girl animal_ears animal_on_shoulder asymmetrical_footwear bag bare_shoulders boots cat cat_ears cat_on_shoulder cat_tail choker full_body grey_eyes grey_hair hand_up high-waist_shorts infection_monitor_(arknights) jacket long_hair long_sleeves looking_at_viewer off_shoulder open_clothes open_jacket parted_lips short_shorts shorts simple_background solo standing tachi-e tail thigh_strap thighs transparent_background white_boots white_choker white_shorts yellow_jacket,highres official_art
kazemaru_(like_illusion)_(arknights),released_skin+danbooru_tag,char_4016_kazema@witch#3,True,no_exact_tagged_post,0,,,,,,,,,,,,
kirara_(arknights),legacy_appearance_pack+released_skin+danbooru_tag,char_478_kirara#1+char_478_kirara#2,True,candidate,1,19,4556363,kirara_(arknights),Default,game_mirror,https://aceship.github.io/AN-EN-Tags/img/characters/char_478_kirara_1.png,https://danbooru.donmai.us/posts/4556363,pink_hair pink_eyes pointy_ears black_skirt open_jacket pink_jacket pleated_skirt black_boots short_hair,kirara_(arknights),kirara_(arknights),1girl bare_legs black_boots black_skirt boots chain full_body hand_up jacket long_sleeves looking_at_viewer miniskirt open_clothes open_jacket pink_eyes pink_hair pink_jacket pleated_skirt pointy_ears short_hair simple_background skirt solo standing tachi-e tentacle_hair tentacles transparent_background,official_art
kirara_(trendsetting_player)_(arknights),released_skin+danbooru_tag,char_478_kirara@game#2,True,candidate,1,18,5438905,kirara_(arknights),Trendsetting Player,game_mirror,https://aceship.github.io/AN-EN-Tags/img/characters/char_478_kirara_game%232.png,https://danbooru.donmai.us/posts/5438905,pink_hair purple_eyes pink_jacket shoes short_hair,kirara_(trendsetting_player)_(arknights),kirara_(arknights) kirara_(trendsetting_player)_(arknights),1girl bare_legs bare_shoulders cup half_updo hand_up head-mounted_display head-mounted_display_lift jacket long_sleeves looking_at_viewer mug off_shoulder official_alternate_costume pink_hair pink_jacket purple_eyes shoes short_hair sitting solo thighs transparent_background,highres official_art third-party_source
kirara_(轻闲快照)_(arknights),released_skin_official_name,char_478_kirara@epoque#57,False,official_name_without_tag,0,,,,,,,,,,,,
kirin_r_yato_(arknights),legacy_appearance_pack+released_skin+danbooru_tag,char_1029_yato2#1+char_1029_yato2#2,True,no_exact_tagged_post,0,,,,,,,,,,,,
kjera_(arknights),legacy_appearance_pack+released_skin+danbooru_tag,char_4013_kjera#1+char_4013_kjera#2,True,candidate,1,19,4993854,kjera_(arknights),Default,game_mirror,https://aceship.github.io/AN-EN-Tags/img/characters/char_4013_kjera_1.png,https://danbooru.donmai.us/posts/4993854,black_hair blue_hair blue_eyes tail wings short_dress white_dress black_pantyhose grey_shoes short_hair,kjera_(arknights),kjera_(arknights),1girl bead_necklace beads bird_tail bird_wings black_hair black_pantyhose blue_eyes blue_hair dress full_body grey_shoes hair_flaps jewelry long_sleeves looking_at_viewer multicolored_hair necklace own_hands_together pantyhose parted_lips scales shoes short_dress short_hair simple_background smile solo standing streaked_hair tachi-e tail transparent_background white_dress wide_sleeves wings,highres official_art
kjera_(ingenious_servant)_(arknights),released_skin+danbooru_tag,char_4013_kjera@epoque#18,True,candidate,1,19,5901005,kjera_(arknights),Ingenious Servant,game_mirror,https://raw.githubusercontent.com/Aceship/Arknight-Images/main/characters/char_4013_kjera_epoque%2318.png,https://danbooru.donmai.us/posts/5901005,black_hair blue_eyes maid maid_headdress blue_dress strapless_dress black_pantyhose black_shoes short_hair,kjera_(ingenious_servant)_(arknights),kjera_(arknights) kjera_(ingenious_servant)_(arknights),1girl armpits bare_shoulders black_hair black_pantyhose black_shoes blue_dress blue_eyes blue_lips breasts detached_sleeves dress full_body jewelry large_breasts long_sleeves looking_at_viewer maid maid_headdress pantyhose pendant shoes short_hair smile solo strapless strapless_dress tail transparent_background white_dress wrist_cuffs,highres official_art
kristen_(arknights),legacy_appearance_pack,,True,candidate,1,14,6874222,kristen_(arknights),,game_mirror,https://raw.githubusercontent.com/Aceship/Arknight-Images/main/avg/characters/avg_npc_537_1%231%241.png,https://danbooru.donmai.us/posts/6874222,blonde_hair yellow_eyes animal_ears tail black_pants black_shoes long_hair,kristen_(arknights),kristen_(arknights),1girl animal_ears asymmetrical_clothes black_pants black_shoes blonde_hair character_name collarbone dog_ears dog_tail full_body hand_in_pocket long_hair pants rhine_lab_logo shoes simple_background solo standing tachi-e tail transparent_background yellow_eyes,official_art
kroos_(arknights),legacy_appearance_pack+released_skin+danbooru_tag,char_124_kroos#1,True,candidate,1,19,3853481,kroos_(arknights),Default,game_mirror,https://aceship.github.io/AN-EN-Tags/img/characters/char_124_kroos_1.png,https://danbooru.donmai.us/posts/3853481,brown_hair rabbit_ears rhodes_island_uniform black_jacket black_shorts green_shirt hooded_jacket short_shorts,kroos_(arknights),kroos_(arknights),1girl ^_^ ahoge animal_ears arms_up bag bandaid bandaid_on_knee bandaid_on_leg black_jacket black_shoes black_shorts blue_gloves bow bracelet brown_hair closed_eyes crossbow full_body gloves green_bow green_ribbon green_shirt green_shoes hair_bow hair_ornament hair_ribbon hairclip holding holding_weapon hood hooded_jacket id_card jacket jewelry lanyard leg_belt open_clothes open_jacket rabbit_ears rhodes_island_uniform ribbed_socks ribbon shirt shoes short_shorts shorts shoulder_bag sidelocks simple_background smile sneakers socks solo tachi-e thigh_strap transparent_background uniform weapon white_socks,official_art
kroos_(moonlit_voyage)_(arknights),released_skin+danbooru_tag,char_124_kroos@sale#14,True,candidate,1,19,9365346,kroos_(arknights),Moonlit Voyage,game_mirror,https://media.prts.wiki/a/aa/立绘_克洛丝_skin2_sp.png,https://danbooru.donmai.us/posts/9365346,orange_hair rabbit_ears purple_dress purple_socks shoes,kroos_(moonlit_voyage)_(arknights),doctor_(arknights) kroos_(arknights) kroos_(moonlit_voyage)_(arknights),1girl animal_ears bare_shoulders dress drop_shadow holding holding_stuffed_toy hugging_object loafers long_sleeves official_alternate_costume orange_hair purple_dress purple_ribbon purple_socks rabbit_ears rabbit_girl ribbon shoes simple_background socks solo standing standing_on_one_leg stuffed_animal stuffed_rabbit stuffed_toy tachi-e transparent_background,official_art
kroos_(the_mag)_(arknights),released_skin+danbooru_tag,char_124_kroos@witch#1,True,candidate,1,19,3850100,kroos_(arknights),The Mag,game_mirror,https://aceship.github.io/AN-EN-Tags/img/characters/char_124_kroos_witch%231.png,https://danbooru.donmai.us/posts/3850100,blonde_hair rabbit_ears tail black_skirt orange_shirt striped_skirt black_cape black_hat black_shoes braid short_hair,kroos_(the_mag)_(arknights),kroos_(arknights) kroos_(the_mag)_(arknights),1girl :d ^_^ ahoge animal_ears bandages black_cape black_hat black_shoes black_skirt blonde_hair braid cape chest_sarashi closed_eyes crescent crescent_print cross full_body grey_pantyhose hat head_tilt holding jack-o'-lantern miniskirt navel official_alternate_costume open_mouth orange_shirt pantyhose rabbit_ears rabbit_tail sarashi shirt shoes short_hair skirt smile sneakers solo standing standing_on_one_leg star_(symbol) star_print striped_clothes striped_skirt tail top_hat transparent_background vertical-striped_clothes vertical-striped_skirt wrist_wrap,official_art
kroos_the_keen_glint_(along_the_corridor)_(arknights),released_skin+danbooru_tag,char_1021_kroos2@nian#8,True,no_exact_tagged_post,0,,,,,,,,,,,,
kroos_the_keen_glint_(arknights),legacy_appearance_pack+released_skin+danbooru_tag,char_1021_kroos2#1+char_1021_kroos2#2,True,no_exact_tagged_post,0,,,,,,,,,,,,
kroos_the_keen_glint_(the_apprentice_and_her_aura)_(arknights),released_skin+danbooru_tag,char_1021_kroos2@game#3,True,no_exact_tagged_post,0,,,,,,,,,,,,
la_pluma_(arknights),legacy_appearance_pack+released_skin+danbooru_tag,char_421_crow#1+char_421_crow#2,True,candidate,1,19,4679392,la_pluma_(arknights),Default,game_mirror,https://aceship.github.io/AN-EN-Tags/img/characters/char_421_crow_1.png,https://danbooru.donmai.us/posts/4679392,black_hair black_eyes grey_eyes black_coat black_shirt black_shorts fur-trimmed_coat short_shorts sleeveless_shirt short_hair,la_pluma_(arknights),la_pluma_(arknights),1girl ahoge bare_arms bare_legs bare_shoulders black_coat black_eyes black_gloves black_hair black_sandals black_shirt black_shorts breasts coat expressionless feather_hair fingerless_gloves full_body fur-trimmed_coat fur-trimmed_hood fur_trim gloves grey_eyes hairband head_tilt hood hooded_coat infection_monitor_(arknights) long_sleeves looking_at_viewer off_shoulder open_clothes open_coat platform_sandals sandals scythe shirt short_hair short_shorts shorts simple_background sleeveless sleeveless_shirt small_breasts solo standing tachi-e thigh_strap thighs transparent_background weapon white_hairband,highres official_art
la_pluma_(summer_flowers)_(arknights),legacy_appearance_pack,,True,candidate,1,18,10992207,la_pluma_(arknights),Summer Flowers,game_mirror,https://arknights.wiki.gg/images/La_Pluma_Skin_1.png,https://danbooru.donmai.us/posts/10992207,black_hair frilled_bikini jacket_over_swimsuit white_bikini open_jacket white_jacket short_hair,la_pluma_(summer_flowers)_(arknights),la_pluma_(arknights) la_pluma_(summer_flowers)_(arknights),1girl ahoge ball bare_legs bare_shoulders barefoot beachball bikini black_hair breasts frilled_bikini frills full_body goggles goggles_around_neck head_tilt id_card innertube jacket jacket_over_swimsuit lanyard long_sleeves looking_at_viewer medium_breasts megaphone mouth_hold navel off_shoulder official_alternate_costume open_clothes open_jacket plant pool potted_plant scythe short_hair sitting soaking_feet solo stomach swim_ring swimsuit transparent_background water whistle white_bikini white_jacket,highres official_art third-party_source
la_pluma_(summer_flowers_fa210)_(arknights),released_skin_official_name,char_421_crow@summer#9,False,official_name_without_tag,0,,,,,,,,,,,,
lappland_(ambience_synesthesia_2021)_(arknights),legacy_appearance_pack,,True,candidate,1,21,9932546,lappland_(arknights),Ambience Synesthesia 2021,publisher,https://ak.hypergryph.com/special/ambience_synesthesia,https://danbooru.donmai.us/posts/9932546,grey_hair grey_eyes wolf_ears tail black_jacket black_pants black_shirt short_hair,lappland_(ambience_synesthesia_2021)_(arknights),lappland_(ambience_synesthesia_2021)_(arknights) lappland_(arknights),1girl :d androgynous animal_ears arm_up black_jacket black_nails black_pants black_shirt bracelet breast_pocket drop_shadow fangs feet_out_of_frame gangster grey_eyes grey_hair hair_ornament jacket jewelry long_sleeves looking_at_viewer looking_back nail_polish official_alternate_costume open_mouth pants pendant pocket reverse_trap ring shirt short_hair simple_background smile solo spiked_hair standing tachi-e tail tomboy transparent_background v wolf_ears wolf_girl wolf_tail,official_art second-party_source
lappland_(arknights),legacy_appearance_pack+released_skin+danbooru_tag,char_140_whitew#1+char_140_whitew#2,True,candidate,1,19,3563916,lappland_(arknights),Default,game_mirror,https://aceship.github.io/AN-EN-Tags/akhrchars.html?opname=Lappland,https://danbooru.donmai.us/posts/3563916,black_hair grey_hair grey_eyes wolf_ears tail black_coat black_shorts jacket black_shoes gloves very_long_hair,lappland_(arknights),lappland_(arknights),1girl animal_ear_fluff animal_ears black_coat black_hair black_nails black_shoes black_shorts breasts closed_mouth coat eyeshadow full_body gloves grey_eyes grey_hair hair_between_eyes hair_ornament hairclip hand_up high_collar jacket long_hair looking_at_viewer makeup material_growth messy_hair multicolored_hair multiple_swords originium_arts_(arknights) oripathy_lesion_(arknights) scar scar_across_eye scar_on_face shoes shorts sidelocks simple_background smile solo sword tachi-e tail transparent_background very_long_hair weapon wide_sleeves wolf_ears wolf_tail,official_art
lappland_(refined_horrormare)_(arknights),legacy_appearance_pack+released_skin+danbooru_tag,char_140_whitew@boc#1,True,candidate,1,19,3887636,lappland_(arknights),Refined Horrormare,game_mirror,https://aceship.github.io/AN-EN-Tags/img/characters/char_140_whitew_boc%231.png,https://danbooru.donmai.us/posts/3887636,grey_hair grey_eyes wolf_ears black_dress short_dress black_coat open_coat white_shirt black_boots long_hair,lappland_(refined_horrormare)_(arknights),lappland_(arknights) lappland_(refined_horrormare)_(arknights),1girl alternate_costume animal_ears bare_legs black_boots black_coat black_dress black_gloves boots coat dress full_body gloves grey_eyes grey_hair grin hand_up holding holding_sword holding_weapon long_hair looking_at_viewer material_growth official_alternate_costume open_clothes open_coat originium_arts_(arknights) oripathy_lesion_(arknights) planted planted_sword sharp_teeth shirt short_dress smile solo standing sword teeth transparent_background weapon white_shirt wolf_ears,highres official_art
lappland_the_decadenza_(arknights),legacy_appearance_pack+released_skin+danbooru_tag,char_1038_whitw2#1+char_1038_whitw2#2,True,no_exact_tagged_post,0,,,,,,,,,,,,
lappland_the_decadenza_(unruly_humbleness)_(arknights),released_skin+danbooru_tag,char_1038_whitw2@sale#15,True,no_exact_tagged_post,0,,,,,,,,,,,,
lava_(arknights),legacy_appearance_pack+released_skin+danbooru_tag,char_121_lava#1,True,candidate,1,18,9859663,lava_(arknights),Default,game_mirror,https://media.prts.wiki/8/80/立绘_炎熔_1.png,https://danbooru.donmai.us/posts/9859663,purple_hair purple_eyes horns rhodes_island_uniform black_jacket gradient_skirt purple_skirt black_boots black_pantyhose twintails,lava_(arknights),lava_(arknights),1girl black_boots black_jacket black_pantyhose book boots dagger demon_horns drop_shadow full_body gradient_clothes gradient_skirt holding holding_book holding_dagger holding_knife holding_weapon horns jacket jewelry knee_boots knife material_growth multiple_rings navel necklace oripathy_lesion_(arknights) pantyhose purple_eyes purple_hair purple_skirt rhodes_island_uniform ring short_twintails sidelocks simple_background skirt solo standing tachi-e tooth_necklace transparent_background twintails weapon,official_art third-party_source
lava_(bunch_of_sunlight)_(arknights),released_skin+danbooru_tag,char_121_lava@sale#9,True,candidate,1,18,7873623,lava_(arknights),Bunch of Sunlight,game_mirror,https://media.prts.wiki/c/cb/立绘_炎熔_skin1.png,https://danbooru.donmai.us/posts/7873623,white_hair purple_eyes horns pointy_ears purple_dress short_dress blue_jacket fur-trimmed_jacket braid,lava_(bunch_of_sunlight)_(arknights),lava_(arknights) lava_(bunch_of_sunlight)_(arknights),1girl bare_legs bare_shoulders black_nails blue_jacket blunt_bangs bouquet braid brown_fur bug butterfly chain closed_mouth demon_girl demon_horns dress drop_shadow english_text flower fur-trimmed_jacket fur_trim grass hair_flower hair_ornament hairclip holding holding_bouquet horns jacket looking_at_viewer multicolored_hair nail_polish off_shoulder pointy_ears purple_dress purple_eyes radio sandals short_dress solo standing sunflower teruterubouzu toenail_polish toenails transparent_background twin_braids two-tone_hair white_hair wooden_floor yellow_butterfly yellow_flower,highres official_art third-party_source
lava_the_purgatory_(arknights),legacy_appearance_pack+released_skin+danbooru_tag,char_1011_lava2#1+char_1011_lava2#2,True,no_exact_tagged_post,0,,,,,,,,,,,,
lava_the_purgatory_(dusk_wisteria)_(arknights),released_skin+danbooru_tag,char_1011_lava2@nian#6,True,no_exact_tagged_post,0,,,,,,,,,,,,
lava_the_purgatory_(purifying_flame)_(arknights),released_skin+danbooru_tag,char_1011_lava2@whirlwind#9,True,no_exact_tagged_post,0,,,,,,,,,,,,
leizi_(arknights),legacy_appearance_pack+released_skin+danbooru_tag,char_306_leizi#1+char_306_leizi#2,True,candidate,1,19,3798807,leizi_(arknights),Default,game_mirror,https://aceship.github.io/AN-EN-Tags/akhrchars.html?opname=Leizi,https://danbooru.donmai.us/posts/3798807,blonde_hair blue_eyes horns tail black_dress collared_dress open_jacket white_jacket black_gloves black_shoes long_hair,leizi_(arknights),leizi_(arknights),1girl arm_strap bare_shoulders black_dress black_gloves black_shoes blonde_hair blue_eyes breasts choker collared_dress dress drone fingerless_gloves full_body gloves hair_ornament hairclip high_heels holding holding_staff horns jacket layered_dress leather leather_choker long_hair looking_at_viewer medium_breasts messy_hair open_clothes open_jacket pantyhose shoes sidelocks simple_background sleeveless sleeveless_dress solo staff standing tachi-e tail transparent_background white_jacket wide_sleeves,official_art
leizi_(the_archivist_and_her_pilgrimage)_(arknights),released_skin+danbooru_tag,char_306_leizi@game#3,True,candidate,1,22,9577770,leizi_(arknights),The Archivist and Her Pilgrimage,game_asset,https://raw.githubusercontent.com/PuppiizSunniiz/Arknight-Images/main/characters/char_306_leizi_game%233.png,https://danbooru.donmai.us/posts/9577770,blonde_hair purple_eyes horns pointy_ears white_dress black_shirt turtleneck_shirt black_shoes black_thighhighs red_gloves very_long_hair,leizi_(the_archivist_and_her_pilgrimage)_(arknights),leizi_(arknights) leizi_(the_archivist_and_her_pilgrimage)_(arknights),1girl black_shirt black_shoes black_thighhighs blonde_hair dress gloves holding holding_staff horns long_hair looking_at_viewer official_alternate_costume pointy_ears purple_eyes red_gloves shirt shoes sitting smile solo staff thighhighs transparent_background tree turtleneck turtleneck_shirt very_long_hair white_dress,game_asset highres official_art
leizi_the_thunderbringer_(arknights),legacy_appearance_pack+released_skin+danbooru_tag,char_1043_leizi2#1+char_1043_leizi2#2,True,no_exact_tagged_post,0,,,,,,,,,,,,
leizi_the_thunderbringer_(the_bloodwing_rose)_(arknights),released_skin+danbooru_tag,char_1043_leizi2@game#8,True,no_exact_tagged_post,0,,,,,,,,,,,,
lemuen_(arknights),legacy_appearance_pack+released_skin+danbooru_tag,char_4193_lemuen#1+char_4193_lemuen#2,True,candidate,2,18,9791675,lemuen_(arknights),Default,game_mirror,https://media.prts.wiki/7/76/立绘_蕾缪安_1.png,https://danbooru.donmai.us/posts/9791675,pink_hair pink_eyes halo wings black_dress black_jacket black_boots lace-up_boots very_long_hair,lemuen_(arknights),lemuen_(arknights),1girl ai_arctic_warfare apple black_boots black_dress black_jacket bolt_action boots charm_(object) cleavage_cutout closed_mouth clothing_cutout detached_wings dress drop_shadow energy_wings flower flower_in_gun food food_charm footwear_flower fruit full_body gun halo interlocked_fingers jacket lace-up_boots long_hair looking_at_viewer pink_eyes pink_hair rifle simple_background sitting smile sniper_rifle solo tachi-e thigh_boots transparent_background very_long_hair wavy_hair weapon wheelchair white_flower wings,official_art third-party_source
lemuen_(requiem_vesperis)_(arknights),legacy_appearance_pack+released_skin+danbooru_tag,char_4193_lemuen@ambienceSynesthesia#7,True,candidate,1,16,11261049,lemuen_(arknights),Requiem Vesperis,game_mirror,https://media.prts.wiki/3/32/立绘_蕾缪安_skin1.png,https://danbooru.donmai.us/posts/11261049,blonde_hair pink_hair pink_eyes halo white_dress elbow_gloves half_gloves pearl_choker very_long_hair,lemuen_(requiem_vesperis)_(arknights),lemuen_(arknights) lemuen_(requiem_vesperis)_(arknights),1girl 1other angel bare_shoulders blonde_hair book book_stack bracelet candle child closed_mouth constellation disembodied_hand dress elbow_gloves eye_of_providence facial_mark flower french_horn full_body gladiator_sandals gloves gold_bracelet gold_trim gradient_hair gun half_gloves halo holding holding_gun holding_weapon instrument jewelry kneeling latin_text long_hair looking_at_viewer multicolored_hair official_alternate_costume one_eye_covered organ_(instrument) pearl_choker pink_eyes pink_hair praying rifle sandals scope see-through_clothes see-through_veil sheet_music side_slit sitting smile sniper_rifle star_pendant teardrop_facial_mark toeless_legwear transparent_background trumpet two-tone_hair veil very_long_hair weapon white_dress white_flower white_gloves white_halo white_veil,highres official_art third-party_source
lin_(arknights),legacy_appearance_pack+released_skin+danbooru_tag,char_4080_lin#1+char_4080_lin#2,True,candidate,1,19,5990595,lin_(arknights),Default,game_mirror,https://raw.githubusercontent.com/Aceship/Arknight-Images/main/characters/char_4080_lin_1.png,https://danbooru.donmai.us/posts/5990595,purple_hair purple_eyes animal_ears tail black_dress black_hairband black_pantyhose black_shoes long_hair,lin_(arknights),lin_(arknights),1girl animal_ears black_dress black_hairband black_pantyhose black_shoes breasts crossed_bangs dress full_body hairband holding holding_sword holding_weapon long_hair long_sleeves looking_at_viewer medium_breasts mouse_ears pantyhose purple_eyes purple_hair shoes simple_background solo standing sword tachi-e tail transparent_background weapon wide_sleeves,highres official_art
lin_(heavenly_mirage)_(arknights),released_skin+danbooru_tag,char_4080_lin@nian#10,True,candidate,3,6,10925637,lin_(heavenly_mirage)_(arknights),supplemental search,game_mirror,https://media.prts.wiki/5/5d/立绘_林_skin1.png,https://danbooru.donmai.us/posts/10925637,pink_hair pink_eyes purple_eyes animal_ears tail dress skirt black_shoes ponytail long_hair,lin_(heavenly_mirage)_(arknights),lin_(arknights) lin_(heavenly_mirage)_(arknights),1girl animal_ears black_shoes chinese_clothes closed_mouth cup dress full_body holding long_hair long_sleeves looking_at_viewer mouse_ears official_alternate_costume pink_eyes pink_hair ponytail purple_eyes see-through_clothes shoes skirt solo standing tail transparent_background water,absurdres highres official_art third-party_source
lin_(summer)_(arknights),legacy_appearance_pack,,True,candidate,1,22,4679599,lin_(arknights),Summer,game_asset,Arknights,https://danbooru.donmai.us/posts/4679599,purple_hair purple_eyes animal_ears tail black_bikini swimsuit open_coat purple_coat black_choker long_hair,lin_(summer)_(arknights),lin_(arknights) lin_(summer)_(arknights),1girl animal_ears bikini black_bikini black_choker breasts choker coat eyewear_on_head food fruit full_body hair_between_eyes hair_ornament hairclip hand_on_own_hip jewelry leaning_forward long_hair looking_at_viewer medium_breasts mouse_ears nail_polish navel necklace net off_shoulder official_alternate_costume open_clothes open_coat platform_sandals purple_coat purple_eyes purple_hair purple_nails sandals simple_background solo standing stomach sunglasses swimsuit tachi-e tail thigh_strap thighs toenail_polish toenails transparent_background watermelon,game_asset non-web_source official_art self-datamine
lin_(summer_flowers_fa137)_(arknights),released_skin_official_name,char_4080_lin@summer#19,False,official_name_without_tag,0,,,,,,,,,,,,
lin_(求知的魔法)_(arknights),released_skin_official_name,char_4080_lin@littlePony#1,False,official_name_without_tag,0,,,,,,,,,,,,
ling_(a_gallant_dream)_(arknights),released_skin+danbooru_tag,char_2023_ling@nian#12,True,candidate,1,16,10760342,ling_(arknights),A Gallant Dream,game_mirror,https://raw.githubusercontent.com/PuppiizSunniiz/Arknight-Images/main/characters/char_2023_ling_nian%2312.png,https://danbooru.donmai.us/posts/10760342,blue_hair white_hair purple_eyes dragon_tail horns black_robe chinese_armor shoulder_armor two-tone_robe black_gloves black_thighhighs,ling_(a_gallant_dream)_(arknights),doctor_(arknights) ling_(a_gallant_dream)_(arknights) ling_(arknights),1girl architecture armor bamboo_slips bead_necklace beads black_gloves black_robe black_thighhighs blue_hair blue_horns blue_skin blue_tail board_game book book_stack boots bracelet braid braided_ponytail brown_boots chair chinese_armor chinese_clothes closed_mouth coin colored_shoe_soles colored_skin crossed_legs diorama dragon dragon_girl dragon_horns dragon_print dragon_tail earrings east_asian_architecture eastern_dragon eastern_dragon_horns eastern_dragon_tail eyeliner full_body gloves go_(board_game) hand_fan hand_on_own_face hanfu high_braided_ponytail holding holding_fan holed_coin horns jewelry lantern light_smile long_hair looking_down makeup mountain multicolored_hair multiple_bracelets multiple_views necklace official_alternate_costume on_chair paper_lantern partially_fingerless_gloves pauldrons pointy_ears purple_eyes qinghua_(porcelain) reading red_eyeliner river robe sheath sheathed shoulder_armor single_bare_shoulder single_pauldron sitting streaked_hair sword tail tassel tassel_earrings thighhighs transparent_background two-tone_hair two-tone_robe waistband weapon white_hair white_robe wide_sleeves wooden_chair xiao_guan_(headdress) zhijupao,absurdres check_clothing clothing_request highres official_art third-party_source
ling_(arknights),legacy_appearance_pack+released_skin+danbooru_tag,char_2023_ling#1+char_2023_ling#2,True,candidate,1,19,5090079,ling_(arknights),Default,game_mirror,https://aceship.github.io/AN-EN-Tags/img/characters/char_2023_ling_1.png,https://danbooru.donmai.us/posts/5090079,blue_hair blue_eyes dragon_tail horns black_shorts short_shorts white_coat boots necktie very_long_hair,ling_(arknights),ling_(arknights),1girl bandaged_arm bandages black_shorts blue_eyes blue_hair boots breasts coat dragon_girl dragon_horns dragon_tail full_body grin horns large_breasts long_hair necktie pointy_ears short_shorts shorts simple_background smile solo staff tachi-e tail transparent_background very_long_hair white_coat,highres official_art
ling_(it_does_wash_the_strings)_(arknights),released_skin+danbooru_tag,char_2023_ling@nian#9,True,candidate,1,18,10787123,ling_(arknights),It Does Wash the Strings,game_mirror,https://arknights.wiki.gg/images/Ling_Skin_1.png,https://danbooru.donmai.us/posts/10787123,blue_hair blue_eyes dragon_tail horns white_dress black_shoes very_long_hair,ling_(it_does_wash_the_strings)_(arknights),ling_(arknights) ling_(it_does_wash_the_strings)_(arknights),1girl architecture black_shoes blue_eyes blue_hair blue_skin bracelet breasts colored_skin detached_sleeves dragon dragon_girl dragon_horns dragon_tail dress earrings east_asian_architecture eastern_dragon flower full_body holding holding_staff horns jewelry long_hair long_sleeves looking_at_viewer multicolored_hair official_alternate_costume planted planted_sword pointy_ears shoes smile solo staff standing sword tail tassel transparent_background very_long_hair weapon white_dress wide_sleeves,highres official_art third-party_source
ling_(towering_is_cliff_of_nostalgia)_(arknights),released_skin+danbooru_tag,char_2023_ling@ncg#1,True,candidate,1,18,10787289,ling_(arknights),Towering is Cliff of Nostalgia,game_mirror,https://arknights.wiki.gg/images/Ling_Skin_2.png,https://danbooru.donmai.us/posts/10787289,blue_hair blue_eyes dragon_tail horns black_dress black_coat open_coat ankle_boots black_boots black_gloves ponytail,ling_(towering_is_cliff_of_nostalgia)_(arknights),ling_(arknights) ling_(towering_is_cliff_of_nostalgia)_(arknights),1girl ankle_boots black_boots black_coat black_dress black_gloves blue_eyes blue_flower blue_hair blue_sky boots breasts coat dragon dragon_girl dragon_horns dragon_tail dress floating_hair flower full_body gloves holding holding_staff horns long_hair looking_at_viewer mountain multicolored_hair off_shoulder official_alternate_costume open_clothes open_coat pointy_ears ponytail rock sky smile solo staff standing tail thigh_strap transparent_background very_long_hair,highres official_art third-party_source
liskarm_(arknights),legacy_appearance_pack+released_skin+danbooru_tag,char_107_liskam#1+char_107_liskam#2,True,candidate,1,19,3564102,liskarm_(arknights),Default,game_mirror,https://aceship.github.io/AN-EN-Tags/akhrchars.html?opname=Liskarm,https://danbooru.donmai.us/posts/3564102,grey_hair brown_eyes dragon_tail horns black_shirt black_skirt blue_jacket pleated_skirt black_gloves black_shoes medium_hair,liskarm_(arknights),liskarm_(arknights),1girl ballistic_shield black_gloves black_shirt black_shoes black_skirt black_thighhighs blacksteel_worldwide_logo blue_jacket brown_eyes brown_thighhighs closed_mouth dragon_girl dragon_horns dragon_tail expressionless floating_hair frown full_body glock gloves grey_hair gun handgun holding holding_gun holding_weapon horns jacket long_sleeves looking_at_viewer medium_hair pleated_skirt scarf shield shirt shoes simple_background skirt sneakers solo tachi-e tail thighhighs transparent_background trigger_discipline v-shaped_eyebrows watch weapon wristwatch,official_art
liskarm_(overload)_(arknights),released_skin+danbooru_tag,char_107_liskam@striker#1,True,candidate,1,16,4403957,liskarm_(arknights),Overload,game_mirror,https://aceship.github.io/AN-EN-Tags/img/characters/char_107_liskam_striker%231.png,https://danbooru.donmai.us/posts/4403957,grey_hair orange_eyes horns tail black_skirt pencil_skirt black_pantyhose long_hair,liskarm_(overload)_(arknights),liskarm_(arknights) liskarm_(overload)_(arknights),1girl ballistic_shield black_pantyhose black_skirt electricity flag full_body grey_hair gun handgun holding holding_gun holding_weapon horns long_hair looking_at_viewer miniskirt official_alternate_costume orange_eyes pantyhose pencil_skirt shield skirt standing tail transparent_background weapon,highres official_art third-party_source
liskarm_(spring_vouivre)_(arknights),released_skin+danbooru_tag,char_107_liskam@nian#2,True,candidate,1,19,3769676,liskarm_(arknights),Spring Vouivre,game_mirror,https://aceship.github.io/AN-EN-Tags/akhrchars.html?opname=Liskarm,https://danbooru.donmai.us/posts/3769676,grey_hair brown_eyes dragon_tail horns black_dress red_jacket grey_pantyhose shoes ponytail long_hair,liskarm_(spring_vouivre)_(arknights),liskarm_(arknights) liskarm_(spring_vouivre)_(arknights),1girl :< alternate_costume alternate_hairstyle ballistic_shield black_bow black_dress bow brown_eyes chain chinese_clothes closed_mouth dragon_girl dragon_horns dragon_tail dress faux_figurine full_body grey_hair grey_pantyhose hair_bow hair_ornament holding horn_ornament horns jacket long_hair long_sleeves looking_at_viewer off_shoulder official_alternate_costume pantyhose ponytail pouch qipao red_jacket shield shoes short_sleeves solo standing suitcase tail transparent_background v-shaped_eyebrows vase wide_sleeves,highres official_art
magallan_(arknights),legacy_appearance_pack+released_skin+danbooru_tag,char_248_mgllan#1+char_248_mgllan#2,True,candidate,1,19,3847255,magallan_(arknights),Default,game_mirror,https://aceship.github.io/AN-EN-Tags/akhrchars.html?opname=Magallan,https://danbooru.donmai.us/posts/3847255,black_hair white_hair brown_eyes white_coat winter_coat white_gloves long_hair,magallan_(arknights),magallan_(arknights),1girl backpack bag bird_mask black_hair brown_eyes coat earrings full_body gloves ice_skates jewelry long_hair long_sleeves looking_at_viewer mask mask_around_neck multicolored_hair rhine_lab_logo simple_background skates solo tachi-e theodolite transparent_background tripod white_coat white_gloves white_hair winter_clothes winter_coat,official_art
magallan_(shaved-ice_memories)_(arknights),released_skin+danbooru_tag,char_248_mgllan@kitchen#1,True,candidate,1,17,3960612,magallan_(arknights),Shaved-Ice Memories,game_mirror,https://aceship.github.io/AN-EN-Tags/img/characters/char_248_mgllan_kitchen%231.png,https://danbooru.donmai.us/posts/3960612,black_hair black_pants white_shirt black_shoes white_gloves short_hair,magallan_(shaved-ice_memories)_(arknights),emperor_(arknights) magallan_(arknights) magallan_(shaved-ice_memories)_(arknights),1girl :d bird black_hair black_pants black_shoes drone food full_body gloves hachimaki head_tilt headband holding holding_food ice_skates long_sleeves looking_at_viewer multicolored_hair nejiri_hachimaki official_alternate_costume open_mouth pants penguin shaved_ice shirt shoes short_hair skates smile standing streaked_hair transparent_background white_gloves white_headband white_shirt,highres official_art
mandragora_(arknights),legacy_appearance_pack,,True,candidate,1,13,5132029,mandragora_(arknights),,game_mirror,https://aceship.github.io/AN-EN-Tags/img/avg/characters/avg_npc_233_1%231.png,https://danbooru.donmai.us/posts/5132029,black_hair grey_eyes cat_ears tail black_dress off-shoulder_dress black_shoes white_thighhighs short_hair,mandragora_(arknights),mandragora_(arknights),1girl animal_ears bare_shoulders black_dress black_hair black_shoes cat_ears dress full_body grey_eyes long_sleeves looking_at_viewer off-shoulder_dress off_shoulder shoes short_hair simple_background solo standing tachi-e tail thighhighs transparent_background white_thighhighs wide_sleeves zettai_ryouiki,artist_request bad_id check_artist official_art third-party_source
manticore_(arknights),legacy_appearance_pack+released_skin+danbooru_tag,char_215_mantic#1+char_215_mantic#2,True,candidate,1,19,3563995,manticore_(arknights),Default,game_mirror,https://aceship.github.io/AN-EN-Tags/akhrchars.html?opname=Manticore,https://danbooru.donmai.us/posts/3563995,purple_hair purple_eyes pointy_ears tail black_shorts short_shorts black_boots white_socks twintails long_hair,manticore_(arknights),manticore_(arknights),1girl bandaged_leg bandages belt black_boots black_cloak black_shorts blush boots buckle chain cloak clothes_writing crop_top full_body fur-trimmed_cloak fur_trim gold groin hair_ornament hairclip head_wings hood hood_down hooded_cloak jewelry long_hair looking_at_viewer midriff navel necklace parted_lips pointy_ears purple_eyes purple_hair scorpion_tail short_shorts shorts sidelocks simple_background socks solo stinger tachi-e tail transparent_background twintails very_long_tail white_socks wings,official_art
manticore_(invisible_dirge)_(arknights),released_skin+danbooru_tag,char_215_mantic@epoque#4,True,candidate,1,19,3936511,manticore_(arknights),Invisible Dirge,game_mirror,https://aceship.github.io/AN-EN-Tags/img/characters/char_215_mantic_epoque%234.png,https://danbooru.donmai.us/posts/3936511,purple_hair pink_eyes pointy_ears tail black_dress short_dress black_jacket open_jacket black_boots black_pantyhose long_hair,manticore_(invisible_dirge)_(arknights),manticore_(arknights) manticore_(invisible_dirge)_(arknights),1girl aqua_nails black_boots black_dress black_jacket black_pantyhose boots breasts dress full_body hair_ornament hand_up head_wings high_heel_boots high_heels jacket jewelry long_hair long_sleeves looking_at_viewer medium_breasts nail_polish official_alternate_costume open_clothes open_jacket originium_arts_(arknights) pantyhose pendant pink_eyes pointy_ears purple_hair scorpion_tail short_dress sidelocks sitting solo stinger tail thighs transparent_background very_long_tail wings,highres official_art
manticore_(under_a_veil)_(arknights),legacy_appearance_pack+released_skin+danbooru_tag,char_215_mantic@epoque#19,True,candidate,4,6,11544253,manticore_(under_a_veil)_(arknights),supplemental search,game_mirror,https://arknights.wiki.gg/images/Manticore_FS_unveiled.png,https://danbooru.donmai.us/posts/11544253,purple_hair purple_eyes pointy_ears tail black_leotard black_boots braid long_hair,manticore_(under_a_veil)_(arknights),manticore_(arknights) manticore_(under_a_veil)_(arknights),1girl arthropod_girl black_boots black_flower black_leotard black_rose black_veil bodystocking boots braid breasts flower fringe_trim full_body hair_ornament head_wings leotard long_hair long_sleeves looking_at_viewer nail_polish official_alternate_costume pointy_ears purple_eyes purple_hair rose scorpion_girl scorpion_tail see-through_clothes see-through_veil simple_background solo stinger tachi-e tail twin_braids veil white_background wings,official_art third-party_source
mantra_(arknights),legacy_appearance_pack+released_skin+danbooru_tag,char_4204_mantra#1+char_4204_mantra#2,True,candidate,1,18,10090986,mantra_(arknights),Default,game_mirror,https://media.prts.wiki/e/ef/立绘_真言_1.png,https://danbooru.donmai.us/posts/10090986,blue_hair grey_hair aqua_eyes pointy_ears tail rhodes_island_uniform black_coat sleeveless_shirt turtleneck_shirt pants black_shoes,mantra_(arknights),mantra_(arknights),1girl ammunition_pouch aqua_eyes belt belt_pouch black_belt black_coat black_nails black_shoes blue_hair cheekbones closed_mouth coat drop_shadow fingerless_gloves full_body gloves gradient_hair grey_hair hair_over_one_eye hand_on_own_tail infection_monitor_(arknights) legs_together load-bearing_vest long_hair multicolored_hair old old_woman one_eye_covered pants pointy_ears pouch rattlesnake rhodes_island_logo_(arknights) rhodes_island_uniform scales shirt shoes side_slit simple_background sleeveless sleeveless_shirt sleeveless_turtleneck snake_girl snake_tail solo squinting standing tachi-e tactical_clothes tail thigh_belt thigh_strap transparent_background turtleneck turtleneck_shirt two-tone_hair very_long_hair very_long_tail walkie-talkie zipper,highres official_art third-party_source
marcille_donato,legacy_appearance_pack,,True,needs_source_or_visual_review,1,7,10922046,marcille_donato,supplemental search,game_mirror,https://media.prts.wiki/c/c0/立绘_玛露西尔_1.png,https://danbooru.donmai.us/posts/10922046,blonde_hair green_eyes pointy_ears blue_dress braid long_hair,marcille_donato,marcille_donato,1girl belt blonde_hair blue_dress braid dress elf feet full_body green_eyes holding holding_polearm holding_weapon long_hair looking_at_viewer mage_staff pointy_ears polearm sandals side_braid sidelocks simple_background solo staff standing tachi-e toenails toes transparent_background weapon,highres official_art
mayer_(arknights),legacy_appearance_pack+released_skin+danbooru_tag,char_242_otter#1+char_242_otter#2,True,candidate,1,19,3759365,mayer_(arknights),Default,game_mirror,https://aceship.github.io/AN-EN-Tags/akhrchars.html?opname=Mayer,https://danbooru.donmai.us/posts/3759365,grey_eyes tail orange_jacket hoodie gloves pantyhose shoes short_hair,mayer_(arknights),mayer_(arknights),1girl ahoge armband controller earpiece eyeliner full_body gloves grey_eyes hood hoodie jacket looking_to_the_side makeup mechanical_arms name_tag orange_jacket otter_tail pantyhose robot shoes short_hair single_mechanical_arm smile sneakers solo tail transparent_background turtleneck waistband wire,official_art
mayer_(visionblazer_in_the_courtyard)_(arknights),released_skin+danbooru_tag,char_242_otter@ghost#1,True,candidate,1,19,4151350,mayer_(arknights),Visionblazer in the Courtyard,game_mirror,https://aceship.github.io/AN-EN-Tags/img/characters/char_242_otter_ghost%231.png,https://danbooru.donmai.us/posts/4151350,grey_hair grey_eyes grey_jacket grey_shirt open_jacket black_boots blue_gloves,mayer_(visionblazer_in_the_courtyard)_(arknights),mayer_(arknights) mayer_(visionblazer_in_the_courtyard)_(arknights),1girl :d black_boots blue_gloves boots diorama full_body gloves grey_eyes grey_hair grey_jacket grey_shirt hand_up holding jacket long_sleeves looking_at_viewer official_alternate_costume open_clothes open_jacket open_mouth pointing robot shadow shirt short_hair_with_long_locks smile solo standing thighs transparent_background,highres official_art
melantha_(arknights),legacy_appearance_pack+released_skin+danbooru_tag,char_208_melan#1,True,candidate,2,6,11354228,melantha_(arknights),supplemental search,game_mirror,https://arknights.wiki.gg/images/Melantha.png,https://danbooru.donmai.us/posts/11354228,black_hair red_eyes cat_tail animal_ears black_dress asymmetrical_gloves black_gloves black_thighhighs choker long_hair,melantha_(arknights),melantha_(arknights),1girl animal_ear_fluff animal_ears arm_tattoo armband asymmetrical_gloves bare_shoulders black_dress black_gloves black_hair black_thighhighs black_vest breasts cat_tail choker dress elbow_gloves fingerless_gloves full_body glaring gloves holding holding_sword holding_weapon holster infection_monitor_(arknights) long_hair pouch red_eyes serious simple_background small_breasts solo standing sword tachi-e tail tattoo thigh_holster thigh_strap thighhighs transparent_background uneven_gloves vest weapon zettai_ryouiki,highres official_art third-party_source
melantha_(letters_from_wessex)_(arknights),released_skin+danbooru_tag,char_208_melan@epoque#1,True,candidate,2,6,11354545,melantha_(arknights),supplemental search,game_mirror,https://arknights.wiki.gg/images/Melantha_Skin_1.png,https://danbooru.donmai.us/posts/11354545,purple_hair red_hair pink_eyes cat_ears cat_tail coat hat ponytail very_long_hair,melantha_(letters_from_wessex)_(arknights),melantha_(arknights) melantha_(letters_from_wessex)_(arknights),1girl animal_ears black_cat black_umbrella book cat cat_ears cat_girl cat_tail coat concealed_weapon faux_figurine full_body hat holding holding_sword holding_umbrella holding_weapon long_hair low_ponytail official_alternate_costume pink_eyes ponytail purple_hair red_hair sheath solo sword tail umbrella unsheathing very_long_hair weapon,highres official_art third-party_source
meteor_(arknights),legacy_appearance_pack+released_skin+danbooru_tag,char_126_shotst#1+char_126_shotst#2,True,candidate,1,19,3770358,meteor_(arknights),Default,game_mirror,https://aceship.github.io/AN-EN-Tags/akhrchars.html?opname=Meteor,https://danbooru.donmai.us/posts/3770358,brown_hair white_hair green_eyes horse_ears tail grey_pants torn_pants brown_boots brown_gloves fingerless_gloves knee_boots,meteor_(arknights),meteor_(arknights),1girl :d animal_ears arm_guards belt boots bow_(weapon) breasts brown_boots brown_gloves brown_hair buckle crop_top denim fingerless_gloves full_body gloves green_eyes grey_pants hair_between_eyes headset horse_ears horse_tail jeans knee_boots lace-up_boots long_hair looking_at_viewer medium_breasts midriff multicolored_hair navel open_mouth pants ponytail pouch quiver sidelocks simple_background smile solo streaked_hair tachi-e tail thigh_strap toned torn_clothes torn_pants transparent_background very_long_hair weapon white_hair,bad_source official_art
meteor_(bard's_holiday)_(arknights),released_skin+danbooru_tag,char_126_shotst@epoque#10,True,candidate,1,18,4815980,meteor_(arknights),Bard's Holiday,game_mirror,https://aceship.github.io/AN-EN-Tags/img/characters/char_126_shotst_epoque%2310.png,https://danbooru.donmai.us/posts/4815980,brown_hair green_eyes horse_ears black_shirt green_coat open_coat white_pants black_choker grey_shoes,meteor_(bard's_holiday)_(arknights),meteor_(arknights) meteor_(bard's_holiday)_(arknights),1girl :d animal_ears anklet autumn_leaves black_choker black_shirt breasts brown_hair choker clothing_cutout coat crop_top ears_through_headwear flower_pot full_body green_coat green_eyes grey_shoes hair_between_eyes hat high_heels hip_vent horse_ears infection_monitor_(arknights) jewelry large_breasts leaf long_sleeves looking_at_viewer midriff navel official_alternate_costume open_clothes open_coat open_mouth pants plant potted_plant shirt shoes short_hair_with_long_locks sidelocks smile solo standing stomach transparent_background white_hat white_pants wide_sleeves,highres official_art third-party_source
meteor_(gwiazdcytrony)_(arknights),released_skin+danbooru_tag,char_126_shotst@epoque#28,True,candidate,1,19,10648117,meteor_(arknights),Gwiazdcytrony,game_mirror,https://media.prts.wiki/6/67/立绘_流星_skin2.png,https://danbooru.donmai.us/posts/10648117,brown_hair yellow_eyes horse_ears white_dress black_pants black_boots black_cape black_gloves fingerless_gloves long_hair,meteor_(gwiazdcytrony)_(arknights),meteor_(arknights) meteor_(gwiazdcytrony)_(arknights),1girl animal_ears bare_tree belt black_boots black_cape black_gloves black_pants boots breasts brown_hair campfire cape dress fingerless_gloves fire forest full_body gloves hair_between_eyes holding holding_lantern horse_ears horse_girl knee_boots lace-up_boots lantern long_hair looking_at_viewer medium_breasts nature night official_alternate_costume outdoors pants pouch sky smile snow solo standing transparent_background tree white_dress yellow_eyes,highres official_art
meteorite_(arknights),legacy_appearance_pack+released_skin+danbooru_tag,char_219_meteo#1+char_219_meteo#2,True,candidate,1,19,3769643,meteorite_(arknights),Default,game_mirror,https://aceship.github.io/AN-EN-Tags/akhrchars.html?opname=Meteorite,https://danbooru.donmai.us/posts/3769643,blonde_hair brown_eyes horns aran_sweater black_skirt grey_sweater high-waist_skirt black_gloves black_shoes very_long_hair,meteorite_(arknights),meteorite_(arknights),1girl aran_sweater black_gloves black_shoes black_skirt black_thighhighs blonde_hair bow breasts brown_eyes cable_knit crossbow elbow_gloves floating_hair full_body gloves grey_sweater hair_bow high-waist_skirt high_heels holding holding_crossbow holding_weapon horns id_card large_breasts long_hair long_sleeves looking_at_viewer low-tied_long_hair pouch quiver shoes sidelocks simple_background skindentation skirt solo strap sweater swept_bangs tachi-e thigh_strap thighhighs transparent_background turtleneck turtleneck_sweater very_long_hair weapon zettai_ryouiki,official_art
meteorite_(graphite)_(arknights),released_skin+danbooru_tag,char_219_meteo@sweep#1,True,candidate,1,19,3769646,meteorite_(arknights),Graphite,game_mirror,https://aceship.github.io/AN-EN-Tags/akhrchars.html?opname=Meteorite,https://danbooru.donmai.us/posts/3769646,blonde_hair horns black_jacket black_pants black_boots black_gloves fingerless_gloves very_long_hair,meteorite_(graphite)_(arknights),meteorite_(arknights) meteorite_(graphite)_(arknights),1girl black_boots black_gloves black_jacket black_pants blonde_hair blush boots breasts camera expressionless faux_figurine fingerless_gloves full_body gloves grenade_launcher gun holding horns jacket large_breasts long_hair long_sleeves looking_at_viewer official_alternate_costume pants pouch reaching reaching_towards_viewer ruins sidelocks single_fingerless_glove single_glove solo standing swept_bangs tactical_clothes transparent_background very_long_hair weapon xm25_cdte,highres official_art
meteorite_(夏卉_fa240)_(arknights),released_skin_official_name,char_219_meteo@summer#22,False,official_name_without_tag,0,,,,,,,,,,,,
mint_(arknights),legacy_appearance_pack+released_skin+danbooru_tag,char_388_mint#1+char_388_mint#2,True,candidate,1,19,4117249,mint_(arknights),Default,game_mirror,https://aceship.github.io/AN-EN-Tags/img/characters/char_388_mint_1.png,https://danbooru.donmai.us/posts/4117249,grey_hair blue_eyes cat_ears tail short_dress white_dress black_jacket open_jacket black_choker black_thighhighs long_hair,mint_(arknights),mint_(arknights),1girl animal_ears black_choker black_jacket black_ribbon black_thighhighs blue_eyes book breasts cat_ears choker dress full_body grey_hair hair_ribbon holding holding_book holding_staff infection_monitor_(arknights) jacket long_hair long_sleeves looking_at_viewer open_clothes open_jacket ribbon shoes short_dress simple_background small_breasts solo staff standing tachi-e tail thighhighs transparent_background white_dress white_shoes zettai_ryouiki,official_art
mint_(private_study)_(arknights),released_skin+danbooru_tag,char_388_mint@epoque#30,True,candidate,1,19,9429688,mint_(arknights),Private Study,game_mirror,https://media.prts.wiki/6/62/立绘_薄绿_skin2.png,https://danbooru.donmai.us/posts/9429688,grey_hair green_eyes cat_ears cat_tail checkered_skirt collared_shirt green_skirt white_shirt black_pantyhose black_shoes long_hair,mint_(private_study)_(arknights),mint_(arknights) mint_(private_study)_(arknights),1girl absurdly_detailed_composition ahoge animal_ears arm_belt asymmetrical_legwear black_pantyhose black_shoes black_thighhighs book bookshelf cat_ears cat_girl cat_tail checkered_clothes checkered_skirt collared_shirt drawer drop_shadow expressionless full_body gloves green_eyes green_gloves green_ribbon green_skirt grey_hair hair_ornament hair_over_one_eye hairclip hand_up indoors letter loaded_interior loafers long_hair long_sleeves looking_at_viewer neck_ribbon pantyhose parted_lips pleated_skirt ribbon rubik's_cube shirt shoes single_leg_pantyhose single_thighhigh skirt solo stairs tail thigh_strap thighhighs vest weapon white_shirt,highres official_art
mint_(tsukiyoi)_(arknights),released_skin+danbooru_tag,char_388_mint@epoque#22,True,candidate,1,18,10662418,mint_(arknights),Tsukiyoi,game_mirror,https://media.prts.wiki/e/e4/立绘_薄绿_skin1.png,https://danbooru.donmai.us/posts/10662418,grey_hair blue_eyes cat_ears dress kimono skirt black_shoes white_socks,mint_(tsukiyoi)_(arknights),mint_(arknights) mint_(tsukiyoi)_(arknights),1girl animal_ears black_shoes blue_eyes cat_ears cat_girl dango dress egasumi food full_body full_moon grey_hair hair_ornament holding holding_staff japanese_clothes kimono lantern long_sleeves looking_at_viewer moon night official_alternate_costume one_eye_closed open_mouth shoes skirt sky smile socks solo staff standing transparent_background wagashi wand white_socks wide_sleeves,highres official_art third-party_source
mio_(arknights),legacy_appearance_pack,,True,candidate,2,16,9744529,mio_(arknights),,game_asset,https://media.prts.wiki/c/c8/Avg_avg_npc_1901_1-1$2.png,https://danbooru.donmai.us/posts/9744529,blue_eyes layered_kimono multicolored_kimono hakama_skirt gloves very_long_hair,mio_(arknights),mio_(arknights),1girl black_hakama blue_eyes blunt_bangs chest_sarashi clawed_gauntlets claws full_body gloves gradient_hair hair_intakes hair_wings hakama hakama_skirt hand_up holding holding_sword holding_weapon japanese_clothes jewelry katana kimono kodachi layered_kimono long_hair long_sidelocks looking_at_viewer mechanical_arms multicolored_hair multicolored_kimono obi ootachi sarashi sash short_sword sidelocks simple_background single_extra_arm single_mechanical_arm skirt solo sword tachi-e transparent_background very_long_hair wakizashi weapon,game_asset highres official_art third-party_source
misumi_uika,legacy_appearance_pack+released_skin+danbooru_tag,char_4184_dolris#1+char_4184_dolris#2,True,needs_source_or_visual_review,3,2,9910466,misumi_uika,supplemental search,source_unverified,https://discord.com/channels/280709755486470144/1412979930962333789/1412983867970687069,https://danbooru.donmai.us/posts/9910466,blonde_hair purple_eyes brown_dress hanasakigawa_school_uniform pleated_dress black_pantyhose brown_shoes white_sailor_collar medium_hair,misumi_uika,misumi_uika,1girl black_pantyhose blonde_hair breasts brown_dress brown_shoes closed_mouth crossed_bangs dress full_body hair_between_eyes hanasakigawa_school_uniform hand_up instrument loafers long_sleeves looking_at_viewer medium_breasts medium_hair neck_ribbon pantyhose pleated_dress purple_eyes red_ribbon ribbon sailor_collar sailor_dress school_uniform shoes simple_background solo tachi-e transparent_background white_sailor_collar,official_art third-party_source
misumi_uika_(caged_singer)_(arknights),released_skin_official_name,char_4184_dolris@avemujica#1,False,needs_source_or_visual_review,1,15,9910200,misumi_uika,Caged Singer,source_unverified,https://discord.com/channels/280709755486470144/1412979930962333789/1413035951873064993,https://danbooru.donmai.us/posts/9910200,blonde_hair animal_ears tail black_dress sleeveless_dress asymmetrical_gloves black_boots black_corset black_gloves medium_hair,misumi_uika,doloris_(bang_dream!) misumi_uika misumi_uika_(caged_singer) togawa_sakiko togawa_sakiko_(master_of_melodia),1girl animal_ears asymmetrical_gloves birdcage black_boots black_corset black_dress black_gloves black_hat black_thighhighs blonde_hair boots cage chandelier character_doll closed_mouth corset couch crossed_ankles crossed_legs detached_sleeves dog_ears dog_girl dog_tail doll dress flower gloves gold_gloves hair_between_eyes half_gloves hand_up hat high_heel_boots high_heels knee_boots light_particles looking_at_viewer medium_hair microphone mismatched_gloves portrait_(object) single_detached_sleeve single_thighhigh sitting sleeveless sleeveless_dress solo tail thigh_strap thighhighs transparent_background,highres official_art third-party_source
moira_(arknights),legacy_appearance_pack,,True,candidate,6,7,11224850,moira_(arknights),supplemental search,game_asset,https://media.prts.wiki/1/19/Avg_62_i05.png,https://danbooru.donmai.us/posts/11224850,animal_ears skirt twintails long_hair,moira_(arknights),moira_(arknights),1girl animal_ears crazy_smile dark_room hood hood_up long_hair long_sleeves low_twintails mannequin mouse_ears parted_bangs raincoat red_light skirt smile solo_focus twintails,artist_request game_asset highres official_art third-party_source
mon3tr_(arknights),legacy_appearance_pack+released_skin+danbooru_tag,char_4179_monstr#1+char_4179_monstr#2,True,candidate,1,18,10372494,mon3tr_(arknights),Default,game_mirror,https://media.prts.wiki/d/d7/立绘_Mon3tr_1.png,https://danbooru.donmai.us/posts/10372494,black_hair green_eyes horns tail open_coat black_boots thigh_boots long_hair,mon3tr_(arknights),mon3tr_(arknights),1girl ahoge alternate_form belt_pouch black_boots black_collar black_hair boots closed_mouth coat collar crystal_horns crystal_tail detached_collar drop_shadow floating floating_object full_body green_eyes hands_up horns huge_ahoge long_hair looking_at_viewer material_growth off_shoulder open_clothes open_coat oripathy_lesion_(arknights) pouch see-through_clothes simple_background sleeves_past_wrists solo standing tachi-e tail thigh_boots thigh_strap white_background,highres official_art third-party_source
mon3tr_(summon)_(arknights),legacy_appearance_pack,,True,needs_source_or_visual_review,1,3,11479336,mon3tr_(summon)_(arknights),supplemental search,source_unverified,https://x.com/pong__o0/status/2060382387935293838,https://danbooru.donmai.us/posts/11479336,black_hair green_eyes green_dress black_shorts long_hair,mon3tr_(summon)_(arknights),mon3tr_(arknights) mon3tr_(summon)_(arknights),1girl artist_name black_hair black_shorts chair closed_mouth computer_keyboard cup dress green_dress green_eyes long_hair looking_at_viewer monitor official_alternate_costume shorts sitting sleeves_past_wrists solo stethoscope,commentary_request guest_art highres korean_commentary official_art
mon3tr_(锋锐)_(arknights),released_skin_official_name,char_4179_monstr@boc#11,False,official_name_without_tag,0,,,,,,,,,,,,
mostima_(arknights),legacy_appearance_pack+released_skin+danbooru_tag,char_213_mostma#1+char_213_mostma#2,True,candidate,10,7,3942741,mostima_(arknights),supplemental search,publisher,https://webusstatic.yo-star.com/ark_jp_web/assets/159005535252815035/07.png,https://danbooru.donmai.us/posts/3942741,blue_hair horns halo black_jacket fur-trimmed_jacket white_gloves long_hair,mostima_(arknights),mostima_(arknights),1girl :d =_= black_jacket blue_hair chibi company_name cropped_torso food fur-trimmed_jacket fur_trim gloves halo holding holding_staff horns jacket long_hair long_sleeves looking_at_another open_clothes open_jacket open_mouth sausage simple_background skewer smile staff sticker_(medium) traditional_halo upper_body watermark waving white_background white_gloves,artist_request commentary_request official_art
mostima_(ethereal_harmony)_(arknights),released_skin+danbooru_tag,char_213_mostma@ambienceSynesthesia#6,True,candidate,2,19,10653012,mostima_(arknights),Ethereal Harmony,game_mirror,https://media.prts.wiki/b/b7/立绘_莫斯提马_skin2.png,https://danbooru.donmai.us/posts/10653012,blue_hair blue_eyes horns halo blue_dress black_coat asymmetrical_gloves black_boots blue_gloves high_heel_boots long_hair,mostima_(ethereal_harmony)_(arknights),mostima_(arknights) mostima_(ethereal_harmony)_(arknights),1girl asymmetrical_gloves bare_shoulders black_boots black_coat blue_dress blue_eyes blue_gloves blue_hair boots bow_(music) breasts cleavage clock coat crossed_legs demon_horns dress full_body gloves halo hand_up high_heel_boots high_heels holding holding_instrument holding_staff horns instrument knee_boots long_hair long_sleeves looking_at_viewer mismatched_gloves moon off_shoulder official_alternate_costume sitting smile solo staff tail thighs transparent_background violin,absurdres highres official_art
mostima_(spellbreaker)_(arknights),released_skin+danbooru_tag,char_213_mostma@epoque#5,True,candidate,1,17,3991905,mostima_(arknights),Spellbreaker,game_mirror,https://aceship.github.io/AN-EN-Tags/img/characters/char_213_mostma_epoque%235.png,https://danbooru.donmai.us/posts/3991905,blue_hair blue_eyes demon_wings horns white_dress black_gloves long_hair,mostima_(spellbreaker)_(arknights),mostima_(arknights) mostima_(spellbreaker)_(arknights),1girl black_gloves blue_eyes blue_hair breasts demon_wings detached_wings dress energy_wings faux_figurine full_body gloves hair_between_eyes halo holding holding_staff horns long_hair looking_at_viewer official_alternate_costume short_sleeves small_breasts staff stairs standing tail transparent_background white_dress wings,highres official_art
mousse_(arknights),legacy_appearance_pack+released_skin+danbooru_tag,char_185_frncat#1+char_185_frncat#2,True,candidate,1,19,3771802,mousse_(arknights),Default,game_mirror,https://aceship.github.io/AN-EN-Tags/akhrchars.html?opname=Mousse,https://danbooru.donmai.us/posts/3771802,blonde_hair green_eyes cat_ears tail dress dress_shirt frilled_skirt mini_hat thigh_boots capelet,mousse_(arknights),mousse_(arknights),1girl animal_ears blonde_hair boots buttons capelet cat_ears cat_girl claws dress dress_shirt frilled_skirt frills full_body gloves green_eyes hat long_sleeves looking_to_the_side mini_hat multicolored_hair multiple_tails necktie pale_skin shirt simple_background skirt solo streaked_hair tachi-e tail tassel thigh_boots thighhighs transparent_background two_tails,official_art
mousse_(campfire_cooking_smoke)_(arknights),released_skin+danbooru_tag,char_185_frncat@wild#7,True,candidate,1,19,10648281,mousse_(arknights),Campfire Cooking Smoke,game_mirror,https://media.prts.wiki/5/52/立绘_慕斯_skin1.png,https://danbooru.donmai.us/posts/10648281,brown_hair orange_hair green_eyes cat_ears cat_tail black_shorts brown_coat collared_shirt open_coat white_shirt black_boots,mousse_(campfire_cooking_smoke)_(arknights),mousse_(arknights) mousse_(campfire_cooking_smoke)_(arknights),1girl :d animal_ear_fluff animal_ears beret bird black_boots black_gloves black_hat black_shorts boots brown_coat brown_hair campfire cat_ears cat_girl cat_tail chair cloud coat collared_shirt cooking cooking_pot egg fang fire food frying_pan full_body gloves green_eyes hat holding holding_frying_pan holding_ladle ladle lantern long_sleeves looking_at_viewer necktie official_alternate_costume open_clothes open_coat open_mouth orange_hair outdoors red_scarf red_socks scarf shirt short_hair shorts single_glove sitting sky smile socks solo stove tail tent transparent_background tree white_shirt,highres official_art
mousse_(hydration_time)_(arknights),released_skin+danbooru_tag,char_185_frncat@marthe#12,True,no_exact_tagged_post,0,,,,,,,,,,,,
mudrock_(arknights),legacy_appearance_pack+released_skin+danbooru_tag,char_311_mudrok#1+char_311_mudrok#2,True,candidate,1,39,4179711,mudrock_(arknights),Default,game_mirror,https://aceship.github.io/AN-EN-Tags/img/characters/char_311_mudrok_1.png,https://danbooru.donmai.us/posts/4179711,full_armor white_jacket black_boots,mudrock_(arknights),mudrock_(arknights),1girl armor black_boots boots covered_face full_armor full_body hammer jacket long_sleeves planted solo standing transparent_background weapon white_jacket,official_art
mudrock_(elite_ii)_(arknights),legacy_appearance_pack,,True,candidate,1,19,4179712,mudrock_(arknights),Elite II,game_mirror,https://aceship.github.io/AN-EN-Tags/img/characters/char_311_mudrok_2.png,https://danbooru.donmai.us/posts/4179712,white_hair red_eyes horns pointy_ears open_jacket white_jacket black_choker black_gloves long_hair,mudrock_(elite_ii)_(arknights),mudrock_(arknights) mudrock_(elite_ii)_(arknights),1girl bare_shoulders black_choker black_gloves black_sports_bra border breasts choker crop_top demon demon_girl demon_horns full_body gloves hammer holding holding_hammer holding_weapon horns jacket large_breasts long_hair long_sleeves looking_at_viewer material_growth midriff off_shoulder open_clothes open_jacket open_jumpsuit oripathy_lesion_(arknights) parted_lips pointy_ears red_eyes round_border sarashi solo sports_bra standing transparent_background weapon white_hair white_jacket,highres official_art
mudrock_(obsidian)_(arknights),legacy_appearance_pack+released_skin+danbooru_tag,char_311_mudrok@ambienceSynesthesia#2,True,candidate,1,19,5438893,mudrock_(arknights),Obsidian,game_mirror,https://aceship.github.io/AN-EN-Tags/img/characters/char_311_mudrok_ambienceSynesthesia%232.png,https://danbooru.donmai.us/posts/5438893,white_hair red_eyes horns pointy_ears black_dress sleeveless_dress black_choker black_gloves black_shoes very_long_hair,mudrock_(obsidian)_(arknights),mudrock_(arknights) mudrock_(obsidian)_(arknights),1girl 2022 arm_support bare_shoulders black_choker black_dress black_gloves black_shoes bottle breasts chandelier choker cleavage cup detached_sleeves dress drinking_glass full_body gloves hammer hand_up high_heels holding holding_cup horns indoors jewelry lamp large_breasts leaf long_hair looking_at_viewer necklace official_alternate_costume pointy_ears red_eyes shoes short_sleeves sidelocks single_glove sleeveless sleeveless_dress solo table very_long_hair weapon white_hair wine_glass,highres official_art
mudrock_(rubble)_(arknights),released_skin+danbooru_tag,char_311_mudrok@wild#10,True,candidate,1,18,8712642,mudrock_(arknights),Rubble,game_mirror,https://media.prts.wiki/3/39/立绘_泥岩_skin3.png,https://danbooru.donmai.us/posts/8712642,grey_hair red_eyes horns black_leotard baggy_pants black_pants gradient_coat open_coat black_gloves long_hair,mudrock_(rubble)_(arknights),mudrock_(arknights) mudrock_(rubble)_(arknights),1girl baggy_pants bare_shoulders belt black_belt black_gloves black_horns black_leotard black_pants border breasts cleavage closed_mouth coat drop_shadow dutch_angle elbow_gloves fingerless_gloves floating_hair flower full_body gloves gradient_coat grey_hair hammer hand_on_hilt hand_up holding holding_hammer horns large_breasts leotard long_hair looking_at_viewer loose_belt moss open_clothes open_coat open_hand outstretched_hand overgrown pants plant red_coat red_eyes ruins solo white_border white_coat white_flower,artist_request chinese_commentary commentary_request highres official_art third-party_source
mudrock_(silent_night)_(arknights),legacy_appearance_pack,,True,candidate,1,39,4679495,mudrock_(arknights),Silent Night,game_mirror,https://aceship.github.io/AN-EN-Tags/img/characters/char_311_mudrok_summer%236.png,https://danbooru.donmai.us/posts/4679495,white_hair red_eyes horns pointy_ears black_bikini swimsuit black_choker very_long_hair,mudrock_(silent_night)_(arknights),mudrock_(arknights) mudrock_(silent_night)_(arknights),1girl apple bare_legs bare_shoulders barefoot bikini black_bikini black_choker breasts choker flower food fruit full_body hair_flower hair_ornament hammer holding holding_food holding_fruit horns large_breasts long_hair looking_at_viewer official_alternate_costume pointy_ears red_eyes sitting solo swimsuit transparent_background very_long_hair weapon white_flower white_hair,highres official_art
mudrock_(silent_night_dn06)_(arknights),released_skin_official_name,char_311_mudrok@summer#6,False,official_name_without_tag,0,,,,,,,,,,,,
muelsyse_(arknights),legacy_appearance_pack+released_skin+danbooru_tag,char_249_mlyss#1+char_249_mlyss#2,True,candidate,1,18,6859807,muelsyse_(arknights),Default,game_mirror,https://gamepress.gg/arknights/sites/arknights/files/2023-05/立绘_缪尔赛思_1.png,https://danbooru.donmai.us/posts/6859807,blonde_hair yellow_eyes pointy_ears jacket skirt boots choker long_hair,muelsyse_(arknights),muelsyse_(arknights),1girl belt blonde_hair boots choker closed_umbrella collarbone contrapposto elf floating full_body green_ribbon hair_ornament holding holding_notepad holding_staff hydrokinesis id_card jacket leaf_hair_ornament long_hair long_sleeves looking_at_viewer notepad one_eye_closed pocket pointy_ears ribbon salute simple_background skirt smile solo staff straight_hair tachi-e transparent_background umbrella umbrella_on_arm water wide_sleeves yellow_eyes,highres official_art third-party_source
muelsyse_(golden_reverie)_(arknights),released_skin+danbooru_tag,char_249_mlyss@ambienceSynesthesia#6,True,candidate,1,18,10909523,muelsyse_(arknights),Golden Reverie,game_mirror,https://media.prts.wiki/e/e9/立绘_缪尔赛思_skin2.png,https://danbooru.donmai.us/posts/10909523,brown_hair yellow_eyes pointy_ears black_skirt long_skirt white_shirt very_long_hair,muelsyse_(golden_reverie)_(arknights),muelsyse_(arknights) muelsyse_(golden_reverie)_(arknights),1girl bird black_skirt brown_hair carpet crescent_moon cup deer elf full_body hair_ornament high_heels holding holding_own_skirt holding_staff jewelry laurel_crown long_hair long_skirt long_sleeves looking_at_viewer moon official_alternate_costume outdoors pillar pointy_ears red_carpet shirt skirt solo staff standing statue transparent_background very_long_hair white_shirt yellow_eyes,absurdres highres official_art third-party_source
muelsyse_(young_branch)_(arknights),released_skin+danbooru_tag,char_249_mlyss@boc#8,True,candidate,1,18,10906230,muelsyse_(arknights),Young Branch,game_mirror,https://media.prts.wiki/4/4f/立绘_缪尔赛思_skin1.png,https://danbooru.donmai.us/posts/10906230,blonde_hair brown_hair yellow_eyes pointy_ears white_dress very_long_hair,muelsyse_(young_branch)_(arknights),muelsyse_(arknights) muelsyse_(young_branch)_(arknights),1girl animal_ears anklet bare_legs barefoot blonde_hair blue_sky brown_hair cloud dress elf full_body hair_ornament jewelry long_hair official_alternate_costume pointy_ears rock sky solo transparent_background very_long_hair water white_dress yellow_eyes,absurdres highres official_art third-party_source
mulberry_(arknights),legacy_appearance_pack+released_skin+danbooru_tag,char_473_mberry#1+char_473_mberry#2,True,candidate,1,19,4782505,mulberry_(arknights),Default,game_mirror,https://aceship.github.io/AN-EN-Tags/img/characters/char_473_mberry_1.png,https://danbooru.donmai.us/posts/4782505,grey_hair blue_eyes short_dress white_dress black_boots black_cape black_gloves black_socks short_hair,mulberry_(arknights),mulberry_(arknights),1girl bare_legs belt black_belt black_boots black_cape black_gloves black_socks blue_eyes boots cape dress fingerless_gloves full_body gloves goggles goggles_on_head grey_hair holding holding_staff hood hooded_cape infection_monitor_(arknights) looking_at_viewer pouch short_dress short_hair simple_background single_sock socks solo staff standing tachi-e thigh_strap transparent_background white_dress,highres official_art
mulberry_(plant_crude_drug)_(arknights),released_skin+danbooru_tag,char_473_mberry@epoque#14,True,no_exact_tagged_post,0,,,,,,,,,,,,
mulberry_(reflection_that_of_the_moons)_(arknights),released_skin+danbooru_tag,char_473_mberry@nian#9,True,needs_source_or_visual_review,1,15,5970580,mulberry_(arknights),Reflection that of the Moons,source_unverified,https://t.bilibili.com/749484575170756624,https://danbooru.donmai.us/posts/5970580,grey_hair blue_eyes blue_dress long_hair,mulberry_(reflection_that_of_the_moons)_(arknights),mulberry_(arknights) mulberry_(reflection_that_of_the_moons)_(arknights),1girl bag blue_dress blue_eyes bridge chinese_clothes dress fish flower goldfish grey_hair hair_ornament lantern long_hair lotus moon official_alternate_costume solo,commentary_request highres official_art
myrtle_(arknights),legacy_appearance_pack+released_skin+danbooru_tag,char_151_myrtle#1+char_151_myrtle#2,True,needs_source_or_visual_review,2,15,5640791,myrtle_(arknights),Default,source_unverified,file://Myrtle.png,https://danbooru.donmai.us/posts/5640791,red_hair green_eyes pointy_ears dress white_shirt very_long_hair,myrtle_(arknights),myrtle_(arknights),1girl artist_name bare_shoulders blush dated dress flag full_body green_eyes long_hair long_sleeves looking_at_viewer mole mole_on_nose mole_under_each_eye mole_under_eye mole_under_mouth multiple_moles navel open_mouth pointy_ears red_hair shirt simple_background smile solo standard_bearer standing tachi-e transparent_background very_long_hair white_shirt,non-web_source official_art source_request
myrtle_(bustling_festival)_(arknights),released_skin+danbooru_tag,char_151_myrtle@taiko#1,True,no_exact_tagged_post,0,,,,,,,,,,,,
myrtle_(light_gold_celebration)_(arknights),released_skin+danbooru_tag,char_151_myrtle@epoque#12,True,needs_source_or_visual_review,2,15,5640798,myrtle_(arknights),Light Gold Celebration,source_unverified,file://Myrtle_Skin_1.png,https://danbooru.donmai.us/posts/5640798,red_hair green_eyes pointy_ears dress white_shirt very_long_hair,myrtle_(light_gold_celebration)_(arknights),myrtle_(arknights) myrtle_(light_gold_celebration)_(arknights),1girl artist_name blush dated dress drum flag full_body green_eyes instrument long_hair long_sleeves looking_at_viewer mole mole_on_nose mole_under_each_eye mole_under_eye mole_under_mouth multiple_moles navel official_alternate_costume open_mouth pointy_ears red_hair shirt smile solo standard_bearer transparent_background very_long_hair white_shirt,non-web_source official_art source_request
myrtle_(summer_flowers)_(arknights),legacy_appearance_pack,,True,candidate,2,19,10652343,myrtle_(arknights),Summer Flowers,game_mirror,https://media.prts.wiki/9/96/立绘_桃金娘_skin2.png,https://danbooru.donmai.us/posts/10652343,red_hair green_eyes pointy_ears frilled_bikini white_bikini swimsuit straw_hat sun_hat very_long_hair,myrtle_(summer_flowers)_(arknights),myrtle_(arknights) myrtle_(summer_flowers)_(arknights),1girl ahoge apple bag baguette beach beach_umbrella bikini blue_sky boat bread bug butterfly cloud day eyewear_on_head feet flower food foot_dangle frilled_bikini frilled_thigh_strap frills fruit full_body green_eyes hair_flower hair_ornament hat heart heart-shaped_eyewear holding holding_umbrella innertube jewelry legs long_hair looking_at_viewer navel ocean official_alternate_costume outdoors paper_bag parasol pointy_ears rainbow red_hair rolling_suitcase rubber_duck sandals sitting sky smile solo stomach straw_hat suitcase sun_hat sunglasses swim_ring swimsuit thigh_strap tinted_eyewear toes transparent_background two_side_up umbrella unworn_headwear very_long_hair water watercraft white_bikini white_sandals white_umbrella yellow_butterfly,highres official_art
myrtle_(summer_flowers_fa062)_(arknights),released_skin_official_name,char_151_myrtle@summer#12,False,official_name_without_tag,0,,,,,,,,,,,,
nasti_(arknights),legacy_appearance_pack+released_skin+danbooru_tag,char_4212_nasti#1+char_4212_nasti#2,True,candidate,1,18,10383855,nasti_(arknights),Default,game_mirror,https://media.prts.wiki/8/8e/立绘_娜斯提_1.png,https://danbooru.donmai.us/posts/10383855,grey_hair green_eyes horns pointy_ears brown_coat brown_pants long_coat striped_pants white_shirt black_gloves very_long_hair,nasti_(arknights),nasti_(arknights),1girl arm_out_of_sleeve asymmetrical_horns belt black_belt black_gloves boots breasts brown_boots brown_coat brown_pants closed_mouth coat demon_girl demon_horns drop_shadow earrings fingerless_gloves full_body gloves green_eyes grey_hair hair_between_eyes hair_over_one_eye hand_in_pocket high_collar holding holding_pen horns jewelry knee_boots long_coat long_hair looking_at_viewer machine notched_ear open_clothes open_coat pants pen pointy_ears rhine_lab_logo shirt simple_background single_earring sleeves_rolled_up solo striped_clothes striped_pants tachi-e tassel tassel_earrings transparent_background uneven_horns vertical-striped_clothes vertical-striped_pants very_long_hair white_shirt,highres official_art third-party_source
nearl_(arknights),legacy_appearance_pack+released_skin+danbooru_tag,char_148_nearl#1+char_148_nearl#2,True,candidate,2,19,3564094,nearl_(arknights),Default,game_mirror,https://aceship.github.io/AN-EN-Tags/akhrchars.html?opname=Nearl,https://danbooru.donmai.us/posts/3564094,blonde_hair orange_eyes yellow_eyes horse_ears tail black_dress shoulder_armor white_armor black_jacket black_skirt black_boots,nearl_(arknights),nearl_(arknights),1girl animal_ear_fluff animal_ears armor axe black_boots black_dress black_gloves black_jacket black_scarf black_skirt blonde_hair boots breastplate breasts closed_mouth dress elbow_gloves expressionless floating_hair full_body gauntlets gloves hair_between_eyes headset high_heel_boots high_heels holding holding_shield holding_weapon horse_ears horse_girl horse_tail jacket knee_pads large_breasts long_hair looking_at_viewer orange_eyes pauldrons ponytail scarf shield shoulder_armor sidelocks simple_background skirt solo tachi-e tail torn_clothes torn_scarf transparent_background weapon white_armor wind yellow_eyes,official_art
nearl_(shining_dew_sd01)_(arknights),released_skin_official_name,char_148_nearl@summer#2,False,official_name_without_tag,0,,,,,,,,,,,,
nearl_the_radiant_knight_(arknights),legacy_appearance_pack+released_skin+danbooru_tag,char_1014_nearl2#1+char_1014_nearl2#2,True,no_exact_tagged_post,0,,,,,,,,,,,,
nearl_the_radiant_knight_(relight)_(arknights),released_skin+danbooru_tag,char_1014_nearl2@epoque#17,True,no_exact_tagged_post,0,,,,,,,,,,,,
necrass_(arknights),legacy_appearance_pack+released_skin+danbooru_tag,char_450_necras#1+char_450_necras#2,True,candidate,1,18,10918644,necrass_(arknights),Default,game_mirror,https://media.prts.wiki/8/8e/立绘_死芒_1.png,https://danbooru.donmai.us/posts/10918644,blonde_hair white_hair blue_eyes dragon_tail horns short_dress white_dress open_coat white_coat white_jacket shirt,necrass_(arknights),necrass_(arknights),1girl ankle_boots aura black_boots black_thighhighs blonde_hair blue_eyes blue_fire boots breasts coat dragon_girl dragon_horns dragon_tail dress fire flame-tipped_tail full_body hair_over_one_eye holding holding_polearm holding_weapon horns jacket jewelry lace-up_boots long_hair long_sleeves looking_at_viewer multicolored_hair necktie one_eye_covered open_clothes open_coat originium_arts_(arknights) parted_lips polearm purple_fire purple_horns purple_necktie ring see-through_clothes shirt short_dress simple_background smile solo spear standing sweater tachi-e tail thighhighs torn_clothes torn_thighhighs transparent_background turtleneck very_long_hair weapon white_coat white_dress white_hair white_jacket zettai_ryouiki,highres official_art third-party_source
necrass_(as_clear_as_crystal)_(arknights),released_skin+danbooru_tag,char_450_necras@ambienceSynesthesia#7,True,candidate,1,16,11261113,necrass_(arknights),As Clear As Crystal,game_mirror,https://media.prts.wiki/5/55/立绘_死芒_skin2.png,https://danbooru.donmai.us/posts/11261113,blonde_hair purple_hair green_eyes dragon_tail horns white_dress armor white_pants armored_boots black_boots black_gloves,necrass_(as_clear_as_crystal)_(arknights),necrass_(arknights) necrass_(as_clear_as_crystal)_(arknights),1girl 1other arm_behind_back armor armored_boots belt black_belt black_boots black_gloves black_ribbon black_tail blonde_hair boots bracer burnt_clothes cape capelet cleavage_cutout clothing_cutout constellation constellation_print crescent cuisses dragon dragon_girl dragon_horns dragon_tail dress earrings falling_petals fire flower full_body gauntlets gloves gold_trim gradient_hair greaves green_eyes hair_over_one_eye high_heel_boots high_heels holding holding_polearm holding_sword holding_weapon hood hooded_cape horns jewelry kneeling knighting long_hair looking_at_viewer multicolored_hair official_alternate_costume open_mouth pants petals polearm poleyn puffy_sleeves purple_cape purple_fire purple_hair ribbon sheath smile spine spread_wings standing star_(symbol) sword tail teeth transparent_background trident two-tone_capelet two-tone_hair unsheathed vambraces very_long_hair weapon white_cape white_capelet white_dress white_flower white_horns white_pants,absurdres highres official_art third-party_source
necrass_(summer_flowers_fa161)_(arknights),released_skin_official_name,char_450_necras@summer#20,False,official_name_without_tag,0,,,,,,,,,,,,
nian_(arknights),legacy_appearance_pack+released_skin+danbooru_tag,char_2014_nian#1+char_2014_nian#2,True,candidate,1,19,3764731,nian_(arknights),Default,game_mirror,https://aceship.github.io/AN-EN-Tags/akhrchars.html?opname=Nian,https://danbooru.donmai.us/posts/3764731,white_hair purple_eyes dragon_tail horns open_coat white_coat white_shorts black_socks white_shoes braid long_hair,nian_(arknights),nian_(arknights),1girl :d ankle_strap bandeau belt black_socks blush body_markings braid breasts coat collarbone dragon_girl dragon_horns dragon_tail earrings full_body half_updo hand_on_own_hip holding holding_weapon horns jewelry long_hair looking_at_viewer multicolored_hair navel open_clothes open_coat open_mouth pointy_ears pouch purple_eyes red_bandeau red_streaks red_tube_top shoes shorts side_braid sidelocks slit_pupils small_breasts smile sneakers socks solo stomach strapless streaked_hair tail tongue tongue_out transparent_background tube_top weapon white_coat white_hair white_shoes white_shorts wide_sleeves,highres official_art
nian_(thunderbolt_director)_(arknights),released_skin+danbooru_tag,char_2014_nian@cfa#1,True,no_exact_tagged_post,0,,,,,,,,,,,,
nian_(unfettered_freedom)_(arknights),legacy_appearance_pack+released_skin+danbooru_tag,char_2014_nian@nian#4,True,candidate,1,19,4343231,nian_(arknights),Unfettered Freedom,game_mirror,https://aceship.github.io/AN-EN-Tags/img/characters/char_2014_nian_nian%234.png,https://danbooru.donmai.us/posts/4343231,white_hair purple_eyes horns tail sleeveless_dress white_dress white_shoes medium_hair,nian_(unfettered_freedom)_(arknights),nian_(arknights) nian_(unfettered_freedom)_(arknights),1girl bare_legs bare_shoulders bead_bracelet beads bonsai bracelet chair chinese_clothes diorama dress folded_fan folding_fan full_body hand_fan high_heels holding holding_fan horns jewelry looking_at_viewer medium_hair multicolored_hair official_alternate_costume purple_eyes qipao red_streaks shoes sitting sleeveless sleeveless_dress smile solo streaked_hair sword tail thighs transparent_background weapon white_dress white_hair white_shoes,highres official_art
nightingale_(an_elegy)_(arknights),released_skin+danbooru_tag,char_179_cgbird@witch#1,True,candidate,1,19,3770313,nightingale_(arknights),An Elegy,game_mirror,https://aceship.github.io/AN-EN-Tags/akhrchars.html?opname=Nightingale,https://danbooru.donmai.us/posts/3770313,blonde_hair blue_eyes horns black_dress two-tone_dress black_pantyhose black_shoes very_long_hair,nightingale_(an_elegy)_(arknights),nightingale_(an_elegy)_(arknights) nightingale_(arknights),1girl armchair ascot axe black_bonnet black_dress black_nails black_pantyhose black_shoes blonde_hair blue_eyes blunt_bangs bonnet book breasts candle candlestand chain chair chinstrap closed_mouth deer_head doll dress english_text expressionless faux_figurine feathers full_body gothic_lolita half-closed_eyes halloween high_heels holding holding_staff horns indoors jack-o'-lantern lantern lolita_fashion long_hair long_sleeves looking_away multiple_straps nail_polish official_alternate_costume pantyhose picture_frame ribbon shoes sidelocks sitting small_breasts solo staff strappy_heels sword table transparent_background two-tone_dress typewriter very_long_hair weapon white_dress wide_sleeves wooden_floor,highres official_art
nightingale_(arknights),legacy_appearance_pack+released_skin+danbooru_tag,char_179_cgbird#1+char_179_cgbird#2,True,candidate,1,18,3563825,nightingale_(arknights),Default,game_mirror,https://aceship.github.io/AN-EN-Tags/akhrchars.html?opname=Nightingale,https://danbooru.donmai.us/posts/3563825,blonde_hair blue_eyes horns long_skirt off-shoulder_jacket turtleneck_sweater white_jacket white_skirt white_sweater very_long_hair,nightingale_(arknights),nightingale_(arknights),1girl bare_shoulders bird birdcage black_bra blonde_hair blue_eyes boots bra breasts cage clothes_writing expressionless fire full_body hat holding holding_staff horns jacket knee_boots lace-up_boots long_hair long_skirt looking_at_viewer medium_breasts multiple_straps off-shoulder_jacket off_shoulder sidelocks simple_background skirt solo staff sweater sweater_vest tachi-e transparent_background turtleneck turtleneck_sweater underwear very_long_hair wavy_hair white_boots white_hat white_jacket white_skirt white_sweater,official_art third-party_source
nightingale_(iakhu_of_flows)_(arknights),released_skin+danbooru_tag,char_179_cgbird@sightseer#1,True,candidate,1,19,10648690,nightingale_(arknights),Iakhu of Flows,game_mirror,https://media.prts.wiki/e/e5/立绘_夜莺_skin2.png,https://danbooru.donmai.us/posts/10648690,blonde_hair blue_eyes horns white_dress headdress very_long_hair,nightingale_(iakhu_of_flows)_(arknights),nightingale_(arknights) nightingale_(iakhu_of_flows)_(arknights),1girl bare_legs bare_shoulders blonde_hair blue_eyes bracelet breasts castle dress full_body gladiator_sandals gold_sandals hand_up headdress horns jewelry legs long_hair looking_at_viewer mountain official_alternate_costume sandals sitting sky small_breasts smile solo thighs toenails toes transparent_background veil very_long_hair water white_dress,highres official_art
nightmare_(arknights),legacy_appearance_pack+released_skin+danbooru_tag,char_164_nightm#1+char_164_nightm#2,True,candidate,1,19,3563890,nightmare_(arknights),Default,game_mirror,https://aceship.github.io/AN-EN-Tags/akhrchars.html?opname=Nightmare,https://danbooru.donmai.us/posts/3563890,blonde_hair white_hair blue_eyes brown_eyes cat_ears black_dress collared_dress off-shoulder_sweater knee_boots white_thighhighs very_long_hair,nightmare_(arknights),nightmare_(arknights),1girl animal_ear_fluff animal_ears black_dress blonde_hair blue_eyes blush boots breasts brown_eyes cat_ears closed_mouth collared_dress dress full_body gradient_hair hair_between_eyes hair_ornament hairclip heterochromia holding holding_staff knee_boots long_hair looking_at_viewer multicolored_hair off-shoulder_sweater off_shoulder sidelocks simple_background small_breasts smile solo staff straight-on sweater tachi-e thighhighs transparent_background very_long_hair white_hair white_thighhighs,official_art
nightmare_(light_and_shadow)_(arknights),released_skin+danbooru_tag,char_164_nightm@epoque#5,True,candidate,1,19,3979905,nightmare_(arknights),Light and Shadow,game_mirror,https://aceship.github.io/AN-EN-Tags/img/characters/char_164_nightm_epoque%235.png,https://danbooru.donmai.us/posts/3979905,blonde_hair brown_eyes grey_eyes cat_ears off-shoulder_dress short_dress black_choker black_hat black_shoes mini_hat long_hair,nightmare_(light_and_shadow)_(arknights),nightmare_(arknights) nightmare_(light_and_shadow)_(arknights),1girl animal_ears bare_shoulders black_choker black_hat black_shoes blonde_hair blush brown_eyes candle candlestand cat_ears chair choker crossed_legs dress flower full_body gloves grey_eyes hair_flower hair_ornament hat heterochromia kneehighs long_hair looking_at_viewer mary_janes mini_hat off-shoulder_dress off_shoulder official_alternate_costume parted_lips shoes short_dress socks solo standing suspenders transparent_background watson_cross white_dress white_flower white_gloves white_socks,highres official_art
nightmare_(the_ferry_girl)_(arknights),released_skin+danbooru_tag,char_164_nightm@unveiling#2,True,candidate,1,18,10648761,nightmare_(arknights),The Ferry Girl,game_mirror,https://media.prts.wiki/b/b5/立绘_夜魔_skin2.png,https://danbooru.donmai.us/posts/10648761,blonde_hair blue_eyes red_eyes cat_ears pink_dress white_shirt black_boots knee_boots white_pantyhose braid long_hair,nightmare_(the_ferry_girl)_(arknights),nightmare_(arknights) nightmare_(the_ferry_girl)_(arknights),1girl animal_ears bare_shoulders basket black_boots blonde_hair blue_eyes boat boots bow braid bug butterfly cat_ears cat_girl dress flower frills full_body hair_ornament heterochromia holding holding_flower knee_boots lace-up_boots long_hair long_sleeves looking_at_viewer official_alternate_costume pantyhose pink_dress pink_flower pink_rose red_bow red_eyes red_flower red_rose rose shirt sitting smile solo transparent_background twin_braids water watercraft white_flower white_pantyhose white_rose white_shirt,highres official_art third-party_source
nymph_(arknights),legacy_appearance_pack+released_skin+danbooru_tag,char_4146_nymph#1+char_4146_nymph#2,True,candidate,1,18,10249579,nymph_(arknights),Default,game_mirror,https://media.prts.wiki/d/de/立绘_妮芙_1.png,https://danbooru.donmai.us/posts/10249579,pink_hair pink_eyes horns tail gradient_dress grey_dress black_jacket black_cape floating_cape red_shoes braid,nymph_(arknights),nymph_(arknights),1girl :> black_cape black_jacket braid bright_pupils cape closed_mouth demon_girl demon_horns demon_tail dress drop_shadow floating_cape floating_hair full_body gradient_clothes gradient_dress grey_dress holding holding_weapon horns infection_monitor_(arknights) jacket key keyhole legs_together long_hair long_sleeves looking_at_viewer low-braided_long_hair low-tied_long_hair pink_eyes pink_hair pink_tail puffy_long_sleeves puffy_sleeves red_shoes shoes simple_background sleeveless sleeveless_dress smile solo standing tachi-e tail thigh_strap thighhighs transparent_background weapon white_dress white_pupils white_thighhighs,highres official_art third-party_source
nymph_(blooming_reverie)_(arknights),released_skin+danbooru_tag,char_4146_nymph@ambienceSynesthesia#6,True,needs_source_or_visual_review,1,7,9091078,nymph_(blooming_reverie)_(arknights),[[Reference sheet]],source_unverified,https://www.weibo.com/3150932560/PlgP50QC5,https://danbooru.donmai.us/posts/9091078,red_hair red_eyes horns pointy_ears white_dress frilled_gloves pink_shoes white_gloves white_thighhighs long_hair,nymph_(blooming_reverie)_(arknights),nymph_(arknights) nymph_(blooming_reverie)_(arknights),1girl ahoge breasts chibi chibi_inset copyright_name demon_girl demon_horns dress flower frilled_gloves frills from_behind gloves hair_flower hair_ornament high_heels horns hourglass jewelry jumping long_hair looking_at_viewer multiple_views pink_shoes pointy_ears profile red_eyes red_hair reference_sheet rose shoes sidelocks small_breasts smile tail thighhighs white_dress white_flower white_gloves white_rose white_thighhighs,chinese_commentary commentary_request concept_art highres official_art
nymph_(sweetness_to_the_heart)_(arknights),released_skin+danbooru_tag,char_4146_nymph@epoque#42,True,candidate,1,18,10249553,nymph_(arknights),Sweetness to the Heart,game_mirror,https://media.prts.wiki/9/96/立绘_妮芙_skin1.png,https://danbooru.donmai.us/posts/10249553,pink_hair pink_eyes horns pointy_ears white_dress ankle_boots black_boots pink_pantyhose very_long_hair,nymph_(sweetness_to_the_heart)_(arknights),nymph_(arknights) nymph_(sweetness_to_the_heart)_(arknights),1girl ankle_boots apple black_boots boots bright_pupils cake cake_slice carousel closed_mouth demon_girl demon_horns demon_tail dress drop_shadow floating floating_hair flower food fork fruit full_body holding holding_fork holding_plate horns long_hair long_sleeves looking_at_viewer official_alternate_costume open_mouth pantyhose pink_eyes pink_flower pink_hair pink_pantyhose pink_tail plate pointy_ears simple_background smile soap_bubbles solo standing tail transparent_background very_long_hair white_dress white_pupils,absurdres highres official_art third-party_source
orchid_(arknights),legacy_appearance_pack+released_skin+danbooru_tag,char_278_orchid#1,True,candidate,2,19,11496049,orchid_(arknights),Default,game_mirror,https://media.prts.wiki/0/09/立绘_焰狐龙梓兰_1.png,https://danbooru.donmai.us/posts/11496049,blue_hair purple_hair yellow_eyes purple_kimono short_hair,orchid_(arknights),orchid_(arknights) violet_mizutsune_orchid_(arknights),1girl bird_girl blue_hair bow_(weapon) feather_hair fox_hair_ornament full_body hair_ornament hair_over_one_eye holding holding_bow_(weapon) holding_weapon japanese_clothes kimono light_smile mizutsune_(armor) multicolored_hair obi one_eye_covered purple_hair purple_kimono sash short_hair solo tassel tassel_hair_ornament transparent_background weapon yellow_eyes,highres official_art
orchid_(twines_of_time)_(arknights),released_skin+danbooru_tag,char_278_orchid@boc#6,True,candidate,1,19,10648048,orchid_(arknights),Twines of Time,game_mirror,https://media.prts.wiki/2/21/立绘_梓兰_skin1.png,https://danbooru.donmai.us/posts/10648048,grey_hair yellow_eyes white_dress black_coat black_jacket black_skirt red_shirt black_hat short_hair,orchid_(twines_of_time)_(arknights),orchid_(arknights) orchid_(twines_of_time)_(arknights),1girl black_coat black_hat black_jacket black_shoes black_skirt book breasts coat dress from_above full_body grey_hair hair_over_one_eye hat jacket long_sleeves looking_at_viewer mannequin necktie official_alternate_costume paper red_shirt shirt shoes short_hair simple_background sitting skirt solo top_hat transparent_background vest white_dress yellow_eyes,highres official_art
pallas_(a_drip_of_orea_and_potamous)_(arknights),released_skin+danbooru_tag,char_485_pallas@epoque#19,True,candidate,1,19,10897958,pallas_(arknights),A drip of Orea and Potamous,game_mirror,https://media.prts.wiki/7/7a/立绘_帕拉斯_skin2.png,https://danbooru.donmai.us/posts/10897958,brown_hair green_eyes horns animal_ears brown_shirt layered_shirt jacket black_gloves black_pantyhose,pallas_(a_drip_of_orea_and_potamous)_(arknights),pallas_(a_drip_of_orea_and_potamous)_(arknights) pallas_(arknights),1girl animal_ears black_gloves black_pantyhose brown_hair brown_shirt can chain_weapon clothes_around_waist cloud cow_ears cow_girl cow_horns flower flower_on_head full_body gloves green_eyes holding holding_can holding_weapon horns jacket jacket_around_waist knife_sheath layered_shirt looking_at_viewer official_alternate_costume pantyhose parthenon pouring rainbow sheath shirt short_sleeves smile solo standing tail transparent_background veil weapon yellow_flower,highres official_art
pallas_(arknights),legacy_appearance_pack+released_skin+danbooru_tag,char_485_pallas#1+char_485_pallas#2,True,candidate,1,19,4615486,pallas_(arknights),Default,game_mirror,https://aceship.github.io/AN-EN-Tags/img/characters/char_485_pallas_1.png,https://danbooru.donmai.us/posts/4615486,grey_hair grey_eyes horns tail blue_shirt open_jacket white_skirt black_gloves black_pantyhose shoes long_hair,pallas_(arknights),pallas_(arknights),1girl black_gloves black_pantyhose blue_shirt chain chain_weapon flower full_body gloves grey_eyes grey_hair hair_between_eyes holding holding_staff horns jacket long_hair looking_at_viewer miniskirt off_shoulder open_clothes open_jacket pantyhose red_flower shirt shoes simple_background skirt solo staff standing tachi-e tail transparent_background white_skirt,highres official_art
pallas_(heritage)_(arknights),released_skin+danbooru_tag,char_485_pallas@epoque#12,True,candidate,1,18,4884306,pallas_(arknights),Heritage,game_mirror,https://aceship.github.io/AN-EN-Tags/img/characters/char_485_pallas_epoque%2312.png,https://danbooru.donmai.us/posts/4884306,brown_hair green_eyes horns animal_ears white_dress white_robe white_pants black_gloves black_thighhighs fingerless_gloves,pallas_(heritage)_(arknights),pallas_(arknights) pallas_(heritage)_(arknights),1girl alcohol animal_ears armlet bare_shoulders black_gloves black_thighhighs brown_hair cow_ears cow_girl cow_horns cup dress fingerless_gloves flower flower_on_head full_body gloves grass green_eyes hair_over_one_eye hands_up holding holding_cup holding_staff horns jewelry kylix looking_at_viewer official_alternate_costume one_eye_covered outdoors pants pillar red_flower red_rose robe rose solo staff standing statue thighhighs transparent_background watermark white_dress white_pants white_robe,highres official_art third-party_source
papyrus_(arknights),legacy_appearance_pack+released_skin+danbooru_tag,char_4139_papyrs#1+char_4139_papyrs#2,True,candidate,1,19,8804333,papyrus_(arknights),Default,game_mirror,https://arknights.wiki.gg/images/1/12/Papyrus.png,https://danbooru.donmai.us/posts/8804333,orange_hair green_eyes cat_ears cat_tail green_dress long_dress brown_gloves medium_hair,papyrus_(arknights),papyrus_(arknights),1girl ahoge animal_ears blunt_bangs blunt_ends blush book brown_gloves cat_ears cat_girl cat_tail closed_mouth dress drop_shadow earrings extra_ears feet framed_cleavage full_body gloves green_dress green_eyes green_sandals grey_dress hair_between_eyes holding holding_book holding_staff holding_weapon hood hood_up id_card jewelry lanyard long_dress looking_at_viewer medium_hair mole mole_on_armpit multicolored_dress nail_polish orange_hair orange_nails orange_tail sandals simple_background single_glove solo staff standing tachi-e tail tail_ornament tail_ring toenail_polish toenails toes transparent_background triangle_earrings watch weapon white_hood wristwatch,official_art
papyrus_(the_next_side_quest)_(arknights),released_skin+danbooru_tag,char_4139_papyrs@game#8,True,no_exact_tagged_post,0,,,,,,,,,,,,
penance_(ambience_synesthesia_2023)_(arknights),legacy_appearance_pack,,True,needs_source_or_visual_review,1,15,11351365,penance_(arknights),Ambience Synesthesia 2023,source_unverified,https://www.bilibili.com/opus/790211555367059457,https://danbooru.donmai.us/posts/11351365,brown_hair yellow_eyes wolf_ears tail black_jacket black_shirt grey_skirt black_gloves fingerless_gloves high_heel_boots long_hair,penance_(ambience_synesthesia_2023)_(arknights),penance_(ambience_synesthesia_2023)_(arknights) penance_(arknights),1girl animal_ears black_gloves black_jacket black_shirt boots brown_hair car copyright_logo day earrings extra_ears eyewear_on_head fingerless_gloves gloves grey_skirt hand_up high_heel_boots high_heels holding_own_hair jacket jewelry leg_up logo long_hair long_sleeves looking_at_viewer miniskirt mole mole_above_eye motor_vehicle official_alternate_costume on_car outdoors shirt sitting skirt sky solo sunglasses tail thigh_boots wolf_ears wolf_girl wolf_tail yellow_eyes,absurdres chinese_commentary commentary_request highres official_art official_wallpaper second-party_source
penance_(arknights),legacy_appearance_pack+released_skin+danbooru_tag,char_4065_judge#1+char_4065_judge#2,True,candidate,1,18,10823423,penance_(arknights),Default,game_mirror,https://media.prts.wiki/7/79/立绘_斥罪_1.png,https://danbooru.donmai.us/posts/10823423,brown_hair yellow_eyes wolf_ears tail black_coat black_jacket black_skirt open_coat black_shoes black_thighhighs long_hair,penance_(arknights),penance_(arknights),1girl animal_ears ascot black_coat black_jacket black_nails black_shoes black_skirt black_thighhighs book breasts brown_hair coat extra_ears full_body gauntlets hair_between_eyes hair_ornament hammer holding holding_book holding_hammer holding_weapon jacket long_hair long_sleeves looking_at_viewer open_book open_clothes open_coat shoes simple_background single_gauntlet skirt solo standing tail thighhighs transparent_background weapon white_ascot wolf_ears wolf_girl wolf_tail yellow_eyes zettai_ryouiki,highres official_art third-party_source
penance_(occasionally_flushed)_(arknights),released_skin+danbooru_tag,char_4065_judge@snow#6,True,candidate,1,18,10823532,penance_(arknights),Occasionally Flushed,game_mirror,https://media.prts.wiki/3/3d/立绘_斥罪_skin1.png,https://danbooru.donmai.us/posts/10823532,brown_hair yellow_eyes wolf_ears tail black_dress open_jacket white_jacket coat black_boots high_heel_boots very_long_hair,penance_(occasionally_flushed)_(arknights),penance_(arknights) penance_(occasionally_flushed)_(arknights),1girl animal_ears apple black_boots black_dress boots box brown_hair candy candy_cane christmas christmas_lights christmas_ornaments christmas_present christmas_tree coat cup dress earrings envelope food fruit full_body fur_trim gift gift_box hair_down hair_over_one_eye hair_spread_out high_heel_boots high_heels holding holding_cup holding_gift jacket jewelry letter long_hair long_sleeves looking_at_viewer lying merry_christmas official_alternate_costume on_side open_clothes open_jacket photo_(object) picture_frame smile snow solo stairs tail transparent_background very_long_hair white_jacket wolf_ears wolf_girl wolf_tail yellow_eyes,highres official_art third-party_source
penance_(scribing)_(arknights),released_skin+danbooru_tag,char_4065_judge@epoque#33,True,candidate,1,18,10826262,penance_(arknights),Scribing,game_mirror,https://media.prts.wiki/5/56/立绘_斥罪_skin2.png,https://danbooru.donmai.us/posts/10826262,brown_hair grey_hair green_eyes yellow_eyes wolf_ears white_dress black_boots white_pantyhose long_hair,penance_(scribing)_(arknights),penance_(arknights) penance_(scribing)_(arknights),1girl animal_ears black_boots blue_flower book boots brown_hair dress flower full_body green_eyes grey_hair hair_over_one_eye holding holding_book long_hair looking_at_viewer official_alternate_costume open_book pantyhose polearm rock sitting solo statue transparent_background weapon weighing_scale white_dress white_flower white_pantyhose wolf_ears wolf_girl yellow_eyes,highres official_art third-party_source
pepe_(arknights),legacy_appearance_pack+released_skin+danbooru_tag,char_4058_pepe#1+char_4058_pepe#2,True,candidate,12,7,11265569,pepe_(arknights),supplemental search,game_asset,https://media.prts.wiki/b/b3/Avg_53_i10.png,https://danbooru.donmai.us/posts/11265569,brown_hair blue_eyes cat_ears black_jacket black_shorts open_jacket long_hair,pepe_(arknights),lugalszargus_(arknights) pepe_(arknights),1girl animal_ears animal_hood belt black_belt black_hood black_jacket black_shorts blue_eyes brown_hair cat_ears cat_girl hammer holding holding_hammer hood hood_up jacket long_hair open_clothes open_jacket serious shorts straight-on thigh_strap two-tone_hood,artist_request game_asset highres official_art third-party_source
pepe_(nuit_of_the_nightsky)_(arknights),released_skin+danbooru_tag,char_4058_pepe@sightseer#2,True,no_exact_tagged_post,0,,,,,,,,,,,,
perfumer_(arknights),legacy_appearance_pack+released_skin+danbooru_tag,char_181_flower#1+char_181_flower#2,True,candidate,2,19,3770322,perfumer_(arknights),Default,game_mirror,https://aceship.github.io/AN-EN-Tags/img/characters/char_181_flower_1.png,https://danbooru.donmai.us/posts/3770322,brown_hair brown_eyes animal_ears tail dress blue_jacket fur-trimmed_jacket blue_shoes ponytail,perfumer_(arknights),perfumer_(arknights),1girl animal_ears bare_shoulders blue_bow blue_jacket blue_shoes bow breasts brown_eyes brown_hair collarbone dress floating full_body fur-trimmed_jacket fur_trim hair_bow high_heels holding holding_staff jacket long_sleeves looking_at_viewer medium_breasts off_shoulder open_clothes open_jacket parted_bangs ponytail shoes sidelocks simple_background smile solo staff striped_bow tachi-e tail transparent_background,official_art
perfumer_(leisurely_afternoon)_(arknights),released_skin+danbooru_tag,char_181_flower@epoque#9,True,candidate,1,18,4615504,perfumer_(arknights),Leisurely Afternoon,game_mirror,https://aceship.github.io/AN-EN-Tags/img/characters/char_181_flower_epoque%239.png,https://danbooru.donmai.us/posts/4615504,brown_hair grey_eyes fox_ears tail jacket orange_hairband long_hair,perfumer_(leisurely_afternoon)_(arknights),perfumer_(arknights) perfumer_(leisurely_afternoon)_(arknights),1girl animal animal_ears bare_legs blue_flower book book_on_lap book_stack bow brown_hair brown_slippers cake chain crate cushion flower flower_pot food fox fox_ears full_body grey_eyes hairband half-closed_eyes iris_(flower) jacket long_hair long_sleeves looking_at_viewer official_alternate_costume open_book orange_hairband pillow pitcher_(container) plant potted_plant sitting slippers solo strawberry_cake tail teapot test_tube test_tube_rack transparent_background white_flower yellow_bow,highres official_art third-party_source
perfumer_(species_plantarum)_(arknights),released_skin+danbooru_tag,char_181_flower@daily#1,True,candidate,1,19,3770324,perfumer_(arknights),Species Plantarum,game_mirror,https://aceship.github.io/AN-EN-Tags/img/characters/char_181_flower_daily%231.png,https://danbooru.donmai.us/posts/3770324,brown_hair brown_eyes fox_ears fox_tail black_shorts collared_shirt pantyhose_under_shorts white_jacket white_shirt black_pantyhose ponytail,perfumer_(species_plantarum)_(arknights),perfumer_(arknights) perfumer_(species_plantarum)_(arknights),1girl :d animal_ears badge belt black_pantyhose black_shoes black_shorts blue_bow blush bow breasts brown_eyes brown_hair buckle collared_shirt colored_inner_hair faux_figurine flower fox fox_ears fox_tail full_body hair_bow high_heels holding holding_hose hose id_card jacket lanyard long_sleeves looking_at_viewer mary_janes medium_breasts multicolored_hair official_alternate_costume open_mouth pantyhose pantyhose_under_shorts parted_bangs pigeon-toed plant ponytail potted_plant pouch scissors shelf shirt shoes short_hair short_shorts shorts sidelocks smile solo standing striped_bow tail transparent_background trowel two-tone_hair vial water watering_can white_flower white_jacket white_shirt wooden_box,official_art
pinecone_(arknights),legacy_appearance_pack+released_skin+danbooru_tag,char_440_pinecn#1+char_440_pinecn#2,True,candidate,1,19,4253260,pinecone_(arknights),Default,game_mirror,https://aceship.github.io/AN-EN-Tags/img/characters/char_440_pinecn_1.png,https://danbooru.donmai.us/posts/4253260,brown_hair brown_eyes aran_sweater blue_skirt brown_sweater black_shoes black_thighhighs short_hair,pinecone_(arknights),pinecone_(arknights),1girl aran_sweater backpack bag black_shoes black_thighhighs blue_skirt brown_eyes brown_hair brown_sweater cable_knit electric_plug feather_hair feather_hair_ornament feathers full_body garter_straps hair_ornament holding holding_weapon long_sleeves looking_at_viewer miniskirt mole mole_under_eye nail_gun parted_lips shoes short_hair simple_background skirt solo standing sweater tachi-e thighhighs transparent_background weapon zettai_ryouiki,official_art
pinecone_(season_of_travel)_(arknights),released_skin+danbooru_tag,char_440_pinecn@epoque#31,True,candidate,1,19,10662813,pinecone_(arknights),Season of Travel,game_mirror,https://media.prts.wiki/e/e4/立绘_松果_skin2.png,https://danbooru.donmai.us/posts/10662813,blonde_hair brown_eyes yellow_eyes shorts_under_dress white_dress black_jacket open_jacket black_choker brown_shoes long_hair,pinecone_(season_of_travel)_(arknights),pinecone_(arknights) pinecone_(season_of_travel)_(arknights),1girl badge bag black_choker black_jacket blonde_hair brown_eyes brown_shoes button_badge choker closed_mouth dress flower full_body grass hair_ornament holding holding_stuffed_toy jacket kneehighs long_hair looking_at_viewer looking_up official_alternate_costume open_clothes open_jacket shoes shorts_under_dress smile socks solo standing stuffed_animal stuffed_toy teddy_bear transparent_background white_dress white_flower white_socks yellow_eyes,highres official_art
pinecone_(sing_a_song)_(arknights),released_skin+danbooru_tag,char_440_pinecn@shining#1,True,candidate,1,18,4782823,pinecone_(arknights),Sing a Song,game_mirror,https://aceship.github.io/AN-EN-Tags/img/characters/char_440_pinecn_shining%231.png,https://danbooru.donmai.us/posts/4782823,orange_hair orange_eyes red_dress black_boots black_thighhighs red_pantyhose twintails long_hair,pinecone_(sing_a_song)_(arknights),pinecone_(arknights) pinecone_(sing_a_song)_(arknights),1girl animal asymmetrical_legwear bear black_boots black_thighhighs boots cable dress full_body gun holding holding_gun holding_weapon long_hair looking_at_viewer mismatched_legwear nail_gun official_alternate_costume orange_eyes orange_hair pantyhose red_dress red_pantyhose red_thighhighs solo speaker stage stage_lights thighhighs transparent_background twintails weapon,highres official_art third-party_source
platinum_(arknights),legacy_appearance_pack+released_skin+danbooru_tag,char_204_platnm#1+char_204_platnm#2,True,candidate,1,19,3769622,platinum_(arknights),Default,game_mirror,https://aceship.github.io/AN-EN-Tags/akhrchars.html?opname=Platinum,https://danbooru.donmai.us/posts/3769622,white_hair brown_eyes horse_ears tail asymmetrical_shirt short_shorts white_shirt white_shorts jacket black_boots very_long_hair,platinum_(arknights),platinum_(arknights),1girl animal_ear_fluff animal_ears asymmetrical_shirt asymmetrical_sleeves belt black_boots black_gloves black_thighhighs boots bow_(weapon) breasts brown_eyes cloak compound_bow elbow_gloves expressionless full_body gloves high_collar holding holding_bow_(weapon) holding_weapon horse_ears horse_girl horse_tail jacket kazimierz_logo long_hair long_sleeves looking_at_viewer quiver shirt short_shorts shorts simple_background small_breasts solo standing tachi-e tail thighhighs transparent_background uneven_sleeves very_long_hair weapon white_cloak white_hair white_shirt white_shorts wide_sleeves zipper,official_art
platinum_(shimmering_dew)_(arknights),legacy_appearance_pack,,True,candidate,1,18,4044986,platinum_(arknights),Shimmering Dew,game_mirror,https://aceship.github.io/AN-EN-Tags/img/characters/char_204_platnm_summer%233.png,https://danbooru.donmai.us/posts/4044986,white_hair grey_eyes horse_ears tail white_dress bikini swimsuit very_long_hair,platinum_(shimmering_dew)_(arknights),platinum_(arknights) platinum_(shimmering_dew)_(arknights),1girl animal_ears barefoot bikini bracelet chess_piece criss-cross_halter dress full_body grey_eyes halterneck hand_up high_heels horse_ears horse_girl jewelry laurel_crown leaning_back long_hair long_legs looking_at_viewer official_alternate_costume plant solo swimsuit tail thigh_strap transparent_background very_long_hair water white_dress white_hair wreath,highres official_art third-party_source
platinum_(shining_dew_sd05)_(arknights),released_skin_official_name,char_204_platnm@summer#3,False,official_name_without_tag,0,,,,,,,,,,,,
plume_(arknights),legacy_appearance_pack+released_skin+danbooru_tag,char_192_falco#1,True,candidate,1,19,4187717,plume_(arknights),Default,game_mirror,https://aceship.github.io/AN-EN-Tags/img/characters/char_192_falco_1.png,https://danbooru.donmai.us/posts/4187717,brown_hair white_hair yellow_eyes wings black_boots black_hat black_thighhighs gloves short_hair,plume_(arknights),plume_(arknights),1girl ahoge beret bird_girl bird_wings black_boots black_cloak black_hat black_thighhighs boots brown_hair cloak closed_mouth feather_hair feathered_wings full_body garter_straps gloves hair_between_eyes halberd hat holding holding_polearm holding_weapon juliet_sleeves long_sleeves looking_at_viewer multicolored_hair polearm puffy_sleeves short_hair simple_background solo tachi-e thighhighs transparent_background two-tone_hair weapon white_hair wings yellow_eyes,official_art
plume_(easy_time)_(arknights),released_skin+danbooru_tag,char_192_falco@marthe#6,True,candidate,1,19,10647623,plume_(arknights),Easy Time,game_mirror,https://media.prts.wiki/a/ae/立绘_翎羽_skin1.png,https://danbooru.donmai.us/posts/10647623,black_hair brown_hair yellow_eyes black_pants white_shorts black_gloves fingerless_gloves shoes short_hair,plume_(easy_time)_(arknights),plume_(arknights) plume_(easy_time)_(arknights),1girl bag bare_shoulders black_gloves black_hair black_leggings black_pants bottle breasts brown_hair crop_top drying dumbbell fingerless_gloves full_body gloves hair_between_eyes holding holding_towel leggings looking_at_viewer midriff navel official_alternate_costume pants shoes short_hair shorts simple_background sitting small_breasts sneakers solo sports_bra stomach stool towel transparent_background water_bottle white_shorts white_sports_bra yellow_eyes,highres official_art
podenco_(arknights),legacy_appearance_pack+released_skin+danbooru_tag,char_258_podego#1+char_258_podego#2,True,candidate,6,7,4013654,podenco_(arknights),supplemental search,game_mirror,https://aceship.github.io/AN-EN-Tags/img/characters/char_258_podego_2.png,https://danbooru.donmai.us/posts/4013654,blonde_hair green_eyes animal_ears tail black_shorts black_skirt green_jacket open_jacket shorts_under_skirt white_shirt medium_hair,podenco_(arknights),podenco_(arknights),1girl animal_ears belt_pouch black_boots black_shorts black_skirt black_thighhighs blonde_hair boots bud cosmos_(flower) dog dog_ears dog_girl dog_tail falling_petals floral_background flower full_body garter_straps green_eyes green_jacket hair_between_eyes holding holding_staff holding_test_tube jacket knee_boots lace-up_boots long_sleeves looking_away mask mask_around_neck medium_hair open_clothes open_jacket open_mouth petals pink_flower pouch red_flower respirator shirt shorts shorts_under_skirt skirt solo staff tachi-e tail test_tube thighhighs transparent_background white_shirt yellow_flower,bad_id official_art
podenco_(wake_up_from_a_nap)_(arknights),released_skin+danbooru_tag,char_258_podego@epoque#9,True,candidate,2,19,4615507,podenco_(arknights),Wake Up from a Nap,game_mirror,https://aceship.github.io/AN-EN-Tags/img/characters/char_258_podego_epoque%239.png,https://danbooru.donmai.us/posts/4615507,blonde_hair green_eyes animal_ears tail green_dress short_dress white_shoes long_hair,podenco_(wake_up_from_a_nap)_(arknights),podenco_(arknights) podenco_(wake_up_from_a_nap)_(arknights),1girl animal_ears bare_arms bare_legs bare_shoulders blonde_hair blush brooch dog dress flower full_body green_dress green_eyes hair_between_eyes jewelry long_hair looking_at_viewer official_alternate_costume one_eye_closed parted_lips plant potted_plant shoes short_dress sitting sleeveless sleeveless_dress solo staff tail transparent_background wariza white_shoes yellow_flower,highres official_art
poncirus_(arknights),legacy_appearance_pack+released_skin+danbooru_tag,char_488_buildr#1+char_488_buildr#2,True,needs_source_or_visual_review,2,15,7099221,poncirus_(arknights),Default,source_unverified,https://twitter.com/NOCO9999/status/1683790832095330306,https://danbooru.donmai.us/posts/7099221,green_hair purple_eyes black_shirt black_shorts short_shorts sleeveless_shirt black_hat black_thighhighs long_hair,poncirus_(arknights),poncirus_(arknights),1girl bare_shoulders black_hat black_shirt black_shorts black_thighhighs closed_mouth copyright_name feather_hair full_body green_hair hammer hat hat_feather holding holding_hammer holding_weapon id_card long_hair looking_at_viewer purple_eyes shirt short_shorts shorts sledgehammer sleeveless sleeveless_shirt solo thighhighs weapon,commentary_request highres official_art
poncirus_(to_rest_in_night_breezes)_(arknights),released_skin+danbooru_tag,char_488_buildr@epoque#34,True,no_exact_tagged_post,0,,,,,,,,,,,,
popukar_(arknights),legacy_appearance_pack+released_skin+danbooru_tag,char_281_popka#1,True,candidate,5,6,11352371,popukar_(arknights),supplemental search,game_mirror,https://arknights.wiki.gg/images/Popukar.png,https://danbooru.donmai.us/posts/11352371,grey_hair red_eyes pleated_skirt red_skirt hoodie jacket black_hat white_thighhighs braid long_hair,popukar_(arknights),popukar_(arknights),1girl animal_bag animal_ear_legwear arms_up backpack bag black_hat bow braid chainsaw child eyepatch film_grain full_body grey_hair hair_between_eyes hair_bow hair_ornament hair_over_one_eye handbag hat holding holding_weapon hood hoodie infection_monitor_(arknights) jacket long_hair long_sleeves looking_at_viewer open_mouth orange_bow pleated_skirt rabbit_bag rabbit_ear_legwear rabbit_hair_ornament red_bow red_eyes red_skirt short_hair simple_background skirt solo tachi-e thighhighs transparent_background weapon white_thighhighs,official_art third-party_source
popukar_(witch's_swing)_(arknights),released_skin+danbooru_tag,char_281_popka@witch#5,True,candidate,2,19,8343617,popukar_(arknights),Witch's Swing,game_mirror,https://arknights.wiki.gg/images/8/84/Popukar_Skin_1.png,https://danbooru.donmai.us/posts/8343617,brown_hair red_eyes rabbit_ears black_shirt black_hairband black_hat short_hair,popukar_(witch's_swing)_(arknights),popukar_(arknights) popukar_(witch's_swing)_(arknights),1girl animal_ears black_bow black_hairband black_hat black_shirt blush bonnet bow brooch brown_hair eyepatch full_body hair_between_eyes hair_ornament hairband hat jewelry long_sleeves looking_at_viewer rabbit_ears rabbit_girl red_eyes shirt short_hair solo transparent_background,official_art source_request
popukar_(幽然灵竹)_(arknights),released_skin_official_name,char_281_popka@sale#18,False,official_name_without_tag,0,,,,,,,,,,,,
pozyomka_(arknights),legacy_appearance_pack,,True,candidate,1,19,5581363,pozyomka_(arknights),Default,game_mirror,https://aceship.github.io/AN-EN-Tags/img/characters/char_4055_bgsnow_1.png,https://danbooru.donmai.us/posts/5581363,pink_hair pink_eyes wolf_ears red_skirt black_shoes very_long_hair,pozyomka_(arknights),pozyomka_(arknights),1girl animal_ears bare_legs belt black_shoes closed_mouth crossbow envelope extra_ears full_body hair_between_eyes hair_ornament hand_up holding holding_crossbow holding_envelope holding_letter holding_weapon letter long_hair looking_at_viewer multiple_belts pink_eyes pink_hair red_skirt shoes simple_background skirt solo standing tachi-e thigh_strap thighs transparent_background very_long_hair weapon wolf_ears,highres official_art
pramanix_(arknights),legacy_appearance_pack+released_skin+danbooru_tag,char_174_slbell#1+char_174_slbell#2,True,candidate,1,19,3884149,pramanix_(arknights),Default,game_mirror,https://aceship.github.io/AN-EN-Tags/akhrchars.html?opname=Pramanix,https://danbooru.donmai.us/posts/3884149,black_hair white_hair grey_eyes animal_ears tail black_boots grey_thighhighs knee_boots very_long_hair,pramanix_(arknights),pramanix_(arknights),1girl animal_ear_fluff animal_ears bell black_boots black_hair boots closed_mouth expressionless full_body grey_eyes grey_thighhighs hand_on_own_tail jewelry kjerag_logo knee_boots long_hair long_sleeves looking_at_viewer messy_hair multicolored_hair necklace snow_leopard_ears snow_leopard_tail solo tail thighhighs transparent_background two-tone_hair very_long_hair wavy_hair white_hair,official_art
pramanix_(caster's_frost)_(arknights),released_skin+danbooru_tag,char_174_slbell@snow#1,True,candidate,1,19,3799566,pramanix_(arknights),Caster's Frost,game_mirror,https://aceship.github.io/AN-EN-Tags/akhrchars.html?opname=Pramanix,https://danbooru.donmai.us/posts/3799566,grey_hair grey_eyes animal_ears tail black_skirt blue_jacket black_boots black_capelet black_gloves black_hat braid,pramanix_(caster's_frost)_(arknights),pramanix_(arknights) pramanix_(caster's_frost)_(arknights),1girl animal_ear_fluff animal_ears bag bell black_boots black_capelet black_gloves black_hat black_skirt blue_jacket boots braid capelet full_body gloves grey_eyes grey_hair hair_between_eyes handbag hat house jacket kjerag_logo long_hair long_sleeves looking_at_viewer official_alternate_costume railing skirt snow_leopard_ears snow_leopard_tail solo stairs standing tail transparent_background twin_braids very_long_hair,official_art
pramanix_the_prerita_(arknights),legacy_appearance_pack+released_skin+danbooru_tag,char_1046_sbell2#1+char_1046_sbell2#2,True,no_exact_tagged_post,0,,,,,,,,,,,,
pramanix_the_prerita_(曙光祝颂)_(arknights),released_skin_official_name,char_1046_sbell2@ambienceSynesthesia#8,False,official_name_without_tag,0,,,,,,,,,,,,
priestess_(arknights),legacy_appearance_pack,,True,candidate,8,9,9122366,priestess_(arknights),supplemental search,game_asset,https://arknights.wiki.gg/images/e/e6/60_i25.png?7f83d7,https://danbooru.donmai.us/posts/9122366,black_hair grey_hair grey_eyes open_jacket turtleneck_shirt white_jacket white_shirt black_hairband long_hair,priestess_(arknights),priestess_(arknights),1girl black_hair black_hairband black_ribbon bow closed_mouth diamond_in_eye floating_hair gradient_hair grey_eyes grey_hair hairband jacket long_hair looking_at_viewer multicolored_hair open_clothes open_jacket purple_pupils ribbon shirt simple_background smile solo straight-on turtleneck turtleneck_shirt upper_body white_bow white_jacket white_shirt,game_asset highres official_art third-party_source
projekt_red_(arknights),legacy_appearance_pack+released_skin+danbooru_tag,char_144_red#1+char_144_red#2,True,candidate,1,19,3563895,projekt_red_(arknights),Default,game_mirror,https://aceship.github.io/AN-EN-Tags/akhrchars.html?opname=Projekt_Red,https://danbooru.donmai.us/posts/3563895,grey_hair yellow_eyes wolf_ears tail grey_dress fur-trimmed_coat hooded_coat hooded_jacket open_jacket black_boots long_hair,projekt_red_(arknights),projekt_red_(arknights),1girl animal_ears bag black_boots boots breasts coat coat_stash dress expressionless full_body fur-trimmed_coat fur_trim grey_dress grey_hair hair_between_eyes holding holding_knife hood hood_up hooded_coat hooded_jacket jacket knee_boots knife lace-up_boots long_hair looking_at_viewer medium_breasts messy_hair open_clothes open_jacket parted_lips red_boots red_coat shoulder_bag sidelocks simple_background solo tachi-e tail throwing_knife transparent_background weapon wolf_ears wolf_girl wolf_tail yellow_eyes,official_art
projekt_red_(light_breeze)_(arknights),legacy_appearance_pack,,True,candidate,1,19,4679503,projekt_red_(arknights),Light Breeze,game_mirror,https://aceship.github.io/AN-EN-Tags/img/characters/char_144_red_summer%236.png,https://danbooru.donmai.us/posts/4679503,grey_hair yellow_eyes wolf_ears tail black_one-piece_swimsuit highleg_one-piece_swimsuit hooded_jacket open_jacket long_hair,projekt_red_(light_breeze)_(arknights),projekt_red_(arknights) projekt_red_(light_breeze)_(arknights),1girl air_pump animal_ears ball beach_umbrella beachball bicycle_pump black_one-piece_swimsuit character_name cooler ears_through_headwear english_text fish fishing_rod full_body greek_toe grey_hair hair_between_eyes hands_in_pockets highleg highleg_one-piece_swimsuit hood hood_up hooded_jacket inflatable_raft jacket knife long_hair long_sleeves looking_at_viewer official_alternate_costume one-piece_swimsuit open_clothes open_jacket orange_umbrella red_jacket solo swimsuit tackle_box tail toes transparent_background umbrella wolf_ears wolf_girl wolf_tail yellow_eyes,highres official_art
projekt_red_(light_breeze_lb01)_(arknights),released_skin_official_name,char_144_red@summer#6,False,official_name_without_tag,0,,,,,,,,,,,,
provence_(arknights),legacy_appearance_pack+released_skin+danbooru_tag,char_145_prove#1+char_145_prove#2,True,candidate,4,7,3564031,provence_(arknights),supplemental search,game_mirror,https://aceship.github.io/AN-EN-Tags/akhrchars.html?opname=Provence,https://danbooru.donmai.us/posts/3564031,purple_hair yellow_eyes wolf_ears tail black_pants purple_shirt black_boots black_gloves knee_boots braid long_hair,provence_(arknights),provence_(arknights),1girl animal_ears black_boots black_gloves black_pants boots braid breasts buckle chaps cloak crossbow cyborg floating_hair full_body gloves hair_over_shoulder holding holding_crossbow holding_weapon hood hood_down hooded_cloak knee_boots knee_pads long_hair looking_at_viewer multicolored_gloves open_mouth pants puffy_sleeves purple_cloak purple_hair purple_shirt shirt sidelocks simple_background single_braid small_breasts snap-fit_buckle solo tachi-e tail thigh_strap transparent_background trigger_discipline weapon wolf wolf_ears wolf_tail yellow_eyes,official_art
provence_(casual_vacation)_(arknights),legacy_appearance_pack,,True,needs_source_or_visual_review,2,7,4044984,provence_(arknights),supplemental search,game_mirror,https://aceship.github.io/AN-EN-Tags/img/characters/char_145_prove_summer%233.png,https://danbooru.donmai.us/posts/4044984,grey_hair yellow_eyes wolf_ears tail blue_bikini swimsuit black_shorts short_shorts white_shirt braid long_hair,provence_(casual_vacation)_(arknights),provence_(arknights) provence_(casual_vacation)_(arknights),1girl :o animal_ears bag beach_umbrella bikini bikini_under_clothes black_shorts blue_bikini braid braided_ponytail breasts cleavage clothing_cutout cooler crab crop_top extra_ears faux_figurine food framed_breasts full_body grey_hair hand_up head_tilt high_collar hip_vent holding holding_food long_hair medium_breasts midriff navel official_alternate_costume open_mouth popsicle sandals shadow shirt short_shorts short_sleeves shorts single_braid solo standing standing_on_one_leg stomach swimsuit tail thighs transparent_background umbrella white_shirt wolf_ears wolf_tail yellow_eyes,highres official_art
provence_(holiday_hd08)_(arknights),released_skin_official_name,char_145_prove@summer#3,False,official_name_without_tag,0,,,,,,,,,,,,
provence_(wasteland_walker)_(arknights),released_skin+danbooru_tag,char_145_prove@wild#5,True,candidate,2,7,4679566,provence_(arknights),supplemental search,game_mirror,https://aceship.github.io/AN-EN-Tags/img/characters/char_145_prove_wild%235.png,https://danbooru.donmai.us/posts/4679566,purple_hair yellow_eyes wolf_ears tail black_shirt black_shorts short_shorts black_boots black_gloves clawed_boots,provence_(wasteland_walker)_(arknights),provence_(arknights) provence_(wasteland_walker)_(arknights),1girl aircraft airplane animal_ears animal_hood black_boots black_gloves black_shirt black_shorts blue_sky boot_knife boots car clawed_boots crop_top crossbow damaged ears_through_headwear full_body gloves holding holding_crossbow holding_weapon hood hood_up knee_pads knife large_tail looking_at_viewer midriff motor_vehicle mountain navel official_alternate_costume purple_hair sheath sheathed shirt short_shorts shorts sky smile solo standing stomach tail thighs transparent_background watermark weapon wolf wolf_ears wolf_girl wolf_tail yellow_eyes,highres official_art
ptilopsis_(among_the_clouds)_(arknights),released_skin_official_name,char_128_plosis@yun#4,False,official_name_without_tag,0,,,,,,,,,,,,
ptilopsis_(arknights),legacy_appearance_pack+released_skin+danbooru_tag,char_128_plosis#1+char_128_plosis#2,True,candidate,1,19,3563873,ptilopsis_(arknights),Default,game_mirror,https://aceship.github.io/AN-EN-Tags/akhrchars.html?opname=Ptilopsis,https://danbooru.donmai.us/posts/3563873,grey_hair orange_eyes yellow_eyes animal_ears short_dress white_dress feather-trimmed_coat grey_coat black_boots orange_socks medium_hair,ptilopsis_(arknights),ptilopsis_(arknights),1girl animal_ears armband bare_legs black_boots boots breasts closed_mouth coat collarbone crossed_legs dress expressionless feather-trimmed_coat feather_trim full_body gloves goggles grey_coat grey_hair holding holding_staff long_sleeves looking_at_viewer medium_breasts medium_hair multicolored_eyes open_clothes open_coat orange_eyes orange_socks owl_ears short_dress sidelocks simple_background socks solo staff straight-on tachi-e transparent_background veil watson_cross weapon white_dress yellow_eyes,official_art
ptilopsis_(serenity)_(arknights),released_skin+danbooru_tag,char_128_plosis@epoque#3,True,candidate,1,19,3798696,ptilopsis_(arknights),Serenity,game_mirror,https://aceship.github.io/AN-EN-Tags/akhrchars.html?opname=Ptilopsis,https://danbooru.donmai.us/posts/3798696,grey_hair orange_eyes black_dress pleated_dress purple_jacket ribbed_sweater turtleneck_sweater black_hat long_hair,ptilopsis_(serenity)_(arknights),meeboo_(arknights) ptilopsis_(arknights) ptilopsis_(serenity)_(arknights),1girl animal armband bag beret bird black_dress black_hat black_shoes black_thighhighs bread casual dress duffel_bag elbow_carry expressionless food full_body grey_hair grocery_bag hair_ornament handbag hat holding holding_bag holding_staff jacket long_hair long_sleeves looking_at_viewer official_alternate_costume orange_eyes outdoors owl owl_ears paper_bag pleated_dress purple_jacket railing rhine_lab_logo ribbed_sweater robot shoes shopping shopping_bag solo staff sweater thighhighs transparent_background tree turtleneck turtleneck_sweater zettai_ryouiki,highres official_art
qalaisa_(arknights),legacy_appearance_pack,,True,candidate,1,13,7905983,qalaisa_(arknights),,game_mirror,https://arknights.wiki.gg/images/c/c9/Qalaiša.png,https://danbooru.donmai.us/posts/7905983,black_hair blue_eyes horns pointy_ears black_dress long_dress black_jacket blue_skirt fur-trimmed_jacket sleeveless_shirt very_long_hair,qalaisa_(arknights),qalaisa_(arknights),1girl bare_shoulders black_dress black_hair black_horns black_jacket black_shoes blue_eyes blue_skirt blunt_bangs blunt_ends cleavage_cutout clothing_cutout demon_girl demon_horns dress earrings elbow_gloves floating_clothes floating_hair full_body fur-trimmed_jacket fur_trim gloves hair_over_one_eye holding holding_staff horn_ornament horn_ribbon horns jacket jacket_on_shoulders jewelry long_dress long_hair looking_down mole mole_on_arm mole_under_mouth one_eye_covered parted_lips pinafore_dress pointy_ears ribbon shirt shoes side_slit simple_background skirt sleeveless sleeveless_dress sleeveless_shirt smile solo staff standing tachi-e transparent_background turtleneck turtleneck_shirt two-sided_fabric two-sided_skirt two_side_up very_long_hair white_gloves white_shirt,bad_link official_art third-party_source
qiubai_(arknights),legacy_appearance_pack+released_skin+danbooru_tag,char_4082_qiubai#1+char_4082_qiubai#2,True,candidate,1,19,6070057,qiubai_(arknights),Default,game_mirror,https://raw.githubusercontent.com/Aceship/Arknight-Images/main/characters/char_4082_qiubai_1.png,https://danbooru.donmai.us/posts/6070057,grey_hair red_eyes horns black_dress black_gloves elbow_gloves very_long_hair,qiubai_(arknights),qiubai_(arknights),1girl bare_shoulders belt black_belt black_dress black_gloves dress elbow_gloves full_body gloves grey_hair hair_over_one_eye holding holding_sword holding_weapon horns long_hair looking_at_viewer red_eyes simple_background solo standing sword tachi-e thigh_strap thighs transparent_background very_long_hair weapon,highres official_art
qiubai_(courtesy)_(arknights),released_skin+danbooru_tag,char_4082_qiubai@epoque#31,True,no_exact_tagged_post,0,,,,,,,,,,,,
qiubai_(wine-flushed_is_woods_of_rime)_(arknights),released_skin+danbooru_tag,char_4082_qiubai@ncg#1,True,needs_source_or_visual_review,1,15,6649229,qiubai_(arknights),Wine-Flushed is Woods of Rime,source_unverified,https://t.bilibili.com/835561079973085186,https://danbooru.donmai.us/posts/6649229,grey_hair red_eyes horns white_dress grey_skirt black_thighhighs headdress,qiubai_(wine-flushed_is_woods_of_rime)_(arknights),qiubai_(arknights) qiubai_(wine-flushed_is_woods_of_rime)_(arknights),1girl arm_up bird black_thighhighs boat border chinese_text copyright_name dress egret_(animal) elevation_contour_lines full_body grey_hair grey_skirt headdress horns lantern little_egret red_eyes reeds skirt solo thighhighs topographic_map tree water watercraft white_dress,commentary_request highres official_art
quercus_(arknights),legacy_appearance_pack+released_skin+danbooru_tag,char_492_quercu#1+char_492_quercu#2,True,candidate,1,19,5131960,quercus_(arknights),Default,game_mirror,https://aceship.github.io/AN-EN-Tags/img/characters/char_492_quercu_1.png,https://danbooru.donmai.us/posts/5131960,brown_hair brown_eyes cat_ears tail black_pants black_boots black_gloves long_hair,quercus_(arknights),quercus_(arknights),1girl animal_ears black_boots black_gloves black_pants boots breasts brown_eyes brown_hair cat_ears chain cleavage_cutout clothing_cutout covered_navel full_body gloves highleg holding holding_staff large_breasts long_hair looking_at_viewer pants pouch simple_background smile solo staff standing tachi-e tail transparent_background,highres official_art
quercus_(distant_home's_guide)_(arknights),released_skin+danbooru_tag,char_492_quercu@epoque#17,True,no_exact_tagged_post,0,,,,,,,,,,,,
quercus_(the_bard's_tale)_(arknights),released_skin+danbooru_tag,char_492_quercu@witch#4,True,needs_source_or_visual_review,1,11,6743746,quercus_(arknights),The Bard's Tale,source_unverified,https://t.bilibili.com/848548098767585284,https://danbooru.donmai.us/posts/6743746,blonde_hair yellow_eyes animal_ears white_dress long_hair,quercus_(the_bard's_tale)_(arknights),quercus_(arknights) quercus_(the_bard's_tale)_(arknights),1girl animal_ears bat_(animal) blonde_hair cane dress holding holding_instrument instrument long_hair looking_at_viewer official_alternate_costume rabbit sword tree weapon white_dress yellow_eyes,chinese_commentary commentary_request highres official_art promotional_art
raidian_(arknights),legacy_appearance_pack+released_skin+danbooru_tag,char_4195_radian#1+char_4195_radian#2,True,candidate,1,18,9868738,raidian_(arknights),Default,game_mirror,https://media.prts.wiki/5/5c/立绘_电弧_1.png,https://danbooru.donmai.us/posts/9868738,grey_hair tail wings rhodes_island_uniform black_shorts black_boots pink_gloves two-sided_gloves short_hair,raidian_(arknights),raidian_(arknights),1girl ammunition_pouch bare_legs belt bird_girl black_boots black_feathers black_shorts boots cable cable_tail closed_eyes dark-skinned_female dark_skin double_v drop_shadow earrings electric_plug electric_plug_tail extra_arms feathers flower full_body gloves grey_hair grin hair_flower hair_ornament head_wings jewelry load-bearing_vest mechanical_arms mechanical_tail multiple_belts pink_gloves pouch red_flower rhodes_island_logo_(arknights) rhodes_island_uniform short_hair shorts simple_background smile solo standing steepled_fingers tachi-e tactical_clothes tail teeth transparent_background two-sided_gloves v white_flower wings,official_art revision third-party_source
raidian_(lorem_ipsum)_(arknights),released_skin+danbooru_tag,char_4195_radian@game#8,True,needs_source_or_visual_review,1,15,10930459,raidian_(arknights),Lorem Ipsum,source_unverified,file://raidian1.png,https://danbooru.donmai.us/posts/10930459,grey_hair wings brown_robe black_shoes red_gloves two-tone_gloves witch_hat hair_bun,raidian_(lorem_ipsum)_(arknights),raidian_(arknights) raidian_(lorem_ipsum)_(arknights),1girl bird_girl black_feathers black_shoes book brown_robe closed_eyes cloud cloudy_sky diorama dragon earrings english_text extra_arms feathers fire fish floating floating_book floating_object flying_fish full_body gloves grey_hair hair_bun hat head_wings holding holding_trophy jewelry landscape low_poly missing_texture_(source) mountain multicolored_gloves necklace official_alternate_costume open_mouth petting reading red_gloves ripples robe shoes single_hair_bun sitting sky smile solo surreal t-pose transparent_background tree trophy two-tone_gloves untextured white_gloves white_robe wings witch_hat,absurdres highres non-web_source official_art
ray_(arknights),legacy_appearance_pack+released_skin+danbooru_tag,char_4117_ray#1+char_4117_ray#2,True,candidate,1,19,7392551,ray_(arknights),Default,game_mirror,https://raw.githubusercontent.com/Aceship/Arknight-Images/main/characters/char_4117_ray_1.png,https://danbooru.donmai.us/posts/7392551,purple_hair purple_eyes rabbit_ears black_shirt black_shorts grey_coat open_coat pantyhose_under_shorts black_shoes very_long_hair,ray_(arknights),ray_(arknights),1girl animal_ears belt black_shirt black_shoes black_shorts breasts coat full_body gloves grey_belt grey_coat grey_pantyhose gun hand_up holding holding_gun holding_weapon long_hair long_sleeves looking_at_viewer midriff_peek navel open_clothes open_coat pantyhose pantyhose_under_shorts purple_eyes purple_hair rabbit_ears rifle shirt shoes short_shorts shorts simple_background small_breasts solo tachi-e thigh_strap transparent_background very_long_hair visor_cap weapon yellow_gloves,highres official_art
ray_(dreaming_high)_(arknights),legacy_appearance_pack+released_skin+danbooru_tag,char_4117_ray@shining#2,True,candidate,1,18,11494690,ray_(arknights),Dreaming High,game_mirror,https://arknights.wiki.gg/wiki/Ray#/media/File:Ray_Skin_1.png,https://danbooru.donmai.us/posts/11494690,pink_hair purple_eyes rabbit_ears black_skirt jacket shirt black_gloves black_necktie fingerless_gloves very_long_hair,ray_(dreaming_high)_(arknights),ray_(arknights) ray_(dreaming_high)_(arknights) sandbeast_(arknights),1girl animal_ears black_gloves black_necktie black_skirt breasts broken_guitar closed_mouth electric_guitar english_text fingerless_gloves gloves guitar hairband instrument jacket long_hair looking_at_viewer microphone necktie official_alternate_costume pantyhose pink_hair purple_eyes rabbit_ears shirt shoes skirt solo v very_long_hair,highres official_art third-party_source
ray_(夏卉_fa098)_(arknights),released_skin_official_name,char_4117_ray@summer#22,False,official_name_without_tag,0,,,,,,,,,,,,
reed_(arknights),legacy_appearance_pack+released_skin+danbooru_tag,char_261_sddrag#1+char_261_sddrag#2,True,candidate,1,19,3769722,reed_(arknights),Default,game_mirror,https://aceship.github.io/AN-EN-Tags/akhrchars.html?opname=Reed,https://danbooru.donmai.us/posts/3769722,white_hair blue_eyes dragon_tail horns black_dress ribbed_dress open_jacket white_jacket black_boots black_gloves long_hair,reed_(arknights),reed_(arknights),1girl ahoge black_boots black_dress black_gloves black_thighhighs blue_eyes blunt_bangs boots breasts closed_mouth dragon_horns dragon_tail dress earrings fire full_body gloves glowing hand_up holding holding_weapon horns jacket jewelry light_in_heart long_hair long_sleeves looking_at_viewer medium_breasts multiple_horns open_clothes open_jacket polearm ribbed_dress sidelocks simple_background solo standing tachi-e tail thigh_boots thighhighs thighhighs_under_boots transparent_background weapon white_hair white_jacket,official_art
reed_(emerald_holiday)_(arknights),released_skin+danbooru_tag,char_261_sddrag@ambienceSynesthesia#2,True,candidate,1,18,5438889,reed_(arknights),Emerald Holiday,game_mirror,https://aceship.github.io/AN-EN-Tags/img/characters/char_261_sddrag_ambienceSynesthesia%232.png,https://danbooru.donmai.us/posts/5438889,grey_hair green_eyes dragon_tail horns pencil_dress short_dress ankle_boots black_boots black_cape long_hair,reed_(emerald_holiday)_(arknights),reed_(arknights) reed_(emerald_holiday)_(arknights),1girl 2022 ankle_boots bare_legs black_boots black_cape book boots briefcase bug butterfly cape cat chair chessboard crossed_legs dragon_horns dragon_tail dress fire flame-tipped_tail green_eyes grey_hair high_heel_boots high_heels holding holding_book holding_removed_eyewear horns long_hair long_sleeves looking_at_viewer official_alternate_costume parted_lips pencil_dress short_dress sitting solo tail thigh_strap thighs transparent_background umbrella unworn_eyewear white_dress,highres official_art third-party_source
reed_(young)_(arknights),legacy_appearance_pack,,True,candidate,1,18,9835654,reed_(arknights),Young,game_mirror,https://media.prts.wiki/c/c2/Avg_avg_npc_1684_1-1$1.png,https://danbooru.donmai.us/posts/9835654,blonde_hair blue_eyes dragon_tail horns white_dress white_pantyhose white_shoes very_long_hair,reed_(young)_(arknights),reed_(arknights) reed_(young)_(arknights),1girl aged_down blonde_hair blue_eyes child dragon_girl dragon_horns dragon_tail dress fire flame-tipped_tail flower full_body holding holding_flower horns long_hair long_sleeves pantyhose puffy_long_sleeves puffy_sleeves shoes simple_background sleeves_past_wrists solo standing tachi-e tail transparent_background very_long_hair white_dress white_flower white_pantyhose white_shoes yellow_flower,official_art third-party_source
reed_the_flame_shadow_(arknights),legacy_appearance_pack+released_skin+danbooru_tag,char_1020_reed2#1+char_1020_reed2#2,True,no_exact_tagged_post,0,,,,,,,,,,,,
reed_the_flame_shadow_(curator)_(arknights),released_skin+danbooru_tag,char_1020_reed2@epoque#30,True,no_exact_tagged_post,0,,,,,,,,,,,,
reed_the_flame_shadow_(glowing_flame_in_the_night)_(arknights),released_skin+danbooru_tag,char_1020_reed2@snow#8,True,no_exact_tagged_post,0,,,,,,,,,,,,
reed_the_flame_shadow_(summer_flowers_fa075)_(arknights),released_skin_official_name,char_1020_reed2@summer#17,False,official_name_without_tag,0,,,,,,,,,,,,
roberta_(arknights),legacy_appearance_pack+released_skin+danbooru_tag,char_484_robrta#1+char_484_robrta#2,True,candidate,1,19,4782510,roberta_(arknights),Default,game_mirror,https://aceship.github.io/AN-EN-Tags/img/characters/char_484_robrta_1.png,https://danbooru.donmai.us/posts/4782510,brown_hair black_eyes tail black_dress white_jacket white_shirt black_pantyhose white_shoes short_hair,roberta_(arknights),roberta_(arknights),1girl black_dress black_eyes black_pantyhose brown_hair dress full_body goggles goggles_on_head hand_up holding jacket long_sleeves looking_at_viewer off_shoulder pantyhose shirt shoes short_hair simple_background smile solo standing tachi-e tail transparent_background white_jacket white_shirt white_shoes,highres official_art
roberta_(granter_of_colors)_(arknights),released_skin+danbooru_tag,char_484_robrta@ambienceSynesthesia#3,True,candidate,1,19,7404576,roberta_(arknights),Granter of Colors,game_mirror,https://raw.githubusercontent.com/Aceship/Arknight-Images/main/characters/char_484_robrta_ambienceSynesthesia%233.png,https://danbooru.donmai.us/posts/7404576,brown_hair brown_eyes tail black_dress short_dress black_pants black_boots black_hat high_heel_boots short_hair,roberta_(granter_of_colors)_(arknights),roberta_(arknights) roberta_(granter_of_colors)_(arknights),1girl bare_shoulders beret black_boots black_dress black_hat black_pants boots brown_eyes brown_hair dress hat high_heel_boots high_heels leggings letter looking_at_viewer marble_(stone) marble_sculpture official_alternate_costume pants short_dress short_hair sitting smile solo statue strapless strapless_dress tail transparent_background wrist_cuffs,highres official_art
roberta_(summer_flowers_fa374)_(arknights),released_skin_official_name,char_484_robrta@summer#10,False,official_name_without_tag,0,,,,,,,,,,,,
robin_(arknights),legacy_appearance_pack+released_skin+danbooru_tag,char_451_robin#1+char_451_robin#2,True,candidate,1,19,4253253,robin_(arknights),Default,game_mirror,https://aceship.github.io/AN-EN-Tags/img/characters/char_451_robin_1.png,https://danbooru.donmai.us/posts/4253253,black_hair yellow_eyes animal_ears tail black_shorts white_shirt brown_shoes long_hair,robin_(arknights),robin_(arknights),1girl animal_ears animal_hands bags_under_eyes barcode black_hair black_shorts briefcase brown_shoes cross_tie freckles full_body holding holding_knife holding_weapon knife leggings long_hair long_sleeves looking_at_viewer raccoon_ears raccoon_tail shirt shoes shorts simple_background solo standing tachi-e tail transparent_background weapon white_shirt yellow_eyes,official_art
robin_(gift_of_wild)_(arknights),released_skin+danbooru_tag,char_451_robin@epoque#13,True,candidate,1,19,10662838,robin_(arknights),Gift of Wild,game_mirror,https://media.prts.wiki/b/b6/立绘_罗宾_skin1.png,https://danbooru.donmai.us/posts/10662838,brown_hair yellow_eyes animal_ears tail black_jacket fur-trimmed_jacket long_skirt sleeveless_shirt white_shirt yellow_skirt ponytail,robin_(gift_of_wild)_(arknights),robin_(arknights) robin_(gift_of_wild)_(arknights),1girl animal animal_ears bag bare_shoulders bird black_gloves black_hat black_jacket brown_hair dagger fedora flower freckles full_body fur-trimmed_jacket fur_trim gloves hair_flower hair_ornament hand_on_own_hip hat holding holding_knife jacket knife long_hair long_skirt long_sleeves looking_at_viewer off_shoulder official_alternate_costume open_clothes outdoors pantyhose ponytail purple_flower raccoon raccoon_ears raccoon_girl raccoon_tail shirt skirt sky sleeveless sleeveless_shirt solo standing suitcase tail transparent_background weapon white_shirt yellow_eyes yellow_skirt,highres official_art
rope_(arknights),legacy_appearance_pack+released_skin+danbooru_tag,char_236_rope#1+char_236_rope#2,True,candidate,1,19,3770474,rope_(arknights),Default,game_mirror,https://aceship.github.io/AN-EN-Tags/akhrchars.html?opname=Rope,https://danbooru.donmai.us/posts/3770474,purple_hair grey_eyes rabbit_ears tail black_jacket black_gloves black_shoes black_thighhighs choker long_hair,rope_(arknights),rope_(arknights),1girl :d animal_ears black_bow black_gloves black_jacket black_shoes black_thighhighs blush bow breasts buckle choker combat_knife earrings full_body gloves gradient_hair grappling_hook grey_eyes hair_bow holding holding_knife jacket jewelry knife long_hair long_sleeves looking_at_viewer medium_breasts multicolored_hair name_tag open_mouth pouch purple_hair rabbit_ears shoes simple_background smile snap-fit_buckle sneakers solo tachi-e tail thighhighs thighs transparent_background weapon,bad_source official_art
rope_(imp's_house)_(arknights),released_skin+danbooru_tag,char_236_rope@witch#1,True,candidate,1,19,3770478,rope_(arknights),Imp's House,game_mirror,https://aceship.github.io/AN-EN-Tags/img/characters/char_236_rope_witch%231.png,https://danbooru.donmai.us/posts/3770478,black_hair purple_hair grey_eyes rabbit_ears black_dress off-shoulder_dress ankle_boots black_hat choker socks long_hair,rope_(imp's_house)_(arknights),lancet-2_(arknights) rope_(arknights) rope_(imp's_house)_(arknights),1girl :o animal_ears ankle_boots bare_shoulders black_dress black_hair black_hat blush boots breasts buttons choker double-breasted dress full_body gradient_hair grey_eyes hair_ornament hand_up hat jack-o'-lantern long_hair long_sleeves looking_at_viewer medium_breasts multicolored_hair off-shoulder_dress off_shoulder official_alternate_costume purple_hair rabbit_ears robot sitting skull_hair_ornament socks solo transparent_background,highres official_art
rope_(summer_flowers_fa008)_(arknights),released_skin_official_name,char_236_rope@summer#2,False,official_name_without_tag,0,,,,,,,,,,,,
rosa_(arknights),legacy_appearance_pack,,True,needs_source_or_visual_review,5,15,12033977,rosa_(arknights),Default,source_unverified,https://www.gamespress.com/Arknights#?tab=artwork-7&scrollto=,https://danbooru.donmai.us/posts/12033977,white_hair grey_eyes animal_ears white_jacket blue_hat blue_necktie fur-trimmed_boots grey_boots long_hair,rosa_(arknights),rosa_(arknights),1girl animal_ears bear_ears bear_girl blue_hat blue_necktie boots full_body fur-trimmed_boots fur_trim grey_boots grey_eyes hair_between_eyes hand_up hat head_tilt heterochromia jacket lace-up_boots long_hair long_sleeves looking_at_viewer multicolored_hair necktie pom_pom_(clothes) simple_background solo standing streaked_hair tachi-e transparent_background ursus_logo white_hair white_jacket,absurdres highres official_art protected_link second-party_source
rosa_(masterpiece)_(arknights),legacy_appearance_pack,,True,candidate,3,18,11292429,rosa_(arknights),Masterpiece,game_mirror,https://media.prts.wiki/2/20/Avg_avg_npc_2165_1-1$1.png,https://danbooru.donmai.us/posts/11292429,white_hair animal_ears long_dress off-shoulder_dress red_hat white_gloves very_long_hair,rosa_(masterpiece)_(arknights),rosa_(arknights) rosa_(masterpiece)_(arknights),1girl animal_ears bare_shoulders bear_ears beret breasts dress full_body gloves hat heterochromia jewelry large_breasts long_dress long_hair looking_at_viewer necklace off-shoulder_dress off_shoulder official_alternate_costume red_hat simple_background smile solo standing tachi-e transparent_background very_long_hair wavy_hair white_dress white_gloves white_hair,highres official_art third-party_source
rosmontis_(an_airy_dream)_(arknights),released_skin+danbooru_tag,char_391_rosmon@sale#16,True,no_exact_tagged_post,0,,,,,,,,,,,,
rosmontis_(arknights),legacy_appearance_pack+released_skin+danbooru_tag,char_391_rosmon#1+char_391_rosmon#2,True,candidate,2,18,4179709,rosmontis_(arknights),Default,game_mirror,https://aceship.github.io/AN-EN-Tags/img/characters/char_391_rosmon_1.png,https://danbooru.donmai.us/posts/4179709,grey_hair green_eyes cat_ears cat_tail rhodes_island_uniform short_dress white_dress black_boots blue_cape blue_gloves long_hair,rosmontis_(arknights),rosmontis_(arknights),1girl animal_ear_fluff animal_ears bare_legs black_boots blue_cape blue_gloves boots cape cat_ears cat_girl cat_tail dress fingerless_gloves front_slit full_body gloves green_eyes grey_hair long_hair looking_at_viewer rhodes_island_uniform short_dress simple_background solo standing tachi-e tail transparent_background white_dress,highres official_art third-party_source
rosmontis_(become_anew)_(arknights),released_skin+danbooru_tag,char_391_rosmon@epoque#17,True,candidate,1,19,10662760,rosmontis_(arknights),Become Anew,game_mirror,https://media.prts.wiki/b/ba/立绘_迷迭香_skin1.png,https://danbooru.donmai.us/posts/10662760,grey_hair white_hair blue_eyes green_eyes cat_ears wings sleeveless_dress white_dress ponytail very_long_hair,rosmontis_(become_anew)_(arknights),rosmontis_(arknights) rosmontis_(become_anew)_(arknights),1girl animal_ear_fluff animal_ears anklet arm_up bare_legs bare_shoulders barefoot blue_eyes breasts cat_ears cat_girl cuffs dress floating floating_object from_side full_body green_eyes grey_hair jewelry long_hair low_ponytail mechanical_wings official_alternate_costume outstretched_arm ponytail shackles sitting sky sleeveless sleeveless_dress small_breasts solo transparent_background very_long_hair white_dress white_hair wings,highres official_art
saga_(arknights),legacy_appearance_pack+released_skin+danbooru_tag,char_362_saga#1+char_362_saga#2,True,candidate,2,19,4343237,saga_(arknights),Default,game_mirror,https://aceship.github.io/AN-EN-Tags/img/characters/char_362_saga_1.png,https://danbooru.donmai.us/posts/4343237,black_hair brown_eyes animal_ears black_kimono purple_pants white_socks long_hair,saga_(arknights),saga_(arknights),1girl animal_ears black_hair black_kimono brown_eyes dog_ears full_body geta holding holding_polearm holding_weapon japanese_clothes kimono knee_pads long_hair long_sleeves looking_at_viewer naginata pants parted_lips polearm purple_pants simple_background socks solo tabi tachi-e transparent_background weapon white_socks wide_sleeves,highres official_art
saga_(there_they_be)_(arknights),released_skin+danbooru_tag,char_362_saga@sale#9,True,needs_source_or_visual_review,1,3,7548079,saga_(there_they_be)_(arknights),supplemental search,source_unverified,https://twitter.com/morearea/status/1787482559557062802,https://danbooru.donmai.us/posts/7548079,black_hair animal_ears long_hair,saga_(there_they_be)_(arknights),saga_(arknights) saga_(there_they_be)_(arknights),1girl :d animal_ears anniversary black_border black_hair border copyright_name dog_ears dog_girl facial_mark forehead_mark hime_cut japanese_clothes leaning_forward long_hair looking_at_viewer monochrome open_mouth parted_bangs smile solo standing upper_body white_background,highres official_art official_artist_extra
saileach_(appreciate_fragrance)_(arknights),released_skin+danbooru_tag,char_479_sleach@epoque#14,True,candidate,1,18,5211136,saileach_(arknights),Appreciate Fragrance,game_mirror,https://aceship.github.io/AN-EN-Tags/img/characters/char_479_sleach_epoque%2314.png,https://danbooru.donmai.us/posts/5211136,blonde_hair blue_eyes horns pointy_ears off-shoulder_dress white_dress white_gloves very_long_hair,saileach_(appreciate_fragrance)_(arknights),saileach_(appreciate_fragrance)_(arknights) saileach_(arknights),1girl absurdly_long_hair bare_shoulders blonde_hair blue_eyes blue_sky breasts cloud collar day dress flower gloves holding holding_umbrella horns large_breasts long_hair looking_at_viewer off-shoulder_dress off_shoulder official_alternate_costume outdoors petals pointy_ears rose short_sleeves sky smile solo standing transparent_background umbrella very_long_hair white_dress white_flower white_gloves white_rose,highres official_art third-party_source
saileach_(arknights),legacy_appearance_pack+released_skin+danbooru_tag,char_479_sleach#1+char_479_sleach#2,True,candidate,1,19,4782495,saileach_(arknights),Default,game_mirror,https://aceship.github.io/AN-EN-Tags/img/characters/char_479_sleach_1.png,https://danbooru.donmai.us/posts/4782495,blonde_hair blue_eyes pointy_ears blue_hairband blue_necktie grey_boots white_thighhighs braid very_long_hair,saileach_(arknights),saileach_(arknights),1girl absurdly_long_hair bare_shoulders blonde_hair blue_eyes blue_hairband blue_necktie boots braid breasts crossed_legs flag full_body grey_boots hair_spread_out hairband holding holding_sword holding_weapon long_hair looking_at_viewer medium_breasts necktie pointy_ears smile solo standard_bearer standing sword thighhighs transparent_background twin_braids very_long_hair victoria_logo watson_cross weapon white_thighhighs,highres official_art
saileach_(summer_flowers_fa317)_(arknights),released_skin_official_name,char_479_sleach@summer#11,False,official_name_without_tag,0,,,,,,,,,,,,
saria_(arknights),legacy_appearance_pack+released_skin+danbooru_tag,char_202_demkni#1+char_202_demkni#2,True,candidate,1,18,3563856,saria_(arknights),Default,game_mirror,https://aceship.github.io/AN-EN-Tags/akhrchars.html?opname=Saria,https://danbooru.donmai.us/posts/3563856,grey_hair orange_eyes dragon_tail horns black_skirt high-waist_skirt trench_coat multicolored_coat black_boots black_choker long_hair,saria_(arknights),saria_(arknights),1girl ankle_strap black_boots black_choker black_skirt boots breasts buckle choker coat double-parted_bangs dragon_horns dragon_tail earrings expressionless facing_viewer full_body grey_hair gun hair_between_eyes high-waist_skirt holding holding_gun holding_shield holding_weapon horns jewelry legs_apart long_hair long_skirt long_sleeves looking_to_the_side multicolored_coat orange_eyes pencil_skirt shield sidelocks sideways_glance simple_background skirt small_breasts snap-fit_buckle solo straight-on syringe_gun tachi-e tail trench_coat weapon white_background zipper zipper_pull_tab,official_art third-party_source
saria_(stronghold)_(arknights),released_skin+danbooru_tag,char_202_demkni@boc#1,True,candidate,1,19,3887634,saria_(arknights),Stronghold,game_mirror,https://aceship.github.io/AN-EN-Tags/img/characters/char_202_demkni_boc%231.png,https://danbooru.donmai.us/posts/3887634,grey_hair orange_eyes horns grey_skirt black_boots black_gloves black_thighhighs fingerless_gloves long_hair,saria_(stronghold)_(arknights),saria_(arknights) saria_(stronghold)_(arknights),1girl bandages black_boots black_gloves black_thighhighs boots clenched_teeth fingerless_gloves full_body gloves grey_hair grey_skirt gun head_tilt holding holding_gun holding_weapon horns long_hair looking_at_viewer mouth_hold official_alternate_costume orange_eyes shield skirt solo standing teeth teeth_hold thighhighs transparent_background v-shaped_eyebrows weapon,highres official_art
saria_(the_law)_(arknights),legacy_appearance_pack+released_skin+danbooru_tag,char_202_demkni@test#1,True,candidate,1,18,10917741,saria_(arknights),The Law,game_mirror,https://arknights.wiki.gg/images/Saria_MB.png,https://danbooru.donmai.us/posts/10917741,grey_hair orange_eyes dragon_tail horns police_uniform black_pants black_shirt black_boots black_gloves black_hat very_long_hair,saria_(the_law)_(arknights),saria_(arknights) saria_(the_law)_(arknights),1girl adjusting_clothes adjusting_headwear baton_(weapon) black_boots black_gloves black_hat black_pants black_shirt boots bulletproof_vest closed_mouth cuffs dragon_girl dragon_horns dragon_tail elbow_pads full_body gloves grey_hair hair_between_eyes hand_on_headwear hand_on_own_hip hat horns knee_boots knee_pads long_hair looking_at_viewer official_alternate_costume orange_eyes pants peaked_cap police police_hat police_uniform policewoman pouch shirt shoulder_pads simple_background single_glove sleeves_rolled_up solo standing tactical_clothes tail thigh_pouch transparent_background very_long_hair walkie-talkie weapon,official_art third-party_source
saria_(unstained_unshaken)_(arknights),released_skin+danbooru_tag,char_202_demkni@ambienceSynesthesia#7,True,candidate,1,18,11260968,saria_(arknights),"Unstained, Unshaken",game_mirror,https://media.prts.wiki/7/74/立绘_塞雷娅_skin3.png,https://danbooru.donmai.us/posts/11260968,grey_hair orange_hair dragon_tail horns black_jacket black_pants black_shirt open_jacket black_shoes long_hair,saria_(unstained_unshaken)_(arknights),saria_(arknights) saria_(unstained_unshaken)_(arknights),1girl asymmetrical_legwear belt black_belt black_horns black_jacket black_nails black_pants black_shirt black_shoes closed_mouth collarbone dragon dragon_girl dragon_horns dragon_tail earrings flower frilled_sleeves frills full_body grey_hair gun hair_between_eyes holding holding_gun holding_shield holding_weapon horns jacket jewelry lapels loafers long_hair looking_at_viewer mountain multiple_rings nail_polish notched_lapels official_alternate_costume open_clothes open_jacket orange_hair pants partially_unbuttoned puffy_sleeves ring rock ruins shield shirt shoes sitting solo spiked_tail suit_jacket tachi-e tail transparent_background weapon white_flower white_shirt wrist_belt,absurdres highres official_art third-party_source
savage_(300_metres_underground)_(arknights),released_skin+danbooru_tag,char_230_savage@boc#8,True,candidate,1,18,7874398,savage_(arknights),300 Metres Underground,game_mirror,https://media.prts.wiki/5/51/立绘_暴行_skin1.png,https://danbooru.donmai.us/posts/7874398,grey_hair grey_eyes rabbit_ears brown_dress strapless_dress black_boots black_cape black_pantyhose thigh_boots long_hair,savage_(300_metres_underground)_(arknights),savage_(300_metres_underground)_(arknights) savage_(arknights),1girl animal_ears belt black_belt black_boots black_cape black_pantyhose black_sleeves boots brown_dress cape crystal detached_sleeves dress drop_shadow glint gloves grey_eyes grey_hair hammer holding holding_hammer holding_lantern lantern long_hair looking_up official_alternate_costume open_mouth pantyhose rabbit_ears rabbit_girl shadow smile solo standing strapless strapless_dress teeth thigh_boots tongue torn_cape torn_clothes transparent_background tube_dress underground upper_teeth_only white_gloves,absurdres highres official_art third-party_source
savage_(arknights),legacy_appearance_pack+released_skin+danbooru_tag,char_230_savage#1+char_230_savage#2,True,candidate,1,18,3563863,savage_(arknights),Default,game_mirror,https://aceship.github.io/AN-EN-Tags/akhrchars.html?opname=Savage,https://danbooru.donmai.us/posts/3563863,grey_hair grey_eyes rabbit_ears black_dress short_dress black_skirt jacket black_boots black_gloves long_hair,savage_(arknights),savage_(arknights),1girl animal_ears black_boots black_cloak black_dress black_gloves black_skirt blush boots breasts brown_pantyhose cloak closed_mouth dress full_body gloves grey_eyes grey_hair hair_between_eyes hammer head_tilt high_heel_boots high_heels holding holding_hammer jacket large_breasts light_smile long_hair looking_at_viewer name_tag pantyhose rabbit_ears short_dress sidelocks simple_background skirt smile solo tachi-e thigh_boots thighhighs transparent_background two_side_up weapon,official_art third-party_source
savage_(secret_family_recipe)_(arknights),released_skin+danbooru_tag,char_230_savage@kitchen#3,True,no_exact_tagged_post,0,,,,,,,,,,,,
savage_(又一年秋季)_(arknights),released_skin_official_name,char_230_savage@sale#17,False,official_name_without_tag,0,,,,,,,,,,,,
scavenger_(arknights),legacy_appearance_pack+released_skin+danbooru_tag,char_149_scave#1+char_149_scave#2,True,candidate,1,19,4013664,scavenger_(arknights),Default,game_mirror,https://aceship.github.io/AN-EN-Tags/img/characters/char_149_scave_1.png,https://danbooru.donmai.us/posts/4013664,grey_hair yellow_eyes animal_ears tail black_dress short_dress black_boots black_thighhighs thigh_boots yellow_gloves long_hair,scavenger_(arknights),scavenger_(arknights),1girl animal_ears bare_shoulders black_boots black_dress black_thighhighs boots chain detached_sleeves dress full_body gloves grey_hair hair_between_eyes hand_on_own_hip holding holding_sword holding_weapon long_hair long_sleeves looking_at_viewer mouse_ears mouse_tail short_dress simple_background sleeveless sleeveless_dress solo standing sword tachi-e tail thigh_boots thighhighs transparent_background weapon yellow_eyes yellow_gloves zettai_ryouiki,official_art
scavenger_(survive)_(arknights),released_skin+danbooru_tag,char_149_scave@striker#2,True,candidate,1,19,5270258,scavenger_(arknights),Survive,game_mirror,https://aceship.github.io/AN-EN-Tags/img/characters/char_149_scave_striker%232.png,https://danbooru.donmai.us/posts/5270258,grey_hair orange_eyes animal_ears tail black_hairband black_thighhighs yellow_gloves ponytail short_hair,scavenger_(survive)_(arknights),scavenger_(arknights) scavenger_(survive)_(arknights),1girl animal_ears axe bandaged_arm bandages black_hairband black_thighhighs breasts full_body gloves grey_hair hairband hand_up holding holding_axe holding_weapon looking_at_viewer medium_breasts mouse_ears mouse_tail official_alternate_costume orange_eyes planted planted_sword ponytail short_hair solo standing sword tail thighhighs thighs transparent_background weapon yellow_gloves,highres official_art
scene_(arknights),legacy_appearance_pack+released_skin+danbooru_tag,char_336_folivo#1+char_336_folivo#2,True,candidate,1,19,4021215,scene_(arknights),Default,game_mirror,https://aceship.github.io/AN-EN-Tags/img/characters/char_336_folivo_1.png,https://danbooru.donmai.us/posts/4021215,white_hair yellow_eyes black_skirt open_jacket pleated_skirt white_jacket black_shoes black_thighhighs short_hair,scene_(arknights),lens_(arknights) scene_(arknights),1girl ahoge bag black_shoes black_skirt black_thighhighs camera full_body hair_between_eyes hair_ornament head_tilt jacket long_sleeves looking_at_viewer material_growth miniskirt necktie one_side_up open_clothes open_jacket oripathy_lesion_(arknights) pleated_skirt red_necktie robot satchel shoes short_hair simple_background single_thighhigh skirt solo standing tachi-e thighhighs transparent_background white_hair white_jacket yellow_eyes,official_art
scene_(betsushi)_(arknights),released_skin+danbooru_tag,char_336_folivo@epoque#22,True,candidate,1,18,10658811,scene_(arknights),Betsushi,game_mirror,https://media.prts.wiki/1/14/立绘_稀音_skin1.png,https://danbooru.donmai.us/posts/10658811,grey_hair yellow_eyes kimono high-waist_skirt black_boots knee_boots white_pantyhose short_hair,scene_(betsushi)_(arknights),lens_(arknights) scene_(arknights) scene_(betsushi)_(arknights),1girl ahoge bare_tree black_boots black_bow boots bow full_body grey_hair hair_bow hair_ornament high-waist_skirt holding holding_umbrella japanese_clothes kimono knee_boots long_sleeves looking_at_viewer official_alternate_costume oil-paper_umbrella pantyhose platform_boots short_hair skirt solo standing star_(symbol) star_hair_ornament table transparent_background tree umbrella white_pantyhose wide_sleeves yellow_eyes,highres official_art third-party_source
scene_(新地形)_(arknights),released_skin_official_name,char_336_folivo@wild#11,False,official_name_without_tag,0,,,,,,,,,,,,
schwarz_(arknights),legacy_appearance_pack+released_skin+danbooru_tag,char_340_shwaz#1+char_340_shwaz#2,True,candidate,1,19,3609279,schwarz_(arknights),Default,game_mirror,https://aceship.github.io/AN-EN-Tags/akhrchars.html?opname=Schwarz,https://danbooru.donmai.us/posts/3609279,black_hair grey_hair yellow_eyes cat_ears cat_tail black_shorts open_coat short_shorts white_coat black_shoes scarf,schwarz_(arknights),schwarz_(arknights),1girl animal_ears arrow_(projectile) bag bare_legs black_hair black_shoes black_shorts breasts cat_ears cat_girl cat_tail closed_mouth coat crop_top crossbow duffel_bag full_body gradient_hair grey_hair high_ponytail holding holding_weapon hood hood_down large_breasts layered_sleeves long_hair long_legs long_sleeves looking_at_viewer midriff multicolored_hair navel open_clothes open_coat ponytail pouch quiver scarf scope see-through_clothes shoes short_over_long_sleeves short_shorts short_sleeves shorts shoulder_bag simple_background sleeveless solo standing stomach tachi-e tail thigh_strap thighs transparent_background v-shaped_eyebrows very_long_hair weapon white_coat yellow_eyes,official_art
schwarz_(presents)_(arknights),legacy_appearance_pack+released_skin+danbooru_tag,char_340_shwaz@snow#1,True,needs_source_or_visual_review,1,3,8605157,schwarz_(presents)_(arknights),supplemental search,source_unverified,https://t.bilibili.com/1011173565071884295,https://danbooru.donmai.us/posts/8605157,grey_hair yellow_eyes cat_ears cat_tail black_shorts pink_jacket red_shirt black_thighhighs,schwarz_(presents)_(arknights),schwarz_(arknights) schwarz_(presents)_(arknights),1girl alternate_costume animal_ear_fluff animal_ears armpits beer_can bell black_shorts black_thighhighs box breasts can cat_ears cat_girl cat_tail christmas_present christmas_tree closed_mouth drink_can feet gift gift_box grey_hair holding holding_can jacket lying neck_bell official_alternate_costume on_side pink_jacket red_shirt shirt shorts soles solo tail thighhighs toes yellow_eyes,absurdres commentary english_commentary highres official_art
schwarz_(skyline)_(arknights),legacy_appearance_pack+released_skin+danbooru_tag,char_340_shwaz@striker#1,True,candidate,2,19,4403944,schwarz_(arknights),Skyline,game_mirror,https://aceship.github.io/AN-EN-Tags/img/avg/characters/avg_npc_166.png,https://danbooru.donmai.us/posts/4403944,grey_hair yellow_eyes cat_ears cat_tail black_jacket white_pants black_gloves black_hat black_shoes very_long_hair,schwarz_(skyline)_(arknights),schwarz_(arknights) schwarz_(skyline)_(arknights),1girl animal_ears black_gloves black_hat black_jacket black_shoes cat_ears cat_tail crossbow ears_through_headwear full_body gloves grey_hair hat headset jacket leggings long_hair long_sleeves looking_at_viewer newsboy_cap official_alternate_costume pants shoes simple_background solo standing tachi-e tail thigh_strap transparent_background very_long_hair weapon white_pants yellow_eyes,official_art
shamare_(arknights),legacy_appearance_pack+released_skin+danbooru_tag,char_254_vodfox#1+char_254_vodfox#2,True,candidate,1,19,3873377,shamare_(arknights),Default,game_mirror,https://aceship.github.io/AN-EN-Tags/img/characters/char_254_vodfox_1.png,https://danbooru.donmai.us/posts/3873377,purple_hair purple_eyes fox_ears fox_tail collared_shirt white_shirt black_shoes white_pantyhose twintails short_hair,shamare_(arknights),morte_(arknights) shamare_(arknights),1girl animal_ear_fluff animal_ears black_panties black_shoes book buckle burnt_clothes collared_shirt crop_top fishnets fox_ears fox_tail frills full_body groin hair_between_eyes hair_ornament high_heels holding holding_book holding_knife holding_stuffed_toy holding_weapon id_card kitchen_knife knife long_sleeves midriff navel off_shoulder panties pantyhose puffy_sleeves pumps purple_eyes purple_hair purple_vest see-through_clothes shirt shoes short_hair simple_background solo standing stuffed_animal stuffed_toy tachi-e tail transparent_background twintails underwear v-shaped_eyebrows vest weapon white_pantyhose white_shirt,official_art
shamare_(celestial_crane)_(arknights),released_skin+danbooru_tag,char_254_vodfox@yun#8,True,candidate,1,18,9873211,shamare_(arknights),Celestial Crane,game_mirror,https://media.prts.wiki/1/16/立绘_巫恋_skin2.png,https://danbooru.donmai.us/posts/9873211,pink_hair pink_eyes fox_ears fox_tail collared_dress white_dress black_skirt black_shoes ribbed_socks white_socks hair_bun,shamare_(celestial_crane)_(arknights),morte_(arknights) shamare_(arknights) shamare_(celestial_crane)_(arknights),1girl animal_ear_fluff animal_ears aoqun architecture bare_tree bird black_shoes black_skirt blue_nails calligraphy chinese_cloth_animal chinese_clothes collared_dress crane_(animal) double_bun dress drop_shadow east_asian_architecture embroidery_hoop floating flower flying fox_ears fox_girl fox_tail full_body full_moon hagoromo hair_between_eyes hair_bun hair_ornament hanfu holding_yarn looking_at_viewer mamianqun mary_janes medium_hair moon mountain mountain_print multiple_moons nail_polish official_alternate_costume paifang patchworks pink_eyes pink_hair ribbed_socks sharp_teeth shawl shoes skirt socks solo standing string stuffed_toy tail teeth transparent_background tree white_dress white_socks wide_sleeves xiangyun yaopei yarn yarn_ball yellow_flower yunjian,check_clothing clothing_request highres official_art third-party_source
shamare_(echo_of_the_horrorlair)_(arknights),released_skin+danbooru_tag,char_254_vodfox@witch#2,True,candidate,1,18,4892657,shamare_(arknights),Echo of the Horrorlair,game_mirror,https://aceship.github.io/AN-EN-Tags/img/characters/char_254_vodfox_witch%232.png,https://danbooru.donmai.us/posts/4892657,pink_eyes fox_ears fox_tail purple_dress black_hat black_shoes mini_hat white_pantyhose twintails long_hair,shamare_(echo_of_the_horrorlair)_(arknights),morte_(arknights) shamare_(arknights) shamare_(echo_of_the_horrorlair)_(arknights),1girl animal_ear_fluff animal_ears axe battle_axe black_hat black_shoes blue_butterfly book bug butterfly coin dress expressionless fox_ears fox_girl fox_tail full_body gold_coin hair_between_eyes hair_ornament hat holding holding_book holding_stuffed_toy long_hair looking_at_viewer looking_back mini_hat official_alternate_costume open_book pantyhose pink_eyes planted planted_sword purple_dress ruins shoes skull_hair_ornament solo standing stuffed_toy sword tail transparent_background treasure_chest twintails weapon white_pantyhose wrist_cuffs,highres official_art third-party_source
shaw_(arknights),legacy_appearance_pack+released_skin+danbooru_tag,char_277_sqrrel#1+char_277_sqrrel#2,True,candidate,1,18,7942365,shaw_(arknights),Default,game_mirror,https://ak.gamepress.gg/sites/default/files/2019-10/char_277_sqrrel_1.png,https://danbooru.donmai.us/posts/7942365,brown_hair brown_eyes tail black_jacket firefighter_jacket black_boots medium_hair,shaw_(arknights),shaw_(arknights),1girl animal_ear_helmet animal_helmet artist_name axe badge belt belt_buckle black_background black_boots black_jacket blurry boots brown_eyes brown_hair buckle fire_axe firefighter firefighter_jacket full_body helmet holding jacket knee_pads medium_hair neck_flap open_mouth pigeon-toed simple_background solo squirrel_tail standing strap tachi-e tail transparent_background,official_art third-party_source
shaw_(cleansweeper_in_the_castle)_(arknights),released_skin+danbooru_tag,char_277_sqrrel@ghost#1,True,candidate,1,18,7942546,shaw_(arknights),Cleansweeper in the Castle,game_mirror,https://ak.gamepress.gg/sites/default/files/2020-10/ShawSkin.png,https://danbooru.donmai.us/posts/7942546,brown_hair brown_eyes animal_ears tail firefighter_jacket pants grey_boots grey_gloves lace-up_boots pumpkin_hat medium_hair,shaw_(cleansweeper_in_the_castle)_(arknights),shaw_(arknights) shaw_(cleansweeper_in_the_castle)_(arknights),1girl animal_ear_helmet animal_ears animal_helmet boots brown_eyes brown_hair eyewear_on_head firefighter_jacket frown full_body gloves grey_boots grey_gloves helmet id_card jack-o'-lantern jacket lace-up_boots long_sleeves medium_hair night_vision_device official_alternate_costume pants pants_tucked_in pumpkin_hat sky solo squirrel squirrel_ears squirrel_tail tail transparent_background vest,highres official_art third-party_source
shining_(arknights),legacy_appearance_pack+released_skin+danbooru_tag,char_147_shining#1+char_147_shining#2,True,candidate,6,10,4884230,shining_(arknights),supplemental search,game_asset,https://aceship.github.io/AN-EN-Tags/img/avg/images/23_I10.png,https://danbooru.donmai.us/posts/4884230,white_hair grey_eyes horns long_hair,shining_(arknights),shining_(arknights),1girl black_cloak caduceus cloak grey_eyes hair_between_eyes hood hooded_cloak horns horns_through_hood jewelry long_hair looking_at_viewer necklace smile solo staff upper_body white_hair,game_asset highres official_art
shining_(silent_night)_(arknights),legacy_appearance_pack,,True,candidate,4,19,3697411,shining_(arknights),Silent Night,game_mirror,https://aceship.github.io/AN-EN-Tags/akhrchars.html?opname=Shining,https://danbooru.donmai.us/posts/3697411,white_hair brown_eyes horns pointy_ears black_one-piece_swimsuit ponytail very_long_hair,shining_(silent_night)_(arknights),shining_(arknights) shining_(silent_night)_(arknights),1girl absurdly_long_hair arm_support bare_shoulders belt bird black_one-piece_swimsuit breasts brown_eyes crossed_bangs detached_sleeves faux_figurine full_body glint gold_sandals hair_between_eyes hair_spread_out holding holding_staff horns large_breasts long_hair long_pointy_ears looking_at_viewer official_alternate_costume one-piece_swimsuit parted_lips pointy_ears ponytail sandals sidelocks sitting solo staff swimsuit thigh_strap thighs transparent_background very_long_hair wariza wet white_hair,highres official_art
shining_(silent_night_dn02)_(arknights),released_skin_official_name,char_147_shining@summer#1,False,official_name_without_tag,0,,,,,,,,,,,,
shu_(arknights),legacy_appearance_pack+released_skin+danbooru_tag,char_2025_shu#1+char_2025_shu#2,True,candidate,1,19,7392544,shu_(arknights),Default,game_mirror,https://raw.githubusercontent.com/Aceship/Arknight-Images/main/characters/char_2025_shu_1.png,https://danbooru.donmai.us/posts/7392544,blonde_hair blue_hair green_eyes horns pointy_ears white_jacket white_pants black_shoes choker very_long_hair,shu_(arknights),shu_(arknights),1girl bare_shoulders black_shoes blonde_hair blue_hair choker full_body green_eyes grey_hair hair_intakes holding horns jacket jewelry long_hair long_sleeves looking_at_viewer multicolored_hair necklace off_shoulder pants pointy_ears shoes simple_background smile solo standing strapless streaked_hair tachi-e tail transparent_background tube_top very_long_hair white_jacket white_pants,highres official_art
shu_(bingwenyuyou)_(arknights),legacy_appearance_pack,,True,needs_source_or_visual_review,1,13,9090922,shu_(arknights),Bingwenyuyou,source_unverified,https://www.weibo.com/2100722793/PlgVsoYui,https://danbooru.donmai.us/posts/9090922,green_hair grey_hair grey_eyes dragon_tail horns white_dress white_robe platform_shoes ponytail very_long_hair,shu_(bingwenyuyou)_(arknights),shu_(arknights) shu_(bingwenyuyou)_(arknights),1girl artist_name breasts colored_skin copyright_name dragon_girl dragon_horns dragon_tail dress earrings from_behind gradient_hair green_hair grey_eyes grey_hair hair_between_eyes hair_ornament hair_stick horns in_tree jewelry long_hair long_sleeves looking_at_viewer low_ponytail multicolored_hair multiple_views orange_hair platform_shoes pointy_ears ponytail purple_hair reference_sheet robe shoes sidelocks sitting sitting_in_tree small_breasts smile tail tree very_long_hair watermark weibo_watermark white_dress white_robe wide_sleeves,chinese_commentary commentary_request concept_art highres official_art
shu_(spring_feast)_(arknights),legacy_appearance_pack+released_skin+danbooru_tag,char_2025_shu@nian#11,True,candidate,2,18,10904823,shu_(arknights),Spring Feast,game_mirror,https://media.prts.wiki/5/52/立绘_黍_skin1.png,https://danbooru.donmai.us/posts/10904823,blonde_hair blue_hair blue_eyes dragon_tail horns open_jacket purple_jacket pants shirt white_shoes,shu_(spring_feast)_(arknights),shu_(arknights) shu_(spring_feast)_(arknights),1girl blonde_hair blue_eyes blue_hair closed_mouth cup dragon_girl dragon_horns dragon_tail earrings food from_above full_body grey_hair hair_between_eyes hair_ornament holding horns jacket jewelry long_sleeves looking_at_viewer multicolored_hair official_alternate_costume open_clothes open_jacket pants plate pointy_ears purple_jacket shirt shoes sitting solo strapless streaked_hair tail tassel transparent_background very_long_tail white_shoes,highres official_art third-party_source
sideroca_(arknights),legacy_appearance_pack+released_skin+danbooru_tag,char_333_sidero#1+char_333_sidero#2,True,candidate,1,19,3873387,sideroca_(arknights),Default,game_mirror,https://aceship.github.io/AN-EN-Tags/img/characters/char_333_sidero_1.png,https://danbooru.donmai.us/posts/3873387,purple_hair brown_eyes horns tail black_jacket black_skirt blue_shirt open_jacket pencil_skirt black_boots short_hair,sideroca_(arknights),sideroca_(arknights),1girl belt black_belt black_boots black_jacket black_skirt blue_necktie blue_shirt boots breasts brown_eyes full_body grey_pantyhose hand_on_own_hip hand_up holding holding_sword holding_weapon holster horns jacket large_breasts long_sleeves looking_at_viewer miniskirt necktie open_clothes open_jacket pantyhose pencil_skirt purple_hair shirt short_hair simple_background skirt solo standing sword tachi-e tail thigh_holster thighs transparent_background weapon,official_art
sideroca_(light_breeze)_(arknights),legacy_appearance_pack,,True,candidate,2,18,9755296,sideroca_(arknights),Light Breeze,game_mirror,https://media.prts.wiki/a/ab/Avg_avg_npc_206_1-1.png,https://danbooru.donmai.us/posts/9755296,purple_hair yellow_eyes horns animal_ears white_bikini swimsuit blue_jacket,sideroca_(light_breeze)_(arknights),sideroca_(arknights) sideroca_(light_breeze)_(arknights),1girl animal_ears bare_legs bikini bikini_bottom_only bikini_under_clothes blue_jacket breasts closed_mouth cow_ears cow_girl cow_horns cow_tail cropped_rash_guard full_body hand_on_own_hip horns jacket long_sleeves looking_at_viewer purple_hair rash_guard sandals simple_background sleeveless smile solo sports_sandals standing stomach swimsuit tachi-e tail transparent_background visor_cap white_bikini yellow_eyes,official_art third-party_source
sideroca_(light_breeze_lb03)_(arknights),released_skin_official_name,char_333_sidero@summer#6,False,official_name_without_tag,0,,,,,,,,,,,,
siege_(arknights),legacy_appearance_pack+released_skin+danbooru_tag,char_112_siege#1+char_112_siege#2,True,candidate,2,18,9885100,siege_(arknights),Default,game_mirror,https://media.prts.wiki/4/4c/立绘_维娜·维多利亚_1.png,https://danbooru.donmai.us/posts/9885100,blonde_hair yellow_eyes animal_ears tail armor black_skirt armored_boots black_cape black_pantyhose two-sided_cape long_hair,siege_(arknights),siege_(arknights) vina_victoria_(arknights),1girl animal_ears armor armored_boots black_cape black_pantyhose black_skirt blonde_hair blue_cape boots cape closed_mouth drop_shadow faulds full_body gem globus_cruciger holding holding_globus_cruciger holding_sword holding_weapon legs_apart lion_ears lion_girl lion_tail long_hair looking_at_viewer pantyhose red_gem serious simple_background skirt solo standing sword tachi-e tail transparent_background two-sided_cape two-sided_fabric weapon yellow_eyes,highres official_art third-party_source
siege_(city_destroyer)_(arknights),released_skin+danbooru_tag,char_112_siege@striker#2,True,candidate,1,13,9958060,siege_(arknights),City Destroyer (Act II),game_mirror,https://media.prts.wiki/a/a8/Avg_avg_npc_407_1-1$2.png,https://danbooru.donmai.us/posts/9958060,blonde_hair yellow_eyes animal_ears tail black_pants cropped_shirt grey_shirt black_shoes long_hair,siege_(city_destroyer)_(arknights),siege_(arknights) siege_(city_destroyer)_(arknights),1girl animal_ears belt_pouch black_nails black_pants black_shoes blonde_hair chest_rig crop_top cropped_shirt full_body grey_shirt hammer holding holding_hammer knife knife_sheath legs_apart lion_ears lion_girl lion_tail long_hair looking_at_viewer midriff official_alternate_costume pants pouch sheath sheathed shirt shoes simple_background solo standing tachi-e tail transparent_background turtleneck turtleneck_shirt war_hammer weapon yellow_eyes,official_art third-party_source
siege_(legacy)_(arknights),released_skin+danbooru_tag,char_112_siege@wild#2,True,candidate,1,19,3847213,siege_(arknights),Legacy,game_mirror,https://aceship.github.io/AN-EN-Tags/akhrchars.html?opname=Siege,https://danbooru.donmai.us/posts/3847213,blonde_hair yellow_eyes animal_ears tail green_jacket grey_pants black_boots black_choker lace-up_boots ponytail long_hair,siege_(legacy)_(arknights),gawain_(arknights) siege_(arknights) siege_(legacy)_(arknights),1girl animal_ears bag bare_shoulders black_boots black_choker black_nails black_tank_top blonde_hair boots breasts candy choker cleavage collarbone duffel_bag faux_figurine fence food full_body green_jacket grey_pants hair_between_eyes hammer holding holding_hammer jacket knee_pads knee_up lace-up_boots large_breasts lion lion_ears lion_tail lollipop long_hair looking_at_viewer messy_hair off_shoulder official_alternate_costume open_mouth pants partially_unzipped ponytail sidelocks single_knee_pad sitting solo tail tank_top transparent_background war_hammer weapon yellow_eyes,highres official_art
silence_(arknights),legacy_appearance_pack+released_skin+danbooru_tag,char_108_silent#1+char_108_silent#2,True,candidate,1,19,3847154,silence_(arknights),Default,game_mirror,https://aceship.github.io/AN-EN-Tags/akhrchars.html?opname=Silence,https://danbooru.donmai.us/posts/3847154,brown_hair yellow_eyes animal_ears thighhighs short_hair,silence_(arknights),silence_(arknights),1girl adjusting_eyewear animal_ears armband brown_hair cloak closed_mouth drone feather_hair full_body glasses hair_between_eyes hand_up infection_monitor_(arknights) long_sleeves looking_at_viewer owl_girl round_eyewear short_hair simple_background single_thighhigh solo standing tachi-e test_tube thigh_strap thighhighs transparent_background wide_sleeves yellow_eyes,official_art
silence_(frosted_breath)_(arknights),released_skin+danbooru_tag,char_108_silent@winter#2,True,candidate,1,18,6863071,silence_(arknights),Frosted Breath,game_mirror,https://gamepress.gg/arknights/sites/arknights/files/2021-01/char_108_silent_winter%232.png,https://danbooru.donmai.us/posts/6863071,brown_hair orange_eyes wings pantyhose scarf,silence_(frosted_breath)_(arknights),silence_(arknights) silence_(frosted_breath)_(arknights),1girl bird briefcase brown_hair drone feathered_wings feathers full_body glasses grass infection_monitor_(arknights) looking_at_viewer orange_eyes owl pantyhose round_eyewear scarf single_wing snow solo standing transparent_background tree_stump unworn_headwear winged_arms wings zipper,highres official_art third-party_source
silence_(lacquer)_(arknights),released_skin+danbooru_tag,char_108_silent@sweep#1,True,candidate,3,9,3943615,silence_(lacquer)_(arknights),supplemental search,publisher,https://webusstatic.yo-star.com/ark_jp_web/assets/159125795326711550/04.png,https://danbooru.donmai.us/posts/3943615,brown_hair yellow_jacket green_gloves short_hair,silence_(lacquer)_(arknights),silence_(arknights) silence_(lacquer)_(arknights),1girl brown_hair chibi clenched_hand company_name cropped_torso emphasis_lines feather_hair feathers gloves goggles green_gloves hazmat_suit jacket mask mouth_mask official_alternate_costume owl_ears raised_eyebrow short_hair simple_background solo sticker_(medium) sweatdrop tinted_eyewear unworn_mask upper_body watermark white_background yellow_jacket,artist_request commentary_request official_art
silence_the_paradigmatic_(arknights),legacy_appearance_pack+released_skin+danbooru_tag,char_1031_slent2#1+char_1031_slent2#2,True,no_exact_tagged_post,0,,,,,,,,,,,,
silence_the_paradigmatic_(habitat)_(arknights),released_skin+danbooru_tag,char_1031_slent2@epoque#32,True,no_exact_tagged_post,0,,,,,,,,,,,,
skadi_(arknights),legacy_appearance_pack+released_skin+danbooru_tag,char_263_skadi#1+char_263_skadi#2,True,candidate,1,38,3563860,skadi_(arknights),Default,game_mirror,https://aceship.github.io/AN-EN-Tags/akhrchars.html?opname=Skadi,https://danbooru.donmai.us/posts/3563860,grey_hair red_eyes black_pants black_shirt grey_jacket sleeveless_shirt black_cape black_gloves very_long_hair,skadi_(arknights),skadi_(arknights),1girl ascot belt between_legs black_ascot black_cape black_gloves black_hat black_pants black_shirt black_sleeves boots breasts brown_boots buckle cape chaps clothing_cutout detached_sleeves fish frown full_body gloves grey_hair grey_jacket hair_between_eyes hand_in_pocket hat head_tilt holding holding_strap holding_weapon jacket long_hair low-tied_long_hair medium_breasts pants red_eyes shirt simple_background sleeveless sleeveless_shirt solo tachi-e thigh_cutout transparent_background very_long_hair weapon,official_art third-party_source
skadi_(elite_ii)_(arknights),legacy_appearance_pack,,True,candidate,1,18,3563861,skadi_(arknights),Elite II,game_mirror,https://aceship.github.io/AN-EN-Tags/akhrchars.html?opname=Skadi,https://danbooru.donmai.us/posts/3563861,grey_hair red_eyes black_pants black_shirt grey_jacket sleeveless_shirt black_gloves brown_boots very_long_hair,skadi_(elite_ii)_(arknights),skadi_(arknights) skadi_(elite_ii)_(arknights),1girl animal arm_cuffs arm_up ascot bare_shoulders between_legs black_ascot black_gloves black_pants black_shirt black_sleeves boots breasts brown_boots chaps clothing_cutout creature_and_personification detached_sleeves fish frown full_body gloves grey_hair grey_jacket hair_between_eyes head_tilt holding holding_weapon jacket kneeling long_hair long_sleeves low-tied_long_hair medium_breasts orca pants parted_lips personification red_eyes serious shadow shirt sleeveless sleeveless_shirt solo thigh_cutout thigh_strap transparent_background very_long_hair weapon,official_art third-party_source
skadi_(the_next_afternoon_tea)_(arknights),legacy_appearance_pack+released_skin+danbooru_tag,char_263_skadi@marthe#5,True,candidate,2,18,10648785,skadi_(arknights),The Next Afternoon Tea,game_mirror,https://media.prts.wiki/3/3d/立绘_斯卡蒂_skin2.png,https://danbooru.donmai.us/posts/10648785,grey_hair red_eyes black_shirt grey_shorts grey_skirt open_jacket black_gloves black_thighhighs very_long_hair,skadi_(the_next_afternoon_tea)_(arknights),skadi_(arknights) skadi_(the_next_afternoon_tea)_(arknights),1girl ahoge anchor apple bag banana black_gloves black_shirt black_thighhighs boots bottle breasts couch crossed_legs cup fish food food_bite fruit full_body gloves grey_hair grey_shorts grey_skirt guitar_case hair_between_eyes holding holding_food holding_fruit indoors instrument_case jacket long_hair long_sleeves looking_at_viewer official_alternate_costume on_couch one_side_up open_clothes open_jacket red_eyes shirt shirt_tucked_in shoes shorts sitting skirt smile solo stuffed_animal stuffed_shark stuffed_toy table television thighhighs transparent_background very_long_hair window yellow_boots,highres official_art third-party_source
skadi_(waverider)_(arknights),legacy_appearance_pack,,True,candidate,1,39,4044987,skadi_(arknights),Waverider,game_mirror,https://aceship.github.io/AN-EN-Tags/img/characters/char_263_skadi_summer%233.png,https://danbooru.donmai.us/posts/4044987,grey_hair red_eyes black_choker sun_hat very_long_hair,skadi_(waverider)_(arknights),skadi_(arknights) skadi_(waverider)_(arknights),1girl armpits arms_up bare_legs bare_shoulders beach beach_umbrella black_choker blush breasts choker cooler cup expressionless eyewear_on_head feet full_body grey_hair hair_between_eyes hair_ornament hat head_tilt inflatable_orca inflatable_toy knees_up large_breasts long_hair looking_at_viewer official_alternate_costume outdoors red_eyes sandals sidelocks sitting solo sun_hat sunglasses table thigh_strap thighs transparent_background umbrella unworn_hat unworn_headwear very_long_hair weapon_bag whale_hair_ornament,highres official_art
skadi_(waverider_wr04)_(arknights),released_skin_official_name,char_263_skadi@summer#3,False,official_name_without_tag,0,,,,,,,,,,,,
skadi_the_corrupting_heart_(arknights),legacy_appearance_pack+released_skin+danbooru_tag,char_1012_skadi2#1+char_1012_skadi2#2,True,no_exact_tagged_post,0,,,,,,,,,,,,
skadi_the_corrupting_heart_(red_countess)_(arknights),released_skin+danbooru_tag,char_1012_skadi2@iteration#2,True,no_exact_tagged_post,0,,,,,,,,,,,,
skadi_the_corrupting_heart_(sublimation)_(arknights),released_skin+danbooru_tag,char_1012_skadi2@boc#4,True,no_exact_tagged_post,0,,,,,,,,,,,,
skyfire_(arknights),legacy_appearance_pack+released_skin+danbooru_tag,char_166_skfire#1+char_166_skfire#2,True,candidate,1,19,3563892,skyfire_(arknights),Default,game_mirror,https://aceship.github.io/AN-EN-Tags/akhrchars.html?opname=Skyfire,https://danbooru.donmai.us/posts/3563892,brown_hair brown_eyes cat_ears cat_tail black_jacket black_shirt black_skirt collared_shirt open_jacket pleated_skirt long_hair,skyfire_(arknights),skyfire_(arknights),1girl animal_ears belt black_jacket black_necktie black_pantyhose black_shirt black_shoes black_skirt blush breasts brown_eyes brown_hair buckle buttons cat_ears cat_tail chain closed_mouth coat collared_shirt earrings floating_hair full_body gradient_legwear hair_between_eyes high_heels holding holding_staff jacket jewelry long_hair long_sleeves looking_at_viewer medium_breasts multicolored_clothes name_tag necktie open_clothes open_jacket pantyhose pleated_skirt qr_code red_coat red_jacket red_pantyhose shirt shoes sidelocks simple_background skirt sleeves_past_fingers sleeves_past_wrists smile solo staff striped_clothes striped_necktie tachi-e tail transparent_background vertical-striped_clothes vertical-striped_necktie white_shirt,official_art
skyfire_(temperature_difference_rt_rx01)_(arknights),released_skin_official_name,char_166_skfire@summer#1,False,official_name_without_tag,0,,,,,,,,,,,,
snegurochka_(arknights),legacy_appearance_pack,,True,candidate,1,18,10091936,snegurochka_(arknights),Default,game_mirror,https://media.prts.wiki/5/56/立绘_冬时_1.png,https://danbooru.donmai.us/posts/10091936,aqua_eyes bodysuit fur-trimmed_coat green_coat long_shirt white_shirt brown_shoes long_hair,snegurochka_(arknights),snegurochka_(arknights),1girl aqua_eyes bag bags_under_eyes bird_girl bodysuit bodysuit_under_clothes boots brown_shoes closed_mouth coat drop_shadow exhausted feather_hair fingerless_gloves full_body fur-trimmed_coat fur-trimmed_sleeves fur_trim glasses gloves green_bag green_coat green_leg_warmers hand_on_own_arm holding hood hood_down hooded_coat knees_together_feet_apart leg_warmers long_hair long_shirt long_sleeves looking_at_viewer red_pupils scroll shirt shoes simple_background solo standing tachi-e torn_clothes transparent_background wavy_hair white_shirt,highres official_art third-party_source
snowsant_(arknights),legacy_appearance_pack+released_skin+danbooru_tag,char_383_snsant#1+char_383_snsant#2,True,candidate,1,19,3847206,snowsant_(arknights),Default,game_mirror,https://aceship.github.io/AN-EN-Tags/akhrchars.html?opname=Snowsant,https://danbooru.donmai.us/posts/3847206,black_hair grey_hair brown_eyes black_skirt black_socks grey_boots very_long_hair,snowsant_(arknights),snowsant_(arknights),1girl black_hair black_skirt black_socks blush boots brown_eyes cable_tie full_body grey_boots grey_hair long_hair long_sleeves looking_at_viewer multicolored_hair parted_lips simple_background skirt smile socks solo sweatdrop tachi-e transparent_background very_long_hair,official_art
snowsant_(fated_hero)_(arknights),released_skin+danbooru_tag,char_383_snsant@witch#2,True,no_exact_tagged_post,0,,,,,,,,,,,,
sora_(arknights),legacy_appearance_pack+released_skin+danbooru_tag,char_101_sora#1+char_101_sora#2,True,candidate,1,19,3831401,sora_(arknights),Default,game_mirror,https://aceship.github.io/AN-EN-Tags/akhrchars.html?opname=Sora,https://danbooru.donmai.us/posts/3831401,blonde_hair red_eyes wolf_ears pleated_skirt red_skirt white_shirt black_gloves knee_boots lace-up_boots twintails short_hair,sora_(arknights),sora_(arknights),1girl :d ;d animal_ear_fluff animal_ears arm_up black_gloves black_vest blonde_hair boots full_body gloves hair_ribbon holding knee_boots lace-up_boots long_sleeves looking_at_viewer microphone_stand miniskirt necktie one_eye_closed open_mouth pleated_skirt red_eyes red_necktie red_ribbon red_skirt ribbon shirt short_hair skirt smile solo sparkle standing thighhighs transparent_background twintails v vest white_boots white_shirt white_thighhighs wide_sleeves wolf_ears zettai_ryouiki,official_art
sora_(melodiosa)_(arknights),legacy_appearance_pack+released_skin+danbooru_tag,char_101_sora@epoque#17,True,candidate,1,16,5893844,sora_(arknights),Melodiosa,game_mirror,https://gamepress.gg/arknights/sites/arknights/files/2022-11/%E7%AB%8B%E7%BB%98_%E7%A9%BA_skin2.png,https://danbooru.donmai.us/posts/5893844,blonde_hair red_eyes wolf_ears black_dress long_dress see-through_skirt black_gloves hat,sora_(melodiosa)_(arknights),sora_(arknights) sora_(melodiosa)_(arknights),1girl animal_ears black_dress black_gloves blonde_hair dress evening_gown flying_paper full_body gloves grand_piano hat high_heels holding holding_microphone_stand instrument leather_chair lights long_dress microphone microphone_stand musical_staff official_alternate_costume oil_lamp paper piano plant poster_(object) potted_plant red_eyes see-through_clothes see-through_skirt sheet_music sitting_on_piano skirt spotlight theater transparent_background turntable vintage_microphone vinyl_record wolf_ears,highres official_art third-party_source
sora_(summer_flowers)_(arknights),legacy_appearance_pack,,True,candidate,1,19,3831410,sora_(arknights),Summer Flowers,game_mirror,https://aceship.github.io/AN-EN-Tags/akhrchars.html?opname=Sora,https://danbooru.donmai.us/posts/3831410,blonde_hair red_eyes wolf_ears white_bikini swimsuit bikini_skirt open_jacket white_jacket white_skirt twintails short_hair,sora_(summer_flowers)_(arknights),sora_(arknights) sora_(summer_flowers)_(arknights),1girl :d ;d animal_ears bare_legs bare_shoulders beach_umbrella bikini bikini_skirt black_sandals blonde_hair bottle breasts cleavage cooler fang faux_figurine full_body hair_ribbon hand_up holding holding_microphone_stand innertube jacket long_sleeves looking_at_viewer medium_breasts microphone microphone_stand miniskirt navel off_shoulder official_alternate_costume one_eye_closed open_clothes open_jacket open_mouth pop_filter red_eyes red_ribbon ribbon sandals shadow short_hair skindentation skirt smile solo standing standing_on_one_leg stomach swim_ring swimsuit thigh_strap thighs transparent_background twintails umbrella waving white_bikini white_jacket white_skirt wolf_ears,official_art
sora_(summer_flowers_fa361)_(arknights),released_skin_official_name,char_101_sora@summer#1,False,official_name_without_tag,0,,,,,,,,,,,,
specter_(arknights),legacy_appearance_pack+released_skin+danbooru_tag,char_143_ghost#1+char_143_ghost#2,True,candidate,1,19,3564193,specter_(arknights),Default,game_mirror,https://aceship.github.io/AN-EN-Tags/akhrchars.html?opname=Specter,https://danbooru.donmai.us/posts/3564193,grey_hair red_eyes grey_coat open_coat belt_boots black_boots black_thighhighs grey_capelet long_hair,specter_(arknights),specter_(arknights),1girl belt_boots black_boots black_nails black_thighhighs black_veil blush boots breasts capelet circular_saw closed_mouth coat full_body garter_straps grey_capelet grey_coat grey_hair hair_between_eyes hand_up holding holding_weapon jewelry knee_boots long_hair looking_at_viewer nail_polish necklace nun nun_headdress off_shoulder open_clothes open_coat pelvic_curtain red_eyes saw sidelocks simple_background small_breasts smile solo tachi-e thighhighs transparent_background tsurime turtleneck veil weapon,official_art
specter_(undercurrent)_(arknights),released_skin+danbooru_tag,char_143_ghost@winter#1,True,candidate,1,19,3884155,specter_(arknights),Undercurrent,game_mirror,https://aceship.github.io/AN-EN-Tags/akhrchars.html?opname=Specter,https://danbooru.donmai.us/posts/3884155,white_hair red_eyes black_dress black_boots black_hat high_heel_boots white_scarf braid very_long_hair,specter_(undercurrent)_(arknights),specter_(arknights) specter_(undercurrent)_(arknights),1girl black_boots black_dress black_hat boots braid cross cross_necklace dress fossil full_body guitar_case hat high_heel_boots high_heels instrument_case jewelry long_hair long_sleeves looking_at_viewer necklace official_alternate_costume parted_lips red_eyes scarf single_braid sleeves_past_wrists solo transparent_background very_long_hair white_hair white_scarf,official_art
specter_the_unchained_(arknights),legacy_appearance_pack+released_skin+danbooru_tag,char_1023_ghost2#1+char_1023_ghost2#2,True,no_exact_tagged_post,0,,,,,,,,,,,,
specter_the_unchained_(born_as_one)_(arknights),released_skin+danbooru_tag,char_1023_ghost2@boc#6,True,no_exact_tagged_post,0,,,,,,,,,,,,
spuria_(arknights),legacy_appearance_pack+released_skin+danbooru_tag,char_4015_spuria#1+char_4015_spuria#2,True,candidate,1,18,10119042,spuria_(arknights),Default,game_mirror,https://arknights.wiki.gg/images/Spuria.png?1e7a9a,https://danbooru.donmai.us/posts/10119042,blue_hair grey_eyes halo wings white_pants jacket white_gloves short_hair,spuria_(arknights),spuria_(arknights),1girl blue_hair bound bound_toes breasts detached_wings drop_shadow energy_wings gloves grey_eyes gun halo handgun holding jacket long_sleeves looking_at_viewer luger_p08 pants pink_wings short_hair simple_background smile solo sports_bra standing tachi-e tank_top weapon white_gloves white_pants white_sports_bra white_tank_top wings,highres official_art third-party_source
surtr_(arknights),legacy_appearance_pack+released_skin+danbooru_tag,char_350_surtr#1+char_350_surtr#2,True,candidate,2,39,4117242,surtr_(arknights),Default,game_mirror,https://aceship.github.io/AN-EN-Tags/img/characters/char_350_surtr_1.png,https://danbooru.donmai.us/posts/4117242,red_hair purple_eyes horns black_dress short_dress black_shoes black_thighhighs very_long_hair,surtr_(arknights),surtr_(arknights),1girl bare_shoulders belt black_dress black_shoes black_thighhighs breasts chest_strap cleavage dress full_body hair_between_eyes high_heels holding holding_sword holding_weapon horns id_card infection_monitor_(arknights) long_hair long_sleeves looking_at_viewer medium_breasts off_shoulder purple_eyes red_hair shoes short_dress simple_background solo standing sword tachi-e thigh_belt thigh_strap thighhighs transparent_background very_long_hair weapon zettai_ryouiki,highres official_art
surtr_(colorful_wonderland)_(arknights),legacy_appearance_pack,,True,candidate,1,18,10458613,surtr_(arknights),Colorful Wonderland,game_mirror,https://media.prts.wiki/6/69/立绘_史尔特尔_skin2.png,https://danbooru.donmai.us/posts/10458613,red_hair purple_eyes horns bikini swimsuit long_hair,surtr_(colorful_wonderland)_(arknights),surtr_(arknights) surtr_(colorful_wonderland)_(arknights),1girl bikini bird breasts cherry demon_horns drop_shadow flower food fruit hair_intakes horn_ornament horns huge_weapon ice_cream long_hair long_sleeves navel ocean official_alternate_costume purple_eyes red_hair reflection reflective_liquid sandals solo swimsuit sword thigh_strap transparent_background weapon,highres official_art third-party_source
surtr_(colorful_wonderland_cw03)_(arknights),released_skin_official_name,char_350_surtr@summer#9,False,official_name_without_tag,0,,,,,,,,,,,,
surtr_(liberte_echec)_(arknights),legacy_appearance_pack+released_skin+danbooru_tag,char_350_surtr@it#1,True,candidate,1,39,4556350,surtr_(liberte_echec)_(arknights),,game_mirror,https://aceship.github.io/AN-EN-Tags/img/characters/char_350_surtr_it%231.png,https://danbooru.donmai.us/posts/4556350,red_hair purple_eyes horns black_shirt denim_skirt pencil_skirt black_boots black_choker black_gloves long_hair,surtr_(liberte_echec)_(arknights),surtr's_golem_(arknights) surtr_(arknights) surtr_(liberte_echec)_(arknights),1girl black_boots black_choker black_gloves black_shirt boots box cardboard_box choker denim denim_skirt full_body gloves graffiti head_tilt horns long_hair looking_at_viewer midriff_peek miniskirt official_alternate_costume paint_can pencil_skirt purple_eyes red_hair red_skirt shirt short_sleeves skateboard skirt solo sword thigh_strap thighs transparent_background weapon,highres official_art
surtr_(prelude_to_transcendence)_(arknights),legacy_appearance_pack+released_skin+danbooru_tag,char_350_surtr@ambienceSynesthesia#6,True,needs_source_or_visual_review,1,3,11081821,surtr_(prelude_to_transcendence)_(arknights),supplemental search,source_unverified,https://www.weibo.com/6279793937/Qz6rJvKmY,https://danbooru.donmai.us/posts/11081821,red_hair purple_eyes horns see-through_dress white_dress long_hair,surtr_(prelude_to_transcendence)_(arknights),surtr_(arknights) surtr_(prelude_to_transcendence)_(arknights),1girl bare_shoulders breasts copyright_logo demon_girl demon_horns dress full_body high_heel_sandals high_heels holding holding_sword holding_weapon horns logo long_hair medium_breasts official_alternate_costume purple_eyes red_hair sandals see-through_clothes see-through_dress sitting solo sword weapon white_dress,chinese_commentary commentary_request highres official_art
sussurro_(arknights),legacy_appearance_pack+released_skin+danbooru_tag,char_298_susuro#1+char_298_susuro#2,True,candidate,1,19,4013671,sussurro_(arknights),Default,game_mirror,https://aceship.github.io/AN-EN-Tags/img/characters/char_298_susuro_1.png,https://danbooru.donmai.us/posts/4013671,grey_hair blue_eyes fox_ears fox_tail black_skirt blue_jacket black_choker black_pantyhose white_gloves shoes short_hair,sussurro_(arknights),sussurro_(arknights),1girl ahoge animal_ears black_choker black_pantyhose black_skirt blue_eyes blue_jacket choker cloak cross fox_ears fox_tail frown full_body gloves grey_hair holding holding_staff hood hood_down hooded_cloak infection_monitor_(arknights) jacket looking_at_viewer material_growth miniskirt object_in_pocket open_cloak open_clothes oripathy_lesion_(arknights) pantyhose pocket pouch red_cross shoes short_hair simple_background skirt sneakers solo staff standing tachi-e tail transparent_background white_cloak white_gloves,official_art
sussurro_(summer_flower)_(arknights),legacy_appearance_pack,,True,candidate,2,22,4679595,sussurro_(arknights),Summer Flower,game_asset,Arknights,https://danbooru.donmai.us/posts/4679595,brown_hair fox_ears fox_tail black_bikini swimsuit twintails short_hair,sussurro_(summer_flower)_(arknights),sussurro_(arknights) sussurro_(summer_flower)_(arknights),1girl :o ahoge animal_ears bag bikini black_bikini black_sandals brown_hair cellphone extra_ears flat_chest fox_ears fox_girl fox_tail full_body hair_between_eyes holding holding_phone looking_at_viewer material_growth navel official_alternate_costume oripathy_lesion_(arknights) phone sandals short_hair short_twintails shoulder_bag simple_background smartphone solo standing stomach swimsuit tachi-e tail transparent_background twintails,game_asset non-web_source official_art self-datamine
sussurro_(summer_flowers_fa026)_(arknights),released_skin_official_name,char_298_susuro@summer#6,False,official_name_without_tag,0,,,,,,,,,,,,
sussurro_(travel_freely)_(arknights),legacy_appearance_pack+released_skin+danbooru_tag,char_298_susuro@winter#4,True,no_exact_tagged_post,0,,,,,,,,,,,,
suzuran_(arknights),legacy_appearance_pack+released_skin+danbooru_tag,char_358_lisa#1+char_358_lisa#2,True,candidate,8,20,3991922,suzuran_(arknights),Default,game_file_label,game rip,https://danbooru.donmai.us/posts/3991922,blonde_hair white_hair green_eyes fox_ears fox_tail grey_skirt black_gloves black_shoes blue_hairband grey_pantyhose waist_apron,suzuran_(arknights),suzuran_(arknights),1girl animal_ear_fluff animal_ears apron bare_shoulders black_gloves black_shoes blonde_hair blue_hairband braid braided_hair_rings burnt_clothes child fox_ears fox_girl fox_tail frills full_body gloves green_eyes grey_pantyhose grey_skirt hair_rings hairband holding holding_staff infection_monitor_(arknights) kitsune kyuubi looking_at_viewer material_growth multicolored_hair multiple_tails oripathy_lesion_(arknights) pantyhose petticoat pouch shoes short_hair simple_background single_glove single_wrist_cuff skirt smile solo staff standing tachi-e tail transparent_background waist_apron white_apron white_hair wrist_cuffs,non-web_source official_art
suzuran_(lostlands_flowering)_(arknights),legacy_appearance_pack+released_skin+danbooru_tag,char_358_lisa@wild#3,True,candidate,1,20,4117310,suzuran_(arknights),Lostlands Flowering,game_file_label,game rip,https://danbooru.donmai.us/posts/4117310,blonde_hair yellow_eyes fox_ears fox_tail asymmetrical_pants black_scarf brown_boots long_hair,suzuran_(lostlands_flowering)_(arknights),suzuran_(arknights) suzuran_(lostlands_flowering)_(arknights),1girl animal_ears asymmetrical_pants bird black_scarf blonde_hair boots brown_boots child cloud crow dirty dirty_face fox_ears fox_girl fox_tail full_body goggles goggles_on_head grey_tunic holding holding_staff kitsune kyuubi long_hair long_sleeves multiple_tails official_alternate_costume outdoors radar_dish ruins satellite_dish scarf solo staff standing sun tail thigh_strap transparent_background tunic yellow_eyes,highres non-web_source official_art
suzuran_(spring_praise)_(arknights),legacy_appearance_pack+released_skin+danbooru_tag,char_358_lisa@lxh#1,True,needs_source_or_visual_review,2,15,9885446,suzuran_(arknights),Spring Praise,source_unverified,file://char_358_lisa_lxh#1.png,https://danbooru.donmai.us/posts/9885446,blonde_hair green_eyes fox_ears fox_tail shoes long_hair,suzuran_(spring_praise)_(arknights),heixiu luo_xiaohei luo_xiaohei_(cat) suzuran_(arknights) suzuran_(spring_praise)_(arknights),1girl animal_ears bag basket black_cat blonde_hair cat child flower fox_ears fox_girl fox_tail green_eyes green_theme hair_ornament kitsune kyuubi long_hair mary_janes multiple_tails official_alternate_costume shoes solo staff tail tree,highres non-web_source official_art
suzuran_(yukibare)_(arknights),legacy_appearance_pack+released_skin+danbooru_tag,char_358_lisa@epoque#22,True,candidate,4,20,9753788,suzuran_(arknights),Yukibare,game_file_label,game rip,https://danbooru.donmai.us/posts/9753788,blonde_hair green_eyes fox_ears fox_tail pink_kimono hakama_skirt socks_over_pantyhose waist_apron white_apron white_socks long_hair,suzuran_(yukibare)_(arknights),suzuran_(arknights) suzuran_(yukibare)_(arknights),1girl :o animal_ears apron black_hakama blonde_hair border child drop_shadow fennec_fox fox fox_ears fox_girl fox_tail full_body green_eyes hakama hakama_skirt holding holding_umbrella japanese_clothes kimono kitsune kyuubi long_hair looking_at_viewer multiple_tails official_alternate_costume oil-paper_umbrella okobo outdoors parted_lips pink_kimono platform_sandals round_border sandals shrine skirt snow snowing socks socks_over_pantyhose solo stairs standing tail torii transparent_background umbrella waist_apron white_apron white_socks wide_sleeves winter,highres non-web_source official_art
swire_(arknights),legacy_appearance_pack+released_skin+danbooru_tag,char_308_swire#1+char_308_swire#2,True,candidate,1,19,3770298,swire_(arknights),Default,game_mirror,https://aceship.github.io/AN-EN-Tags/akhrchars.html?opname=Swire,https://danbooru.donmai.us/posts/3770298,blonde_hair green_eyes animal_ears tail black_coat black_jacket black_skirt collared_shirt high-waist_skirt white_shirt drill_hair,swire_(arknights),swire_(arknights),1girl :d animal_ear_fluff animal_ears ball_and_chain_(weapon) beret black_boots black_coat black_hat black_jacket black_skirt blonde_hair boots bow bowtie breasts brown_thighhighs chain coat collared_shirt curly_hair drill_hair drone fang full_body green_eyes hand_up hat high-waist_skirt high_heel_boots high_heels holding holding_weapon jacket jacket_on_shoulders knee_pads long_hair long_sleeves looking_at_viewer open_mouth orange_bow orange_bowtie pouch quadcopter shirt sidelocks simple_background single_knee_pad skirt small_breasts smile solo striped_tail tachi-e tail tail_ornament tail_ring thigh_pouch thigh_strap thighhighs tiger_ears tiger_girl tiger_tail transparent_background very_long_hair weapon white_shirt,official_art
swire_(honor_and_splendor)_(arknights),legacy_appearance_pack+released_skin+danbooru_tag,char_308_swire@nian#2,True,no_exact_tagged_post,0,,,,,,,,,,,,
swire_(summer)_(arknights),legacy_appearance_pack,,True,candidate,1,22,4679598,swire_(arknights),Summer,game_asset,Arknights,https://danbooru.donmai.us/posts/4679598,blonde_hair green_eyes animal_ears tail black_one-piece_swimsuit white_shirt black_choker black_gloves sun_hat white_hat very_long_hair,swire_(summer)_(arknights),swire_(arknights) swire_(summer)_(arknights),1girl :d ;d animal_ears ankle_strap black_choker black_gloves black_one-piece_swimsuit blonde_hair card center_opening choker clothes_around_waist ears_through_headwear fang full_body gloves green_eyes hat holding holding_card jewelry long_hair necklace official_alternate_costume one-piece_swimsuit one_eye_closed open_mouth partially_fingerless_gloves pearl_necklace see-through_clothes shirt shirt_around_waist simple_background single_glove smile solo standing sun_hat swimsuit tachi-e tail tail_around_own_leg thigh_strap thighs tiger_ears tiger_girl tiger_tail transparent_background very_long_hair white_hat white_shirt,game_asset non-web_source official_art self-datamine
swire_the_elegant_wit_(arknights),legacy_appearance_pack+released_skin+danbooru_tag,char_1033_swire2#1+char_1033_swire2#2,True,no_exact_tagged_post,0,,,,,,,,,,,,
swire_the_elegant_wit_(rhythmic_blocks)_(arknights),released_skin+danbooru_tag,char_1033_swire2@ambienceSynesthesia#4,True,no_exact_tagged_post,0,,,,,,,,,,,,
talulah_(arknights),legacy_appearance_pack,,True,candidate,1,13,4180819,talulah_(arknights),,game_mirror,https://aceship.github.io/AN-EN-Tags/img/avg/characters/char_011_talula_1.png,https://danbooru.donmai.us/posts/4180819,grey_hair black_eyes horns tail black_skirt white_shirt black_boots high_heel_boots medium_hair,talulah_(arknights),talulah_(arknights),1girl armband black_boots black_eyes black_skirt boots dragon_horns full_body gradient_skin grey_hair high_heel_boots high_heels holding holding_sword holding_weapon horns long_sleeves looking_at_viewer medium_hair rapier reunion_logo_(arknights) shirt shrug_(clothing) simple_background skirt solo sword tachi-e tail transparent_background underbust weapon white_shirt,official_art third-party_source
talulah_the_fighter_(arknights),legacy_appearance_pack,,True,no_exact_tagged_post,0,,,,,,,,,,,,
texas_(arknights),legacy_appearance_pack+released_skin+danbooru_tag,char_102_texas#1+char_102_texas#2,True,candidate,1,38,3563868,texas_(arknights),Default,game_mirror,https://aceship.github.io/AN-EN-Tags/akhrchars.html?opname=Texas,https://danbooru.donmai.us/posts/3563868,grey_hair brown_eyes wolf_ears tail black_shorts short_shorts white_jacket black_boots black_capelet black_gloves long_hair,texas_(arknights),texas_(arknights),1girl animal_ear_fluff animal_ears bag black_boots black_capelet black_gloves black_pantyhose black_shorts boots breasts brown_eyes capelet closed_mouth earrings energy_sword expressionless fingerless_gloves food full_body gloves grey_hair hair_between_eyes holding holding_sword holding_weapon jacket jewelry long_hair looking_at_viewer medium_breasts multiple_earrings multiple_straps pantyhose penguin_logistics_logo pocky pouch short_shorts shorts shoulder_bag sidelocks simple_background solo sword tachi-e tail thigh_strap transparent_background weapon white_jacket wolf_ears wolf_tail,official_art third-party_source
texas_(willpower)_(arknights),legacy_appearance_pack+released_skin+danbooru_tag,char_102_texas@epoque#7,True,no_exact_tagged_post,0,,,,,,,,,,,,
texas_(winter_messenger)_(arknights),legacy_appearance_pack+released_skin+danbooru_tag,char_102_texas@winter#1,True,candidate,1,39,3799559,texas_(arknights),Winter Messenger,game_mirror,https://aceship.github.io/AN-EN-Tags/akhrchars.html?opname=Texas,https://danbooru.donmai.us/posts/3799559,black_hair red_hair brown_eyes wolf_ears black_shirt open_jacket short_shorts white_jacket white_shorts black_pantyhose long_hair,texas_(winter_messenger)_(arknights),texas_(arknights) texas_(winter_messenger)_(arknights),1girl animal_ear_fluff animal_ears black_hair black_pantyhose black_shirt box brown_eyes carbon_(arknights) cardboard_box colored_inner_hair full_body gloves hand_up holding holding_sword holding_weapon id_card jacket left-handed long_hair long_sleeves looking_at_viewer multicolored_hair official_alternate_costume open_clothes open_jacket pantyhose planted planted_sword red_gloves red_hair shadow shirt shoes short_shorts shorts shoulder_strap sneakers solo standing sword transparent_background two-tone_hair weapon white_jacket white_shoes white_shorts wide_sleeves wolf_ears,official_art
texas_the_omertosa_(arknights),legacy_appearance_pack+released_skin+danbooru_tag,char_1028_texas2#1+char_1028_texas2#2,True,no_exact_tagged_post,0,,,,,,,,,,,,
texas_the_omertosa_(il_segreto_della_notte)_(arknights),released_skin+danbooru_tag,char_1028_texas2@epoque#36,True,no_exact_tagged_post,0,,,,,,,,,,,,
texas_the_omertosa_(wingbreaker)_(arknights),released_skin+danbooru_tag,char_1028_texas2@iteration#1,True,no_exact_tagged_post,0,,,,,,,,,,,,
theresa_(arknights),legacy_appearance_pack,,True,candidate,1,19,7525483,theresa_(arknights),Default [br] Civilight Eterna,game_mirror,https://aceship.github.io/AN-EN-Tags/akhrchars.html?opname=Civilight_Eterna,https://danbooru.donmai.us/posts/7525483,grey_hair pink_hair pink_eyes horns white_dress black_shoes very_long_hair,theresa_(arknights),theresa_(arknights),1girl black_shoes breasts cleavage_cutout clothing_cutout dress full_body gradient_hair grey_hair horns jewelry long_hair long_sleeves looking_at_viewer material_growth multicolored_hair oripathy_lesion_(arknights) own_hands_together pink_eyes pink_hair ring shoes simple_background small_breasts smile solo standing steepled_fingers tachi-e transparent_background very_long_hair white_dress,highres official_art
thumpy_(arknights),legacy_appearance_pack,,True,candidate,1,17,11900867,thumpy_(arknights),,game_asset,Game files,https://danbooru.donmai.us/posts/11900867,pink_hair pink_eyes rabbit_ears black_skirt cropped_jacket fur-trimmed_skirt open_jacket pink_shirt black_shoes long_hair,thumpy_(arknights),thumpy_(arknights),1girl ahoge animal_ears arm_up belt belt_pouch black_belt black_shoes black_skirt bracelet cape carrot closed_mouth cropped_jacket english_text fingerless_gloves flower flower_pin full_body fur-trimmed_skirt fur_trim gloves glowing_staff hair_intakes holding holding_staff infection_monitor_(arknights) jacket jewelry knees_together_feet_apart leg_up long_hair looking_at_viewer material_growth open_clothes open_jacket orange_gloves oripathy_lesion_(arknights) pink_eyes pink_hair pink_shirt plaid_clothes plaid_skirt pouch rabbit_ears rabbit_girl robot see-through_cape see-through_clothes shirt shoes simple_background skirt smile smoke solo staff standing tachi-e tassel thigh_pouch thigh_strap thighhighs transparent_background white_cape white_flower white_jacket white_thighhighs,game_asset highres non-web_source official_art
timeslot_(arknights),legacy_appearance_pack,,True,candidate,1,17,11901187,timeslot_(arknights),,game_asset,Game files,https://danbooru.donmai.us/posts/11901187,brown_hair white_hair grey_eyes animal_ears tail black_jacket frilled_skirt grey_skirt sleeveless_jacket white_shorts black_gloves,timeslot_(arknights),timeslot_(arknights),1girl ahoge animal_ear_fluff animal_ears backpack bag bandaid bandaid_on_knee bandaid_on_leg bare_legs bare_shoulders black_bag black_gloves black_jacket black_socks boots braid brown_hair bug cable closed_mouth detached_sleeves dragonfly drone freckles frilled_skirt frills full_body gloves grey_eyes grey_skirt hair_between_eyes hair_intakes hair_ornament hairclip holding holding_staff id_card jacket lantern lightning_bolt_hair_ornament lightning_bolt_symbol long_hair looking_at_viewer messy_hair multicolored_gloves multicolored_hair multicolored_jacket pink_gloves raccoon_ears raccoon_girl raccoon_tail radio_antenna shorts shoulder_bag simple_background skirt sleeping_bag sleeveless sleeveless_jacket socks solo staff standing tachi-e tail tail_strap tassel thick_eyebrows transparent_background twin_braids two-tone_gloves two-tone_hair two-tone_jacket wavy_mouth white_boots white_hair white_jacket white_shorts white_sleeves,game_asset non-web_source official_art
tippi_(arknights),legacy_appearance_pack+released_skin+danbooru_tag,char_4191_tippi#1+char_4191_tippi#2,True,candidate,1,18,9418967,tippi_(arknights),Default,game_mirror,https://media.prts.wiki/c/cb/立绘_蒂比_1.png,https://danbooru.donmai.us/posts/9418967,blue_hair pink_hair yellow_eyes animal_ears tail blue_jacket blue_shorts oversized_jacket sleeveless_shirt white_shirt blue_socks,tippi_(arknights),tippi_(arknights),1girl animal_ears apron asymmetrical_legwear bandaid bandaid_on_knee bandaid_on_leg baseball_cap belt binder_clip bird_ears bird_girl bird_tail black_belt blue_hair blue_jacket blue_shorts blue_socks drop_shadow full_body gloves hat holding holding_paintbrush jacket jewelry long_sleeves looking_at_viewer medium_hair mismatched_legwear mismatched_socks multicolored_hair necklace oversized_jacket paint_can paint_on_body paint_on_clothes paintbrush pink_hair pulley ribbed_socks sandals shirt shorts sidelocks simple_background sleeve_zipper sleeveless sleeveless_shirt smile socks solo standing stuffed_animal stuffed_bird stuffed_toy suspenders tachi-e tail teeth tongue torn_clothes torn_socks transparent_background two-tone_hair uneven_legwear upper_teeth_only white_sandals white_shirt wire yellow_apron yellow_eyes yellow_gloves,highres official_art third-party_source
tippi_(清新布景)_(arknights),released_skin_official_name,char_4191_tippi@epoque#57,False,official_name_without_tag,0,,,,,,,,,,,,
titi_(arknights),legacy_appearance_pack+released_skin+danbooru_tag,char_4056_titi#1+char_4056_titi#2,True,candidate,1,18,10577225,titi_(arknights),Default,game_mirror,https://prts.wiki/w/缇缇,https://danbooru.donmai.us/posts/10577225,black_hair yellow_eyes cat_ears cat_tail black_dress highleg_dress collared_shirt open_jacket oversized_jacket sleeveless_shirt medium_hair,titi_(arknights),mio_(beast_lord)_(arknights) titi_(arknights),1girl ancient_egyptian animal_ear_fluff animal_ears anklet bandages beetle belt black_belt black_dress black_hair black_necktie black_shoes black_thighhighs blue_belt blunt_bangs bug cat cat_ears cat_girl cat_tail caution_tape closed_mouth collared_shirt dark-skinned_female dark_skin dress english_text extra_sleeves framed_breasts full_body grey_belt heart high_collar highleg highleg_dress holding holding_staff id_card jacket jewelry keep_out long_sleeves looking_at_viewer medium_hair miniskirt multiple_belts necktie open_clothes open_jacket oversized_jacket pocket shirt shoes short_necktie simple_background skirt sleeve_belt sleeveless sleeveless_shirt solo staff standing tachi-e tail thigh_belt thigh_strap thighhighs transparent_background white_jacket white_shirt yellow_belt yellow_eyes zettai_ryouiki,highres official_art third-party_source
tomimi_(arknights),legacy_appearance_pack+released_skin+danbooru_tag,char_411_tomimi#1+char_411_tomimi#2,True,candidate,1,19,4067341,tomimi_(arknights),Default,game_mirror,https://aceship.github.io/AN-EN-Tags/img/characters/char_411_tomimi_1.png,https://danbooru.donmai.us/posts/4067341,white_hair yellow_eyes pointy_ears tail black_dress short_dress black_boots black_thighhighs grey_gloves torn_thighhighs long_hair,tomimi_(arknights),tomimi_(arknights),1girl ahoge bare_shoulders black_boots black_dress black_thighhighs boots crocodilian_tail dress flower full_body gloves goggles goggles_around_neck grey_gloves holding holding_staff hood large_tail long_hair long_sleeves pointy_ears short_dress sidelocks simple_background solo staff standing tachi-e tail thighhighs thighs torn_clothes torn_thighhighs transparent_background white_flower white_hair yellow_eyes,highres official_art
tomimi_(silent_night_dn04)_(arknights),released_skin_official_name,char_411_tomimi@summer#5,False,official_name_without_tag,0,,,,,,,,,,,,
tuye_(arknights),legacy_appearance_pack+released_skin+danbooru_tag,char_402_tuye#1+char_402_tuye#2,True,candidate,1,19,9345049,tuye_(arknights),Default,game_mirror,https://arknights.wiki.gg/images/a/aa/Tuye.png,https://danbooru.donmai.us/posts/9345049,purple_eyes animal_ears black_skirt yellow_jacket black_shoes long_hair,tuye_(arknights),tuye_(arknights),1girl animal_ears bags_under_eyes black_nails black_shoes black_skirt closed_mouth dark-skinned_female dark_skin fingernails full_body hair_between_eyes holding holding_umbrella jacket long_hair long_sleeves looking_at_viewer nail_polish purple_eyes shoes simple_background skirt solo standing star_of_life tachi-e thigh_strap transparent_background umbrella yellow_jacket yellow_shoes,bad_link official_art
tuye_(cultivate_vegetation)_(arknights),legacy_appearance_pack+released_skin+danbooru_tag,char_402_tuye@epoque#14,True,candidate,1,19,9345053,tuye_(arknights),Cultivate Vegetation,game_mirror,https://arknights.wiki.gg/images/b/ba/Tuye_Skin_1.png,https://danbooru.donmai.us/posts/9345053,white_hair purple_eyes animal_ears black_dress hooded_dress black_shoes white_gloves white_thighhighs,tuye_(cultivate_vegetation)_(arknights),tuye_(arknights) tuye_(cultivate_vegetation)_(arknights),1girl animal_ears armband ascot black_dress black_shoes closed_mouth crossed_legs dark-skinned_female dark_skin dress flower full_body garter_straps gloves hair_between_eyes holding holding_syringe hood hood_up hooded_dress large_syringe long_sleeves looking_at_viewer mary_janes official_alternate_costume oversized_object purple_eyes shoes short_dress sign simple_background sitting smile solo syringe thighhighs transparent_background umbrella white_armband white_ascot white_flower white_gloves white_hair white_thighhighs,bad_link official_art
typhon_(arknights),legacy_appearance_pack+released_skin+danbooru_tag,char_2012_typhon#1+char_2012_typhon#2,True,candidate,1,18,10882644,typhon_(arknights),Default,game_mirror,https://media.prts.wiki/8/8e/立绘_提丰_1.png,https://danbooru.donmai.us/posts/10882644,purple_hair pink_eyes horns tail black_leotard black_boots black_socks black_thighhighs horn_hairband drill_hair twintails,typhon_(arknights),typhon_(arknights),1girl :d above-cleavage_cutout arrow_(projectile) asymmetrical_legwear bare_shoulders black_boots black_leotard black_socks black_thighhighs blush boots bow_(weapon) breasts clothing_cutout compound_bow crossbow drill_hair fake_horns full_body garter_straps hairband holding holding_bow_(weapon) holding_weapon horn_hairband horns kneehighs large_breasts leotard long_bangs looking_at_viewer low_twintails mismatched_legwear open_mouth pink_eyes purple_hair quiver shortstack sidelocks silver_collar simple_background single_sock single_thighhigh smile socks solo standing tachi-e tail thigh_strap thighhighs transparent_background twin_drills twintails weapon,highres official_art third-party_source
typhon_(northern_pathfinder)_(arknights),released_skin+danbooru_tag,char_2012_typhon@wild#9,True,candidate,1,19,10882996,typhon_(arknights),Northern Pathfinder,game_mirror,https://media.prts.wiki/0/01/立绘_提丰_skin1.png,https://danbooru.donmai.us/posts/10882996,purple_hair pink_eyes horns tail brown_shirt brown_skirt fur-trimmed_shirt pleated_skirt black_boots black_gloves very_long_hair,typhon_(northern_pathfinder)_(arknights),typhon_(arknights) typhon_(northern_pathfinder)_(arknights),1girl :| bag bedroll black_boots black_gloves black_hairband blue_fire blush boots brown_shirt brown_skirt buttons closed_mouth cloud cloudy_sky cropped_vest crossbow demon_girl demon_horns elbow_gloves electric_kettle fire floating_hair fur-trimmed_shirt fur_trim gloves hairband holding holding_crossbow holding_weapon horns kettle knee_boots leaning_forward legs_apart long_hair long_sleeves looking_at_viewer low-tied_long_hair miniskirt official_alternate_costume open_clothes open_vest outdoors pink_eyes pleated_skirt purple_hair shirt shortstack simple_background skindentation skirt sky solo tail tail_raised thigh_strap thighs very_long_hair vest watermark weapon white_background white_vest,highres official_art
typhon_(temperature_difference_rt_rx07)_(arknights),released_skin_official_name,char_2012_typhon@summer#17,False,official_name_without_tag,0,,,,,,,,,,,,
u-official_(arknights),legacy_appearance_pack+released_skin+danbooru_tag,char_4091_ulika#1,True,candidate,3,10,8250766,u-official_(arknights),supplemental search,game_asset,https://arknights.wiki.gg/images/c/c3/U-Official_UO_smiling.png,https://danbooru.donmai.us/posts/8250766,pink_hair purple_hair animal_ears black_jacket black_shirt purple_skirt two-tone_shirt black_socks pink_shoes braid drill_hair,u-official_(arknights),u-official_(arknights),1girl animal_ears asymmetrical_legwear badge bag black_jacket black_shirt black_socks braid button_badge cellphone crocs drill_hair full_body hamster hamster_ears headphones holding holding_stick jacket long_sleeves looking_at_viewer mismatched_legwear multicolored_hair off_shoulder phone pink_hair pink_shirt pink_shoes purple_hair purple_skirt purple_socks sailor_collar selfie selfie_stick shirt shoes short_sleeves simple_background skirt smartphone smile socks solo stick tachi-e transparent_background twin_braids twin_drills two-tone_hair two-tone_shirt walking,game_asset official_art
u-official_(stream_above_the_clouds)_(arknights),released_skin+danbooru_tag,char_4091_ulika@sanrio#1,True,candidate,2,18,10860896,u-official_(arknights),Stream Above the Clouds,game_mirror,https://media.prts.wiki/3/39/立绘_U-Official_skin1.png,https://danbooru.donmai.us/posts/10860896,pink_hair white_dress blue_shoes frilled_socks white_socks twintails long_hair,u-official_(stream_above_the_clouds)_(arknights),badtz-maru cinnamoroll dear_daniel gudetama hello_kitty_(character) kuromi my_melody pompompurin u-official_(arknights) u-official_(stream_above_the_clouds)_(arknights),1girl aircraft animal-shaped_balloon asymmetrical_legwear bag balloon bare_shoulders bird blue_bow blue_shoes bow castle character_balloon cloud dove dress food frilled_socks frills full_body hair_bow hair_ornament holding holding_food holding_phone hot_air_balloon kneehighs long_hair looking_at_viewer official_alternate_costume one_eye_closed open_mouth phone pink_hair rainbow shoes sky smile socks solo stuffed_animal stuffed_toy transparent_background twintails white_dress white_socks yume_kawaii,highres official_art third-party_source
utage_(arknights),legacy_appearance_pack+released_skin+danbooru_tag,char_337_utage#1+char_337_utage#2,True,candidate,1,19,3824505,utage_(arknights),Default,game_mirror,https://aceship.github.io/AN-EN-Tags/img/characters/char_337_utage_1.png,https://danbooru.donmai.us/posts/3824505,brown_hair purple_eyes cat_ears tail grey_dress short_dress open_jacket white_jacket black_thighhighs white_shoes short_hair,utage_(arknights),utage_(arknights),1girl animal_ear_fluff animal_ears armband backpack bag baggy_clothes black_nails black_thighhighs brown_hair cat_ears claw_pose dress full_body garter_straps grey_dress hair_between_eyes hair_ornament hairclip jacket katana lizard_tail long_sleeves looking_at_viewer nail_polish open_clothes open_jacket purple_eyes scabbard sheath sheathed shoes short_dress short_hair simple_background skindentation sneakers solo standing sword tachi-e tail thighhighs transparent_background weapon white_jacket white_shoes x_hair_ornament zettai_ryouiki,official_art
utage_(disguise)_(arknights),legacy_appearance_pack+released_skin+danbooru_tag,char_337_utage@epoque#15,True,candidate,1,18,10657560,utage_(arknights),Disguise,game_mirror,https://media.prts.wiki/b/bd/立绘_宴_skin2.png,https://danbooru.donmai.us/posts/10657560,blonde_hair purple_eyes animal_ears tail black_jacket black_shirt black_skirt open_jacket pleated_skirt black_hat short_hair,utage_(disguise)_(arknights),utage_(arknights) utage_(disguise)_(arknights),1girl animal_ear_fluff animal_ears bag beret black_hat black_jacket black_shirt black_shoes black_skirt blonde_hair book book_stack breasts closed_mouth coffee cup full_body full_moon garter_straps glasses hair_ornament hairclip hat holding holding_book holding_pen inkwell jacket knees_up loafers long_sleeves looking_at_viewer moon neck_ribbon night official_alternate_costume open_book open_clothes open_jacket pantyhose paper pen pleated_skirt purple_eyes purple_shirt red_ribbon ribbon shirt shoes short_hair sitting skirt sky solo star_(sky) sword tail thighhighs transparent_background weapon yellow_pantyhose,highres official_art third-party_source
utage_(summer_flowers)_(arknights),legacy_appearance_pack,,True,candidate,2,18,4067462,utage_(arknights),Summer Flowers,game_mirror,https://aceship.github.io/AN-EN-Tags/img/characters/char_337_utage_summer%234.png,https://danbooru.donmai.us/posts/4067462,blonde_hair purple_eyes animal_ears tail striped_bikini vertical-striped_bikini swimsuit black_jacket open_jacket straw_hat braid,utage_(summer_flowers)_(arknights),utage_(arknights) utage_(summer_flowers)_(arknights),1girl animal_ear_fluff animal_ears arm_support bare_legs beach beach_umbrella bikini black_jacket blonde_hair blue_nails blue_sky bracelet braid breasts character_name cleavage cloud crab crazy_straw cup day drinking_glass drinking_straw eyewear_on_head fang feet full_body greek_toe hair_ornament hairclip hat heart_straw holding holding_cup huge_breasts jacket jewelry katana lens_flare long_sleeves looking_at_viewer nail_polish official_alternate_costume open_clothes open_jacket outdoors pendant planted planted_sword platform_sandals purple_eyes sandals scabbard shadow sheath sheathed short_hair side_braid single_braid sitting skin_fang sky smile solo starfish straw_hat striped_bikini striped_clothes sunglasses surfboard swimsuit swimsuit_cover-up sword tail thighs tinted_eyewear toenail_polish toenails toes transparent_background umbrella vertical-striped_bikini vertical-striped_clothes weapon white_bikini white_umbrella wide_sleeves x_hair_ornament,highres official_art third-party_source
utage_(summer_flowers_fa661)_(arknights),released_skin_official_name,char_337_utage@summer#4,False,official_name_without_tag,0,,,,,,,,,,,,
vendela_(arknights),legacy_appearance_pack+released_skin+danbooru_tag,char_494_vendla#1+char_494_vendla#2,True,needs_source_or_visual_review,2,3,10314844,vendela_(arknights),supplemental search,source_unverified,https://img.moegirl.org.cn/common/3/35/明日方舟立绘_刺玫_2.png,https://danbooru.donmai.us/posts/10314844,brown_hair cat_ears cat_tail white_dress black_jacket open_jacket thigh_boots short_hair,vendela_(arknights),vendela_(arknights),1girl animal_ear_fluff animal_ears arm_at_side armpits black_jacket boots border breasts brown_hair cat cat_ears cat_girl cat_tail crown dress falling_petals flower holding holding_staff jacket jacket_on_shoulders medium_breasts open_clothes open_jacket petals rose short_hair short_hair_with_long_locks sidelocks simple_background sitting solo sparkle staff tail thigh_boots transparent_background white_dress yokozuwari,commentary_request highres official_art
vendela_(蔷薇之谜)_(arknights),released_skin_official_name,char_494_vendla@game#10,False,official_name_without_tag,0,,,,,,,,,,,,
vermeil_(arknights),legacy_appearance_pack+released_skin+danbooru_tag,char_190_clour#1+char_190_clour#2,True,candidate,9,9,3943623,vermeil_(arknights),supplemental search,publisher,https://webusstatic.yo-star.com/ark_jp_web/assets/159125795326711550/14.png,https://danbooru.donmai.us/posts/3943623,blonde_hair fox_ears fox_tail black_shoes,vermeil_(arknights),vermeil_(arknights),1girl anger_vein angry animal_ears black_cloak black_shoes blonde_hair chibi cloak company_name fox_ears fox_tail from_behind full_body motion_lines prosthesis prosthetic_arm shoes simple_background solo standing sticker_(medium) tail throwing watermark white_background,artist_request commentary_request official_art
vermeil_(playfellows)_(arknights),released_skin+danbooru_tag,char_190_clour@epoque#43,True,candidate,2,19,10652737,vermeil_(arknights),Playfellows,game_mirror,https://media.prts.wiki/4/49/立绘_红云_skin1.png,https://danbooru.donmai.us/posts/10652737,blonde_hair orange_eyes fox_ears fox_tail collared_shirt hooded_jacket open_jacket white_shirt shorts skirt short_hair,vermeil_(playfellows)_(arknights),vermeil_(arknights) vermeil_(playfellows)_(arknights),1girl animal_ear_fluff animal_ears bag balloon black_shoes blonde_hair brown_socks collared_shirt fox fox_ears fox_girl fox_tail full_body green_necktie hair_between_eyes hair_ornament hairclip hat holding holding_balloon hood hood_down hooded_jacket jacket long_sleeves looking_at_viewer necktie notched_ear official_alternate_costume one_eye_closed open_clothes open_jacket open_mouth orange_eyes origami party_hat shirt shoes short_hair shorts skirt smile socks solo standing suitcase tail transparent_background white_shirt yellow_jacket,highres official_art
vigna_(arknights),legacy_appearance_pack+released_skin+danbooru_tag,char_290_vigna#1+char_290_vigna#2,True,candidate,1,19,3866509,vigna_(arknights),Default,game_mirror,https://aceship.github.io/AN-EN-Tags/img/characters/char_290_vigna_1.png,https://danbooru.donmai.us/posts/3866509,black_hair red_hair red_eyes horns pointy_ears shoulder_armor white_shirt black_boots black_hat thighhighs very_long_hair,vigna_(arknights),vigna_(arknights),1girl armor asymmetrical_legwear belt black_belt black_boots black_hair black_hat boots full_body gradient_hair grey_vest hair_ornament hairclip hand_in_pocket hat horns horns_through_headwear knee_pads long_hair long_sleeves low-tied_long_hair mismatched_legwear multicolored_hair newsboy_cap pauldrons pointy_ears polearm red_eyes red_hair shirt shoulder_armor sidelocks simple_background solo spear standing tachi-e tail thighhighs transparent_background very_long_hair vest weapon white_shirt,official_art
vigna_(black_wave)_(arknights),released_skin+danbooru_tag,char_290_vigna@as#1,True,candidate,1,19,10648177,vigna_(arknights),Black Wave,game_mirror,https://media.prts.wiki/d/d7/立绘_红豆_skin2.png,https://danbooru.donmai.us/posts/10648177,red_hair red_eyes horns pointy_ears black_jacket black_skirt shirt black_boots black_hat black_pantyhose very_long_hair,vigna_(black_wave)_(arknights),vigna_(arknights) vigna_(black_wave)_(arknights),1girl :d ahoge amplifier asymmetrical_legwear belt black_boots black_hat black_jacket black_pantyhose black_skirt black_thighhighs boots bracelet cable demon_girl demon_horns electric_guitar full_body gibson_flying_v guitar hat holding holding_instrument horns instrument jacket jewelry long_hair looking_at_viewer miniskirt mismatched_legwear necktie official_alternate_costume open_clothes open_mouth pantyhose plectrum pointy_ears red_eyes red_hair red_necktie shirt single_leg_pantyhose single_thighhigh skirt smile socks solo speaker standing tail thigh_strap thighhighs transparent_background uneven_legwear very_long_hair,highres official_art
vigna_(holiday_hd01)_(arknights),released_skin_official_name,char_290_vigna@summer#1,False,official_name_without_tag,0,,,,,,,,,,,,
virtuosa_(arknights),legacy_appearance_pack+released_skin+danbooru_tag,char_245_cello#1+char_245_cello#2,True,candidate,1,19,6835009,virtuosa_(arknights),Default,game_mirror,https://raw.githubusercontent.com/Aceship/Arknight-Images/main/characters/char_245_cello_1.png,https://danbooru.donmai.us/posts/6835009,black_hair black_eyes halo black_skirt white_shirt black_gloves black_shoes black_thighhighs very_long_hair,virtuosa_(arknights),virtuosa_(arknights),1girl black_eyes black_gloves black_hair black_shoes black_skirt black_thighhighs full_body gloves halo high_heels holding holding_instrument instrument long_hair looking_at_viewer miniskirt pouch shirt shoes skirt smile solo tachi-e thighhighs transparent_background very_long_hair white_shirt zettai_ryouiki,highres official_art
virtuosa_(diversity_oneness)_(arknights),legacy_appearance_pack+released_skin+danbooru_tag,char_245_cello@sale#12,True,candidate,1,17,8413552,virtuosa_(arknights),Diversity Oneness,game_mirror,https://media.prts.wiki/0/05/立绘_塑心_skin1.png,https://danbooru.donmai.us/posts/8413552,black_hair halo wings black_dress very_long_hair,virtuosa_(diversity_oneness)_(arknights),virtuosa_(arknights) virtuosa_(diversity_oneness)_(arknights),1girl black_dress black_hair black_halo broken_halo cello dress drop_shadow energy_wings full_body halo high_heels instrument long_hair official_alternate_costume transparent_background very_long_hair wings,absurdres highres official_art
virtuosa_(young)_(arknights),legacy_appearance_pack,,True,candidate,1,18,9775474,virtuosa_(arknights),Young,game_mirror,https://media.prts.wiki/0/04/Avg_avg_npc_1120_1-1$1.png,https://danbooru.donmai.us/posts/9775474,black_hair black_eyes halo wings laterano_school_uniform black_shirt white_skirt black_pantyhose black_shoes very_long_hair,virtuosa_(young)_(arknights),virtuosa_(arknights) virtuosa_(young)_(arknights),1girl aged_down arched_hair black_eyes black_hair black_halo black_pantyhose black_ribbon black_shirt black_shoes black_wings blunt_bangs child closed_mouth crystal_wings detached_wings full_body halo hime_cut laterano_school_uniform long_hair long_sleeves looking_at_viewer neck_ribbon official_alternate_costume pantyhose ribbon school_uniform shirt shoes sidelocks simple_background skirt smile solo standing tachi-e transparent_background very_long_hair white_skirt wings yellow_pupils,official_art third-party_source
viviana_(arknights),legacy_appearance_pack+released_skin+danbooru_tag,char_4098_vvana#1+char_4098_vvana#2,True,candidate,1,19,7510634,viviana_(arknights),Default,publisher,https://twitter.com/ArknightsEN/status/1784432350983565322,https://danbooru.donmai.us/posts/7510634,horns animal_ears hooded_cape white_cape,viviana_(arknights),viviana_(arknights),1girl animal_ears antlers candle candlestand cape cloak deer_antlers deer_ears deer_girl ears_through_headwear ears_through_hood hat_on_horn holding holding_candle hood hood_up hooded_cape horns horns_through_headwear horns_through_hood open_cloak open_clothes white_cape white_cloak white_hood,commentary english_commentary highres official_art
viviana_(sent_from_ognisko)_(arknights),released_skin+danbooru_tag,char_4098_vvana@epoque#40,True,no_exact_tagged_post,0,,,,,,,,,,,,
vulcan_(arknights),legacy_appearance_pack+released_skin+danbooru_tag,char_163_hpsts#1+char_163_hpsts#2,True,candidate,1,19,3884170,vulcan_(arknights),Default,game_mirror,https://aceship.github.io/AN-EN-Tags/akhrchars.html?opname=Vulcan,https://danbooru.donmai.us/posts/3884170,grey_hair red_eyes black_jacket black_shoes black_socks short_hair,vulcan_(arknights),vulcan_(arknights),1girl black_jacket black_shoes black_socks cardigan collar collarbone cyborg full_body grey_hair hammer holding holding_hammer holding_shield holding_weapon hood hood_up hooded_cardigan jacket kneehighs long_legs long_sleeves looking_at_viewer prosthesis prosthetic_leg red_eyes shield shoes short_hair simple_background single_kneehigh single_sock socks solo tachi-e transparent_background weapon white_cardigan,official_art
vulcan_(ignis)_(arknights),released_skin+danbooru_tag,char_163_hpsts@boc#10,True,candidate,1,19,9365329,vulcan_(arknights),Ignis,game_mirror,https://media.prts.wiki/5/5b/立绘_火神_skin1.png,https://danbooru.donmai.us/posts/9365329,grey_hair red_eyes horns black_pants black_boots black_gloves ponytail,vulcan_(ignis)_(arknights),vulcan_(arknights) vulcan_(ignis)_(arknights),1girl arm_at_side arm_up asymmetrical_dual_wielding belt_pouch black_boots black_gloves black_pants blunt_bangs boots broken_horn company_name copyright_name copyright_notice drop_shadow dual_wielding faux_figurine floating floating_object floating_weapon full_body gloves grey_background grey_hair halterneck hammer high_ponytail holding holding_hammer holding_over_opposite_shoulder holding_weapon horns infection_monitor_(arknights) lance looking_at_viewer multiple_weapons official_alternate_costume pants polearm ponytail pouch red_eyes shield simple_background solo sword weapon,highres official_art
vulpisfoglia_(arknights),legacy_appearance_pack+released_skin+danbooru_tag,char_4026_vulpis#1+char_4026_vulpis#2,True,needs_source_or_visual_review,7,15,8639941,vulpisfoglia_(arknights),Default,source_unverified,file://char_4026_vulpis_1.png,https://danbooru.donmai.us/posts/8639941,blonde_hair white_hair orange_eyes fox_ears fox_tail black_coat black_skirt collared_shirt white_shirt pants black_boots,vulpisfoglia_(arknights),vulpisfoglia_(arknights),1girl animal_ears black_boots black_coat black_skirt blonde_hair boots braid brown_gloves closed_mouth coat collared_shirt fennec_fox fox_ears fox_girl fox_tail full_body gloves hair_between_eyes hand_in_pocket holding holding_sword holding_weapon long_hair long_sleeves multicolored_hair necktie omamori orange_eyes pants red_necktie scar scar_on_cheek scar_on_face shirt simple_background skirt solo standing star_(symbol) streaked_hair swept_hilt sword tachi-e tail tassel transparent_background weapon white_hair white_shirt,highres non-web_source official_art
vulpisfoglia_(out_of_focus)_(arknights),legacy_appearance_pack,,True,no_exact_tagged_post,0,,,,,,,,,,,,
vulpisfoglia_(失焦)_(arknights),released_skin_official_name,char_4026_vulpis@epoque#55,False,official_name_without_tag,0,,,,,,,,,,,,
w_(act_ii)_(arknights),legacy_appearance_pack,,True,candidate,1,19,5270268,w_(arknights),Act II,game_mirror,https://aceship.github.io/AN-EN-Tags/img/avg/characters/avg_npc_412_1%231$1.png,https://danbooru.donmai.us/posts/5270268,grey_hair orange_eyes horns tail black_shorts open_jacket short_shorts black_choker black_gloves black_shoes short_hair,w_(act_ii)_(arknights),w_(act_ii)_(arknights) w_(arknights),1girl ahoge antenna_hair belt_pouch black_choker black_gloves black_shoes black_shorts breasts choker demon_tail fingerless_gloves full_body gloves grey_hair grey_tank_top grin hand_on_own_hip horns jacket large_breasts long_sleeves looking_at_viewer official_alternate_costume open_clothes open_jacket orange_eyes pouch shoes short_hair short_shorts shorts simple_background smile solo standing tachi-e tail tank_top thighhighs thighs transparent_background,official_art
w_(arknights),legacy_appearance_pack+released_skin+danbooru_tag,char_113_cqbw#1+char_113_cqbw#2,True,candidate,1,19,3887637,w_(arknights),Default,game_mirror,https://aceship.github.io/AN-EN-Tags/img/characters/char_113_cqbw_1.png,https://danbooru.donmai.us/posts/3887637,grey_hair red_eyes horns tail black_jacket black_skirt grey_shirt open_jacket black_gloves black_pantyhose short_hair,w_(arknights),w_(arknights),1girl ahoge assault_rifle bandaged_leg bandages black_gloves black_jacket black_pantyhose black_scarf black_shoes black_skirt breasts fingerless_gloves full_body gloves grenade_launcher grey_hair grey_scarf grey_shirt gun holding horns jacket long_sleeves looking_at_viewer m4_carbine medium_breasts miniskirt open_clothes open_jacket pantyhose red_eyes rifle scarf shirt shoes short_hair simple_background skirt smile solo tachi-e tail thighs transparent_background weapon,official_art
w_(fugue)_(arknights),released_skin+danbooru_tag,char_113_cqbw@epoque#7,True,needs_source_or_visual_review,1,3,5048999,w_(fugue)_(arknights),supplemental search,source_unverified,https://twitter.com/101Neg/status/1481190327474360328,https://danbooru.donmai.us/posts/5048999,grey_hair red_hair horns tail black_shirt grey_pants black_boots knee_boots short_hair,w_(fugue)_(arknights),w_(arknights) w_(fugue)_(arknights),1girl against_railing backlighting bird black_boots black_shirt boots building chain demon_girl demon_horns demon_tail full_body grey_hair grey_pants holding horns knee_boots looking_away looking_down multicolored_hair navel outdoors pants railing red_hair shirt short_hair short_sleeves solo standing sunlight tail two-tone_hair,commentary_request highres official_art
w_(wanted)_(arknights),legacy_appearance_pack,,True,needs_source_or_visual_review,3,13,6219657,w_(arknights),Wanted,source_unverified,https://twitter.com/askziye/status/1646033217944965121?s=20,https://danbooru.donmai.us/posts/6219657,orange_eyes horns tail backless_dress black_dress asymmetrical_gloves black_gloves black_hat black_shoes,w_(wanted)_(arknights),w_(arknights) w_(wanted)_(arknights),1girl 2023 ass asymmetrical_gloves asymmetrical_sleeves backless_dress backless_outfit black_dress black_gloves black_hat black_shoes black_tail black_thighhighs breasts character_name closed_mouth company_name copyright_name copyright_notice demon_girl demon_horns demon_tail dress elbow_gloves eye_mask gloves gradient_tail hat high_heels horns looking_at_viewer mask medium_breasts multiple_views official_alternate_costume orange_eyes pantyhose phantom_thief red_horns red_tail reference_sheet shoes single_elbow_glove smile standing tail thighhighs torn_clothes torn_pantyhose torn_sleeves turnaround,commentary_request highres official_art
waai_fu_(arknights),legacy_appearance_pack+released_skin+danbooru_tag,char_243_waaifu#1+char_243_waaifu#2,True,candidate,4,9,3942742,waai_fu_(arknights),supplemental search,publisher,https://webusstatic.yo-star.com/ark_jp_web/assets/159005535252815035/08.png,https://danbooru.donmai.us/posts/3942742,black_hair orange_hair orange_eyes animal_ears tail capelet short_hair,waai_fu_(arknights),waai_fu_(arknights),1girl :| animal_ears black_hair capelet chibi claws closed_mouth company_name cropped_torso furry furry_female glasses hand_on_own_chin hand_on_own_elbow hand_up jitome looking_away multicolored_fur multicolored_hair orange_eyes orange_hair raised_eyebrow semi-rimless_eyewear short_hair simple_background solo sticker_(medium) streaked_hair tail thinking tiger_ears tiger_girl tiger_tail tinted_eyewear under-rim_eyewear upper_body watermark white_background white_hair,artist_request commentary_request official_art
waai_fu_(wild_flower_of_street)_(arknights),released_skin+danbooru_tag,char_243_waaifu@whirlwind#2,True,candidate,2,16,5828324,waai_fu_(arknights),Wild Flower of Street,game_mirror,https://gamepress.gg/arknights/skin/wild-flower-street,https://danbooru.donmai.us/posts/5828324,animal_ears tail jacket,waai_fu_(wild_flower_of_street)_(arknights),rat_fink waai_fu_(arknights) waai_fu_(wild_flower_of_street)_(arknights),1girl animal_ear_fluff animal_ears animal_nose ball billiard_ball body_fur furry furry_female goggles goggles_on_head holding holding_knife hot_rod_(modified_car) jacket knife looking_at_viewer multicolored_fur official_alternate_costume open_mouth orange_fur smile striped_fur tail tiger_ears tiger_girl tiger_tail transparent_background weapon,highres official_art third-party_source
warfarin_(arknights),legacy_appearance_pack+released_skin+danbooru_tag,char_171_bldsk#1+char_171_bldsk#2,True,candidate,1,19,3563881,warfarin_(arknights),Default,game_mirror,https://aceship.github.io/AN-EN-Tags/akhrchars.html?opname=Warfarin,https://danbooru.donmai.us/posts/3563881,white_hair red_eyes pointy_ears black_dress sleeveless_dress black_jacket hooded_jacket ankle_boots black_boots braid very_long_hair,warfarin_(arknights),warfarin_(arknights),1girl ankle_boots armband black_boots black_dress black_jacket black_pantyhose black_sleeves blood blood_bag boots braid breasts cross crown_braid detached_sleeves dress floating_hair full_body hair_between_eyes hair_ornament holding holding_iv_stand holding_staff hood hood_down hooded_jacket intravenous_drip iv_stand jacket long_hair long_sleeves looking_at_viewer pale_skin pantyhose pointy_ears red_eyes sidelocks simple_background sleeveless sleeveless_dress sleeveless_jacket small_breasts solo staff tachi-e transparent_background v-shaped_eyebrows vampire very_long_hair white_dress white_hair,official_art
warfarin_(holiday_hd31)_(arknights),released_skin_official_name,char_171_bldsk@summer#7,False,official_name_without_tag,0,,,,,,,,,,,,
warfarin_(the_feast)_(arknights),released_skin+danbooru_tag,char_171_bldsk@witch#1,True,candidate,1,19,3851552,warfarin_(arknights),The Feast,game_mirror,https://aceship.github.io/AN-EN-Tags/akhrchars.html?opname=Warfarin,https://danbooru.donmai.us/posts/3851552,grey_hair red_eyes pointy_ears black_skirt pleated_skirt white_shirt ankle_boots black_boots black_cape long_hair,warfarin_(the_feast)_(arknights),warfarin_(arknights) warfarin_(the_feast)_(arknights),1girl :o ankle_boots bare_legs bare_tree bat_(animal) black_boots black_cape black_hat black_panties black_skirt boots cape flower full_body grey_hair hair_between_eyes hand_up hat hat_flower head_tilt holding holding_paper long_hair long_sleeves looking_at_viewer miniskirt official_alternate_costume open_mouth pale_skin panties pantyshot paper pleated_skirt pointy_ears red_eyes red_flower red_rose rose scar scar_across_eye scar_on_face shirt skirt solo staff standing stitches syringe top_hat transparent_background tree underwear vial walking white_shirt wide_sleeves,highres official_art
warmy_(arknights),legacy_appearance_pack+released_skin+danbooru_tag,char_4081_warmy#1+char_4081_warmy#2,True,candidate,1,18,10349729,warmy_(arknights),Default,game_mirror,https://arknights.wiki.gg/images/Warmy.png?976a32,https://danbooru.donmai.us/posts/10349729,brown_hair grey_hair orange_eyes rabbit_ears dress orange_skirt shirt frilled_hairband ribbon-trimmed_hairband long_hair,warmy_(arknights),warmy_(arknights),1girl animal_ears brown_hair dress frilled_hairband frills grey_hair hairband holding long_hair long_sleeves looking_at_viewer open_mouth orange_eyes orange_skirt rabbit_ears rabbit_girl ribbon ribbon-trimmed_hairband shirt simple_background skirt smile solo tachi-e transparent_background,official_art third-party_source
warmy_(warm_velvet_at_the_corner)_(arknights),released_skin+danbooru_tag,char_4081_warmy@winter#4,True,candidate,1,16,8413807,warmy_(arknights),Warm Velvet at the Corner,game_mirror,https://media.prts.wiki/d/dd/立绘_温米_skin1.png,https://danbooru.donmai.us/posts/8413807,brown_hair orange_eyes animal_ears brown_jacket ankle_boots black_boots brown_hat short_hair,warmy_(warm_velvet_at_the_corner)_(arknights),warmy_(arknights) warmy_(warm_velvet_at_the_corner)_(arknights),1girl animal_ears ankle_boots baguette bandaid bandaid_on_knee bandaid_on_leg black_boots boots bread brown_hair brown_hat brown_jacket character_name child copyright_name copyright_notice drop_shadow ears_through_headwear eating food full_body hat holding holding_food infection_monitor_(arknights) jacket long_sleeves looking_at_viewer official_alternate_costume orange_eyes outdoors people shoe_soles shop short_hair sitting snow snowball snowing stuffed_animal stuffed_toy transparent_background,chinese_commentary commentary_request highres official_art third-party_source
weedy_(arknights),legacy_appearance_pack+released_skin+danbooru_tag,char_400_weedy#1+char_400_weedy#2,True,candidate,1,19,3887643,weedy_(arknights),Default,game_mirror,https://aceship.github.io/AN-EN-Tags/img/characters/char_400_weedy_1.png,https://danbooru.donmai.us/posts/3887643,grey_hair red_eyes tail grey_jacket black_boots black_gloves very_long_hair,weedy_(arknights),leaf_(arknights) weedy_(arknights),1girl bare_legs bare_shoulders black_boots black_gloves boots cannon detached_sleeves full_body gloves grey_hair grey_jacket jacket long_hair long_sleeves looking_at_viewer low-tied_long_hair red_eyes sidelocks simple_background single_glove solo standing tachi-e tail thigh_strap thighs transparent_background very_long_hair,official_art
weedy_(candy_cape)_(arknights),released_skin+danbooru_tag,char_400_weedy@snow#2,True,candidate,1,18,4256496,weedy_(arknights),Candy Cape,game_mirror,https://aceship.github.io/AN-EN-Tags/img/characters/char_400_weedy_snow%232.png,https://danbooru.donmai.us/posts/4256496,grey_hair red_eyes tail red_dress black_boots very_long_hair,weedy_(candy_cape)_(arknights),leaf_(arknights) weedy_(arknights) weedy_(candy_cape)_(arknights),1girl black_boots blue_cloak boots box candy candy_cane cheese christmas christmas_ornaments christmas_tree cloak copyright_name dress food full_body gift gift_box grey_hair hair_ornament long_hair looking_to_the_side mouse_(animal) nutcracker official_alternate_costume oversized_object red_dress red_eyes solo standing tail transparent_background very_long_hair,highres official_art third-party_source
weedy_(sedjem)_(arknights),released_skin+danbooru_tag,char_400_weedy@sightseer#1,True,candidate,1,18,7936234,weedy_(arknights),Sedjem,game_mirror,https://media.prts.wiki/9/97/立绘_温蒂_skin2.png,https://danbooru.donmai.us/posts/7936234,white_hair red_eyes blue_dress high-low_dress blue_hairband long_hair,weedy_(sedjem)_(arknights),leaf_(arknights) weedy_(arknights) weedy_(sedjem)_(arknights),1girl bare_legs barefoot bird blue_dress blue_gem blue_hairband blue_nails blue_sky boat bracelet calflet column desert diorama dress drop_shadow flying gem hair_between_eyes hairband high-low_dress holding holding_gem jewelry long_hair nail_polish obelisk official_alternate_costume open_mouth pillar pyramid_(structure) red_eyes scarab sky sleeveless sleeveless_dress smile solo standing statue teeth toenail_polish toenails transparent_background two-tone_dress upper_teeth_only wading water watercraft white_dress white_hair,highres official_art third-party_source
whislash_(arknights),legacy_appearance_pack+released_skin+danbooru_tag,char_265_sophia#1+char_265_sophia#2,True,candidate,1,19,4151336,whislash_(arknights),Default,game_mirror,https://aceship.github.io/AN-EN-Tags/img/characters/char_265_sophia_1.png,https://danbooru.donmai.us/posts/4151336,blonde_hair blue_eyes horse_ears tail black_hat black_shoes black_thighhighs white_cape long_hair,whislash_(arknights),whislash_(arknights),1girl :d animal_ear_fluff animal_ears belt black_hat black_ribbon black_shoes black_thighhighs blonde_hair blue_eyes breasts cape crossed_legs full_body garrison_cap hair_ribbon hands_on_own_hips hat high_heels horse_ears horse_girl horse_tail long_hair long_sleeves looking_at_viewer medium_breasts open_mouth ribbon shoes short_eyebrows simple_background smile solo standing swept_bangs sword tachi-e tail thighhighs transparent_background watson_cross weapon white_cape,official_art
whislash_(glory_purple)_(arknights),released_skin+danbooru_tag,char_265_sophia@epoque#11,True,candidate,1,16,4815982,whislash_(arknights),Glory Purple,game_mirror,https://aceship.github.io/AN-EN-Tags/img/characters/char_265_sophia_epoque%2311.png,https://danbooru.donmai.us/posts/4815982,blonde_hair blue_eyes animal_ears tail white_dress black_boots high_heel_boots white_gloves long_hair,whislash_(glory_purple)_(arknights),whislash_(arknights) whislash_(glory_purple)_(arknights),1girl :d animal_ear_fluff animal_ears black_boots blonde_hair blue_eyes boots breasts dress full_body gloves grass hair_ornament hairclip hand_on_own_hip hand_up high_heel_boots high_heels large_tail long_hair looking_at_viewer medium_breasts official_alternate_costume open_mouth smile standing tail transparent_background white_dress white_gloves,highres official_art third-party_source
whisperain_(arknights),legacy_appearance_pack+released_skin+danbooru_tag,char_436_whispr#1+char_436_whispr#2,True,candidate,1,19,4179713,whisperain_(arknights),Default,game_mirror,https://aceship.github.io/AN-EN-Tags/img/characters/char_436_whispr_1.png,https://danbooru.donmai.us/posts/4179713,grey_hair blue_eyes dress black_pantyhose black_shoes white_gloves white_hat very_long_hair,whisperain_(arknights),whisperain_(arknights),1girl bare_shoulders black_pantyhose black_shoes black_umbrella blue_eyes closed_umbrella dress full_body gloves grey_hair hair_over_one_eye hat holding holding_umbrella long_hair long_sleeves looking_at_viewer pantyhose shoes simple_background solo standing tachi-e transparent_background umbrella very_long_hair white_gloves white_hat,highres official_art
whisperain_(priory_of_abyss)_(arknights),released_skin+danbooru_tag,char_436_whispr@witch#4,True,no_exact_tagged_post,0,,,,,,,,,,,,
whisperain_(tremble_cold)_(arknights),released_skin+danbooru_tag,char_436_whispr@nian#4,True,candidate,1,19,4496962,whisperain_(arknights),Tremble Cold,game_mirror,https://aceship.github.io/AN-EN-Tags/img/characters/char_436_whispr_nian%234.png,https://danbooru.donmai.us/posts/4496962,blue_hair blue_eyes black_dress black_gloves white_boots short_hair,whisperain_(tremble_cold)_(arknights),whisperain_(arknights) whisperain_(tremble_cold)_(arknights),1girl bare_shoulders black_dress black_gloves black_umbrella blue_eyes blue_hair boots dress feather_boa full_body gloves hair_over_one_eye holding holding_umbrella looking_at_viewer official_alternate_costume oil-paper_umbrella short_hair snow solo standing thigh_strap transparent_background umbrella white_boots,bad_id highres official_art
wis'adel_(arknights),legacy_appearance_pack+released_skin+danbooru_tag,char_1035_wisdel#1+char_1035_wisdel#2,True,no_exact_tagged_post,0,,,,,,,,,,,,
wis'adel_(supernova)_(arknights),released_skin+danbooru_tag,char_1035_wisdel@sale#14,True,no_exact_tagged_post,0,,,,,,,,,,,,
wis'adel_(绝对主角)_(arknights),released_skin_official_name,char_1035_wisdel@game#9,False,official_name_without_tag,0,,,,,,,,,,,,
wulfenite_(arknights),legacy_appearance_pack+released_skin+danbooru_tag,char_4171_wulfen#1+char_4171_wulfen#2,True,candidate,1,18,11038381,wulfenite_(arknights),Default,game_mirror,https://arknights.wiki.gg/images/Wulfenite.png,https://danbooru.donmai.us/posts/11038381,orange_hair red_hair orange_eyes pointy_ears tail black_jacket black_skirt brown_shirt pleated_skirt black_gloves brown_boots,wulfenite_(arknights),wulfenite_(arknights),1girl :d ascot axe belt black_gloves black_jacket black_skirt boots breasts brown_boots brown_shirt fang fingerless_gloves full_body glasses gloves holding holding_axe jacket large_breasts large_tail long_hair looking_at_viewer miniskirt multicolored_hair neckerchief necktie open_clothes open_mouth orange_eyes orange_hair piercing pleated_skirt pointy_ears pouch prehensile_tail red_hair scales shirt simple_background skirt smile snake_girl snake_tail solo standing streaked_hair tachi-e tail thigh_pouch thighhighs transparent_background twintails v visor_cap white_ascot white_hair white_neckerchief white_necktie white_thighhighs zettai_ryouiki,official_art third-party_source
wulfenite_(跃动节拍)_(arknights),released_skin_official_name,char_4171_wulfen@marthe#14,False,official_name_without_tag,0,,,,,,,,,,,,
yahata_umiri,legacy_appearance_pack+released_skin+danbooru_tag,char_4186_tmoris#1+char_4186_tmoris#2,True,needs_source_or_visual_review,4,2,9910487,yahata_umiri,supplemental search,source_unverified,https://discord.com/channels/280709755486470144/1412979930962333789/1412983867970687069,https://danbooru.donmai.us/posts/9910487,blue_eyes brown_dress hanasakigawa_school_uniform pleated_dress black_socks brown_shoes white_sailor_collar,yahata_umiri,yahata_umiri,1girl 5-string_bass_guitar bass_guitar black_socks blue_eyes brown_dress brown_shoes closed_mouth dress extended_range_bass_guitar full_body guitar_strap hanasakigawa_school_uniform hand_up holding holding_bass_guitar holding_instrument instrument kneehighs loafers long_sleeves looking_at_viewer pleated_dress red_ribbon ribbon sailor_collar sailor_dress schecter_guitar school_uniform shoes simple_background socks solo tachi-e transparent_background white_sailor_collar,official_art third-party_source
yahata_umiri_(moonlight_executioner)_(arknights),released_skin_official_name,char_4186_tmoris@avemujica#1,False,needs_source_or_visual_review,1,13,9910228,yahata_umiri,Moonlight Executioner,source_unverified,https://discord.com/channels/280709755486470144/1412979930962333789/1413035995900940288,https://danbooru.donmai.us/posts/9910228,black_hair blue_eyes wolf_ears tail black_dress sleeveless_dress black_boots black_gloves black_hat black_thighhighs medium_hair,yahata_umiri,misumi_uika misumi_uika_(caged_singer) timoris_(bang_dream!) togawa_sakiko togawa_sakiko_(master_of_melodia) wakaba_mutsumi wakaba_mutsumi_(marionette's_id) yahata_umiri yahata_umiri_(moonlight_executioner) yuutenji_nyamu yuutenji_nyamu_(magician_of_passion),1girl animal_ears ave_mujica_(bang_dream!) black_boots black_dress black_gloves black_hair black_hat black_thighhighs blood blood_on_ground blue_eyes boots breasts chain cleavage detached_sleeves disco_ball dress evidence_board evidence_markers full_body gloves hat holding holding_knife knife looking_at_viewer mask medium_breasts medium_hair phonograph sleeveless sleeveless_dress spotlight tail thighhighs unworn_mask wolf_ears wolf_girl wolf_tail,highres official_art third-party_source
yato_(arknights),legacy_appearance_pack+released_skin+danbooru_tag,char_502_nblade#1,True,candidate,3,18,10272227,yato_(arknights),Default,game_mirror,https://media.prts.wiki/a/ad/立绘_夜刀_1.png,https://danbooru.donmai.us/posts/10272227,brown_hair horns rhodes_island_uniform black_jacket black_skirt grey_shirt open_jacket pleated_skirt ponytail,yato_(arknights),yato_(arknights),1girl black_boots black_horns black_jacket black_skirt blindfold blindfold_mask boots brown_hair brown_pantyhose closed_mouth covered_eyes drop_shadow faceless faceless_female full_body grey_shirt high_ponytail holding holding_sword holding_weapon horns id_card jacket katana knee_boots lanyard layered_sleeves legs_apart long_sleeves mask masked neck_warmer open_clothes open_jacket pantyhose pleated_skirt ponytail rhodes_island_uniform scabbard sheath sheathed shirt short_over_long_sleeves short_sleeves simple_background skirt solo standing sword tachi-e transparent_background weapon,official_art third-party_source
zima_(arknights),legacy_appearance_pack,,True,candidate,1,18,3563871,zima_(arknights),Default,game_mirror,https://aceship.github.io/AN-EN-Tags/akhrchars.html?opname=Zima,https://danbooru.donmai.us/posts/3563871,brown_hair red_hair blue_eyes animal_ears school_uniform black_jacket black_shirt brown_skirt fur-trimmed_jacket pleated_skirt long_hair,zima_(arknights),zima_(arknights),1girl animal_ears axe bear_ears bear_girl black_boots black_choker black_jacket black_sailor_collar black_shirt black_socks blue_eyes boots breasts brown_hair brown_skirt choker earbuds earphones expressionless full_body fur-trimmed_jacket fur_trim hair_between_eyes hand_up holding holding_axe jacket kneehighs lace-up_boots long_hair long_sleeves looking_at_viewer multicolored_hair neckerchief open_clothes open_jacket pantyhose pleated_skirt red_hair red_neckerchief red_pantyhose ribbed_socks sailor_collar school_uniform serafuku shirt sidelocks simple_background skirt small_breasts socks solo standing streaked_hair tachi-e transparent_background v-shaped_eyebrows weapon white_jacket,official_art third-party_source
