image_type,image_id,status,wiki_titles,labels,decision,selected_forms,url,source
,,wiki_missing,2b_(azur_lane),,coverage_gap_missing_wiki_or_appearance,,,
,,wiki_missing,a2_(azur_lane),,coverage_gap_missing_wiki_or_appearance,,,
,,wiki_missing,admiral_hipper_meta_(azur_lane),,coverage_gap_missing_wiki_or_appearance,,,
,,wiki_missing,admiral_hipper_μ_(azur_lane),,coverage_gap_missing_wiki_or_appearance,,,
,,wiki_missing,agir_(azur_lane),,coverage_gap_missing_wiki_or_appearance,,,
,,wiki_missing,akagi_μ_(azur_lane),,coverage_gap_missing_wiki_or_appearance,,,
,,wiki_missing,akane_shinjo_(azur_lane),,coverage_gap_missing_wiki_or_appearance,,,
,,wiki_missing,albacore_μ_(azur_lane),,coverage_gap_missing_wiki_or_appearance,,,
,,wiki_missing,algerie_meta_(azur_lane),,coverage_gap_missing_wiki_or_appearance,,,
,,wiki_missing,allen_m_sumner_(azur_lane),,coverage_gap_missing_wiki_or_appearance,,,
,,appearance_missing,alvitr_(azur_lane),,coverage_gap_missing_wiki_or_appearance,,,
,,wiki_missing,ami_futami_(azur_lane),,coverage_gap_missing_wiki_or_appearance,,,
,,wiki_missing,andrea_doria_meta_(azur_lane),,coverage_gap_missing_wiki_or_appearance,,,
,,wiki_missing,anniversary_kizuna_ai_(azur_lane),,coverage_gap_missing_wiki_or_appearance,,,
,,wiki_missing,arizona_meta_(azur_lane),,coverage_gap_missing_wiki_or_appearance,,,
,,wiki_missing,ark_royal_meta_(azur_lane),,coverage_gap_missing_wiki_or_appearance,,,
,,wiki_missing,asuka_(azur_lane),,coverage_gap_missing_wiki_or_appearance,,,
,,wiki_missing,azusa_miura_(azur_lane),,coverage_gap_missing_wiki_or_appearance,,,
,,wiki_missing,baltimore_μ_(azur_lane),,coverage_gap_missing_wiki_or_appearance,,,
,,appearance_missing,bayard_(azur_lane),,coverage_gap_missing_wiki_or_appearance,,,
,,appearance_missing,bearn_(azur_lane),,coverage_gap_missing_wiki_or_appearance,,,
,,wiki_missing,bearn_meta_(azur_lane),,coverage_gap_missing_wiki_or_appearance,,,
,,wiki_missing,black_heart_(azur_lane),,coverage_gap_missing_wiki_or_appearance,,,
,,wiki_missing,black_rock_shooter_(azur_lane),,coverage_gap_missing_wiki_or_appearance,,,
,,wiki_missing,blanc_(azur_lane),,coverage_gap_missing_wiki_or_appearance,,,
,,appearance_missing,blucher_(azur_lane),,coverage_gap_missing_wiki_or_appearance,,,
,,wiki_missing,boise_meta_(azur_lane),,coverage_gap_missing_wiki_or_appearance,,,
,,wiki_missing,boise_μ_(azur_lane),,coverage_gap_missing_wiki_or_appearance,,,
,,wiki_missing,bolzano_meta_(azur_lane),,coverage_gap_missing_wiki_or_appearance,,,
,,wiki_missing,bristol_meta_(azur_lane),,coverage_gap_missing_wiki_or_appearance,,,
,,wiki_missing,brunhilde_(azur_lane),,coverage_gap_missing_wiki_or_appearance,,,
,,wiki_missing,carabiniere_meta_(azur_lane),,coverage_gap_missing_wiki_or_appearance,,,
,,wiki_missing,chihaya_kisaragi_(azur_lane),,coverage_gap_missing_wiki_or_appearance,,,
,,wiki_missing,chise_asukagawa_(azur_lane),,coverage_gap_missing_wiki_or_appearance,,,
,,wiki_missing,clarence_k_bronson_(azur_lane),,coverage_gap_missing_wiki_or_appearance,,,
,,wiki_missing,cleveland_meta_(azur_lane),,coverage_gap_missing_wiki_or_appearance,,,
,,wiki_missing,cleveland_μ_(azur_lane),,coverage_gap_missing_wiki_or_appearance,,,
,,appearance_missing,daisen_(azur_lane),,coverage_gap_missing_wiki_or_appearance,,,
,,wiki_missing,dead_master_(azur_lane),,coverage_gap_missing_wiki_or_appearance,,,
,,appearance_missing,deutschland_(azur_lane),,coverage_gap_missing_wiki_or_appearance,,,
,,wiki_missing,dewey_meta_(azur_lane),,coverage_gap_missing_wiki_or_appearance,,,
,,wiki_missing,dido_μ_(azur_lane),,coverage_gap_missing_wiki_or_appearance,,,
,,appearance_missing,duncan_(azur_lane),,coverage_gap_missing_wiki_or_appearance,,,
,,wiki_missing,dunkerque_meta_(azur_lane),,coverage_gap_missing_wiki_or_appearance,,,
,,appearance_missing,eagle_(azur_lane),,coverage_gap_missing_wiki_or_appearance,,,
,,wiki_missing,elbe_meta_(azur_lane),,coverage_gap_missing_wiki_or_appearance,,,
,,wiki_missing,elegant_kizuna_ai_(azur_lane),,coverage_gap_missing_wiki_or_appearance,,,
,,wiki_missing,elise_(azur_lane),,coverage_gap_missing_wiki_or_appearance,,,
,,wiki_missing,erebus_meta_(azur_lane),,coverage_gap_missing_wiki_or_appearance,,,
,,wiki_missing,foch_meta_(azur_lane),,coverage_gap_missing_wiki_or_appearance,,,
,,wiki_missing,formidable_μ_(azur_lane),,coverage_gap_missing_wiki_or_appearance,,,
,,wiki_missing,fortune_meta_(azur_lane),,coverage_gap_missing_wiki_or_appearance,,,
,,wiki_missing,fusou_meta_(azur_lane),,coverage_gap_missing_wiki_or_appearance,,,
,,wiki_missing,gangut_meta_(azur_lane),,coverage_gap_missing_wiki_or_appearance,,,
,,wiki_missing,gascogne_μ_(azur_lane),,coverage_gap_missing_wiki_or_appearance,,,
,,wiki_missing,giulio_cesare_meta_(azur_lane),,coverage_gap_missing_wiki_or_appearance,,,
,,wiki_missing,glorious_meta_(azur_lane),,coverage_gap_missing_wiki_or_appearance,,,
,,wiki_missing,gneisenau_meta_(azur_lane),,coverage_gap_missing_wiki_or_appearance,,,
,,wiki_missing,golden_darkness_(azur_lane),,coverage_gap_missing_wiki_or_appearance,,,
,,wiki_missing,gotz_von_berlichingen_(azur_lane),,coverage_gap_missing_wiki_or_appearance,,,
,,wiki_missing,green_heart_(azur_lane),,coverage_gap_missing_wiki_or_appearance,,,
,,wiki_missing,grenville_meta_(azur_lane),,coverage_gap_missing_wiki_or_appearance,,,
,,appearance_missing,hakuryuu_(azur_lane),,coverage_gap_missing_wiki_or_appearance,,,
,,appearance_missing,harbin_(azur_lane),,coverage_gap_missing_wiki_or_appearance,,,
,,wiki_missing,haruka_amami_(azur_lane),,coverage_gap_missing_wiki_or_appearance,,,
,,wiki_missing,haruna_sairenji_(azur_lane),,coverage_gap_missing_wiki_or_appearance,,,
,,wiki_missing,hass_(azur_lane),,coverage_gap_missing_wiki_or_appearance,,,
,,wiki_missing,hatakaze_meta_(azur_lane),,coverage_gap_missing_wiki_or_appearance,,,
,,appearance_missing,hazelwood_(azur_lane),,coverage_gap_missing_wiki_or_appearance,,,
,,wiki_missing,helena_meta_(azur_lane),,coverage_gap_missing_wiki_or_appearance,,,
,,appearance_missing,hermes_(azur_lane),,coverage_gap_missing_wiki_or_appearance,,,
,,wiki_missing,hestia_(azur_lane),,coverage_gap_missing_wiki_or_appearance,,,
,,wiki_missing,hiei_meta_(azur_lane),,coverage_gap_missing_wiki_or_appearance,,,
,,appearance_missing,hiryuu_meta_(azur_lane),,coverage_gap_missing_wiki_or_appearance,,,
,,wiki_missing,hiyou_meta_(azur_lane),,coverage_gap_missing_wiki_or_appearance,,,
,,wiki_missing,homura_(azur_lane),,coverage_gap_missing_wiki_or_appearance,,,
,,wiki_missing,honoka_(azur_lane),,coverage_gap_missing_wiki_or_appearance,,,
,,wiki_missing,hornet_meta_(azur_lane),,coverage_gap_missing_wiki_or_appearance,,,
,,wiki_missing,houshou_meta_(azur_lane),,coverage_gap_missing_wiki_or_appearance,,,
,,wiki_missing,hunter_meta_(azur_lane),,coverage_gap_missing_wiki_or_appearance,,,
,,appearance_missing,icarus_(azur_lane),,coverage_gap_missing_wiki_or_appearance,,,
,,wiki_missing,ikaruga_(azur_lane),,coverage_gap_missing_wiki_or_appearance,,,
,,wiki_missing,illustrious_μ_(azur_lane),,coverage_gap_missing_wiki_or_appearance,,,
,,wiki_missing,iori_minase_(azur_lane),,coverage_gap_missing_wiki_or_appearance,,,
,,wiki_missing,isla_von_duerer_(azur_lane),,coverage_gap_missing_wiki_or_appearance,,,
,,wiki_missing,jintsuu_meta_(azur_lane),,coverage_gap_missing_wiki_or_appearance,,,
,,wiki_missing,junyou_meta_(azur_lane),,coverage_gap_missing_wiki_or_appearance,,,
,,wiki_missing,kaguya_yamai_yuzuru_yamai_(azur_lane),,coverage_gap_missing_wiki_or_appearance,,,
,,wiki_missing,kala_ideas_(azur_lane),,coverage_gap_missing_wiki_or_appearance,,,
,,wiki_missing,kasumi_meta_(azur_lane),,coverage_gap_missing_wiki_or_appearance,,,
,,wiki_missing,kawakaze_meta_(azur_lane),,coverage_gap_missing_wiki_or_appearance,,,
,,wiki_missing,kimberly_meta_(azur_lane),,coverage_gap_missing_wiki_or_appearance,,,
,,appearance_missing,kirishima_(azur_lane),,coverage_gap_missing_wiki_or_appearance,,,
,,wiki_missing,kirov_meta_(azur_lane),,coverage_gap_missing_wiki_or_appearance,,,
,,appearance_missing,kiyonami_(azur_lane),,coverage_gap_missing_wiki_or_appearance,,,
,,wiki_missing,kizuna_ai_(azur_lane),,coverage_gap_missing_wiki_or_appearance,,,
,,wiki_missing,klaudia_valentz_(azur_lane),,coverage_gap_missing_wiki_or_appearance,,,
,,wiki_missing,koln_(azur_lane),,coverage_gap_missing_wiki_or_appearance,,,
,,wiki_missing,koln_meta_(azur_lane),,coverage_gap_missing_wiki_or_appearance,,,
,,wiki_missing,kongou_μ_(azur_lane),,coverage_gap_missing_wiki_or_appearance,,,
,,wiki_missing,konigsberg_(azur_lane),,coverage_gap_missing_wiki_or_appearance,,,
,,wiki_missing,konigsberg_meta_(azur_lane),,coverage_gap_missing_wiki_or_appearance,,,
,,wiki_missing,kotori_itsuka_(azur_lane),,coverage_gap_missing_wiki_or_appearance,,,
,,wiki_missing,kurumi_tokisaki_(azur_lane),,coverage_gap_missing_wiki_or_appearance,,,
,,wiki_missing,la_galissonniere_meta_(azur_lane),,coverage_gap_missing_wiki_or_appearance,,,
,,wiki_missing,lala_satalin_deviluke_(azur_lane),,coverage_gap_missing_wiki_or_appearance,,,
,,appearance_missing,le_malin_(azur_lane),,coverage_gap_missing_wiki_or_appearance,,,
,,wiki_missing,le_malin_μ_(azur_lane),,coverage_gap_missing_wiki_or_appearance,,,
,,wiki_missing,le_temeraire_μ_(azur_lane),,coverage_gap_missing_wiki_or_appearance,,,
,,wiki_missing,lenja_(azur_lane),,coverage_gap_missing_wiki_or_appearance,,,
,,wiki_missing,lila_decyrus_(azur_lane),,coverage_gap_missing_wiki_or_appearance,,,
,,wiki_missing,little_agir_(azur_lane),,coverage_gap_missing_wiki_or_appearance,,,
,,wiki_missing,luna_(azur_lane),,coverage_gap_missing_wiki_or_appearance,,,
,,wiki_missing,lutzow_(azur_lane),,coverage_gap_missing_wiki_or_appearance,,,
,,wiki_missing,maille_breze_(azur_lane),,coverage_gap_missing_wiki_or_appearance,,,
,,appearance_missing,makinami_(azur_lane),,coverage_gap_missing_wiki_or_appearance,,,
,,wiki_missing,mami_futami_(azur_lane),,coverage_gap_missing_wiki_or_appearance,,,
,,wiki_missing,marie_rose_(azur_lane),,coverage_gap_missing_wiki_or_appearance,,,
,,wiki_missing,memphis_meta_(azur_lane),,coverage_gap_missing_wiki_or_appearance,,,
,,appearance_missing,mikasa_(azur_lane),,coverage_gap_missing_wiki_or_appearance,,,
,,appearance_missing,mikuma_(azur_lane),,coverage_gap_missing_wiki_or_appearance,,,
,,wiki_missing,minato_aqua_(azur_lane),,coverage_gap_missing_wiki_or_appearance,,,
,,appearance_missing,minsk_(azur_lane),,coverage_gap_missing_wiki_or_appearance,,,
,,wiki_missing,misaki_(azur_lane),,coverage_gap_missing_wiki_or_appearance,,,
,,appearance_missing,mogami_(azur_lane),,coverage_gap_missing_wiki_or_appearance,,,
,,wiki_missing,momo_belia_deviluke_(azur_lane),,coverage_gap_missing_wiki_or_appearance,,,
,,appearance_missing,monarch_(azur_lane),,coverage_gap_missing_wiki_or_appearance,,,
,,wiki_missing,monica_(azur_lane),,coverage_gap_missing_wiki_or_appearance,,,
,,wiki_missing,mujina_(azur_lane),,coverage_gap_missing_wiki_or_appearance,,,
,,wiki_missing,murasaki_(azur_lane),,coverage_gap_missing_wiki_or_appearance,,,
,,wiki_missing,murasaki_shion_(azur_lane),,coverage_gap_missing_wiki_or_appearance,,,
,,appearance_missing,musashi-chan_(azur_lane),,coverage_gap_missing_wiki_or_appearance,,,
,,appearance_missing,myoukou_(azur_lane),,coverage_gap_missing_wiki_or_appearance,,,
,,appearance_missing,nachi_(azur_lane),,coverage_gap_missing_wiki_or_appearance,,,
,,wiki_missing,nagato_meta_(azur_lane),,coverage_gap_missing_wiki_or_appearance,,,
,,wiki_missing,nagisa_(azur_lane),,coverage_gap_missing_wiki_or_appearance,,,
,,wiki_missing,nakiri_ayame_(azur_lane),,coverage_gap_missing_wiki_or_appearance,,,
,,wiki_missing,namiko_(azur_lane),,coverage_gap_missing_wiki_or_appearance,,,
,,wiki_missing,nana_astar_deviluke_(azur_lane),,coverage_gap_missing_wiki_or_appearance,,,
,,appearance_missing,napoli_(azur_lane),,coverage_gap_missing_wiki_or_appearance,,,
,,wiki_missing,natsuiro_matsuri_(azur_lane),,coverage_gap_missing_wiki_or_appearance,,,
,,wiki_missing,nevada_meta_(azur_lane),,coverage_gap_missing_wiki_or_appearance,,,
,,wiki_missing,nina_friede_(azur_lane),,coverage_gap_missing_wiki_or_appearance,,,
,,wiki_missing,noire_(azur_lane),,coverage_gap_missing_wiki_or_appearance,,,
,,wiki_missing,noshiro_μ_(azur_lane),,coverage_gap_missing_wiki_or_appearance,,,
,,wiki_missing,nurnberg_(azur_lane),,coverage_gap_missing_wiki_or_appearance,,,
,,wiki_missing,nurnberg_meta_(azur_lane),,coverage_gap_missing_wiki_or_appearance,,,
,,wiki_missing,nyotengu_(azur_lane),,coverage_gap_missing_wiki_or_appearance,,,
,,appearance_missing,observer_alpha_(azur_lane),,coverage_gap_missing_wiki_or_appearance,,,
,,wiki_missing,ookami_mio_(azur_lane),,coverage_gap_missing_wiki_or_appearance,,,
,,wiki_missing,origami_tobiichi_(azur_lane),,coverage_gap_missing_wiki_or_appearance,,,
,,wiki_missing,pamiat'_merkuria_(azur_lane),,coverage_gap_missing_wiki_or_appearance,,,
,,wiki_missing,pamiat'_merkuria_meta_(azur_lane),,coverage_gap_missing_wiki_or_appearance,,,
,,wiki_missing,patricia_abelheim_(azur_lane),,coverage_gap_missing_wiki_or_appearance,,,
,,wiki_missing,patty_(azur_lane),,coverage_gap_missing_wiki_or_appearance,,,
,,wiki_missing,princess_hime_(azur_lane),,coverage_gap_missing_wiki_or_appearance,,,
,,wiki_missing,princeton_meta_(azur_lane),,coverage_gap_missing_wiki_or_appearance,,,
,,wiki_missing,prinz_eugen_μ_(azur_lane),,coverage_gap_missing_wiki_or_appearance,,,
,,wiki_missing,purple_heart_(azur_lane),,coverage_gap_missing_wiki_or_appearance,,,
,,wiki_missing,queen_elizabeth_meta_(azur_lane),,coverage_gap_missing_wiki_or_appearance,,,
,,wiki_missing,regensburg_meta_(azur_lane),,coverage_gap_missing_wiki_or_appearance,,,
,,appearance_missing,renown_(azur_lane),,coverage_gap_missing_wiki_or_appearance,,,
,,wiki_missing,renown_meta_(azur_lane),,coverage_gap_missing_wiki_or_appearance,,,
,,wiki_missing,repulse_meta_(azur_lane),,coverage_gap_missing_wiki_or_appearance,,,
,,appearance_missing,richelieu_(azur_lane),,coverage_gap_missing_wiki_or_appearance,,,
,,appearance_missing,richmond_(azur_lane),,coverage_gap_missing_wiki_or_appearance,,,
,,wiki_missing,rikka_takarada_(azur_lane),,coverage_gap_missing_wiki_or_appearance,,,
,,wiki_missing,ritsuko_akizuki_(azur_lane),,coverage_gap_missing_wiki_or_appearance,,,
,,wiki_missing,rodney_meta_(azur_lane),,coverage_gap_missing_wiki_or_appearance,,,
,,wiki_missing,roon_μ_(azur_lane),,coverage_gap_missing_wiki_or_appearance,,,
,,wiki_missing,ryu_lion_(azur_lane),,coverage_gap_missing_wiki_or_appearance,,,
,,appearance_missing,ryuuhou_(azur_lane),,coverage_gap_missing_wiki_or_appearance,,,
,,appearance_missing,ryuujou_(azur_lane),,coverage_gap_missing_wiki_or_appearance,,,
,,wiki_missing,saint_louis_(azur_lane),,coverage_gap_missing_wiki_or_appearance,,,
,,wiki_missing,saratoga_meta_(azur_lane),,coverage_gap_missing_wiki_or_appearance,,,
,,wiki_missing,scharnhorst_meta_(azur_lane),,coverage_gap_missing_wiki_or_appearance,,,
,,wiki_missing,serri_glaus_(azur_lane),,coverage_gap_missing_wiki_or_appearance,,,
,,wiki_missing,shandy_(azur_lane),,coverage_gap_missing_wiki_or_appearance,,,
,,wiki_missing,sheffield_meta_(azur_lane),,coverage_gap_missing_wiki_or_appearance,,,
,,wiki_missing,sheffield_μ_(azur_lane),,coverage_gap_missing_wiki_or_appearance,,,
,,wiki_missing,shirakami_fubuki_(azur_lane),,coverage_gap_missing_wiki_or_appearance,,,
,,wiki_missing,shizuku_(azur_lane),,coverage_gap_missing_wiki_or_appearance,,,
,,wiki_missing,soobrazitelny_meta_(azur_lane),,coverage_gap_missing_wiki_or_appearance,,,
,,appearance_missing,souryuu_(azur_lane),,coverage_gap_missing_wiki_or_appearance,,,
,,wiki_missing,souryuu_meta_(azur_lane),,coverage_gap_missing_wiki_or_appearance,,,
,,wiki_missing,specialized_bulin_custom_mkiii_(azur_lane),,coverage_gap_missing_wiki_or_appearance,,,
,,wiki_missing,st_louis_(azur_lane),,coverage_gap_missing_wiki_or_appearance,,,
,,wiki_missing,super_gamer_kizuna_ai_(azur_lane),,coverage_gap_missing_wiki_or_appearance,,,
,,appearance_missing,suruga_(azur_lane),,coverage_gap_missing_wiki_or_appearance,,,
,,wiki_missing,taihou_meta_(azur_lane),,coverage_gap_missing_wiki_or_appearance,,,
,,wiki_missing,taihou_μ_(azur_lane),,coverage_gap_missing_wiki_or_appearance,,,
,,appearance_missing,takahashi_(azur_lane),,coverage_gap_missing_wiki_or_appearance,,,
,,wiki_missing,tamaki_(azur_lane),,coverage_gap_missing_wiki_or_appearance,,,
,,wiki_missing,tashkent_μ_(azur_lane),,coverage_gap_missing_wiki_or_appearance,,,
,,wiki_missing,the_2nd_(azur_lane),,coverage_gap_missing_wiki_or_appearance,,,
,,wiki_missing,thuringen_(azur_lane),,coverage_gap_missing_wiki_or_appearance,,,
,,wiki_missing,tohka_yatogami_(azur_lane),,coverage_gap_missing_wiki_or_appearance,,,
,,wiki_missing,tokino_sora_(azur_lane),,coverage_gap_missing_wiki_or_appearance,,,
,,wiki_missing,trento_meta_(azur_lane),,coverage_gap_missing_wiki_or_appearance,,,
,,wiki_missing,tsukushi_(azur_lane),,coverage_gap_missing_wiki_or_appearance,,,
,,wiki_missing,u-556_meta_(azur_lane),,coverage_gap_missing_wiki_or_appearance,,,
,,appearance_missing,unzen-chan_(azur_lane),,coverage_gap_missing_wiki_or_appearance,,,
,,wiki_missing,vampire_meta_(azur_lane),,coverage_gap_missing_wiki_or_appearance,,,
,,wiki_missing,vert_(azur_lane),,coverage_gap_missing_wiki_or_appearance,,,
,,wiki_missing,vestal_meta_(azur_lane),,coverage_gap_missing_wiki_or_appearance,,,
,,wiki_missing,victorious_meta_(azur_lane),,coverage_gap_missing_wiki_or_appearance,,,
,,appearance_missing,watarase_(azur_lane),,coverage_gap_missing_wiki_or_appearance,,,
,,appearance_missing,west_virginia_(azur_lane),,coverage_gap_missing_wiki_or_appearance,,,
,,wiki_missing,white_heart_(azur_lane),,coverage_gap_missing_wiki_or_appearance,,,
,,appearance_missing,whydah_(azur_lane),,coverage_gap_missing_wiki_or_appearance,,,
,,appearance_missing,wichita_(azur_lane),,coverage_gap_missing_wiki_or_appearance,,,
,,wiki_missing,wichita_meta_(azur_lane),,coverage_gap_missing_wiki_or_appearance,,,
,,wiki_missing,william_d_porter_(azur_lane),,coverage_gap_missing_wiki_or_appearance,,,
,,wiki_missing,yamashiro_meta_(azur_lane),,coverage_gap_missing_wiki_or_appearance,,,
,,wiki_missing,yorktown_meta_(azur_lane),,coverage_gap_missing_wiki_or_appearance,,,
,,wiki_missing,yoshino_(azur_lane),,coverage_gap_missing_wiki_or_appearance,,,
,,wiki_missing,yui_kotegawa_(azur_lane),,coverage_gap_missing_wiki_or_appearance,,,
,,wiki_missing,yukino_(azur_lane),,coverage_gap_missing_wiki_or_appearance,,,
,,wiki_missing,yume_minami_(azur_lane),,coverage_gap_missing_wiki_or_appearance,,,
,,wiki_missing,yumi_(azur_lane),,coverage_gap_missing_wiki_or_appearance,,,
,,wiki_missing,yumia_liessfeldt_(azur_lane),,coverage_gap_missing_wiki_or_appearance,,,
,,wiki_missing,yuudachi_meta_(azur_lane),,coverage_gap_missing_wiki_or_appearance,,,
,,wiki_missing,yuyaki_(azur_lane),,coverage_gap_missing_wiki_or_appearance,,,
,,wiki_missing,z2_(azur_lane),,coverage_gap_missing_wiki_or_appearance,,,
,,appearance_missing,zuikaku_(azur_lane),,coverage_gap_missing_wiki_or_appearance,,,
asset,19325867,asset_no_post_tags,harutsuki_(azur_lane),A Dance for the Coming Spring,excluded_asset_without_post_tags,,https://danbooru.donmai.us/media_assets/19325867,
asset,22570860,asset_no_post_tags,choukai_(azur_lane),Default,excluded_asset_without_post_tags,,https://danbooru.donmai.us/media_assets/22570860,
asset,22666442,asset_no_post_tags,noshiro_(azur_lane),Base,excluded_asset_without_post_tags,,https://danbooru.donmai.us/media_assets/22666442,
asset,22667029,asset_no_post_tags,graf_zeppelin_(azur_lane),Default,excluded_asset_without_post_tags,,https://danbooru.donmai.us/media_assets/22667029,
asset,22667044,asset_no_post_tags,graf_zeppelin_(azur_lane),Beachside Urd,excluded_asset_without_post_tags,,https://danbooru.donmai.us/media_assets/22667044,
asset,22692128,asset_no_post_tags,sheffield_(azur_lane),Default,excluded_asset_without_post_tags,,https://danbooru.donmai.us/media_assets/22692128,
asset,22692207,asset_no_post_tags,sheffield_(azur_lane),Cloak and Dagger,excluded_asset_without_post_tags,,https://danbooru.donmai.us/media_assets/22692207,
asset,22692210,asset_no_post_tags,sheffield_(azur_lane),A Moment's Respite,excluded_asset_without_post_tags,,https://danbooru.donmai.us/media_assets/22692210,
asset,22692211,asset_no_post_tags,sheffield_(azur_lane),Black Crow's Finery,excluded_asset_without_post_tags,,https://danbooru.donmai.us/media_assets/22692211,
asset,22692216,asset_no_post_tags,sheffield_(azur_lane),Bulletborne,excluded_asset_without_post_tags,,https://danbooru.donmai.us/media_assets/22692216,
asset,24657273,asset_no_post_tags,jeanne_d'arc_(azur_lane),Default,excluded_asset_without_post_tags,,https://danbooru.donmai.us/media_assets/24657273,
asset,24657274,asset_no_post_tags,jeanne_d'arc_(azur_lane),Saintess of the Sea,excluded_asset_without_post_tags,,https://danbooru.donmai.us/media_assets/24657274,
asset,25811362,asset_no_post_tags,atago_(azur_lane),Default,excluded_asset_without_post_tags,,https://danbooru.donmai.us/media_assets/25811362,
asset,25817404,asset_no_post_tags,takao_(azur_lane),Default,excluded_asset_without_post_tags,,https://danbooru.donmai.us/media_assets/25817404,
asset,28124775,asset_no_post_tags,new_jersey_(azur_lane),Private Quarters,excluded_asset_without_post_tags,,https://danbooru.donmai.us/media_assets/28124775,
asset,28124918,asset_no_post_tags,anchorage_(azur_lane),Private Quarters,excluded_asset_without_post_tags,,https://danbooru.donmai.us/media_assets/28124918,
asset,32408926,asset_no_post_tags,ibuki_(azur_lane),Default,excluded_asset_without_post_tags,,https://danbooru.donmai.us/media_assets/32408926,
asset,32409046,asset_no_post_tags,ibuki_(azur_lane),Winter Sylph's Reverie,excluded_asset_without_post_tags,,https://danbooru.donmai.us/media_assets/32409046,
asset,32409048,asset_no_post_tags,ibuki_(azur_lane),Snow on the Wind,excluded_asset_without_post_tags,,https://danbooru.donmai.us/media_assets/32409048,
asset,32409049,asset_no_post_tags,ibuki_(azur_lane),Arrival of Spring,excluded_asset_without_post_tags,,https://danbooru.donmai.us/media_assets/32409049,
asset,32409087,asset_no_post_tags,ibuki_(azur_lane),Tranquil Sunya,excluded_asset_without_post_tags,,https://danbooru.donmai.us/media_assets/32409087,
asset,32645308,asset_no_post_tags,taihou_(azur_lane),Private Quarters,excluded_asset_without_post_tags,,https://danbooru.donmai.us/media_assets/32645308,
asset,33590209,asset_no_post_tags,harutsuki_(azur_lane),,excluded_asset_without_post_tags,,https://danbooru.donmai.us/media_assets/33590209,
asset,33590344,asset_no_post_tags,yoizuki_(azur_lane),Default,excluded_asset_without_post_tags,,https://danbooru.donmai.us/media_assets/33590344,
asset,33590374,asset_no_post_tags,yoizuki_(azur_lane),Sports Festival Preparations,excluded_asset_without_post_tags,,https://danbooru.donmai.us/media_assets/33590374,
asset,33590375,asset_no_post_tags,yoizuki_(azur_lane),Firecrackers and Steamed Buns,excluded_asset_without_post_tags,,https://danbooru.donmai.us/media_assets/33590375,
asset,48305133,asset_no_post_tags,noshiro_(azur_lane),Dressed-up Date,excluded_asset_without_post_tags,,https://danbooru.donmai.us/media_assets/48305133,
asset,49105582,asset_no_post_tags,independence_(azur_lane),,excluded_asset_without_post_tags,,https://danbooru.donmai.us/media_assets/49105582,
asset,49105591,asset_no_post_tags,independence_(azur_lane),Retrofit,excluded_asset_without_post_tags,,https://danbooru.donmai.us/media_assets/49105591,
asset,49105592,asset_no_post_tags,independence_(azur_lane),Transfer Student From Afar,excluded_asset_without_post_tags,,https://danbooru.donmai.us/media_assets/49105592,
asset,49105598,asset_no_post_tags,independence_(azur_lane),The Independent Line,excluded_asset_without_post_tags,,https://danbooru.donmai.us/media_assets/49105598,
asset,49105599,asset_no_post_tags,independence_(azur_lane);independence_(azur_lane),Liberty and Leisure;The Tailwind of Opportunity,excluded_asset_without_post_tags,,https://danbooru.donmai.us/media_assets/49105599,
asset,49105610,asset_no_post_tags,independence_(azur_lane),Aching for Relaxation,excluded_asset_without_post_tags,,https://danbooru.donmai.us/media_assets/49105610,
asset,49379187,asset_no_post_tags,swiftsure_(azur_lane),,excluded_asset_without_post_tags,,https://danbooru.donmai.us/media_assets/49379187,
asset,49379204,asset_no_post_tags,swiftsure_(azur_lane),Beauty of White Jade,excluded_asset_without_post_tags,,https://danbooru.donmai.us/media_assets/49379204,
asset,49379210,asset_no_post_tags,swiftsure_(azur_lane),Midsummer Special Service,excluded_asset_without_post_tags,,https://danbooru.donmai.us/media_assets/49379210,
asset,49379213,asset_no_post_tags,swiftsure_(azur_lane),Study Hall Cyclamen,excluded_asset_without_post_tags,,https://danbooru.donmai.us/media_assets/49379213,
asset,49608482,asset_no_post_tags,kearsarge_(azur_lane),All-Night Charge,excluded_asset_without_post_tags,,https://danbooru.donmai.us/media_assets/49608482,
asset,49608486,asset_no_post_tags,kearsarge_(azur_lane),Springtime Monitoring,excluded_asset_without_post_tags,,https://danbooru.donmai.us/media_assets/49608486,
post,2673903,candidate,amazon_(azur_lane),Base art,excluded_no_qualifying_form_evidence,,https://danbooru.donmai.us/posts/2673903,https://i.pximg.net/img-original/img/2017/03/13/00/10/49/61882132_p7.jpg
post,2809149,candidate,javelin_(azur_lane),Default,included_supporting_post,javelin_(azur_lane),https://danbooru.donmai.us/posts/2809149,https://azurlane.koumakan.jp/Javelin
post,2809151,candidate,cygnet_(azur_lane),Base art,included_supporting_post,cygnet_(azur_lane),https://danbooru.donmai.us/posts/2809151,https://azurlane.koumakan.jp/Cygnet
post,2843357,candidate,kisaragi_(azur_lane),Default,excluded_no_qualifying_form_evidence,,https://danbooru.donmai.us/posts/2843357,https://i.pximg.net/img-original/img/2017/09/03/00/21/27/64758970_p0.png
post,2843363,candidate,mutsuki_(azur_lane),Default,excluded_no_qualifying_form_evidence,,https://danbooru.donmai.us/posts/2843363,https://i.pximg.net/img-original/img/2017/09/03/00/14/13/64758780_p0.png
post,2851596,candidate,ping_hai_(azur_lane),Summer Vacation,included_supporting_post,ping_hai_(summer_vacation)_(azur_lane),https://danbooru.donmai.us/posts/2851596,https://azurlane.koumakan.jp/Ping_Hai
post,2851597,candidate,ning_hai_(azur_lane),Summer Hunger,included_supporting_post,ning_hai_(summer_hunger)_(azur_lane),https://danbooru.donmai.us/posts/2851597,https://azurlane.koumakan.jp/File:Ning_HaiSummer.png
post,2853453,candidate,prince_of_wales_(azur_lane),Sun Shining Upon Windsor,excluded_no_qualifying_form_evidence,,https://danbooru.donmai.us/posts/2853453,https://i.pximg.net/img-original/img/2017/09/12/20/13/18/64925519_p3.png
post,2854539,candidate,prince_of_wales_(azur_lane),Default,excluded_no_qualifying_form_evidence,,https://danbooru.donmai.us/posts/2854539,https://i.pximg.net/img-original/img/2017/09/09/21/06/39/64872486_p1.png
post,2864958,candidate,san_diego_(azur_lane),Base art,excluded_no_qualifying_form_evidence,,https://danbooru.donmai.us/posts/2864958,https://azurlane.koumakan.jp/w/images/d/d8/San_Diego.png
post,2866252,candidate,erebus_(azur_lane),Default,included_supporting_post,erebus_(azur_lane),https://danbooru.donmai.us/posts/2866252,https://azurlane.koumakan.jp/w/images/3/34/Erebus.png
post,2876440,candidate,atago_(azur_lane),Summer March,excluded_no_qualifying_form_evidence,,https://danbooru.donmai.us/posts/2876440,https://i.pximg.net/img-original/img/2017/10/03/02/13/59/65249496_p0.png
post,2878962,candidate,z46_(azur_lane),Default,included_supporting_post,z46_(azur_lane),https://danbooru.donmai.us/posts/2878962,https://azurlane.koumakan.jp/File:Z46.png
post,2879329,candidate,ping_hai_(azur_lane),Default,included_supporting_post,ping_hai_(azur_lane),https://danbooru.donmai.us/posts/2879329,https://azurlane.koumakan.jp/File:Ping_Hai.png
post,2880054,candidate,shoukaku_(azur_lane),Default,included_supporting_post,shoukaku_(azur_lane),https://danbooru.donmai.us/posts/2880054,https://azurlane.koumakan.jp/w/images/6/69/Shoukaku.png
post,2881480,candidate,bismarck_(azur_lane),Default,included_supporting_post,bismarck_(azur_lane),https://danbooru.donmai.us/posts/2881480,https://azurlane.koumakan.jp/w/images/3/3c/Bismarck.png
post,2881701,candidate,cygnet_(azur_lane),Retrofit,excluded_no_qualifying_form_evidence,,https://danbooru.donmai.us/posts/2881701,https://img.moegirl.org/common/a/ab/Bilanxiaotiane_%E6%94%B9%E9%80%A0.png
post,2884851,candidate,vampire_(azur_lane),Default,excluded_no_qualifying_form_evidence,,https://danbooru.donmai.us/posts/2884851,https://i.pximg.net/img-original/img/2017/10/06/14/16/54/65300111_p0.jpg
post,2886404,candidate,cassin_(azur_lane),Default,excluded_no_qualifying_form_evidence,,https://danbooru.donmai.us/posts/2886404,https://i.pximg.net/img-original/img/2016/12/02/16/11/00/60176952_p1.jpg
post,2886439,candidate,downes_(azur_lane),Default,excluded_no_qualifying_form_evidence,,https://danbooru.donmai.us/posts/2886439,https://i.pximg.net/img-original/img/2016/12/02/16/11/00/60176952_p2.jpg
post,2887313,candidate,queen_elizabeth_(azur_lane),Default,included_supporting_post,queen_elizabeth_(azur_lane),https://danbooru.donmai.us/posts/2887313,https://azurlane.koumakan.jp/w/images/5/53/Queen_Elizabeth.png
post,2893267,candidate,cleveland_(azur_lane),Default,included_supporting_post,cleveland_(azur_lane),https://danbooru.donmai.us/posts/2893267,https://azurlane.koumakan.jp/w/images/1/1f/Cleveland.png
post,2893273,candidate,isuzu_(azur_lane),Default,included_supporting_post,isuzu_(azur_lane),https://danbooru.donmai.us/posts/2893273,https://azurlane.koumakan.jp/File:Isuzu.png
post,2893292,candidate,ark_royal_(azur_lane),Base art,included_supporting_post,ark_royal_(azur_lane),https://danbooru.donmai.us/posts/2893292,https://azurlane.koumakan.jp/w/images/6/6e/Ark_Royal.png
post,2893295,candidate,z23_(azur_lane),Default,included_supporting_post,z23_(azur_lane),https://danbooru.donmai.us/posts/2893295,https://azurlane.koumakan.jp/w/images/0/07/Z23.png
post,2893365,candidate,prinz_eugen_(azur_lane),Default,included_supporting_post,prinz_eugen_(azur_lane),https://danbooru.donmai.us/posts/2893365,https://azurlane.koumakan.jp/w/images/6/67/Prinz_Eugen.png
post,2895348,candidate,shigure_(azur_lane),Default,included_supporting_post,shigure_(azur_lane),https://danbooru.donmai.us/posts/2895348,https://azurlane.koumakan.jp/w/images/d/da/Shigure.png
post,2895351,candidate,shigure_(azur_lane),"Attack, I-490!",excluded_no_qualifying_form_evidence,,https://danbooru.donmai.us/posts/2895351,https://twitter.com/azurlane_staff/status/918753418524598272
post,2895355,candidate,kaga_(azur_lane),Everlasting Killing Stone,included_supporting_post,kaga_(everlasting_killing_stone)_(azur_lane),https://danbooru.donmai.us/posts/2895355,https://azurlane.koumakan.jp/w/images/9/9a/KagaSummer.png
post,2895357,candidate,kaga_(azur_lane),Default (without mask),excluded_no_qualifying_form_evidence,,https://danbooru.donmai.us/posts/2895357,https://azurlane.koumakan.jp/w/images/9/9a/Kaga.png
post,2895361,candidate,akagi_(azur_lane),Deep Crimson Poppy,included_supporting_post,akagi_(deep_crimson_poppy)_(azur_lane),https://danbooru.donmai.us/posts/2895361,https://azurlane.koumakan.jp/w/images/3/3d/AkagiWedding.png
post,2895362,candidate,akagi_(azur_lane),Paradise Amaryllis,included_supporting_post,akagi_(paradise_amaryllis)_(azur_lane),https://danbooru.donmai.us/posts/2895362,https://azurlane.koumakan.jp/w/images/3/39/AkagiSummer.png
post,2895365,candidate,yuudachi_(azur_lane),Default,included_supporting_post,yuudachi_(azur_lane),https://danbooru.donmai.us/posts/2895365,https://azurlane.koumakan.jp/w/images/c/c7/Yuudachi.png
post,2895370,candidate,unicorn_(azur_lane),Default,included_supporting_post,unicorn_(azur_lane),https://danbooru.donmai.us/posts/2895370,https://azurlane.koumakan.jp/File:Unicorn.png
post,2895377,candidate,akashi_(azur_lane),Default,included_supporting_post,akashi_(azur_lane),https://danbooru.donmai.us/posts/2895377,https://azurlane.koumakan.jp/w/images/1/1f/Akashi.png
post,2895383,candidate,warspite_(azur_lane),Default,included_supporting_post,warspite_(azur_lane),https://danbooru.donmai.us/posts/2895383,https://azurlane.koumakan.jp/w/images/c/cc/Warspite.png
post,2895385,candidate,saratoga_(azur_lane),Default,included_supporting_post,saratoga_(azur_lane),https://danbooru.donmai.us/posts/2895385,https://azurlane.koumakan.jp/w/images/c/c9/Saratoga.png
post,2895390,candidate,prinz_eugen_(azur_lane),Unfading Smile,included_supporting_post,prinz_eugen_(unfading_smile)_(azur_lane),https://danbooru.donmai.us/posts/2895390,https://azurlane.koumakan.jp/w/images/e/e6/Prinz_EugenSummerJP.png
post,2895392,candidate,houshou_(azur_lane),Default,included_supporting_post,houshou_(azur_lane),https://danbooru.donmai.us/posts/2895392,https://azurlane.koumakan.jp/w/images/8/8f/Houshou.png
post,2895394,candidate,houshou_(azur_lane),The Dream of the Autumn Pillow,included_supporting_post,houshou_(the_dream_of_the_autumn_pillow)_(azur_lane),https://danbooru.donmai.us/posts/2895394,https://azurlane.koumakan.jp/w/images/1/14/HoushouFestival.png
post,2895399,candidate,ikazuchi_(azur_lane),Default,included_supporting_post,ikazuchi_(azur_lane),https://danbooru.donmai.us/posts/2895399,https://azurlane.koumakan.jp/w/images/c/c1/Ikazuchi.png
post,2895401,candidate,inazuma_(azur_lane),Default,included_supporting_post,inazuma_(azur_lane),https://danbooru.donmai.us/posts/2895401,https://azurlane.koumakan.jp/w/images/2/2f/Inazuma.png
post,2895404,candidate,long_island_(azur_lane),Long Island - Indoor Slacker,included_supporting_post,long_island_(long_island_-_indoor_slacker)_(azur_lane),https://danbooru.donmai.us/posts/2895404,https://azurlane.koumakan.jp/w/images/c/c1/Long_IslandBilibili.png
post,2895408,candidate,shiranui_(azur_lane),Default,included_supporting_post,shiranui_(azur_lane),https://danbooru.donmai.us/posts/2895408,https://azurlane.koumakan.jp/w/images/0/01/Shiranui.png
post,2895410,candidate,yuubari_(azur_lane),Default,included_supporting_post,yuubari_(azur_lane),https://danbooru.donmai.us/posts/2895410,https://azurlane.koumakan.jp/w/images/a/ab/Yuubari.png
post,2896104,candidate,south_dakota_(azur_lane),Default,included_supporting_post,south_dakota_(azur_lane),https://danbooru.donmai.us/posts/2896104,https://azurlane.koumakan.jp/w/images/4/45/South_Dakota.png
post,2897020,candidate,yamashiro_(azur_lane),Retrofit,included_supporting_post,yamashiro_(retrofit)_(azur_lane),https://danbooru.donmai.us/posts/2897020,https://azurlane.koumakan.jp/w/images/2/20/YamashiroKai.png
post,2906241,candidate,javelin_(azur_lane),Retrofit,included_supporting_post,javelin_(retrofit)_(azur_lane),https://danbooru.donmai.us/posts/2906241,https://azurlane.koumakan.jp/w/images/6/6d/JavelinKai.png
post,2912374,candidate,unicorn_(azur_lane),Little Star Songstress,included_supporting_post,unicorn_(little_star_songstress)_(azur_lane),https://danbooru.donmai.us/posts/2912374,https://azurlane.koumakan.jp/File:UnicornEvent.png
post,2926184,candidate,minazuki_(azur_lane),Default,included_supporting_post,minazuki_(azur_lane),https://danbooru.donmai.us/posts/2926184,https://azurlane.koumakan.jp/File:Minazuki.png
post,2926192,candidate,mikazuki_(azur_lane),Default,included_supporting_post,mikazuki_(azur_lane),https://danbooru.donmai.us/posts/2926192,https://azurlane.koumakan.jp/File:Mikazuki.png
post,2926970,candidate,akatsuki_(azur_lane),Default,included_supporting_post,akatsuki_(azur_lane),https://danbooru.donmai.us/posts/2926970,https://azurlane.koumakan.jp/w/images/9/96/Akatsuki.png
post,2927113,candidate,jintsuu_(azur_lane),Base,included_supporting_post,jintsuu_(azur_lane),https://danbooru.donmai.us/posts/2927113,https://azurlane.koumakan.jp/w/images/f/f7/Jintsuu.png
post,2927115,candidate,jintsuu_(azur_lane),Retrofit,included_supporting_post,jintsuu_(retrofit)_(azur_lane),https://danbooru.donmai.us/posts/2927115,https://azurlane.koumakan.jp/w/images/d/d4/JintsuuKai.png
post,2929400,candidate,gneisenau_(azur_lane),Base art,included_supporting_post,gneisenau_(azur_lane),https://danbooru.donmai.us/posts/2929400,https://azurlane.koumakan.jp/w/images/d/df/Gneisenau.png
post,2929404,candidate,admiral_hipper_(azur_lane),Default,included_supporting_post,admiral_hipper_(azur_lane),https://danbooru.donmai.us/posts/2929404,https://azurlane.koumakan.jp/w/images/3/30/Admiral_Hipper.png
post,2929408,candidate,scharnhorst_(azur_lane),Base art,included_supporting_post,scharnhorst_(azur_lane),https://danbooru.donmai.us/posts/2929408,https://azurlane.koumakan.jp/w/images/0/02/Scharnhorst.png
post,2929410,candidate,leipzig_(azur_lane),Default,included_supporting_post,leipzig_(azur_lane),https://danbooru.donmai.us/posts/2929410,https://azurlane.koumakan.jp/File:Leipzig.png
post,2929445,candidate,z1_leberecht_maass_(azur_lane),Default,excluded_no_qualifying_form_evidence,,https://danbooru.donmai.us/posts/2929445,https://azurlane.koumakan.jp/w/images/a/a3/Z1.png
post,2929468,candidate,z23_(azur_lane),Philosophy Sensei,included_supporting_post,z23_(philosophy_sensei)_(azur_lane),https://danbooru.donmai.us/posts/2929468,https://azurlane.koumakan.jp/w/images/e/e1/Z23Bilibili.png
post,2929489,candidate,ning_hai_(azur_lane),Default,included_supporting_post,ning_hai_(azur_lane),https://danbooru.donmai.us/posts/2929489,https://azurlane.koumakan.jp/w/images/8/8a/Ning_Hai.png
post,2929495,candidate,ning_hai_(azur_lane),Moon Palace Rabbit,included_supporting_post,ning_hai_(moon_palace_rabbit)_(azur_lane),https://danbooru.donmai.us/posts/2929495,https://azurlane.koumakan.jp/w/images/1/13/Ning_HaiFestival.png
post,2929499,candidate,ping_hai_(azur_lane),Osmanthus Moon Rabbit,included_supporting_post,ping_hai_(osmanthus_moon_rabbit)_(azur_lane),https://danbooru.donmai.us/posts/2929499,https://azurlane.koumakan.jp/w/images/b/bf/Ping_HaiFestival.png
post,2929635,candidate,arizona_(azur_lane),Default,included_supporting_post,arizona_(azur_lane),https://danbooru.donmai.us/posts/2929635,https://azurlane.koumakan.jp/w/images/9/9a/Arizona.png
post,2929638,candidate,hornet_(azur_lane),Default,included_supporting_post,hornet_(azur_lane),https://danbooru.donmai.us/posts/2929638,https://azurlane.koumakan.jp/w/images/7/72/Hornet.png
post,2929642,candidate,brooklyn_(azur_lane),Profile,included_supporting_post,brooklyn_(azur_lane),https://danbooru.donmai.us/posts/2929642,https://azurlane.koumakan.jp/w/images/1/1d/Brooklyn.png
post,2930375,candidate,nevada_(azur_lane),Default,included_supporting_post,nevada_(azur_lane),https://danbooru.donmai.us/posts/2930375,https://azurlane.koumakan.jp/w/images/1/11/Nevada.png
post,2930382,candidate,ranger_(azur_lane),Default,included_supporting_post,ranger_(azur_lane),https://danbooru.donmai.us/posts/2930382,https://azurlane.koumakan.jp/w/images/e/e9/Ranger.png
post,2930385,candidate,ranger_(azur_lane),Retrofit,included_supporting_post,ranger_(retrofit)_(azur_lane),https://danbooru.donmai.us/posts/2930385,https://azurlane.koumakan.jp/w/images/e/ec/RangerKai.png
post,2930394,candidate,illustrious_(azur_lane),Default,included_supporting_post,illustrious_(azur_lane),https://danbooru.donmai.us/posts/2930394,https://azurlane.koumakan.jp/w/images/3/39/Illustrious.png
post,2930397,candidate,illustrious_(azur_lane),Morning Star of Love and Hope,included_supporting_post,illustrious_(morning_star_of_love_and_hope)_(azur_lane),https://danbooru.donmai.us/posts/2930397,https://azurlane.koumakan.jp/w/images/e/e5/IllustriousWedding.png
post,2930402,candidate,terror_(azur_lane),Default,included_supporting_post,terror_(azur_lane),https://danbooru.donmai.us/posts/2930402,https://azurlane.koumakan.jp/w/images/c/cc/Terror.png
post,2930490,candidate,laffey_(azur_lane),Default,included_supporting_post,laffey_(azur_lane),https://danbooru.donmai.us/posts/2930490,https://azurlane.koumakan.jp/File:Laffey.png
post,2930500,candidate,laffey_(azur_lane),[[Bili Girl 33]] ([[bilibili]] collab),excluded_no_qualifying_form_evidence,,https://danbooru.donmai.us/posts/2930500,https://azurlane.koumakan.jp/File:LaffeyBilibili.png
post,2931242,candidate,kako_(azur_lane),Default,included_supporting_post,kako_(azur_lane),https://danbooru.donmai.us/posts/2931242,https://azurlane.koumakan.jp/w/images/2/24/Kako.png
post,2931245,candidate,kako_(azur_lane),Retrofit,included_supporting_post,kako_(retrofit)_(azur_lane),https://danbooru.donmai.us/posts/2931245,https://azurlane.koumakan.jp/w/images/c/c6/KakoKai.png
post,2931249,candidate,furutaka_(azur_lane),Base art,included_supporting_post,furutaka_(azur_lane),https://danbooru.donmai.us/posts/2931249,https://azurlane.koumakan.jp/w/images/7/75/Furutaka.png
post,2931251,candidate,furutaka_(azur_lane),Retrofit,included_supporting_post,furutaka_(retrofit)_(azur_lane),https://danbooru.donmai.us/posts/2931251,https://azurlane.koumakan.jp/w/images/0/00/FurutakaKai.png
post,2931254,candidate,niizuki_(azur_lane),Default,included_supporting_post,niizuki_(azur_lane),https://danbooru.donmai.us/posts/2931254,https://azurlane.koumakan.jp/w/images/5/5b/Niizuki.png
post,2931259,candidate,atlanta_(azur_lane),Base art,included_supporting_post,atlanta_(azur_lane),https://danbooru.donmai.us/posts/2931259,https://azurlane.koumakan.jp/w/images/9/98/Atlanta.png
post,2931276,candidate,california_(azur_lane),Default,included_supporting_post,california_(azur_lane),https://danbooru.donmai.us/posts/2931276,https://azurlane.koumakan.jp/w/images/7/7d/California.png
post,2931291,candidate,indianapolis_(azur_lane),Default,included_supporting_post,indianapolis_(azur_lane),https://danbooru.donmai.us/posts/2931291,https://azurlane.koumakan.jp/w/images/c/c1/Indianapolis.png
post,2931547,candidate,hyuuga_(azur_lane),Default,included_supporting_post,hyuuga_(azur_lane),https://danbooru.donmai.us/posts/2931547,https://azurlane.koumakan.jp/w/images/e/ee/Hyuuga.png
post,2931549,candidate,ise_(azur_lane),Default,included_supporting_post,ise_(azur_lane),https://danbooru.donmai.us/posts/2931549,https://azurlane.koumakan.jp/w/images/2/2c/Ise.png
post,2931561,candidate,saratoga_(azur_lane),Seven Seas of Rest,included_supporting_post,saratoga_(seven_seas_of_rest)_(azur_lane),https://danbooru.donmai.us/posts/2931561,https://azurlane.koumakan.jp/w/images/5/58/SaratogaSummer.png
post,2931581,candidate,chicago_(azur_lane),Base art,included_supporting_post,chicago_(azur_lane),https://danbooru.donmai.us/posts/2931581,https://azurlane.koumakan.jp/w/images/1/12/Chicago.png
post,2931748,candidate,houston_(azur_lane),Base,included_supporting_post,houston_(azur_lane),https://danbooru.donmai.us/posts/2931748,https://azurlane.koumakan.jp/w/images/c/c5/Houston.png
post,2932477,candidate,oklahoma_(azur_lane),Default,included_supporting_post,oklahoma_(azur_lane),https://danbooru.donmai.us/posts/2932477,https://azurlane.koumakan.jp/w/images/1/14/Oklahoma.png
post,2932483,candidate,omaha_(azur_lane),Default,included_supporting_post,omaha_(azur_lane),https://danbooru.donmai.us/posts/2932483,https://azurlane.koumakan.jp/w/images/8/83/Omaha.png
post,2933434,candidate,york_(azur_lane),Default,included_supporting_post,york_(azur_lane),https://danbooru.donmai.us/posts/2933434,https://azurlane.koumakan.jp/w/images/d/d6/York.png
post,2933440,candidate,foxhound_(azur_lane),Default,included_supporting_post,foxhound_(azur_lane),https://danbooru.donmai.us/posts/2933440,https://azurlane.koumakan.jp/w/images/f/fe/Foxhound.png
post,2933560,candidate,aulick_(azur_lane),Default,included_supporting_post,aulick_(azur_lane),https://danbooru.donmai.us/posts/2933560,https://azurlane.koumakan.jp/File:Aulick.png
post,2933568,candidate,fletcher_(azur_lane),Default,included_supporting_post,fletcher_(azur_lane),https://danbooru.donmai.us/posts/2933568,https://azurlane.koumakan.jp/w/images/c/c2/Fletcher.png
post,2933570,candidate,thatcher_(azur_lane),Default,included_supporting_post,thatcher_(azur_lane),https://danbooru.donmai.us/posts/2933570,https://azurlane.koumakan.jp/File:Thatcher.png
post,2933585,candidate,foote_(azur_lane),Default,included_supporting_post,foote_(azur_lane),https://danbooru.donmai.us/posts/2933585,https://azurlane.koumakan.jp/File:Foote.png
post,2933595,candidate,spence_(azur_lane),Default,included_supporting_post,spence_(azur_lane),https://danbooru.donmai.us/posts/2933595,https://azurlane.koumakan.jp/File:Spence.png
post,2933616,candidate,glowworm_(azur_lane),Base,included_supporting_post,glowworm_(azur_lane),https://danbooru.donmai.us/posts/2933616,https://azurlane.koumakan.jp/w/images/5/50/Glowworm.png
post,2934184,candidate,maury_(azur_lane),Default,included_supporting_post,maury_(azur_lane),https://danbooru.donmai.us/posts/2934184,https://azurlane.koumakan.jp/File:Maury.png
post,2934193,candidate,belfast_(azur_lane),Default,included_supporting_post,belfast_(azur_lane),https://danbooru.donmai.us/posts/2934193,https://azurlane.koumakan.jp/w/images/8/86/Belfast.png
post,2934335,candidate,hamakaze_(azur_lane),Base art,included_supporting_post,hamakaze_(azur_lane),https://danbooru.donmai.us/posts/2934335,https://azurlane.koumakan.jp/w/images/a/a0/Hamakaze.png
post,2934338,candidate,hamakaze_(azur_lane),Retrofit,included_supporting_post,hamakaze_(retrofit)_(azur_lane),https://danbooru.donmai.us/posts/2934338,https://azurlane.koumakan.jp/w/images/7/74/HamakazeKai.png
post,2934887,candidate,maya_(azur_lane),Default (official art unavailable),excluded_no_qualifying_form_evidence,,https://danbooru.donmai.us/posts/2934887,https://i.pximg.net/img-original/img/2017/10/28/12/33/18/65626581_p0.png
post,2941881,candidate,avrora_(azur_lane),Default,included_supporting_post,avrora_(azur_lane),https://danbooru.donmai.us/posts/2941881,https://azurlane.koumakan.jp/w/images/8/89/Aurora.png
post,2941907,candidate,long_island_(azur_lane),Retrofit,included_supporting_post,long_island_(retrofit)_(azur_lane),https://danbooru.donmai.us/posts/2941907,https://azurlane.koumakan.jp/File:Long_IslandKai.png
post,2943388,candidate,downes_(azur_lane),Retroft,included_supporting_post,downes_(retrofit)_(azur_lane),https://danbooru.donmai.us/posts/2943388,https://azurlane.koumakan.jp/File:DownesKai.png
post,2943390,candidate,cassin_(azur_lane),Retrofit,included_supporting_post,cassin_(retrofit)_(azur_lane),https://danbooru.donmai.us/posts/2943390,https://azurlane.koumakan.jp/File:CassinKai.png
post,2943420,candidate,ajax_(azur_lane),Base art,included_supporting_post,ajax_(azur_lane),https://danbooru.donmai.us/posts/2943420,https://azurlane.koumakan.jp/w/images/c/c0/Ajax.png
post,2943422,candidate,ajax_(azur_lane),Retrofit,included_supporting_post,ajax_(retrofit)_(azur_lane),https://danbooru.donmai.us/posts/2943422,https://azurlane.koumakan.jp/w/images/d/db/AjaxKai.png
post,2943426,candidate,kent_(azur_lane),Default,included_supporting_post,kent_(azur_lane),https://danbooru.donmai.us/posts/2943426,https://azurlane.koumakan.jp/w/images/9/99/Kent.png
post,2943429,candidate,yorktown_(azur_lane),Default,included_supporting_post,yorktown_(azur_lane),https://danbooru.donmai.us/posts/2943429,https://azurlane.koumakan.jp/File:Yorktown.png
post,2943543,candidate,hiei_(azur_lane),Base art,excluded_no_qualifying_form_evidence,,https://danbooru.donmai.us/posts/2943543,https://i.pximg.net/img-original/img/2017/12/03/19/46/08/66145927_p0.jpg
post,2944064,candidate,northampton_(azur_lane),Default,included_supporting_post,northampton_(azur_lane),https://danbooru.donmai.us/posts/2944064,https://azurlane.koumakan.jp/w/images/4/4c/Northampton.png
post,2944075,candidate,bailey_(azur_lane),Base art,included_supporting_post,bailey_(azur_lane),https://danbooru.donmai.us/posts/2944075,https://azurlane.koumakan.jp/w/images/a/a2/Bailey.png
post,2944081,candidate,sims_(azur_lane),Default,included_supporting_post,sims_(azur_lane),https://danbooru.donmai.us/posts/2944081,https://azurlane.koumakan.jp/File:Sims.png
post,2944084,candidate,hammann_(azur_lane),Base art,included_supporting_post,hammann_(azur_lane),https://danbooru.donmai.us/posts/2944084,https://azurlane.koumakan.jp/File:Hammann.png
post,2944088,candidate,hammann_(azur_lane),Retrofit,included_supporting_post,hammann_(retrofit)_(azur_lane),https://danbooru.donmai.us/posts/2944088,https://azurlane.koumakan.jp/File:HammannKai.png
post,2944089,candidate,hammann_(azur_lane),Rebellious Summer,included_supporting_post,hammann_(rebellious_summer)_(azur_lane),https://danbooru.donmai.us/posts/2944089,https://azurlane.koumakan.jp/File:HammannSummer.png
post,2944090,candidate,jupiter_(azur_lane),Default,included_supporting_post,jupiter_(azur_lane),https://danbooru.donmai.us/posts/2944090,https://azurlane.koumakan.jp/w/images/6/68/Jupiter.png
post,2944095,candidate,comet_(azur_lane),Base art,included_supporting_post,comet_(azur_lane),https://danbooru.donmai.us/posts/2944095,https://azurlane.koumakan.jp/w/images/9/99/Comet.png
post,2944097,candidate,crescent_(azur_lane),Default,included_supporting_post,crescent_(azur_lane),https://danbooru.donmai.us/posts/2944097,https://azurlane.koumakan.jp/w/images/b/b6/Crescent.png
post,2944261,candidate,ayanami_(azur_lane),NicoNico,excluded_no_qualifying_form_evidence,,https://danbooru.donmai.us/posts/2944261,https://azurlane.koumakan.jp/File:AyanamiNicoNico.png
post,2945498,candidate,benson_(azur_lane),Base art,included_supporting_post,benson_(azur_lane),https://danbooru.donmai.us/posts/2945498,https://azurlane.koumakan.jp/File:Benson.png
post,2945508,candidate,bogue_(azur_lane),Default,included_supporting_post,bogue_(azur_lane),https://danbooru.donmai.us/posts/2945508,https://azurlane.koumakan.jp/w/images/8/89/Bogue.png
post,2945514,candidate,bogue_(azur_lane),Retrofit,included_supporting_post,bogue_(retrofit)_(azur_lane),https://danbooru.donmai.us/posts/2945514,https://azurlane.koumakan.jp/w/images/b/b9/BogueKai.png
post,2947209,candidate,ayanami_(azur_lane),Retrofit,included_supporting_post,ayanami_(retrofit)_(azur_lane),https://danbooru.donmai.us/posts/2947209,https://azurlane.koumakan.jp/w/images/d/df/AyanamiKai.png
post,2947222,candidate,uzuki_(azur_lane),Default,included_supporting_post,uzuki_(azur_lane),https://danbooru.donmai.us/posts/2947222,https://azurlane.koumakan.jp/w/images/8/88/Uzuki.png
post,2947240,candidate,fubuki_(azur_lane),Default,included_supporting_post,fubuki_(azur_lane),https://danbooru.donmai.us/posts/2947240,https://azurlane.koumakan.jp/w/images/c/cd/Fubuki.png
post,2947250,candidate,langley_(azur_lane),Default,included_supporting_post,langley_(azur_lane),https://danbooru.donmai.us/posts/2947250,https://azurlane.koumakan.jp/w/images/1/19/Langley.png
post,2947253,candidate,langley_(azur_lane),Retrofit,included_supporting_post,langley_(retrofit)_(azur_lane),https://danbooru.donmai.us/posts/2947253,https://azurlane.koumakan.jp/w/images/b/bc/LangleyKai.png
post,2947256,candidate,phoenix_(azur_lane),Profile,included_supporting_post,phoenix_(azur_lane),https://danbooru.donmai.us/posts/2947256,https://azurlane.koumakan.jp/w/images/c/c1/Phoenix.png
post,2947258,candidate,helena_(azur_lane),Default,included_supporting_post,helena_(azur_lane),https://danbooru.donmai.us/posts/2947258,https://azurlane.koumakan.jp/w/images/d/db/Helena.png
post,2948150,candidate,eldridge_(azur_lane),Default,included_supporting_post,eldridge_(azur_lane),https://danbooru.donmai.us/posts/2948150,https://azurlane.koumakan.jp/w/images/6/60/Eldridge.png
post,2948156,candidate,pennsylvania_(azur_lane),Default,included_supporting_post,pennsylvania_(azur_lane),https://danbooru.donmai.us/posts/2948156,https://azurlane.koumakan.jp/w/images/a/af/Pennsylvania.png
post,2948159,candidate,erebus_(azur_lane),Illusory Happiness,included_supporting_post,erebus_(illusory_happiness)_(azur_lane),https://danbooru.donmai.us/posts/2948159,https://azurlane.koumakan.jp/w/images/0/01/ErebusFestival.png
post,2948816,candidate,portland_(azur_lane),Default,included_supporting_post,portland_(azur_lane),https://danbooru.donmai.us/posts/2948816,https://azurlane.koumakan.jp/w/images/f/fc/Portland.png
post,2948825,candidate,portland_(azur_lane),Retrofit,included_supporting_post,portland_(retrofit)_(azur_lane),https://danbooru.donmai.us/posts/2948825,https://azurlane.koumakan.jp/w/images/7/7a/PortlandKai.png
post,2948828,candidate,vestal_(azur_lane),Default,included_supporting_post,vestal_(azur_lane),https://danbooru.donmai.us/posts/2948828,https://azurlane.koumakan.jp/w/images/1/14/Vestal.png
post,2948835,candidate,vampire_(azur_lane),Eloi's Blessing,included_supporting_post,vampire_(eloi's_blessing)_(azur_lane),https://danbooru.donmai.us/posts/2948835,https://azurlane.koumakan.jp/w/images/1/12/VampireWedding.png
post,2948841,candidate,lexington_(azur_lane),Default,included_supporting_post,lexington_(azur_lane),https://danbooru.donmai.us/posts/2948841,https://azurlane.koumakan.jp/w/images/4/41/Lexington.png
post,2948853,candidate,shiratsuyu_(azur_lane),Default,included_supporting_post,shiratsuyu_(azur_lane),https://danbooru.donmai.us/posts/2948853,https://azurlane.koumakan.jp/w/images/4/44/Shiratsuyu.png
post,2948859,candidate,nowaki_(azur_lane),Default,included_supporting_post,nowaki_(azur_lane),https://danbooru.donmai.us/posts/2948859,https://azurlane.koumakan.jp/w/images/a/a6/Nowaki.png
post,2951142,candidate,juneau_(azur_lane),Default,included_supporting_post,juneau_(azur_lane),https://danbooru.donmai.us/posts/2951142,https://azurlane.koumakan.jp/w/images/a/ac/Juneau.png
post,2951151,candidate,rodney_(azur_lane),Default,included_supporting_post,rodney_(azur_lane),https://danbooru.donmai.us/posts/2951151,https://azurlane.koumakan.jp/w/images/e/e3/Rodney.png
post,2951156,candidate,rodney_(azur_lane),Future Seaside Admiral,included_supporting_post,rodney_(future_seaside_admiral)_(azur_lane),https://danbooru.donmai.us/posts/2951156,https://azurlane.koumakan.jp/w/images/f/f9/RodneySummer.png
post,2951162,candidate,nelson_(azur_lane),Default,included_supporting_post,nelson_(azur_lane),https://danbooru.donmai.us/posts/2951162,https://azurlane.koumakan.jp/File:Nelson.png
post,2951165,candidate,dorsetshire_(azur_lane),Base art,included_supporting_post,dorsetshire_(azur_lane),https://danbooru.donmai.us/posts/2951165,https://azurlane.koumakan.jp/w/images/2/22/Dorsetshire.png
post,2951173,candidate,norfolk_(azur_lane),Base art,included_supporting_post,norfolk_(azur_lane),https://danbooru.donmai.us/posts/2951173,https://azurlane.koumakan.jp/w/images/c/c3/Norfolk.png
post,2951176,candidate,prototype_bulin_mkii_(azur_lane),Default,included_supporting_post,prototype_bulin_mkii_(azur_lane),https://danbooru.donmai.us/posts/2951176,https://azurlane.koumakan.jp/File:Trial_Bullin_MKII.png
post,2951177,candidate,universal_bulin_(azur_lane),Default,included_supporting_post,universal_bulin_(azur_lane),https://danbooru.donmai.us/posts/2951177,https://azurlane.koumakan.jp/File:Universal_Bullin.png
post,2951182,candidate,juno_(azur_lane),Default,included_supporting_post,juno_(azur_lane),https://danbooru.donmai.us/posts/2951182,https://azurlane.koumakan.jp/w/images/4/4a/Juno.png
post,2951203,candidate,suffolk_(azur_lane),Default,included_supporting_post,suffolk_(azur_lane),https://danbooru.donmai.us/posts/2951203,https://azurlane.koumakan.jp/w/images/e/e8/Suffolk.png
post,2951213,candidate,suffolk_(azur_lane),Retrofit,included_supporting_post,suffolk_(retrofit)_(azur_lane),https://danbooru.donmai.us/posts/2951213,https://azurlane.koumakan.jp/w/images/d/d1/SuffolkKai.png
post,2951224,candidate,salt_lake_city_(azur_lane),Default,included_supporting_post,salt_lake_city_(azur_lane),https://danbooru.donmai.us/posts/2951224,https://azurlane.koumakan.jp/w/images/0/09/Salt_Lake_City.png
post,2951229,candidate,pensacola_(azur_lane),Default,included_supporting_post,pensacola_(azur_lane),https://danbooru.donmai.us/posts/2951229,https://azurlane.koumakan.jp/w/images/5/5c/Pensacola.png
post,2951439,candidate,jenkins_(azur_lane),Default,included_supporting_post,jenkins_(azur_lane),https://danbooru.donmai.us/posts/2951439,https://azurlane.koumakan.jp/w/images/2/24/Jenkins.png
post,2951445,candidate,radford_(azur_lane),Default,included_supporting_post,radford_(azur_lane),https://danbooru.donmai.us/posts/2951445,https://azurlane.koumakan.jp/w/images/2/25/Radford.png
post,2951451,candidate,nicholas_(azur_lane),Default,included_supporting_post,nicholas_(azur_lane),https://danbooru.donmai.us/posts/2951451,https://azurlane.koumakan.jp/w/images/2/2b/Nicholas.png
post,2951458,candidate,st._louis_(azur_lane),Default,excluded_no_qualifying_form_evidence,,https://danbooru.donmai.us/posts/2951458,https://azurlane.koumakan.jp/w/images/4/44/St._Louis.png
post,2952665,candidate,ardent_(azur_lane),Base art,included_supporting_post,ardent_(azur_lane),https://danbooru.donmai.us/posts/2952665,https://azurlane.koumakan.jp/w/images/3/3d/Ardent.png
post,2952669,candidate,acasta_(azur_lane),Default,included_supporting_post,acasta_(azur_lane),https://danbooru.donmai.us/posts/2952669,https://azurlane.koumakan.jp/File:Acasta.png
post,2954734,candidate,ping_hai_(azur_lane),Retrofit,included_supporting_post,ping_hai_(retrofit)_(azur_lane),https://danbooru.donmai.us/posts/2954734,https://azurlane.koumakan.jp/w/images/8/8f/Ping_HaiKai.png
post,2957255,candidate,enterprise_(azur_lane),Default,included_supporting_post,enterprise_(azur_lane),https://danbooru.donmai.us/posts/2957255,https://twitter.com/bandoujinx/status/940242089471746048
post,2957413,candidate,illustrious_(azur_lane),Never-Ending Tea Party,included_supporting_post,illustrious_(never-ending_tea_party)_(azur_lane),https://danbooru.donmai.us/posts/2957413,https://azurlane.koumakan.jp/File:IllustriousTea_Party.png
post,2957565,candidate,ning_hai_(azur_lane),Retrofit,included_supporting_post,ning_hai_(retrofit)_(azur_lane),https://danbooru.donmai.us/posts/2957565,https://azurlane.koumakan.jp/w/images/4/42/Ning_HaiKai.png
post,2957570,candidate,eldridge_(azur_lane),Holy Night's Embrace,included_supporting_post,eldridge_(holy_night's_embrace)_(azur_lane),https://danbooru.donmai.us/posts/2957570,https://azurlane.koumakan.jp/w/images/8/8a/EldridgeChristmas.png
post,2957571,candidate,enterprise_(azur_lane),Reindeer Master,included_supporting_post,enterprise_(reindeer_master)_(azur_lane),https://danbooru.donmai.us/posts/2957571,https://azurlane.koumakan.jp/w/images/b/b1/EnterpriseChristmas.png
post,2957575,candidate,yamashiro_(azur_lane),Holiday Offensive,included_supporting_post,yamashiro_(holiday_offensive)_(azur_lane),https://danbooru.donmai.us/posts/2957575,https://azurlane.koumakan.jp/w/images/7/71/YamashiroChristmas.png
post,2957595,candidate,san_diego_(azur_lane),Sandy Claus,included_supporting_post,san_diego_(sandy_claus)_(azur_lane),https://danbooru.donmai.us/posts/2957595,https://azurlane.koumakan.jp/w/images/7/7d/San_DiegoChristmas.png
post,2957598,candidate,cygnet_(azur_lane),Holy Night's Hymn,included_supporting_post,cygnet_(holy_night's_hymn)_(azur_lane),https://danbooru.donmai.us/posts/2957598,https://azurlane.koumakan.jp/w/images/d/d6/CygnetChristmas.png
post,2957601,candidate,mutsuki_(azur_lane),Mr. Reindeer Depart!,excluded_no_qualifying_form_evidence,,https://danbooru.donmai.us/posts/2957601,https://azurlane.koumakan.jp/w/images/7/7d/MutsukiChristmas.png
post,2958342,candidate,gridley_(azur_lane),Base art,excluded_no_qualifying_form_evidence,,https://danbooru.donmai.us/posts/2958342,https://azurlane.koumakan.jp/File:Gridley.png
post,2958352,candidate,mccall_(azur_lane),Default,included_supporting_post,mccall_(azur_lane),https://danbooru.donmai.us/posts/2958352,https://azurlane.koumakan.jp/File:McCall.png
post,2958359,candidate,craven_(azur_lane),Base art,included_supporting_post,craven_(azur_lane),https://danbooru.donmai.us/posts/2958359,https://azurlane.koumakan.jp/File:Craven.png
post,2958376,candidate,tennessee_(azur_lane),Default,included_supporting_post,tennessee_(azur_lane),https://danbooru.donmai.us/posts/2958376,https://azurlane.koumakan.jp/w/images/e/ee/Tennessee.png
post,2958390,candidate,hiryuu_(azur_lane),Base art,included_supporting_post,hiryuu_(azur_lane),https://danbooru.donmai.us/posts/2958390,https://azurlane.koumakan.jp/w/images/f/ff/Hiryuu.png
post,2960627,candidate,raleigh_(azur_lane),Default,included_supporting_post,raleigh_(azur_lane),https://danbooru.donmai.us/posts/2960627,https://azurlane.koumakan.jp/w/images/a/a9/Raleigh.png
post,2960633,candidate,arethusa_(azur_lane),Base art,included_supporting_post,arethusa_(azur_lane),https://danbooru.donmai.us/posts/2960633,https://azurlane.koumakan.jp/w/images/2/24/Arethusa.png
post,2960636,candidate,galatea_(azur_lane),Base art,included_supporting_post,galatea_(azur_lane),https://danbooru.donmai.us/posts/2960636,https://azurlane.koumakan.jp/w/images/5/51/Galatea.png
post,2960659,candidate,glorious_(azur_lane),Default,included_supporting_post,glorious_(azur_lane),https://danbooru.donmai.us/posts/2960659,https://azurlane.koumakan.jp/w/images/5/51/Glorious.png
post,2961596,candidate,kinugasa_(azur_lane),Default,included_supporting_post,kinugasa_(azur_lane),https://danbooru.donmai.us/posts/2961596,https://azurlane.koumakan.jp/w/images/0/04/Kinugasa.png
post,2961604,candidate,abukuma_(azur_lane),Default,included_supporting_post,abukuma_(azur_lane),https://danbooru.donmai.us/posts/2961604,https://azurlane.koumakan.jp/w/images/c/c9/Abukuma.png
post,2961608,candidate,abukuma_(azur_lane),Retrofit,included_supporting_post,abukuma_(retrofit)_(azur_lane),https://danbooru.donmai.us/posts/2961608,https://azurlane.koumakan.jp/w/images/d/db/AbukumaKai.png
post,2961610,candidate,nagara_(azur_lane),Default,included_supporting_post,nagara_(azur_lane),https://danbooru.donmai.us/posts/2961610,https://azurlane.koumakan.jp/File:Nagara.png
post,2961614,candidate,ayanami_(azur_lane),Default,included_supporting_post,ayanami_(azur_lane),https://danbooru.donmai.us/posts/2961614,https://azurlane.koumakan.jp/File:Ayanami.png
post,2961618,candidate,ayanami_(azur_lane),Witch in Ambush,included_supporting_post,ayanami_(witch_in_ambush)_(azur_lane),https://danbooru.donmai.us/posts/2961618,https://azurlane.koumakan.jp/w/images/d/dc/AyanamiHalloween.png
post,2961736,candidate,ikazuchi_(azur_lane),Sakura Tea,included_supporting_post,ikazuchi_(sakura_tea)_(azur_lane),https://danbooru.donmai.us/posts/2961736,https://azurlane.koumakan.jp/w/images/8/8d/IkazuchiTea_Party.png
post,2961739,candidate,inazuma_(azur_lane),Vanilla Pudding,included_supporting_post,inazuma_(vanilla_pudding)_(azur_lane),https://danbooru.donmai.us/posts/2961739,https://azurlane.koumakan.jp/w/images/8/81/InazumaTea_Party.png
post,2961760,candidate,edinburgh_(azur_lane),Default,included_supporting_post,edinburgh_(azur_lane),https://danbooru.donmai.us/posts/2961760,https://azurlane.koumakan.jp/File:Edinburgh.png
post,2961801,candidate,fusou_(azur_lane),Base art,included_supporting_post,fusou_(azur_lane),https://danbooru.donmai.us/posts/2961801,https://azurlane.koumakan.jp/w/images/c/c6/Fusou.png
post,2961809,candidate,yamashiro_(azur_lane),Default,included_supporting_post,yamashiro_(azur_lane),https://danbooru.donmai.us/posts/2961809,https://azurlane.koumakan.jp/w/images/2/2c/Yamashiro.png
post,2961815,candidate,yamashiro_(azur_lane),Summer Offensive?,excluded_no_qualifying_form_evidence,,https://danbooru.donmai.us/posts/2961815,https://azurlane.koumakan.jp/w/images/6/6c/YamashiroSummer.png
post,2961822,candidate,exeter_(azur_lane),Default,included_supporting_post,exeter_(azur_lane),https://danbooru.donmai.us/posts/2961822,https://azurlane.koumakan.jp/w/images/a/a8/Exeter.png
post,2966567,candidate,hood_(azur_lane),Lady of the Shining Sun,included_supporting_post,hood_(lady_of_the_shining_sun)_(azur_lane),https://danbooru.donmai.us/posts/2966567,https://azurlane.koumakan.jp/w/images/5/57/HoodSummer.png
post,2966575,candidate,hood_(azur_lane),Rosey Love Poem,included_supporting_post,hood_(rosey_love_poem)_(azur_lane),https://danbooru.donmai.us/posts/2966575,https://azurlane.koumakan.jp/w/images/3/3d/HoodWedding.png
post,2966580,candidate,repulse_(azur_lane),Default,included_supporting_post,repulse_(azur_lane),https://danbooru.donmai.us/posts/2966580,https://azurlane.koumakan.jp/w/images/9/91/Repulse.png
post,2966586,candidate,yuugure_(azur_lane),Base,included_supporting_post,yuugure_(azur_lane),https://danbooru.donmai.us/posts/2966586,https://azurlane.koumakan.jp/w/images/3/3c/Yuugure.png
post,2966594,candidate,hatsuharu_(azur_lane),Base form,included_supporting_post,hatsuharu_(azur_lane),https://danbooru.donmai.us/posts/2966594,https://azurlane.koumakan.jp/w/images/f/f3/Hatsuharu.png
post,2966611,candidate,crescent_(azur_lane),Retrofit,included_supporting_post,crescent_(retrofit)_(azur_lane),https://danbooru.donmai.us/posts/2966611,https://azurlane.koumakan.jp/w/images/3/3c/CrescentKai.png
post,2966618,candidate,comet_(azur_lane),Retrofit,included_supporting_post,comet_(retrofit)_(azur_lane),https://danbooru.donmai.us/posts/2966618,https://azurlane.koumakan.jp/w/images/2/2d/CometKai.png
post,2966626,candidate,beagle_(azur_lane),,included_supporting_post,beagle_(azur_lane),https://danbooru.donmai.us/posts/2966626,https://azurlane.koumakan.jp/w/images/f/fc/Beagle.png
post,2966628,candidate,bulldog_(azur_lane),,included_supporting_post,bulldog_(azur_lane),https://danbooru.donmai.us/posts/2966628,https://azurlane.koumakan.jp/w/images/0/07/Bulldog.png
post,2967337,candidate,fortune_(azur_lane),Default,included_supporting_post,fortune_(azur_lane),https://danbooru.donmai.us/posts/2967337,https://azurlane.koumakan.jp/w/images/b/bf/Fortune.png
post,2967345,candidate,fortune_(azur_lane),Retrofit,included_supporting_post,fortune_(retrofit)_(azur_lane),https://danbooru.donmai.us/posts/2967345,https://azurlane.koumakan.jp/w/images/3/3c/FortuneKai.png
post,2967356,candidate,kagerou_(azur_lane),Default,included_supporting_post,kagerou_(azur_lane),https://danbooru.donmai.us/posts/2967356,https://azurlane.koumakan.jp/w/images/1/1a/Kagerou.png
post,2967363,candidate,kagerou_(azur_lane),Pumpkins and Festivities!,excluded_no_qualifying_form_evidence,,https://danbooru.donmai.us/posts/2967363,https://azurlane.koumakan.jp/w/images/1/1b/KagerouHalloween.png
post,2967381,candidate,oyashio_(azur_lane),Default,included_supporting_post,oyashio_(azur_lane),https://danbooru.donmai.us/posts/2967381,https://azurlane.koumakan.jp/w/images/e/e1/Oyashio.png
post,2967387,candidate,kuroshio_(azur_lane),Default,included_supporting_post,kuroshio_(azur_lane),https://danbooru.donmai.us/posts/2967387,https://azurlane.koumakan.jp/w/images/4/46/Kuroshio.png
post,2967393,candidate,matsukaze_(azur_lane),Default,included_supporting_post,matsukaze_(azur_lane),https://danbooru.donmai.us/posts/2967393,https://azurlane.koumakan.jp/w/images/2/2e/Matsukaze.png
post,2967400,candidate,london_(azur_lane),Base,included_supporting_post,london_(azur_lane),https://danbooru.donmai.us/posts/2967400,https://azurlane.koumakan.jp/File:London.png
post,2967408,candidate,shropshire_(azur_lane),Default,included_supporting_post,shropshire_(azur_lane),https://danbooru.donmai.us/posts/2967408,https://azurlane.koumakan.jp/w/images/8/89/Shropshire.png
post,2967426,candidate,achilles_(azur_lane),Base art,included_supporting_post,achilles_(azur_lane),https://danbooru.donmai.us/posts/2967426,https://azurlane.koumakan.jp/w/images/8/88/Achilles.png
post,2967444,candidate,leander_(azur_lane),Default,included_supporting_post,leander_(azur_lane),https://danbooru.donmai.us/posts/2967444,https://azurlane.koumakan.jp/File:Leander.png
post,2967475,candidate,leander_(azur_lane),Retrofit,included_supporting_post,leander_(retrofit)_(azur_lane),https://danbooru.donmai.us/posts/2967475,https://azurlane.koumakan.jp/File:LeanderKai.png
post,2967507,candidate,cleveland_(azur_lane),Reaper Fever,included_supporting_post,cleveland_(reaper_fever)_(azur_lane),https://danbooru.donmai.us/posts/2967507,https://azurlane.koumakan.jp/w/images/9/9d/ClevelandHalloween.png
post,2967574,candidate,gridley_(azur_lane),Christmas Photoshoot,included_supporting_post,gridley_(christmas_photoshoot)_(azur_lane),https://danbooru.donmai.us/posts/2967574,https://azurlane.koumakan.jp/File:GridleyChristmas.png
post,2967758,candidate,prinz_eugen_(azur_lane),Profusion of Flowers,included_supporting_post,prinz_eugen_(profusion_of_flowers)_(azur_lane),https://danbooru.donmai.us/posts/2967758,https://azurlane.koumakan.jp/w/images/3/34/Prinz_EugenNew_Year.png
post,2967765,candidate,yuudachi_(azur_lane),Shogun of Snowballs,included_supporting_post,yuudachi_(shogun_of_snowballs)_(azur_lane),https://danbooru.donmai.us/posts/2967765,https://azurlane.koumakan.jp/w/images/b/b5/YuudachiNew_Year.png
post,2967767,candidate,akagi_(azur_lane),Plum and Snow,included_supporting_post,akagi_(plum_and_snow)_(azur_lane),https://danbooru.donmai.us/posts/2967767,https://azurlane.koumakan.jp/w/images/d/d0/AkagiNew_Year.png
post,2967768,candidate,kaga_(azur_lane),White Fox's New Year,included_supporting_post,kaga_(white_fox's_new_year)_(azur_lane),https://danbooru.donmai.us/posts/2967768,https://azurlane.koumakan.jp/w/images/b/ba/KagaNew_Year.png
post,2967771,candidate,akashi_(azur_lane),Akashi's in the Red nya!,excluded_no_qualifying_form_evidence,,https://danbooru.donmai.us/posts/2967771,https://azurlane.koumakan.jp/w/images/f/fb/AkashiNew_Year.png
post,2967778,candidate,kisaragi_(azur_lane),New Year's Wish,included_supporting_post,kisaragi_(new_year's_wish)_(azur_lane),https://danbooru.donmai.us/posts/2967778,https://azurlane.koumakan.jp/w/images/5/5e/KisaragiNew_Year.png
post,2967779,candidate,laffey_(azur_lane),Snow Rabbit and Candy Apple,included_supporting_post,laffey_(snow_rabbit_and_candy_apple)_(azur_lane),https://danbooru.donmai.us/posts/2967779,https://azurlane.koumakan.jp/File:LaffeyNew_Year.png
post,2967784,candidate,karlsruhe_(azur_lane),Retrofit,included_supporting_post,karlsruhe_(retrofit)_(azur_lane),https://danbooru.donmai.us/posts/2967784,https://azurlane.koumakan.jp/w/images/8/87/KarlsruheKai.png
post,2973318,candidate,wasp_(azur_lane),Default,included_supporting_post,wasp_(azur_lane),https://danbooru.donmai.us/posts/2973318,https://azurlane.koumakan.jp/w/images/f/f8/Wasp.png
post,2973322,candidate,colorado_(azur_lane),Old Design,excluded_no_qualifying_form_evidence,,https://danbooru.donmai.us/posts/2973322,https://azurlane.koumakan.jp/File:ColoradoOriginal.png
post,2973326,candidate,maryland_(azur_lane),Old Design,excluded_no_qualifying_form_evidence,,https://danbooru.donmai.us/posts/2973326,https://azurlane.koumakan.jp/File:MarylandOriginal.png
post,2975786,candidate,atago_(azur_lane),Hallmarks of Winter,excluded_no_qualifying_form_evidence,,https://danbooru.donmai.us/posts/2975786,https://i.pximg.net/img-original/img/2018/01/03/21/22/58/66627210_p0.jpg
post,2986353,candidate,bailey_(azur_lane),Retrofit,excluded_no_qualifying_form_evidence,,https://danbooru.donmai.us/posts/2986353,https://azurlane.koumakan.jp/w/images/f/fe/BaileyKai.png
post,2986356,candidate,tanikaze_(azur_lane),Default,included_supporting_post,tanikaze_(azur_lane),https://danbooru.donmai.us/posts/2986356,https://azurlane.koumakan.jp/w/images/e/e3/Tanikaze.png
post,2986358,candidate,tanikaze_(azur_lane),Retrofit,included_supporting_post,tanikaze_(retrofit)_(azur_lane),https://danbooru.donmai.us/posts/2986358,https://azurlane.koumakan.jp/w/images/9/90/TanikazeKai.png
post,2992227,candidate,admiral_graf_spee_(azur_lane),Default,included_supporting_post,admiral_graf_spee_(azur_lane),https://danbooru.donmai.us/posts/2992227,https://azurlane.koumakan.jp/w/images/3/3e/Admiral_Graf.Spee.png
post,2992229,candidate,exeter_(azur_lane),Retrofit,included_supporting_post,exeter_(retrofit)_(azur_lane),https://danbooru.donmai.us/posts/2992229,https://azurlane.koumakan.jp/w/images/1/14/ExeterKai.png
post,2992231,candidate,achilles_(azur_lane),Retrofit,included_supporting_post,achilles_(retrofit)_(azur_lane),https://danbooru.donmai.us/posts/2992231,https://azurlane.koumakan.jp/w/images/d/d0/AchillesKai.png
post,3011406,candidate,wakaba_(azur_lane),Default,included_supporting_post,wakaba_(azur_lane),https://danbooru.donmai.us/posts/3011406,https://azurlane.koumakan.jp/File:Wakaba.png
post,3017491,candidate,st._louis_(azur_lane),Blue and White Pottery,excluded_no_qualifying_form_evidence,,https://danbooru.donmai.us/posts/3017491,https://azurlane.koumakan.jp/w/images/2/2b/St._LouisSpring.png
post,3017500,candidate,fusou_(azur_lane),The Celebration of Spring,included_supporting_post,fusou_(the_celebration_of_spring)_(azur_lane),https://danbooru.donmai.us/posts/3017500,https://azurlane.koumakan.jp/w/images/1/16/FusouSpring.png
post,3017510,candidate,vampire_(azur_lane),The Breath of Spring,included_supporting_post,vampire_(the_breath_of_spring)_(azur_lane),https://danbooru.donmai.us/posts/3017510,https://azurlane.koumakan.jp/w/images/0/0c/VampireSpring.png
post,3017516,candidate,unicorn_(azur_lane),The Gift of Spring,included_supporting_post,unicorn_(the_gift_of_spring)_(azur_lane),https://danbooru.donmai.us/posts/3017516,https://azurlane.koumakan.jp/File:Montpelier.png
post,3017552,candidate,fu_shun_(azur_lane),Default,included_supporting_post,fu_shun_(azur_lane),https://danbooru.donmai.us/posts/3017552,https://azurlane.koumakan.jp/w/images/4/4a/Fushun.png
post,3017561,candidate,tai_yuan_(azur_lane),Default,included_supporting_post,tai_yuan_(azur_lane),https://danbooru.donmai.us/posts/3017561,https://azurlane.koumakan.jp/w/images/8/8b/Taiyuan.png
post,3017569,candidate,an_shan_(azur_lane),Default,included_supporting_post,an_shan_(azur_lane),https://danbooru.donmai.us/posts/3017569,https://azurlane.koumakan.jp/w/images/9/95/Anshan.png
post,3017587,candidate,chang_chun_(azur_lane),Default,included_supporting_post,chang_chun_(azur_lane),https://danbooru.donmai.us/posts/3017587,https://azurlane.koumakan.jp/w/images/b/b3/Changchun.png
post,3017596,candidate,chang_chun_(azur_lane),The Joy of Spring,included_supporting_post,chang_chun_(the_joy_of_spring)_(azur_lane),https://danbooru.donmai.us/posts/3017596,https://azurlane.koumakan.jp/w/images/f/f0/ChangchunSpring.png
post,3017609,candidate,urakaze_(azur_lane),Default,included_supporting_post,urakaze_(azur_lane),https://danbooru.donmai.us/posts/3017609,https://azurlane.koumakan.jp/w/images/2/20/Urakaze.png
post,3033369,candidate,duke_of_york_(azur_lane),Default,included_supporting_post,duke_of_york_(azur_lane),https://danbooru.donmai.us/posts/3033369,https://azurlane.koumakan.jp/w/images/2/2d/Duke_of_York.png
post,3033370,candidate,victorious_(azur_lane),Default,included_supporting_post,victorious_(azur_lane),https://danbooru.donmai.us/posts/3033370,https://azurlane.koumakan.jp/w/images/e/e1/Victorious.png
post,3033371,candidate,jamaica_(azur_lane),Base art,included_supporting_post,jamaica_(azur_lane),https://danbooru.donmai.us/posts/3033371,https://azurlane.koumakan.jp/w/images/e/e7/Jamaica.png
post,3033374,candidate,matchless_(azur_lane),Default,included_supporting_post,matchless_(azur_lane),https://danbooru.donmai.us/posts/3033374,https://azurlane.koumakan.jp/w/images/1/12/Matchless.png
post,3033375,candidate,musketeer_(azur_lane),Default,included_supporting_post,musketeer_(azur_lane),https://danbooru.donmai.us/posts/3033375,https://azurlane.koumakan.jp/w/images/8/89/Musketeer.png
post,3033376,candidate,foxhound_(azur_lane),Retrofit,included_supporting_post,foxhound_(retrofit)_(azur_lane),https://danbooru.donmai.us/posts/3033376,https://azurlane.koumakan.jp/w/images/a/a6/FoxhoundKai.png
post,3033382,candidate,fiji_(azur_lane),Default,included_supporting_post,fiji_(azur_lane),https://danbooru.donmai.us/posts/3033382,https://azurlane.koumakan.jp/w/images/c/c1/Fiji.png
post,3052717,candidate,nicholas_(azur_lane),Nurse Nicholas,included_supporting_post,nicholas_(nurse_nicholas)_(azur_lane),https://danbooru.donmai.us/posts/3052717,https://azurlane.koumakan.jp/w/images/a/a8/NicholasNurse.png
post,3052729,candidate,enterprise_(azur_lane),Starlight Oath,included_supporting_post,enterprise_(starlight_oath)_(azur_lane),https://danbooru.donmai.us/posts/3052729,https://azurlane.koumakan.jp/File:EnterpriseWedding.png
post,3052745,candidate,kamikaze_(azur_lane),Retrofit,included_supporting_post,kamikaze_(retrofit)_(azur_lane),https://danbooru.donmai.us/posts/3052745,https://azurlane.koumakan.jp/File:KamikazeKai.png
post,3052758,candidate,matsukaze_(azur_lane),Retrofit,included_supporting_post,matsukaze_(retrofit)_(azur_lane),https://danbooru.donmai.us/posts/3052758,https://azurlane.koumakan.jp/File:MatsukazeKai.png
post,3055207,candidate,isokaze_(azur_lane),Default,included_supporting_post,isokaze_(azur_lane),https://danbooru.donmai.us/posts/3055207,https://azurlane.koumakan.jp/w/images/4/48/Isokaze.png
post,3060296,candidate,montpelier_(azur_lane),Default,included_supporting_post,montpelier_(azur_lane),https://danbooru.donmai.us/posts/3060296,https://azurlane.koumakan.jp/File:Montpelier.png
post,3060298,candidate,denver_(azur_lane),Default,included_supporting_post,denver_(azur_lane),https://danbooru.donmai.us/posts/3060298,https://azurlane.koumakan.jp/File:Denver.png
post,3060301,candidate,columbia_(azur_lane),Default,included_supporting_post,columbia_(azur_lane),https://danbooru.donmai.us/posts/3060301,https://azurlane.koumakan.jp/w/images/8/8e/Columbia.png
post,3060306,candidate,agano_(azur_lane),Default,included_supporting_post,agano_(azur_lane),https://danbooru.donmai.us/posts/3060306,https://azurlane.koumakan.jp/w/images/c/c4/Agano.png
post,3060312,candidate,sendai_(azur_lane),Default,included_supporting_post,sendai_(azur_lane),https://danbooru.donmai.us/posts/3060312,https://azurlane.koumakan.jp/w/images/1/14/Sendai.png
post,3065132,candidate,laffey_(azur_lane),Retrofit,included_supporting_post,laffey_(retrofit)_(azur_lane),https://danbooru.donmai.us/posts/3065132,https://azurlane.koumakan.jp/File:LaffeyKai.png
post,3065372,candidate,honolulu_(azur_lane),Umbrella Girl,included_supporting_post,honolulu_(umbrella_girl)_(azur_lane),https://danbooru.donmai.us/posts/3065372,https://azurlane.koumakan.jp/w/images/9/91/HonoluluSchool.png
post,3065373,candidate,eldridge_(azur_lane),The Inquisitive Recluse,included_supporting_post,eldridge_(the_inquisitive_recluse)_(azur_lane),https://danbooru.donmai.us/posts/3065373,https://azurlane.koumakan.jp/w/images/a/a3/EldridgeSchool.png
post,3065374,candidate,edinburgh_(azur_lane),The Library Fairy,included_supporting_post,edinburgh_(the_library_fairy)_(azur_lane),https://danbooru.donmai.us/posts/3065374,https://azurlane.koumakan.jp/File:EdinburghSchool.png
post,3065376,candidate,z1_leberecht_maass_(azur_lane),"""Rebellious"" Top Student",excluded_no_qualifying_form_evidence,,https://danbooru.donmai.us/posts/3065376,https://azurlane.koumakan.jp/w/images/1/1d/Z1School.png
post,3065377,candidate,hiryuu_(azur_lane),After School Bullies,included_supporting_post,hiryuu_(after_school_bullies)_(azur_lane),https://danbooru.donmai.us/posts/3065377,https://azurlane.koumakan.jp/w/images/f/fd/HiryuuSchool.png
post,3065394,candidate,fubuki_(azur_lane),5 Minutes Till I'm Late,included_supporting_post,fubuki_(5_minutes_till_i'm_late)_(azur_lane),https://danbooru.donmai.us/posts/3065394,https://azurlane.koumakan.jp/w/images/6/61/FubukiSchool.png
post,3065481,candidate,yukikaze_(azur_lane),Default,included_supporting_post,yukikaze_(azur_lane),https://danbooru.donmai.us/posts/3065481,https://azurlane.koumakan.jp/w/images/9/97/Yukikaze.png
post,3065482,candidate,yukikaze_(azur_lane),Sovereign of the Swing,included_supporting_post,yukikaze_(sovereign_of_the_swing)_(azur_lane),https://danbooru.donmai.us/posts/3065482,https://azurlane.koumakan.jp/w/images/2/2e/YukikazeEvent.png
post,3077026,candidate,craven_(azur_lane),Cheerleader on the Playground,included_supporting_post,craven_(cheerleader_on_the_playground)_(azur_lane),https://danbooru.donmai.us/posts/3077026,https://azurlane.koumakan.jp/File:CravenSchool.png
post,3082264,candidate,aurora_(azur_lane),Base art (official art unavailable),excluded_no_qualifying_form_evidence,,https://danbooru.donmai.us/posts/3082264,https://i.pximg.net/img-original/img/2018/04/11/00/01/48/68174534_p0.jpg
post,3086316,candidate,admiral_graf_spee_(azur_lane),Girl's Sunday,included_supporting_post,admiral_graf_spee_(girl's_sunday)_(azur_lane),https://danbooru.donmai.us/posts/3086316,https://azurlane.koumakan.jp/w/images/0/0f/Admiral_Graf.SpeeEvent.png
post,3094149,candidate,sendai_(azur_lane),Retrofit,included_supporting_post,sendai_(retrofit)_(azur_lane),https://danbooru.donmai.us/posts/3094149,https://azurlane.koumakan.jp/w/images/4/4b/SendaiKai.png
post,3094151,candidate,michishio_(azur_lane),Default,included_supporting_post,michishio_(azur_lane),https://danbooru.donmai.us/posts/3094151,https://azurlane.koumakan.jp/w/images/c/c2/Michishio.png
post,3094152,candidate,mutsuki_(azur_lane),Retrofit,included_supporting_post,mutsuki_(retrofit)_(azur_lane),https://danbooru.donmai.us/posts/3094152,https://azurlane.koumakan.jp/w/images/5/5f/MutsukiKai.png
post,3104486,candidate,oklahoma_(azur_lane),Retrofit,included_supporting_post,oklahoma_(retrofit)_(azur_lane),https://danbooru.donmai.us/posts/3104486,https://azurlane.koumakan.jp/w/images/7/79/OklahomaKai.png
post,3104487,candidate,junyou_(azur_lane),Base art,included_supporting_post,junyou_(azur_lane),https://danbooru.donmai.us/posts/3104487,https://azurlane.koumakan.jp/w/images/c/cb/Junyou.png
post,3104488,candidate,hiyou_(azur_lane),Base art,included_supporting_post,hiyou_(azur_lane),https://danbooru.donmai.us/posts/3104488,https://azurlane.koumakan.jp/w/images/8/85/Hiyou.png
post,3104494,candidate,shiratsuyu_(azur_lane),Is the Order a Torpedo?,excluded_no_qualifying_form_evidence,,https://danbooru.donmai.us/posts/3104494,https://azurlane.koumakan.jp/w/images/e/ea/ShiratsuyuMaid.png
post,3104495,candidate,yuugure_(azur_lane),Maid-In-Training!,excluded_no_qualifying_form_evidence,,https://danbooru.donmai.us/posts/3104495,https://azurlane.koumakan.jp/w/images/e/ee/YuugureMaid.png
post,3119040,candidate,abercrombie_(azur_lane),Default,included_supporting_post,abercrombie_(azur_lane),https://danbooru.donmai.us/posts/3119040,https://azurlane.koumakan.jp/w/images/2/2c/Abercrombie.png
post,3119041,candidate,sussex_(azur_lane),Default,included_supporting_post,sussex_(azur_lane),https://danbooru.donmai.us/posts/3119041,https://azurlane.koumakan.jp/w/images/3/39/Sussex.png
post,3119043,candidate,fusou_(azur_lane),Retrofit,included_supporting_post,fusou_(retrofit)_(azur_lane),https://danbooru.donmai.us/posts/3119043,https://azurlane.koumakan.jp/w/images/b/b1/FusouKai.png
post,3119045,candidate,tanikaze_(azur_lane),Lost Girl and Labyrinth Butterfly,included_supporting_post,tanikaze_(lost_girl_and_labyrinth_butterfly)_(azur_lane),https://danbooru.donmai.us/posts/3119045,https://azurlane.koumakan.jp/w/images/6/6c/TanikazeLost.png
post,3119047,candidate,uzuki_(azur_lane),Sleepy Uzuki,included_supporting_post,uzuki_(sleepy_uzuki)_(azur_lane),https://danbooru.donmai.us/posts/3119047,https://azurlane.koumakan.jp/w/images/b/b2/UzukiSleepy.png
post,3133102,candidate,aurora_(azur_lane),The Tale of Spring,excluded_no_qualifying_form_evidence,,https://danbooru.donmai.us/posts/3133102,https://i.pximg.net/img-original/img/2018/05/22/00/03/30/68860269_p0.jpg
post,3133161,candidate,ariake_(azur_lane),Base art,included_supporting_post,ariake_(azur_lane),https://danbooru.donmai.us/posts/3133161,https://azurlane.koumakan.jp/w/images/2/29/Ariake.png
post,3133162,candidate,glorious_(azur_lane),Glorious School Life,included_supporting_post,glorious_(glorious_school_life)_(azur_lane),https://danbooru.donmai.us/posts/3133162,https://azurlane.koumakan.jp/w/images/6/61/GloriousSchool.png
post,3133163,candidate,ardent_(azur_lane),Retrofit,included_supporting_post,ardent_(retrofit)_(azur_lane),https://danbooru.donmai.us/posts/3133163,https://azurlane.koumakan.jp/w/images/9/9d/ArdentKai.png
post,3133164,candidate,acasta_(azur_lane),Fashionable Outing,included_supporting_post,acasta_(fashionable_outing)_(azur_lane),https://danbooru.donmai.us/posts/3133164,https://azurlane.koumakan.jp/File:AcastaSchool.png
post,3133165,candidate,acasta_(azur_lane),Retrofit,included_supporting_post,acasta_(retrofit)_(azur_lane),https://danbooru.donmai.us/posts/3133165,https://azurlane.koumakan.jp/File:AcastaKai.png
post,3135213,candidate,saratoga_(azur_lane),Retrofit,included_supporting_post,saratoga_(retrofit)_(azur_lane),https://danbooru.donmai.us/posts/3135213,https://azurlane.koumakan.jp/File:SaratogaKai.png
post,3142372,candidate,nagato_(azur_lane),Old design,excluded_no_qualifying_form_evidence,,https://danbooru.donmai.us/posts/3142372,https://azurlane.koumakan.jp/w/images/6/6f/NagatoOriginal.png
post,3143301,candidate,dace_(azur_lane),,included_supporting_post,dace_(azur_lane),https://danbooru.donmai.us/posts/3143301,https://azurlane.koumakan.jp/w/images/2/23/Dace.png
post,3143315,candidate,i-58_(azur_lane),,included_supporting_post,i-58_(azur_lane),https://danbooru.donmai.us/posts/3143315,https://azurlane.koumakan.jp/w/images/4/4e/I-58.png
post,3144149,candidate,i-26_(azur_lane),Default,included_supporting_post,i-26_(azur_lane),https://danbooru.donmai.us/posts/3144149,https://azurlane.koumakan.jp/w/images/e/ec/I-26.png
post,3144150,candidate,i-19_(azur_lane),Default,included_supporting_post,i-19_(azur_lane),https://danbooru.donmai.us/posts/3144150,https://azurlane.koumakan.jp/w/images/2/2a/I-19.png
post,3144151,candidate,kawakaze_(azur_lane),Default,included_supporting_post,kawakaze_(azur_lane),https://danbooru.donmai.us/posts/3144151,https://azurlane.koumakan.jp/w/images/4/4b/Kawakaze.png
post,3144158,candidate,kawakaze_(azur_lane),Monochromatic Interlude,included_supporting_post,kawakaze_(monochromatic_interlude)_(azur_lane),https://danbooru.donmai.us/posts/3144158,https://azurlane.koumakan.jp/w/images/0/07/KawakazeEvent.png
post,3144160,candidate,fumizuki_(azur_lane),Base art,excluded_no_qualifying_form_evidence,,https://danbooru.donmai.us/posts/3144160,https://azurlane.koumakan.jp/w/images/2/2c/Fumizuki.png
post,3144161,candidate,fumizuki_(azur_lane),Half-Asleep Fairy,excluded_no_qualifying_form_evidence,,https://danbooru.donmai.us/posts/3144161,https://azurlane.koumakan.jp/w/images/5/52/FumizukiEvent.png
post,3144162,candidate,nagato_(azur_lane),Default,included_supporting_post,nagato_(azur_lane),https://danbooru.donmai.us/posts/3144162,https://azurlane.koumakan.jp/w/images/4/46/Nagato.png
post,3144165,candidate,nagato_(azur_lane),Great Fox's White Gown,included_supporting_post,nagato_(great_fox's_white_gown)_(azur_lane),https://danbooru.donmai.us/posts/3144165,https://azurlane.koumakan.jp/w/images/6/65/NagatoWedding.png
post,3144170,candidate,mutsu_(azur_lane),Default,included_supporting_post,mutsu_(azur_lane),https://danbooru.donmai.us/posts/3144170,https://azurlane.koumakan.jp/File:Mutsu.png
post,3144184,candidate,asashio_(azur_lane),Base art,included_supporting_post,asashio_(azur_lane),https://danbooru.donmai.us/posts/3144184,https://azurlane.koumakan.jp/w/images/f/f1/Asashio.png
post,3144185,candidate,ooshio_(azur_lane),Default,included_supporting_post,ooshio_(azur_lane),https://danbooru.donmai.us/posts/3144185,https://azurlane.koumakan.jp/w/images/e/e5/Ooshio.png
post,3144189,candidate,asashio_(azur_lane),The Transfer Student Underneath the Dancing Petals,included_supporting_post,asashio_(the_transfer_student_underneath_the_dancing_petals)_(azur_lane),https://danbooru.donmai.us/posts/3144189,https://azurlane.koumakan.jp/File:AsashioSchool.png
post,3147111,candidate,neptune_(azur_lane),Default,included_supporting_post,neptune_(azur_lane),https://danbooru.donmai.us/posts/3147111,https://azurlane.koumakan.jp/File:HMS_Neptune.png
post,3147114,candidate,izumo_(azur_lane),Default,included_supporting_post,izumo_(azur_lane),https://danbooru.donmai.us/posts/3147114,https://azurlane.koumakan.jp/File:Izumo.png
post,3147115,candidate,roon_(azur_lane),Default,included_supporting_post,roon_(azur_lane),https://danbooru.donmai.us/posts/3147115,https://azurlane.koumakan.jp/File:Roon.png
post,3147174,candidate,shouhou_(azur_lane),Patrolling Witch,included_supporting_post,shouhou_(patrolling_witch)_(azur_lane),https://danbooru.donmai.us/posts/3147174,https://azurlane.koumakan.jp/File:ShouhouHalloween.png
post,3147180,candidate,tirpitz_(azur_lane),Default,included_supporting_post,tirpitz_(azur_lane),https://danbooru.donmai.us/posts/3147180,https://azurlane.koumakan.jp/File:Tirpitz.png
post,3147184,candidate,javelin_(azur_lane),Bili Girl 22,excluded_no_qualifying_form_evidence,,https://danbooru.donmai.us/posts/3147184,https://azurlane.koumakan.jp/File:JavelinBilibili.png
post,3147257,candidate,long_island_(azur_lane),Default,included_supporting_post,long_island_(azur_lane),https://danbooru.donmai.us/posts/3147257,https://azurlane.koumakan.jp/File:Long_Island.png
post,3147261,candidate,little_bel_(azur_lane),Default,included_supporting_post,little_bel_(azur_lane),https://danbooru.donmai.us/posts/3147261,https://azurlane.koumakan.jp/File:Belchan.png
post,3147262,candidate,ayanami_(azur_lane),Rock 'n' Demon,included_supporting_post,ayanami_(rock_'n'_demon)_(azur_lane),https://danbooru.donmai.us/posts/3147262,https://azurlane.koumakan.jp/File:AyanamiRock.png
post,3147263,candidate,shiranui_(azur_lane),Retrofit,included_supporting_post,shiranui_(retrofit)_(azur_lane),https://danbooru.donmai.us/posts/3147263,https://azurlane.koumakan.jp/File:ShiranuiKai.png
post,3151429,candidate,z23_(azur_lane),Retrofit,included_supporting_post,z23_(retrofit)_(azur_lane),https://danbooru.donmai.us/posts/3151429,https://azurlane.koumakan.jp/File:Z23Kai.png
post,3151490,candidate,haruna_(azur_lane),Base art,excluded_no_qualifying_form_evidence,,https://danbooru.donmai.us/posts/3151490,https://i.pximg.net/img-original/img/2018/06/07/14/00/00/69114390_p0.png
post,3162405,candidate,u-81_(azur_lane),Default,included_supporting_post,u-81_(azur_lane),https://danbooru.donmai.us/posts/3162405,https://azurlane.koumakan.jp/File:U-81.png
post,3165700,candidate,hatsushimo_(azur_lane),Base art,included_supporting_post,hatsushimo_(azur_lane),https://danbooru.donmai.us/posts/3165700,https://azurlane.koumakan.jp/File:Hatsushimo.png
post,3170273,candidate,i-19_(azur_lane),Departure's Gentle Breeze,included_supporting_post,i-19_(departure's_gentle_breeze)_(azur_lane),https://danbooru.donmai.us/posts/3170273,https://azurlane.koumakan.jp/File:I-19Kids.png
post,3170279,candidate,i-26_(azur_lane),Deep-Sea Rabbit,included_supporting_post,i-26_(deep-sea_rabbit)_(azur_lane),https://danbooru.donmai.us/posts/3170279,https://azurlane.koumakan.jp/File:I-26Kids.png
post,3170293,candidate,nevada_(azur_lane),Retrofit,included_supporting_post,nevada_(retrofit)_(azur_lane),https://danbooru.donmai.us/posts/3170293,https://azurlane.koumakan.jp/File:NevadaKai.png
post,3171227,candidate,belfast_(azur_lane),The Pledge of Claddagh,included_supporting_post,belfast_(the_pledge_of_claddagh)_(azur_lane),https://danbooru.donmai.us/posts/3171227,https://azurlane.koumakan.jp/File:BelfastWedding.png
post,3173409,candidate,prinz_eugen_(azur_lane),Symphonic Fate,included_supporting_post,prinz_eugen_(symphonic_fate)_(azur_lane),https://danbooru.donmai.us/posts/3173409,https://azurlane.koumakan.jp/File:Prinz_EugenWedding.png
post,3174339,candidate,z46_(azur_lane),Her First Summer,included_supporting_post,z46_(her_first_summer)_(azur_lane),https://danbooru.donmai.us/posts/3174339,https://azurlane.koumakan.jp/File:Z46Summer.png
post,3174341,candidate,u-47_(azur_lane),Default,included_supporting_post,u-47_(azur_lane),https://danbooru.donmai.us/posts/3174341,https://azurlane.koumakan.jp/File:U-47.png
post,3174344,candidate,u-47_(azur_lane),Rookie Rider,included_supporting_post,u-47_(rookie_rider)_(azur_lane),https://danbooru.donmai.us/posts/3174344,https://azurlane.koumakan.jp/File:U-47Bike.png
post,3174345,candidate,z25_(azur_lane),Default,included_supporting_post,z25_(azur_lane),https://danbooru.donmai.us/posts/3174345,https://azurlane.koumakan.jp/File:Z25.png
post,3174346,candidate,z25_(azur_lane),Hot Summer's Cool Breeze,included_supporting_post,z25_(hot_summer's_cool_breeze)_(azur_lane),https://danbooru.donmai.us/posts/3174346,https://azurlane.koumakan.jp/File:Z25Summer.png
post,3174347,candidate,z35_(azur_lane),Default,included_supporting_post,z35_(azur_lane),https://danbooru.donmai.us/posts/3174347,https://azurlane.koumakan.jp/File:Z35.png
post,3174348,candidate,u-557_(azur_lane),Default,included_supporting_post,u-557_(azur_lane),https://danbooru.donmai.us/posts/3174348,https://azurlane.koumakan.jp/File:U-557.png
post,3176705,candidate,koeln_(azur_lane),Default,excluded_no_qualifying_form_evidence,,https://danbooru.donmai.us/posts/3176705,https://azurlane.koumakan.jp/File:K%C3%B6ln.png
post,3176706,candidate,karlsruhe_(azur_lane),Default,included_supporting_post,karlsruhe_(azur_lane),https://danbooru.donmai.us/posts/3176706,https://azurlane.koumakan.jp/File:Karlsruhe.png
post,3181910,candidate,shouhou_(azur_lane),Base,included_supporting_post,shouhou_(azur_lane),https://danbooru.donmai.us/posts/3181910,https://azurlane.koumakan.jp/File:Shouhou.png
post,3181912,candidate,shouhou_(azur_lane),Kai,included_supporting_post,shouhou_(retrofit)_(azur_lane),https://danbooru.donmai.us/posts/3181912,https://azurlane.koumakan.jp/File:ShouhouKai.png
post,3182521,candidate,z18_(azur_lane),Default,included_supporting_post,z18_(azur_lane),https://danbooru.donmai.us/posts/3182521,https://twitter.com/azurlane_staff/status/1014809603421306881
post,3193463,candidate,nicholas_(azur_lane),Retrofit,included_supporting_post,nicholas_(retrofit)_(azur_lane),https://danbooru.donmai.us/posts/3193463,https://azurlane.koumakan.jp/w/images/2/23/NicholasKai.png
post,3194314,candidate,astoria_(azur_lane),Base art,excluded_no_qualifying_form_evidence,,https://danbooru.donmai.us/posts/3194314,https://azurlane.koumakan.jp/File:Astoria.png
post,3194316,candidate,astoria_(azur_lane),"Pure ""Gurl?""",excluded_no_qualifying_form_evidence,,https://danbooru.donmai.us/posts/3194316,https://azurlane.koumakan.jp/File:AstoriaSchool.png
post,3194317,candidate,quincy_(azur_lane),Default,included_supporting_post,quincy_(azur_lane),https://danbooru.donmai.us/posts/3194317,https://azurlane.koumakan.jp/File:Quincy.png
post,3194318,candidate,vincennes_(azur_lane),Default,included_supporting_post,vincennes_(azur_lane),https://danbooru.donmai.us/posts/3194318,https://azurlane.koumakan.jp/File:Vincennes.png
post,3194320,candidate,quincy_(azur_lane),"Sizzling Summer, Brisk Breeze",included_supporting_post,quincy_(sizzling_summer_brisk_breeze)_(azur_lane),https://danbooru.donmai.us/posts/3194320,https://azurlane.koumakan.jp/File:QuincySummer.png
post,3194321,candidate,vincennes_(azur_lane),Sweet Dreams,included_supporting_post,vincennes_(sweet_dreams)_(azur_lane),https://danbooru.donmai.us/posts/3194321,https://azurlane.koumakan.jp/File:VincennesSleepy.png
post,3199992,candidate,mutsu_(azur_lane),Old Design,excluded_no_qualifying_form_evidence,,https://danbooru.donmai.us/posts/3199992,https://twitter.com/mmmmmmzt/status/1021291519976693760
post,3202437,candidate,massachusetts_(azur_lane),Default,included_supporting_post,massachusetts_(azur_lane),https://danbooru.donmai.us/posts/3202437,https://azurlane.koumakan.jp/File:Massachusetts.png
post,3202439,candidate,dunkerque_(azur_lane),Default,included_supporting_post,dunkerque_(azur_lane),https://danbooru.donmai.us/posts/3202439,https://azurlane.koumakan.jp/File:Dunkerque.png
post,3202442,candidate,jean_bart_(azur_lane),Default,included_supporting_post,jean_bart_(azur_lane),https://danbooru.donmai.us/posts/3202442,https://azurlane.koumakan.jp/File:Jean_Bart.png
post,3202656,candidate,le_mars_(azur_lane),Default,included_supporting_post,le_mars_(azur_lane),https://danbooru.donmai.us/posts/3202656,https://azurlane.koumakan.jp/File:Le_Mars.png
post,3202662,candidate,le_mars_(azur_lane),Retrofit,included_supporting_post,le_mars_(retrofit)_(azur_lane),https://danbooru.donmai.us/posts/3202662,https://azurlane.koumakan.jp/File:Le_MarsKai.png
post,3202726,candidate,le_mars_(azur_lane),Été Brillant,excluded_no_qualifying_form_evidence,,https://danbooru.donmai.us/posts/3202726,https://azurlane.koumakan.jp/File:Le_MarsSummer.png
post,3203066,candidate,surcouf_(azur_lane),Default,included_supporting_post,surcouf_(azur_lane),https://danbooru.donmai.us/posts/3203066,https://azurlane.koumakan.jp/File:Surcouf.png
post,3203084,candidate,le_triomphant_(azur_lane),,excluded_no_qualifying_form_evidence,,https://danbooru.donmai.us/posts/3203084,https://azurlane.koumakan.jp/File:Le_Triomphant.png
post,3203107,candidate,emile_bertin_(azur_lane),Base art,excluded_no_qualifying_form_evidence,,https://danbooru.donmai.us/posts/3203107,https://azurlane.koumakan.jp/File:Emile_Bertin.png
post,3203115,candidate,emile_bertin_(azur_lane),Côte d'Azur,included_supporting_post,emile_bertin_(cote_d'azur)_(azur_lane),https://danbooru.donmai.us/posts/3203115,https://azurlane.koumakan.jp/File:Emile_BertinSummer.png
post,3203139,candidate,forbin_(azur_lane),Default,included_supporting_post,forbin_(azur_lane),https://danbooru.donmai.us/posts/3203139,https://azurlane.koumakan.jp/File:Forbin.png
post,3203160,candidate,forbin_(azur_lane),Retrofit,included_supporting_post,forbin_(retrofit)_(azur_lane),https://danbooru.donmai.us/posts/3203160,https://azurlane.koumakan.jp/File:ForbinKai.png
post,3203188,candidate,forbin_(azur_lane),Fleur Blanche,included_supporting_post,forbin_(fleur_blanche)_(azur_lane),https://danbooru.donmai.us/posts/3203188,https://azurlane.koumakan.jp/File:ForbinSummer.png
post,3209692,candidate,dunkerque_(azur_lane),Summer Sucre,included_supporting_post,dunkerque_(summer_sucre)_(azur_lane),https://danbooru.donmai.us/posts/3209692,https://azurlane.koumakan.jp/File:DunkerqueSummer.png
post,3210314,candidate,purifier_(azur_lane),Profile,excluded_no_qualifying_form_evidence,,https://danbooru.donmai.us/posts/3210314,https://azurlane.koumakan.jp/File:Siren_Purifier.png
post,3220382,candidate,tirpitz_(azur_lane),Snow-Melting Summer,included_supporting_post,tirpitz_(snow-melting_summer)_(azur_lane),https://danbooru.donmai.us/posts/3220382,https://azurlane.koumakan.jp/File:TirpitzSummer.png
post,3220386,candidate,vampire_(azur_lane),Little Devil in White,included_supporting_post,vampire_(little_devil_in_white)_(azur_lane),https://danbooru.donmai.us/posts/3220386,https://azurlane.koumakan.jp/File:VampireNurse.png
post,3225403,candidate,kagerou_(azur_lane),Retrofit,included_supporting_post,kagerou_(retrofit)_(azur_lane),https://danbooru.donmai.us/posts/3225403,https://azurlane.koumakan.jp/File:KagerouKai.png
post,3226624,candidate,ark_royal_(azur_lane),Coast Watcher,included_supporting_post,ark_royal_(coast_watcher)_(azur_lane),https://danbooru.donmai.us/posts/3226624,https://azurlane.koumakan.jp/File:Ark_RoyalSummer.png
post,3226625,candidate,javelin_(azur_lane),Beach Picnic!,excluded_no_qualifying_form_evidence,,https://danbooru.donmai.us/posts/3226625,https://azurlane.koumakan.jp/File:JavelinSummer.png
post,3230167,candidate,centaur_(azur_lane),Default,included_supporting_post,centaur_(azur_lane),https://danbooru.donmai.us/posts/3230167,https://azurlane.koumakan.jp/File:Centaur.png
post,3240489,candidate,hiei_(azur_lane),Moonlit Cruise,excluded_no_qualifying_form_evidence,,https://danbooru.donmai.us/posts/3240489,https://i.pximg.net/img-original/img/2018/08/31/00/00/51/70462925_p0.png
post,3240565,candidate,aoba_(azur_lane),Base art,included_supporting_post,aoba_(azur_lane),https://danbooru.donmai.us/posts/3240565,https://azurlane.koumakan.jp/File:Aoba.png
post,3240664,candidate,hamakaze_(azur_lane),The Honors Student,included_supporting_post,hamakaze_(the_honors_student)_(azur_lane),https://danbooru.donmai.us/posts/3240664,https://azurlane.koumakan.jp/File:HamakazeSchool.png
post,3240889,candidate,hyuuga_(azur_lane),Retrofit,included_supporting_post,hyuuga_(retrofit)_(azur_lane),https://danbooru.donmai.us/posts/3240889,https://azurlane.koumakan.jp/File:HyuugaKai.png
post,3240892,candidate,ise_(azur_lane),Retrofit,included_supporting_post,ise_(retrofit)_(azur_lane),https://danbooru.donmai.us/posts/3240892,https://azurlane.koumakan.jp/File:IseKai.png
post,3244877,candidate,fubuki_(azur_lane),Mascot Bucky,excluded_no_qualifying_form_evidence,,https://danbooru.donmai.us/posts/3244877,https://twitter.com/azurlane_staff/status/1035770531725725696
post,3247474,candidate,rodney_(azur_lane),One Day as a Trainee Clerk,excluded_no_qualifying_form_evidence,,https://danbooru.donmai.us/posts/3247474,https://azurlane.koumakan.jp/File:RodneyShop.png
post,3247477,candidate,vestal_(azur_lane),Revigorating Hestia,included_supporting_post,vestal_(revigorating_hestia)_(azur_lane),https://danbooru.donmai.us/posts/3247477,https://azurlane.koumakan.jp/File:VestalSummer.png
post,3253827,candidate,essex_(azur_lane),Default,included_supporting_post,essex_(azur_lane),https://danbooru.donmai.us/posts/3253827,https://azurlane.koumakan.jp/File:Essex.png
post,3253907,candidate,south_dakota_(azur_lane),Solo Concert,excluded_no_qualifying_form_evidence,,https://danbooru.donmai.us/posts/3253907,https://twitter.com/vanille_me/status/1040463500647133184
post,3254420,candidate,u-81_(azur_lane),Soft Serenade,excluded_no_qualifying_form_evidence,,https://danbooru.donmai.us/posts/3254420,https://azurlane.koumakan.jp/File:U-81Party.png
post,3254439,candidate,taihou_(azur_lane),Default,included_supporting_post,taihou_(azur_lane),https://danbooru.donmai.us/posts/3254439,https://azurlane.koumakan.jp/File:Taihou.png
post,3255467,candidate,albacore_(azur_lane),Default,included_supporting_post,albacore_(azur_lane),https://danbooru.donmai.us/posts/3255467,https://azurlane.koumakan.jp/File:Albacore.png
post,3256328,candidate,cleveland_(azur_lane),Gentry Knight,included_supporting_post,cleveland_(gentry_knight)_(azur_lane),https://danbooru.donmai.us/posts/3256328,https://azurlane.koumakan.jp/File:ClevelandParty.png
post,3256333,candidate,fubuki_(azur_lane),Music Pixy,included_supporting_post,fubuki_(music_pixy)_(azur_lane),https://danbooru.donmai.us/posts/3256333,https://azurlane.koumakan.jp/File:FubukiParty.png
post,3256336,candidate,illustrious_(azur_lane),Illustrious Ball,included_supporting_post,illustrious_(illustrious_ball)_(azur_lane),https://danbooru.donmai.us/posts/3256336,https://azurlane.koumakan.jp/File:IllustriousParty.png
post,3256337,candidate,akashi_(azur_lane),The Black Cat Cometh!,excluded_no_qualifying_form_evidence,,https://danbooru.donmai.us/posts/3256337,https://azurlane.koumakan.jp/File:AkashiParty.png
post,3256340,candidate,le_temeraire_(azur_lane),Default,included_supporting_post,le_temeraire_(azur_lane),https://danbooru.donmai.us/posts/3256340,https://azurlane.koumakan.jp/File:Le_Temeraire.png
post,3256343,candidate,queen_elizabeth_(azur_lane),The Queen's Ball,included_supporting_post,queen_elizabeth_(the_queen's_ball)_(azur_lane),https://danbooru.donmai.us/posts/3256343,https://azurlane.koumakan.jp/File:Queen_ElizabethParty.png
post,3256645,candidate,taihou_(azur_lane),Forbidden Fruit,included_supporting_post,taihou_(forbidden_fruit)_(azur_lane),https://danbooru.donmai.us/posts/3256645,https://azurlane.koumakan.jp/File:TaihouParty.png
post,3256646,candidate,ajax_(azur_lane),Party Queen,included_supporting_post,ajax_(party_queen)_(azur_lane),https://danbooru.donmai.us/posts/3256646,https://azurlane.koumakan.jp/File:AjaxParty.png
post,3260659,candidate,takao_(azur_lane),Sakura Hanami,excluded_no_qualifying_form_evidence,,https://danbooru.donmai.us/posts/3260659,https://twitter.com/Sibylart/status/1043066379572633600
post,3261167,candidate,kaga_(azur_lane),Sacred Blue Lily,included_supporting_post,kaga_(sacred_blue_lily)_(azur_lane),https://danbooru.donmai.us/posts/3261167,https://azurlane.koumakan.jp/File:KagaWedding.png
post,3261168,candidate,yamashiro_(azur_lane),Dressy Black Cat,included_supporting_post,yamashiro_(dressy_black_cat)_(azur_lane),https://danbooru.donmai.us/posts/3261168,https://azurlane.koumakan.jp/File:YamashiroParty.png
post,3261169,candidate,yuudachi_(azur_lane),The Bride of Solomon,included_supporting_post,yuudachi_(the_bride_of_solomon)_(azur_lane),https://danbooru.donmai.us/posts/3261169,https://azurlane.koumakan.jp/File:YuudachiWedding.png
post,3261170,candidate,arashio_(azur_lane),Base art,included_supporting_post,arashio_(azur_lane),https://danbooru.donmai.us/posts/3261170,https://azurlane.koumakan.jp/File:Arashio.png
post,3261172,candidate,ayanami_(azur_lane),Demon's Finest Dress,included_supporting_post,ayanami_(demon's_finest_dress)_(azur_lane),https://danbooru.donmai.us/posts/3261172,https://azurlane.koumakan.jp/File:AyanamiWedding.png
post,3269639,candidate,san_diego_(azur_lane),Retrofit,included_supporting_post,san_diego_(retrofit)_(azur_lane),https://danbooru.donmai.us/posts/3269639,https://azurlane.koumakan.jp/File:San_DiegoKai.png
post,3272397,candidate,amazon_(azur_lane),Little Orchestra,excluded_no_qualifying_form_evidence,,https://danbooru.donmai.us/posts/3272397,https://i.pximg.net/img-original/img/2018/10/01/01/15/38/70961484_p0.png
post,3272610,candidate,akatsuki_(azur_lane),Akatsuki Goes North,included_supporting_post,akatsuki_(akatsuki_goes_north)_(azur_lane),https://danbooru.donmai.us/posts/3272610,https://azurlane.koumakan.jp/File:AkatsukiCamp.png
post,3272611,candidate,newcastle_(azur_lane),Default,included_supporting_post,newcastle_(azur_lane),https://danbooru.donmai.us/posts/3272611,https://azurlane.koumakan.jp/File:Newcastle.png
post,3272612,candidate,newcastle_(azur_lane),Retrofit,included_supporting_post,newcastle_(retrofit)_(azur_lane),https://danbooru.donmai.us/posts/3272612,https://azurlane.koumakan.jp/File:NewcastleKai.png
post,3272705,candidate,newcastle_(azur_lane),Hibiscus Garments,included_supporting_post,newcastle_(hibiscus_garments)_(azur_lane),https://danbooru.donmai.us/posts/3272705,https://azurlane.koumakan.jp/File:NewcastleFlower.png
post,3283403,candidate,honolulu_(azur_lane),Summer Accident?!,excluded_no_qualifying_form_evidence,,https://danbooru.donmai.us/posts/3283403,https://azurlane.koumakan.jp/File:HonoluluSummer.png
post,3283404,candidate,jintsuu_(azur_lane),The Tactician's Vacation,included_supporting_post,jintsuu_(the_tactician's_vacation)_(azur_lane),https://danbooru.donmai.us/posts/3283404,https://azurlane.koumakan.jp/w/images/f/f0/JintsuuSummer.png
post,3293337,candidate,haruna_(azur_lane),Free Time Before Class,excluded_no_qualifying_form_evidence,,https://danbooru.donmai.us/posts/3293337,https://i.pximg.net/img-original/img/2018/10/21/20/00/36/71286933_p0.jpg
post,3293540,candidate,memphis_(azur_lane),Default,included_supporting_post,memphis_(azur_lane),https://danbooru.donmai.us/posts/3293540,https://azurlane.koumakan.jp/File:Memphis.png
post,3295479,candidate,hood_(azur_lane),Default,included_supporting_post,hood_(azur_lane),https://danbooru.donmai.us/posts/3295479,https://azurlane.koumakan.jp/File:Hood.png
post,3297352,candidate,hobby_(azur_lane),Little Idol Schoolgirl,included_supporting_post,hobby_(little_idol_schoolgirl)_(azur_lane),https://danbooru.donmai.us/posts/3297352,https://azurlane.koumakan.jp/File:HobbySchool.png
post,3297356,candidate,kalk_(azur_lane),Snow Fairy Schoolgirl,included_supporting_post,kalk_(snow_fairy_schoolgirl)_(azur_lane),https://danbooru.donmai.us/posts/3297356,https://azurlane.koumakan.jp/File:KalkSchool.png
post,3297362,candidate,hobby_(azur_lane),Base art,included_supporting_post,hobby_(azur_lane),https://danbooru.donmai.us/posts/3297362,https://azurlane.koumakan.jp/File:Hobby.png
post,3297363,candidate,kalk_(azur_lane),Default,included_supporting_post,kalk_(azur_lane),https://danbooru.donmai.us/posts/3297363,https://azurlane.koumakan.jp/File:Kalk.png
post,3297425,candidate,minneapolis_(azur_lane),Wild Huntress Schoolgirl,included_supporting_post,minneapolis_(wild_huntress_schoolgirl)_(azur_lane),https://danbooru.donmai.us/posts/3297425,https://azurlane.koumakan.jp/File:MinneapolisSchool.png
post,3297427,candidate,maryland_(azur_lane),Current Design,included_supporting_post,maryland_(azur_lane),https://danbooru.donmai.us/posts/3297427,https://azurlane.koumakan.jp/File:Maryland.png
post,3297428,candidate,colorado_(azur_lane),Default,included_supporting_post,colorado_(azur_lane),https://danbooru.donmai.us/posts/3297428,https://azurlane.koumakan.jp/File:Colorado.png
post,3297429,candidate,minneapolis_(azur_lane),Default,included_supporting_post,minneapolis_(azur_lane),https://danbooru.donmai.us/posts/3297429,https://azurlane.koumakan.jp/File:Minneapolis.png
post,3299637,candidate,washington_(azur_lane),Base Art,excluded_no_qualifying_form_evidence,,https://danbooru.donmai.us/posts/3299637,https://i.pximg.net/img-original/img/2018/10/28/12/09/03/71383617_p0.jpg
post,3302660,candidate,terror_(azur_lane),Halloween Terror,included_supporting_post,terror_(halloween_terror)_(azur_lane),https://danbooru.donmai.us/posts/3302660,https://azurlane.koumakan.jp/File:TerrorHalloween.png
post,3302662,candidate,bailey_(azur_lane),Trickster Black Rabbit,included_supporting_post,bailey_(trickster_black_rabbit)_(azur_lane),https://danbooru.donmai.us/posts/3302662,https://azurlane.koumakan.jp/File:BaileyHalloween.png
post,3302664,candidate,isuzu_(azur_lane),Night of Fairy Tale,included_supporting_post,isuzu_(night_of_fairy_tale)_(azur_lane),https://danbooru.donmai.us/posts/3302664,https://azurlane.koumakan.jp/File:IsuzuHalloween.png
post,3302666,candidate,nelson_(azur_lane),Luna Witch,included_supporting_post,nelson_(luna_witch)_(azur_lane),https://danbooru.donmai.us/posts/3302666,https://azurlane.koumakan.jp/File:NelsonHalloween.png
post,3314487,candidate,concord_(azur_lane),Base art,excluded_no_qualifying_form_evidence,,https://danbooru.donmai.us/posts/3314487,https://i.pximg.net/img-original/img/2018/11/12/00/03/01/71616511_p0.png
post,3317611,candidate,concord_(azur_lane),Red Apple Candy,included_supporting_post,concord_(red_apple_candy)_(azur_lane),https://danbooru.donmai.us/posts/3317611,https://azurlane.koumakan.jp/File:ConcordYukata.png
post,3325142,candidate,jersey_(azur_lane),Default,included_supporting_post,jersey_(azur_lane),https://danbooru.donmai.us/posts/3325142,https://azurlane.koumakan.jp/file:jersey.png
post,3347966,candidate,admiral_graf_spee_(azur_lane),Peaceful Daily Life,included_supporting_post,admiral_graf_spee_(peaceful_daily_life)_(azur_lane),https://danbooru.donmai.us/posts/3347966,https://azurlane.koumakan.jp/File:Admiral_Graf.SpeeEvent2.png
post,3356511,candidate,nagatsuki_(azur_lane),Default,included_supporting_post,nagatsuki_(azur_lane),https://danbooru.donmai.us/posts/3356511,https://azurlane.koumakan.jp/File:Nagatsuki.png
post,3356512,candidate,honolulu_(azur_lane),Manjuu Mischief,included_supporting_post,honolulu_(manjuu_mischief)_(azur_lane),https://danbooru.donmai.us/posts/3356512,https://azurlane.koumakan.jp/File:HonoluluChristmas.png
post,3356513,candidate,ooshio_(azur_lane),The Reindeer's Present,included_supporting_post,ooshio_(the_reindeer's_present)_(azur_lane),https://danbooru.donmai.us/posts/3356513,https://azurlane.koumakan.jp/File:OoshioChristmas.png
post,3356515,candidate,urakaze_(azur_lane),Seasonal Shogun,included_supporting_post,urakaze_(seasonal_shogun)_(azur_lane),https://danbooru.donmai.us/posts/3356515,https://azurlane.koumakan.jp/File:UrakazeChristmas.png
post,3356517,candidate,nicholas_(azur_lane),Surprise!?,excluded_no_qualifying_form_evidence,,https://danbooru.donmai.us/posts/3356517,https://azurlane.koumakan.jp/File:NicholasChristmas.png
post,3356518,candidate,warspite_(azur_lane),Christmas Warrior,included_supporting_post,warspite_(christmas_warrior)_(azur_lane),https://danbooru.donmai.us/posts/3356518,https://azurlane.koumakan.jp/File:WarspiteChristmas.png
post,3356519,candidate,york_(azur_lane),Retrofit,included_supporting_post,york_(retrofit)_(azur_lane),https://danbooru.donmai.us/posts/3356519,https://azurlane.koumakan.jp/File:YorkKai.png
post,3363252,candidate,naka_(azur_lane),Default,included_supporting_post,naka_(azur_lane),https://danbooru.donmai.us/posts/3363252,https://azurlane.koumakan.jp/File:Naka.png
post,3364910,candidate,montpelier_(azur_lane),Flower of the Snowy Night,included_supporting_post,montpelier_(flower_of_the_snowy_night)_(azur_lane),https://danbooru.donmai.us/posts/3364910,https://azurlane.koumakan.jp/File:MontpelierNew_Year.png
post,3364919,candidate,izumo_(azur_lane),Izumo's Thousand Cherry Trees,included_supporting_post,izumo_(izumo's_thousand_cherry_trees)_(azur_lane),https://danbooru.donmai.us/posts/3364919,https://azurlane.koumakan.jp/File:IzumoNew_Year.png
post,3364920,candidate,helena_(azur_lane),New Year's Bluebird,included_supporting_post,helena_(new_year's_bluebird)_(azur_lane),https://danbooru.donmai.us/posts/3364920,https://azurlane.koumakan.jp/File:HelenaNew_Year.png
post,3364961,candidate,hiryuu_(azur_lane),Retrofit,included_supporting_post,hiryuu_(retrofit)_(azur_lane),https://danbooru.donmai.us/posts/3364961,https://azurlane.koumakan.jp/File:HiryuuKai.png
post,3364962,candidate,eldridge_(azur_lane),New Year's Outing,included_supporting_post,eldridge_(new_year's_outing)_(azur_lane),https://danbooru.donmai.us/posts/3364962,https://azurlane.koumakan.jp/File:EldridgeNew_Year.png
post,3364964,candidate,isokaze_(azur_lane),New Year's Campaign,included_supporting_post,isokaze_(new_year's_campaign)_(azur_lane),https://danbooru.donmai.us/posts/3364964,https://azurlane.koumakan.jp/File:IsokazeNew_Year.png
post,3364965,candidate,cleveland_(azur_lane),Heartfelt Moment,included_supporting_post,cleveland_(heartfelt_moment)_(azur_lane),https://danbooru.donmai.us/posts/3364965,https://azurlane.koumakan.jp/File:ClevelandWedding.png
post,3364966,candidate,kaga_(azur_lane),Battleship,excluded_no_qualifying_form_evidence,,https://danbooru.donmai.us/posts/3364966,https://azurlane.koumakan.jp/File:Kaga_(Battleship).png
post,3364967,candidate,cygnet_(azur_lane),Winter Date,included_supporting_post,cygnet_(winter_date)_(azur_lane),https://danbooru.donmai.us/posts/3364967,https://azurlane.koumakan.jp/File:CygnetNew_Year.png
post,3364969,candidate,ashigara_(azur_lane),Default,included_supporting_post,ashigara_(azur_lane),https://danbooru.donmai.us/posts/3364969,https://azurlane.koumakan.jp/File:Ashigara.png
post,3364970,candidate,ashigara_(azur_lane),Brief Intermission,included_supporting_post,ashigara_(brief_intermission)_(azur_lane),https://danbooru.donmai.us/posts/3364970,https://azurlane.koumakan.jp/File:AshigaraNew_Year.png
post,3364971,candidate,prince_of_wales_(azur_lane),Sakura Elegance,included_supporting_post,prince_of_wales_(sakura_elegance)_(azur_lane),https://danbooru.donmai.us/posts/3364971,https://azurlane.koumakan.jp/File:Prince_of_WalesNew_Year.png
post,3364974,candidate,amagi_(azur_lane),Default,excluded_no_qualifying_form_evidence,,https://danbooru.donmai.us/posts/3364974,https://azurlane.koumakan.jp/File:Amagi.png
post,3364975,candidate,st._louis_(azur_lane),Spirits in the Snow,excluded_no_qualifying_form_evidence,,https://danbooru.donmai.us/posts/3364975,https://azurlane.koumakan.jp/File:St._LouisNew_Year.png
post,3364976,candidate,hatakaze_(azur_lane),Base art,included_supporting_post,hatakaze_(azur_lane),https://danbooru.donmai.us/posts/3364976,https://azurlane.koumakan.jp/File:Hatakaze.png
post,3384652,candidate,hatsuharu_(azur_lane),Snow Day Hatsuharu,included_supporting_post,hatsuharu_(snow_day_hatsuharu)_(azur_lane),https://danbooru.donmai.us/posts/3384652,https://azurlane.koumakan.jp/File:HatsuharuSnow.png
post,3384653,candidate,yuudachi_(azur_lane),Meat Bun Hunter,excluded_no_qualifying_form_evidence,,https://danbooru.donmai.us/posts/3384653,https://azurlane.koumakan.jp/File:YuudachiShop.png
post,3388879,candidate,atago_(azur_lane),Lily-White Vow,excluded_no_qualifying_form_evidence,,https://danbooru.donmai.us/posts/3388879,https://i.pximg.net/img-original/img/2019/01/19/13/47/24/72734202_p0.png
post,3393745,candidate,vincennes_(azur_lane),Leisurely ABC's,excluded_no_qualifying_form_evidence,,https://danbooru.donmai.us/posts/3393745,https://azurlane.koumakan.jp/File:VincennesSchool.png
post,3393913,candidate,grenville_(azur_lane),Default,included_supporting_post,grenville_(azur_lane),https://danbooru.donmai.us/posts/3393913,https://azurlane.koumakan.jp/w/images/f/f1/Grenville.png
post,3400877,candidate,sirius_(azur_lane),Default,included_supporting_post,sirius_(azur_lane),https://danbooru.donmai.us/posts/3400877,https://azurlane.koumakan.jp/File:Sirius.png
post,3400878,candidate,sirius_(azur_lane),White Rose,included_supporting_post,sirius_(white_rose)_(azur_lane),https://danbooru.donmai.us/posts/3400878,https://azurlane.koumakan.jp/File:SiriusParty.png
post,3400879,candidate,jamaica_(azur_lane),Dark Bolt,included_supporting_post,jamaica_(dark_bolt)_(azur_lane),https://danbooru.donmai.us/posts/3400879,https://azurlane.koumakan.jp/File:JamaicaCasual.png
post,3400880,candidate,victorious_(azur_lane),The Goddess' Day Off,included_supporting_post,victorious_(the_goddess'_day_off)_(azur_lane),https://danbooru.donmai.us/posts/3400880,https://azurlane.koumakan.jp/File:VictoriousCasual.png
post,3400881,candidate,duke_of_york_(azur_lane),Eternal Night's Carola,included_supporting_post,duke_of_york_(eternal_night's_carola)_(azur_lane),https://danbooru.donmai.us/posts/3400881,https://azurlane.koumakan.jp/File:Duke_of_YorkParty.png
post,3404303,candidate,yuugure_(azur_lane),Twilight Blossom,included_supporting_post,yuugure_(twilight_blossom)_(azur_lane),https://danbooru.donmai.us/posts/3404303,https://azurlane.koumakan.jp/File:YuugureSpring.png
post,3404304,candidate,yukikaze_(azur_lane),The Warmth of Spring,included_supporting_post,yukikaze_(the_warmth_of_spring)_(azur_lane),https://danbooru.donmai.us/posts/3404304,https://azurlane.koumakan.jp/File:YukikazeWedding.png
post,3404305,candidate,chaser_(azur_lane),The Way of the Dragon Empery,included_supporting_post,chaser_(the_way_of_the_dragon_empery)_(azur_lane),https://danbooru.donmai.us/posts/3404305,https://azurlane.koumakan.jp/File:ChaserSpring.png
post,3404306,candidate,chaser_(azur_lane),Base art,excluded_no_qualifying_form_evidence,,https://danbooru.donmai.us/posts/3404306,https://azurlane.koumakan.jp/File:Chaser.png
post,3404322,candidate,lexington_(azur_lane),The Beauty of Spring,included_supporting_post,lexington_(the_beauty_of_spring)_(azur_lane),https://danbooru.donmai.us/posts/3404322,https://azurlane.koumakan.jp/File:LexingtonSpring.png
post,3404326,candidate,belfast_(azur_lane),Iridescent Rosa,included_supporting_post,belfast_(iridescent_rosa)_(azur_lane),https://danbooru.donmai.us/posts/3404326,https://azurlane.koumakan.jp/File:BelfastSpring.png
post,3404328,candidate,ayanami_(azur_lane),Lunar Demon,included_supporting_post,ayanami_(lunar_demon)_(azur_lane),https://danbooru.donmai.us/posts/3404328,https://azurlane.koumakan.jp/File:AyanamiSpring.png
post,3406068,candidate,tai_yuan_(azur_lane),The Golden Dragon's Festivities,included_supporting_post,tai_yuan_(the_golden_dragon's_festivities)_(azur_lane),https://danbooru.donmai.us/posts/3406068,https://azurlane.koumakan.jp/File:Tai_YuanSpring.png
post,3406069,candidate,kimberly_(azur_lane),Style of the East,included_supporting_post,kimberly_(style_of_the_east)_(azur_lane),https://danbooru.donmai.us/posts/3406069,https://azurlane.koumakan.jp/File:KimberlySpring.png
post,3406071,candidate,enterprise_(azur_lane),Blooming Peony,included_supporting_post,enterprise_(blooming_peony)_(azur_lane),https://danbooru.donmai.us/posts/3406071,https://azurlane.koumakan.jp/File:EnterpriseSpring.png
post,3406072,candidate,curacoa_(azur_lane),Base art,excluded_no_qualifying_form_evidence,,https://danbooru.donmai.us/posts/3406072,https://azurlane.koumakan.jp/File:Curacoa.png
post,3406073,candidate,mullany_(azur_lane),Eastern Etiquette,included_supporting_post,mullany_(eastern_etiquette)_(azur_lane),https://danbooru.donmai.us/posts/3406073,https://azurlane.koumakan.jp/File:MullanySpring.png
post,3406076,candidate,centaur_(azur_lane),Sprightly Spring Wind,included_supporting_post,centaur_(sprightly_spring_wind)_(azur_lane),https://danbooru.donmai.us/posts/3406076,https://azurlane.koumakan.jp/File:CentaurSpring.png
post,3406077,candidate,laffey_(azur_lane),White Rabbit Welcomes the Spring,included_supporting_post,laffey_(white_rabbit_welcomes_the_spring)_(azur_lane),https://danbooru.donmai.us/posts/3406077,https://azurlane.koumakan.jp/File:LaffeySpring.png
post,3406080,candidate,mullany_(azur_lane),Default,included_supporting_post,mullany_(azur_lane),https://danbooru.donmai.us/posts/3406080,https://azurlane.koumakan.jp/File:Mullany.png
post,3406082,candidate,curlew_(azur_lane),Rhythm of the Dragon Empery,included_supporting_post,curlew_(rhythm_of_the_dragon_empery)_(azur_lane),https://danbooru.donmai.us/posts/3406082,https://azurlane.koumakan.jp/File:CurlewSpring.png
post,3406083,candidate,curacoa_(azur_lane),Eastern Grace,included_supporting_post,curacoa_(eastern_grace)_(azur_lane),https://danbooru.donmai.us/posts/3406083,https://azurlane.koumakan.jp/File:CuracoaSpring.png
post,3406085,candidate,curlew_(azur_lane),Base art,included_supporting_post,curlew_(azur_lane),https://danbooru.donmai.us/posts/3406085,https://azurlane.koumakan.jp/File:Curlew.png
post,3406086,candidate,kimberly_(azur_lane),Default,included_supporting_post,kimberly_(azur_lane),https://danbooru.donmai.us/posts/3406086,https://azurlane.koumakan.jp/File:Kimberly.png
post,3406087,candidate,warspite_(azur_lane),Retrofit,included_supporting_post,warspite_(retrofit)_(azur_lane),https://danbooru.donmai.us/posts/3406087,https://azurlane.koumakan.jp/File:WarspiteKai.png
post,3406711,candidate,takao_(azur_lane),The Lessons of Spring,excluded_no_qualifying_form_evidence,,https://danbooru.donmai.us/posts/3406711,https://twitter.com/AzurLane_EN/status/1092498022607585286
post,3423924,candidate,sims_(azur_lane),Retrofit,included_supporting_post,sims_(retrofit)_(azur_lane),https://danbooru.donmai.us/posts/3423924,https://azurlane.koumakan.jp/File:SimsKai.png
post,3427401,candidate,yamashiro_(azur_lane),Bridal Attack!,excluded_no_qualifying_form_evidence,,https://danbooru.donmai.us/posts/3427401,https://azurlane.koumakan.jp/File:YamashiroWedding.png
post,3427402,candidate,unicorn_(azur_lane),Long-awaited Date,included_supporting_post,unicorn_(long-awaited_date)_(azur_lane),https://danbooru.donmai.us/posts/3427402,https://azurlane.koumakan.jp/File:UnicornCasual.png
post,3427403,candidate,javelin_(azur_lane),Blissful Purity,included_supporting_post,javelin_(blissful_purity)_(azur_lane),https://danbooru.donmai.us/posts/3427403,https://azurlane.koumakan.jp/File:JavelinWedding.png
post,3438389,candidate,hardy_(azur_lane),Base art,included_supporting_post,hardy_(azur_lane),https://danbooru.donmai.us/posts/3438389,https://azurlane.koumakan.jp/File:Hardy.png
post,3453443,candidate,cygnet_(azur_lane),An Offer To Be Maid,included_supporting_post,cygnet_(an_offer_to_be_maid)_(azur_lane),https://danbooru.donmai.us/posts/3453443,https://azurlane.koumakan.jp/File:CygnetMaid.png
post,3456113,candidate,indianapolis_(azur_lane),At School With My Sister...,excluded_no_qualifying_form_evidence,,https://danbooru.donmai.us/posts/3456113,https://azurlane.koumakan.jp/File:IndianapolisSchool.png
post,3456114,candidate,shangri-la_(azur_lane),Utopia's Collector,included_supporting_post,shangri-la_(utopia's_collector)_(azur_lane),https://danbooru.donmai.us/posts/3456114,https://azurlane.koumakan.jp/File:Shangri-LaCasual.png
post,3456116,candidate,shangri-la_(azur_lane),Default,included_supporting_post,shangri-la_(azur_lane),https://danbooru.donmai.us/posts/3456116,https://azurlane.koumakan.jp/File:Shangri-La.png
post,3456117,candidate,hunter_(azur_lane),Default,included_supporting_post,hunter_(azur_lane),https://danbooru.donmai.us/posts/3456117,https://azurlane.koumakan.jp/File:Hunter.png
post,3456119,candidate,portland_(azur_lane),At School With Indy!,excluded_no_qualifying_form_evidence,,https://danbooru.donmai.us/posts/3456119,https://azurlane.koumakan.jp/File:PortlandSchool.png
post,3456131,candidate,dewey_(azur_lane),Default,included_supporting_post,dewey_(azur_lane),https://danbooru.donmai.us/posts/3456131,https://azurlane.koumakan.jp/File:Dewey.png
post,3457118,candidate,bunker_hill_(azur_lane),Default,included_supporting_post,bunker_hill_(azur_lane),https://danbooru.donmai.us/posts/3457118,https://azurlane.koumakan.jp/File:Bunker_Hill.png
post,3460009,candidate,saratoga_(azur_lane),Hibiscus-scented Idol,included_supporting_post,saratoga_(hibiscus-scented_idol)_(azur_lane),https://danbooru.donmai.us/posts/3460009,https://azurlane.koumakan.jp/File:SaratogaHanbok.png
post,3460011,candidate,illustrious_(azur_lane),Resplendent Hibiscus,included_supporting_post,illustrious_(resplendent_hibiscus)_(azur_lane),https://danbooru.donmai.us/posts/3460011,https://azurlane.koumakan.jp/File:IllustriousHanbok.png
post,3460014,candidate,mutsu_(azur_lane),Warring States Warship,included_supporting_post,mutsu_(warring_states_warship)_(azur_lane),https://danbooru.donmai.us/posts/3460014,https://azurlane.koumakan.jp/File:MutsuEvent.png
post,3460017,candidate,suzuya_(azur_lane),Default,included_supporting_post,suzuya_(azur_lane),https://danbooru.donmai.us/posts/3460017,https://azurlane.koumakan.jp/File:Suzuya.png
post,3460018,candidate,i-13_(azur_lane),Default,included_supporting_post,i-13_(azur_lane),https://danbooru.donmai.us/posts/3460018,https://azurlane.koumakan.jp/File:I-13.png
post,3469081,candidate,nagato_(azur_lane),Great Fox's Respite,included_supporting_post,nagato_(great_fox's_respite)_(azur_lane),https://danbooru.donmai.us/posts/3469081,https://azurlane.koumakan.jp/File:NagatoSleepy.png
post,3469217,candidate,yuubari_(azur_lane),Retrofit,included_supporting_post,yuubari_(retrofit)_(azur_lane),https://danbooru.donmai.us/posts/3469217,https://azurlane.koumakan.jp/File:YuubariKai.png
post,3479409,candidate,azuma_(azur_lane),Default,excluded_no_qualifying_form_evidence,,https://danbooru.donmai.us/posts/3479409,https://i.pximg.net/img-original/img/2019/04/15/07/28/45/74212712_p0.png
post,3480680,candidate,seattle_(azur_lane),Default,included_supporting_post,seattle_(azur_lane),https://danbooru.donmai.us/posts/3480680,https://azurlane.koumakan.jp/File:Seattle.png
post,3480682,candidate,gascogne_(azur_lane),Default,included_supporting_post,gascogne_(azur_lane),https://danbooru.donmai.us/posts/3480682,https://azurlane.koumakan.jp/File:Gascogne.png
post,3480684,candidate,georgia_(azur_lane),Default,included_supporting_post,georgia_(azur_lane),https://danbooru.donmai.us/posts/3480684,https://azurlane.koumakan.jp/File:Georgia.png
post,3480687,candidate,kitakaze_(azur_lane),Default,included_supporting_post,kitakaze_(azur_lane),https://danbooru.donmai.us/posts/3480687,https://azurlane.koumakan.jp/File:Kitakaze.png
post,3480690,candidate,friedrich_der_grosse_(azur_lane),Default,included_supporting_post,friedrich_der_grosse_(azur_lane),https://danbooru.donmai.us/posts/3480690,https://azurlane.koumakan.jp/File:Friedrich_der_Grosse.png
post,3488796,candidate,z23_(azur_lane),Perfect Smile?,excluded_no_qualifying_form_evidence,,https://danbooru.donmai.us/posts/3488796,https://azurlane.koumakan.jp/w/images/c/c1/Z23CoCo.png
post,3488797,candidate,kisaragi_(azur_lane),Retrofit,included_supporting_post,kisaragi_(retrofit)_(azur_lane),https://danbooru.donmai.us/posts/3488797,https://azurlane.koumakan.jp/File:KisaragiKai.png
post,3488801,candidate,saratoga_(azur_lane),Virtual Idol,included_supporting_post,saratoga_(virtual_idol)_(azur_lane),https://danbooru.donmai.us/posts/3488801,https://azurlane.koumakan.jp/File:SaratogaKizuna.png
post,3488805,candidate,akagi_(azur_lane);akagi-chan_(azur_lane),Akagi-chan;Default,included_supporting_post,akagi-chan_(azur_lane),https://danbooru.donmai.us/posts/3488805,https://azurlane.koumakan.jp/File:Akagi-chan.png
post,3488809,candidate,ayanami_(azur_lane),Grade A Sailor Uniform,included_supporting_post,ayanami_(grade_a_sailor_uniform)_(azur_lane),https://danbooru.donmai.us/posts/3488809,https://azurlane.koumakan.jp/File:AyanamiCoCo.png
post,3488812,candidate,javelin_(azur_lane),Let's Become Waitresses!,excluded_no_qualifying_form_evidence,,https://danbooru.donmai.us/posts/3488812,https://azurlane.koumakan.jp/File:JavelinCoCo.png
post,3488819,candidate,zeppy_(azur_lane),Default,included_supporting_post,zeppy_(azur_lane),https://danbooru.donmai.us/posts/3488819,https://azurlane.koumakan.jp/File:Zeppy.png
post,3488824,candidate,laffey_(azur_lane),Bunny Clerk?,excluded_no_qualifying_form_evidence,,https://danbooru.donmai.us/posts/3488824,https://azurlane.koumakan.jp/File:LaffeyCoCo.png
post,3488834,candidate,an_shan_(azur_lane),The Cornett of Peace,excluded_no_qualifying_form_evidence,,https://danbooru.donmai.us/posts/3488834,https://azurlane.koumakan.jp/File:An_ShanNavy.png
post,3502919,candidate,memphis_(azur_lane),Casual Vacation,included_supporting_post,memphis_(casual_vacation)_(azur_lane),https://danbooru.donmai.us/posts/3502919,https://azurlane.koumakan.jp/File:MemphisCasual.png
post,3510495,candidate,fusou_(azur_lane),Perfect Partner?,excluded_no_qualifying_form_evidence,,https://danbooru.donmai.us/posts/3510495,https://i.pximg.net/img-original/img/2019/05/18/03/21/54/74776863_p0.jpg
post,3514334,candidate,akashi_(azur_lane),Welcome to Azurcon!,excluded_no_qualifying_form_evidence,,https://danbooru.donmai.us/posts/3514334,https://azurlane.koumakan.jp/File:AkashiEvent.png
post,3514336,candidate,u-556_(azur_lane),Default,included_supporting_post,u-556_(azur_lane),https://danbooru.donmai.us/posts/3514336,https://azurlane.koumakan.jp/File:U-556.png
post,3515600,candidate,z36_(azur_lane),Default,included_supporting_post,z36_(azur_lane),https://danbooru.donmai.us/posts/3515600,https://azurlane.koumakan.jp/File:Z36.png
post,3515601,candidate,king_george_v_(azur_lane),Default,included_supporting_post,king_george_v_(azur_lane),https://danbooru.donmai.us/posts/3515601,https://azurlane.koumakan.jp/File:King_George_V.png
post,3515602,candidate,echo_(azur_lane),Default,included_supporting_post,echo_(azur_lane),https://danbooru.donmai.us/posts/3515602,https://azurlane.koumakan.jp/File:Echo.png
post,3515606,candidate,u-73_(azur_lane),Default,included_supporting_post,u-73_(azur_lane),https://danbooru.donmai.us/posts/3515606,https://azurlane.koumakan.jp/File:U-73.png
post,3515608,candidate,u-556_(azur_lane),Party Knight!,excluded_no_qualifying_form_evidence,,https://danbooru.donmai.us/posts/3515608,https://azurlane.koumakan.jp/File:U-556Party.png
post,3515610,candidate,koeln_(azur_lane),Retrofit,excluded_no_qualifying_form_evidence,,https://danbooru.donmai.us/posts/3515610,https://azurlane.koumakan.jp/File:K%C3%B6lnKai.png
post,3515849,candidate,u-73_(azur_lane),Science Rules!,excluded_no_qualifying_form_evidence,,https://danbooru.donmai.us/posts/3515849,https://azurlane.koumakan.jp/File:U-73School.png
post,3522790,candidate,yorktown_(azur_lane),Evening I Can't Remember,included_supporting_post,yorktown_(evening_i_can't_remember)_(azur_lane),https://danbooru.donmai.us/posts/3522790,https://azurlane.koumakan.jp/File:YorktownParty.png
post,3522792,candidate,ark_royal_(azur_lane),Guardian Of The Ball,included_supporting_post,ark_royal_(guardian_of_the_ball)_(azur_lane),https://danbooru.donmai.us/posts/3522792,https://azurlane.koumakan.jp/File:Ark_RoyalParty.png
post,3522794,candidate,georgia_(azur_lane),South Town Pearl,included_supporting_post,georgia_(south_town_pearl)_(azur_lane),https://danbooru.donmai.us/posts/3522794,https://azurlane.koumakan.jp/File:GeorgiaParty.png
post,3522796,candidate,yuugure_(azur_lane),Evening Flower,included_supporting_post,yuugure_(evening_flower)_(azur_lane),https://danbooru.donmai.us/posts/3522796,https://azurlane.koumakan.jp/File:YuugureParty.png
post,3522797,candidate,admiral_graf_spee_(azur_lane),A Novel Anniversary,included_supporting_post,admiral_graf_spee_(a_novel_anniversary)_(azur_lane),https://danbooru.donmai.us/posts/3522797,https://azurlane.koumakan.jp/File:Admiral_Graf_SpeeParty.png
post,3522803,candidate,hornet_(azur_lane),Bubbly Anniversary!,excluded_no_qualifying_form_evidence,,https://danbooru.donmai.us/posts/3522803,https://azurlane.koumakan.jp/File:HornetParty.png
post,3522862,candidate,helena_(azur_lane),May I Have this Dance?,excluded_no_qualifying_form_evidence,,https://danbooru.donmai.us/posts/3522862,https://azurlane.koumakan.jp/File:HelenaParty.png
post,3522863,candidate,z23_(azur_lane),The Banquet's Honor Student,included_supporting_post,z23_(the_banquet's_honor_student)_(azur_lane),https://danbooru.donmai.us/posts/3522863,https://azurlane.koumakan.jp/File:Z23Party.png
post,3522865,candidate,king_george_v_(azur_lane),Rose's Regalia,included_supporting_post,king_george_v_(rose's_regalia)_(azur_lane),https://danbooru.donmai.us/posts/3522865,https://azurlane.koumakan.jp/File:King_George_VParty.png
post,3522868,candidate,shigure_(azur_lane),The Ballroom's Lucky Star,included_supporting_post,shigure_(the_ballroom's_lucky_star)_(azur_lane),https://danbooru.donmai.us/posts/3522868,https://azurlane.koumakan.jp/File:ShigureParty.png
post,3522870,candidate,bismarck_(azur_lane),Beacon of the Iron Blood,included_supporting_post,bismarck_(beacon_of_the_iron_blood)_(azur_lane),https://danbooru.donmai.us/posts/3522870,https://azurlane.koumakan.jp/File:BismarckParty.png
post,3522872,candidate,lena_(azur_lane),Default,included_supporting_post,lena_(azur_lane),https://danbooru.donmai.us/posts/3522872,https://azurlane.koumakan.jp/File:Lena.png
post,3529378,candidate,z1_leberecht_maass_(azur_lane),Retrofit,excluded_no_qualifying_form_evidence,,https://danbooru.donmai.us/posts/3529378,https://azurlane.koumakan.jp/File:Z1Kai.png
post,3529678,candidate,leipzig_(azur_lane),Retrofit,included_supporting_post,leipzig_(retrofit)_(azur_lane),https://danbooru.donmai.us/posts/3529678,https://azurlane.koumakan.jp/File:LeipzigKai.png
post,3536332,candidate,chaser_(azur_lane),Gamer Style,included_supporting_post,chaser_(gamer_style)_(azur_lane),https://danbooru.donmai.us/posts/3536332,https://azurlane.koumakan.jp/File:ChaserCasual.png
post,3536335,candidate,matchless_(azur_lane),Escort Me Please!,excluded_no_qualifying_form_evidence,,https://danbooru.donmai.us/posts/3536335,https://azurlane.koumakan.jp/File:MatchlessCasual.png
post,3536336,candidate,curlew_(azur_lane),Retrofit,included_supporting_post,curlew_(retrofit)_(azur_lane),https://danbooru.donmai.us/posts/3536336,https://azurlane.koumakan.jp/File:CurlewKai.png
post,3536337,candidate,curacoa_(azur_lane),Retrofit,included_supporting_post,curacoa_(retrofit)_(azur_lane),https://danbooru.donmai.us/posts/3536337,https://azurlane.koumakan.jp/File:CuracaoKai.png
post,3536338,candidate,fiji_(azur_lane),Trendy and Vogue?,excluded_no_qualifying_form_evidence,,https://danbooru.donmai.us/posts/3536338,https://azurlane.koumakan.jp/File:FijiCasual.png
post,3536339,candidate,sirius_(azur_lane),Scorching-Hot Seirios,included_supporting_post,sirius_(scorching-hot_seirios)_(azur_lane),https://danbooru.donmai.us/posts/3536339,https://azurlane.koumakan.jp/File:SiriusSummer.png
post,3536353,candidate,southampton_(azur_lane),Default,included_supporting_post,southampton_(azur_lane),https://danbooru.donmai.us/posts/3536353,https://azurlane.koumakan.jp/File:Southampton.png
post,3549924,candidate,le_mars_(azur_lane),Écolière Heureuse,included_supporting_post,le_mars_(ecoliere_heureuse)_(azur_lane),https://danbooru.donmai.us/posts/3549924,https://azurlane.koumakan.jp/File:Le_MarsSchool.png
post,3549925,candidate,forbin_(azur_lane),École de Chevalier,included_supporting_post,forbin_(ecole_de_chevalier)_(azur_lane),https://danbooru.donmai.us/posts/3549925,https://azurlane.koumakan.jp/File:ForbinSchool.png
post,3549931,candidate,l'opiniatre_(azur_lane),Default,included_supporting_post,l'opiniatre_(azur_lane),https://danbooru.donmai.us/posts/3549931,https://azurlane.koumakan.jp/File:L%27Opini%C3%A2tre.png
post,3549934,candidate,l'opiniatre_(azur_lane),Beachside Magician,excluded_no_qualifying_form_evidence,,https://danbooru.donmai.us/posts/3549934,https://azurlane.koumakan.jp/File:L%27Opini%C3%A2treSummer.png
post,3549939,candidate,emile_bertin_(azur_lane),Retrofit,included_supporting_post,emile_bertin_(retrofit)_(azur_lane),https://danbooru.donmai.us/posts/3549939,https://azurlane.koumakan.jp/File:Emile_BertinKai.png
post,3549940,candidate,javelin_(azur_lane),Slow Ahead!,excluded_no_qualifying_form_evidence,,https://danbooru.donmai.us/posts/3549940,https://azurlane.koumakan.jp/File:JavelinSchool.png
post,3552455,candidate,dunkerque_(azur_lane),Afternoon Venus,included_supporting_post,dunkerque_(afternoon_venus)_(azur_lane),https://danbooru.donmai.us/posts/3552455,https://azurlane.koumakan.jp/Dunkerque
post,3563339,candidate,u-101_(azur_lane),Default,included_supporting_post,u-101_(azur_lane),https://danbooru.donmai.us/posts/3563339,https://azurlane.koumakan.jp/File:U-101.png
post,3563415,candidate,i-25_(azur_lane),Default,included_supporting_post,i-25_(azur_lane),https://danbooru.donmai.us/posts/3563415,https://azurlane.koumakan.jp/File:I-25.png
post,3563416,candidate,u-522_(azur_lane),Default,included_supporting_post,u-522_(azur_lane),https://danbooru.donmai.us/posts/3563416,https://azurlane.koumakan.jp/File:U-522.png
post,3563419,candidate,i-56_(azur_lane),Default,included_supporting_post,i-56_(azur_lane),https://danbooru.donmai.us/posts/3563419,https://azurlane.koumakan.jp/wiki/File:I-56.png
post,3563422,candidate,i-168_(azur_lane),Default,included_supporting_post,i-168_(azur_lane),https://danbooru.donmai.us/posts/3563422,https://azurlane.koumakan.jp/File:I-168.png
post,3570575,candidate,london_(azur_lane),Retrofit,included_supporting_post,london_(retrofit)_(azur_lane),https://danbooru.donmai.us/posts/3570575,https://azurlane.koumakan.jp/File:LondonKai.png
post,3570576,candidate,u-101_(azur_lane),Ironbrass Trombonist,included_supporting_post,u-101_(ironbrass_trombonist)_(azur_lane),https://danbooru.donmai.us/posts/3570576,https://azurlane.koumakan.jp/File:U-101School.png
post,3570579,candidate,i-25_(azur_lane),Coral Reef Bunny,included_supporting_post,i-25_(coral_reef_bunny)_(azur_lane),https://danbooru.donmai.us/posts/3570579,https://azurlane.koumakan.jp/File:I-25School.png
post,3570582,candidate,i-56_(azur_lane),Wallflower in the Corner,included_supporting_post,i-56_(wallflower_in_the_corner)_(azur_lane),https://danbooru.donmai.us/posts/3570582,https://azurlane.koumakan.jp/File:I-56School.png
post,3573683,candidate,yat_sen_(azur_lane),Default,excluded_no_qualifying_form_evidence,,https://danbooru.donmai.us/posts/3573683,https://i.pximg.net/img-original/img/2019/05/20/18/24/11/74821064_p0.png
post,3582849,candidate,bataan_(azur_lane),Default,included_supporting_post,bataan_(azur_lane),https://danbooru.donmai.us/posts/3582849,https://azurlane.koumakan.jp/File:Bataan.png
post,3582850,candidate,bataan_(azur_lane),Comfy Cotton Jammies,included_supporting_post,bataan_(comfy_cotton_jammies)_(azur_lane),https://danbooru.donmai.us/posts/3582850,https://azurlane.koumakan.jp/File:BataanSleepy.png
post,3582853,candidate,baltimore_(azur_lane),Default,included_supporting_post,baltimore_(azur_lane),https://danbooru.donmai.us/posts/3582853,https://azurlane.koumakan.jp/File:Baltimore.png
post,3582854,candidate,alabama_(azur_lane),Default,included_supporting_post,alabama_(azur_lane),https://danbooru.donmai.us/posts/3582854,https://azurlane.koumakan.jp/File:Alabama.png
post,3582901,candidate,cavalla_(azur_lane),Convenience Store Raid!,excluded_no_qualifying_form_evidence,,https://danbooru.donmai.us/posts/3582901,https://azurlane.koumakan.jp/File:CavallaSchool.png
post,3582905,candidate,cavalla_(azur_lane),Default,included_supporting_post,cavalla_(azur_lane),https://danbooru.donmai.us/posts/3582905,https://azurlane.koumakan.jp/File:Cavalla.png
post,3582909,candidate,aylwin_(azur_lane),Default,included_supporting_post,aylwin_(azur_lane),https://danbooru.donmai.us/posts/3582909,https://azurlane.koumakan.jp/File:Aylwin.png
post,3582910,candidate,aylwin_(azur_lane),Sunday Aquarium Vist,excluded_no_qualifying_form_evidence,,https://danbooru.donmai.us/posts/3582910,https://azurlane.koumakan.jp/File:AylwinCasual.png
post,3582913,candidate,birmingham_(azur_lane),Default,included_supporting_post,birmingham_(azur_lane),https://danbooru.donmai.us/posts/3582913,https://azurlane.koumakan.jp/File:Birmingham.png
post,3582917,candidate,birmingham_(azur_lane),Rider of Red,included_supporting_post,birmingham_(rider_of_red)_(azur_lane),https://danbooru.donmai.us/posts/3582917,https://azurlane.koumakan.jp/File:BirminghamCasual.png
post,3582918,candidate,san_juan_(azur_lane),Default,included_supporting_post,san_juan_(azur_lane),https://danbooru.donmai.us/posts/3582918,https://azurlane.koumakan.jp/File:San_Juan.png
post,3587224,candidate,i-168_(azur_lane),Festive Mood!,excluded_no_qualifying_form_evidence,,https://danbooru.donmai.us/posts/3587224,https://azurlane.koumakan.jp/w/images/6/66/I-168Festival.png
post,3587887,candidate,baltimore_(azur_lane),After-school Ace,excluded_no_qualifying_form_evidence,,https://danbooru.donmai.us/posts/3587887,https://i.pximg.net/img-original/img/2019/08/05/21/11/05/76094589_p1.jpg
post,3589666,candidate,saratoga_(azur_lane),Superstar of the Blue Seas,included_supporting_post,saratoga_(superstar_of_the_blue_seas)_(azur_lane),https://danbooru.donmai.us/posts/3589666,https://azurlane.koumakan.jp/File:SaratogaEvent.png
post,3590175,candidate,cleveland_(azur_lane),Road Trip!,excluded_no_qualifying_form_evidence,,https://danbooru.donmai.us/posts/3590175,https://azurlane.koumakan.jp/File:ClevelandRoadtrip.png
post,3598328,candidate,grenville_(azur_lane),Frilled bikini,excluded_no_qualifying_form_evidence,,https://danbooru.donmai.us/posts/3598328,https://e-hentai.org/s/859bcb07fe/1465653-7
post,3604563,candidate,juno_(azur_lane),Fairly Flavourful Festival,excluded_no_qualifying_form_evidence,,https://danbooru.donmai.us/posts/3604563,https://azurlane.koumakan.jp/File:JunoFestival.png
post,3609285,candidate,enterprise_(azur_lane),Anniversary Ride,included_supporting_post,enterprise_(anniversary_ride)_(azur_lane),https://danbooru.donmai.us/posts/3609285,https://azurlane.koumakan.jp/File:EnterpriseRoadtrip.png
post,3611916,candidate,bache_(azur_lane),Default,included_supporting_post,bache_(azur_lane),https://danbooru.donmai.us/posts/3611916,https://azurlane.koumakan.jp/File:Bache.png
post,3611920,candidate,honolulu_(azur_lane),Among the Stalls,excluded_no_qualifying_form_evidence,,https://danbooru.donmai.us/posts/3611920,https://azurlane.koumakan.jp/File:HonoluluFestival.png
post,3611925,candidate,black_prince_(azur_lane),Default,included_supporting_post,black_prince_(azur_lane),https://danbooru.donmai.us/posts/3611925,https://azurlane.koumakan.jp/File:Black_Prince.png
post,3611930,candidate,mutsuki_(azur_lane),Candy Festival!,excluded_no_qualifying_form_evidence,,https://danbooru.donmai.us/posts/3611930,https://azurlane.koumakan.jp/File:MutsukiFestival.png
post,3611935,candidate,vampire_(azur_lane),Night Princess's Regalia,included_supporting_post,vampire_(night_princess's_regalia)_(azur_lane),https://danbooru.donmai.us/posts/3611935,https://azurlane.koumakan.jp/File:VampireFestival.png
post,3612513,candidate,i-26_(azur_lane),Shortly Before the Fireworks,included_supporting_post,i-26_(shortly_before_the_fireworks)_(azur_lane),https://danbooru.donmai.us/posts/3612513,https://azurlane.koumakan.jp/File:I-26Festival.png
post,3612518,candidate,kitakaze_(azur_lane),Celebration Conquest!,excluded_no_qualifying_form_evidence,,https://danbooru.donmai.us/posts/3612518,https://azurlane.koumakan.jp/File:KitakazeFestival.png
post,3613096,candidate,ikazuchi_(azur_lane),Thunderous Festival,included_supporting_post,ikazuchi_(thunderous_festival)_(azur_lane),https://danbooru.donmai.us/posts/3613096,https://azurlane.koumakan.jp/File:IkazuchiFestival.png
post,3613941,candidate,inazuma_(azur_lane),Flash of Fireworks,included_supporting_post,inazuma_(flash_of_fireworks)_(azur_lane),https://danbooru.donmai.us/posts/3613941,https://azurlane.koumakan.jp/File:InazumaFestival.png
post,3619351,candidate,stanly_(azur_lane),Default,included_supporting_post,stanly_(azur_lane),https://danbooru.donmai.us/posts/3619351,https://azurlane.koumakan.jp/File:Stanly.png
post,3619354,candidate,black_prince_(azur_lane),White Princess,included_supporting_post,black_prince_(white_princess)_(azur_lane),https://danbooru.donmai.us/posts/3619354,https://azurlane.koumakan.jp/File:Black_PrinceSummer.png
post,3624847,candidate,pola_(azur_lane),Default,excluded_no_qualifying_form_evidence,,https://danbooru.donmai.us/posts/3624847,少女前線
post,3624853,candidate,zara_(azur_lane),Default,included_supporting_post,zara_(azur_lane),https://danbooru.donmai.us/posts/3624853,https://azurlane.koumakan.jp/File:Zara.png
post,3624854,candidate,zara_(azur_lane),Poolside Coincidence,included_supporting_post,zara_(poolside_coincidence)_(azur_lane),https://danbooru.donmai.us/posts/3624854,https://azurlane.koumakan.jp/File:ZaraSummer.png
post,3624855,candidate,formidable_(azur_lane),Default,included_supporting_post,formidable_(azur_lane),https://danbooru.donmai.us/posts/3624855,https://azurlane.koumakan.jp/File:Formidable.png
post,3624856,candidate,formidable_(azur_lane),The Lady of the Beach,included_supporting_post,formidable_(the_lady_of_the_beach)_(azur_lane),https://danbooru.donmai.us/posts/3624856,https://azurlane.koumakan.jp/File:FormidableSummer.png
post,3624858,candidate,littorio_(azur_lane),Default,included_supporting_post,littorio_(azur_lane),https://danbooru.donmai.us/posts/3624858,https://azurlane.koumakan.jp/File:Littorio.png
post,3624859,candidate,giulio_cesare_(azur_lane),Default,included_supporting_post,giulio_cesare_(azur_lane),https://danbooru.donmai.us/posts/3624859,https://azurlane.koumakan.jp/File:Giulio_Cesare.png
post,3624860,candidate,giulio_cesare_(azur_lane),Fitness Master,included_supporting_post,giulio_cesare_(fitness_master)_(azur_lane),https://danbooru.donmai.us/posts/3624860,https://azurlane.koumakan.jp/File:Giulio_CesareCasual.png
post,3624861,candidate,trento_(azur_lane),Default,included_supporting_post,trento_(azur_lane),https://danbooru.donmai.us/posts/3624861,https://azurlane.koumakan.jp/File:Trento.png
post,3632572,candidate,u-47_(azur_lane),Eigenen Raum,included_supporting_post,u-47_(eigenen_raum)_(azur_lane),https://danbooru.donmai.us/posts/3632572,https://azurlane.koumakan.jp/File:U-47Party.png
post,3632576,candidate,jean_bart_(azur_lane),Uninhibited Bloodstone,included_supporting_post,jean_bart_(uninhibited_bloodstone)_(azur_lane),https://danbooru.donmai.us/posts/3632576,https://azurlane.koumakan.jp/File:Jean_BartParty.png
post,3632592,candidate,belfast_(azur_lane),The Noble Attendant,included_supporting_post,belfast_(the_noble_attendant)_(azur_lane),https://danbooru.donmai.us/posts/3632592,https://azurlane.koumakan.jp/File:BelfastParty.png
post,3632597,candidate,prinz_eugen_(azur_lane),Cordial Cornflower,included_supporting_post,prinz_eugen_(cordial_cornflower)_(azur_lane),https://danbooru.donmai.us/posts/3632597,https://azurlane.koumakan.jp/File:Prinz_EugenParty.png
post,3632605,candidate,roon_(azur_lane),Dark Red Grin,included_supporting_post,roon_(dark_red_grin)_(azur_lane),https://danbooru.donmai.us/posts/3632605,https://azurlane.koumakan.jp/File:RoonParty.png
post,3632611,candidate,tirpitz_(azur_lane),Iron Blood Snowstorm,included_supporting_post,tirpitz_(iron_blood_snowstorm)_(azur_lane),https://danbooru.donmai.us/posts/3632611,https://azurlane.koumakan.jp/File:TirpitzParty.png
post,3632612,candidate,seattle_(azur_lane),Gorgeous Party,included_supporting_post,seattle_(gorgeous_party)_(azur_lane),https://danbooru.donmai.us/posts/3632612,https://azurlane.koumakan.jp/File:SeattleParty.png
post,3632615,candidate,shoukaku_(azur_lane),The Crane That Dances with the Wind,included_supporting_post,shoukaku_(the_crane_that_dances_with_the_wind)_(azur_lane),https://danbooru.donmai.us/posts/3632615,https://azurlane.koumakan.jp/File:ShoukakuParty.png
post,3638844,candidate,trento_(azur_lane),Summer's Hotness?,excluded_no_qualifying_form_evidence,,https://danbooru.donmai.us/posts/3638844,https://azurlane.koumakan.jp/File:TrentoSummerWithoutBG.png
post,3639438,candidate,surcouf_(azur_lane),Shopping Time!,excluded_no_qualifying_form_evidence,,https://danbooru.donmai.us/posts/3639438,https://azurlane.koumakan.jp/File:SurcoufCasual.png
post,3639439,candidate,essex_(azur_lane),A Trip down Route 66,included_supporting_post,essex_(a_trip_down_route_66)_(azur_lane),https://danbooru.donmai.us/posts/3639439,https://azurlane.koumakan.jp/File:EssexCasual.png
post,3639441,candidate,bache_(azur_lane),Gorgeous Speed-Star,included_supporting_post,bache_(gorgeous_speed-star)_(azur_lane),https://danbooru.donmai.us/posts/3639441,https://azurlane.koumakan.jp/File:BacheCasual.png
post,3639443,candidate,yuugure_(azur_lane),Kai,excluded_no_qualifying_form_evidence,,https://danbooru.donmai.us/posts/3639443,https://azurlane.koumakan.jp/File:YuugureKai.png
post,3639444,candidate,akatsuki_(azur_lane),Motoninja Akatsuki,included_supporting_post,akatsuki_(motoninja_akatsuki)_(azur_lane),https://danbooru.donmai.us/posts/3639444,https://azurlane.koumakan.jp/File:AkatsukiCasual.png
post,3639445,candidate,shigure_(azur_lane),Retrofit,included_supporting_post,shigure_(retrofit)_(azur_lane),https://danbooru.donmai.us/posts/3639445,https://azurlane.koumakan.jp/File:ShigureKai.png
post,3639446,candidate,jamaica_(azur_lane),Highway Star,included_supporting_post,jamaica_(highway_star)_(azur_lane),https://danbooru.donmai.us/posts/3639446,https://azurlane.koumakan.jp/File:JamaicaCasual2.png
post,3647358,candidate,ooshio_(azur_lane),Woozy Party,included_supporting_post,ooshio_(woozy_party)_(azur_lane),https://danbooru.donmai.us/posts/3647358,https://azurlane.koumakan.jp/File:OoshioParty.png
post,3647362,candidate,dewey_(azur_lane),Summer Longing,included_supporting_post,dewey_(summer_longing)_(azur_lane),https://danbooru.donmai.us/posts/3647362,https://azurlane.koumakan.jp/Dewey#/media/File:DeweySummer.png
post,3647369,candidate,georgia_(azur_lane),Lanier Swan,excluded_no_qualifying_form_evidence,,https://danbooru.donmai.us/posts/3647369,https://azurlane.koumakan.jp/w/images/d/d1/GeorgiaSummer.png
post,3654620,candidate,yamashiro_(azur_lane),Street Corner Offensive!,excluded_no_qualifying_form_evidence,,https://danbooru.donmai.us/posts/3654620,https://azurlane.koumakan.jp/File:YamashiroSchool.png
post,3654621,candidate,york_(azur_lane),Truth Seeker,included_supporting_post,york_(truth_seeker)_(azur_lane),https://danbooru.donmai.us/posts/3654621,https://azurlane.koumakan.jp/File:YorkSchool.png
post,3654996,candidate,yuudachi_(azur_lane),Carnivore Carnival!,excluded_no_qualifying_form_evidence,,https://danbooru.donmai.us/posts/3654996,https://azurlane.koumakan.jp/File:YuudachiParty.png
post,3654997,candidate,yamashiro_(azur_lane),Sales Clerk Offensive?!,excluded_no_qualifying_form_evidence,,https://danbooru.donmai.us/posts/3654997,https://azurlane.koumakan.jp/File:YamashiroShop.png
post,3655012,candidate,carabiniere_(azur_lane),Default,included_supporting_post,carabiniere_(azur_lane),https://danbooru.donmai.us/posts/3655012,https://azurlane.koumakan.jp/File:Carabiniere.png
post,3655020,candidate,carabiniere_(azur_lane),Refreshing Sundress,included_supporting_post,carabiniere_(refreshing_sundress)_(azur_lane),https://danbooru.donmai.us/posts/3655020,https://azurlane.koumakan.jp/File:CarabiniereCasual.png
post,3655039,candidate,shiranui_(azur_lane),Mooncake Merchant,included_supporting_post,shiranui_(mooncake_merchant)_(azur_lane),https://danbooru.donmai.us/posts/3655039,https://azurlane.koumakan.jp/File:ShiranuiEvent.png
post,3660765,candidate,u-110_(azur_lane),Default,included_supporting_post,u-110_(azur_lane),https://danbooru.donmai.us/posts/3660765,https://azurlane.koumakan.jp/File:U-110.png
post,3660766,candidate,u-110_(azur_lane),Kleiner Hai,included_supporting_post,u-110_(kleiner_hai)_(azur_lane),https://danbooru.donmai.us/posts/3660766,https://azurlane.koumakan.jp/File:U-110School.png
post,3666809,candidate,mikazuki_(azur_lane),Sweet Zombie,included_supporting_post,mikazuki_(sweet_zombie)_(azur_lane),https://danbooru.donmai.us/posts/3666809,https://azurlane.koumakan.jp/File:MikazukiHalloween.png
post,3666810,candidate,abercrombie_(azur_lane),Pumpkin Blast!,excluded_no_qualifying_form_evidence,,https://danbooru.donmai.us/posts/3666810,https://azurlane.koumakan.jp/File:AbercrombieHalloween.png
post,3666811,candidate,smalley_(azur_lane),Candy Courier,included_supporting_post,smalley_(candy_courier)_(azur_lane),https://danbooru.donmai.us/posts/3666811,https://azurlane.koumakan.jp/File:SmalleyHalloween.png
post,3666812,candidate,edinburgh_(azur_lane),Candy Maid,included_supporting_post,edinburgh_(candy_maid)_(azur_lane),https://danbooru.donmai.us/posts/3666812,https://azurlane.koumakan.jp/File:EdinburghHalloween.png
post,3666813,candidate,erebus_(azur_lane),Wardrobe Witchery,included_supporting_post,erebus_(wardrobe_witchery)_(azur_lane),https://danbooru.donmai.us/posts/3666813,https://azurlane.koumakan.jp/File:ErebusHalloween.png
post,3666814,candidate,memphis_(azur_lane),Mystical Night,included_supporting_post,memphis_(mystical_night)_(azur_lane),https://danbooru.donmai.us/posts/3666814,https://azurlane.koumakan.jp/File:MemphisHalloween.png
post,3666816,candidate,gneisenau_(azur_lane),Nightmarish Succubus,included_supporting_post,gneisenau_(nightmarish_succubus)_(azur_lane),https://danbooru.donmai.us/posts/3666816,https://azurlane.koumakan.jp/File:GneisenauHalloween.png
post,3667050,candidate,smalley_(azur_lane),Default,included_supporting_post,smalley_(azur_lane),https://danbooru.donmai.us/posts/3667050,https://azurlane.koumakan.jp/File:Smalley.png
post,3669532,candidate,yamashiro_(azur_lane),Vacation Offensive!,excluded_no_qualifying_form_evidence,,https://danbooru.donmai.us/posts/3669532,https://azurlane.koumakan.jp/File:YamashiroBeach.png
post,3672285,candidate,ning_hai_(azur_lane),Dragon Sisters! -N,excluded_no_qualifying_form_evidence,,https://danbooru.donmai.us/posts/3672285,https://azurlane.koumakan.jp/File:Ning_HaiIdol.png
post,3672286,candidate,ping_hai_(azur_lane),Dragon Sisters! -P,excluded_no_qualifying_form_evidence,,https://danbooru.donmai.us/posts/3672286,https://azurlane.koumakan.jp/File:Ping_HaiIdol.png
post,3672287,candidate,fubuki_(azur_lane),Fubuki Halation!,excluded_no_qualifying_form_evidence,,https://danbooru.donmai.us/posts/3672287,https://azurlane.koumakan.jp/File:FubukiIdol.png
post,3672288,candidate,eldridge_(azur_lane),Kitty Idol,included_supporting_post,eldridge_(kitty_idol)_(azur_lane),https://danbooru.donmai.us/posts/3672288,https://azurlane.koumakan.jp/File:EldridgeIdol.png
post,3672289,candidate,admiral_graf_spee_(azur_lane),World's Cutest,included_supporting_post,admiral_graf_spee_(world's_cutest)_(azur_lane),https://danbooru.donmai.us/posts/3672289,https://azurlane.koumakan.jp/File:Admiral_Graf_SpeeIdol.png
post,3672290,candidate,laffey_(azur_lane),Bunny Idol @Unmotivated,excluded_no_qualifying_form_evidence,,https://danbooru.donmai.us/posts/3672290,https://azurlane.koumakan.jp/File:LaffeyIdol.png
post,3672291,candidate,ayanami_(azur_lane),Low-key Idol @confused,excluded_no_qualifying_form_evidence,,https://danbooru.donmai.us/posts/3672291,https://azurlane.koumakan.jp/File:AyanamiIdol.png
post,3672292,candidate,javelin_(azur_lane),Energetic Idol @120% Motivation!,excluded_no_qualifying_form_evidence,,https://danbooru.donmai.us/posts/3672292,https://azurlane.koumakan.jp/File:JavelinIdol.png
post,3672293,candidate,z23_(azur_lane),Serious Idol @Acting Manager?!,excluded_no_qualifying_form_evidence,,https://danbooru.donmai.us/posts/3672293,https://azurlane.koumakan.jp/File:Z23Idol.png
post,3672294,candidate,akagi_(azur_lane),Muse,excluded_no_qualifying_form_evidence,,https://danbooru.donmai.us/posts/3672294,https://azurlane.koumakan.jp/File:Akagi_(Muse).png
post,3672298,candidate,admiral_hipper_(azur_lane),Muse,excluded_no_qualifying_form_evidence,,https://danbooru.donmai.us/posts/3672298,https://azurlane.koumakan.jp/File:Admiral_Hipper_(Muse).png
post,3680134,candidate,kamikaze_(azur_lane),Default,included_supporting_post,kamikaze_(azur_lane),https://danbooru.donmai.us/posts/3680134,https://azurlane.koumakan.jp/File:Kamikaze.png
post,3688540,candidate,glasgow_(azur_lane),Default,included_supporting_post,glasgow_(azur_lane),https://danbooru.donmai.us/posts/3688540,https://azurlane.koumakan.jp/File:Glasgow.png
post,3688541,candidate,belfast_(azur_lane),Shopping With The Head Maid,included_supporting_post,belfast_(shopping_with_the_head_maid)_(azur_lane),https://danbooru.donmai.us/posts/3688541,https://azurlane.koumakan.jp/File:BelfastCasual.png
post,3694003,candidate,glasgow_(azur_lane),A Maid in Class,included_supporting_post,glasgow_(a_maid_in_class)_(azur_lane),https://danbooru.donmai.us/posts/3694003,https://azurlane.koumakan.jp/File:GlasgowSchool.png
post,3699065,candidate,enterprise_(azur_lane),Soaring Wings of Freedom,included_supporting_post,enterprise_(soaring_wings_of_freedom)_(azur_lane),https://danbooru.donmai.us/posts/3699065,https://azurlane.koumakan.jp/File:EnterpriseBluray.png
post,3729033,candidate,laffey_(azur_lane),White Rabbit's Oath,included_supporting_post,laffey_(white_rabbit's_oath)_(azur_lane),https://danbooru.donmai.us/posts/3729033,https://azurlane.koumakan.jp/File:LaffeyWedding.png
post,3729034,candidate,ayanami_(azur_lane),Pulse of the New Year,included_supporting_post,ayanami_(pulse_of_the_new_year)_(azur_lane),https://danbooru.donmai.us/posts/3729034,https://azurlane.koumakan.jp/File:AyanamiNew_Year.png
post,3729035,candidate,z35_(azur_lane),Projekt Kirschblüte,excluded_no_qualifying_form_evidence,,https://danbooru.donmai.us/posts/3729035,https://azurlane.koumakan.jp/File:Z35New_Year.png
post,3729036,candidate,southampton_(azur_lane),New Year's Little Knight,included_supporting_post,southampton_(new_year's_little_knight)_(azur_lane),https://danbooru.donmai.us/posts/3729036,https://azurlane.koumakan.jp/File:SouthamptonNew_Year.png
post,3729039,candidate,kasumi_(azur_lane),Default,included_supporting_post,kasumi_(azur_lane),https://danbooru.donmai.us/posts/3729039,https://azurlane.koumakan.jp/File:Kasumi.png
post,3729044,candidate,hibiki_(azur_lane),New Year's Little Imp,included_supporting_post,hibiki_(new_year's_little_imp)_(azur_lane),https://danbooru.donmai.us/posts/3729044,https://azurlane.koumakan.jp/File:HibikiNew_Year.png
post,3729045,candidate,hibiki_(azur_lane),Default,included_supporting_post,hibiki_(azur_lane),https://danbooru.donmai.us/posts/3729045,https://azurlane.koumakan.jp/File:Hibiki.png
post,3729047,candidate,hatsuharu_(azur_lane),Retrofit,included_supporting_post,hatsuharu_(retrofit)_(azur_lane),https://danbooru.donmai.us/posts/3729047,https://azurlane.koumakan.jp/File:HatsuharuKai.png
post,3737597,candidate,jupiter_(azur_lane),Fanclub Sleepover,excluded_no_qualifying_form_evidence,,https://danbooru.donmai.us/posts/3737597,https://i.pximg.net/img-original/img/2020/01/01/22/45/24/78650222_p0.png
post,3750431,candidate,agano_(azur_lane),Dating Game?,excluded_no_qualifying_form_evidence,,https://danbooru.donmai.us/posts/3750431,https://azurlane.koumakan.jp/File:AganoCasual.png
post,3756919,candidate,halsey_powell_(azur_lane),Default,included_supporting_post,halsey_powell_(azur_lane),https://danbooru.donmai.us/posts/3756919,https://azurlane.koumakan.jp/File:Halsey_Powell.png
post,3759220,candidate,dido_(azur_lane),Default,included_supporting_post,dido_(azur_lane),https://danbooru.donmai.us/posts/3759220,https://azurlane.koumakan.jp/wiki/File:Dido.png
post,3762067,candidate,uranami_(azur_lane),Default,included_supporting_post,uranami_(azur_lane),https://danbooru.donmai.us/posts/3762067,https://azurlane.koumakan.jp/File:Uranami.png
post,3764409,candidate,yukikaze_(azur_lane),Winter's Snowy Wind,included_supporting_post,yukikaze_(winter's_snowy_wind)_(azur_lane),https://danbooru.donmai.us/posts/3764409,https://azurlane.koumakan.jp/File:YukikazeSpring.png
post,3764411,candidate,belfast_(azur_lane),Serene Steel,included_supporting_post,belfast_(serene_steel)_(azur_lane),https://danbooru.donmai.us/posts/3764411,https://azurlane.koumakan.jp/File:BelfastBluray.png
post,3764413,candidate,amazon_(azur_lane),Retrofit,included_supporting_post,amazon_(retrofit)_(azur_lane),https://danbooru.donmai.us/posts/3764413,https://azurlane.koumakan.jp/File:AmazonKai.png
post,3764417,candidate,gloucester_(azur_lane),Default,included_supporting_post,gloucester_(azur_lane),https://danbooru.donmai.us/posts/3764417,https://azurlane.koumakan.jp/File:Gloucester.png
post,3764420,candidate,black_prince_(azur_lane),Fair Maid Spring,included_supporting_post,black_prince_(fair_maid_spring)_(azur_lane),https://danbooru.donmai.us/posts/3764420,https://azurlane.koumakan.jp/File:Black_PrinceSpring.png
post,3764423,candidate,biloxi_(azur_lane),Default,included_supporting_post,biloxi_(azur_lane),https://danbooru.donmai.us/posts/3764423,https://azurlane.koumakan.jp/File:Biloxi.png
post,3764430,candidate,biloxi_(azur_lane),Dapper Gangstress,included_supporting_post,biloxi_(dapper_gangstress)_(azur_lane),https://danbooru.donmai.us/posts/3764430,https://azurlane.koumakan.jp/File:BiloxiSpringWithoutBG.png
post,3764432,candidate,scharnhorst_(azur_lane),Panther und Pflaume,included_supporting_post,scharnhorst_(panther_und_pflaume)_(azur_lane),https://danbooru.donmai.us/posts/3764432,https://azurlane.koumakan.jp/File:ScharnhorstSpring.png
post,3764434,candidate,mutsuki_(azur_lane),Spring Festival Sweets,included_supporting_post,mutsuki_(spring_festival_sweets)_(azur_lane),https://danbooru.donmai.us/posts/3764434,https://azurlane.koumakan.jp/File:MutsukiSpring.png
post,3764436,candidate,ning_hai_(azur_lane),Springtime Sojourn,included_supporting_post,ning_hai_(springtime_sojourn)_(azur_lane),https://danbooru.donmai.us/posts/3764436,https://azurlane.koumakan.jp/File:Ning_HaiSpring.png
post,3764441,candidate,ping_hai_(azur_lane),Great Gourmet Expedition,included_supporting_post,ping_hai_(great_gourmet_expedition)_(azur_lane),https://danbooru.donmai.us/posts/3764441,https://azurlane.koumakan.jp/File:Ping_HaiSpring.png
post,3764444,candidate,illustrious_(azur_lane),Maiden Lily's Radiance,included_supporting_post,illustrious_(maiden_lily's_radiance)_(azur_lane),https://danbooru.donmai.us/posts/3764444,https://azurlane.koumakan.jp/File:IllustriousSpring.png
post,3764448,candidate,sirius_(azur_lane),Azure Horizons,included_supporting_post,sirius_(azure_horizons)_(azur_lane),https://danbooru.donmai.us/posts/3764448,https://azurlane.koumakan.jp/w/images/9/95/SiriusSpring.png
post,3764453,candidate,taihou_(azur_lane),Phoenix's Spring Song,included_supporting_post,taihou_(phoenix's_spring_song)_(azur_lane),https://danbooru.donmai.us/posts/3764453,https://azurlane.koumakan.jp/File:TaihouSpring.png
post,3764457,candidate,isuzu_(azur_lane);nagara_(azur_lane),Cozy Christmas Eve;Spring Breeze Leisure,excluded_no_qualifying_form_evidence,,https://danbooru.donmai.us/posts/3764457,https://azurlane.koumakan.jp/File:IsuzuChristmas.png
post,3764464,candidate,halsey_powell_(azur_lane),Spring's Lucky Star,included_supporting_post,halsey_powell_(spring's_lucky_star)_(azur_lane),https://danbooru.donmai.us/posts/3764464,https://azurlane.koumakan.jp/File:Halsey_PowellSpring.png
post,3766655,candidate,gloucester_(azur_lane),Brilliance in Purple,included_supporting_post,gloucester_(brilliance_in_purple)_(azur_lane),https://danbooru.donmai.us/posts/3766655,https://azurlane.koumakan.jp/Gloucester
post,3779107,candidate,neptune_(azur_lane),Princess of the Reindeers,excluded_no_qualifying_form_evidence,,https://danbooru.donmai.us/posts/3779107,https://azurlane.koumakan.jp/File:HMS_NeptuneChristmas.png
post,3779109,candidate,akagi_(azur_lane),Default (without mask),excluded_no_qualifying_form_evidence,,https://danbooru.donmai.us/posts/3779109,https://azurlane.koumakan.jp/File:Akagi.png
post,3779110,candidate,kawakaze_(azur_lane),Unsullied White Fox,included_supporting_post,kawakaze_(unsullied_white_fox)_(azur_lane),https://danbooru.donmai.us/posts/3779110,https://azurlane.koumakan.jp/File:KawakazeWedding.png
post,3779119,candidate,kinu_(azur_lane),Base,excluded_no_qualifying_form_evidence,,https://danbooru.donmai.us/posts/3779119,https://azurlane.koumakan.jp/File:Kinu.png
post,3779121,candidate,kinu_(azur_lane),Retrofit,included_supporting_post,kinu_(retrofit)_(azur_lane),https://danbooru.donmai.us/posts/3779121,https://azurlane.koumakan.jp/File:KinuKai.png
post,3779126,candidate,kinu_(azur_lane),New Year's Blade Demon,included_supporting_post,kinu_(new_year's_blade_demon)_(azur_lane),https://danbooru.donmai.us/posts/3779126,https://azurlane.koumakan.jp/File:KinuNew_Year.png
post,3779129,candidate,unicorn_(azur_lane),Prayer of Plum and Snow,included_supporting_post,unicorn_(prayer_of_plum_and_snow)_(azur_lane),https://danbooru.donmai.us/posts/3779129,https://azurlane.koumakan.jp/File:UnicornNew_Year.png
post,3779133,candidate,cleveland_(azur_lane),New Year's Challenge!,excluded_no_qualifying_form_evidence,,https://danbooru.donmai.us/posts/3779133,https://azurlane.koumakan.jp/File:ClevelandNew_Year.png
post,3779137,candidate,nagato_(azur_lane),Guardian Fox's Shining Furisode,included_supporting_post,nagato_(guardian_fox's_shining_furisode)_(azur_lane),https://danbooru.donmai.us/posts/3779137,https://azurlane.koumakan.jp/File:NagatoNew_Year.png
post,3779141,candidate,ark_royal_(azur_lane),New Year's Protectress,included_supporting_post,ark_royal_(new_year's_protectress)_(azur_lane),https://danbooru.donmai.us/posts/3779141,https://azurlane.koumakan.jp/File:Ark_RoyalNew_Year.png
post,3779142,candidate,friedrich_der_grosse_(azur_lane),Dark Raiments of Gagaku,included_supporting_post,friedrich_der_grosse_(dark_raiments_of_gagaku)_(azur_lane),https://danbooru.donmai.us/posts/3779142,https://azurlane.koumakan.jp/File:Friedrich_der_GrosseNew_Year.png
post,3779144,candidate,wakaba_(azur_lane),Holiday Special Wakaba!,excluded_no_qualifying_form_evidence,,https://danbooru.donmai.us/posts/3779144,https://azurlane.koumakan.jp/File:WakabaChristmas.png
post,3779146,candidate,dewey_(azur_lane),A Christmas Thank-You,included_supporting_post,dewey_(a_christmas_thank-you)_(azur_lane),https://danbooru.donmai.us/posts/3779146,https://azurlane.koumakan.jp/File:DeweyChristmas.png
post,3779154,candidate,concord_(azur_lane),Sweet Christmas,included_supporting_post,concord_(sweet_christmas)_(azur_lane),https://danbooru.donmai.us/posts/3779154,https://azurlane.koumakan.jp/File:ConcordChristmas.png
post,3779156,candidate,seattle_(azur_lane),Christmas Party Prep!,excluded_no_qualifying_form_evidence,,https://danbooru.donmai.us/posts/3779156,https://azurlane.koumakan.jp/File:SeattleChristmas.png
post,3779157,candidate,agano_(azur_lane),Christmas Eve Tease,included_supporting_post,agano_(christmas_eve_tease)_(azur_lane),https://danbooru.donmai.us/posts/3779157,https://azurlane.koumakan.jp/File:AganoChristmas.png
post,3783991,candidate,ardent_(azur_lane),Ardent Valentine,included_supporting_post,ardent_(ardent_valentine)_(azur_lane),https://danbooru.donmai.us/posts/3783991,https://azurlane.koumakan.jp/File:ArdentSchool.png
post,3800583,candidate,javelin_(azur_lane),Operation: Pillow Fight!,excluded_no_qualifying_form_evidence,,https://danbooru.donmai.us/posts/3800583,https://azurlane.koumakan.jp/File:JavelinBluray.png
post,3800584,candidate,nagatsuki_(azur_lane),Dangerous Kitty Maid?,excluded_no_qualifying_form_evidence,,https://danbooru.donmai.us/posts/3800584,https://azurlane.koumakan.jp/File:NagatsukiMaid.png
post,3800586,candidate,uranami_(azur_lane),Snow Vanguard,included_supporting_post,uranami_(snow_vanguard)_(azur_lane),https://danbooru.donmai.us/posts/3800586,https://azurlane.koumakan.jp/File:UranamiWinter.png
post,3800587,candidate,acasta_(azur_lane),Lights of the Lantern Festival,included_supporting_post,acasta_(lights_of_the_lantern_festival)_(azur_lane),https://danbooru.donmai.us/posts/3800587,https://azurlane.koumakan.jp/File:AcastaSpring.png
post,3800590,candidate,columbia_(azur_lane),After-School Odette,included_supporting_post,columbia_(after-school_odette)_(azur_lane),https://danbooru.donmai.us/posts/3800590,https://azurlane.koumakan.jp/File:ColumbiaSchool.png
post,3801571,candidate,grozny_(azur_lane),Default,included_supporting_post,grozny_(azur_lane),https://danbooru.donmai.us/posts/3801571,https://azurlane.koumakan.jp/File:Grozny.png
post,3801572,candidate,grozny_(azur_lane),Bad Bunny Behind Bars,included_supporting_post,grozny_(bad_bunny_behind_bars)_(azur_lane),https://danbooru.donmai.us/posts/3801572,https://azurlane.koumakan.jp/File:GroznyPrison.png
post,3801573,candidate,tashkent_(azur_lane),Default,included_supporting_post,tashkent_(azur_lane),https://danbooru.donmai.us/posts/3801573,https://azurlane.koumakan.jp/File:Tashkent.png
post,3801574,candidate,pamiat_merkuria_(azur_lane),Default,excluded_no_qualifying_form_evidence,,https://danbooru.donmai.us/posts/3801574,https://azurlane.koumakan.jp/File:Pamiat_Merkuria.png
post,3801575,candidate,pamiat_merkuria_(azur_lane),Caged Minx,excluded_no_qualifying_form_evidence,,https://danbooru.donmai.us/posts/3801575,https://azurlane.koumakan.jp/File:Pamiat_MerkuriaPrison.png
post,3801576,candidate,chapayev_(azur_lane),Default,included_supporting_post,chapayev_(azur_lane),https://danbooru.donmai.us/posts/3801576,https://azurlane.koumakan.jp/wiki/Chapayev/Gallery#/media/File:Chapayev.png
post,3801577,candidate,gangut_(azur_lane),Base art,included_supporting_post,gangut_(azur_lane),https://danbooru.donmai.us/posts/3801577,https://azurlane.koumakan.jp/File:Gangut.png
post,3801578,candidate,gangut_(azur_lane),Imposing Warden,included_supporting_post,gangut_(imposing_warden)_(azur_lane),https://danbooru.donmai.us/posts/3801578,https://azurlane.koumakan.jp/File:GangutPrison.png
post,3801580,candidate,sovetskaya_rossiya_(azur_lane),Default,included_supporting_post,sovetskaya_rossiya_(azur_lane),https://danbooru.donmai.us/posts/3801580,https://azurlane.koumakan.jp/File:Sovetskaya_Rossiya.png
post,3801582,candidate,sovetskaya_rossiya_(azur_lane),The Lackadaisical Lookout,included_supporting_post,sovetskaya_rossiya_(the_lackadaisical_lookout)_(azur_lane),https://danbooru.donmai.us/posts/3801582,https://azurlane.koumakan.jp/File:Sovetskaya_RossiyaPrison.png
post,3802302,candidate,tashkent_(azur_lane),The Bound Cruiser,included_supporting_post,tashkent_(the_bound_cruiser)_(azur_lane),https://danbooru.donmai.us/posts/3802302,https://azurlane.koumakan.jp/File:TashkentPrison.png
post,3802303,candidate,chapayev_(azur_lane),The Captive Cavalier,included_supporting_post,chapayev_(the_captive_cavalier)_(azur_lane),https://danbooru.donmai.us/posts/3802303,https://azurlane.koumakan.jp/File:ChapayevPrison.png
post,3802511,candidate,conte_di_cavour_(azur_lane),Base art,excluded_no_qualifying_form_evidence,,https://danbooru.donmai.us/posts/3802511,https://azurlane.koumakan.jp/File:Conte_di_Cavour.png
post,3810553,candidate,kirov_(azur_lane),[[Prototype design]],excluded_no_qualifying_form_evidence,,https://danbooru.donmai.us/posts/3810553,https://azurlane.koumakan.jp/File:Kirov.png
post,3828846,candidate,akashi_(azur_lane),Welcome to Sofmap!,excluded_no_qualifying_form_evidence,,https://danbooru.donmai.us/posts/3828846,https://azurlane.koumakan.jp/File:AkashiSofmap.png
post,3835354,candidate,minneapolis_(azur_lane),eXtreme Games,included_supporting_post,minneapolis_(extreme_games)_(azur_lane),https://danbooru.donmai.us/posts/3835354,https://twitter.com/azurlane_staff/status/1242776851681964040
post,3836609,candidate,z46_(azur_lane),Girls' Relay,included_supporting_post,z46_(girls'_relay)_(azur_lane),https://danbooru.donmai.us/posts/3836609,https://azurlane.koumakan.jp/File:Z46Sport.png
post,3836610,candidate,bache_(azur_lane),Showy Sports Star,included_supporting_post,bache_(showy_sports_star)_(azur_lane),https://danbooru.donmai.us/posts/3836610,https://azurlane.koumakan.jp/File:BacheSport.png
post,3836611,candidate,marblehead_(azur_lane),Default,included_supporting_post,marblehead_(azur_lane),https://danbooru.donmai.us/posts/3836611,https://azurlane.koumakan.jp/File:Marblehead.png
post,3836612,candidate,marblehead_(azur_lane),Boxing Girl!,excluded_no_qualifying_form_evidence,,https://danbooru.donmai.us/posts/3836612,https://azurlane.koumakan.jp/File:MarbleheadSport.png
post,3836613,candidate,bremerton_(azur_lane),Default,included_supporting_post,bremerton_(azur_lane),https://danbooru.donmai.us/posts/3836613,https://azurlane.koumakan.jp/File:Bremerton.png
post,3836614,candidate,casablanca_(azur_lane),Default,included_supporting_post,casablanca_(azur_lane),https://danbooru.donmai.us/posts/3836614,https://azurlane.koumakan.jp/File:Casablanca.png
post,3836615,candidate,casablanca_(azur_lane),Cheer Squad on Break,included_supporting_post,casablanca_(cheer_squad_on_break)_(azur_lane),https://danbooru.donmai.us/posts/3836615,https://azurlane.koumakan.jp/File:CasablancaSport.png
post,3836619,candidate,cygnet_(azur_lane),Royal Fanfare,included_supporting_post,cygnet_(royal_fanfare)_(azur_lane),https://danbooru.donmai.us/posts/3836619,https://azurlane.koumakan.jp/File:CygnetSport.png
post,3842927,candidate,reno_(azur_lane),Biggest Little Cheerleader,excluded_no_qualifying_form_evidence,,https://danbooru.donmai.us/posts/3842927,https://i.pximg.net/img-original/img/2020/03/31/23/14/24/80479700_p0.jpg
post,3846884,candidate,bremerton_(azur_lane),Scorching-Hot Training,included_supporting_post,bremerton_(scorching-hot_training)_(azur_lane),https://danbooru.donmai.us/posts/3846884,https://azurlane.koumakan.jp/File:BremertonSport.png
post,3846888,candidate,universal_bulin_(azur_lane),Universal Enhanced Rigging (Experimental) +α,excluded_no_qualifying_form_evidence,,https://danbooru.donmai.us/posts/3846888,https://azurlane.koumakan.jp/File:Universal_BullinEvent.png
post,3846892,candidate,bluegill_(azur_lane),Default,included_supporting_post,bluegill_(azur_lane),https://danbooru.donmai.us/posts/3846892,https://azurlane.koumakan.jp/File:Bluegill.png
post,3846897,candidate,cooper_(azur_lane),Default,included_supporting_post,cooper_(azur_lane),https://danbooru.donmai.us/posts/3846897,https://azurlane.koumakan.jp/File:Cooper.png
post,3846898,candidate,cooper_(azur_lane),Blazing Tennis Battle,excluded_no_qualifying_form_evidence,,https://danbooru.donmai.us/posts/3846898,https://azurlane.koumakan.jp/File:CooperSport.png
post,3846901,candidate,intrepid_(azur_lane),Default,included_supporting_post,intrepid_(azur_lane),https://danbooru.donmai.us/posts/3846901,https://azurlane.koumakan.jp/File:Intrepid.png
post,3854306,candidate,takao_(azur_lane),Beach Rhapsody,excluded_no_qualifying_form_evidence,,https://danbooru.donmai.us/posts/3854306,https://files.yande.re/image/d85cabeb1f0731781041fbeae017d709/yande.re%20624657.jpg
post,3854352,candidate,cygnet_(azur_lane),Sea Star on Shore,included_supporting_post,cygnet_(sea_star_on_shore)_(azur_lane),https://danbooru.donmai.us/posts/3854352,https://azurlane.koumakan.jp/File:CygnetSummer.png
post,3876948,candidate,laffey_(azur_lane),Picnic Adventure?,excluded_no_qualifying_form_evidence,,https://danbooru.donmai.us/posts/3876948,https://azurlane.koumakan.jp/File:LaffeyBluray.png
post,3876950,candidate,isuzu_(azur_lane),Retrofit,included_supporting_post,isuzu_(retrofit)_(azur_lane),https://danbooru.donmai.us/posts/3876950,https://azurlane.koumakan.jp/File:IsuzuKai.png
post,3876951,candidate,naganami_(azur_lane),Default,included_supporting_post,naganami_(azur_lane),https://danbooru.donmai.us/posts/3876951,https://azurlane.koumakan.jp/File:Naganami.png
post,3876956,candidate,naganami_(azur_lane),Long Waves of Happiness,included_supporting_post,naganami_(long_waves_of_happiness)_(azur_lane),https://danbooru.donmai.us/posts/3876956,https://azurlane.koumakan.jp/File:NaganamiMaid.png
post,3876961,candidate,hanazuki_(azur_lane),"Morning Moon, Beachside Flower",included_supporting_post,hanazuki_(morning_moon_beachside_flower)_(azur_lane),https://danbooru.donmai.us/posts/3876961,https://azurlane.koumakan.jp/File:HanazukiSummer.png
post,3876962,candidate,hanazuki_(azur_lane),Default,included_supporting_post,hanazuki_(azur_lane),https://danbooru.donmai.us/posts/3876962,https://azurlane.koumakan.jp/File:Hanazuki.png
post,3876975,candidate,tosa_(azur_lane),Default,included_supporting_post,tosa_(azur_lane),https://danbooru.donmai.us/posts/3876975,https://azurlane.koumakan.jp/File:Tosa.png
post,3876979,candidate,naka_(azur_lane),Foxy Summer Surfer,included_supporting_post,naka_(foxy_summer_surfer)_(azur_lane),https://danbooru.donmai.us/posts/3876979,https://azurlane.koumakan.jp/File:NakaSummer.png
post,3877087,candidate,ashigara_(azur_lane),Kaleidoscopic Summer,included_supporting_post,ashigara_(kaleidoscopic_summer)_(azur_lane),https://danbooru.donmai.us/posts/3877087,https://azurlane.koumakan.jp/File:AshigaraSummer.png
post,3877094,candidate,little_renown_(azur_lane),Default,included_supporting_post,little_renown_(azur_lane),https://danbooru.donmai.us/posts/3877094,https://azurlane.koumakan.jp/File:Little_Renown.png
post,3877299,candidate,charles_ausburne_(azur_lane),Base art,included_supporting_post,charles_ausburne_(azur_lane),https://danbooru.donmai.us/posts/3877299,https://azurlane.koumakan.jp/File:Charles_Ausburne.png
post,3891282,candidate,sussex_(azur_lane),Sunlit Tulips,included_supporting_post,sussex_(sunlit_tulips)_(azur_lane),https://danbooru.donmai.us/posts/3891282,https://azurlane.koumakan.jp/File:SussexSummer.png
post,3891330,candidate,littorio_(azur_lane),The Glory of Naples,included_supporting_post,littorio_(the_glory_of_naples)_(azur_lane),https://danbooru.donmai.us/posts/3891330,https://azurlane.koumakan.jp/File:LittorioSummer.png
post,3891332,candidate,gascogne_(azur_lane),Tropical Environs Acclimation Service Equipment,included_supporting_post,gascogne_(tropical_environs_acclimation_service_equipment)_(azur_lane),https://danbooru.donmai.us/posts/3891332,https://azurlane.koumakan.jp/File:GascogneSummerWithoutBG.png
post,3891345,candidate,ayanami_(azur_lane),Covert OPs Cloak,included_supporting_post,ayanami_(covert_ops_cloak)_(azur_lane),https://danbooru.donmai.us/posts/3891345,https://azurlane.koumakan.jp/File:AyanamiBlurayWithoutBG.png
post,3891347,candidate,baltimore_(azur_lane),Black Ace,included_supporting_post,baltimore_(black_ace)_(azur_lane),https://danbooru.donmai.us/posts/3891347,https://azurlane.koumakan.jp/File:BaltimoreSportWithoutBG.png
post,3891350,candidate,avrora_(azur_lane),Shackled Saule,included_supporting_post,avrora_(shackled_saule)_(azur_lane),https://danbooru.donmai.us/posts/3891350,https://azurlane.koumakan.jp/File:AvroraPrisonWithoutBG.png
post,3891359,candidate,intrepid_(azur_lane),One Intrepid Pitch,included_supporting_post,intrepid_(one_intrepid_pitch)_(azur_lane),https://danbooru.donmai.us/posts/3891359,https://azurlane.koumakan.jp/File:IntrepidSportWithoutBG.png
post,3891362,candidate,bluegill_(azur_lane),Up-And-Coming Infielder,included_supporting_post,bluegill_(up-and-coming_infielder)_(azur_lane),https://danbooru.donmai.us/posts/3891362,https://azurlane.koumakan.jp/File:BluegillSportWithoutBG.png
post,3894949,candidate,bush_(azur_lane),Default,excluded_no_qualifying_form_evidence,,https://danbooru.donmai.us/posts/3894949,https://i.pximg.net/img-original/img/2020/05/05/10/34/48/81310913_p0.png
post,3901339,candidate,hiei_(azur_lane),Beauty of the White Sands,excluded_no_qualifying_form_evidence,,https://danbooru.donmai.us/posts/3901339,https://i.pximg.net/img-original/img/2020/05/11/22/25/34/81449589_p0.png
post,3903971,candidate,vauquelin_(azur_lane),Default,included_supporting_post,vauquelin_(azur_lane),https://danbooru.donmai.us/posts/3903971,https://azurlane.koumakan.jp/w/images/7/72/Vauquelin.png
post,3906066,candidate,tartu_(azur_lane),Overthinking Summer,included_supporting_post,tartu_(overthinking_summer)_(azur_lane),https://danbooru.donmai.us/posts/3906066,https://azurlane.koumakan.jp/File:TartuSummer.png
post,3915840,candidate,z23_(azur_lane),Cafe Trainee @New Base,excluded_no_qualifying_form_evidence,,https://danbooru.donmai.us/posts/3915840,https://azurlane.koumakan.jp/File:Z23Bluray.png
post,3915841,candidate,le_temeraire_(azur_lane),Summery Temeraire!,excluded_no_qualifying_form_evidence,,https://danbooru.donmai.us/posts/3915841,https://azurlane.koumakan.jp/File:Le_TemeraireSummer.png
post,3918639,candidate,algerie_(azur_lane),Base art,excluded_no_qualifying_form_evidence,,https://danbooru.donmai.us/posts/3918639,https://twitter.com/yoshiku449/status/1263347236966068224
post,3919058,candidate,algerie_(azur_lane),White Sand Paradise,included_supporting_post,algerie_(white_sand_paradise)_(azur_lane),https://danbooru.donmai.us/posts/3919058,https://azurlane.koumakan.jp/File:Alg%C3%A9rieSummer.png
post,3919061,candidate,la_galissonniere_(azur_lane),Default,included_supporting_post,la_galissonniere_(azur_lane),https://danbooru.donmai.us/posts/3919061,https://azurlane.koumakan.jp/File:La_Galissonni%C3%A8re.png
post,3919062,candidate,la_galissonniere_(azur_lane),Pristine Piscene,included_supporting_post,la_galissonniere_(pristine_piscene)_(azur_lane),https://danbooru.donmai.us/posts/3919062,https://azurlane.koumakan.jp/File:La_Galissonni%C3%A8reSummer.png
post,3919064,candidate,vauquelin_(azur_lane),Innocent Summer Knight,excluded_no_qualifying_form_evidence,,https://danbooru.donmai.us/posts/3919064,https://azurlane.koumakan.jp/File:VauquelinSummer.png
post,3919071,candidate,jean_bart_(azur_lane),Private Après Midi,excluded_no_qualifying_form_evidence,,https://danbooru.donmai.us/posts/3919071,https://azurlane.koumakan.jp/File:Jean_BartSummer.png
post,3920753,candidate,littorio_(azur_lane),Calabria Aurea,included_supporting_post,littorio_(calabria_aurea)_(azur_lane),https://danbooru.donmai.us/posts/3920753,https://twitter.com/azurlane_staff/status/1263696296822534146
post,3965410,candidate,belfast_(azur_lane),Piping-Hot Perfection,excluded_no_qualifying_form_evidence,,https://danbooru.donmai.us/posts/3965410,https://azurlane.koumakan.jp/File:BelfastPizza.png
post,3968985,candidate,i-19_(azur_lane),Pillowy Paradise,included_supporting_post,i-19_(pillowy_paradise)_(azur_lane),https://danbooru.donmai.us/posts/3968985,https://azurlane.koumakan.jp/File:I-19Sleepy.png
post,3969392,candidate,taihou_(azur_lane),Enraptured Companion,included_supporting_post,taihou_(enraptured_companion)_(azur_lane),https://danbooru.donmai.us/posts/3969392,https://azurlane.koumakan.jp/File:TaihouRaceQueenWithoutBG.png
post,3973199,candidate,shangri-la_(azur_lane),Explorer of the Lost World,included_supporting_post,shangri-la_(explorer_of_the_lost_world)_(azur_lane),https://danbooru.donmai.us/posts/3973199,https://azurlane.koumakan.jp/File:Shangri-LaMisc.png
post,3975154,candidate,duke_of_york_(azur_lane),Prestige of the Glorious Formula,included_supporting_post,duke_of_york_(prestige_of_the_glorious_formula)_(azur_lane),https://danbooru.donmai.us/posts/3975154,https://azurlane.koumakan.jp/File:Duke_of_YorkRaceQueen.png
post,3975171,candidate,prince_of_wales_(azur_lane),The Laureate's Victory Lap,included_supporting_post,prince_of_wales_(the_laureate's_victory_lap)_(azur_lane),https://danbooru.donmai.us/posts/3975171,https://azurlane.koumakan.jp/File:Prince_of_WalesRaceQueen.pngeen.png
post,3975188,candidate,shoukaku_(azur_lane),Sororal Wings,included_supporting_post,shoukaku_(sororal_wings)_(azur_lane),https://danbooru.donmai.us/posts/3975188,https://azurlane.koumakan.jp/File:ShoukakuRaceQueen.png
post,3975209,candidate,agano_(azur_lane),Blue Butterfly's Confession,included_supporting_post,agano_(blue_butterfly's_confession)_(azur_lane),https://danbooru.donmai.us/posts/3975209,https://azurlane.koumakan.jp/File:AganoParty.png
post,3975230,candidate,eskimo_(azur_lane),Parkaless Prankster,excluded_no_qualifying_form_evidence,,https://danbooru.donmai.us/posts/3975230,https://azurlane.koumakan.jp/w/images/f/fa/EskimoSummer.png
post,3975239,candidate,eskimo_(azur_lane),Default,included_supporting_post,eskimo_(azur_lane),https://danbooru.donmai.us/posts/3975239,https://azurlane.koumakan.jp/File:Eskimo.png
post,3975253,candidate,hatsushimo_(azur_lane),Retrofit,included_supporting_post,hatsushimo_(retrofit)_(azur_lane),https://danbooru.donmai.us/posts/3975253,https://azurlane.koumakan.jp/File:HatsushimoKai.png
post,3975258,candidate,unicorn_(azur_lane),A Dream of Pure Vows,included_supporting_post,unicorn_(a_dream_of_pure_vows)_(azur_lane),https://danbooru.donmai.us/posts/3975258,https://azurlane.koumakan.jp/File:UnicornWedding.png
post,3975261,candidate,friedrich_der_grosse_(azur_lane),Zeremonie of The Cradle,included_supporting_post,friedrich_der_grosse_(zeremonie_of_the_cradle)_(azur_lane),https://danbooru.donmai.us/posts/3975261,https://azurlane.koumakan.jp/File:Friedrich_der_Gro%C3%9FeWedding.png
post,3975265,candidate,st._louis_(azur_lane),Luxurious Wheels,excluded_no_qualifying_form_evidence,,https://danbooru.donmai.us/posts/3975265,https://azurlane.koumakan.jp/File:St._LouisParty.png
post,3975269,candidate,dido_(azur_lane),Anxious Bisque Doll,included_supporting_post,dido_(anxious_bisque_doll)_(azur_lane),https://danbooru.donmai.us/posts/3975269,https://azurlane.koumakan.jp/File:DidoParty.png
post,3975271,candidate,albacore_(azur_lane),Beneath the Black Dress,included_supporting_post,albacore_(beneath_the_black_dress)_(azur_lane),https://danbooru.donmai.us/posts/3975271,https://azurlane.koumakan.jp/File:AlbacoreParty.png
post,3975277,candidate,hammann_(azur_lane),Prideful Fairy of the Ballroom,included_supporting_post,hammann_(prideful_fairy_of_the_ballroom)_(azur_lane),https://danbooru.donmai.us/posts/3975277,https://azurlane.koumakan.jp/File:HammannParty.png
post,3975281,candidate,massachusetts_(azur_lane),Dressed to Impress,included_supporting_post,massachusetts_(dressed_to_impress)_(azur_lane),https://danbooru.donmai.us/posts/3975281,https://azurlane.koumakan.jp/File:MassachusettsParty.png
post,3975288,candidate,sussex_(azur_lane),Wine and Red Roses,included_supporting_post,sussex_(wine_and_red_roses)_(azur_lane),https://danbooru.donmai.us/posts/3975288,https://azurlane.koumakan.jp/File:SussexParty.png
post,3975290,candidate,biloxi_(azur_lane),Empress in the Silk Seat,included_supporting_post,biloxi_(empress_in_the_silk_seat)_(azur_lane),https://danbooru.donmai.us/posts/3975290,https://azurlane.koumakan.jp/File:BiloxiParty.png
post,3975415,candidate,forbin_(azur_lane),Feast of Champagne,included_supporting_post,forbin_(feast_of_champagne)_(azur_lane),https://danbooru.donmai.us/posts/3975415,https://azurlane.koumakan.jp/File:ForbinParty.png
post,3976249,candidate,little_illustrious_(azur_lane),Default,included_supporting_post,little_illustrious_(azur_lane),https://danbooru.donmai.us/posts/3976249,https://azurlane.koumakan.jp/File:Little_Illustrious.png
post,3976252,candidate,ning_hai_(azur_lane),Gorgeous Violet,included_supporting_post,ning_hai_(gorgeous_violet)_(azur_lane),https://danbooru.donmai.us/posts/3976252,https://azurlane.koumakan.jp/File:Ning_HaiParty.png
post,3976254,candidate,ping_hai_(azur_lane),Delicious Crimson,included_supporting_post,ping_hai_(delicious_crimson)_(azur_lane),https://danbooru.donmai.us/posts/3976254,https://azurlane.koumakan.jp/File:Ping_HaiParty.png
post,3976258,candidate,cavalla_(azur_lane),Colorful Ceremony,included_supporting_post,cavalla_(colorful_ceremony)_(azur_lane),https://danbooru.donmai.us/posts/3976258,https://azurlane.koumakan.jp/File:CavallaParty.png
post,3976259,candidate,enterprise_(azur_lane),Heroic Finery,included_supporting_post,enterprise_(heroic_finery)_(azur_lane),https://danbooru.donmai.us/posts/3976259,https://azurlane.koumakan.jp/File:EnterpriseParty.png
post,3976266,candidate,z23_(azur_lane),Breezy Doubles,excluded_no_qualifying_form_evidence,,https://danbooru.donmai.us/posts/3976266,https://azurlane.koumakan.jp/File:Z23Summer.png
post,3976271,candidate,minneapolis_(azur_lane),Trapper White,included_supporting_post,minneapolis_(trapper_white)_(azur_lane),https://danbooru.donmai.us/posts/3976271,https://azurlane.koumakan.jp/File:MinneapolisWedding.png
post,3976275,candidate,san_diego_(azur_lane),No. 1 June Bridge!,excluded_no_qualifying_form_evidence,,https://danbooru.donmai.us/posts/3976275,https://azurlane.koumakan.jp/File:San_DiegoWedding.png
post,3976281,candidate,helena_(azur_lane),Retrofit,included_supporting_post,helena_(retrofit)_(azur_lane),https://danbooru.donmai.us/posts/3976281,https://azurlane.koumakan.jp/File:HelenaKai.png
post,3976285,candidate,emile_bertin_(azur_lane),Maid Fantastique,included_supporting_post,emile_bertin_(maid_fantastique)_(azur_lane),https://danbooru.donmai.us/posts/3976285,https://azurlane.koumakan.jp/File:%C3%89mile_BertinMaid.png
post,3976289,candidate,tartu_(azur_lane),Default,included_supporting_post,tartu_(azur_lane),https://danbooru.donmai.us/posts/3976289,https://azurlane.koumakan.jp/File:Tartu.png
post,3982370,candidate,clevelad_(azur_lane),Default,included_supporting_post,clevelad_(azur_lane),https://danbooru.donmai.us/posts/3982370,https://azurlane.koumakan.jp/File:Clevelad.png
post,3982387,candidate,li'l_sandy_(azur_lane);san_diego_(azur_lane),Default;Li'l Sandy,included_supporting_post,li'l_sandy_(azur_lane),https://danbooru.donmai.us/posts/3982387,https://azurlane.koumakan.jp/File:Li%27l_Sandy.png
post,4001762,candidate,seattle_(azur_lane),Sunfish Spell!,excluded_no_qualifying_form_evidence,,https://danbooru.donmai.us/posts/4001762,https://azurlane.koumakan.jp/File:SeattleSummer.png
post,4002135,candidate,mainz_(azur_lane),Default,included_supporting_post,mainz_(azur_lane),https://danbooru.donmai.us/posts/4002135,https://azurlane.koumakan.jp/File:Mainz.png
post,4002138,candidate,odin_(azur_lane),Default,included_supporting_post,odin_(azur_lane),https://danbooru.donmai.us/posts/4002138,https://azurlane.koumakan.jp/File:Odin.png
post,4002139,candidate,drake_(azur_lane),Default,included_supporting_post,drake_(azur_lane),https://danbooru.donmai.us/posts/4002139,https://azurlane.koumakan.jp/File:Drake.png
post,4002141,candidate,cheshire_(azur_lane),Default,included_supporting_post,cheshire_(azur_lane),https://danbooru.donmai.us/posts/4002141,https://azurlane.koumakan.jp/File:Cheshire.png
post,4002144,candidate,champagne_(azur_lane),Default,included_supporting_post,champagne_(azur_lane),https://danbooru.donmai.us/posts/4002144,https://azurlane.koumakan.jp/File:Champagne.png
post,4048053,candidate,howe_(azur_lane),Noble Rouge,included_supporting_post,howe_(noble_rouge)_(azur_lane),https://danbooru.donmai.us/posts/4048053,https://azurlane.koumakan.jp/File:HoweCasualWithoutBG.png
post,4048059,candidate,valiant_(azur_lane),Default,included_supporting_post,valiant_(azur_lane),https://danbooru.donmai.us/posts/4048059,https://azurlane.koumakan.jp/File:Valiant.png
post,4048060,candidate,howe_(azur_lane),Default,included_supporting_post,howe_(azur_lane),https://danbooru.donmai.us/posts/4048060,https://azurlane.koumakan.jp/File:Howe.png
post,4048061,candidate,perseus_(azur_lane),Default,included_supporting_post,perseus_(azur_lane),https://danbooru.donmai.us/posts/4048061,https://azurlane.koumakan.jp/File:Perseus.png
post,4048062,candidate,hermione_(azur_lane),Default,included_supporting_post,hermione_(azur_lane),https://danbooru.donmai.us/posts/4048062,https://azurlane.koumakan.jp/File:Hermione.png
post,4048064,candidate,valiant_(azur_lane),Mischievous Little Nurse,excluded_no_qualifying_form_evidence,,https://danbooru.donmai.us/posts/4048064,https://azurlane.koumakan.jp/File:ValiantMedical.png
post,4048067,candidate,perseus_(azur_lane),Unfamiliar Duties,included_supporting_post,perseus_(unfamiliar_duties)_(azur_lane),https://danbooru.donmai.us/posts/4048067,https://azurlane.koumakan.jp/File:PerseusMedical.png
post,4048070,candidate,hermione_(azur_lane),Pure White Angel,included_supporting_post,hermione_(pure_white_angel)_(azur_lane),https://danbooru.donmai.us/posts/4048070,https://azurlane.koumakan.jp/File:HermioneMedical.png
post,4048696,candidate,amagi_(azur_lane),Wending Waters Serene Lotus,included_supporting_post,amagi_(wending_waters_serene_lotus)_(azur_lane),https://danbooru.donmai.us/posts/4048696,https://azurlane.koumakan.jp/File:AmagiSummerWithoutBG.png
post,4048697,candidate,indianapolis_(azur_lane),The Light of Circle City,excluded_no_qualifying_form_evidence,,https://danbooru.donmai.us/posts/4048697,https://azurlane.koumakan.jp/File:IndianapolisParty.png
post,4048700,candidate,z23_(azur_lane),Schwarze Hochzeit,included_supporting_post,z23_(schwarze_hochzeit)_(azur_lane),https://danbooru.donmai.us/posts/4048700,https://azurlane.koumakan.jp/File:Z23Wedding.png
post,4059297,candidate,york_(azur_lane),Summoner from the Azure Depths,included_supporting_post,york_(summoner_from_the_azure_depths)_(azur_lane),https://danbooru.donmai.us/posts/4059297,https://azurlane.koumakan.jp/File:YorkSummer.png
post,4059300,candidate,cheshire_(azur_lane),Summery Date!,excluded_no_qualifying_form_evidence,,https://danbooru.donmai.us/posts/4059300,https://azurlane.koumakan.jp/File:CheshireSummer.png
post,4059301,candidate,drake_(azur_lane),The Golden Hind's Respite,included_supporting_post,drake_(the_golden_hind's_respite)_(azur_lane),https://danbooru.donmai.us/posts/4059301,https://azurlane.koumakan.jp/File:DrakeSummer.png
post,4059303,candidate,z26_(azur_lane),Default,included_supporting_post,z26_(azur_lane),https://danbooru.donmai.us/posts/4059303,https://azurlane.koumakan.jp/File:Z26.png
post,4059304,candidate,u-96_(azur_lane),Secret Gaming Session,included_supporting_post,u-96_(secret_gaming_session)_(azur_lane),https://danbooru.donmai.us/posts/4059304,https://azurlane.koumakan.jp/File:U-96Casual.png
post,4059305,candidate,u-96_(azur_lane),Default,included_supporting_post,u-96_(azur_lane),https://danbooru.donmai.us/posts/4059305,https://azurlane.koumakan.jp/File:U-96.png
post,4059310,candidate,z26_(azur_lane),Sharing is Caring,included_supporting_post,z26_(sharing_is_caring)_(azur_lane),https://danbooru.donmai.us/posts/4059310,https://azurlane.koumakan.jp/File:Z26CasualWithoutBG.png
post,4097344,candidate,haruna_(azur_lane),Scarlet Innocence,excluded_no_qualifying_form_evidence,,https://danbooru.donmai.us/posts/4097344,https://twitter.com/azurlane_staff/status/1304328829503246340
post,4100632,candidate,saint-louis_(azur_lane),Holy Knight's Resplendence,excluded_no_qualifying_form_evidence,,https://danbooru.donmai.us/posts/4100632,https://i.pximg.net/img-original/img/2020/09/14/08/03/11/84365182_p0.jpg
post,4107032,candidate,kashino_(azur_lane),Hot Springs Relaxation,included_supporting_post,kashino_(hot_springs_relaxation)_(azur_lane),https://danbooru.donmai.us/posts/4107032,https://azurlane.koumakan.jp/File:KashinoSummer.png
post,4107034,candidate,kumano_(azur_lane),Fancy Waves,included_supporting_post,kumano_(fancy_waves)_(azur_lane),https://danbooru.donmai.us/posts/4107034,https://azurlane.koumakan.jp/File:KumanoSummer.png
post,4107036,candidate,chiyoda_(azur_lane),Shimmering Surf,included_supporting_post,chiyoda_(shimmering_surf)_(azur_lane),https://danbooru.donmai.us/posts/4107036,https://azurlane.koumakan.jp/File:ChiyodaSummer.png
post,4107037,candidate,suzutsuki_(azur_lane),Beachside Attendant!,excluded_no_qualifying_form_evidence,,https://danbooru.donmai.us/posts/4107037,https://azurlane.koumakan.jp/File:SuzutsukiSummer.png
post,4107038,candidate,kii_(azur_lane),Poolside Persuasion,included_supporting_post,kii_(poolside_persuasion)_(azur_lane),https://danbooru.donmai.us/posts/4107038,https://azurlane.koumakan.jp/File:KiiSummer.png
post,4107039,candidate,kashino_(azur_lane),Default,included_supporting_post,kashino_(azur_lane),https://danbooru.donmai.us/posts/4107039,https://azurlane.koumakan.jp/File:Kashino.png
post,4107040,candidate,kumano_(azur_lane),Default,included_supporting_post,kumano_(azur_lane),https://danbooru.donmai.us/posts/4107040,https://azurlane.koumakan.jp/File:Kumano.png
post,4107041,candidate,chitose_(azur_lane),Default,included_supporting_post,chitose_(azur_lane),https://danbooru.donmai.us/posts/4107041,https://azurlane.koumakan.jp/File:Chitose.png
post,4107042,candidate,chiyoda_(azur_lane),Base art,excluded_no_qualifying_form_evidence,,https://danbooru.donmai.us/posts/4107042,https://azurlane.koumakan.jp/File:Chiyoda.png
post,4107044,candidate,suzutsuki_(azur_lane),Default,included_supporting_post,suzutsuki_(azur_lane),https://danbooru.donmai.us/posts/4107044,https://azurlane.koumakan.jp/File:Suzutsuki.png
post,4107047,candidate,nicholas_(azur_lane),"Summer Cleaning ""Volunteer""",excluded_no_qualifying_form_evidence,,https://danbooru.donmai.us/posts/4107047,https://azurlane.koumakan.jp/File:NicholasSummer.png
post,4107048,candidate,surcouf_(azur_lane),Loisirs Balnéaires,included_supporting_post,surcouf_(loisirs_balneaires)_(azur_lane),https://danbooru.donmai.us/posts/4107048,https://azurlane.koumakan.jp/File:SurcoufSummer.png
post,4111450,candidate,kii_(azur_lane),Default,included_supporting_post,kii_(azur_lane),https://danbooru.donmai.us/posts/4111450,https://azurlane.koumakan.jp/File:Kii.png
post,4117733,candidate,hermione_(azur_lane),Pure White Holiday,included_supporting_post,hermione_(pure_white_holiday)_(azur_lane),https://danbooru.donmai.us/posts/4117733,https://azurlane.koumakan.jp/File:HermioneSummer.png
post,4117735,candidate,akagi_(azur_lane),Ruby-Laced Beauty,included_supporting_post,akagi_(ruby-laced_beauty)_(azur_lane),https://danbooru.donmai.us/posts/4117735,https://azurlane.koumakan.jp/File:AkagiParty.png
post,4117736,candidate,essex_(azur_lane),Craft Fairytail,included_supporting_post,essex_(craft_fairytail)_(azur_lane),https://danbooru.donmai.us/posts/4117736,https://azurlane.koumakan.jp/File:EssexParty.png
post,4117738,candidate,ayanami_(azur_lane),Nightfall Raiment,included_supporting_post,ayanami_(nightfall_raiment)_(azur_lane),https://danbooru.donmai.us/posts/4117738,https://azurlane.koumakan.jp/File:AyanamiParty.png
post,4117739,candidate,baltimore_(azur_lane),Evening Breeze Minuet,included_supporting_post,baltimore_(evening_breeze_minuet)_(azur_lane),https://danbooru.donmai.us/posts/4117739,https://azurlane.koumakan.jp/File:BaltimoreParty.png
post,4117763,candidate,u-110_(azur_lane),"A Cute, Sharky Reverie",included_supporting_post,u-110_(a_cute_sharky_reverie)_(azur_lane),https://danbooru.donmai.us/posts/4117763,https://azurlane.koumakan.jp/File:U-110Casual.png
post,4117764,candidate,ariake_(azur_lane),Unending Friendship,included_supporting_post,ariake_(unending_friendship)_(azur_lane),https://danbooru.donmai.us/posts/4117764,https://azurlane.koumakan.jp/File:AriakeParty.png
post,4117766,candidate,hatsushimo_(azur_lane),Perennial Joy,included_supporting_post,hatsushimo_(perennial_joy)_(azur_lane),https://danbooru.donmai.us/posts/4117766,https://azurlane.koumakan.jp/File:HatsushimoParty.png
post,4117767,candidate,ikazuchi_(azur_lane),Dawn's Thunder,included_supporting_post,ikazuchi_(dawn's_thunder)_(azur_lane),https://danbooru.donmai.us/posts/4117767,https://azurlane.koumakan.jp/File:IkazuchiParty.png
post,4117768,candidate,inazuma_(azur_lane),Dusk's Lightning,included_supporting_post,inazuma_(dusk's_lightning)_(azur_lane),https://danbooru.donmai.us/posts/4117768,https://azurlane.koumakan.jp/File:InazumaParty.png
post,4118890,candidate,kaga_(azur_lane),Exalted White Wings,included_supporting_post,kaga_(exalted_white_wings)_(azur_lane),https://danbooru.donmai.us/posts/4118890,https://azurlane.koumakan.jp/w/images/6/61/KagaParty.png
post,4125497,candidate,ariake_(azur_lane),Retrofit,included_supporting_post,ariake_(retrofit)_(azur_lane),https://danbooru.donmai.us/posts/4125497,https://twitter.com/azurlane_staff/status/1310853102036156417
post,4128664,candidate,akashi_(azur_lane),White Cat's Repayment,included_supporting_post,akashi_(white_cat's_repayment)_(azur_lane),https://danbooru.donmai.us/posts/4128664,https://azurlane.koumakan.jp/File:AkashiWedding.png
post,4128666,candidate,shinano_(azur_lane),Dreams of the Hazy Moon,included_supporting_post,shinano_(dreams_of_the_hazy_moon)_(azur_lane),https://danbooru.donmai.us/posts/4128666,https://azurlane.koumakan.jp/File:ShinanoParty.png
post,4128667,candidate,tosa_(azur_lane),Hometown Zest,included_supporting_post,tosa_(hometown_zest)_(azur_lane),https://danbooru.donmai.us/posts/4128667,https://azurlane.koumakan.jp/File:TosaSummer.png
post,4161997,candidate,princeton_(azur_lane),Default,included_supporting_post,princeton_(azur_lane),https://danbooru.donmai.us/posts/4161997,https://azurlane.koumakan.jp/w/images/8/83/Princeton.png
post,4162001,candidate,princeton_(azur_lane),Seaside Training,included_supporting_post,princeton_(seaside_training)_(azur_lane),https://danbooru.donmai.us/posts/4162001,https://azurlane.koumakan.jp/w/images/8/8c/PrincetonSummer.png
post,4168657,candidate,u-110_(azur_lane),Garnished Supershark,included_supporting_post,u-110_(garnished_supershark)_(azur_lane),https://danbooru.donmai.us/posts/4168657,https://twitter.com/azurlane_staff/status/1320555782455214085
post,4170588,candidate,bremerton_(azur_lane),School,excluded_no_qualifying_form_evidence,,https://danbooru.donmai.us/posts/4170588,https://twitter.com/azurlane_staff/status/1320992836976738304
post,4174472,candidate,dido_(azur_lane),Muse,excluded_no_qualifying_form_evidence,,https://danbooru.donmai.us/posts/4174472,https://azurlane.koumakan.jp/File:Dido_%C2%B5.png
post,4174474,candidate,baltimore_(azur_lane),Muse,excluded_no_qualifying_form_evidence,,https://danbooru.donmai.us/posts/4174474,https://azurlane.koumakan.jp/File:Baltimore_%C2%B5.png
post,4174475,candidate,hammann_(azur_lane),Hammanyan Pawnch!,excluded_no_qualifying_form_evidence,,https://danbooru.donmai.us/posts/4174475,https://azurlane.koumakan.jp/File:HammannIdol.png
post,4174476,candidate,albacore_(azur_lane),Muse,excluded_no_qualifying_form_evidence,,https://danbooru.donmai.us/posts/4174476,https://azurlane.koumakan.jp/File:Albacore_%C2%B5.png
post,4174477,candidate,warspite_(azur_lane),Under Pleasure,included_supporting_post,warspite_(under_pleasure)_(azur_lane),https://danbooru.donmai.us/posts/4174477,https://azurlane.koumakan.jp/File:WarspiteIdol.png
post,4174516,candidate,vampire_(azur_lane),Night Princess Idol,included_supporting_post,vampire_(night_princess_idol)_(azur_lane),https://danbooru.donmai.us/posts/4174516,https://azurlane.koumakan.jp/File:VampireIdol.png
post,4174517,candidate,queen_elizabeth_(azur_lane),One Night Of The Queen,included_supporting_post,queen_elizabeth_(one_night_of_the_queen)_(azur_lane),https://danbooru.donmai.us/posts/4174517,https://azurlane.koumakan.jp/File:Queen_ElizabethIdol.png
post,4174518,candidate,z46_(azur_lane),Star-Lit★Chocolate,included_supporting_post,z46_(star-lit_chocolate)_(azur_lane),https://danbooru.donmai.us/posts/4174518,https://azurlane.koumakan.jp/File:Z46Idol.png
post,4174522,candidate,roon_(azur_lane),Muse,excluded_no_qualifying_form_evidence,,https://danbooru.donmai.us/posts/4174522,https://azurlane.koumakan.jp/File:Roon_%C2%B5.png
post,4174524,candidate,taihou_(azur_lane),Muse,excluded_no_qualifying_form_evidence,,https://danbooru.donmai.us/posts/4174524,https://azurlane.koumakan.jp/File:Taihou_%C2%B5.png
post,4184899,candidate,tashkent_(azur_lane),Muse,excluded_no_qualifying_form_evidence,,https://danbooru.donmai.us/posts/4184899,https://azurlane.koumakan.jp/w/images/7/7f/Tashkent_%C2%B5WithoutBG.png
post,4239422,candidate,bush_(azur_lane),Budding Painter,excluded_no_qualifying_form_evidence,,https://danbooru.donmai.us/posts/4239422,https://i.pximg.net/img-original/img/2020/09/13/20/30/00/84351966_p0.png
post,4255821,candidate,yuudachi_(azur_lane),Woofy Floofy Christmas Night,included_supporting_post,yuudachi_(woofy_floofy_christmas_night)_(azur_lane),https://danbooru.donmai.us/posts/4255821,https://twitter.com/AzurLane_EN/status/1339993835959627777
post,4256517,candidate,tb_(azur_lane),Default,included_supporting_post,tb_(azur_lane),https://danbooru.donmai.us/posts/4256517,https://twitter.com/azurlane_staff/status/1339843195912429569
post,4261838,candidate,minneapolis_(azur_lane),Holy Night Ride,included_supporting_post,minneapolis_(holy_night_ride)_(azur_lane),https://danbooru.donmai.us/posts/4261838,https://twitter.com/azurlane_staff/status/1341282549239144448
post,4274160,candidate,u-110_(azur_lane),"New Year, Small Shark",included_supporting_post,u-110_(new_year_small_shark)_(azur_lane),https://danbooru.donmai.us/posts/4274160,https://twitter.com/azurlane_staff/status/1343811323012866050
post,4275306,candidate,z28_(azur_lane),Default,included_supporting_post,z28_(azur_lane),https://danbooru.donmai.us/posts/4275306,https://azurlane.koumakan.jp/w/images/8/8d/Z28.png
post,4276210,candidate,suzutsuki_(azur_lane),"Suzutsuki, Hanetsuki Adept!",excluded_no_qualifying_form_evidence,,https://danbooru.donmai.us/posts/4276210,https://azurlane.koumakan.jp/File:SuzutsukiNew_Year.png
post,4290538,candidate,nuernberg_(azur_lane),Spring Wanderer,excluded_no_qualifying_form_evidence,,https://danbooru.donmai.us/posts/4290538,https://azurlane.koumakan.jp/w/images/d/d4/N%C3%BCrnbergNew_Year.png
post,4290539,candidate,nuernberg_(azur_lane),Default,excluded_no_qualifying_form_evidence,,https://danbooru.donmai.us/posts/4290539,https://azurlane.koumakan.jp/w/images/3/36/N%C3%BCrnberg.png
post,4290540,candidate,weser_(azur_lane),Default,included_supporting_post,weser_(azur_lane),https://danbooru.donmai.us/posts/4290540,https://azurlane.koumakan.jp/w/images/9/90/Weser.png
post,4290541,candidate,prinz_heinrich_(azur_lane),Fireworks and Tapestries,included_supporting_post,prinz_heinrich_(fireworks_and_tapestries)_(azur_lane),https://danbooru.donmai.us/posts/4290541,https://azurlane.koumakan.jp/w/images/3/3c/Prinz_HeinrichNew_Year.png
post,4290542,candidate,prinz_heinrich_(azur_lane),Default,included_supporting_post,prinz_heinrich_(azur_lane),https://danbooru.donmai.us/posts/4290542,https://azurlane.koumakan.jp/w/images/6/6c/Prinz_Heinrich.png
post,4290545,candidate,peter_strasser_(azur_lane),Default,included_supporting_post,peter_strasser_(azur_lane),https://danbooru.donmai.us/posts/4290545,https://azurlane.koumakan.jp/w/images/a/a0/Peter_Strasser.png
post,4323062,candidate,z23_(azur_lane),The Eyecatch in the Rye?,excluded_no_qualifying_form_evidence,,https://danbooru.donmai.us/posts/4323062,https://i.pximg.net/img-original/img/2021/01/25/22/10/37/87302366_p0.png
post,4327968,candidate,vincenzo_gioberti_(azur_lane),Base art,included_supporting_post,vincenzo_gioberti_(azur_lane),https://danbooru.donmai.us/posts/4327968,https://azurlane.koumakan.jp/w/images/4/43/Vincenzo_Gioberti.png
post,4327991,candidate,fubuki_(azur_lane),Stormy Waitress-in-Training,excluded_no_qualifying_form_evidence,,https://danbooru.donmai.us/posts/4327991,https://azurlane.koumakan.jp/w/images/2/2c/FubukiPizza.png
post,4329824,candidate,nagato_(azur_lane),Guardian Fox's Vacation,excluded_no_qualifying_form_evidence,,https://danbooru.donmai.us/posts/4329824,https://twitter.com/rityulate/status/1327912025142398979
post,4329906,candidate,haruna_(azur_lane),The Elegant Lotus,excluded_no_qualifying_form_evidence,,https://danbooru.donmai.us/posts/4329906,https://i.pximg.net/img-original/img/2021/01/10/15/45/00/86952487_p0.png
post,4342621,candidate,cheshire_(azur_lane),Cait Sith Crooner,included_supporting_post,cheshire_(cait_sith_crooner)_(azur_lane),https://danbooru.donmai.us/posts/4342621,https://azurlane.koumakan.jp/w/images/f/fa/CheshireSpringWithoutBG.png
post,4342626,candidate,essex_(azur_lane),Brush and Ink,included_supporting_post,essex_(brush_and_ink)_(azur_lane),https://danbooru.donmai.us/posts/4342626,https://azurlane.koumakan.jp/w/images/7/79/EssexSpring.png
post,4342641,candidate,glowworm_(azur_lane),Jokey Adjudicator,included_supporting_post,glowworm_(jokey_adjudicator)_(azur_lane),https://danbooru.donmai.us/posts/4342641,https://azurlane.koumakan.jp/w/images/c/c7/GlowwormSpring.png
post,4342650,candidate,i-25_(azur_lane),Sweet Wine of Celebration,included_supporting_post,i-25_(sweet_wine_of_celebration)_(azur_lane),https://danbooru.donmai.us/posts/4342650,https://azurlane.koumakan.jp/w/images/8/82/I-25Spring.png
post,4342664,candidate,la_galissonniere_(azur_lane),Lush Spring Dreams,included_supporting_post,la_galissonniere_(lush_spring_dreams)_(azur_lane),https://danbooru.donmai.us/posts/4342664,https://azurlane.koumakan.jp/w/images/1/1b/La_Galissonni%C3%A8reSpring.png
post,4342670,candidate,ooshio_(azur_lane),Bringer of Fortunes,included_supporting_post,ooshio_(bringer_of_fortunes)_(azur_lane),https://danbooru.donmai.us/posts/4342670,https://azurlane.koumakan.jp/w/images/b/b1/OoshioSpring.png
post,4342675,candidate,penelope_(azur_lane),Ruby-Red Boudoir,included_supporting_post,penelope_(ruby-red_boudoir)_(azur_lane),https://danbooru.donmai.us/posts/4342675,https://azurlane.koumakan.jp/w/images/3/3d/PenelopeSpring.png
post,4342678,candidate,queen_elizabeth_(azur_lane),Crown Jewel Of The Royal Navy,included_supporting_post,queen_elizabeth_(crown_jewel_of_the_royal_navy)_(azur_lane),https://danbooru.donmai.us/posts/4342678,https://azurlane.koumakan.jp/w/images/d/d1/Queen_ElizabethSpring.png
post,4342689,candidate,saratoga_(azur_lane),Spring's Opening Act!,excluded_no_qualifying_form_evidence,,https://danbooru.donmai.us/posts/4342689,https://azurlane.koumakan.jp/w/images/a/a3/SaratogaSpring.png
post,4342703,candidate,u-410_(azur_lane),Spring Festival Scheme,included_supporting_post,u-410_(spring_festival_scheme)_(azur_lane),https://danbooru.donmai.us/posts/4342703,https://azurlane.koumakan.jp/w/images/1/1c/U-410Spring.png
post,4342712,candidate,victorious_(azur_lane),Guidance of the Spring Goddess,included_supporting_post,victorious_(guidance_of_the_spring_goddess)_(azur_lane),https://danbooru.donmai.us/posts/4342712,https://azurlane.koumakan.jp/w/images/0/08/VictoriousSpringWithoutBG.png
post,4342725,candidate,ying_swei_(azur_lane),Snowy Pine's Warmth,included_supporting_post,ying_swei_(snowy_pine's_warmth)_(azur_lane),https://danbooru.donmai.us/posts/4342725,https://azurlane.koumakan.jp/w/images/7/79/Ying_SweiSpring.png
post,4342739,candidate,birmingham_(azur_lane),Fruitful Snow of an Auspicious Year,included_supporting_post,birmingham_(fruitful_snow_of_an_auspicious_year)_(azur_lane),https://danbooru.donmai.us/posts/4342739,https://azurlane.koumakan.jp/w/images/3/35/BirminghamSpring.png
post,4342780,candidate,z46_(azur_lane),Jianzhi Fantasia,included_supporting_post,z46_(jianzhi_fantasia)_(azur_lane),https://danbooru.donmai.us/posts/4342780,https://azurlane.koumakan.jp/w/images/e/e3/Z46Spring.png
post,4342786,candidate,bremerton_(azur_lane),Kung Fu Cruiser,included_supporting_post,bremerton_(kung_fu_cruiser)_(azur_lane),https://danbooru.donmai.us/posts/4342786,https://azurlane.koumakan.jp/w/images/7/76/BremertonSpring.png
post,4342789,candidate,chao_ho_(azur_lane),Plum Blossom's Illumination,included_supporting_post,chao_ho_(plum_blossom's_illumination)_(azur_lane),https://danbooru.donmai.us/posts/4342789,https://azurlane.koumakan.jp/w/images/6/6c/Chao_HoSpring.png
post,4342792,candidate,penelope_(azur_lane),Default,included_supporting_post,penelope_(azur_lane),https://danbooru.donmai.us/posts/4342792,https://azurlane.koumakan.jp/w/images/8/8d/Penelope.png
post,4342794,candidate,chao_ho_(azur_lane),Default,included_supporting_post,chao_ho_(azur_lane),https://danbooru.donmai.us/posts/4342794,https://azurlane.koumakan.jp/w/images/e/ee/Chao_Ho.png
post,4342806,candidate,ying_swei_(azur_lane),Default,included_supporting_post,ying_swei_(azur_lane),https://danbooru.donmai.us/posts/4342806,https://azurlane.koumakan.jp/w/images/c/cb/Ying_Swei.png
post,4342814,candidate,u-410_(azur_lane),Default,included_supporting_post,u-410_(azur_lane),https://danbooru.donmai.us/posts/4342814,https://azurlane.koumakan.jp/w/images/c/c3/U-410.png
post,4346306,candidate,hiryuu_(azur_lane),META,excluded_no_qualifying_form_evidence,,https://danbooru.donmai.us/posts/4346306,https://azurlane.koumakan.jp/w/images/5/5a/Hiryuu_META.png
post,4346317,candidate,glorious_(azur_lane),Pungent Plum,included_supporting_post,glorious_(pungent_plum)_(azur_lane),https://danbooru.donmai.us/posts/4346317,https://azurlane.koumakan.jp/w/images/1/11/GloriousSpring.png
post,4360027,candidate,nicholas_(azur_lane),After-School Promise,included_supporting_post,nicholas_(after-school_promise)_(azur_lane),https://danbooru.donmai.us/posts/4360027,https://azurlane.koumakan.jp/w/images/3/33/NicholasSchoolWithoutBG.png
post,4360034,candidate,ajax_(azur_lane),Valentine's Reward?,excluded_no_qualifying_form_evidence,,https://danbooru.donmai.us/posts/4360034,https://azurlane.koumakan.jp/w/images/8/88/AjaxSchoolWithoutBG.png
post,4370316,candidate,stremitelny_(azur_lane),Default,included_supporting_post,stremitelny_(azur_lane),https://danbooru.donmai.us/posts/4370316,https://azurlane.koumakan.jp/w/images/6/6d/Stremitelny.png
post,4377586,candidate,hornet_(azur_lane),Freshly-Baked Bonding!,excluded_no_qualifying_form_evidence,,https://danbooru.donmai.us/posts/4377586,https://azurlane.koumakan.jp/File:HornetPizza.png
post,4381089,candidate,chapayev_(azur_lane),White Cavalier's Respite,included_supporting_post,chapayev_(white_cavalier's_respite)_(azur_lane),https://danbooru.donmai.us/posts/4381089,https://azurlane.koumakan.jp/w/images/a/a6/ChapayevCasual.png
post,4381092,candidate,gangut_(azur_lane),Keeper of the Firewater,included_supporting_post,gangut_(keeper_of_the_firewater)_(azur_lane),https://danbooru.donmai.us/posts/4381092,https://azurlane.koumakan.jp/w/images/0/0e/GangutCasual.png
post,4381099,candidate,gremyashchy_(azur_lane),Default,included_supporting_post,gremyashchy_(azur_lane),https://danbooru.donmai.us/posts/4381099,https://azurlane.koumakan.jp/w/images/c/ce/Gremyashchy.png
post,4381105,candidate,gremyashchy_(azur_lane),A Daytime Delight is in a Book,included_supporting_post,gremyashchy_(a_daytime_delight_is_in_a_book)_(azur_lane),https://danbooru.donmai.us/posts/4381105,https://azurlane.koumakan.jp/w/images/5/55/GremyashchyCasualWithoutBG.png
post,4381110,candidate,gromky_(azur_lane),Default,included_supporting_post,gromky_(azur_lane),https://danbooru.donmai.us/posts/4381110,https://azurlane.koumakan.jp/w/images/0/0c/GromkyWithoutBG.png
post,4381118,candidate,grozny_(azur_lane),Bunny Remodeling Plan?,excluded_no_qualifying_form_evidence,,https://danbooru.donmai.us/posts/4381118,https://azurlane.koumakan.jp/w/images/0/06/GroznyCasual.png
post,4381122,candidate,pamiat_merkuria_(azur_lane),Sweet Cherry Memories,excluded_no_qualifying_form_evidence,,https://danbooru.donmai.us/posts/4381122,https://azurlane.koumakan.jp/w/images/7/73/Pamiat_MerkuriaCasual.png
post,4381125,candidate,pamiat_merkuria_(azur_lane),Retrofit,excluded_no_qualifying_form_evidence,,https://danbooru.donmai.us/posts/4381125,https://azurlane.koumakan.jp/w/images/c/c2/Pamiat_MerkuriaKai.png
post,4381137,candidate,stremitelny_(azur_lane),No Snow No Life,included_supporting_post,stremitelny_(no_snow_no_life)_(azur_lane),https://danbooru.donmai.us/posts/4381137,https://azurlane.koumakan.jp/w/images/7/78/StremitelnyCasual.png
post,4381145,candidate,tallinn_(azur_lane),Nostalgic Pilsner,included_supporting_post,tallinn_(nostalgic_pilsner)_(azur_lane),https://danbooru.donmai.us/posts/4381145,https://azurlane.koumakan.jp/w/images/a/ab/TallinnCasual.png
post,4381151,candidate,tashkent_(azur_lane),The Blue Snoozer,included_supporting_post,tashkent_(the_blue_snoozer)_(azur_lane),https://danbooru.donmai.us/posts/4381151,https://azurlane.koumakan.jp/w/images/0/09/TashkentCasual.png
post,4381155,candidate,tallinn_(azur_lane),Default,included_supporting_post,tallinn_(azur_lane),https://danbooru.donmai.us/posts/4381155,https://azurlane.koumakan.jp/w/images/a/a1/Tallinn.png
post,4381166,candidate,sovetskaya_belorussiya_(azur_lane),Default,included_supporting_post,sovetskaya_belorussiya_(azur_lane),https://danbooru.donmai.us/posts/4381166,https://azurlane.koumakan.jp/w/images/c/c2/Sovetskaya_Belorussiya.png
post,4381170,candidate,sovetskaya_belorussiya_(azur_lane),Relaxation Stratagem,included_supporting_post,sovetskaya_belorussiya_(relaxation_stratagem)_(azur_lane),https://danbooru.donmai.us/posts/4381170,https://azurlane.koumakan.jp/w/images/5/5f/Sovetskaya_BelorussiyaCasual.png
post,4381172,candidate,gromky_(azur_lane),Morning's Beckoning,included_supporting_post,gromky_(morning's_beckoning)_(azur_lane),https://danbooru.donmai.us/posts/4381172,https://azurlane.koumakan.jp/w/images/b/bf/GromkyCasual.png
post,4382858,candidate,kirov_(azur_lane),Blend R,included_supporting_post,kirov_(blend_r)_(azur_lane),https://danbooru.donmai.us/posts/4382858,https://azurlane.koumakan.jp/Special:NewFiles#/media/File:KirovCasual.png
post,4383497,candidate,murmansk_(azur_lane),Default,included_supporting_post,murmansk_(azur_lane),https://danbooru.donmai.us/posts/4383497,https://azurlane.koumakan.jp/w/images/3/3a/Murmansk.png
post,4383509,candidate,murmansk_(azur_lane),Sceneries of Pure Snow,included_supporting_post,murmansk_(sceneries_of_pure_snow)_(azur_lane),https://danbooru.donmai.us/posts/4383509,https://azurlane.koumakan.jp/w/images/c/ca/MurmanskCasual.png
post,4384559,candidate,kirov_(azur_lane),Default,included_supporting_post,kirov_(azur_lane),https://danbooru.donmai.us/posts/4384559,https://azurlane.koumakan.jp/w/images/7/7f/KirovWithoutBG.png
post,4387415,candidate,tirpitz_(azur_lane),Seasonal Pine and the Frost Flower,included_supporting_post,tirpitz_(seasonal_pine_and_the_frost_flower)_(azur_lane),https://danbooru.donmai.us/posts/4387415,https://azurlane.koumakan.jp/Tirpitz/Gallery#Without_Background
post,4388776,candidate,georgia_(azur_lane),Exalted Vibrance,excluded_no_qualifying_form_evidence,,https://danbooru.donmai.us/posts/4388776,https://azurlane.koumakan.jp/w/images/b/b3/GeorgiaNew_Year.png
post,4397837,candidate,princeton_(azur_lane),Lollipop Paradise,included_supporting_post,princeton_(lolipop_paradise)_(azur_lane),https://danbooru.donmai.us/posts/4397837,https://azurlane.koumakan.jp/w/images/5/5d/PrincetonSchoolWithoutBG.png
post,4411896,candidate,le_temeraire_(azur_lane),Dreamy Dolce,included_supporting_post,le_temeraire_(dreamy_dolce)_(azur_lane),https://danbooru.donmai.us/posts/4411896,https://azurlane.koumakan.jp/w/images/7/75/Le_T%C3%A9m%C3%A9raireCasual.png
post,4411918,candidate,ning_hai_(azur_lane),Da Bao's Friend!,included_supporting_post,ning_hai_(da_bao's_friend)_(azur_lane),https://danbooru.donmai.us/posts/4411918,https://azurlane.koumakan.jp/w/images/3/3d/Ning_HaiCasual.png
post,4411921,candidate,ping_hai_(azur_lane),Baobao's Buddy!,excluded_no_qualifying_form_evidence,,https://danbooru.donmai.us/posts/4411921,https://azurlane.koumakan.jp/w/images/a/a3/Ping_HaiCasual.png
post,4411931,candidate,centaur_(azur_lane),Beachside Undine,included_supporting_post,centaur_(beachside_undine)_(azur_lane),https://danbooru.donmai.us/posts/4411931,https://azurlane.koumakan.jp/File:CentaurSummer.png
post,4429074,candidate,saint-louis_(azur_lane),Alluring Administrator,excluded_no_qualifying_form_evidence,,https://danbooru.donmai.us/posts/4429074,https://i.pximg.net/img-original/img/2021/03/23/00/00/30/88640591_p0.png
post,4436000,candidate,stephen_potter_(azur_lane),Default,included_supporting_post,stephen_potter_(azur_lane),https://danbooru.donmai.us/posts/4436000,https://azurlane.koumakan.jp/File:Stephen_Potter.png
post,4436003,candidate,allen_m._sumner_(azur_lane),Default,excluded_no_qualifying_form_evidence,,https://danbooru.donmai.us/posts/4436003,https://azurlane.koumakan.jp/File:Allen_M._Sumner.png
post,4436013,candidate,baltimore_(azur_lane),Ace's Travel Journal,included_supporting_post,baltimore_(ace's_travel_journal)_(azur_lane),https://danbooru.donmai.us/posts/4436013,https://azurlane.koumakan.jp/File:BaltimoreNew_Year.png
post,4444938,candidate,jean_bart_(azur_lane),First Snow Upon the Cutlass's Edge,included_supporting_post,jean_bart_(first_snow_upon_the_cutlass's_edge)_(azur_lane),https://danbooru.donmai.us/posts/4444938,https://azurlane.koumakan.jp/File:Jean_BartNew_Year.png
post,4445363,candidate,north_carolina_(azur_lane),Default,excluded_no_qualifying_form_evidence,,https://danbooru.donmai.us/posts/4445363,https://twitter.com/raiou_/status/1377470267828539392
post,4457533,candidate,bunker_hill_(azur_lane),Mission Relaxation,included_supporting_post,bunker_hill_(mission_relaxation)_(azur_lane),https://danbooru.donmai.us/posts/4457533,https://azurlane.koumakan.jp/File:Bunker_HillCasualWithoutBG.png
post,4457537,candidate,astoria_(azur_lane),Black Bunny Carnival,included_supporting_post,astoria_(black_bunny_carnival)_(azur_lane),https://danbooru.donmai.us/posts/4457537,https://azurlane.koumakan.jp/File:AstoriaBunny.png
post,4459530,candidate,noshiro_(azur_lane),Xanadu's Eventide,excluded_no_qualifying_form_evidence,,https://danbooru.donmai.us/posts/4459530,https://i.pximg.net/img-original/img/2021/04/10/12/49/46/89054739_p0.jpg
post,4465402,candidate,belfast_(azur_lane),Folded Fascination,excluded_no_qualifying_form_evidence,,https://danbooru.donmai.us/posts/4465402,https://twitter.com/SB898989/status/1381945200558362627
post,4472065,candidate,oite_(azur_lane),Default,included_supporting_post,oite_(azur_lane),https://danbooru.donmai.us/posts/4472065,https://azurlane.koumakan.jp/File:Oite.png
post,4478704,candidate,torricelli_(azur_lane),Shady Seaside,included_supporting_post,torricelli_(shady_seaside)_(azur_lane),https://danbooru.donmai.us/posts/4478704,https://twitter.com/azurlane_staff/status/1384756285208514561
post,4481254,candidate,libeccio_(azur_lane),Beachbound Southwestern Wind!,excluded_no_qualifying_form_evidence,,https://danbooru.donmai.us/posts/4481254,https://azurlane.koumakan.jp/File:LibeccioSummer.png
post,4481255,candidate,pola_(azur_lane),Seaside Coincidence,excluded_no_qualifying_form_evidence,,https://danbooru.donmai.us/posts/4481255,https://azurlane.koumakan.jp/File:PolaSummer.png
post,4481256,candidate,giulio_cesare_(azur_lane),High Tide Under the Sunlight,included_supporting_post,giulio_cesare_(high_tide_under_the_sunlight)_(azur_lane),https://danbooru.donmai.us/posts/4481256,https://azurlane.koumakan.jp/File:Giulio_CesareSummer.png
post,4481261,candidate,maestrale_(azur_lane),Default,included_supporting_post,maestrale_(azur_lane),https://danbooru.donmai.us/posts/4481261,https://azurlane.koumakan.jp/File:Maestrale.png
post,4481262,candidate,libeccio_(azur_lane),Default,included_supporting_post,libeccio_(azur_lane),https://danbooru.donmai.us/posts/4481262,https://azurlane.koumakan.jp/w/images/3/32/Libeccio.png
post,4481263,candidate,duca_degli_abruzzi_(azur_lane),Default,included_supporting_post,duca_degli_abruzzi_(azur_lane),https://danbooru.donmai.us/posts/4481263,https://azurlane.koumakan.jp/File:Duca_degli_Abruzzi.png
post,4481267,candidate,vittorio_veneto_(azur_lane),Default,included_supporting_post,vittorio_veneto_(azur_lane),https://danbooru.donmai.us/posts/4481267,https://azurlane.koumakan.jp/w/images/e/e0/Vittorio_Veneto.png
post,4481387,candidate,aquila_(azur_lane),Sardegnian Shallows and Sunshine,included_supporting_post,aquila_(sardegnian_shallows_and_sunshine)_(azur_lane),https://danbooru.donmai.us/posts/4481387,https://azurlane.koumakan.jp/File:AquilaSummerWithoutBG.png
post,4481543,candidate,maestrale_(azur_lane),Lonesome Beachfarer,included_supporting_post,maestrale_(lonesome_beachfarer)_(azur_lane),https://danbooru.donmai.us/posts/4481543,https://azurlane.koumakan.jp/File:MaestraleSummerWithoutBG.png
post,4481548,candidate,nicoloso_da_recco_(azur_lane),To a Smashing Voyage!,excluded_no_qualifying_form_evidence,,https://danbooru.donmai.us/posts/4481548,https://azurlane.koumakan.jp/File:Nicoloso_da_ReccoSummer.png
post,4481584,candidate,vittorio_veneto_(azur_lane),The Flower of La Spezia,included_supporting_post,vittorio_veneto_(the_flower_of_la_spezia)_(azur_lane),https://danbooru.donmai.us/posts/4481584,https://azurlane.koumakan.jp/File:Vittorio_VenetoSummerWithoutBG.png
post,4481591,candidate,amagi_(azur_lane);amagi-chan_(azur_lane),[[Amagi-chan (azur lane)|]];,excluded_no_qualifying_form_evidence,,https://danbooru.donmai.us/posts/4481591,https://azurlane.koumakan.jp/File:Amagi-chan.png
post,4481610,candidate,aquila_(azur_lane),Default,included_supporting_post,aquila_(azur_lane),https://danbooru.donmai.us/posts/4481610,https://azurlane.koumakan.jp/File:AquilaWithoutBG.png
post,4481625,candidate,conte_di_cavour_(azur_lane),Fierce Beachside Battle,included_supporting_post,conte_di_cavour_(fierce_beachside_battle)_(azur_lane),https://danbooru.donmai.us/posts/4481625,https://azurlane.koumakan.jp/File:Conte_di_CavourSummer.png
post,4481674,candidate,duca_degli_abruzzi_(azur_lane),Lustrous Onyx Sirenetta,excluded_no_qualifying_form_evidence,,https://danbooru.donmai.us/posts/4481674,https://azurlane.koumakan.jp/File:Duca_degli_AbruzziSummer.png
post,4481698,candidate,hood_(azur_lane),Porcelain Grace,included_supporting_post,hood_(porcelain_grace)_(azur_lane),https://danbooru.donmai.us/posts/4481698,https://azurlane.koumakan.jp/File:HoodNew_Year.png
post,4481734,candidate,kaga_(azur_lane),Gentle Blossom's Sigh,included_supporting_post,kaga_(gentle_blossom's_sigh)_(azur_lane),https://danbooru.donmai.us/posts/4481734,https://azurlane.koumakan.jp/File:KagaNew_Year2WithoutBG.png
post,4482220,candidate,nicoloso_da_recco_(azur_lane),Default,included_supporting_post,nicoloso_da_recco_(azur_lane),https://danbooru.donmai.us/posts/4482220,https://azurlane.koumakan.jp/File:Nicoloso_da_ReccoWithoutBG.png
post,4482285,candidate,oite_(azur_lane),Summer Dedication,included_supporting_post,oite_(summer_dedication)_(azur_lane),https://danbooru.donmai.us/posts/4482285,https://azurlane.koumakan.jp/File:OiteSummer.png
post,4518410,candidate,ayanami_(azur_lane),Off-Duty Battle Station Gear,included_supporting_post,ayanami_(off-duty_battle_station_gear)_(azur_lane),https://danbooru.donmai.us/posts/4518410,https://azurlane.koumakan.jp/w/images/7/72/AyanamiBluray2WithoutBG.png
post,4530666,candidate,torricelli_(azur_lane),Default,excluded_no_qualifying_form_evidence,,https://danbooru.donmai.us/posts/4530666,https://twitter.com/Byul_zzi/status/1387686616135725058
post,4547011,candidate,archerfish_(azur_lane),Coquettish Bunny,included_supporting_post,archerfish_(coquettish_bunny)_(azur_lane),https://danbooru.donmai.us/posts/4547011,https://azurlane.koumakan.jp/File:ArcherfishBunny.png
post,4547012,candidate,allen_m._sumner_(azur_lane),Charming Rabbit,excluded_no_qualifying_form_evidence,,https://danbooru.donmai.us/posts/4547012,https://azurlane.koumakan.jp/File:Allen_M._SumnerBunny.png
post,4547013,candidate,san_francisco_(azur_lane),Default,included_supporting_post,san_francisco_(azur_lane),https://danbooru.donmai.us/posts/4547013,https://azurlane.koumakan.jp/File:San_Francisco.png
post,4547014,candidate,san_francisco_(azur_lane),Funny Bunny!,excluded_no_qualifying_form_evidence,,https://danbooru.donmai.us/posts/4547014,https://azurlane.koumakan.jp/File:San_FranciscoBunny.png
post,4547742,candidate,little_enterprise_(azur_lane),Default,included_supporting_post,little_enterprise_(azur_lane),https://danbooru.donmai.us/posts/4547742,https://azurlane.koumakan.jp/File:Little_Enterprise.png
post,4547744,candidate,ticonderoga_(azur_lane),Default,included_supporting_post,ticonderoga_(azur_lane),https://danbooru.donmai.us/posts/4547744,https://azurlane.koumakan.jp/File:Ticonderoga.png
post,4547748,candidate,archerfish_(azur_lane),,excluded_no_qualifying_form_evidence,,https://danbooru.donmai.us/posts/4547748,https://azurlane.koumakan.jp/File:Archerfish.png
post,4547752,candidate,morrison_(azur_lane),Default,included_supporting_post,morrison_(azur_lane),https://danbooru.donmai.us/posts/4547752,https://azurlane.koumakan.jp/File:Morrison.png
post,4547763,candidate,boise_(azur_lane),Default,included_supporting_post,boise_(azur_lane),https://danbooru.donmai.us/posts/4547763,https://azurlane.koumakan.jp/File:BoiseWithoutBG.png
post,4547768,candidate,boise_(azur_lane),Sheepish Sapphire,included_supporting_post,boise_(sheepish_sapphire)_(azur_lane),https://danbooru.donmai.us/posts/4547768,https://azurlane.koumakan.jp/File:BoiseBunnyWithoutBG.png
post,4547777,candidate,new_jersey_(azur_lane),Exhilarating Steps!,excluded_no_qualifying_form_evidence,,https://danbooru.donmai.us/posts/4547777,https://azurlane.koumakan.jp/File:New_JerseyBunny.png
post,4547807,candidate,morrison_(azur_lane),Sleeping Bunny,included_supporting_post,morrison_(sleeping_bunny)_(azur_lane),https://danbooru.donmai.us/posts/4547807,https://azurlane.koumakan.jp/File:MorrisonBunny.png
post,4547849,candidate,ticonderoga_(azur_lane),Show Stopper!,excluded_no_qualifying_form_evidence,,https://danbooru.donmai.us/posts/4547849,https://azurlane.koumakan.jp/File:TiconderogaBunnyWithoutBG.png
post,4547962,candidate,stephen_potter_(azur_lane),Chillaxation Station,included_supporting_post,stephen_potter_(chillaxation_station)_(azur_lane),https://danbooru.donmai.us/posts/4547962,https://azurlane.koumakan.jp/File:Stephen_PotterBunny.png
post,4547967,candidate,acasta_(azur_lane),Monochromatic Marvel,included_supporting_post,acasta_(monochromatic_marvel)_(azur_lane),https://danbooru.donmai.us/posts/4547967,https://azurlane.koumakan.jp/File:AcastaBunnyWithoutBG.png
post,4547971,candidate,kinu_(azur_lane),Token and Ghost,included_supporting_post,kinu_(token_and_ghost)_(azur_lane),https://danbooru.donmai.us/posts/4547971,https://azurlane.koumakan.jp/File:KinuBunny.png
post,4547974,candidate,i-19_(azur_lane),Blossoming Bunny,included_supporting_post,i-19_(blossoming_bunny)_(azur_lane),https://danbooru.donmai.us/posts/4547974,https://azurlane.koumakan.jp/File:I-19Bunny.png
post,4547988,candidate,unicorn_(azur_lane),Icy-Sweet Storytime,included_supporting_post,unicorn_(icy-sweet_storytime)_(azur_lane),https://danbooru.donmai.us/posts/4547988,https://azurlane.koumakan.jp/File:UnicornCasual2.png
post,4547992,candidate,saratoga_(azur_lane),The Sweetest Picnic!,excluded_no_qualifying_form_evidence,,https://danbooru.donmai.us/posts/4547992,https://azurlane.koumakan.jp/File:SaratogaCasual.png
post,4548627,candidate,new_jersey_(azur_lane),Default,included_supporting_post,new_jersey_(azur_lane),https://danbooru.donmai.us/posts/4548627,https://azurlane.koumakan.jp/w/images/9/9e/New_Jersey.png
post,4561323,candidate,formidable_(azur_lane),Timeless Classics,excluded_no_qualifying_form_evidence,,https://danbooru.donmai.us/posts/4561323,https://azurlane.koumakan.jp/File:FormidableParty.png
post,4561328,candidate,black_prince_(azur_lane),Pop the Cork,included_supporting_post,black_prince_(pop_the_cork)_(azur_lane),https://danbooru.donmai.us/posts/4561328,https://azurlane.koumakan.jp/File:Black_PrinceParty.png
post,4561336,candidate,hood_(azur_lane),Dawnlight's Dame,included_supporting_post,hood_(dawnlight's_dame)_(azur_lane),https://danbooru.donmai.us/posts/4561336,https://azurlane.koumakan.jp/File:HoodParty.png
post,4561348,candidate,montpelier_(azur_lane),Persephone's Throne,included_supporting_post,montpelier_(persephone's_throne)_(azur_lane),https://danbooru.donmai.us/posts/4561348,https://azurlane.koumakan.jp/File:MontpelierPartyWithoutBG.png
post,4561352,candidate,hatsuharu_(azur_lane),Hatsuharu in the Limelight,included_supporting_post,hatsuharu_(hatsuharu_in_the_limelight)_(azur_lane),https://danbooru.donmai.us/posts/4561352,https://azurlane.koumakan.jp/File:HatsuharuPartyWithoutBG.png
post,4561362,candidate,naganami_(azur_lane),Long-Awaited Warmth,included_supporting_post,naganami_(long-awaited_warmth)_(azur_lane),https://danbooru.donmai.us/posts/4561362,https://azurlane.koumakan.jp/File:NaganamiParty.png
post,4561376,candidate,valiant_(azur_lane),Queen Valiant I,excluded_no_qualifying_form_evidence,,https://danbooru.donmai.us/posts/4561376,https://azurlane.koumakan.jp/File:ValiantParty.png
post,4561783,candidate,hammann_(azur_lane),Holy Night Surprise!,excluded_no_qualifying_form_evidence,,https://danbooru.donmai.us/posts/4561783,https://azurlane.koumakan.jp/w/images/0/02/HammannChristmas.png
post,4562554,candidate,kashino_(azur_lane),Playboy bunny,excluded_no_qualifying_form_evidence,,https://danbooru.donmai.us/posts/4562554,https://i.pximg.net/img-original/img/2021/06/05/00/06/39/90324751_p0.jpg
post,4574870,candidate,rodney_(azur_lane),Palace of Blessings,included_supporting_post,rodney_(palace_of_blessings)_(azur_lane),https://danbooru.donmai.us/posts/4574870,https://azurlane.koumakan.jp/File:RodneyWedding.png
post,4574872,candidate,ark_royal_(azur_lane),Pure-White Protector,included_supporting_post,ark_royal_(pure-white_protector)_(azur_lane),https://danbooru.donmai.us/posts/4574872,https://azurlane.koumakan.jp/File:Ark_RoyalWedding.png
post,4601474,candidate,shirayuki_(azur_lane),Default,included_supporting_post,shirayuki_(azur_lane),https://danbooru.donmai.us/posts/4601474,https://azurlane.koumakan.jp/File:Shirayuki.png
post,4601477,candidate,shirayuki_(azur_lane),Bunny Breeder,included_supporting_post,shirayuki_(bunny_breeder)_(azur_lane),https://danbooru.donmai.us/posts/4601477,https://azurlane.koumakan.jp/File:ShirayukiSchool.png
post,4601484,candidate,kazagumo_(azur_lane),Default,included_supporting_post,kazagumo_(azur_lane),https://danbooru.donmai.us/posts/4601484,https://azurlane.koumakan.jp/File:Kazagumo.png
post,4601490,candidate,kazagumo_(azur_lane),After-School Melody,included_supporting_post,kazagumo_(after-school_melody)_(azur_lane),https://danbooru.donmai.us/posts/4601490,https://azurlane.koumakan.jp/File:KazagumoSchool.png
post,4601502,candidate,kasumi_(azur_lane),Retrofit,included_supporting_post,kasumi_(retrofit)_(azur_lane),https://danbooru.donmai.us/posts/4601502,https://azurlane.koumakan.jp/File:KasumiKaiWithoutBG.png
post,4601512,candidate,kasumi_(azur_lane),At School with Foo,included_supporting_post,kasumi_(at_school_with_foo)_(azur_lane),https://danbooru.donmai.us/posts/4601512,https://azurlane.koumakan.jp/File:KasumiSchoolWithoutBG.png
post,4601800,candidate,memphis_(azur_lane),A Breath of Fresh Air,excluded_no_qualifying_form_evidence,,https://danbooru.donmai.us/posts/4601800,https://azurlane.koumakan.jp/File:MemphisSchool.png
post,4601804,candidate,urakaze_(azur_lane),Sengoku☆Shredder!,excluded_no_qualifying_form_evidence,,https://danbooru.donmai.us/posts/4601804,https://azurlane.koumakan.jp/File:UrakazeSchool.png
post,4601816,candidate,cassin_(azur_lane),Shopping Carte Blanche,included_supporting_post,cassin_(shopping_carte_blanche)_(azur_lane),https://danbooru.donmai.us/posts/4601816,https://azurlane.koumakan.jp/File:CassinSchool.png
post,4601825,candidate,downes_(azur_lane),Part-Time Bomber,included_supporting_post,downes_(part-time_bomber)_(azur_lane),https://danbooru.donmai.us/posts/4601825,https://azurlane.koumakan.jp/File:DownesSchool.png
post,4627904,candidate,aegir_(azur_lane),Default,excluded_no_qualifying_form_evidence,,https://danbooru.donmai.us/posts/4627904,https://azurlane.koumakan.jp/File:%C3%84girWithoutBG.png
post,4627910,candidate,august_von_parseval_(azur_lane),Default,included_supporting_post,august_von_parseval_(azur_lane),https://danbooru.donmai.us/posts/4627910,https://azurlane.koumakan.jp/File:August_von_ParsevalWithoutBG.png
post,4627918,candidate,laffey_(azur_lane),Sleep to Clean Another Day,included_supporting_post,laffey_(sleep_to_clean_another_day)_(azur_lane),https://danbooru.donmai.us/posts/4627918,https://azurlane.koumakan.jp/File:LaffeyBluray2WithoutBG.png
post,4627919,candidate,z23_(azur_lane),Keeper of the Comf-Fort,included_supporting_post,z23_(keeper_of_the_comf-fort)_(azur_lane),https://danbooru.donmai.us/posts/4627919,https://azurlane.koumakan.jp/File:Z23Bluray2.png
post,4627924,candidate,anchorage_(azur_lane),Default,included_supporting_post,anchorage_(azur_lane),https://danbooru.donmai.us/posts/4627924,https://azurlane.koumakan.jp/File:AnchorageWithoutBG.png
post,4637683,candidate,aurora_(azur_lane),Heritage of Yu City,excluded_no_qualifying_form_evidence,,https://danbooru.donmai.us/posts/4637683,https://i.pximg.net/img-original/img/2021/06/27/16/22/23/90735580_p0.jpg
post,4655121,candidate,marco_polo_(azur_lane),Default,included_supporting_post,marco_polo_(azur_lane),https://danbooru.donmai.us/posts/4655121,https://azurlane.koumakan.jp/w/index.php?title=File:Marco_Polo.png&redirect=no
post,4660382,candidate,yuugure_(azur_lane),Summer Festival Shopping,included_supporting_post,yuugure_(summer_festival_shopping)_(azur_lane),https://danbooru.donmai.us/posts/4660382,https://azurlane.koumakan.jp/File:YuugureFestivalWithoutBG.png
post,4660386,candidate,arashio_(azur_lane),The Gentlest Firework,included_supporting_post,arashio_(the_gentlest_firework)_(azur_lane),https://danbooru.donmai.us/posts/4660386,https://azurlane.koumakan.jp/File:ArashioFestival.png
post,4700061,candidate,ardent_(azur_lane),Master Ardent?,excluded_no_qualifying_form_evidence,,https://danbooru.donmai.us/posts/4700061,https://azurlane.koumakan.jp/File:ArdentBunnyWithoutBG.png
post,4700070,candidate,abercrombie_(azur_lane),Mischief on the Rocks,included_supporting_post,abercrombie_(mischief_on_the_rocks)_(azur_lane),https://danbooru.donmai.us/posts/4700070,https://azurlane.koumakan.jp/File:AbercrombieBunny.png
post,4700095,candidate,isokaze_(azur_lane),Sengoku☆Smasher!,included_supporting_post,isokaze_(sengoku_smasher)_(azur_lane),https://danbooru.donmai.us/posts/4700095,https://azurlane.koumakan.jp/File:IsokazeIdol.png
post,4700104,candidate,ark_royal_(azur_lane),Retrofit,included_supporting_post,ark_royal_(retrofit)_(azur_lane),https://danbooru.donmai.us/posts/4700104,https://azurlane.koumakan.jp/File:Ark_RoyalKai.png
post,4721415,candidate,nautilus_(azur_lane),Default,included_supporting_post,nautilus_(azur_lane),https://danbooru.donmai.us/posts/4721415,https://azurlane.koumakan.jp/File:NautilusWithoutBG.png
post,4721417,candidate,ingraham_(azur_lane),Default,included_supporting_post,ingraham_(azur_lane),https://danbooru.donmai.us/posts/4721417,https://azurlane.koumakan.jp/File:Ingraham.png
post,4721422,candidate,nautilus_(azur_lane),Afternoon Stretches,included_supporting_post,nautilus_(afternoon_stretches)_(azur_lane),https://danbooru.donmai.us/posts/4721422,https://azurlane.koumakan.jp/File:NautilusBunny.png
post,4721428,candidate,ingraham_(azur_lane),Fixin' for a Mixin',excluded_no_qualifying_form_evidence,,https://danbooru.donmai.us/posts/4721428,https://azurlane.koumakan.jp/File:IngrahamBunny.png
post,4748868,candidate,saratoga_(azur_lane),Cup Ramen Ambassador?,excluded_no_qualifying_form_evidence,,https://danbooru.donmai.us/posts/4748868,https://azurlane.koumakan.jp/File:SaratogaFood.png
post,4782469,candidate,shimakaze_(azur_lane),Default,included_supporting_post,shimakaze_(azur_lane),https://danbooru.donmai.us/posts/4782469,https://azurlane.koumakan.jp/File:ShimakazeWithoutBG.png
post,4782484,candidate,katsuragi_(azur_lane),Default,included_supporting_post,katsuragi_(azur_lane),https://danbooru.donmai.us/posts/4782484,https://azurlane.koumakan.jp/File:Katsuragi.png
post,4782888,candidate,katsuragi_(azur_lane),Reference sheet,excluded_no_qualifying_form_evidence,,https://danbooru.donmai.us/posts/4782888,https://twitter.com/yamakakeru2/status/1438813917355012104
post,4783498,candidate,chikuma_(azur_lane),Default,included_supporting_post,chikuma_(azur_lane),https://danbooru.donmai.us/posts/4783498,https://azurlane.koumakan.jp/File:Chikuma.png
post,4783509,candidate,shimakaze_(azur_lane),World's Speediest Bunny Waitress,included_supporting_post,shimakaze_(world's_speediest_bunny_waitress)_(azur_lane),https://danbooru.donmai.us/posts/4783509,https://azurlane.koumakan.jp/File:ShimakazeBunnyWithoutBG.png
post,4783516,candidate,katsuragi_(azur_lane),Night-Illuminating Festival,included_supporting_post,katsuragi_(night-illuminating_festival)_(azur_lane),https://danbooru.donmai.us/posts/4783516,https://azurlane.koumakan.jp/File:KatsuragiBunnyWithoutBG.png
post,4783529,candidate,yura_(azur_lane),Default,excluded_no_qualifying_form_evidence,,https://danbooru.donmai.us/posts/4783529,https://azurlane.koumakan.jp/File:Yura.png
post,4783539,candidate,yura_(azur_lane),We are Succubi?,excluded_no_qualifying_form_evidence,,https://danbooru.donmai.us/posts/4783539,https://azurlane.koumakan.jp/File:YuraBunny.png
post,4783550,candidate,umikaze_(azur_lane),Default,included_supporting_post,umikaze_(azur_lane),https://danbooru.donmai.us/posts/4783550,https://azurlane.koumakan.jp/File:Umikaze.png
post,4783566,candidate,umikaze_(azur_lane),Soft and Fluffy Therapy,included_supporting_post,umikaze_(soft_and_fluffy_therapy)_(azur_lane),https://danbooru.donmai.us/posts/4783566,https://azurlane.koumakan.jp/File:UmikazeBunny.png
post,4783577,candidate,yamakaze_(azur_lane),Default,included_supporting_post,yamakaze_(azur_lane),https://danbooru.donmai.us/posts/4783577,https://azurlane.koumakan.jp/File:Yamakaze.png
post,4783586,candidate,yamakaze_(azur_lane),Now for a Magic Trick,excluded_no_qualifying_form_evidence,,https://danbooru.donmai.us/posts/4783586,https://azurlane.koumakan.jp/File:YamakazeBunny.png
post,4783606,candidate,eldridge_(azur_lane),Moon Festival Spacewalk,included_supporting_post,eldridge_(moon_festival_spacewalk)_(azur_lane),https://danbooru.donmai.us/posts/4783606,https://azurlane.koumakan.jp/File:EldridgeFestivalWithoutBG.png
post,4783621,candidate,marblehead_(azur_lane),Moongazing on the 29.5th,excluded_no_qualifying_form_evidence,,https://danbooru.donmai.us/posts/4783621,https://azurlane.koumakan.jp/File:MarbleheadFestivalWithoutBG.png
post,4783639,candidate,isuzu_(azur_lane),Accidental Overheat?,excluded_no_qualifying_form_evidence,,https://danbooru.donmai.us/posts/4783639,https://azurlane.koumakan.jp/File:IsuzuBunny.png
post,4783646,candidate,black_prince_(azur_lane),Addled Attendant?,excluded_no_qualifying_form_evidence,,https://danbooru.donmai.us/posts/4783646,https://azurlane.koumakan.jp/File:Black_PrinceBunnyWithoutBG.png
post,4786672,candidate,yat_sen_(azur_lane),Coronal Afterglow,excluded_no_qualifying_form_evidence,,https://danbooru.donmai.us/posts/4786672,https://i.pximg.net/img-original/img/2021/09/11/19/14/12/92669216_p0.jpg
post,4798899,candidate,aquila_(azur_lane),A Sip of Sardegnian Elegance,included_supporting_post,aquila_(a_sip_of_sardegnian_elegance)_(azur_lane),https://danbooru.donmai.us/posts/4798899,https://azurlane.koumakan.jp/File:AquilaPartyWithoutBG.png
post,4798902,candidate,peter_strasser_(azur_lane),A Moment Frozen In Pure White,included_supporting_post,peter_strasser_(a_moment_frozen_in_pure_white)_(azur_lane),https://danbooru.donmai.us/posts/4798902,https://azurlane.koumakan.jp/File:Peter_StrasserParty.png
post,4798905,candidate,emile_bertin_(azur_lane),Gilded Dance,included_supporting_post,emile_bertin_(gilded_dance)_(azur_lane),https://danbooru.donmai.us/posts/4798905,https://azurlane.koumakan.jp/File:%C3%89mile_BertinParty.png
post,4798908,candidate,exeter_(azur_lane),A Glorious Toast,excluded_no_qualifying_form_evidence,,https://danbooru.donmai.us/posts/4798908,https://azurlane.koumakan.jp/File:ExeterParty.png
post,4798911,candidate,fortune_(azur_lane),Seraphic Sunshine,included_supporting_post,fortune_(seraphic_sunshine)_(azur_lane),https://danbooru.donmai.us/posts/4798911,https://azurlane.koumakan.jp/File:FortuneParty.png
post,4798916,candidate,vauquelin_(azur_lane),One-Girl Orchestra,included_supporting_post,vauquelin_(one-girl_orchestra)_(azur_lane),https://danbooru.donmai.us/posts/4798916,https://azurlane.koumakan.jp/File:VauquelinParty.png
post,4798920,candidate,vincenzo_gioberti_(azur_lane),Fair Lady's Invitation,included_supporting_post,vincenzo_gioberti_(fair_lady's_invitation)_(azur_lane),https://danbooru.donmai.us/posts/4798920,https://azurlane.koumakan.jp/File:Vincenzo_GiobertiParty.png
post,4798925,candidate,san_juan_(azur_lane),The Longing Princess,included_supporting_post,san_juan_(the_longing_princess)_(azur_lane),https://danbooru.donmai.us/posts/4798925,https://azurlane.koumakan.jp/File:San_JuanParty.png
post,4798927,candidate,michishio_(azur_lane),Fluttering Fanfare,included_supporting_post,michishio_(fluttering_fanfare)_(azur_lane),https://danbooru.donmai.us/posts/4798927,https://azurlane.koumakan.jp/File:MichishioParty.png
post,4819916,candidate,yuudachi_(azur_lane),Retrofit,included_supporting_post,yuudachi_(retrofit)_(azur_lane),https://danbooru.donmai.us/posts/4819916,https://azurlane.koumakan.jp/File:YuudachiKaiWithoutBG.png
post,4819922,candidate,yorktown_(azur_lane),Saintly Wings,included_supporting_post,yorktown_(saintly_wings)_(azur_lane),https://danbooru.donmai.us/posts/4819922,https://azurlane.koumakan.jp/File:YorktownTravelWithoutBG.png
post,4819928,candidate,york_(azur_lane),Oath of Purity,included_supporting_post,york_(oath_of_purity)_(azur_lane),https://danbooru.donmai.us/posts/4819928,https://azurlane.koumakan.jp/File:YorkWeddingWithoutBG.png
post,4822104,candidate,taihou_(azur_lane),Temptation on the Sea Breeze,included_supporting_post,taihou_(temptation_on_the_sea_breeze)_(azur_lane),https://danbooru.donmai.us/posts/4822104,https://azurlane.koumakan.jp/File:TaihouWedding.png
post,4868673,candidate,new_orleans_(azur_lane),Default,included_supporting_post,new_orleans_(azur_lane),https://danbooru.donmai.us/posts/4868673,https://azurlane.koumakan.jp/File:New_Orleans.png
post,4875415,candidate,le_terrible_(azur_lane),Default,included_supporting_post,le_terrible_(azur_lane),https://danbooru.donmai.us/posts/4875415,https://azurlane.koumakan.jp/File:Le_TerribleWithoutBG.png
post,4875422,candidate,le_terrible_(azur_lane),"Silence, Slumber, and Solace",included_supporting_post,le_terrible_(silence_slumber_and_solace)_(azur_lane),https://danbooru.donmai.us/posts/4875422,https://azurlane.koumakan.jp/File:Le_TerribleCasual.png
post,4875465,candidate,kumano_(azur_lane),PJ Poker Party,included_supporting_post,kumano_(pj_poker_party)_(azur_lane),https://danbooru.donmai.us/posts/4875465,https://azurlane.koumakan.jp/File:KumanoCasualWithoutBG.png
post,4875493,candidate,boise_(azur_lane),Castle Tales,included_supporting_post,boise_(castle_tales)_(azur_lane),https://danbooru.donmai.us/posts/4875493,https://azurlane.koumakan.jp/File:BoiseHalloweenWithoutBG.png
post,4875501,candidate,littorio_(azur_lane),Lounging Emerald,included_supporting_post,littorio_(lounging_emerald)_(azur_lane),https://danbooru.donmai.us/posts/4875501,https://azurlane.koumakan.jp/File:LittorioCasualWithoutBG.png
post,4875508,candidate,la_galissonniere_(azur_lane),Black Cat of All Hallows' Eve,included_supporting_post,la_galissonniere_(black_cat_of_all_hallows'_eve)_(azur_lane),https://danbooru.donmai.us/posts/4875508,https://azurlane.koumakan.jp/File:La_Galissonni%C3%A8reHalloween.png
post,4902390,candidate,noshiro_(azur_lane),A Tale of Two Lovers,excluded_no_qualifying_form_evidence,,https://danbooru.donmai.us/posts/4902390,https://i.pximg.net/img-original/img/2021/11/09/22/15/48/94028402_p0.png
post,4903455,candidate,noshiro_(azur_lane),Cozy Enclave,excluded_no_qualifying_form_evidence,,https://danbooru.donmai.us/posts/4903455,https://i.pximg.net/img-original/img/2021/11/10/04/20/48/94034749_p0.png
post,4910720,candidate,prinz_eugen_(azur_lane),Final Lap,included_supporting_post,prinz_eugen_(final_lap)_(azur_lane),https://danbooru.donmai.us/posts/4910720,https://azurlane.koumakan.jp/wiki/File:Prinz_EugenRaceQueen.png
post,4910725,candidate,enterprise_(azur_lane),Wind Catcher,included_supporting_post,enterprise_(wind_catcher)_(azur_lane),https://danbooru.donmai.us/posts/4910725,https://azurlane.koumakan.jp/wiki/File:EnterpriseRaceQueen.png
post,4912539,candidate,foch_(azur_lane),Default,included_supporting_post,foch_(azur_lane),https://danbooru.donmai.us/posts/4912539,https://azurlane.koumakan.jp/wiki/File:FochWithoutBG.png
post,4912548,candidate,foch_(azur_lane),Rainbow Rendezvous,included_supporting_post,foch_(rainbow_rendezvous)_(azur_lane),https://danbooru.donmai.us/posts/4912548,https://azurlane.koumakan.jp/wiki/File:FochCasualWithoutBG.png
post,4939000,candidate,hiyou_(azur_lane),META,excluded_no_qualifying_form_evidence,,https://danbooru.donmai.us/posts/4939000,https://azurlane.koumakan.jp/wiki/File:Hiyou_META.png
post,4939017,candidate,bremerton_(azur_lane),Day-Off Date,included_supporting_post,bremerton_(day-off_date)_(azur_lane),https://danbooru.donmai.us/posts/4939017,https://azurlane.koumakan.jp/wiki/File:BremertonCasual.png
post,4952572,candidate,atago_(azur_lane),Space Atago,excluded_no_qualifying_form_evidence,,https://danbooru.donmai.us/posts/4952572,https://i.pximg.net/img-original/img/2021/12/02/10/09/06/94511419_p0.jpg
post,4986353,candidate,colorado_(azur_lane),Traveling Melody,included_supporting_post,colorado_(traveling_melody)_(azur_lane),https://danbooru.donmai.us/posts/4986353,https://azurlane.koumakan.jp/wiki/File:ColoradoTravel.png
post,4986360,candidate,gneisenau_(azur_lane),META,excluded_no_qualifying_form_evidence,,https://danbooru.donmai.us/posts/4986360,https://azurlane.koumakan.jp/wiki/File:Gneisenau_META.png
post,4986368,candidate,new_orleans_(azur_lane),Evening Agricole,included_supporting_post,new_orleans_(evening_agricole)_(azur_lane),https://danbooru.donmai.us/posts/4986368,https://azurlane.koumakan.jp/wiki/File:New_OrleansBunny.png
post,5000931,candidate,akatsuki_(azur_lane),Santa's Lost Helper!,excluded_no_qualifying_form_evidence,,https://danbooru.donmai.us/posts/5000931,https://azurlane.koumakan.jp/wiki/File:AkatsukiChristmasWithoutBG.png
post,5016503,candidate,elbe_(azur_lane),Time to Show Off?,excluded_no_qualifying_form_evidence,,https://danbooru.donmai.us/posts/5016503,https://azurlane.koumakan.jp/wiki/File:ElbeMaid.png
post,5017657,candidate,elbe_(azur_lane),Default,included_supporting_post,elbe_(azur_lane),https://danbooru.donmai.us/posts/5017657,https://azurlane.koumakan.jp/wiki/File:Elbe.png
post,5018432,candidate,ulrich_von_hutten_(azur_lane),Default,included_supporting_post,ulrich_von_hutten_(azur_lane),https://danbooru.donmai.us/posts/5018432,https://azurlane.koumakan.jp/wiki/File:Ulrich_von_Hutten.png
post,5018438,candidate,ulrich_von_hutten_(azur_lane),Mayhem Maid,included_supporting_post,ulrich_von_hutten_(mayhem_maid)_(azur_lane),https://danbooru.donmai.us/posts/5018438,https://azurlane.koumakan.jp/wiki/File:Ulrich_von_HuttenMaidWithoutBG.png
post,5018442,candidate,prinz_adalbert_(azur_lane),Default,included_supporting_post,prinz_adalbert_(azur_lane),https://danbooru.donmai.us/posts/5018442,https://azurlane.koumakan.jp/wiki/File:Prinz_Adalbert.png
post,5018454,candidate,magdeburg_(azur_lane),Default,included_supporting_post,magdeburg_(azur_lane),https://danbooru.donmai.us/posts/5018454,https://azurlane.koumakan.jp/wiki/File:Magdeburg.png
post,5018461,candidate,magdeburg_(azur_lane),Cat Café Cleanup,included_supporting_post,magdeburg_(cat_cafe_cleanup)_(azur_lane),https://danbooru.donmai.us/posts/5018461,https://azurlane.koumakan.jp/wiki/File:MagdeburgMaidWithoutBG.png
post,5018464,candidate,u-1206_(azur_lane),Default,included_supporting_post,u-1206_(azur_lane),https://danbooru.donmai.us/posts/5018464,https://azurlane.koumakan.jp/wiki/File:U-1206.png
post,5018469,candidate,u-1206_(azur_lane),Maid Just for You,included_supporting_post,u-1206_(maid_just_for_you)_(azur_lane),https://danbooru.donmai.us/posts/5018469,https://azurlane.koumakan.jp/wiki/File:U-1206Maid.png
post,5018471,candidate,queen_elizabeth_(azur_lane),"Yes, Your Maidness!",excluded_no_qualifying_form_evidence,,https://danbooru.donmai.us/posts/5018471,https://azurlane.koumakan.jp/wiki/File:Queen_ElizabethMaid.png
post,5018488,candidate,albacore_(azur_lane),A Catty Surprise!,excluded_no_qualifying_form_evidence,,https://danbooru.donmai.us/posts/5018488,https://azurlane.koumakan.jp/wiki/File:AlbacoreMaidWithoutBG.png
post,5018492,candidate,august_von_parseval_(azur_lane),The Conquered Unhulde,included_supporting_post,august_von_parseval_(the_conquered_unhulde)_(azur_lane),https://danbooru.donmai.us/posts/5018492,https://azurlane.koumakan.jp/wiki/File:August_von_ParsevalMaidWithoutBG.png
post,5018497,candidate,bismarck_(azur_lane),Iron-Black Elysium,excluded_no_qualifying_form_evidence,,https://danbooru.donmai.us/posts/5018497,https://azurlane.koumakan.jp/wiki/File:BismarckMaidWithoutBG.png
post,5020119,candidate,howe_(azur_lane),Pastry Princess,included_supporting_post,howe_(pastry_princess)_(azur_lane),https://danbooru.donmai.us/posts/5020119,https://azurlane.koumakan.jp/wiki/File:HoweMaid.png
post,5020124,candidate,marco_polo_(azur_lane),The Queen of Hearts,included_supporting_post,marco_polo_(the_queen_of_hearts)_(azur_lane),https://danbooru.donmai.us/posts/5020124,https://azurlane.koumakan.jp/wiki/File:Marco_PoloMaid.png
post,5020138,candidate,u-47_(azur_lane),Urban Maid,excluded_no_qualifying_form_evidence,,https://danbooru.donmai.us/posts/5020138,https://azurlane.koumakan.jp/wiki/File:U-47Maid.png
post,5020144,candidate,z46_(azur_lane),Chronicles of the Dust Wars,included_supporting_post,z46_(chronicles_of_the_dust_wars)_(azur_lane),https://danbooru.donmai.us/posts/5020144,https://azurlane.koumakan.jp/wiki/File:Z46MaidWithoutBG.png
post,5020156,candidate,penelope_(azur_lane),Salty Maid,included_supporting_post,penelope_(salty_maid)_(azur_lane),https://danbooru.donmai.us/posts/5020156,https://azurlane.koumakan.jp/wiki/File:PenelopeMaid.png
post,5020162,candidate,leipzig_(azur_lane),Storefront Training,included_supporting_post,leipzig_(storefront_training)_(azur_lane),https://danbooru.donmai.us/posts/5020162,https://azurlane.koumakan.jp/wiki/File:LeipzigMaid.png
post,5020174,candidate,southampton_(azur_lane),Afternoon Impromptu,included_supporting_post,southampton_(afternoon_impromptu)_(azur_lane),https://danbooru.donmai.us/posts/5020174,https://azurlane.koumakan.jp/wiki/File:SouthamptonMaidWithoutBG.png
post,5020219,candidate,weser_(azur_lane),Obsidian Elegance,included_supporting_post,weser_(obsidian_elegance)_(azur_lane),https://danbooru.donmai.us/posts/5020219,https://azurlane.koumakan.jp/wiki/File:WeserNew_Year.png
post,5020228,candidate,u-37_(azur_lane),Default,included_supporting_post,u-37_(azur_lane),https://danbooru.donmai.us/posts/5020228,https://azurlane.koumakan.jp/wiki/File:U-37.png
post,5020231,candidate,u-37_(azur_lane),New Year's Nightingale,included_supporting_post,u-37_(new_year's_nightingale)_(azur_lane),https://danbooru.donmai.us/posts/5020231,https://azurlane.koumakan.jp/wiki/File:U-37New_Year.png
post,5020247,candidate,biloxi_(azur_lane),Night Sky's Brilliant Blue Blossoms,included_supporting_post,biloxi_(night_sky's_brilliant_blue_blossoms)_(azur_lane),https://danbooru.donmai.us/posts/5020247,https://azurlane.koumakan.jp/wiki/File:BiloxiNew_YearWithoutBG.png
post,5020255,candidate,z24_(azur_lane),Default,included_supporting_post,z24_(azur_lane),https://danbooru.donmai.us/posts/5020255,https://azurlane.koumakan.jp/wiki/File:Z24.png
post,5020261,candidate,z24_(azur_lane),Festival-going Fiend,included_supporting_post,z24_(festival-going_fiend)_(azur_lane),https://danbooru.donmai.us/posts/5020261,https://azurlane.koumakan.jp/wiki/File:Z24New_Year.png
post,5020267,candidate,z28_(azur_lane),New Year Smorgasbord!,excluded_no_qualifying_form_evidence,,https://danbooru.donmai.us/posts/5020267,https://azurlane.koumakan.jp/wiki/File:Z28New_Year.png
post,5020275,candidate,odin_(azur_lane),Black Strokes upon Blank Snow,included_supporting_post,odin_(black_strokes_upon_blank_snow)_(azur_lane),https://danbooru.donmai.us/posts/5020275,https://azurlane.koumakan.jp/wiki/File:OdinNew_Year.png
post,5020279,candidate,champagne_(azur_lane),Lapis Lazuli's First Dream,included_supporting_post,champagne_(lapis_lazuli's_first_dream)_(azur_lane),https://danbooru.donmai.us/posts/5020279,https://azurlane.koumakan.jp/wiki/File:ChampagneNew_Year.png
post,5020294,candidate,asashio_(azur_lane),Snow-Dusted Lynx Tips,included_supporting_post,asashio_(snow-dusted_lynx_tips)_(azur_lane),https://danbooru.donmai.us/posts/5020294,https://azurlane.koumakan.jp/wiki/File:AsashioNew_Year.png
post,5031944,candidate,choukai_(azur_lane),"Tidy Store, Tidy Mind",excluded_no_qualifying_form_evidence,,https://danbooru.donmai.us/posts/5031944,https://i.pximg.net/img-original/img/2021/12/31/19/34/33/95169029_p0.jpg
post,5079962,candidate,reno_(azur_lane),Spring's Inspiration,excluded_no_qualifying_form_evidence,,https://danbooru.donmai.us/posts/5079962,https://i.pximg.net/img-original/img/2022/01/24/22/00/01/95751631_p0.png
post,5083291,candidate,noshiro_(azur_lane),Hold the Ice,excluded_no_qualifying_form_evidence,,https://danbooru.donmai.us/posts/5083291,https://i.pximg.net/img-original/img/2022/01/16/00/00/02/95551069_p0.jpg
post,5088912,candidate,charybdis_(azur_lane),Default,included_supporting_post,charybdis_(azur_lane),https://danbooru.donmai.us/posts/5088912,https://azurlane.koumakan.jp/wiki/File:Charybdis.png
post,5088914,candidate,charybdis_(azur_lane),Red Chamber of Healing,included_supporting_post,charybdis_(red_chamber_of_healing)_(azur_lane),https://danbooru.donmai.us/posts/5088914,https://azurlane.koumakan.jp/wiki/File:CharybdisSpring.png
post,5088919,candidate,bristol_(azur_lane),Default,included_supporting_post,bristol_(azur_lane),https://danbooru.donmai.us/posts/5088919,https://azurlane.koumakan.jp/wiki/File:Bristol.png
post,5088928,candidate,chen_hai_(azur_lane),Default,included_supporting_post,chen_hai_(azur_lane),https://danbooru.donmai.us/posts/5088928,https://azurlane.koumakan.jp/wiki/File:Chen_Hai.png
post,5088932,candidate,chen_hai_(azur_lane),Vestibule of Wonders,included_supporting_post,chen_hai_(vestibule_of_wonders)_(azur_lane),https://danbooru.donmai.us/posts/5088932,https://azurlane.koumakan.jp/wiki/File:Chen_HaiSpring.png
post,5088941,candidate,hai_chi_(azur_lane),Default,included_supporting_post,hai_chi_(azur_lane),https://danbooru.donmai.us/posts/5088941,https://azurlane.koumakan.jp/wiki/File:Hai_ChiWithoutBG.png
post,5088944,candidate,hai_chi_(azur_lane),A Dance Among The Lotuses,excluded_no_qualifying_form_evidence,,https://danbooru.donmai.us/posts/5088944,https://azurlane.koumakan.jp/wiki/File:Hai_ChiSpring.png
post,5088949,candidate,hai_tien_(azur_lane),Default,included_supporting_post,hai_tien_(azur_lane),https://danbooru.donmai.us/posts/5088949,https://azurlane.koumakan.jp/wiki/File:Hai_TienWithoutBG.png
post,5088953,candidate,hai_tien_(azur_lane),Verse-Weaver at the Water's Edge,included_supporting_post,hai_tien_(verse-weaver_at_the_water's_edge)_(azur_lane),https://danbooru.donmai.us/posts/5088953,https://azurlane.koumakan.jp/wiki/File:Hai_TienSpringWithoutBG.png
post,5088956,candidate,an_shan_(azur_lane),Retrofit,included_supporting_post,an_shan_(retrofit)_(azur_lane),https://danbooru.donmai.us/posts/5088956,https://azurlane.koumakan.jp/wiki/File:An_ShanKai.png
post,5088962,candidate,chang_chun_(azur_lane),Retrofit,included_supporting_post,chang_chun_(retrofit)_(azur_lane),https://danbooru.donmai.us/posts/5088962,https://azurlane.koumakan.jp/wiki/File:Chang_ChunKai.png
post,5088966,candidate,junyou_(azur_lane),META,excluded_no_qualifying_form_evidence,,https://danbooru.donmai.us/posts/5088966,https://azurlane.koumakan.jp/wiki/File:Junyou_META.png
post,5088975,candidate,akagi_(azur_lane),Dawn Phoenix's Summons,excluded_no_qualifying_form_evidence,,https://danbooru.donmai.us/posts/5088975,https://azurlane.koumakan.jp/wiki/File:AkagiSpringWithoutBG.png
post,5088981,candidate,kaga_(azur_lane),Dusk-Simurgh's Vigil,included_supporting_post,kaga_(dusk-simurgh's_vigil)_(azur_lane),https://danbooru.donmai.us/posts/5088981,https://azurlane.koumakan.jp/wiki/File:KagaSpringWithoutBG.png
post,5088986,candidate,oite_(azur_lane),"Jet Ink, Silver Quills",included_supporting_post,oite_(jet_ink_silver_quills)_(azur_lane),https://danbooru.donmai.us/posts/5088986,https://azurlane.koumakan.jp/wiki/File:OiteSpring.png
post,5088991,candidate,naganami_(azur_lane),Nestling Up for the Long Nights,included_supporting_post,naganami_(nestling_up_for_the_long_nights)_(azur_lane),https://danbooru.donmai.us/posts/5088991,https://azurlane.koumakan.jp/wiki/File:NaganamiSpringWithoutBG.png
post,5088994,candidate,ayanami_(azur_lane),Dynasty Shipgirl,included_supporting_post,ayanami_(dynasty_shipgirl)_(azur_lane),https://danbooru.donmai.us/posts/5088994,https://azurlane.koumakan.jp/wiki/File:AyanamiSpring2WithoutBG.png
post,5088995,candidate,u-73_(azur_lane),New Year's Chemistry,included_supporting_post,u-73_(new_year's_chemistry)_(azur_lane),https://danbooru.donmai.us/posts/5088995,https://azurlane.koumakan.jp/wiki/File:U-73Spring.png
post,5088997,candidate,pennsylvania_(azur_lane),The Keystone General,included_supporting_post,pennsylvania_(the_keystone_general)_(azur_lane),https://danbooru.donmai.us/posts/5088997,https://azurlane.koumakan.jp/wiki/File:PennsylvaniaSpring.png
post,5089002,candidate,arizona_(azur_lane),Enchantress from Afar,included_supporting_post,arizona_(enchantress_from_afar)_(azur_lane),https://danbooru.donmai.us/posts/5089002,https://azurlane.koumakan.jp/wiki/File:ArizonaSpringWithoutBG.png
post,5089008,candidate,hermione_(azur_lane),Pristine Herbalist,included_supporting_post,hermione_(pristine_herbalist)_(azur_lane),https://danbooru.donmai.us/posts/5089008,https://azurlane.koumakan.jp/wiki/File:HermioneSpring.png
post,5089010,candidate,rodney_(azur_lane),Immaculate Beauty,included_supporting_post,rodney_(immaculate_beauty)_(azur_lane),https://danbooru.donmai.us/posts/5089010,https://azurlane.koumakan.jp/wiki/File:RodneySpring.png
post,5089018,candidate,hanazuki_(azur_lane),"Blossoming Spring, Resplendent Moon",included_supporting_post,hanazuki_(blossoming_spring_resplendent_moon)_(azur_lane),https://danbooru.donmai.us/posts/5089018,https://azurlane.koumakan.jp/wiki/File:HanazukiSpring.png
post,5089030,candidate,asashio_(azur_lane),Robes of Dancing Clouds,included_supporting_post,asashio_(robes_of_dancing_clouds)_(azur_lane),https://danbooru.donmai.us/posts/5089030,https://azurlane.koumakan.jp/wiki/File:AsashioSpring.png
post,5089055,candidate,columbia_(azur_lane),Across the Vast Prairies,included_supporting_post,columbia_(across_the_vast_prairies)_(azur_lane),https://danbooru.donmai.us/posts/5089055,https://azurlane.koumakan.jp/wiki/File:ColumbiaTravelWithoutBG.png
post,5131459,candidate,pamiat_merkuria_(azur_lane),Playboy Bunny,excluded_no_qualifying_form_evidence,,https://danbooru.donmai.us/posts/5131459,https://twitter.com/Byul_zzi/status/1493169005368320008
post,5133676,candidate,an_shan_(azur_lane),"Setting Sun, Hearts as One",included_supporting_post,an_shan_(setting_sun_hearts_as_one)_(azur_lane),https://danbooru.donmai.us/posts/5133676,https://azurlane.netojuu.com/w/images/7/70/An_ShanSchool.png
post,5159959,candidate,kiev_(azur_lane),Default,included_supporting_post,kiev_(azur_lane),https://danbooru.donmai.us/posts/5159959,https://azurlane.koumakan.jp/wiki/File:Kiev.png
post,5159966,candidate,kronshtadt_(azur_lane),Default,included_supporting_post,kronshtadt_(azur_lane),https://danbooru.donmai.us/posts/5159966,https://azurlane.netojuu.com/w/images/7/72/KronshtadtWithoutBG.png
post,5164999,candidate,soobrazitelny_(azur_lane),Default,included_supporting_post,soobrazitelny_(azur_lane),https://danbooru.donmai.us/posts/5164999,https://azurlane.koumakan.jp/wiki/File:SoobrazitelnyWithoutBG.png
post,5165008,candidate,kronshtadt_(azur_lane),Begin the Rush!,excluded_no_qualifying_form_evidence,,https://danbooru.donmai.us/posts/5165008,https://azurlane.koumakan.jp/wiki/File:KronshtadtSpecial_ExerciseWithoutBG.png
post,5165014,candidate,kirov_(azur_lane),Drifting Justice,included_supporting_post,kirov_(drifting_justice)_(azur_lane),https://danbooru.donmai.us/posts/5165014,https://azurlane.koumakan.jp/wiki/File:KirovSpecial_Exercise.png
post,5165025,candidate,arkhangelsk_(azur_lane),Grandiose Getaway,included_supporting_post,arkhangelsk_(grandiose_getaway)_(azur_lane),https://danbooru.donmai.us/posts/5165025,https://azurlane.koumakan.jp/wiki/File:ArkhangelskSpecial_ExerciseWithoutBG.png
post,5165035,candidate,volga_(azur_lane),An Irresistible AR Adventure,excluded_no_qualifying_form_evidence,,https://danbooru.donmai.us/posts/5165035,https://azurlane.koumakan.jp/wiki/File:VolgaSpecial_Exercise.png
post,5165047,candidate,soobrazitelny_(azur_lane),The Machinery of Life,included_supporting_post,soobrazitelny_(the_machinery_of_life)_(azur_lane),https://danbooru.donmai.us/posts/5165047,https://azurlane.koumakan.jp/wiki/File:SoobrazitelnySpecial_ExerciseWithoutBG.png
post,5165052,candidate,avrora_(azur_lane),Not Cut Out For This?,excluded_no_qualifying_form_evidence,,https://danbooru.donmai.us/posts/5165052,https://azurlane.koumakan.jp/wiki/File:AvroraSpecial_Exercise.png
post,5165061,candidate,tallinn_(azur_lane),"As You Say, Ma'am!",excluded_no_qualifying_form_evidence,,https://danbooru.donmai.us/posts/5165061,https://azurlane.koumakan.jp/wiki/File:TallinnSpecial_Exercise.png
post,5165173,candidate,grozny_(azur_lane),Shadowy Syndicate Showdown,included_supporting_post,grozny_(shadowy_syndicate_showdown)_(azur_lane),https://danbooru.donmai.us/posts/5165173,https://azurlane.koumakan.jp/wiki/File:GroznySpecial_Exercise.png
post,5165190,candidate,shigure_(azur_lane),Lucky Chocolate,included_supporting_post,shigure_(lucky_chocolate)_(azur_lane),https://danbooru.donmai.us/posts/5165190,https://azurlane.koumakan.jp/wiki/File:ShigureSchoolWithoutBG.png
post,5186894,candidate,scharnhorst_(azur_lane),META,excluded_no_qualifying_form_evidence,,https://danbooru.donmai.us/posts/5186894,https://azurlane.koumakan.jp/wiki/File:Scharnhorst_META.png
post,5211860,candidate,trieste_(azur_lane),Default,excluded_no_qualifying_form_evidence,,https://danbooru.donmai.us/posts/5211860,https://twitter.com/FoxRomana_0/status/1505826676176932866
post,5219706,candidate,impero_(azur_lane),Default,included_supporting_post,impero_(azur_lane),https://danbooru.donmai.us/posts/5219706,https://azurlane.koumakan.jp/wiki/File:ImperoWithoutBG.png
post,5219712,candidate,impero_(azur_lane),Languid Librarian,included_supporting_post,impero_(languid_librarian)_(azur_lane),https://danbooru.donmai.us/posts/5219712,https://azurlane.koumakan.jp/wiki/File:ImperoSchoolWithoutBG.png
post,5219713,candidate,pompeo_magno_(azur_lane),Default,included_supporting_post,pompeo_magno_(azur_lane),https://danbooru.donmai.us/posts/5219713,https://azurlane.koumakan.jp/wiki/File:Pompeo_Magno.png
post,5219718,candidate,trieste_(azur_lane),Rooftop Lunch Break,excluded_no_qualifying_form_evidence,,https://danbooru.donmai.us/posts/5219718,https://azurlane.koumakan.jp/wiki/File:TriesteSchool.png
post,5219721,candidate,archerfish_(azur_lane),The Devil Next Door,included_supporting_post,archerfish_(the_devil_next_door)_(azur_lane),https://danbooru.donmai.us/posts/5219721,https://azurlane.koumakan.jp/wiki/File:ArcherfishSchool.png
post,5219729,candidate,wakaba_(azur_lane),A Healthy Dose of Sunshine!,excluded_no_qualifying_form_evidence,,https://danbooru.donmai.us/posts/5219729,https://azurlane.koumakan.jp/wiki/File:WakabaSchoolWithoutBG.png
post,5219734,candidate,ooshio_(azur_lane),Let's 'ave Lunch,included_supporting_post,ooshio_(let's_'ave_lunch)_(azur_lane),https://danbooru.donmai.us/posts/5219734,https://azurlane.koumakan.jp/wiki/File:OoshioSchoolWithoutBG.png
post,5219749,candidate,enterprise_(azur_lane),Bon Voyage,included_supporting_post,enterprise_(bon_voyage)_(azur_lane),https://danbooru.donmai.us/posts/5219749,https://azurlane.koumakan.jp/wiki/File:EnterpriseTravel.png
post,5311461,candidate,elbing_(azur_lane),Base art,included_supporting_post,elbing_(azur_lane),https://danbooru.donmai.us/posts/5311461,https://azurlane.koumakan.jp/wiki/File:Elbing.png
post,5314987,candidate,emden_(azur_lane),White-Black Partita,excluded_no_qualifying_form_evidence,,https://danbooru.donmai.us/posts/5314987,https://azurlane.koumakan.jp/wiki/File:EmdenVampire.png
post,5315011,candidate,emden_(azur_lane),Default,excluded_no_qualifying_form_evidence,,https://danbooru.donmai.us/posts/5315011,https://azurlane.koumakan.jp/wiki/File:Emden.png
post,5315047,candidate,luetzow_(azur_lane),Default,excluded_no_qualifying_form_evidence,,https://danbooru.donmai.us/posts/5315047,https://azurlane.koumakan.jp/wiki/File:L%C3%BCtzow.png
post,5317582,candidate,yorck_(azur_lane),Breaker Under the Blood Moon,included_supporting_post,yorck_(breaker_under_the_blood_moon)_(azur_lane),https://danbooru.donmai.us/posts/5317582,https://azurlane.koumakan.jp/wiki/File:YorckVampire.png
post,5317597,candidate,yorck_(azur_lane),Default,included_supporting_post,yorck_(azur_lane),https://danbooru.donmai.us/posts/5317597,https://azurlane.koumakan.jp/wiki/File:Yorck.png
post,5317745,candidate,admiral_hipper_(azur_lane),Sunshine by the Hot Spring,included_supporting_post,admiral_hipper_(sunshine_by_the_hot_spring)_(azur_lane),https://danbooru.donmai.us/posts/5317745,https://azurlane.koumakan.jp/wiki/File:Admiral_HipperFestival.png
post,5317807,candidate,chapayev_(azur_lane),Indigo & Lantern-Lit Summer Night,excluded_no_qualifying_form_evidence,,https://danbooru.donmai.us/posts/5317807,https://azurlane.koumakan.jp/wiki/File:ChapayevFestival.png
post,5317845,candidate,u-47_(azur_lane),Sanguine Moon Sojourn,included_supporting_post,u-47_(sanguine_moon_sojourn)_(azur_lane),https://danbooru.donmai.us/posts/5317845,https://azurlane.koumakan.jp/wiki/File:U-47Vampire.png
post,5317857,candidate,elbing_(azur_lane),The Throne of Misfortune,included_supporting_post,elbing_(the_throne_of_misfortune)_(azur_lane),https://danbooru.donmai.us/posts/5317857,https://azurlane.koumakan.jp/wiki/File:ElbingVampire.png
post,5317900,candidate,little_prinz_eugen_(azur_lane),Default,included_supporting_post,little_prinz_eugen_(azur_lane),https://danbooru.donmai.us/posts/5317900,https://azurlane.koumakan.jp/wiki/File:Little_Prinz_Eugen.png
post,5340444,candidate,bremerton_(azur_lane),U-Treasure,excluded_no_qualifying_form_evidence,,https://danbooru.donmai.us/posts/5340444,https://i.pximg.net/img-original/img/2022/05/10/14/56/15/98247880_p0.jpg
post,5368290,candidate,takao_(azur_lane),U-Treasure,excluded_no_qualifying_form_evidence,,https://danbooru.donmai.us/posts/5368290,https://twitter.com/raiou_/status/1527583532293337088
post,5382924,candidate,bellona_(azur_lane),,excluded_no_qualifying_form_evidence,,https://danbooru.donmai.us/posts/5382924,https://azurlane.koumakan.jp/wiki/File:Bellona.png
post,5382936,candidate,revenge_(azur_lane),Default,included_supporting_post,revenge_(azur_lane),https://danbooru.donmai.us/posts/5382936,https://azurlane.netojuu.com/w/images/5/5f/Revenge.png
post,5382937,candidate,indomitable_(azur_lane),Default,included_supporting_post,indomitable_(azur_lane),https://danbooru.donmai.us/posts/5382937,https://azurlane.koumakan.jp/wiki/File:Indomitable.png
post,5382950,candidate,ark_royal_(azur_lane),Cafe Lookout,excluded_no_qualifying_form_evidence,,https://danbooru.donmai.us/posts/5382950,https://azurlane.netojuu.com/w/images/e/e3/Ark_RoyalMaid.png
post,5382990,candidate,bellona_(azur_lane),Armed to Clean,excluded_no_qualifying_form_evidence,,https://danbooru.donmai.us/posts/5382990,https://azurlane.koumakan.jp/wiki/File:BellonaMaid.png
post,5383032,candidate,jervis_(azur_lane),Fluttering in the Fair Breeze,excluded_no_qualifying_form_evidence,,https://danbooru.donmai.us/posts/5383032,https://azurlane.koumakan.jp/wiki/File:JervisMaid.png
post,5383051,candidate,jervis_(azur_lane),Default,excluded_no_qualifying_form_evidence,,https://danbooru.donmai.us/posts/5383051,https://azurlane.koumakan.jp/wiki/File:JervisOriginal.png
post,5383063,candidate,vanguard_(azur_lane),Half-Hearted Masquerade,included_supporting_post,vanguard_(half-hearted_masquerade)_(azur_lane),https://danbooru.donmai.us/posts/5383063,https://azurlane.koumakan.jp/wiki/File:VanguardMaid.png
post,5383087,candidate,aegir_(azur_lane),Iron Blood's Dragon Maid,excluded_no_qualifying_form_evidence,,https://danbooru.donmai.us/posts/5383087,https://azurlane.koumakan.jp/wiki/File:%C3%84girMaid.png
post,5383097,candidate,revenge_(azur_lane),The Maid-Knight Charges Forth!,excluded_no_qualifying_form_evidence,,https://danbooru.donmai.us/posts/5383097,https://azurlane.koumakan.jp/wiki/File:RevengeMaid.png
post,5383112,candidate,indomitable_(azur_lane),Ms. Motivationless Maid,excluded_no_qualifying_form_evidence,,https://danbooru.donmai.us/posts/5383112,https://azurlane.koumakan.jp/wiki/File:IndomitableMaid.png
post,5383130,candidate,unicorn_(azur_lane),Retrofit,included_supporting_post,unicorn_(retrofit)_(azur_lane),https://danbooru.donmai.us/posts/5383130,https://azurlane.koumakan.jp/wiki/File:UnicornKai.png
post,5383143,candidate,prinz_eugen_(azur_lane),Kindred Evening Spirits,included_supporting_post,prinz_eugen_(kindred_evening_spirits)_(azur_lane),https://danbooru.donmai.us/posts/5383143,https://azurlane.koumakan.jp/wiki/File:Prinz_EugenMaid.png
post,5383429,candidate,little_cheshire_(azur_lane),Default,included_supporting_post,little_cheshire_(azur_lane),https://danbooru.donmai.us/posts/5383429,https://azurlane.koumakan.jp/wiki/File:Little_Cheshire.png
post,5384175,candidate,memphis_(azur_lane),META,excluded_no_qualifying_form_evidence,,https://danbooru.donmai.us/posts/5384175,https://azurlane.koumakan.jp/wiki/File:Memphis_META.png
post,5384193,candidate,luetzow_(azur_lane),Everlasting Blood Banquet,excluded_no_qualifying_form_evidence,,https://danbooru.donmai.us/posts/5384193,https://azurlane.koumakan.jp/wiki/File:L%C3%BCtzowVampireWithoutBG.png
post,5384204,candidate,seydlitz_(azur_lane),Default,included_supporting_post,seydlitz_(azur_lane),https://danbooru.donmai.us/posts/5384204,https://azurlane.koumakan.jp/wiki/File:Seydlitz.png
post,5384208,candidate,seydlitz_(azur_lane),Heir of the Vampire Killer,included_supporting_post,seydlitz_(heir_of_the_vampire_killer)_(azur_lane),https://danbooru.donmai.us/posts/5384208,https://azurlane.koumakan.jp/wiki/File:SeydlitzVampire.png
post,5384251,candidate,nelson_(azur_lane),Azure & Gold Summer Night,excluded_no_qualifying_form_evidence,,https://danbooru.donmai.us/posts/5384251,https://azurlane.koumakan.jp/wiki/File:NelsonFestivalWithoutBG.png
post,5384319,candidate,repulse_(azur_lane),META,excluded_no_qualifying_form_evidence,,https://danbooru.donmai.us/posts/5384319,https://azurlane.koumakan.jp/wiki/File:Repulse_META.png
post,5394271,candidate,janus_(azur_lane),Default,included_supporting_post,janus_(azur_lane),https://danbooru.donmai.us/posts/5394271,https://azurlane.netojuu.com/w/images/a/ad/Janus.png
post,5401150,candidate,chitose_(azur_lane),Mosaic of Blending Colors,included_supporting_post,chitose_(mosaic_of_blending_colors)_(azur_lane),https://danbooru.donmai.us/posts/5401150,https://azurlane.koumakan.jp/wiki/File:ChitoseSpring.png
post,5401181,candidate,howe_(azur_lane),Evening Marvels,included_supporting_post,howe_(evening_marvels)_(azur_lane),https://danbooru.donmai.us/posts/5401181,https://azurlane.koumakan.jp/wiki/File:HoweSpring.png
post,5401600,candidate,le_terrible_(azur_lane),"Sunlight, Seaspray, and Sanctity",included_supporting_post,le_terrible_(sunlight_seaspray_and_sanctity)_(azur_lane),https://danbooru.donmai.us/posts/5401600,https://azurlane.koumakan.jp/wiki/File:Le_TerribleSummer.png
post,5401612,candidate,akatsuki_(azur_lane),Cirque de Ninjutsu!,excluded_no_qualifying_form_evidence,,https://danbooru.donmai.us/posts/5401612,https://azurlane.koumakan.jp/wiki/File:AkatsukiTravelWithoutBG.png
post,5401616,candidate,roon_(azur_lane),Viridescent Lullaby,included_supporting_post,roon_(viridescent_lullaby)_(azur_lane),https://danbooru.donmai.us/posts/5401616,https://azurlane.koumakan.jp/wiki/File:RoonSpringWithoutBG.png
post,5401628,candidate,tirpitz_(azur_lane),A Vase for the Frost Flower,included_supporting_post,tirpitz_(a_vase_for_the_frost_flower)_(azur_lane),https://danbooru.donmai.us/posts/5401628,https://azurlane.koumakan.jp/wiki/File:TirpitzSpring.png
post,5401640,candidate,boise_(azur_lane),Jade Mermaid,included_supporting_post,boise_(jade_mermaid)_(azur_lane),https://danbooru.donmai.us/posts/5401640,https://azurlane.koumakan.jp/wiki/File:BoiseSpring.png
post,5401646,candidate,grozny_(azur_lane),Tea Party With Królik,excluded_no_qualifying_form_evidence,,https://danbooru.donmai.us/posts/5401646,https://azurlane.koumakan.jp/wiki/File:GroznySpring.png
post,5401653,candidate,le_mars_(azur_lane),Splendorous Debut,included_supporting_post,le_mars_(splendorous_debut)_(azur_lane),https://danbooru.donmai.us/posts/5401653,https://azurlane.koumakan.jp/wiki/File:Le_MarsSpring.png
post,5423814,candidate,washington_(azur_lane),Jubilant Smile,excluded_no_qualifying_form_evidence,,https://danbooru.donmai.us/posts/5423814,https://i.pximg.net/img-original/img/2022/06/10/22/06/26/98959173_p0.jpg
post,5428571,candidate,saratoga_(azur_lane),Ring The Bell Of Joy,included_supporting_post,saratoga_(ring_the_bell_of_joy)_(azur_lane),https://danbooru.donmai.us/posts/5428571,https://azurlane.koumakan.jp/wiki/File:SaratogaWedding.png
post,5428579,candidate,forbin_(azur_lane),Fleur de Mariée,included_supporting_post,forbin_(fleur_de_mariee)_(azur_lane),https://danbooru.donmai.us/posts/5428579,https://azurlane.koumakan.jp/wiki/File:ForbinWedding.png
post,5439942,candidate,new_jersey_(azur_lane),Snow-White Ceremony,included_supporting_post,new_jersey_(snow-white_ceremony)_(azur_lane),https://danbooru.donmai.us/posts/5439942,https://azurlane.koumakan.jp/wiki/File:New_JerseyWedding.png
post,5471919,candidate,l'indomptable_(azur_lane),Default,excluded_no_qualifying_form_evidence,,https://danbooru.donmai.us/posts/5471919,https://twitter.com/nishikikope/status/1542500995153858562
post,5471921,candidate,l'indomptable_(azur_lane),Little Red Riding Hood's Worries,excluded_no_qualifying_form_evidence,,https://danbooru.donmai.us/posts/5471921,https://twitter.com/nishikikope/status/1542500995153858562
post,5475354,candidate,biloxi_(azur_lane),Romeo or Juliet?,excluded_no_qualifying_form_evidence,,https://danbooru.donmai.us/posts/5475354,https://azurlane.koumakan.jp/wiki/File:BiloxiFairy_Tale.png
post,5475366,candidate,joffre_(azur_lane),Ensorcelled Snow White,included_supporting_post,joffre_(ensorcelled_snow_white)_(azur_lane),https://danbooru.donmai.us/posts/5475366,https://azurlane.koumakan.jp/wiki/File:JoffreFairy_Tale.png
post,5475372,candidate,shimakaze_(azur_lane),The White Rabbit of Wonderland,included_supporting_post,shimakaze_(the_white_rabbit_of_wonderland)_(azur_lane),https://danbooru.donmai.us/posts/5475372,https://azurlane.koumakan.jp/wiki/File:ShimakazeFairy_Tale.png
post,5507401,candidate,plymouth_(azur_lane),"Default, with rig",included_supporting_post,plymouth_(azur_lane),https://danbooru.donmai.us/posts/5507401,https://azurlane.koumakan.jp/wiki/File:Plymouth.png
post,5507414,candidate,algerie_(azur_lane),Red Queen's Decree,included_supporting_post,algerie_(red_queen's_decree)_(azur_lane),https://danbooru.donmai.us/posts/5507414,https://azurlane.koumakan.jp/wiki/File:Alg%C3%A9rieFairy_Tale.png
post,5507783,candidate,prinz_rupprecht_(azur_lane),Default,included_supporting_post,prinz_rupprecht_(azur_lane),https://danbooru.donmai.us/posts/5507783,https://azurlane.koumakan.jp/wiki/File:Prinz_Rupprecht.png
post,5507790,candidate,chkalov_(azur_lane),Default,included_supporting_post,chkalov_(azur_lane),https://danbooru.donmai.us/posts/5507790,https://azurlane.koumakan.jp/wiki/File:Chkalov.png
post,5533443,candidate,plymouth_(azur_lane),"Default, without rigging",excluded_no_qualifying_form_evidence,,https://danbooru.donmai.us/posts/5533443,https://i.pximg.net/img-original/img/2022/07/24/20/03/05/99966262_p0.png
post,5541894,candidate,reno_(azur_lane),Summer Spin-off,excluded_no_qualifying_form_evidence,,https://danbooru.donmai.us/posts/5541894,https://i.pximg.net/img-original/img/2022/07/07/00/00/19/99549336_p0.png
post,5543707,candidate,giuseppe_garibaldi_(azur_lane),Default,included_supporting_post,giuseppe_garibaldi_(azur_lane),https://danbooru.donmai.us/posts/5543707,https://azurlane.koumakan.jp/wiki/File:Giuseppe_Garibaldi.png
post,5543711,candidate,giuseppe_garibaldi_(azur_lane),Noble Ivory Plumes,included_supporting_post,giuseppe_garibaldi_(noble_ivory_plumes)_(azur_lane),https://danbooru.donmai.us/posts/5543711,https://azurlane.koumakan.jp/wiki/File:Giuseppe_GaribaldiDance.png
post,5543719,candidate,emanuele_pessagno_(azur_lane),Backstage Blunders,included_supporting_post,emanuele_pessagno_(backstage_blunders)_(azur_lane),https://danbooru.donmai.us/posts/5543719,https://azurlane.koumakan.jp/wiki/File:Emanuele_PessagnoDance.png
post,5543724,candidate,bolzano_(azur_lane),A Flutter in the Moment,included_supporting_post,bolzano_(a_flutter_in_the_moment)_(azur_lane),https://danbooru.donmai.us/posts/5543724,https://azurlane.koumakan.jp/wiki/File:BolzanoDance.png
post,5543731,candidate,kitakaze_(azur_lane),Night of Doves and Magic,included_supporting_post,kitakaze_(night_of_doves_and_magic)_(azur_lane),https://danbooru.donmai.us/posts/5543731,https://azurlane.koumakan.jp/wiki/File:KitakazeTravel.png
post,5543734,candidate,leonardo_da_vinci_(azur_lane),Default,included_supporting_post,leonardo_da_vinci_(azur_lane),https://danbooru.donmai.us/posts/5543734,https://azurlane.koumakan.jp/wiki/File:Leonardo_da_Vinci.png
post,5543747,candidate,kumano_(azur_lane),One Thousand and One Nights' Wishes,included_supporting_post,kumano_(one_thousand_and_one_nights'_wishes)_(azur_lane),https://danbooru.donmai.us/posts/5543747,https://azurlane.koumakan.jp/wiki/File:KumanoDance.png
post,5543778,candidate,roma_(azur_lane),Default,included_supporting_post,roma_(azur_lane),https://danbooru.donmai.us/posts/5543778,https://azurlane.koumakan.jp/wiki/File:Roma.png
post,5543782,candidate,san_francisco_(azur_lane),It's Showtime!,excluded_no_qualifying_form_evidence,,https://danbooru.donmai.us/posts/5543782,https://azurlane.koumakan.jp/wiki/File:San_FranciscoDance.png
post,5543793,candidate,taihou_(azur_lane),Sweet Time After School,included_supporting_post,taihou_(sweet_time_after_school)_(azur_lane),https://danbooru.donmai.us/posts/5543793,https://azurlane.koumakan.jp/wiki/File:TaihouSchool.png
post,5543801,candidate,trento_(azur_lane),META,excluded_no_qualifying_form_evidence,,https://danbooru.donmai.us/posts/5543801,https://azurlane.koumakan.jp/wiki/File:Trento_META.png
post,5547613,candidate,joffre_(azur_lane),Default,excluded_no_qualifying_form_evidence,,https://danbooru.donmai.us/posts/5547613,https://twitter.com/Suisaiii/status/1553043606729920512
post,5601603,candidate,z16_(azur_lane),Default,included_supporting_post,z16_(azur_lane),https://danbooru.donmai.us/posts/5601603,https://azurlane.netojuu.com/images/3/3a/Z16.png
post,5612469,candidate,isuzu_(azur_lane),"Charge, My Trusty Steeds!",excluded_no_qualifying_form_evidence,,https://danbooru.donmai.us/posts/5612469,https://azurlane.koumakan.jp/wiki/File:IsuzuSport.png
post,5615151,candidate,z24_(azur_lane),The Devil on the Court,included_supporting_post,z24_(the_devil_on_the_court)_(azur_lane),https://danbooru.donmai.us/posts/5615151,https://azurlane.netojuu.com/images/c/c9/Z24Sport.png
post,5615152,candidate,z16_(azur_lane),Guaranteed Grand Slam,excluded_no_qualifying_form_evidence,,https://danbooru.donmai.us/posts/5615152,https://azurlane.netojuu.com/images/e/e7/Z16Sport.png
post,5615153,candidate,weser_(azur_lane),Wave-washed Paradise,included_supporting_post,weser_(wave-washed_paradise)_(azur_lane),https://danbooru.donmai.us/posts/5615153,https://azurlane.netojuu.com/images/6/60/WeserSummer.png
post,5615154,candidate,hornet_(azur_lane),Cheering Justice!,excluded_no_qualifying_form_evidence,,https://danbooru.donmai.us/posts/5615154,https://azurlane.netojuu.com/images/7/72/HornetSport.png
post,5615155,candidate,u-96_(azur_lane),How Heavy Are Those Barbells?,excluded_no_qualifying_form_evidence,,https://danbooru.donmai.us/posts/5615155,https://azurlane.netojuu.com/images/e/e9/U-96Sport.png
post,5615158,candidate,kirov_(azur_lane),High jump star,excluded_no_qualifying_form_evidence,,https://danbooru.donmai.us/posts/5615158,https://azurlane.netojuu.com/images/f/f2/KirovSport.png
post,5615160,candidate,bluecher_(azur_lane),High-altitude Head Over Heels,excluded_no_qualifying_form_evidence,,https://danbooru.donmai.us/posts/5615160,https://azurlane.netojuu.com/images/5/52/Bl%C3%BCcherSport.png
post,5615161,candidate,essex_(azur_lane),Detective Essex,included_supporting_post,essex_(detective_essex)_(azur_lane),https://danbooru.donmai.us/posts/5615161,https://azurlane.netojuu.com/images/1/16/EssexDetective.png
post,5674532,candidate,jintsuu_(azur_lane),The Gray Wolf's Ploy,included_supporting_post,jintsuu_(the_gray_wolf's_ploy)_(azur_lane),https://danbooru.donmai.us/posts/5674532,https://azurlane.koumakan.jp/wiki/File:JintsuuFairy_Tale.png
post,5674540,candidate,z23_(azur_lane),Fries and Smiles,excluded_no_qualifying_form_evidence,,https://danbooru.donmai.us/posts/5674540,https://azurlane.netojuu.com/images/a/a1/Z23KFC.png
post,5674564,candidate,roma_(azur_lane),White Heron of Darkest Night,included_supporting_post,roma_(white_heron_of_darkest_night)_(azur_lane),https://danbooru.donmai.us/posts/5674564,https://azurlane.koumakan.jp/wiki/File:RomaDance.png
post,5674571,candidate,bolzano_(azur_lane),Default,included_supporting_post,bolzano_(azur_lane),https://danbooru.donmai.us/posts/5674571,https://azurlane.koumakan.jp/wiki/File:BolzanoWithoutBG.png
post,5674574,candidate,emanuele_pessagno_(azur_lane),Default,included_supporting_post,emanuele_pessagno_(azur_lane),https://danbooru.donmai.us/posts/5674574,https://azurlane.koumakan.jp/wiki/File:Emanuele_Pessagno.png
post,5674577,candidate,alfredo_oriani_(azur_lane),Base art,included_supporting_post,alfredo_oriani_(azur_lane),https://danbooru.donmai.us/posts/5674577,https://azurlane.koumakan.jp/wiki/File:Alfredo_Oriani.png
post,5674584,candidate,alfredo_oriani_(azur_lane),Vivacious Vivace,included_supporting_post,alfredo_oriani_(vivacious_vivace)_(azur_lane),https://danbooru.donmai.us/posts/5674584,https://azurlane.koumakan.jp/wiki/File:Alfredo_OrianiDance.png
post,5674596,candidate,bluecher_(azur_lane),,excluded_no_qualifying_form_evidence,,https://danbooru.donmai.us/posts/5674596,https://azurlane.koumakan.jp/wiki/File:Bl%C3%BCcher.png
post,5674618,candidate,helena_(azur_lane),Miracle in White,included_supporting_post,helena_(miracle_in_white)_(azur_lane),https://danbooru.donmai.us/posts/5674618,https://azurlane.koumakan.jp/wiki/File:HelenaWedding.png
post,5674619,candidate,charles_ausburne_(azur_lane),Retrofit,included_supporting_post,charles_ausburne_(retrofit)_(azur_lane),https://danbooru.donmai.us/posts/5674619,https://azurlane.koumakan.jp/wiki/File:Charles_AusburneKai.png
post,5674635,candidate,ayanami_(azur_lane),Cola Fills You With Determination,included_supporting_post,ayanami_(cola_fills_you_with_determination)_(azur_lane),https://danbooru.donmai.us/posts/5674635,https://azurlane.koumakan.jp/wiki/File:AyanamiKFC.png
post,5674637,candidate,laffey_(azur_lane),Sleepy Teriyaki Twister,included_supporting_post,laffey_(sleepy_teriyaki_twister)_(azur_lane),https://danbooru.donmai.us/posts/5674637,https://azurlane.koumakan.jp/wiki/File:LaffeyKFC.png
post,5674643,candidate,emden_(azur_lane),Moonsilver Union,included_supporting_post,emden_(moonsilver_union)_(azur_lane),https://danbooru.donmai.us/posts/5674643,https://azurlane.koumakan.jp/wiki/File:EmdenFestival.png
post,5674648,candidate,u-81_(azur_lane),Lantern lit full moon,excluded_no_qualifying_form_evidence,,https://danbooru.donmai.us/posts/5674648,https://azurlane.koumakan.jp/wiki/File:U-81Festival.png
post,5674654,candidate,musashi_(azur_lane),Default,included_supporting_post,musashi_(azur_lane),https://danbooru.donmai.us/posts/5674654,https://azurlane.koumakan.jp/wiki/File:Musashi.png
post,5674659,candidate,musashi_(azur_lane),Violet Moonglow,included_supporting_post,musashi_(violet_moonglow)_(azur_lane),https://danbooru.donmai.us/posts/5674659,https://azurlane.koumakan.jp/wiki/File:MusashiMaid.png
post,5674666,candidate,wakatsuki_(azur_lane),Default,included_supporting_post,wakatsuki_(azur_lane),https://danbooru.donmai.us/posts/5674666,https://azurlane.koumakan.jp/wiki/File:Wakatsuki.png
post,5674667,candidate,wakatsuki_(azur_lane),Slapdash Blue Sparrow,included_supporting_post,wakatsuki_(slapdash_blue_sparrow)_(azur_lane),https://danbooru.donmai.us/posts/5674667,https://azurlane.koumakan.jp/wiki/File:WakatsukiMaid.png
post,5674672,candidate,miyuki_(azur_lane),Default,included_supporting_post,miyuki_(azur_lane),https://danbooru.donmai.us/posts/5674672,https://azurlane.koumakan.jp/wiki/File:Miyuki.png
post,5674675,candidate,miyuki_(azur_lane),Shopping Rendezvous,included_supporting_post,miyuki_(shopping_rendezvous)_(azur_lane),https://danbooru.donmai.us/posts/5674675,https://azurlane.koumakan.jp/wiki/File:MiyukiMaidWithoutBG.png
post,5674678,candidate,haguro_(azur_lane),Default,included_supporting_post,haguro_(azur_lane),https://danbooru.donmai.us/posts/5674678,https://azurlane.koumakan.jp/wiki/File:HaguroWithoutBG.png
post,5674681,candidate,haguro_(azur_lane),A Blessing In Disguise?,excluded_no_qualifying_form_evidence,,https://danbooru.donmai.us/posts/5674681,https://azurlane.koumakan.jp/wiki/File:HaguroMaid.png
post,5674683,candidate,juneau_(azur_lane),Retrofit,included_supporting_post,juneau_(retrofit)_(azur_lane),https://danbooru.donmai.us/posts/5674683,https://azurlane.koumakan.jp/wiki/File:JuneauKai.png
post,5674694,candidate,shropshire_(azur_lane),Retrofit,included_supporting_post,shropshire_(retrofit)_(azur_lane),https://danbooru.donmai.us/posts/5674694,https://azurlane.koumakan.jp/wiki/File:ShropshireKai.png
post,5674703,candidate,mutsu_(azur_lane),A Maid's Mis-service?,excluded_no_qualifying_form_evidence,,https://danbooru.donmai.us/posts/5674703,https://azurlane.koumakan.jp/wiki/File:MutsuMaidWithoutBG.png
post,5674706,candidate,tanikaze_(azur_lane),Ssparkly-clean,included_supporting_post,tanikaze_(sparkly-clean)_(azur_lane),https://danbooru.donmai.us/posts/5674706,https://azurlane.koumakan.jp/wiki/File:TanikazeMaid.png
post,5674709,candidate,hamakaze_(azur_lane),The Secret Ingredient is Love?!,excluded_no_qualifying_form_evidence,,https://danbooru.donmai.us/posts/5674709,https://azurlane.koumakan.jp/wiki/File:HamakazeMaid.png
post,5674718,candidate,jintsuu_(azur_lane),META,excluded_no_qualifying_form_evidence,,https://danbooru.donmai.us/posts/5674718,https://azurlane.koumakan.jp/wiki/File:Jintsuu_META.png
post,5685547,candidate,sakawa_(azur_lane),Base,excluded_no_qualifying_form_evidence,,https://danbooru.donmai.us/posts/5685547,https://i.pximg.net/img-original/img/2022/09/20/10/12/28/101358814_p0.jpg
post,5691065,candidate,kashino_(azur_lane),Maid for Mayhem,included_supporting_post,kashino_(maid_for_mayhem)_(azur_lane),https://danbooru.donmai.us/posts/5691065,https://azurlane.koumakan.jp/wiki/File:KashinoMaid.png
post,5691070,candidate,chen_hai_(azur_lane),Cerulean Ripples,included_supporting_post,chen_hai_(cerulean_ripples)_(azur_lane),https://danbooru.donmai.us/posts/5691070,https://azurlane.koumakan.jp/wiki/File:Chen_HaiParty.png
post,5691082,candidate,z28_(azur_lane),Sylvan Celebration,included_supporting_post,z28_(sylvan_celebration)_(azur_lane),https://danbooru.donmai.us/posts/5691082,https://azurlane.koumakan.jp/wiki/File:Z28Party.png
post,5691086,candidate,nevada_(azur_lane),A Magnificent Banquet,included_supporting_post,nevada_(a_magnificent_banquet)_(azur_lane),https://danbooru.donmai.us/posts/5691086,https://azurlane.koumakan.jp/wiki/File:NevadaParty.png
post,5698463,candidate,neptune_(azur_lane),Nereid's Invitation,included_supporting_post,neptune_(nereid's_invitation)_(azur_lane),https://danbooru.donmai.us/posts/5698463,https://azurlane.netojuu.com/images/d/df/NeptuneParty.png
post,5698465,candidate,seydlitz_(azur_lane),Floral Liberation,included_supporting_post,seydlitz_(floral_liberation)_(azur_lane),https://danbooru.donmai.us/posts/5698465,https://azurlane.netojuu.com/images/8/81/SeydlitzParty.png
post,5698466,candidate,charybdis_(azur_lane),Brilliant Belle,included_supporting_post,charybdis_(brilliant_belle)_(azur_lane),https://danbooru.donmai.us/posts/5698466,https://azurlane.netojuu.com/images/f/f7/CharybdisParty.png
post,5701886,candidate,washington_(azur_lane),"Bunny costume (right). Introduced in official [[Azur Lane: Slow Ahead]] media, but never released as an in-game skin.",excluded_no_qualifying_form_evidence,,https://danbooru.donmai.us/posts/5701886,https://twitter.com/cuboon/status/1574358062751617024
post,5708182,candidate,musashi_(azur_lane),dancer,excluded_no_qualifying_form_evidence,,https://danbooru.donmai.us/posts/5708182,https://i.pximg.net/img-original/img/2022/09/29/04/35/06/101557403_p0.png
post,5709267,candidate,atago_(azur_lane);takao_(azur_lane),Stunning Speedster;Full Throttle Charmer,excluded_no_qualifying_form_evidence,,https://danbooru.donmai.us/posts/5709267,https://twitter.com/azurlane_staff/status/1575408520467341312
post,5710250,candidate,southampton_(azur_lane),A Dazzling Departure,included_supporting_post,southampton_(a_dazzling_departure)_(azur_lane),https://danbooru.donmai.us/posts/5710250,https://azurlane.koumakan.jp/wiki/File:SouthamptonWedding.png
post,5710256,candidate,shinano_(azur_lane),Moonlit Chrome,included_supporting_post,shinano_(moonlit_chrome)_(azur_lane),https://danbooru.donmai.us/posts/5710256,https://azurlane.koumakan.jp/wiki/File:ShinanoRaceQueen.png
post,5710288,candidate,london_(azur_lane),Platinum Ceremony,included_supporting_post,london_(platinum_ceremony)_(azur_lane),https://danbooru.donmai.us/posts/5710288,https://azurlane.koumakan.jp/wiki/File:LondonWedding.png
post,5711475,candidate,hunter_(azur_lane),META,excluded_no_qualifying_form_evidence,,https://danbooru.donmai.us/posts/5711475,https://twitter.com/azurlane_staff/status/1575682010227433472
post,5716635,candidate,baltimore_(azur_lane),Finish Line Flagbearer,included_supporting_post,baltimore_(finish_line_flagbearer)_(azur_lane),https://danbooru.donmai.us/posts/5716635,https://azurlane.netojuu.com/images/2/25/BaltimoreRaceQueenWithoutBG.png
post,5725948,candidate,naganami_(azur_lane),Waves of Eternal Love,included_supporting_post,naganami_(waves_of_eternal_love)_(azur_lane),https://danbooru.donmai.us/posts/5725948,https://azurlane.koumakan.jp/wiki/File:NaganamiWedding.png
post,5729166,candidate,little_spee_(azur_lane),Default,included_supporting_post,little_spee_(azur_lane),https://danbooru.donmai.us/posts/5729166,https://twitter.com/azurlane_staff/status/1578292055755067392
post,5737632,candidate,pamiat_merkuria_(azur_lane),Chic and Cheeky,excluded_no_qualifying_form_evidence,,https://danbooru.donmai.us/posts/5737632,https://azurlane.netojuu.com/images/2/20/Pamiat_MerkuriaTravel.png
post,5737645,candidate,queen_elizabeth_(azur_lane),Queen Of The Campus,included_supporting_post,queen_elizabeth_(queen_of_the_campus)_(azur_lane),https://danbooru.donmai.us/posts/5737645,https://azurlane.netojuu.com/images/a/a8/Queen_ElizabethSchool.png
post,5779849,candidate,janus_(azur_lane),Fright-Night Scaredy-Cat,included_supporting_post,janus_(fright-night_scaredy-cat)_(azur_lane),https://danbooru.donmai.us/posts/5779849,https://azurlane.koumakan.jp/wiki/file:janushalloween.png
post,5789448,candidate,hiei_(azur_lane),Fragrant Red Plum,excluded_no_qualifying_form_evidence,,https://danbooru.donmai.us/posts/5789448,https://i.pximg.net/img-original/img/2022/11/01/08/19/54/102416536_p0.png
post,5804044,candidate,oklahoma_(azur_lane),Piratey Transformation!,excluded_no_qualifying_form_evidence,,https://danbooru.donmai.us/posts/5804044,https://azurlane.netojuu.com/images/6/6a/OklahomaHalloween.png
post,5804045,candidate,albion_(azur_lane),Silvermoon Faerie Princess,included_supporting_post,albion_(silvermoon_faerie_princess)_(azur_lane),https://danbooru.donmai.us/posts/5804045,https://azurlane.netojuu.com/images/7/74/AlbionHalloween.png
post,5804046,candidate,royal_fortune_(azur_lane),Default,included_supporting_post,royal_fortune_(azur_lane),https://danbooru.donmai.us/posts/5804046,https://azurlane.netojuu.com/images/d/df/Royal_Fortune.png
post,5804047,candidate,manchester_(azur_lane),Default,included_supporting_post,manchester_(azur_lane),https://danbooru.donmai.us/posts/5804047,https://azurlane.netojuu.com/images/a/ac/Manchester.png
post,5804049,candidate,albion_(azur_lane),Default,included_supporting_post,albion_(azur_lane),https://danbooru.donmai.us/posts/5804049,https://azurlane.netojuu.com/images/f/f6/Albion.png
post,5817085,candidate,z23_(azur_lane),Upgrade Failure?!,excluded_no_qualifying_form_evidence,,https://danbooru.donmai.us/posts/5817085,https://azurlane.netojuu.com/images/6/63/Z23RPG.png
post,5817086,candidate,javelin_(azur_lane),A Legend is Born?!,excluded_no_qualifying_form_evidence,,https://danbooru.donmai.us/posts/5817086,https://azurlane.netojuu.com/images/e/ed/JavelinRPG.png
post,5817087,candidate,laffey_(azur_lane),Sleepageddon,included_supporting_post,laffey_(sleepageddon)_(azur_lane),https://danbooru.donmai.us/posts/5817087,https://azurlane.netojuu.com/images/d/da/LaffeyRPG.png
post,5817089,candidate,ayanami_(azur_lane),Dynamic Kick!,excluded_no_qualifying_form_evidence,,https://danbooru.donmai.us/posts/5817089,https://azurlane.netojuu.com/images/c/c3/AyanamiRPG.png
post,5829256,candidate,hiei-chan_(azur_lane),Default (official art unavailable),excluded_no_qualifying_form_evidence,,https://danbooru.donmai.us/posts/5829256,https://twitter.com/nemuke/status/1162345474696724486
post,5848701,candidate,bremerton_(azur_lane),Relaxation Consultation,included_supporting_post,bremerton_(relaxation_consultation)_(azur_lane),https://danbooru.donmai.us/posts/5848701,https://azurlane.netojuu.com/images/7/76/BremertonHome_Relaxation.png
post,5848702,candidate,elbing_(azur_lane),Sleepless night's wishes,included_supporting_post,elbing_(sleepless_night's_wishes)_(azur_lane),https://danbooru.donmai.us/posts/5848702,https://azurlane.netojuu.com/images/2/22/ElbingHome_Relaxation.png
post,5852074,candidate,aurora_(azur_lane),Garb of Eternal Prosperity,excluded_no_qualifying_form_evidence,,https://danbooru.donmai.us/posts/5852074,https://i.pximg.net/img-original/img/2022/11/26/20/04/11/103116166_p0.jpg
post,5913686,candidate,arizona_(azur_lane),META,excluded_no_qualifying_form_evidence,,https://danbooru.donmai.us/posts/5913686,https://azurlane.netojuu.com/images/2/2d/Arizona_META.png
post,5920477,candidate,hammann_(azur_lane);hammann_ii_(azur_lane),[[Hammann II (azur_lane)|]];Base art,excluded_no_qualifying_form_evidence,,https://danbooru.donmai.us/posts/5920477,https://azurlane.netojuu.com/images/0/04/Hammann_II.png
post,5920478,candidate,langley_(azur_lane);langley_ii_(azur_lane),[[Langley II (Azur Lane)|]];Default,included_supporting_post,langley_ii_(azur_lane),https://danbooru.donmai.us/posts/5920478,https://azurlane.netojuu.com/images/2/23/Langley_II.png
post,5920479,candidate,hornet_(azur_lane);hornet_ii_(azur_lane),[[Hornet II (Azur Lane)|]];Default,included_supporting_post,hornet_ii_(azur_lane),https://danbooru.donmai.us/posts/5920479,https://azurlane.netojuu.com/images/7/71/Hornet_II.png
post,5920480,candidate,northampton_(azur_lane);northampton_ii_(azur_lane),[[Northampton II (Azur Lane)|]];Default,included_supporting_post,northampton_ii_(azur_lane),https://danbooru.donmai.us/posts/5920480,https://azurlane.netojuu.com/images/f/f5/Northampton_II.png
post,5920481,candidate,yorktown_(azur_lane);yorktown_ii_(azur_lane),Bright-Sky Mermaid;Bright-Sky Mermaid,included_supporting_post,yorktown_(bright-sky_mermaid)_(azur_lane);yorktown_ii_(bright-sky_mermaid)_(azur_lane),https://danbooru.donmai.us/posts/5920481,https://azurlane.netojuu.com/images/8/8c/Yorktown_IISummer.png
post,5920482,candidate,yorktown_(azur_lane);yorktown_ii_(azur_lane),[[Yorktown II (Azur Lane)|]];Default,included_supporting_post,yorktown_ii_(azur_lane),https://danbooru.donmai.us/posts/5920482,https://azurlane.koumakan.jp/wiki/File:Yorktown_II.png
post,5920720,candidate,prinz_heinrich_(azur_lane),Rabbit on Watch,included_supporting_post,prinz_heinrich_(rabbit_on_watch)_(azur_lane),https://danbooru.donmai.us/posts/5920720,https://azurlane.netojuu.com/images/2/20/Prinz_HeinrichSummer.png
post,5921080,candidate,magdeburg_(azur_lane),Gone Fishing,included_supporting_post,magdeburg_(gone_fishing)_(azur_lane),https://danbooru.donmai.us/posts/5921080,https://azurlane.netojuu.com/images/f/f0/MagdeburgSummerWithoutBG.png
post,5921147,candidate,peter_strasser_(azur_lane),Chronos's Kalendae,included_supporting_post,peter_strasser_(chronos's_kalendae)_(azur_lane),https://danbooru.donmai.us/posts/5921147,https://azurlane.netojuu.com/images/9/95/Peter_StrasserNew_YearWithoutBG.png
post,5921165,candidate,royal_fortune_(azur_lane),Treats from the Deep,included_supporting_post,royal_fortune_(treats_from_the_deep)_(azur_lane),https://danbooru.donmai.us/posts/5921165,https://azurlane.netojuu.com/images/e/e0/Royal_FortuneHalloween.png
post,5921192,candidate,leonardo_da_vinci_(azur_lane),Riverside Pirouette,included_supporting_post,leonardo_da_vinci_(riverside_pirouette)_(azur_lane),https://danbooru.donmai.us/posts/5921192,https://azurlane.netojuu.com/images/8/8b/Leonardo_da_VinciDanceWithoutBG.png
post,5921442,candidate,plymouth_(azur_lane),Heart-Throbbing Refreshment,included_supporting_post,plymouth_(heart-throbbing_refreshment)_(azur_lane),https://danbooru.donmai.us/posts/5921442,https://azurlane.koumakan.jp/wiki/File:PlymouthSummer.png
post,5922596,candidate,shimakaze_(azur_lane),The Island Wind Rests,included_supporting_post,shimakaze_(the_island_wind_rests)_(azur_lane),https://danbooru.donmai.us/posts/5922596,https://azurlane.netojuu.com/images/6/6f/ShimakazeSummer.png
post,5922597,candidate,noshiro_(azur_lane),Unwinding in the Sunshine,included_supporting_post,noshiro_(unwinding_in_the_sunshine)_(azur_lane),https://danbooru.donmai.us/posts/5922597,https://azurlane.netojuu.com/images/c/c3/NoshiroSummer.png
post,5922599,candidate,chkalov_(azur_lane),Seaside Sunset,included_supporting_post,chkalov_(seaside_sunset)_(azur_lane),https://danbooru.donmai.us/posts/5922599,https://azurlane.netojuu.com/images/6/63/ChkalovSummer.png
post,5922600,candidate,charybdis_(azur_lane),Prim Sea Breeze,included_supporting_post,charybdis_(prim_sea_breeze)_(azur_lane),https://danbooru.donmai.us/posts/5922600,https://azurlane.netojuu.com/images/4/45/CharybdisSummer.png
post,5922601,candidate,brest_(azur_lane),Marine Muse,included_supporting_post,brest_(marine_muse)_(azur_lane),https://danbooru.donmai.us/posts/5922601,https://azurlane.netojuu.com/images/9/90/BrestSummer.png
post,5922609,candidate,bolzano_(azur_lane),Tempting Treasure,included_supporting_post,bolzano_(tempting_treasure)_(azur_lane),https://danbooru.donmai.us/posts/5922609,https://azurlane.netojuu.com/images/b/b7/BolzanoSummer.png
post,5922649,candidate,kazagumo_(azur_lane),"Placid Waves, Passionate Heart",included_supporting_post,kazagumo_(placid_waves_passionate_heart)_(azur_lane),https://danbooru.donmai.us/posts/5922649,https://azurlane.netojuu.com/images/e/ea/KazagumoSummer.png
post,5922655,candidate,princeton_(azur_lane),Gift-Wrapped Reindeer,included_supporting_post,princeton_(gift-wrapped_reindeer)_(azur_lane),https://danbooru.donmai.us/posts/5922655,https://azurlane.netojuu.com/images/8/8c/PrincetonChristmas.png
post,5923681,candidate,langley_(azur_lane);langley_ii_(azur_lane),On-the-Clock Vacation;On-the-Clock Vacation,included_supporting_post,langley_(on-the-clock_vacation)_(azur_lane);langley_ii_(on-the-clock_vacation)_(azur_lane),https://danbooru.donmai.us/posts/5923681,https://azurlane.netojuu.com/images/b/b1/Langley_IISummer.png
post,5923682,candidate,hammann_(azur_lane);hammann_ii_(azur_lane),Another Rebellious Summer;Another Rebellious Summer,excluded_no_qualifying_form_evidence,,https://danbooru.donmai.us/posts/5923682,https://azurlane.netojuu.com/images/1/1f/Hammann_IISummer.png
post,5923683,candidate,northampton_(azur_lane);northampton_ii_(azur_lane),Swimming Star;Swimming Star,included_supporting_post,northampton_(swimming_star)_(azur_lane);northampton_ii_(swimming_star)_(azur_lane),https://danbooru.donmai.us/posts/5923683,https://azurlane.netojuu.com/images/4/49/Northampton_IISummer.png
post,5923684,candidate,hornet_(azur_lane);hornet_ii_(azur_lane),Racing across the Waves;Racing across the Waves,included_supporting_post,hornet_(racing_across_the_waves)_(azur_lane);hornet_ii_(racing_across_the_waves)_(azur_lane),https://danbooru.donmai.us/posts/5923684,https://azurlane.netojuu.com/images/3/36/Hornet_IISummer.png
post,5926095,candidate,unicorn_(azur_lane),Angelic Night,included_supporting_post,unicorn_(angelic_night)_(azur_lane),https://danbooru.donmai.us/posts/5926095,https://azurlane.netojuu.com/images/2/28/UnicornIdol.png
post,5926097,candidate,cleveland_(azur_lane),Southbound Journey,included_supporting_post,cleveland_(southbound_journey)_(azur_lane),https://danbooru.donmai.us/posts/5926097,https://azurlane.netojuu.com/images/e/e5/ClevelandTravel.png
post,5982065,candidate,kuybyshev_(azur_lane),Maestro of Sterling Strings,included_supporting_post,kuybyshev_(maestro_of_sterling_strings)_(azur_lane),https://danbooru.donmai.us/posts/5982065,https://twitter.com/azurlane_staff/status/1614233644146774019
post,5985664,candidate,u-110_(azur_lane),Springtime Shark,included_supporting_post,u-110_(springtime_shark)_(azur_lane),https://danbooru.donmai.us/posts/5985664,https://twitter.com/azurlane_staff/status/1614517771991408640
post,5989029,candidate,chang_chun_(azur_lane),Fortune Arrives in Red,included_supporting_post,chang_chun_(fortune_arrives_in_red)_(azur_lane),https://danbooru.donmai.us/posts/5989029,https://twitter.com/azurlane_staff/status/1614831071006437376
post,5994866,candidate,yuugure_(azur_lane),Fun in the Sun,excluded_no_qualifying_form_evidence,,https://danbooru.donmai.us/posts/5994866,https://azurlane.netojuu.com/images/0/03/YuugureTravel.png
post,5994867,candidate,l'indomptable_(azur_lane),Temp in Low Temperatures,included_supporting_post,l'indomptable_(temp_in_low_temperatures)_(azur_lane),https://danbooru.donmai.us/posts/5994867,https://azurlane.netojuu.com/images/b/b5/L'IndomptableSpring.png
post,5994869,candidate,theseus_(azur_lane),New Year's White Plumage,excluded_no_qualifying_form_evidence,,https://danbooru.donmai.us/posts/5994869,https://azurlane.netojuu.com/images/f/f4/TheseusSpring.png
post,5994870,candidate,alabama_(azur_lane),"Untarnished Silver, Silken Gold",included_supporting_post,alabama_(untarnished_silver_silken_gold)_(azur_lane),https://danbooru.donmai.us/posts/5994870,https://azurlane.netojuu.com/images/5/5d/AlabamaSpring.png
post,5994871,candidate,hwah_jah_(azur_lane),The Festive Undead,included_supporting_post,hwah_jah_(the_festive_undead)_(azur_lane),https://danbooru.donmai.us/posts/5994871,https://azurlane.netojuu.com/images/a/a9/Hwah_JahSpring.png
post,5994872,candidate,chao_ho_(azur_lane);ying_swei_(azur_lane),"Frolicking Flowers, Verse II;Frolicking Flowers, Verse I",excluded_no_qualifying_form_evidence,,https://danbooru.donmai.us/posts/5994872,https://azurlane.netojuu.com/images/9/96/Ying_SweiSpring2.png
post,5994874,candidate,yat_sen_(azur_lane),Paragon of Celestial Grace,included_supporting_post,yat_sen_(paragon_of_celestial_grace)_(azur_lane),https://danbooru.donmai.us/posts/5994874,https://azurlane.netojuu.com/images/b/b5/Yat_SenSpring.png
post,5994879,candidate,ting_an_(azur_lane),Default,included_supporting_post,ting_an_(azur_lane),https://danbooru.donmai.us/posts/5994879,https://azurlane.netojuu.com/images/2/27/Ting_An.png
post,5994880,candidate,hwah_jah_(azur_lane),Default,included_supporting_post,hwah_jah_(azur_lane),https://danbooru.donmai.us/posts/5994880,https://azurlane.netojuu.com/images/a/a9/Hwah_Jah.png
post,5994881,candidate,theseus_(azur_lane),Default,included_supporting_post,theseus_(azur_lane),https://danbooru.donmai.us/posts/5994881,https://azurlane.netojuu.com/images/d/d8/Theseus.png
post,5995128,candidate,fu_shun_(azur_lane),The Unbreakable Baozi Heist,included_supporting_post,fu_shun_(the_unbreakable_baozi_heist)_(azur_lane),https://danbooru.donmai.us/posts/5995128,https://azurlane.netojuu.com/images/6/62/Fu_ShunSpring.png
post,6004350,candidate,cheshire_(azur_lane),The Cat And The White Steed,included_supporting_post,cheshire_(the_cat_and_the_white_steed)_(azur_lane),https://danbooru.donmai.us/posts/6004350,Game File
post,6004362,candidate,aegir_(azur_lane),Golden Dragon Among Auspicious Clouds,excluded_no_qualifying_form_evidence,,https://danbooru.donmai.us/posts/6004362,Game File
post,6004371,candidate,volga_(azur_lane),Default,included_supporting_post,volga_(azur_lane),https://danbooru.donmai.us/posts/6004371,Game File
post,6004377,candidate,kuybyshev_(azur_lane),Default,included_supporting_post,kuybyshev_(azur_lane),https://danbooru.donmai.us/posts/6004377,Game File
post,6004393,candidate,prinz_adalbert_(azur_lane),After-Hours Service,included_supporting_post,prinz_adalbert_(after-hours_service)_(azur_lane),https://danbooru.donmai.us/posts/6004393,Game File
post,6004402,candidate,pompeo_magno_(azur_lane),Quaver Daydream,included_supporting_post,pompeo_magno_(quaver_daydream)_(azur_lane),https://danbooru.donmai.us/posts/6004402,Game File
post,6008180,candidate,kiev_(azur_lane),Backstreet Silver Sonata,included_supporting_post,kiev_(backstreet_silver_sonata)_(azur_lane),https://danbooru.donmai.us/posts/6008180,Game File
post,6008184,candidate,yat_sen_(azur_lane),Retrofit,included_supporting_post,yat_sen_(retrofit)_(azur_lane),https://danbooru.donmai.us/posts/6008184,Game Files
post,6008189,candidate,birmingham_(azur_lane),To Where the Wind Blows,included_supporting_post,birmingham_(to_where_the_wind_blows)_(azur_lane),https://danbooru.donmai.us/posts/6008189,Game File
post,6008193,candidate,prinz_rupprecht_(azur_lane),The Gate Dragon Advent,excluded_no_qualifying_form_evidence,,https://danbooru.donmai.us/posts/6008193,Game File
post,6008194,candidate,bristol_(azur_lane),Tales from the Empery,included_supporting_post,bristol_(tales_from_the_empery)_(azur_lane),https://danbooru.donmai.us/posts/6008194,Game File
post,6008197,candidate,hermione_(azur_lane),Graceful Afternoon Tea,included_supporting_post,hermione_(graceful_afternoon_tea)_(azur_lane),https://danbooru.donmai.us/posts/6008197,Game File
post,6008198,candidate,vanguard_(azur_lane),Default,included_supporting_post,vanguard_(azur_lane),https://danbooru.donmai.us/posts/6008198,Game File
post,6023807,candidate,chitose_(azur_lane),Summer Shine,included_supporting_post,chitose_(summer_shine)_(azur_lane),https://danbooru.donmai.us/posts/6023807,Game File
post,6023853,candidate,u-47_(azur_lane),"Hook, Line, and Sinker",included_supporting_post,u-47_(hook_line_and_sinker)_(azur_lane),https://danbooru.donmai.us/posts/6023853,Game File
post,6023863,candidate,brest_(azur_lane),Default,included_supporting_post,brest_(azur_lane),https://danbooru.donmai.us/posts/6023863,Game File
post,6023876,candidate,luetzow_(azur_lane),Steaming Hot Treat,excluded_no_qualifying_form_evidence,,https://danbooru.donmai.us/posts/6023876,Game File
post,6023877,candidate,arkhangelsk_(azur_lane),Default,included_supporting_post,arkhangelsk_(azur_lane),https://danbooru.donmai.us/posts/6023877,Game File
post,6023886,candidate,weser_(azur_lane),Urbane Onyx,included_supporting_post,weser_(urbane_onyx)_(azur_lane),https://danbooru.donmai.us/posts/6023886,Game File
post,6054303,candidate,pamiat_merkuria_(azur_lane),Mercurial Chocolate Love,excluded_no_qualifying_form_evidence,,https://danbooru.donmai.us/posts/6054303,Game File
post,6054308,candidate,elbe_(azur_lane),Pure-Hearted Bad Girl,included_supporting_post,elbe_(pure-hearted_bad_girl)_(azur_lane),https://danbooru.donmai.us/posts/6054308,Game File
post,6054312,candidate,haguro_(azur_lane),Caught by Nightfall,included_supporting_post,haguro_(caught_by_nightfall)_(azur_lane),https://danbooru.donmai.us/posts/6054312,Game File
post,6086601,candidate,juneau_(azur_lane),In the Swan Garden,included_supporting_post,juneau_(in_the_swan_garden)_(azur_lane),https://danbooru.donmai.us/posts/6086601,https://azurlane.netojuu.com/images/e/e6/JuneauParty.png
post,6086628,candidate,marblehead_(azur_lane),Charmer in the Snowy Reflection,included_supporting_post,marblehead_(charmer_in_the_snowy_reflection)_(azur_lane),https://danbooru.donmai.us/posts/6086628,https://azurlane.netojuu.com/images/b/b2/MarbleheadChristmas.png
post,6086634,candidate,long_island_(azur_lane),Long Island's Spooky Stream,included_supporting_post,long_island_(long_island's_spooky_stream)_(azur_lane),https://danbooru.donmai.us/posts/6086634,https://azurlane.netojuu.com/images/6/68/Long_IslandHalloween.png
post,6086647,candidate,saratoga_(azur_lane),Silent Night Songstress,included_supporting_post,saratoga_(silent_night_songstress)_(azur_lane),https://danbooru.donmai.us/posts/6086647,https://azurlane.netojuu.com/images/a/ad/SaratogaChristmas.png
post,6086655,candidate,jenkins_(azur_lane),Light of the Holiest Star,included_supporting_post,jenkins_(light_of_the_holiest_star)_(azur_lane),https://danbooru.donmai.us/posts/6086655,https://azurlane.netojuu.com/images/7/7a/JenkinsChristmas.png
post,6086670,candidate,cooper_(azur_lane),Heartwarming Holiday Hearth,included_supporting_post,cooper_(heartwarming_holiday_hearth)_(azur_lane),https://danbooru.donmai.us/posts/6086670,https://azurlane.netojuu.com/images/0/0f/CooperChristmasWithoutBG.png
post,6086681,candidate,benson_(azur_lane),Cutie Pumpkin Pie,included_supporting_post,benson_(cutie_pumpkin_pie)_(azur_lane),https://danbooru.donmai.us/posts/6086681,https://azurlane.netojuu.com/images/0/03/BensonHalloweenWithoutBG.png
post,6090464,candidate,argus_(azur_lane),Default,included_supporting_post,argus_(azur_lane),https://danbooru.donmai.us/posts/6090464,Game File
post,6090482,candidate,argus_(azur_lane),A Hundred Sleepless Eye,excluded_no_qualifying_form_evidence,,https://danbooru.donmai.us/posts/6090482,Game File
post,6090487,candidate,hero_(azur_lane),The Devil Wears Knee-Highs,included_supporting_post,hero_(the_devil_wears_knee-highs)_(azur_lane),https://danbooru.donmai.us/posts/6090487,Game File
post,6090494,candidate,hero_(azur_lane),Base art,excluded_no_qualifying_form_evidence,,https://danbooru.donmai.us/posts/6090494,Game File
post,6090503,candidate,implacable_(azur_lane),Default,included_supporting_post,implacable_(azur_lane),https://danbooru.donmai.us/posts/6090503,Game File
post,6090518,candidate,janus_(azur_lane),Fear of Changing...Clothes,excluded_no_qualifying_form_evidence,,https://danbooru.donmai.us/posts/6090518,Game File
post,6090532,candidate,marblehead_(azur_lane),Not-So-Serendipitous Rain,excluded_no_qualifying_form_evidence,,https://danbooru.donmai.us/posts/6090532,Game File
post,6090536,candidate,prinz_heinrich_(azur_lane),Secret Boss O' The Underworld?,excluded_no_qualifying_form_evidence,,https://danbooru.donmai.us/posts/6090536,Game File
post,6090545,candidate,royal_oak_(azur_lane),Default,included_supporting_post,royal_oak_(azur_lane),https://danbooru.donmai.us/posts/6090545,Game File
post,6090548,candidate,scylla_(azur_lane),Default,included_supporting_post,scylla_(azur_lane),https://danbooru.donmai.us/posts/6090548,Game File
post,6090552,candidate,scylla_(azur_lane),Femme Fatale Fresher,included_supporting_post,scylla_(femme_fatale_fresher)_(azur_lane),https://danbooru.donmai.us/posts/6090552,Game File
post,6090554,candidate,umikaze_(azur_lane),Baby Steps,included_supporting_post,umikaze_(baby_steps)_(azur_lane),https://danbooru.donmai.us/posts/6090554,Game File
post,6090566,candidate,royal_oak_(azur_lane),Bashful Oak,included_supporting_post,royal_oak_(bashful_oak)_(azur_lane),https://danbooru.donmai.us/posts/6090566,Game File
post,6092938,candidate,implacable_(azur_lane),Reference sheet,excluded_no_qualifying_form_evidence,,https://danbooru.donmai.us/posts/6092938,https://weibo.com/2061731981/MutBnkrrY
post,6101912,candidate,queen_elizabeth_(azur_lane),META,excluded_no_qualifying_form_evidence,,https://danbooru.donmai.us/posts/6101912,https://azurlane.koumakan.jp/wiki/Queen_Elizabeth_META/Gallery#/media/File:Queen_Elizabeth_META.png
post,6101918,candidate,la_galissonniere_(azur_lane),META,excluded_no_qualifying_form_evidence,,https://danbooru.donmai.us/posts/6101918,https://azurlane.koumakan.jp/wiki/La_Galissonni%C3%A8re_META/Gallery#/media/File:La_Galissonni%C3%A8re_META.png
post,6141898,candidate,unicorn_(azur_lane),Angelic Nurse,included_supporting_post,unicorn_(angelic_nurse)_(azur_lane),https://danbooru.donmai.us/posts/6141898,https://azurlane.netojuu.com/images/1/12/UnicornHospital.png
post,6141904,candidate,manchester_(azur_lane),Midnight Devil in White,included_supporting_post,manchester_(midnight_devil_in_white)_(azur_lane),https://danbooru.donmai.us/posts/6141904,https://azurlane.netojuu.com/images/b/b3/ManchesterHalloween.png
post,6161642,candidate,bailey_(azur_lane),Jolly Saint Bunnylass,excluded_no_qualifying_form_evidence,,https://danbooru.donmai.us/posts/6161642,https://azurlane.netojuu.com/images/8/88/BaileyChristmas.png
post,6161730,candidate,radford_(azur_lane),Sweet Magic!,excluded_no_qualifying_form_evidence,,https://danbooru.donmai.us/posts/6161730,https://azurlane.netojuu.com/images/3/3f/RadfordHalloweenWithoutBG.png
post,6164185,candidate,voroshilov_(azur_lane),Default,included_supporting_post,voroshilov_(azur_lane),https://danbooru.donmai.us/posts/6164185,Game File
post,6164202,candidate,kursk_(azur_lane),Default,included_supporting_post,kursk_(azur_lane),https://danbooru.donmai.us/posts/6164202,Game File
post,6164214,candidate,sevastopol_(azur_lane),Default,included_supporting_post,sevastopol_(azur_lane),https://danbooru.donmai.us/posts/6164214,Game File
post,6164227,candidate,trieste_(azur_lane),Amore Termico,included_supporting_post,trieste_(amore_termico)_(azur_lane),https://danbooru.donmai.us/posts/6164227,Game File
post,6164229,candidate,voroshilov_(azur_lane),Devoted as the Warm Snow,included_supporting_post,voroshilov_(devoted_as_the_warm_snow)_(azur_lane),https://danbooru.donmai.us/posts/6164229,Game File
post,6164235,candidate,kursk_(azur_lane),Lone Wolf Amid the Steam,included_supporting_post,kursk_(lone_wolf_amid_the_steam)_(azur_lane),https://danbooru.donmai.us/posts/6164235,Game File
post,6164239,candidate,mainz_(azur_lane),The Silkiest Brew,included_supporting_post,mainz_(the_silkiest_brew)_(azur_lane),https://danbooru.donmai.us/posts/6164239,Game File
post,6164240,candidate,sevastopol_(azur_lane),More than a Little Drunk,included_supporting_post,sevastopol_(more_than_a_little_drunk)_(azur_lane),https://danbooru.donmai.us/posts/6164240,Game File
post,6164245,candidate,joffre_(azur_lane),Sublime Elysium,included_supporting_post,joffre_(sublime_elysium)_(azur_lane),https://danbooru.donmai.us/posts/6164245,Game File
post,6164268,candidate,vauquelin_(azur_lane),Otherworldly adventure,included_supporting_post,vauquelin_(otherworldly_adventure)_(azur_lane),https://danbooru.donmai.us/posts/6164268,Game File
post,6180590,candidate,grozny_(azur_lane),Bunny in the Banya,excluded_no_qualifying_form_evidence,,https://danbooru.donmai.us/posts/6180590,https://twitter.com/sw_scout/status/1640700109204901888
post,6240770,candidate,illustrious_(azur_lane),U-Treasure,excluded_no_qualifying_form_evidence,,https://danbooru.donmai.us/posts/6240770,https://twitter.com/u_treasure_pr/status/1542840446430244864
post,6259105,candidate,akagi_(azur_lane),Precipice of Sweetness,included_supporting_post,akagi_(precipice_of_sweetness)_(azur_lane),https://danbooru.donmai.us/posts/6259105,Game File
post,6263986,candidate,little_formidable_(azur_lane),Default,excluded_no_qualifying_form_evidence,,https://danbooru.donmai.us/posts/6263986,https://azurlane.netojuu.com/images/5/56/Little_Formidable.png
post,6309366,candidate,honolulu_(azur_lane),Default,excluded_no_qualifying_form_evidence,,https://danbooru.donmai.us/posts/6309366,https://exhentai.org/s/9cd504f591/2553042-53
post,6323344,candidate,jade_(azur_lane),Default,excluded_no_qualifying_form_evidence,,https://danbooru.donmai.us/posts/6323344,https://twitter.com/frengchiano2/status/1659794031726182400
post,6338776,candidate,anchorage_(azur_lane),Dolphins and Swim Lessons,included_supporting_post,anchorage_(dolphins_and_swim_lessons)_(azur_lane),https://danbooru.donmai.us/posts/6338776,Game Files
post,6338782,candidate,otto_von_alvensleben_(azur_lane),Default,included_supporting_post,otto_von_alvensleben_(azur_lane),https://danbooru.donmai.us/posts/6338782,Game Files
post,6338792,candidate,otto_von_alvensleben_(azur_lane),Hunter Becomes Hunted,included_supporting_post,otto_von_alvensleben_(hunter_becomes_hunted)_(azur_lane),https://danbooru.donmai.us/posts/6338792,Game Files
post,6338797,candidate,bismarck_(azur_lane);bismarck_zwei_(azur_lane),[[Bismarck Zwei (azur lane)|]];,excluded_no_qualifying_form_evidence,,https://danbooru.donmai.us/posts/6338797,Game Files
post,6338803,candidate,bismarck_(azur_lane),Crystal-Clear Holiday,included_supporting_post,bismarck_(crystal-clear_holiday)_(azur_lane),https://danbooru.donmai.us/posts/6338803,Game Files
post,6338838,candidate,royal_fortune_(azur_lane),Eyes on the Prize,included_supporting_post,royal_fortune_(eyes_on_the_prize)_(azur_lane),https://danbooru.donmai.us/posts/6338838,Game Files
post,6338843,candidate,regensburg_(azur_lane),Profile,excluded_no_qualifying_form_evidence,,https://danbooru.donmai.us/posts/6338843,Game Files
post,6338847,candidate,regensburg_(azur_lane),Dark Dragon Brilliant Beach,included_supporting_post,regensburg_(dark_dragon_brilliant_beach)_(azur_lane),https://danbooru.donmai.us/posts/6338847,Game Files
post,6338850,candidate,manchester_(azur_lane),A Moment in the Shade,included_supporting_post,manchester_(a_moment_in_the_shade)_(azur_lane),https://danbooru.donmai.us/posts/6338850,Game Files
post,6338854,candidate,nelson_(azur_lane),Retrofit,included_supporting_post,nelson_(retrofit)_(azur_lane),https://danbooru.donmai.us/posts/6338854,Game Files
post,6338861,candidate,new_jersey_(azur_lane),Midsummer Leisure,included_supporting_post,new_jersey_(midsummer_leisure)_(azur_lane),https://danbooru.donmai.us/posts/6338861,Game Files
post,6338865,candidate,jade_(azur_lane),A Lick of Summer,included_supporting_post,jade_(a_lick_of_summer)_(azur_lane),https://danbooru.donmai.us/posts/6338865,Game Files
post,6338867,candidate,yat_sen_(azur_lane),Pristine Leaves Rich Warmth,included_supporting_post,yat_sen_(pristine_leaves_rich_warmth)_(azur_lane),https://danbooru.donmai.us/posts/6338867,Game Files
post,6338869,candidate,u-556_(azur_lane),META,excluded_no_qualifying_form_evidence,,https://danbooru.donmai.us/posts/6338869,Game Files
post,6338889,candidate,vestal_(azur_lane),META,excluded_no_qualifying_form_evidence,,https://danbooru.donmai.us/posts/6338889,Game Files
post,6338952,candidate,taihou_(azur_lane),Seaside Daydreams,excluded_no_qualifying_form_evidence,,https://danbooru.donmai.us/posts/6338952,https://twitter.com/_Yunsang/status/1661657235704143872
post,6339033,candidate,kaga_(azur_lane),Snowsilk Fox Dance,included_supporting_post,kaga_(snowsilk_fox_dance)_(azur_lane),https://danbooru.donmai.us/posts/6339033,Game Files
post,6359629,candidate,amagi_(azur_lane),Red Kite Respite,included_supporting_post,amagi_(red_kite_respite)_(azur_lane),https://danbooru.donmai.us/posts/6359629,Game Files
post,6359637,candidate,ayanami_(azur_lane),Disarming Deep Blue,included_supporting_post,ayanami_(disarming_deep_blue)_(azur_lane),https://danbooru.donmai.us/posts/6359637,Game Files
post,6359640,candidate,chapayev_(azur_lane),Melody of the White Cavalier,included_supporting_post,chapayev_(melody_of_the_white_cavalier)_(azur_lane),https://danbooru.donmai.us/posts/6359640,Game Files
post,6359646,candidate,cleveland_(azur_lane),Golden Conductor,included_supporting_post,cleveland_(golden_conductor)_(azur_lane),https://danbooru.donmai.us/posts/6359646,Game Files
post,6359650,candidate,illustrious_(azur_lane),Soft Light and a Melody,excluded_no_qualifying_form_evidence,,https://danbooru.donmai.us/posts/6359650,Game Files
post,6359651,candidate,laffey_(azur_lane),Lazy Days,included_supporting_post,laffey_(lazy_days)_(azur_lane),https://danbooru.donmai.us/posts/6359651,Game Files
post,6359654,candidate,prinz_heinrich_(azur_lane),Heinrich on Stage,included_supporting_post,prinz_heinrich_(heinrich_on_stage)_(azur_lane),https://danbooru.donmai.us/posts/6359654,Game Files
post,6359657,candidate,taihou_(azur_lane);taihou-chan_(azur_lane),[[Taihou-chan (azur lane)|]];Default,included_supporting_post,taihou-chan_(azur_lane),https://danbooru.donmai.us/posts/6359657,Game Files
post,6359658,candidate,unicorn_(azur_lane),Blissful Movement,included_supporting_post,unicorn_(blissful_movement)_(azur_lane),https://danbooru.donmai.us/posts/6359658,Game Files
post,6380176,candidate,algerie_(azur_lane),META,excluded_no_qualifying_form_evidence,,https://danbooru.donmai.us/posts/6380176,Game Files
post,6380180,candidate,champagne_(azur_lane),Adulation Eternal,included_supporting_post,champagne_(adulation_eternal)_(azur_lane),https://danbooru.donmai.us/posts/6380180,Game Files
post,6380184,candidate,hai_tien_(azur_lane),Soaring Apsaras,included_supporting_post,hai_tien_(soaring_apsaras)_(azur_lane),https://danbooru.donmai.us/posts/6380184,Game Files
post,6380196,candidate,hermione_(azur_lane),Dawn's Oath,included_supporting_post,hermione_(dawn's_oath)_(azur_lane),https://danbooru.donmai.us/posts/6380196,Game Files
post,6437710,candidate,z23_(azur_lane),U-Treasure,excluded_no_qualifying_form_evidence,,https://danbooru.donmai.us/posts/6437710,https://twitter.com/u_treasure_pr/status/1673315183262052352
post,6443271,candidate,taihou_(azur_lane),U-Treasure,excluded_no_qualifying_form_evidence,,https://danbooru.donmai.us/posts/6443271,https://twitter.com/daiji_1031/status/1674016313910657024
post,6444445,candidate,ticonderoga_(azur_lane),Sunshine Princess,included_supporting_post,ticonderoga_(sunshine_princess)_(azur_lane),https://danbooru.donmai.us/posts/6444445,https://azurlane.netojuu.com/images/f/ff/TiconderogaSummerWithoutBG.png
post,6446041,candidate,andrea_doria_(azur_lane),Base art,excluded_no_qualifying_form_evidence,,https://danbooru.donmai.us/posts/6446041,Game Files
post,6446052,candidate,andrea_doria_(azur_lane),Have a Safe Flight,included_supporting_post,andrea_doria_(have_a_safe_flight)_(azur_lane),https://danbooru.donmai.us/posts/6446052,Game Files
post,6446063,candidate,attilio_regolo_(azur_lane),Default,included_supporting_post,attilio_regolo_(azur_lane),https://danbooru.donmai.us/posts/6446063,Game Files
post,6446068,candidate,attilio_regolo_(azur_lane),Castle of Inspiration,included_supporting_post,attilio_regolo_(castle_of_inspiration)_(azur_lane),https://danbooru.donmai.us/posts/6446068,Game Files
post,6446079,candidate,essex_(azur_lane),Crossbones Especial,excluded_no_qualifying_form_evidence,,https://danbooru.donmai.us/posts/6446079,Game Files
post,6446088,candidate,gorizia_(azur_lane),Default,included_supporting_post,gorizia_(azur_lane),https://danbooru.donmai.us/posts/6446088,Game Files
post,6446090,candidate,gorizia_(azur_lane),Unrequited Office Love,excluded_no_qualifying_form_evidence,,https://danbooru.donmai.us/posts/6446090,Game Files
post,6446094,candidate,hood_(azur_lane),Gentlewoman and Stallion,included_supporting_post,hood_(gentlewoman_and_stallion)_(azur_lane),https://danbooru.donmai.us/posts/6446094,Game Files
post,6446102,candidate,littorio_(azur_lane),Sitting in the Rain,included_supporting_post,littorio_(sitting_in_the_rain)_(azur_lane),https://danbooru.donmai.us/posts/6446102,Game Files
post,6446112,candidate,london_(azur_lane),The Sterling Secretary,included_supporting_post,london_(the_sterling_secretary)_(azur_lane),https://danbooru.donmai.us/posts/6446112,Game Files
post,6449100,candidate,shinano_(azur_lane),U-Treasure,excluded_no_qualifying_form_evidence,,https://danbooru.donmai.us/posts/6449100,https://twitter.com/momoku26654048/status/1674646856499089410
post,6473773,candidate,flandre_(azur_lane),Default,included_supporting_post,flandre_(azur_lane),https://danbooru.donmai.us/posts/6473773,https://twitter.com/azurlane_staff/status/1677572765627609088
post,6483520,candidate,hindenburg_(azur_lane),,excluded_no_qualifying_form_evidence,,https://danbooru.donmai.us/posts/6483520,https://twitter.com/azurlane_staff/status/1678694639694643200
post,6489397,candidate,felix_schultz_(azur_lane),Default,included_supporting_post,felix_schultz_(azur_lane),https://danbooru.donmai.us/posts/6489397,Game Files
post,6489487,candidate,hindenburg_(azur_lane),Default,included_supporting_post,hindenburg_(azur_lane),https://danbooru.donmai.us/posts/6489487,Game Files
post,6489503,candidate,shimanto_(azur_lane),Default,included_supporting_post,shimanto_(azur_lane),https://danbooru.donmai.us/posts/6489503,Game Files
post,6491928,candidate,kearsarge_(azur_lane),Default,included_supporting_post,kearsarge_(azur_lane),https://danbooru.donmai.us/posts/6491928,https://azurlane.netojuu.com/images/4/46/Kearsarge.png?20230714061618
post,6511859,candidate,hatakaze_(azur_lane),META,excluded_no_qualifying_form_evidence,,https://danbooru.donmai.us/posts/6511859,https://azurlane.netojuu.com/images/7/74/Hatakaze_META.png
post,6513382,candidate,foch_(azur_lane),Majestic Majordomo,included_supporting_post,foch_(majestic_majordomo)_(azur_lane),https://danbooru.donmai.us/posts/6513382,https://azurlane.netojuu.com/images/8/85/FochTravel.png?20230721002118
post,6527183,candidate,noshiro_(azur_lane),Fragrance of the Eastern Snow,excluded_no_qualifying_form_evidence,,https://danbooru.donmai.us/posts/6527183,https://i.pximg.net/img-original/img/2023/07/25/13/08/46/110222715_p0.png
post,6554919,candidate,marseillaise_(azur_lane),Default,included_supporting_post,marseillaise_(azur_lane),https://danbooru.donmai.us/posts/6554919,https://azurlane.netojuu.com/images/2/25/Marseillaise.png
post,6554929,candidate,marseillaise_(azur_lane),Fighting Angel's Regimen,included_supporting_post,marseillaise_(fighting_angel's_regimen)_(azur_lane),https://danbooru.donmai.us/posts/6554929,https://azurlane.netojuu.com/images/9/9a/MarseillaiseSport.png
post,6585356,candidate,guichen_(azur_lane),Default,included_supporting_post,guichen_(azur_lane),https://danbooru.donmai.us/posts/6585356,https://twitter.com/azurlane_staff/status/1690603337337737216
post,6597950,candidate,suffren_(azur_lane),Default,included_supporting_post,suffren_(azur_lane),https://danbooru.donmai.us/posts/6597950,https://azurlane.netojuu.com/images/e/ef/Suffren.png
post,6597953,candidate,suffren_(azur_lane),Impulsive Incident,included_supporting_post,suffren_(impulsive_incident)_(azur_lane),https://danbooru.donmai.us/posts/6597953,https://azurlane.netojuu.com/images/b/b7/SuffrenSport.png
post,6597958,candidate,painleve_(azur_lane),Default,included_supporting_post,painleve_(azur_lane),https://danbooru.donmai.us/posts/6597958,https://azurlane.netojuu.com/images/6/68/Painlevé.png
post,6597960,candidate,painleve_(azur_lane),Team Stretching,included_supporting_post,painleve_(team_stretching)_(azur_lane),https://danbooru.donmai.us/posts/6597960,https://azurlane.netojuu.com/images/a/a9/PainlevéSport.png
post,6597962,candidate,lyon_(azur_lane),Paired Exercise,included_supporting_post,lyon_(paired_exercise)_(azur_lane),https://danbooru.donmai.us/posts/6597962,https://azurlane.netojuu.com/images/0/0c/LyonSport.png
post,6597963,candidate,lyon_(azur_lane),Default,included_supporting_post,lyon_(azur_lane),https://danbooru.donmai.us/posts/6597963,https://azurlane.netojuu.com/images/5/52/Lyon.png
post,6597968,candidate,kiev_(azur_lane),Vila of the Crystal Lake,included_supporting_post,kiev_(vila_of_the_crystal_lake)_(azur_lane),https://danbooru.donmai.us/posts/6597968,https://azurlane.netojuu.com/images/0/0e/KievDance.png
post,6597971,candidate,kersaint_(azur_lane),Default,included_supporting_post,kersaint_(azur_lane),https://danbooru.donmai.us/posts/6597971,https://azurlane.netojuu.com/images/3/3c/Kersaint.png
post,6597975,candidate,kersaint_(azur_lane),Reverent Runner,included_supporting_post,kersaint_(reverent_runner)_(azur_lane),https://danbooru.donmai.us/posts/6597975,https://azurlane.netojuu.com/images/7/7f/KersaintSport.png
post,6597978,candidate,helena_(azur_lane),Shimmering Triangle Wave,included_supporting_post,helena_(shimmering_triangle_wave)_(azur_lane),https://danbooru.donmai.us/posts/6597978,https://azurlane.netojuu.com/images/5/5e/HelenaSummer.png
post,6597988,candidate,guichen_(azur_lane),Sorcière on Ice,excluded_no_qualifying_form_evidence,,https://danbooru.donmai.us/posts/6597988,https://azurlane.netojuu.com/images/9/9f/GuichenSport.png
post,6597989,candidate,enterprise_(azur_lane),Diving under Blue Skies,included_supporting_post,enterprise_(diving_under_blue_skies)_(azur_lane),https://danbooru.donmai.us/posts/6597989,https://azurlane.netojuu.com/images/f/f5/EnterpriseSummer.png
post,6597991,candidate,clemenceau_(azur_lane),Default,included_supporting_post,clemenceau_(azur_lane),https://danbooru.donmai.us/posts/6597991,https://azurlane.netojuu.com/images/3/3a/Clemenceau.png
post,6597995,candidate,clemenceau_(azur_lane),Splendid Breeze,included_supporting_post,clemenceau_(splendid_breeze)_(azur_lane),https://danbooru.donmai.us/posts/6597995,https://azurlane.netojuu.com/images/2/25/ClemenceauSport.png
post,6643778,candidate,yorktown_(azur_lane),Towards Tomorrow's Brilliant Breeze,included_supporting_post,yorktown_(towards_tomorrow's_brilliant_breeze)_(azur_lane),https://danbooru.donmai.us/posts/6643778,https://azurlane.netojuu.com/images/a/ac/YorktownWeddingWithoutBG.png
post,6674002,candidate,north_carolina_(azur_lane),The Heart's Desire,excluded_no_qualifying_form_evidence,,https://danbooru.donmai.us/posts/6674002,https://twitter.com/piche9468/status/1701080296849043763
post,6682481,candidate,unzen_(azur_lane),Default,included_supporting_post,unzen_(azur_lane),https://danbooru.donmai.us/posts/6682481,https://azurlane.netojuu.com/images/b/b6/Unzen.png
post,6682500,candidate,hatsuzuki_(azur_lane),Default,included_supporting_post,hatsuzuki_(azur_lane),https://danbooru.donmai.us/posts/6682500,https://azurlane.netojuu.com/images/e/ea/Hatsuzuki.png
post,6682507,candidate,hatsuzuki_(azur_lane),August's First Romance,included_supporting_post,hatsuzuki_(august's_first_romance)_(azur_lane),https://danbooru.donmai.us/posts/6682507,https://azurlane.netojuu.com/images/d/d8/HatsuzukiSummer.png
post,6682517,candidate,asanagi_(azur_lane),Default,included_supporting_post,asanagi_(azur_lane),https://danbooru.donmai.us/posts/6682517,https://azurlane.netojuu.com/images/9/94/Asanagi.png
post,6682524,candidate,asanagi_(azur_lane),Lulled by Rough Seas,included_supporting_post,asanagi_(lulled_by_rough_seas)_(azur_lane),https://danbooru.donmai.us/posts/6682524,https://azurlane.netojuu.com/images/3/3f/AsanagiSummer.png
post,6682527,candidate,kashino_(azur_lane),Robust Floral Strings,included_supporting_post,kashino_(robust_floral_strings)_(azur_lane),https://danbooru.donmai.us/posts/6682527,https://azurlane.netojuu.com/images/9/9e/KashinoParty.png
post,6682535,candidate,katsuragi_(azur_lane),Shallow-Water Leisure,included_supporting_post,katsuragi_(shallow-water_leisure)_(azur_lane),https://danbooru.donmai.us/posts/6682535,https://azurlane.netojuu.com/images/d/dc/KatsuragiSummer.png
post,6682555,candidate,natori_(azur_lane),Default,included_supporting_post,natori_(azur_lane),https://danbooru.donmai.us/posts/6682555,https://azurlane.netojuu.com/images/c/c6/Natori.png
post,6682560,candidate,natori_(azur_lane),Beach Paradise,included_supporting_post,natori_(beach_paradise)_(azur_lane),https://danbooru.donmai.us/posts/6682560,https://azurlane.netojuu.com/images/2/2f/NatoriSummer.png
post,6682566,candidate,nautilus_(azur_lane),Shining Blossom in the Deep Blue,included_supporting_post,nautilus_(shining_blossom_in_the_deep_blue)_(azur_lane),https://danbooru.donmai.us/posts/6682566,https://azurlane.netojuu.com/images/1/1c/NautilusSummer.png
post,6682572,candidate,owari_(azur_lane),Default,included_supporting_post,owari_(azur_lane),https://danbooru.donmai.us/posts/6682572,https://azurlane.netojuu.com/images/4/40/Owari.png
post,6682578,candidate,owari_(azur_lane),Shimmering Forsythia,included_supporting_post,owari_(shimmering_forsythia)_(azur_lane),https://danbooru.donmai.us/posts/6682578,https://azurlane.netojuu.com/images/1/15/OwariSummer.png
post,6692467,candidate,queen_elizabeth_(azur_lane),Seaside Orders,included_supporting_post,queen_elizabeth_(seaside_orders)_(azur_lane),https://danbooru.donmai.us/posts/6692467,Game File
post,6695636,candidate,reno_(azur_lane),Reno Bunnino,excluded_no_qualifying_form_evidence,,https://danbooru.donmai.us/posts/6695636,https://i.pximg.net/img-original/img/2023/09/19/00/35/10/111842196_p0.jpg
post,6703405,candidate,prince_of_wales_(azur_lane),"A Knight's Song, A Lady's Night",included_supporting_post,prince_of_wales_(a_knight's_song_a_lady's_night)_(azur_lane),https://danbooru.donmai.us/posts/6703405,https://azurlane.netojuu.com/images/f/f2/Prince_of_WalesParty.png
post,6703515,candidate,argus_(azur_lane),Cerulean Enthrallment,included_supporting_post,argus_(cerulean_enthrallment)_(azur_lane),https://danbooru.donmai.us/posts/6703515,https://azurlane.netojuu.com/images/4/4e/ArgusParty.png
post,6703525,candidate,javelin_(azur_lane),A Different Dance,included_supporting_post,javelin_(a_different_dance)_(azur_lane),https://danbooru.donmai.us/posts/6703525,https://azurlane.netojuu.com/images/a/ac/JavelinParty.png
post,6703531,candidate,shinano_(azur_lane),Dreamy White Sands,included_supporting_post,shinano_(dreamy_white_sands)_(azur_lane),https://danbooru.donmai.us/posts/6703531,https://azurlane.netojuu.com/images/7/77/ShinanoSummer.png
post,6703642,candidate,unzen_(azur_lane),Sojourn Through Clear Seas,included_supporting_post,unzen_(sojourn_through_clear_seas)_(azur_lane),https://danbooru.donmai.us/posts/6703642,https://azurlane.netojuu.com/images/e/e4/UnzenSummer.png
post,6703649,candidate,z23_(azur_lane),Tanz der Blumen,included_supporting_post,z23_(tanz_der_blumen)_(azur_lane),https://danbooru.donmai.us/posts/6703649,https://azurlane.netojuu.com/images/4/45/Z23Party2.png
post,6724601,candidate,ulrich_von_hutten_(azur_lane),Ignition Matrician,included_supporting_post,ulrich_von_hutten_(ignition_matrician)_(azur_lane),https://danbooru.donmai.us/posts/6724601,https://azurlane.netojuu.com/images/d/d7/Ulrich_von_HuttenRaceQueen.png
post,6724698,candidate,u-410_(azur_lane),Practice Makes Perfect,included_supporting_post,u-410_(practice_makes_perfect)_(azur_lane),https://danbooru.donmai.us/posts/6724698,https://azurlane.netojuu.com/images/7/7a/U-410Travel.png
post,6724701,candidate,shimakaze_(azur_lane),Clumsy Moon Rabbit,included_supporting_post,shimakaze_(clumsy_moon_rabbit)_(azur_lane),https://danbooru.donmai.us/posts/6724701,https://azurlane.netojuu.com/images/8/87/ShimakazeSpring.png
post,6724746,candidate,luetzow_(azur_lane),Sleeping White Beauty,excluded_no_qualifying_form_evidence,,https://danbooru.donmai.us/posts/6724746,https://azurlane.netojuu.com/images/f/f1/LützowWedding.png
post,6724756,candidate,essex_(azur_lane),The Gale of Course 88,included_supporting_post,essex_(the_gale_of_course_88)_(azur_lane),https://danbooru.donmai.us/posts/6724756,https://azurlane.netojuu.com/images/e/e7/EssexRaceQueen.png
post,6724763,candidate,bremerton_(azur_lane),Joyride of Love,included_supporting_post,bremerton_(joyride_of_love)_(azur_lane),https://danbooru.donmai.us/posts/6724763,https://azurlane.netojuu.com/images/b/ba/BremertonWedding.png
post,6791253,candidate,houston_(azur_lane);houston_ii_(azur_lane),[[Houston II (Azur Lane)|]] [br] (Cleveland-class successor);Default,included_supporting_post,houston_ii_(azur_lane),https://danbooru.donmai.us/posts/6791253,https://azurlane.netojuu.com/images/1/1f/Houston_II.png
post,6801854,candidate,hai_tien_(azur_lane),Autumn Night of Wandering Spirits,included_supporting_post,hai_tien_(autumn_night_of_wandering_spirits)_(azur_lane),https://danbooru.donmai.us/posts/6801854,https://twitter.com/azurlane_staff/status/1716024092623560921
post,6814009,candidate,adventure_galley_(azur_lane),Under The Blood Moon,included_supporting_post,adventure_galley_(carnival_under_the_blood_moon)_(azur_lane),https://danbooru.donmai.us/posts/6814009,https://azurlane.netojuu.com/images/1/11/Adventure_GalleyHalloween.png
post,6814017,candidate,golden_hind_(azur_lane),Base art,excluded_no_qualifying_form_evidence,,https://danbooru.donmai.us/posts/6814017,https://azurlane.netojuu.com/images/3/30/Golden_Hind.png
post,6814024,candidate,golden_hind_(azur_lane),Forlorn Femme Fatale,included_supporting_post,golden_hind_(forlorn_femme_fatale)_(azur_lane),https://danbooru.donmai.us/posts/6814024,https://azurlane.netojuu.com/images/8/82/Golden_HindHalloween.png
post,6814034,candidate,mary_celeste_(azur_lane),Default,included_supporting_post,mary_celeste_(azur_lane),https://danbooru.donmai.us/posts/6814034,https://azurlane.netojuu.com/images/f/ff/Mary_Celeste.png
post,6814041,candidate,mary_celeste_(azur_lane),Grim Night's Reaper,included_supporting_post,mary_celeste_(grim_night's_reaper)_(azur_lane),https://danbooru.donmai.us/posts/6814041,https://azurlane.netojuu.com/images/4/46/Mary_CelesteHalloween.png
post,6814059,candidate,z24_(azur_lane),Blood-Red Dance Beneath the Moon,included_supporting_post,z24_(blood-red_dance_beneath_the_moon)_(azur_lane),https://danbooru.donmai.us/posts/6814059,https://azurlane.netojuu.com/images/6/67/Z24Halloween.png
post,6814069,candidate,victorious_(azur_lane),Upon Nights Brisk And Beautiful,included_supporting_post,victorious_(upon_nights_brisk_and_beautiful)_(azur_lane),https://danbooru.donmai.us/posts/6814069,https://azurlane.netojuu.com/images/4/49/VictoriousFestival.png
post,6814070,candidate,sao_martinho_(azur_lane),Default,included_supporting_post,sao_martinho_(azur_lane),https://danbooru.donmai.us/posts/6814070,https://azurlane.netojuu.com/images/2/2b/São_Martinho.png
post,6814084,candidate,sao_martinho_(azur_lane),The Golden Shadow,included_supporting_post,sao_martinho_(the_golden_shadow)_(azur_lane),https://danbooru.donmai.us/posts/6814084,https://azurlane.netojuu.com/images/3/36/São_MartinhoHalloween.png
post,6815474,candidate,adventure_galley_(azur_lane),Base art,included_supporting_post,adventure_galley_(azur_lane),https://danbooru.donmai.us/posts/6815474,https://azurlane.netojuu.com/images/7/7d/Adventure_Galley.png
post,6908989,candidate,takao_(azur_lane),Divine Exorcist's Blade,included_supporting_post,takao_(divine_exorcist's_blade)_(azur_lane),https://danbooru.donmai.us/posts/6908989,https://azurlane.netojuu.com/images/b/bb/TakaoNinja.png
post,6909058,candidate,erebus_(azur_lane),META,excluded_no_qualifying_form_evidence,,https://danbooru.donmai.us/posts/6909058,https://azurlane.netojuu.com/images/7/7f/Erebus_META.png
post,6909084,candidate,hatsuharu_(azur_lane),Hatsuharu's Cat Cafe Caper,included_supporting_post,hatsuharu_(hatsuharu's_cat_cafe_caper)_(azur_lane),https://danbooru.donmai.us/posts/6909084,https://azurlane.netojuu.com/images/7/72/HatsuharuMaid.png
post,6933845,candidate,kasumi_(azur_lane),New Year's Comfort,excluded_no_qualifying_form_evidence,,https://danbooru.donmai.us/posts/6933845,https://twitter.com/Byul_zzi/status/1250738366741504001
post,6957238,candidate,kirov_(azur_lane),META,excluded_no_qualifying_form_evidence,,https://danbooru.donmai.us/posts/6957238,Game Asset
post,6976255,candidate,laffey_(azur_lane);laffey_ii_(azur_lane),[[Laffey II (Azur Lane)|]];Default,included_supporting_post,laffey_ii_(azur_lane),https://danbooru.donmai.us/posts/6976255,https://azurlane.netojuu.com/images/3/33/Laffey_IIWithoutBG.png
post,6983595,candidate,guam_(azur_lane),Default,included_supporting_post,guam_(azur_lane),https://danbooru.donmai.us/posts/6983595,https://twitter.com/azurlane_staff/status/1735620566718292391
post,6985745,candidate,constellation_(azur_lane),Default,included_supporting_post,constellation_(azur_lane),https://danbooru.donmai.us/posts/6985745,https://twitter.com/azurlane_staff/status/1735857277184131162
post,6985973,candidate,guam_(azur_lane),Stage-Setting Charmer,included_supporting_post,guam_(stage-setting_charmer)_(azur_lane),https://danbooru.donmai.us/posts/6985973,https://twitter.com/azurlane_staff/status/1735879927323304030
post,7005094,candidate,laffey_(azur_lane);laffey_ii_(azur_lane),Sleepy on a Busy Day;Sleepy on a Busy Day,included_supporting_post,laffey_(sleepy_on_a_busy_day)_(azur_lane);laffey_ii_(sleepy_on_a_busy_day)_(azur_lane),https://danbooru.donmai.us/posts/7005094,Game Asset
post,7005115,candidate,flasher_(azur_lane),Default,included_supporting_post,flasher_(azur_lane),https://danbooru.donmai.us/posts/7005115,Game Asset
post,7005142,candidate,flasher_(azur_lane),Tearjerking Service,included_supporting_post,flasher_(tearjerking_service)_(azur_lane),https://danbooru.donmai.us/posts/7005142,Game Asset
post,7005180,candidate,hindenburg_(azur_lane),Delirious Duel,included_supporting_post,hindenburg_(delirious_duel)_(azur_lane),https://danbooru.donmai.us/posts/7005180,https://twitter.com/azurlane_staff/status/1737837897292886440
post,7005185,candidate,san_jacinto_(azur_lane),Flavor of the Day,included_supporting_post,san_jacinto_(flavor_of_the_day)_(azur_lane),https://danbooru.donmai.us/posts/7005185,Game Asset
post,7005447,candidate,cleveland_(azur_lane),Knight of the Pop-up Shop,included_supporting_post,cleveland_(knight_of_the_pop-up_shop)_(azur_lane),https://danbooru.donmai.us/posts/7005447,Game Asset
post,7005473,candidate,houston_(azur_lane);houston_ii_(azur_lane),Ready To Serve!;Ready To Serve!,included_supporting_post,houston_(ready_to_serve)_(azur_lane),https://danbooru.donmai.us/posts/7005473,Game Asset
post,7005517,candidate,vampire_(azur_lane),Night Princess's Festive Feast,included_supporting_post,vampire_(night_princess's_festive_feast)_(azur_lane),https://danbooru.donmai.us/posts/7005517,Game Asset
post,7005538,candidate,z35_(azur_lane),Liebender Engel,excluded_no_qualifying_form_evidence,,https://danbooru.donmai.us/posts/7005538,Game Asset
post,7008023,candidate,shimanto_(azur_lane),The Comfy Dragon God,included_supporting_post,shimanto_(the_comfy_dragon_god)_(azur_lane),https://danbooru.donmai.us/posts/7008023,https://twitter.com/azurlane_staff/status/1738034121577037872
post,7011351,candidate,louisville_(azur_lane),Default,included_supporting_post,louisville_(azur_lane),https://danbooru.donmai.us/posts/7011351,https://azurlane.netojuu.com/images/5/5d/Louisville.png
post,7011359,candidate,louisville_(azur_lane),An Order of Dreams,included_supporting_post,louisville_(an_order_of_dreams)_(azur_lane),https://danbooru.donmai.us/posts/7011359,https://azurlane.netojuu.com/images/9/90/LouisvilleBunny.png
post,7011384,candidate,san_jacinto_(azur_lane),Default,included_supporting_post,san_jacinto_(azur_lane),https://danbooru.donmai.us/posts/7011384,https://azurlane.netojuu.com/images/8/8f/San_Jacinto.png
post,7011412,candidate,constellation_(azur_lane),Galaxy's Finest,included_supporting_post,constellation_(galaxy's_finest)_(azur_lane),https://danbooru.donmai.us/posts/7011412,https://azurlane.netojuu.com/images/4/4f/ConstellationBunny.png
post,7029320,candidate,flandre_(azur_lane),If Love is a Sin Thou Art Forgiven,included_supporting_post,flandre_(if_love_is_a_sin_thou_art_forgiven)_(azur_lane),https://danbooru.donmai.us/posts/7029320,https://azurlane.netojuu.com/images/c/cc/FlandreMaid.png
post,7029350,candidate,janus_(azur_lane),Don't Turn Off the Lights,included_supporting_post,janus_(don't_turn_off_the_lights)_(azur_lane),https://danbooru.donmai.us/posts/7029350,https://azurlane.netojuu.com/images/8/85/JanusMaid.png
post,7029365,candidate,kazagumo_(azur_lane),Diligent Domestic Discipline,included_supporting_post,kazagumo_(diligent_domestic_discipline)_(azur_lane),https://danbooru.donmai.us/posts/7029365,https://azurlane.netojuu.com/images/0/01/KazagumoHome_Relaxation.png
post,7150868,candidate,chen_hai_(azur_lane),Retrofit,excluded_no_qualifying_form_evidence,,https://danbooru.donmai.us/posts/7150868,https://twitter.com/gujianshaonv/status/1751730960440418700
post,7156389,candidate,chen_hai_(azur_lane),Retrofit,included_supporting_post,chen_hai_(retrofit)_(azur_lane),https://danbooru.donmai.us/posts/7156389,https://azurlane.netojuu.com/images/e/ef/Chen_HaiKai.png
post,7156421,candidate,chi_an_(azur_lane),Default,included_supporting_post,chi_an_(azur_lane),https://danbooru.donmai.us/posts/7156421,https://azurlane.netojuu.com/images/a/ad/Chi_An.png
post,7156475,candidate,chi_an_(azur_lane),Lanternlit Stroll,included_supporting_post,chi_an_(lanternlit_stroll)_(azur_lane),https://danbooru.donmai.us/posts/7156475,https://azurlane.netojuu.com/images/3/33/Chi_AnSpring.png
post,7156487,candidate,elbing_(azur_lane),Beauty Beneath the Spring Limelight,included_supporting_post,elbing_(beauty_beneath_the_spring_limelight)_(azur_lane),https://danbooru.donmai.us/posts/7156487,https://azurlane.netojuu.com/images/f/f7/ElbingSpring.png
post,7156498,candidate,fei_yuen_(azur_lane),Default,included_supporting_post,fei_yuen_(azur_lane),https://danbooru.donmai.us/posts/7156498,https://azurlane.netojuu.com/images/c/c4/Fei_Yuen.png
post,7156507,candidate,fei_yuen_(azur_lane),Flying Clouds Flailing Pranks,included_supporting_post,fei_yuen_(flying_clouds_flailing_pranks)_(azur_lane),https://danbooru.donmai.us/posts/7156507,https://azurlane.netojuu.com/images/c/c3/Fei_YuenSpring.png
post,7156516,candidate,hu_pen_(azur_lane),Prancing Tiger Welcomes the Spring,excluded_no_qualifying_form_evidence,,https://danbooru.donmai.us/posts/7156516,https://azurlane.netojuu.com/images/7/7d/Hu_PenSpring.png
post,7156523,candidate,hu_pen_(azur_lane),Default,included_supporting_post,hu_pen_(azur_lane),https://danbooru.donmai.us/posts/7156523,https://azurlane.netojuu.com/images/0/09/Hu_Pen.png
post,7156572,candidate,huan_ch'ang_(azur_lane),Dance Beneath the Moonlight,included_supporting_post,huan_ch'ang_(dance_beneath_the_moonlight)_(azur_lane),https://danbooru.donmai.us/posts/7156572,https://azurlane.netojuu.com/images/b/b3/Huan_Ch'angSpring.png
post,7157908,candidate,huan_ch'ang_(azur_lane),Default,included_supporting_post,huan_ch'ang_(azur_lane),https://danbooru.donmai.us/posts/7157908,Game Asset
post,7157964,candidate,lung_wu_(azur_lane),Default,included_supporting_post,lung_wu_(azur_lane),https://danbooru.donmai.us/posts/7157964,https://azurlane.netojuu.com/images/d/de/Lung_Wu.png
post,7157970,candidate,lung_wu_(azur_lane),Ascendant Dragon's Spring Feast,excluded_no_qualifying_form_evidence,,https://danbooru.donmai.us/posts/7157970,https://azurlane.netojuu.com/images/a/aa/Lung_WuSpring.png
post,7157988,candidate,miyuki_(azur_lane),Clear Skies and Crepes,included_supporting_post,miyuki_(clear_skies_and_crepes)_(azur_lane),https://danbooru.donmai.us/posts/7157988,https://azurlane.netojuu.com/images/f/f8/MiyukiTravel.png
post,7158075,candidate,northampton_(azur_lane);northampton_ii_(azur_lane),Comfy Crane Amidst the Clouds;Comfy Crane Amidst the Clouds,included_supporting_post,northampton_(comfy_crane_amidst_the_clouds)_(azur_lane);northampton_ii_(comfy_crane_amidst_the_clouds)_(azur_lane),https://danbooru.donmai.us/posts/7158075,Game Asset
post,7158104,candidate,tai_yuan_(azur_lane),Retrofit,included_supporting_post,tai_yuan_(retrofit)_(azur_lane),https://danbooru.donmai.us/posts/7158104,https://azurlane.netojuu.com/images/2/24/Tai_YuanKai.png
post,7158736,candidate,wakatsuki_(azur_lane),Blue Sparrow Heralding Spring,included_supporting_post,wakatsuki_(blue_sparrow_heralding_spring)_(azur_lane),https://danbooru.donmai.us/posts/7158736,Game Asset
post,7184693,candidate,tb_(azur_lane),Type-S,excluded_no_qualifying_form_evidence,,https://danbooru.donmai.us/posts/7184693,file://linghangyuan31_1.png
post,7184718,candidate,tb_(azur_lane),Type-A,excluded_no_qualifying_form_evidence,,https://danbooru.donmai.us/posts/7184718,Game Asset
post,7184779,candidate,tb_(azur_lane),Type-L,excluded_no_qualifying_form_evidence,,https://danbooru.donmai.us/posts/7184779,Game Asset
post,7184884,candidate,perseus_(azur_lane),Spring Lackadaisical Leisure,excluded_no_qualifying_form_evidence,,https://danbooru.donmai.us/posts/7184884,https://azurlane.netojuu.com/images/2/2f/PerseusSpring.png
post,7186888,candidate,hermione_(azur_lane),Winter Dearest,included_supporting_post,hermione_(winter_dearest)_(azur_lane),https://danbooru.donmai.us/posts/7186888,https://azurlane.netojuu.com/images/6/6e/HermioneCasual.png
post,7186890,candidate,anchorage_(azur_lane),Moonlit Boat Ride,included_supporting_post,anchorage_(moonlit_boat_ride)_(azur_lane),https://danbooru.donmai.us/posts/7186890,https://azurlane.netojuu.com/images/4/4e/AnchorageSpring.png
post,7186891,candidate,albion_(azur_lane),Scent of Spring in the Red Pavilion,included_supporting_post,albion_(scent_of_spring_in_the_red_pavilion)_(azur_lane),https://danbooru.donmai.us/posts/7186891,https://azurlane.netojuu.com/images/9/9d/AlbionSpring.png
post,7186892,candidate,peter_strasser_(azur_lane),Lustrous Jade of the Golden House,included_supporting_post,peter_strasser_(lustrous_jade_of_the_golden_house)_(azur_lane),https://danbooru.donmai.us/posts/7186892,https://azurlane.netojuu.com/images/2/2e/Peter_StrasserSpring.png
post,7186946,candidate,ikazuchi_(azur_lane),Courtyard Maid Ikazuchi,included_supporting_post,ikazuchi_(courtyard_maid_ikazuchi)_(azur_lane),https://danbooru.donmai.us/posts/7186946,https://azurlane.netojuu.com/images/7/73/IkazuchiMaid.png
post,7248661,candidate,ping_hai_(azur_lane),Lively Banquet Preparations,included_supporting_post,ping_hai_(lively_banquet_preparations)_(azur_lane),https://danbooru.donmai.us/posts/7248661,Game Asset
post,7248745,candidate,ning_hai_(azur_lane),Hectic Kitchen,included_supporting_post,ning_hai_(hectic_kitchen)_(azur_lane),https://danbooru.donmai.us/posts/7248745,Game Asset
post,7263808,candidate,poltava_(azur_lane),Meeting the Mafia Queen,included_supporting_post,poltava_(meeting_the_mafia_queen)_(azur_lane),https://danbooru.donmai.us/posts/7263808,https://twitter.com/azurlane_staff/status/1761950462574506228
post,7264557,candidate,abercrombie_(azur_lane),Hot on Your Trail,included_supporting_post,abercrombie_(hot_on_your_trail)_(azur_lane),https://danbooru.donmai.us/posts/7264557,https://twitter.com/azurlane_staff/status/1762024709368004664
post,7276658,candidate,sovetsky_soyuz_(azur_lane),Default,included_supporting_post,sovetsky_soyuz_(azur_lane),https://danbooru.donmai.us/posts/7276658,Game Asset
post,7276682,candidate,ognevoy_(azur_lane),Default,included_supporting_post,ognevoy_(azur_lane),https://danbooru.donmai.us/posts/7276682,https://azurlane.netojuu.com/images/2/2e/Ognevoy.png
post,7276689,candidate,sovetsky_soyuz_(azur_lane),Skyfall Agent,included_supporting_post,sovetsky_soyuz_(skyfall_agent)_(azur_lane),https://danbooru.donmai.us/posts/7276689,https://azurlane.netojuu.com/images/9/9b/Sovetsky_SoyuzSpecial_Exercise.png
post,7276778,candidate,pamiat_merkuria_(azur_lane),META,excluded_no_qualifying_form_evidence,,https://danbooru.donmai.us/posts/7276778,Game Asset
post,7276877,candidate,allen_m._sumner_(azur_lane),Two Faces of Justice,excluded_no_qualifying_form_evidence,,https://danbooru.donmai.us/posts/7276877,Game Asset
post,7276924,candidate,poltava_(azur_lane),Default,included_supporting_post,poltava_(azur_lane),https://danbooru.donmai.us/posts/7276924,https://azurlane.netojuu.com/images/7/71/Poltava.png
post,7276938,candidate,ognevoy_(azur_lane),Blue Nova,excluded_no_qualifying_form_evidence,,https://danbooru.donmai.us/posts/7276938,https://azurlane.netojuu.com/images/6/62/OgnevoySpecial_Exercise.png
post,7276983,candidate,svirepy_(azur_lane),Default,included_supporting_post,svirepy_(azur_lane),https://danbooru.donmai.us/posts/7276983,https://azurlane.netojuu.com/images/6/64/Svirepy.png
post,7276992,candidate,svirepy_(azur_lane),Rebellious Artist,included_supporting_post,svirepy_(rebellious_artist)_(azur_lane),https://danbooru.donmai.us/posts/7276992,https://azurlane.netojuu.com/images/1/18/SvirepySpecial_Exercise.png
post,7346889,candidate,z46_(azur_lane),The Bard of Hamelin,included_supporting_post,z46_(the_bard_of_hamelin)_(azur_lane),https://danbooru.donmai.us/posts/7346889,game asset
post,7384012,candidate,felix_schultz_(azur_lane),"Sweet, Sleepy ""Revenge""",excluded_no_qualifying_form_evidence,,https://danbooru.donmai.us/posts/7384012,https://t.bilibili.com/880831688571092992
post,7386879,candidate,friedrich_carl_(azur_lane),A Game of Love,included_supporting_post,friedrich_carl_(a_game_of_love)_(azur_lane),https://danbooru.donmai.us/posts/7386879,Game Asset
post,7386922,candidate,devonshire_(azur_lane),Sadistic Demon,included_supporting_post,devonshire_(sadistic_demon)_(azur_lane),https://danbooru.donmai.us/posts/7386922,Game Asset
post,7386970,candidate,unicorn_(azur_lane),Snow White Guardian Angel,included_supporting_post,unicorn_(snow_white_guardian_angel)_(azur_lane),https://danbooru.donmai.us/posts/7386970,Game Asset
post,7386992,candidate,arkhangelsk_(azur_lane),Supporting Sorceress,included_supporting_post,arkhangelsk_(supporting_sorceress)_(azur_lane),https://danbooru.donmai.us/posts/7386992,Game Asset
post,7387001,candidate,inazuma_(azur_lane),Maid's Flower Offering,excluded_no_qualifying_form_evidence,,https://danbooru.donmai.us/posts/7387001,file://dian_5.png
post,7388125,candidate,nubian_(azur_lane),Default,included_supporting_post,nubian_(azur_lane),https://danbooru.donmai.us/posts/7388125,Game Asset
post,7388155,candidate,nubian_(azur_lane),Normal Potion Maker,included_supporting_post,nubian_(normal_potion_maker)_(azur_lane),https://danbooru.donmai.us/posts/7388155,Game Asset
post,7402829,candidate,prototype_bulin_mkii_(azur_lane),Prototype Advanced Weaponry (Prop),excluded_no_qualifying_form_evidence,,https://danbooru.donmai.us/posts/7402829,Game Asset
post,7403047,candidate,stanly_(azur_lane),Student Mode!,excluded_no_qualifying_form_evidence,,https://danbooru.donmai.us/posts/7403047,https://twitter.com/AzurLane_EN/status/1195733263496540160
post,7411308,candidate,jade_(azur_lane),A Good Girl's Magic,included_supporting_post,jade_(a_good_girl's_magic)_(azur_lane),https://danbooru.donmai.us/posts/7411308,https://azurlane.netojuu.com/images/1/14/JadeRPG.png
post,7411310,candidate,bluecher_(azur_lane),Skyward Burning Love,excluded_no_qualifying_form_evidence,,https://danbooru.donmai.us/posts/7411310,https://azurlane.netojuu.com/images/1/12/BlücherRPG.png
post,7411311,candidate,liverpool_(azur_lane),Breeze of Blessing,excluded_no_qualifying_form_evidence,,https://danbooru.donmai.us/posts/7411311,https://azurlane.netojuu.com/images/d/d3/LiverpoolRPG.png
post,7411312,candidate,liverpool_(azur_lane),Default,included_supporting_post,liverpool_(azur_lane),https://danbooru.donmai.us/posts/7411312,https://azurlane.netojuu.com/images/8/81/Liverpool.png
post,7411313,candidate,devonshire_(azur_lane),Default,included_supporting_post,devonshire_(azur_lane),https://danbooru.donmai.us/posts/7411313,https://azurlane.netojuu.com/images/3/3e/Devonshire.png
post,7411315,candidate,friedrich_carl_(azur_lane),Default,included_supporting_post,friedrich_carl_(azur_lane),https://danbooru.donmai.us/posts/7411315,https://azurlane.netojuu.com/images/3/38/Friedrich_Carl.png
post,7499686,candidate,boise_(azur_lane),Flawed but Delectable,included_supporting_post,boise_(flawed_but_delectable)_(azur_lane),https://danbooru.donmai.us/posts/7499686,Game Asset
post,7499690,candidate,yorck_(azur_lane),Late-Night Companion,included_supporting_post,yorck_(late-night_companion)_(azur_lane),https://danbooru.donmai.us/posts/7499690,Game Asset
post,7499702,candidate,shinano-chan_(azur_lane),,included_supporting_post,shinano-chan_(azur_lane),https://danbooru.donmai.us/posts/7499702,Game Asset
post,7499709,candidate,seydlitz_(azur_lane),An Officer's Streetwear,included_supporting_post,seydlitz_(an_officer's_streetwear)_(azur_lane),https://danbooru.donmai.us/posts/7499709,Game Asset
post,7499728,candidate,kongou_(azur_lane),Troubled Seas,included_supporting_post,kongou_(troubled_seas)_(azur_lane),https://danbooru.donmai.us/posts/7499728,Game Asset
post,7499732,candidate,le_temeraire_(azur_lane),Cheering Star,included_supporting_post,le_temeraire_(cheering_star)_(azur_lane),https://danbooru.donmai.us/posts/7499732,Game Asset
post,7499883,candidate,formidable_(azur_lane),The Lover's Heart Flutters on Duty,included_supporting_post,formidable_(the_lover's_heart_flutters_on_duty)_(azur_lane),https://danbooru.donmai.us/posts/7499883,Game Asset
post,7610303,candidate,brennus_(azur_lane),Musician on Blade's Precipice,included_supporting_post,brennus_(musician_on_blade's_precipice)_(azur_lane),https://danbooru.donmai.us/posts/7610303,Game Asset
post,7610309,candidate,long_island_(azur_lane),Ghostly Receptionist,included_supporting_post,long_island_(ghostly_receptionist)_(azur_lane),https://danbooru.donmai.us/posts/7610309,Game Asset
post,7610318,candidate,fleuret_(azur_lane),Up All Knight To Get Lucky,included_supporting_post,fleuret_(up_all_knight_to_get_lucky)_(azur_lane),https://danbooru.donmai.us/posts/7610318,Game Asset
post,7610326,candidate,saratoga_(azur_lane),Morning Over Azure Sky,excluded_no_qualifying_form_evidence,,https://danbooru.donmai.us/posts/7610326,Game Asset
post,7610345,candidate,st._louis_(azur_lane),An Afternoon on the Lido Deck,excluded_no_qualifying_form_evidence,,https://danbooru.donmai.us/posts/7610345,Game Asset
post,7610356,candidate,epee_(azur_lane),"Poor, Lonely Night",excluded_no_qualifying_form_evidence,,https://danbooru.donmai.us/posts/7610356,Game Asset
post,7610662,candidate,mogador_(azur_lane),Default,included_supporting_post,mogador_(azur_lane),https://danbooru.donmai.us/posts/7610662,Game Asset
post,7610747,candidate,mogador_(azur_lane),Locker Room Lechery,included_supporting_post,mogador_(locker_room_lechery)_(azur_lane),https://danbooru.donmai.us/posts/7610747,Game Asset
post,7648802,candidate,prinz_adalbert_(azur_lane),Bathroom Slip-Up,excluded_no_qualifying_form_evidence,,https://danbooru.donmai.us/posts/7648802,Game Asset
post,7648887,candidate,friedrich_der_grosse_(azur_lane);little_friedrich_(azur_lane),[[Little Friedrich (azur lane)|]];Default,included_supporting_post,little_friedrich_(azur_lane),https://danbooru.donmai.us/posts/7648887,Game Asset
post,7648943,candidate,tashkent_(azur_lane),The Sprite's Snapshot,included_supporting_post,tashkent_(the_sprite's_snapshot)_(azur_lane),https://danbooru.donmai.us/posts/7648943,Game Asset
post,7661325,candidate,musashi_(azur_lane),Purest Wisteria,excluded_no_qualifying_form_evidence,,https://danbooru.donmai.us/posts/7661325,https://i.pximg.net/img-original/img/2024/06/02/19/11/33/119283359_p0.png
post,7671399,candidate,hai_tien_(azur_lane),Luan-Feng's Everlasting Duet,included_supporting_post,hai_tien_(luan-feng's_everlasting_duet)_(azur_lane),https://danbooru.donmai.us/posts/7671399,https://twitter.com/azurlane_staff/status/1796813938283458924
post,7678318,candidate,eldridge_(azur_lane),Afternoon Worship in the Woods,included_supporting_post,eldridge_(afternoon_worship_in_the_woods)_(azur_lane),https://danbooru.donmai.us/posts/7678318,Game Asset
post,7678326,candidate,lung_wu_(azur_lane),Invitation to Jade Seas,included_supporting_post,lung_wu_(invitation_to_jade_seas)_(azur_lane),https://danbooru.donmai.us/posts/7678326,Game Asset
post,7684632,candidate,cheshire_(azur_lane),The Cat in the Magic Hat,included_supporting_post,cheshire_(the_cat_in_the_magic_hat)_(azur_lane),https://danbooru.donmai.us/posts/7684632,Game Asset
post,7684724,candidate,brennus_(azur_lane),Base art,excluded_no_qualifying_form_evidence,,https://danbooru.donmai.us/posts/7684724,Game Asset
post,7684739,candidate,alsace_(azur_lane),Default,included_supporting_post,alsace_(azur_lane),https://danbooru.donmai.us/posts/7684739,Game Asset
post,7751579,candidate,u-31_(azur_lane),Default,included_supporting_post,u-31_(azur_lane),https://danbooru.donmai.us/posts/7751579,https://twitter.com/AzurLane_EN/status/1804484482814394389
post,7756933,candidate,emden_(azur_lane),Duet of Guiding Stars,excluded_no_qualifying_form_evidence,,https://danbooru.donmai.us/posts/7756933,https://azurlane.netojuu.com/images/2/2a/EmdenWork.png
post,7756941,candidate,colorado_(azur_lane),Retrofit,included_supporting_post,colorado_(retrofit)_(azur_lane),https://danbooru.donmai.us/posts/7756941,https://azurlane.netojuu.com/images/1/14/ColoradoKai.png
post,7756951,candidate,epee_(azur_lane),Default,included_supporting_post,epee_(azur_lane),https://danbooru.donmai.us/posts/7756951,https://azurlane.netojuu.com/images/9/92/Épée.png
post,7756967,candidate,fleuret_(azur_lane),Default,included_supporting_post,fleuret_(azur_lane),https://danbooru.donmai.us/posts/7756967,https://azurlane.netojuu.com/images/9/95/Fleuret.png
post,7757021,candidate,natori_(azur_lane),Boisterous Night on the Cruise,included_supporting_post,natori_(boisterous_night_on_the_cruise)_(azur_lane),https://danbooru.donmai.us/posts/7757021,https://azurlane.netojuu.com/images/5/57/NatoriParty.png
post,7757078,candidate,u-31_(azur_lane),Let's go Home,included_supporting_post,u-31_(let's_go_home)_(azur_lane),https://danbooru.donmai.us/posts/7757078,https://twitter.com/AzurLane_EN/status/1804907271463604332
post,7758953,candidate,z43_(azur_lane),A Secret Base for Two,included_supporting_post,z43_(a_secret_base_for_two)_(azur_lane),https://danbooru.donmai.us/posts/7758953,https://twitter.com/AzurLane_EN/status/1805012963499368589
post,7761178,candidate,eldridge_(azur_lane),After-school Good Girl,excluded_no_qualifying_form_evidence,,https://danbooru.donmai.us/posts/7761178,https://twitter.com/azurlane_staff/status/1805197909564240330
post,7772973,candidate,tosa_(azur_lane),A Glimpse of Greatness,included_supporting_post,tosa_(a_glimpse_of_greatness)_(azur_lane),https://danbooru.donmai.us/posts/7772973,https://azurlane.netojuu.com/images/3/3e/TosaHome_Relaxation.png
post,7772991,candidate,scylla_(azur_lane),Bathed in the Limelight,included_supporting_post,scylla_(bathed_in_the_limelight)_(azur_lane),https://danbooru.donmai.us/posts/7772991,https://azurlane.netojuu.com/images/d/d5/ScyllaParty.png
post,7773005,candidate,kursk_(azur_lane),Beauty and the Hunter,included_supporting_post,kursk_(beauty_and_the_hunter)_(azur_lane),https://danbooru.donmai.us/posts/7773005,https://azurlane.netojuu.com/images/0/02/KurskParty.png
post,7773031,candidate,foch_(azur_lane),META,excluded_no_qualifying_form_evidence,,https://danbooru.donmai.us/posts/7773031,https://azurlane.netojuu.com/images/e/ed/Foch_META.png
post,7773043,candidate,chen_hai_(azur_lane),Sylvan Gaden's Embroidery,excluded_no_qualifying_form_evidence,,https://danbooru.donmai.us/posts/7773043,https://azurlane.netojuu.com/images/b/b3/Chen_HaiSpring2.png
post,7773120,candidate,prinz_eugen_(azur_lane),Brilliant Touchdown,excluded_no_qualifying_form_evidence,,https://danbooru.donmai.us/posts/7773120,https://azurlane.netojuu.com/images/e/eb/Prinz_EugenSport.png
post,7800103,candidate,z47_(azur_lane),Default,included_supporting_post,z47_(azur_lane),https://danbooru.donmai.us/posts/7800103,https://azurlane.netojuu.com/images/8/81/Z47.png
post,7800108,candidate,z47_(azur_lane),Young Again Filter,excluded_no_qualifying_form_evidence,,https://danbooru.donmai.us/posts/7800108,https://azurlane.netojuu.com/images/6/6b/Z47School.png
post,7800970,candidate,illustrious_(azur_lane),"Our Private ""Study"" Session",excluded_no_qualifying_form_evidence,,https://danbooru.donmai.us/posts/7800970,https://azurlane.netojuu.com/images/3/35/IllustriousWork.png
post,7800971,candidate,duke_of_york_(azur_lane),The Chic Counselor,included_supporting_post,duke_of_york_(the_chic_counselor)_(azur_lane),https://danbooru.donmai.us/posts/7800971,https://azurlane.netojuu.com/images/4/43/Duke_of_YorkWorkWithoutBG.png
post,7836185,candidate,z43_(azur_lane),Default,included_supporting_post,z43_(azur_lane),https://danbooru.donmai.us/posts/7836185,https://azurlane.netojuu.com/images/thumb/d/d5/Z43.png/1280px-Z43.png
post,7839215,candidate,hai_tien_(azur_lane),Baker of Heart into Sweets,included_supporting_post,hai_tien_(baker_of_heart_into_sweets)_(azur_lane),https://danbooru.donmai.us/posts/7839215,https://twitter.com/azurlane_staff/status/1810256261516317063
post,7846649,candidate,admiral_nakhimov_(azur_lane),Default,included_supporting_post,admiral_nakhimov_(azur_lane),https://danbooru.donmai.us/posts/7846649,Game Asset
post,7856173,candidate,halford_(azur_lane),Default,included_supporting_post,halford_(azur_lane),https://danbooru.donmai.us/posts/7856173,https://azurlane.netojuu.com/images/7/7f/Halford.png
post,7876332,candidate,strasbourg_(azur_lane),Default,included_supporting_post,strasbourg_(azur_lane),https://danbooru.donmai.us/posts/7876332,https://twitter.com/azurlane_staff/status/1814262660289970604
post,7879900,candidate,hammann_(azur_lane),Blushing Fellow,included_supporting_post,hammann_(blushing_fellow)_(azur_lane),https://danbooru.donmai.us/posts/7879900,https://x.com/azurlane_staff/status/1814540748647506366
post,7889306,candidate,dupleix_(azur_lane),Final Check,included_supporting_post,dupleix_(final_check)_(azur_lane),https://danbooru.donmai.us/posts/7889306,https://x.com/azurlane_staff/status/1815220232526389560
post,7905009,candidate,u-96_(azur_lane),Wolfen Dolly,included_supporting_post,u-96_(wolfen_dolly)_(azur_lane),https://danbooru.donmai.us/posts/7905009,Game Asset
post,7905245,candidate,l'audacieux_(azur_lane),Protector Beneath The Parasol,included_supporting_post,l'audacieux_(protector_beneath_the_parasol)_(azur_lane),https://danbooru.donmai.us/posts/7905245,Game Asset
post,7908637,candidate,joffre_(azur_lane),Blessings' First Flight,included_supporting_post,joffre_(blessings'_first_flight)_(azur_lane),https://danbooru.donmai.us/posts/7908637,Game Asset
post,7908742,candidate,roma_(azur_lane),Vacation Upon the Tiber,included_supporting_post,roma_(vacation_upon_the_tiber)_(azur_lane),https://danbooru.donmai.us/posts/7908742,Game Asset
post,7908776,candidate,l'audacieux_(azur_lane),Default,included_supporting_post,l'audacieux_(azur_lane),https://danbooru.donmai.us/posts/7908776,Game Asset
post,7908877,candidate,kasumi_(azur_lane),META,excluded_no_qualifying_form_evidence,,https://danbooru.donmai.us/posts/7908877,Game Asset
post,7908942,candidate,strasbourg_(azur_lane),Faerie of the Race Circuit,included_supporting_post,strasbourg_(faerie_of_the_race_circuit)_(azur_lane),https://danbooru.donmai.us/posts/7908942,Game Asset
post,7915281,candidate,dupleix_(azur_lane),Default,included_supporting_post,dupleix_(azur_lane),https://danbooru.donmai.us/posts/7915281,Game Asset
post,7962652,candidate,atago_(azur_lane);takao_(azur_lane),School Traumerei;School Romanza,excluded_no_qualifying_form_evidence,,https://danbooru.donmai.us/posts/7962652,https://exhentai.org/s/c40a55962a/2126141-217
post,7968258,candidate,attilio_regolo_(azur_lane),Angel From Above,included_supporting_post,attilio_regolo_(angel_from_above)_(azur_lane),https://danbooru.donmai.us/posts/7968258,Game Asset
post,7985246,candidate,unicorn_(azur_lane),Champion of Unicorn,excluded_no_qualifying_form_evidence,,https://danbooru.donmai.us/posts/7985246,https://twitter.com/azurlane_staff/status/1822578707321770263
post,7985458,candidate,painleve_(azur_lane),Fresh and Fortunate,included_supporting_post,painleve_(fresh_and_fortunate)_(azur_lane),https://danbooru.donmai.us/posts/7985458,https://twitter.com/azurlane_staff/status/1822593806367117529
post,7990533,candidate,u-556_(azur_lane),Prairie Knight,included_supporting_post,u-556_(prairie_knight)_(azur_lane),https://danbooru.donmai.us/posts/7990533,https://twitter.com/azurlane_staff/status/1822970035360395295
post,8005266,candidate,eldridge_(azur_lane),Retrofit,included_supporting_post,eldridge_(retrofit)_(azur_lane),https://danbooru.donmai.us/posts/8005266,Game Asset
post,8005305,candidate,anchorage_(azur_lane),Oath of Sunsets and Fireworks,excluded_no_qualifying_form_evidence,,https://danbooru.donmai.us/posts/8005305,Game Asset
post,8052266,candidate,friedrich_der_grosse_(azur_lane),One Summer Night's Intimacy,included_supporting_post,friedrich_der_grosse_(one_summer_night's_intimacy)_(azur_lane),https://danbooru.donmai.us/posts/8052266,https://azurlane.netojuu.com/images/d/df/Friedrich_der_GroßeSummer.png
post,8052267,candidate,kersaint_(azur_lane),A Saint's Mercy Can Do No Wrong,included_supporting_post,kersaint_(a_saint's_mercy_can_do_no_wrong)_(azur_lane),https://danbooru.donmai.us/posts/8052267,https://azurlane.netojuu.com/images/7/78/KersaintWild_West.png
post,8052269,candidate,herring_(azur_lane),The Town With No Shade,included_supporting_post,herring_(the_town_with_no_shade)_(azur_lane),https://danbooru.donmai.us/posts/8052269,https://azurlane.netojuu.com/images/9/9b/HerringWild_West.png
post,8052270,candidate,herring_(azur_lane),Default,included_supporting_post,herring_(azur_lane),https://danbooru.donmai.us/posts/8052270,https://azurlane.netojuu.com/images/f/f1/Herring.png
post,8052271,candidate,bell_(azur_lane),Saloon Mishaps,included_supporting_post,bell_(saloon_mishaps)_(azur_lane),https://danbooru.donmai.us/posts/8052271,https://azurlane.netojuu.com/images/1/1a/BellWild_West.png
post,8052272,candidate,bell_(azur_lane),Default,included_supporting_post,bell_(azur_lane),https://danbooru.donmai.us/posts/8052272,https://azurlane.netojuu.com/images/6/6e/Bell.png
post,8052273,candidate,pittsburgh_(azur_lane),The Bartender's Gambit,included_supporting_post,pittsburgh_(the_bartender's_gambit)_(azur_lane),https://danbooru.donmai.us/posts/8052273,https://azurlane.netojuu.com/images/0/00/PittsburghWild_West.png
post,8052274,candidate,pittsburgh_(azur_lane),Default,included_supporting_post,pittsburgh_(azur_lane),https://danbooru.donmai.us/posts/8052274,https://azurlane.netojuu.com/images/d/d5/Pittsburgh.png
post,8052275,candidate,indiana_(azur_lane),High Noon Arrest,included_supporting_post,indiana_(high_noon_arrest)_(azur_lane),https://danbooru.donmai.us/posts/8052275,https://azurlane.netojuu.com/images/d/d7/IndianaWild_West.png
post,8052276,candidate,indiana_(azur_lane),Default,included_supporting_post,indiana_(azur_lane),https://danbooru.donmai.us/posts/8052276,https://azurlane.netojuu.com/images/0/0f/Indiana.png
post,8052277,candidate,fargo_(azur_lane),Dairy in the Dreary Sun,included_supporting_post,fargo_(dairy_in_the_dreary_sun)_(azur_lane),https://danbooru.donmai.us/posts/8052277,https://azurlane.netojuu.com/images/d/da/FargoWild_West.png
post,8052279,candidate,fargo_(azur_lane),Default,included_supporting_post,fargo_(azur_lane),https://danbooru.donmai.us/posts/8052279,https://azurlane.netojuu.com/images/a/a3/Fargo.png
post,8072860,candidate,kaga_(azur_lane),Default (with mask),included_supporting_post,kaga_(azur_lane),https://danbooru.donmai.us/posts/8072860,Game Asset
post,8072869,candidate,akagi_(azur_lane),Default (with mask),included_supporting_post,akagi_(azur_lane),https://danbooru.donmai.us/posts/8072869,Game Asset
post,8072914,candidate,zuihou_(azur_lane),Base art,excluded_no_qualifying_form_evidence,,https://danbooru.donmai.us/posts/8072914,Game asset
post,8072940,candidate,zuihou_(azur_lane),Joy Comes on Fledgling Wings,included_supporting_post,zuihou_(joy_comes_on_fledgling_wings)_(azur_lane),https://danbooru.donmai.us/posts/8072940,Game Asset
post,8106275,candidate,nagato_(azur_lane),Meta,excluded_no_qualifying_form_evidence,,https://danbooru.donmai.us/posts/8106275,Game Asset
post,8106331,candidate,mutsuki_(azur_lane),Cotton Candy Dreams,included_supporting_post,mutsuki_(cotton_candy_dreams)_(azur_lane),https://danbooru.donmai.us/posts/8106331,Game Asset
post,8142847,candidate,akagi_(azur_lane),META,excluded_no_qualifying_form_evidence,,https://danbooru.donmai.us/posts/8142847,Game Asset
post,8143063,candidate,suzunami_(azur_lane),Default,included_supporting_post,suzunami_(azur_lane),https://danbooru.donmai.us/posts/8143063,Game Asset
post,8149281,candidate,ting_an_(azur_lane),Undercover or Uncovered?!,excluded_no_qualifying_form_evidence,,https://danbooru.donmai.us/posts/8149281,https://twitter.com/azurlane_staff/status/1834819367403766086
post,8156814,candidate,ayase_(azur_lane),Default,included_supporting_post,ayase_(azur_lane),https://danbooru.donmai.us/posts/8156814,https://azurlane.netojuu.com/images/b/b3/AyaseWithoutBG.png
post,8156818,candidate,z35_(azur_lane),Himmel: Beyond Love's Boundaries,excluded_no_qualifying_form_evidence,,https://danbooru.donmai.us/posts/8156818,https://azurlane.netojuu.com/images/4/47/Z35Theme_ParkWithoutBG.png
post,8156820,candidate,suzunami_(azur_lane),Winter Beauty's Ball Gown,included_supporting_post,suzunami_(winter_beauty's_ball_gown)_(azur_lane),https://danbooru.donmai.us/posts/8156820,https://azurlane.netojuu.com/images/c/c6/SuzunamiTheme_ParkWithoutBG.png
post,8156823,candidate,sheffield_(azur_lane),Occult Clash,included_supporting_post,sheffield_(occult_clash)_(azur_lane),https://danbooru.donmai.us/posts/8156823,https://azurlane.netojuu.com/images/0/0f/SheffieldTheme_Park.png
post,8156828,candidate,amagi_(azur_lane),Throne of Fallen Petals,excluded_no_qualifying_form_evidence,,https://danbooru.donmai.us/posts/8156828,https://azurlane.netojuu.com/images/c/cb/Amagi(CV)PartyWithoutBG.png
post,8156831,candidate,fubuki_(azur_lane),Caught Under the Lights,included_supporting_post,fubuki_(caught_under_the_lights)_(azur_lane),https://danbooru.donmai.us/posts/8156831,https://azurlane.netojuu.com/images/d/d7/FubukiSpring.png
post,8156832,candidate,ark_royal_(azur_lane),Order Amidst Amusement,included_supporting_post,ark_royal_(order_amidst_amusement)_(azur_lane),https://danbooru.donmai.us/posts/8156832,https://azurlane.netojuu.com/images/5/5d/Ark_RoyalTheme_ParkWithoutBG.png
post,8156833,candidate,ayase_(azur_lane),A Glimpse of the Moon Rabbit,included_supporting_post,ayase_(a_glimpse_of_the_moon_rabbit)_(azur_lane),https://danbooru.donmai.us/posts/8156833,https://azurlane.netojuu.com/images/5/5d/AyaseHome_RelaxationWithoutBG.png
post,8156836,candidate,belfast_(azur_lane),Blissful Service,included_supporting_post,belfast_(blissful_service)_(azur_lane),https://danbooru.donmai.us/posts/8156836,https://azurlane.netojuu.com/images/2/27/BelfastTheme_ParkWithoutBG.png
post,8156839,candidate,maryland_(azur_lane),Retrofit,included_supporting_post,maryland_(retrofit)_(azur_lane),https://danbooru.donmai.us/posts/8156839,https://azurlane.netojuu.com/images/0/04/MarylandKai.png
post,8156844,candidate,amagi_(azur_lane),Default,included_supporting_post,amagi_(azur_lane),https://danbooru.donmai.us/posts/8156844,https://azurlane.netojuu.com/images/e/ed/Amagi(CV)WithoutBG.png
post,8168047,candidate,gloucester_(azur_lane),Violet Enrapturement,included_supporting_post,gloucester_(violet_enrapturement)_(azur_lane),https://danbooru.donmai.us/posts/8168047,https://twitter.com/azurlane_staff/status/1834864667505709464
post,8174452,candidate,prinz_rupprecht_(azur_lane),Midnight Pearl,included_supporting_post,prinz_rupprecht_(midnight_pearl)_(azur_lane),https://danbooru.donmai.us/posts/8174452,Game Asset
post,8174606,candidate,sirius_(azur_lane),Rabbit of Paradise,included_supporting_post,sirius_(rabbit_of_paradise)_(azur_lane),https://danbooru.donmai.us/posts/8174606,Game asset
post,8177350,candidate,shoukaku_(azur_lane),White Crane of Domestic Bliss,included_supporting_post,shoukaku_(white_crane_of_domestic_bliss)_(azur_lane),https://danbooru.donmai.us/posts/8177350,https://twitter.com/azurlane_staff/status/1836963492043137353
post,8178062,candidate,fusou_(azur_lane),United in Heart and Soul,included_supporting_post,fusou_(united_in_heart_and_soul)_(azur_lane),https://danbooru.donmai.us/posts/8178062,https://twitter.com/azurlane_staff/status/1837038993776726175
post,8207289,candidate,bismarck_(azur_lane),Wedding Dominion,included_supporting_post,bismarck_(wedding_dominion)_(azur_lane),https://danbooru.donmai.us/posts/8207289,Game Asset
post,8207417,candidate,suffren_(azur_lane),Unrivaled Winsomeness,included_supporting_post,suffren_(unrivaled_winsomeness)_(azur_lane),https://danbooru.donmai.us/posts/8207417,game asset
post,8207863,candidate,kashino_(azur_lane),Fresh And Sweet,excluded_no_qualifying_form_evidence,,https://danbooru.donmai.us/posts/8207863,Game Asset
post,8207927,candidate,bremerton_(azur_lane),Pillowed Counseling,included_supporting_post,bremerton_(pillowed_counseling)_(azur_lane),https://danbooru.donmai.us/posts/8207927,Game Asset
post,8208030,candidate,musashi_(azur_lane),The Purple Rabbit's Marksmanship,included_supporting_post,musashi_(the_purple_rabbit's_marksmanship)_(azur_lane),https://danbooru.donmai.us/posts/8208030,Game Asset
post,8217519,candidate,sakawa_(azur_lane),The Colors of Love,excluded_no_qualifying_form_evidence,,https://danbooru.donmai.us/posts/8217519,https://pixiv.pximg.net/fanbox/public/images/creator/3799047/profile/FsIW8NR5zvYFimZeXc7slCkm.jpeg
post,8334138,candidate,amity_(azur_lane),Default,included_supporting_post,amity_(azur_lane),https://danbooru.donmai.us/posts/8334138,game asset
post,8334216,candidate,portsmouth_adventure_(azur_lane),Default,included_supporting_post,portsmouth_adventure_(azur_lane),https://danbooru.donmai.us/posts/8334216,Game Asset
post,8334262,candidate,ganj-i-sawai_(azur_lane),Default,included_supporting_post,ganj-i-sawai_(azur_lane),https://danbooru.donmai.us/posts/8334262,Game Asset
post,8334325,candidate,dolphin_(azur_lane),Default,included_supporting_post,dolphin_(azur_lane),https://danbooru.donmai.us/posts/8334325,Game Asset
post,8334382,candidate,fancy_(azur_lane),Default,included_supporting_post,fancy_(azur_lane),https://danbooru.donmai.us/posts/8334382,Game Asset
post,8334463,candidate,bristol_(azur_lane),Head Investigator,excluded_no_qualifying_form_evidence,,https://danbooru.donmai.us/posts/8334463,Game Asset
post,8334703,candidate,atago_(azur_lane),Full Moon's Feral Wolf,included_supporting_post,atago_(full_moon's_feral_wolf)_(azur_lane),https://danbooru.donmai.us/posts/8334703,Game Asset
post,8338346,candidate,ganj-i-sawai_(azur_lane),Mermaid in Distress,included_supporting_post,ganj-i-sawai_(mermaid_in_distress)_(azur_lane),https://danbooru.donmai.us/posts/8338346,Game Asset
post,8338410,candidate,fancy_(azur_lane),Grave of Your Liking,included_supporting_post,fancy_(grave_of_your_liking)_(azur_lane),https://danbooru.donmai.us/posts/8338410,Game asset
post,8338465,candidate,amity_(azur_lane),Friendly Franken,included_supporting_post,amity_(friendly_franken)_(azur_lane),https://danbooru.donmai.us/posts/8338465,Game Asset
post,8338488,candidate,portsmouth_adventure_(azur_lane),Adventurous Surprise,included_supporting_post,portsmouth_adventure_(adventurous_surprise)_(azur_lane),https://danbooru.donmai.us/posts/8338488,Game asset
post,8338498,candidate,owari_(azur_lane),My Wish Is For Love,included_supporting_post,owari_(my_wish_is_for_love)_(azur_lane),https://danbooru.donmai.us/posts/8338498,Game Asset
post,8338513,candidate,dolphin_(azur_lane),Incantation of Revival,included_supporting_post,dolphin_(incantation_of_revival)_(azur_lane),https://danbooru.donmai.us/posts/8338513,Game Asset
post,8465274,candidate,august_von_parseval_(azur_lane),The Unhulde's Midday Respite,included_supporting_post,august_von_parseval_(the_unhulde's_midday_respite)_(azur_lane),https://danbooru.donmai.us/posts/8465274,Game Asset
post,8465285,candidate,ulrich_von_hutten_(azur_lane),What comes after the Bell,included_supporting_post,ulrich_von_hutten_(what_comes_after_the_bell)_(azur_lane),https://danbooru.donmai.us/posts/8465285,Game Asset
post,8465434,candidate,giulio_cesare_(azur_lane),META,excluded_no_qualifying_form_evidence,,https://danbooru.donmai.us/posts/8465434,Game Asset
post,8465458,candidate,weser_(azur_lane),Off-time Cafe,included_supporting_post,weser_(offtime_cafe)_(azur_lane),https://danbooru.donmai.us/posts/8465458,Game Asset
post,8466214,candidate,alsace_(azur_lane),Heat-Beating Summer Sacrament,excluded_no_qualifying_form_evidence,,https://danbooru.donmai.us/posts/8466214,Game Asset
post,8466342,candidate,bismarck_zwei_(azur_lane),Crystal-Clear Holiday,included_supporting_post,bismarck_zwei_(crystal-clear_holiday)_(azur_lane),https://danbooru.donmai.us/posts/8466342,Game Asset
post,8466353,candidate,ting_an_(azur_lane),Tender White Jade,included_supporting_post,ting_an_(tender_white_jade)_(azur_lane),https://danbooru.donmai.us/posts/8466353,Game Asset
post,8555512,candidate,admiral_hipper_(azur_lane),META,excluded_no_qualifying_form_evidence,,https://danbooru.donmai.us/posts/8555512,Game Asset
post,8555534,candidate,taihou_(azur_lane),META,excluded_no_qualifying_form_evidence,,https://danbooru.donmai.us/posts/8555534,Game Asset
post,8584622,candidate,bremerton_(azur_lane),Western Cowgirl,excluded_no_qualifying_form_evidence,,https://danbooru.donmai.us/posts/8584622,https://twitter.com/azurlane_staff/status/1569552230688374784
post,8585618,candidate,fritz_rumey_(azur_lane),Default,included_supporting_post,fritz_rumey_(azur_lane),https://danbooru.donmai.us/posts/8585618,Game Asset
post,8585627,candidate,fritz_rumey_(azur_lane),Schwarzes Kaninchen,included_supporting_post,fritz_rumey_(schwarzes_kaninchen)_(azur_lane),https://danbooru.donmai.us/posts/8585627,Game Asset
post,8585640,candidate,z52_(azur_lane),Default,included_supporting_post,z52_(azur_lane),https://danbooru.donmai.us/posts/8585640,Game Asset
post,8585671,candidate,z52_(azur_lane),The Rapid Rabbit,included_supporting_post,z52_(the_rapid_rabbit)_(azur_lane),https://danbooru.donmai.us/posts/8585671,Game Asset
post,8587006,candidate,z11_(azur_lane),"Service, Sincerity, and Insolvency",included_supporting_post,z11_(service_sincerity_and_insolvency)_(azur_lane),https://danbooru.donmai.us/posts/8587006,Game Asset
post,8587015,candidate,z9_(azur_lane),Default,included_supporting_post,z9_(azur_lane),https://danbooru.donmai.us/posts/8587015,Game Asset
post,8587021,candidate,z9_(azur_lane),Teary Cocktail,included_supporting_post,z9_(teary_cocktail)_(azur_lane),https://danbooru.donmai.us/posts/8587021,Game Asset
post,8587029,candidate,duisburg_(azur_lane),Default,included_supporting_post,duisburg_(azur_lane),https://danbooru.donmai.us/posts/8587029,Game Asset
post,8587031,candidate,duisburg_(azur_lane),Endurance Training (Gone Wrong),excluded_no_qualifying_form_evidence,,https://danbooru.donmai.us/posts/8587031,Game Asset
post,8587034,candidate,janus_(azur_lane),A Lesson in Billiards,included_supporting_post,janus_(a_lesson_in_billiards)_(azur_lane),https://danbooru.donmai.us/posts/8587034,Game Asset
post,8587038,candidate,formidable_(azur_lane),Rockin' Encore,included_supporting_post,formidable_(rockin'_encore)_(azur_lane),https://danbooru.donmai.us/posts/8587038,Game Asset
post,8587042,candidate,bismarck_(azur_lane),Unpacked Surprise,included_supporting_post,bismarck_(unpacked_surprise)_(azur_lane),https://danbooru.donmai.us/posts/8587042,Game Asset
post,8587092,candidate,aegir_(azur_lane),One-on-One Leisure Time,excluded_no_qualifying_form_evidence,,https://danbooru.donmai.us/posts/8587092,Game Asset
post,8602126,candidate,z11_(azur_lane),Default,excluded_no_qualifying_form_evidence,,https://danbooru.donmai.us/posts/8602126,https://i.pximg.net/img-original/img/2024/12/23/11/42/05/125446667_p0.png
post,8619778,candidate,chikuma_(azur_lane),Premium Prize on the Table,included_supporting_post,chikuma_(premium_prize_on_the_table)_(azur_lane),https://danbooru.donmai.us/posts/8619778,Game Asset
post,8619803,candidate,halford_(azur_lane),A Special Day With the Bunny Lord,included_supporting_post,halford_(a_special_day_with_the_bunny_lord)_(azur_lane),https://danbooru.donmai.us/posts/8619803,Game Asset
post,8619833,candidate,shinano_(azur_lane),Visions of Fantasy,included_supporting_post,shinano_(visions_of_fantasy)_(azur_lane),https://danbooru.donmai.us/posts/8619833,Game Asset
post,8619845,candidate,admiral_nakhimov_(azur_lane),First Time in the Limelight,included_supporting_post,admiral_nakhimov_(first_time_in_the_limelight)_(azur_lane),https://danbooru.donmai.us/posts/8619845,Game Asset
post,8619878,candidate,regensburg_(azur_lane),The Dark Dragon's Dungeon,included_supporting_post,regensburg_(the_dark_dragon's_dungeon)_(azur_lane),https://danbooru.donmai.us/posts/8619878,Game Asset
post,8624071,candidate,shinano_(azur_lane),Default,included_supporting_post,shinano_(azur_lane),https://danbooru.donmai.us/posts/8624071,Game Asset
post,8719146,candidate,fu_shun_(azur_lane),Retrofit,included_supporting_post,fu_shun_(retrofit)_(azur_lane),https://danbooru.donmai.us/posts/8719146,Game Asset
post,8719192,candidate,hwah_jah_(azur_lane),Retrofit,included_supporting_post,hwah_jah_(retrofit)_(azur_lane),https://danbooru.donmai.us/posts/8719192,Game Asset
post,8719295,candidate,chang_feng_(azur_lane),Default,included_supporting_post,chang_feng_(azur_lane),https://danbooru.donmai.us/posts/8719295,Game Asset
post,8719373,candidate,chang_feng_(azur_lane),Cozy Spring Cleaning,excluded_no_qualifying_form_evidence,,https://danbooru.donmai.us/posts/8719373,Game Asset
post,8719460,candidate,fu_po_(azur_lane),Default,included_supporting_post,fu_po_(azur_lane),https://danbooru.donmai.us/posts/8719460,Game Asset
post,8719505,candidate,fu_po_(azur_lane),Mischievous Tidings,excluded_no_qualifying_form_evidence,,https://danbooru.donmai.us/posts/8719505,Game Asset
post,8719544,candidate,hai_yung_(azur_lane),Default,included_supporting_post,hai_yung_(azur_lane),https://danbooru.donmai.us/posts/8719544,Game Asset
post,8719578,candidate,hai_yung_(azur_lane),Maple Impressions,included_supporting_post,hai_yung_(maple_impressions)_(azur_lane),https://danbooru.donmai.us/posts/8719578,Game Asset
post,8719607,candidate,chien_wu_(azur_lane),Default,included_supporting_post,chien_wu_(azur_lane),https://danbooru.donmai.us/posts/8719607,Game Asset
post,8719650,candidate,chien_wu_(azur_lane),Dressed For Just Tonight,included_supporting_post,chien_wu_(dressed_for_just_tonight)_(azur_lane),https://danbooru.donmai.us/posts/8719650,Game Asset
post,8719685,candidate,chien_wu_(azur_lane),Dressed For Just Tonight,excluded_no_qualifying_form_evidence,,https://danbooru.donmai.us/posts/8719685,Game Asset
post,8719742,candidate,nagato_(azur_lane),Guardian Fox's Blessed Bonds,included_supporting_post,nagato_(guardian_fox's_blessed_bonds)_(azur_lane),https://danbooru.donmai.us/posts/8719742,Game Asset
post,8719786,candidate,brest_(azur_lane),Moonlit Night's Spring Vista,included_supporting_post,brest_(moonlit_night's_spring_vista)_(azur_lane),https://danbooru.donmai.us/posts/8719786,Game Asset
post,8724595,candidate,nagato_(azur_lane),Guardian Fox's Procession,included_supporting_post,nagato_(guardian_fox's_procession)_(azur_lane),https://danbooru.donmai.us/posts/8724595,Game Asset
post,8753495,candidate,bolzano_(azur_lane),META,excluded_no_qualifying_form_evidence,,https://danbooru.donmai.us/posts/8753495,Game Asset
post,8753510,candidate,repulse_(azur_lane),Dance of Spring Blooms,included_supporting_post,repulse_(dance_of_spring_blooms)_(azur_lane),https://danbooru.donmai.us/posts/8753510,Game Asset
post,8753561,candidate,shiratsuyu_(azur_lane),Thawing Snow Fireworks Alight,included_supporting_post,shiratsuyu_(thawing_snow_fireworks_alight)_(azur_lane),https://danbooru.donmai.us/posts/8753561,Game Asset
post,8753575,candidate,trieste_(azur_lane),A Brush of Springtime Ink,included_supporting_post,trieste_(a_brush_of_springtime_ink)_(azur_lane),https://danbooru.donmai.us/posts/8753575,Game Asset
post,8753594,candidate,mainz_(azur_lane),A Blend of Serenity,included_supporting_post,mainz_(a_blend_of_serenity)_(azur_lane),https://danbooru.donmai.us/posts/8753594,Game Asset
post,8753634,candidate,murmansk_(azur_lane),Chamber of Fragrance,included_supporting_post,murmansk_(chamber_of_fragrance)_(azur_lane),https://danbooru.donmai.us/posts/8753634,Game Asset
post,8753655,candidate,jean_bart_(azur_lane),Springlight Etoiles,included_supporting_post,jean_bart_(springlight_etoiles)_(azur_lane),https://danbooru.donmai.us/posts/8753655,Game Asset
post,8753701,candidate,jeanne_d'arc_(azur_lane),Patron Saintess of Celebration,included_supporting_post,jeanne_d'arc_(patron_saintess_of_celebration)_(azur_lane),https://danbooru.donmai.us/posts/8753701,Game Asset
post,8753764,candidate,new_jersey_(azur_lane),Dancing in the Moonlight,included_supporting_post,new_jersey_(dancing_in_the_moonlight)_(azur_lane),https://danbooru.donmai.us/posts/8753764,Game Asset
post,8852522,candidate,naganami_(azur_lane),Heartmelting Warmth,included_supporting_post,naganami_(heartmelting_warmth)_(azur_lane),https://danbooru.donmai.us/posts/8852522,Game Asset
post,8852525,candidate,nubian_(azur_lane),The Modern-Day Clumsy Maid Escapade,included_supporting_post,nubian_(the_modern-day_clumsy_maid_escapade)_(azur_lane),https://danbooru.donmai.us/posts/8852525,Game Asset
post,8920931,candidate,andrea_doria_(azur_lane),META,excluded_no_qualifying_form_evidence,,https://danbooru.donmai.us/posts/8920931,Game Asset
post,8920993,candidate,raffaello_(azur_lane),Default,included_supporting_post,raffaello_(azur_lane),https://danbooru.donmai.us/posts/8920993,Game Asset
post,8921011,candidate,raffaello_(azur_lane),Protector of Love and Beauty,included_supporting_post,raffaello_(protector_of_love_and_beauty)_(azur_lane),https://danbooru.donmai.us/posts/8921011,Game Asset
post,8921202,candidate,maggiore_baracca_(azur_lane),Default,included_supporting_post,maggiore_baracca_(azur_lane),https://danbooru.donmai.us/posts/8921202,Game Asset
post,8921207,candidate,maggiore_baracca_(azur_lane),The God Craves Punishment,included_supporting_post,maggiore_baracca_(the_god_craves_punishment)_(azur_lane),https://danbooru.donmai.us/posts/8921207,Game Asset
post,8921528,candidate,bartolomeo_colleoni_(azur_lane),Default,included_supporting_post,bartolomeo_colleoni_(azur_lane),https://danbooru.donmai.us/posts/8921528,Game Asset
post,8921541,candidate,bartolomeo_colleoni_(azur_lane),The Empress' Romantic Ambush,included_supporting_post,bartolomeo_colleoni_(the_empress'_romantic_ambush)_(azur_lane),https://danbooru.donmai.us/posts/8921541,Game Asset
post,8921850,candidate,giosue_carducci_(azur_lane),Default,included_supporting_post,giosue_carducci_(azur_lane),https://danbooru.donmai.us/posts/8921850,Game Asset
post,8921877,candidate,giosue_carducci_(azur_lane),Verses in Balance,excluded_no_qualifying_form_evidence,,https://danbooru.donmai.us/posts/8921877,Game Asset
post,8929080,candidate,chi_an_(azur_lane),Exotic Dreamland,included_supporting_post,chi_an_(exotic_dreamland)_(azur_lane),https://danbooru.donmai.us/posts/8929080,Game Asset
post,8929092,candidate,scylla_(azur_lane),A Maid's Judgment,included_supporting_post,scylla_(a_maid's_judgment)_(azur_lane),https://danbooru.donmai.us/posts/8929092,Game Asset
post,8989559,candidate,hornet_(azur_lane),META,excluded_no_qualifying_form_evidence,,https://danbooru.donmai.us/posts/8989559,Game Asset
post,9058560,candidate,stremitelny_(azur_lane),Nurse on the Night Shift,included_supporting_post,stremitelny_(nurse_on_the_night_shift)_(azur_lane),https://danbooru.donmai.us/posts/9058560,Game Asset
post,9058785,candidate,mogador_(azur_lane),Olfactory Nursery Call,included_supporting_post,mogador_(olfactory_nursery_call)_(azur_lane),https://danbooru.donmai.us/posts/9058785,Game Asset
post,9059610,candidate,santa_fe_(azur_lane),Default outfit,included_supporting_post,santa_fe_(azur_lane),https://danbooru.donmai.us/posts/9059610,Game Asset
post,9059645,candidate,santa_fe_(azur_lane),The Rumor Mill Never Sleeps,included_supporting_post,santa_fe_(the_rumor_mill_never_sleeps)_(azur_lane),https://danbooru.donmai.us/posts/9059645,Game Asset
post,9059710,candidate,miller_(azur_lane),Default,included_supporting_post,miller_(azur_lane),https://danbooru.donmai.us/posts/9059710,Game Asset
post,9059751,candidate,miller_(azur_lane),Monster Experiment m-01,included_supporting_post,miller_(monster_experiment_m-01)_(azur_lane),https://danbooru.donmai.us/posts/9059751,Game Asset
post,9068004,candidate,franklin_(azur_lane),Default,included_supporting_post,franklin_(azur_lane),https://danbooru.donmai.us/posts/9068004,Game Asset
post,9068007,candidate,franklin_(azur_lane),Heart-Throbbing Records,included_supporting_post,franklin_(heart-throbbing_records)_(azur_lane),https://danbooru.donmai.us/posts/9068007,Game Asset
post,9068043,candidate,voroshilov_(azur_lane),The Nurse's Special Rehearsal,included_supporting_post,voroshilov_(the_nurse's_special_rehearsal)_(azur_lane),https://danbooru.donmai.us/posts/9068043,Game Asset
post,9068183,candidate,washington_(azur_lane),Making The Rounds,included_supporting_post,washington_(making_the_rounds)_(azur_lane),https://danbooru.donmai.us/posts/9068183,Game Asset
post,9068250,candidate,suzuya_(azur_lane),Midnight Care,included_supporting_post,suzuya_(midnight_care)_(azur_lane),https://danbooru.donmai.us/posts/9068250,Game Asset
post,9165366,candidate,implacable_(azur_lane),"Shepherd of the ""Lost""",excluded_no_qualifying_form_evidence,,https://danbooru.donmai.us/posts/9165366,Game Asset
post,9190296,candidate,kazan_(azur_lane),Default,included_supporting_post,kazan_(azur_lane),https://danbooru.donmai.us/posts/9190296,https://twitter.com/azurlane_staff/status/1914522800238272589
post,9203271,candidate,kazan_(azur_lane),The Warm Morning Sunshine,included_supporting_post,kazan_(the_warm_morning_sunshine)_(azur_lane),https://danbooru.donmai.us/posts/9203271,Game Asset
post,9203284,candidate,de_zeven_provincien_(azur_lane),Default,included_supporting_post,de_zeven_provincien_(azur_lane),https://danbooru.donmai.us/posts/9203284,Game Asset
post,9203305,candidate,de_zeven_provincien_(azur_lane),Snuggling For Warmth,included_supporting_post,de_zeven_provincien_(snuggling_for_warmth)_(azur_lane),https://danbooru.donmai.us/posts/9203305,Game Asset
post,9203330,candidate,oleg_(azur_lane),Default,included_supporting_post,oleg_(azur_lane),https://danbooru.donmai.us/posts/9203330,Game Asset
post,9203335,candidate,oleg_(azur_lane),Repose by the Fireplace,included_supporting_post,oleg_(repose_by_the_fireplace)_(azur_lane),https://danbooru.donmai.us/posts/9203335,Game Asset
post,9203363,candidate,evertsen_(azur_lane),Default,included_supporting_post,evertsen_(azur_lane),https://danbooru.donmai.us/posts/9203363,Game Asset
post,9203368,candidate,evertsen_(azur_lane),Basking by the Window,included_supporting_post,evertsen_(basking_by_the_window)_(azur_lane),https://danbooru.donmai.us/posts/9203368,Game Asset
post,9203411,candidate,albion_(azur_lane),A Fairy-tale Breakfast,included_supporting_post,albion_(a_fairy-tale_breakfast)_(azur_lane),https://danbooru.donmai.us/posts/9203411,Game Asset
post,9203435,candidate,tai_yuan_(azur_lane),Two Hearts One Cushion,included_supporting_post,tai_yuan_(two_hearts_one_cushion)_(azur_lane),https://danbooru.donmai.us/posts/9203435,Game Asset
post,9203468,candidate,little_anchorage_(azur_lane),Default,included_supporting_post,little_anchorage_(azur_lane),https://danbooru.donmai.us/posts/9203468,Game Asset
post,9305695,candidate,pamiat_merkuria_(azur_lane),Pick and Choose!,excluded_no_qualifying_form_evidence,,https://danbooru.donmai.us/posts/9305695,Game Asset
post,9305828,candidate,grenville_(azur_lane),META,excluded_no_qualifying_form_evidence,,https://danbooru.donmai.us/posts/9305828,Game Asset
post,9325099,candidate,shimanto_(azur_lane),The Relaxing Dragon God,included_supporting_post,shimanto_(the_relaxing_dragon_god)_(azur_lane),https://danbooru.donmai.us/posts/9325099,https://twitter.com/azurlane_staff/status/1924042283843756526
post,9336139,candidate,lion_(azur_lane),Default,included_supporting_post,lion_(azur_lane),https://danbooru.donmai.us/posts/9336139,Game Asset
post,9336153,candidate,trafalgar_(azur_lane),Profile,included_supporting_post,trafalgar_(azur_lane),https://danbooru.donmai.us/posts/9336153,Game Asset
post,9336487,candidate,illustrious_(azur_lane),Sweet Afternoon Teatime,included_supporting_post,illustrious_(sweet_afternoon_teatime)_(azur_lane),https://danbooru.donmai.us/posts/9336487,Game Asset
post,9336553,candidate,glowworm_(azur_lane),Retrofit,included_supporting_post,glowworm_(retrofit)_(azur_lane),https://danbooru.donmai.us/posts/9336553,Game Asset
post,9339598,candidate,cleopatra_(azur_lane),Stars and Roses,excluded_no_qualifying_form_evidence,,https://danbooru.donmai.us/posts/9339598,https://azurlane.netojuu.com/images/7/79/CleopatraSummerWithoutBG.png
post,9350328,candidate,cleopatra_(azur_lane),Default,included_supporting_post,cleopatra_(azur_lane),https://danbooru.donmai.us/posts/9350328,Game Asset
post,9350335,candidate,gallant_(azur_lane),Default,included_supporting_post,gallant_(azur_lane),https://danbooru.donmai.us/posts/9350335,Game Asset
post,9350373,candidate,trinidad_(azur_lane),Default,included_supporting_post,trinidad_(azur_lane),https://danbooru.donmai.us/posts/9350373,Game Asset
post,9350592,candidate,lion_(azur_lane),The Reclining Dandelion,included_supporting_post,lion_(the_reclining_dandelion)_(azur_lane),https://danbooru.donmai.us/posts/9350592,Game Asset
post,9351045,candidate,trinidad_(azur_lane),Trapper in the Changing Room,included_supporting_post,trinidad_(trapper_in_the_changing_room)_(azur_lane),https://danbooru.donmai.us/posts/9351045,Game Asset
post,9351068,candidate,trafalgar_(azur_lane),"Sea Breeze, Moonlit Talks",included_supporting_post,trafalgar_(sea_breeze_moonlit_talks)_(azur_lane),https://danbooru.donmai.us/posts/9351068,Game Asset
post,9359944,candidate,ying_swei_(azur_lane),Blue Waves Limpid Summer,excluded_no_qualifying_form_evidence,,https://danbooru.donmai.us/posts/9359944,https://twitter.com/AzurLane_EN/status/1926095954303750370
post,9364636,candidate,gallant_(azur_lane),Express-ive Delivery,included_supporting_post,gallant_(express-ive_delivery)_(azur_lane),https://danbooru.donmai.us/posts/9364636,Game Asset
post,9364654,candidate,taihou_(azur_lane),Fun on the Baize,included_supporting_post,taihou_(fun_on_the_baize)_(azur_lane),https://danbooru.donmai.us/posts/9364654,Game Asset
post,9382394,candidate,sovetskaya_belorussiya_(azur_lane),Ripples and a Fluttering Veil,included_supporting_post,sovetskaya_belorussiya_(ripples_and_a_fluttering_veil)_(azur_lane),https://danbooru.donmai.us/posts/9382394,Game Asset
post,9382400,candidate,maryland_(azur_lane),Red-Hot Drummer,excluded_no_qualifying_form_evidence,,https://danbooru.donmai.us/posts/9382400,Game Asset
post,9382450,candidate,formidable_(azur_lane),Anniversary Memories,included_supporting_post,formidable_(anniversary_memories)_(azur_lane),https://danbooru.donmai.us/posts/9382450,Game Asset
post,9382494,candidate,colorado_(azur_lane),Sunset Cavatina,excluded_no_qualifying_form_evidence,,https://danbooru.donmai.us/posts/9382494,Game Asset
post,9382520,candidate,friedrich_carl_(azur_lane),A Tender Summer Care,included_supporting_post,friedrich_carl_(tender_summer_care)_(azur_lane),https://danbooru.donmai.us/posts/9382520,Game Asset
post,9382557,candidate,hatsuzuki_(azur_lane),Luxurious Celebration Time,included_supporting_post,hatsuzuki_(luxurious_celebration_time)_(azur_lane),https://danbooru.donmai.us/posts/9382557,Game Asset
post,9382578,candidate,chang_feng_(azur_lane),A Sky Blue Eclipsing Jade,included_supporting_post,chang_feng_(a_sky_blue_eclipsing_jade)_(azur_lane),https://danbooru.donmai.us/posts/9382578,Game Asset
post,9395987,candidate,cheshire_(azur_lane),White Seaside Melody,included_supporting_post,cheshire_(white_seaside_melody)_(azur_lane),https://danbooru.donmai.us/posts/9395987,https://twitter.com/azurlane_staff/status/1929025111614505412
post,9423967,candidate,baltimore_(azur_lane),When the Breeze Blows,included_supporting_post,baltimore_(when_the_breeze_blows)_(azur_lane),https://danbooru.donmai.us/posts/9423967,Game Asset
post,9424075,candidate,janus_(azur_lane),Oath Under the Morning Sun,excluded_no_qualifying_form_evidence,,https://danbooru.donmai.us/posts/9424075,
post,9424238,candidate,admiral_nakhimov_(azur_lane),A Fresh Green Day,included_supporting_post,admiral_nakhimov_(a_fresh_green_day)_(azur_lane),https://danbooru.donmai.us/posts/9424238,Game Asset
post,9507303,candidate,u-552_(azur_lane),Default,included_supporting_post,u-552_(azur_lane),https://danbooru.donmai.us/posts/9507303,https://twitter.com/azurlane_staff/status/1935982202132513080
post,9508058,candidate,admiral_zenker_(azur_lane),Fun with...Interrogations?,excluded_no_qualifying_form_evidence,,https://danbooru.donmai.us/posts/9508058,https://twitter.com/azurlane_staff/status/1936333271522300124
post,9509406,candidate,admiral_zenker_(azur_lane),Default,included_supporting_post,admiral_zenker_(azur_lane),https://danbooru.donmai.us/posts/9509406,https://twitter.com/azurlane_staff/status/1935910478888550450
post,9513125,candidate,azuma_(azur_lane),Career Counseling for the Groom,included_supporting_post,azuma_(career_counseling_for_the_groom)_(azur_lane),https://danbooru.donmai.us/posts/9513125,https://twitter.com/AzurLane_EN/status/1936574858600882575
post,9518928,candidate,u-552_(azur_lane),Special Sightseeing Service,included_supporting_post,u-552_(special_sightseeing_service)_(azur_lane),https://danbooru.donmai.us/posts/9518928,https://twitter.com/AzurLane_EN/status/1936937249264075125
post,9536691,candidate,z13_(azur_lane),Default,included_supporting_post,z13_(azur_lane),https://danbooru.donmai.us/posts/9536691,Game Asset
post,9536701,candidate,z13_(azur_lane),Strategic Date Solution,included_supporting_post,z13_(strategic_date_solution)_(azur_lane),https://danbooru.donmai.us/posts/9536701,Game Asset
post,9548363,candidate,neptune_(azur_lane),Officer Bunneptune is on the Case!,excluded_no_qualifying_form_evidence,,https://danbooru.donmai.us/posts/9548363,Game Asset
post,9558980,candidate,impero_(azur_lane),Drunken Drowsy Dreamer,included_supporting_post,impero_(drunken_drowsy_dreamer)_(azur_lane),https://danbooru.donmai.us/posts/9558980,Game Asset
post,9588009,candidate,mecklenburg_(azur_lane),Profile,excluded_no_qualifying_form_evidence,,https://danbooru.donmai.us/posts/9588009,https://twitter.com/azurlane_staff/status/1941708181459042359
post,9610434,candidate,gouden_leeuw_(azur_lane),Profile,excluded_no_qualifying_form_evidence,,https://danbooru.donmai.us/posts/9610434,Game Asset
post,9611486,candidate,vittorio_cuniberti_(azur_lane),Default,included_supporting_post,vittorio_cuniberti_(azur_lane),https://danbooru.donmai.us/posts/9611486,Game Asset
post,9611507,candidate,dmitri_donskoi_(azur_lane),Default,included_supporting_post,dmitri_donskoi_(azur_lane),https://danbooru.donmai.us/posts/9611507,Game Asset
post,9611536,candidate,kansas_(azur_lane),Default,included_supporting_post,kansas_(azur_lane),https://danbooru.donmai.us/posts/9611536,Game Asset
post,9644477,candidate,bluecher_(azur_lane),The After-School Wait,excluded_no_qualifying_form_evidence,,https://danbooru.donmai.us/posts/9644477,Game Asset
post,9676871,candidate,chao_ho_(azur_lane),Azur Ripples Shimmer Sun,excluded_no_qualifying_form_evidence,,https://danbooru.donmai.us/posts/9676871,https://twitter.com/azurlane_staff/status/1947627690472935651
post,9684113,candidate,montpelier_(azur_lane),Heat Relief For The Tipsy,excluded_no_qualifying_form_evidence,,https://danbooru.donmai.us/posts/9684113,Game Asset
post,9771115,candidate,massena_(azur_lane),(Base art),excluded_no_qualifying_form_evidence,,https://danbooru.donmai.us/posts/9771115,https://twitter.com/azurlane_staff/status/1954377162095751304
post,9771587,candidate,roon_(azur_lane),The Abyssal Embrace,included_supporting_post,roon_(the_abyssal_embrace)_(azur_lane),https://danbooru.donmai.us/posts/9771587,https://twitter.com/AzurLane_EN/status/1954397293416984731
post,9774675,candidate,massena_(azur_lane),Sweetly Intoxicating Spring,included_supporting_post,massena_(sweetly_intoxicating_spring)_(azur_lane),https://danbooru.donmai.us/posts/9774675,https://twitter.com/AzurLane_EN/status/1954603658718437841
post,9775107,candidate,bois_belleau_(azur_lane),Steamy Therapy,included_supporting_post,bois_belleau_(steamy_therapy)_(azur_lane),https://danbooru.donmai.us/posts/9775107,https://twitter.com/AzurLane_EN/status/1954633853865226726
post,9775660,candidate,noshiro_(azur_lane),A Dip in the Moonlight,included_supporting_post,noshiro_(a_dip_in_the_moonlight)_(azur_lane),https://danbooru.donmai.us/posts/9775660,https://twitter.com/AzurLane_EN/status/1954694253558497706
post,9777199,candidate,helena_(azur_lane),Basking in the Cypress' Warmth,included_supporting_post,helena_(basking_in_the_cypress'_warmth)_(azur_lane),https://danbooru.donmai.us/posts/9777199,https://twitter.com/AzurLane_EN/status/1954724453696303492
post,9777852,candidate,anchorage_(azur_lane),Sweet Evening Milk,included_supporting_post,anchorage_(sweet_evening_milk)_(azur_lane),https://danbooru.donmai.us/posts/9777852,https://twitter.com/azurlane_staff/status/1954860345933140024
post,9781403,candidate,duguay-trouin_(azur_lane),Convetous Bathgoer,excluded_no_qualifying_form_evidence,,https://danbooru.donmai.us/posts/9781403,https://twitter.com/azurlane_staff/status/1955101947272593593
post,9782254,candidate,duquesne_(azur_lane),Wetness of a Crimson Night,included_supporting_post,duquesne_(wetness_of_a_crimson_night)_(azur_lane),https://danbooru.donmai.us/posts/9782254,https://twitter.com/azurlane_staff/status/1955154786380046467
post,9782492,candidate,denver_(azur_lane),Steam Dream,included_supporting_post,denver_(steam_dream)_(azur_lane),https://danbooru.donmai.us/posts/9782492,https://twitter.com/azurlane_staff/status/1955180179388764553
post,9795041,candidate,essex_(azur_lane),Retrofit/kai,included_supporting_post,essex_(retrofit)_(azur_lane),https://danbooru.donmai.us/posts/9795041,Game Asset
post,9801575,candidate,le_hardi_(azur_lane),Default,included_supporting_post,le_hardi_(azur_lane),https://danbooru.donmai.us/posts/9801575,Game Asset
post,9801627,candidate,le_hardi_(azur_lane),Sticky Situation,included_supporting_post,le_hardi_(sticky_situation)_(azur_lane),https://danbooru.donmai.us/posts/9801627,Game Asset
post,9893335,candidate,yuudachi_(azur_lane),META,excluded_no_qualifying_form_evidence,,https://danbooru.donmai.us/posts/9893335,https://twitter.com/azurlane_staff/status/1962425192392609929
post,9911181,candidate,duquesne_(azur_lane),Default,included_supporting_post,duquesne_(azur_lane),https://danbooru.donmai.us/posts/9911181,Game Asset
post,9911636,candidate,bois_belleau_(azur_lane),Default,included_supporting_post,bois_belleau_(azur_lane),https://danbooru.donmai.us/posts/9911636,Game Asset
post,9911717,candidate,duguay-trouin_(azur_lane),Default,included_supporting_post,duguay-trouin_(azur_lane),https://danbooru.donmai.us/posts/9911717,Game Asset
post,9920017,candidate,i-404_(azur_lane),Default,included_supporting_post,i-404_(azur_lane),https://danbooru.donmai.us/posts/9920017,https://twitter.com/azurlane_staff/status/1964272362888843372
post,9922561,candidate,oumi_(azur_lane),Default,included_supporting_post,oumi_(azur_lane),https://danbooru.donmai.us/posts/9922561,https://twitter.com/AzurLane_EN/status/1964388128027738579
post,9923928,candidate,morrison_(azur_lane),Technology or Ninjutsu,included_supporting_post,morrison_(technology_or_ninjutsu)_(azur_lane),https://danbooru.donmai.us/posts/9923928,https://twitter.com/azurlane_staff/status/1964508923341459635
post,9924577,candidate,i-404_(azur_lane),Dance of Crimson Strings,included_supporting_post,i-404_(dance_of_crimson_strings)_(azur_lane),https://danbooru.donmai.us/posts/9924577,https://twitter.com/azurlane_staff/status/1964544153821262179
post,9925230,candidate,asama_(azur_lane),Default,included_supporting_post,asama_(azur_lane),https://danbooru.donmai.us/posts/9925230,https://twitter.com/azurlane_staff/status/1964602035241693197
post,9926464,candidate,asama_(azur_lane),Blooming upon Bewitching Night,excluded_no_qualifying_form_evidence,,https://danbooru.donmai.us/posts/9926464,https://twitter.com/azurlane_staff/status/1964682567640125619
post,9929826,candidate,taekaze_(azur_lane),Default,included_supporting_post,taekaze_(azur_lane),https://danbooru.donmai.us/posts/9929826,https://twitter.com/azurlane_staff/status/1964888925769716142
post,9930095,candidate,oumi_(azur_lane),A Failed Escape?,excluded_no_qualifying_form_evidence,,https://danbooru.donmai.us/posts/9930095,https://twitter.com/azurlane_staff/status/1964909058219233311?s=46
post,9930860,candidate,taekaze_(azur_lane),Kunoichi's Emergency Landing,included_supporting_post,taekaze_(kunoichi's_emergency_landing)_(azur_lane),https://danbooru.donmai.us/posts/9930860,https://twitter.com/azurlane_staff/status/1964978264574726655
post,9946481,candidate,enterprise_(azur_lane),Bathing under Sunny Skies,included_supporting_post,enterprise_(bathing_under_sunny_skies)_(azur_lane),https://danbooru.donmai.us/posts/9946481,Game Asset
post,9951347,candidate,alsace_(azur_lane),Tipsy Oni On A Sacred Night,included_supporting_post,alsace_(tipsy_oni_on_a_sacred_night)_(azur_lane),https://danbooru.donmai.us/posts/9951347,https://twitter.com/azurlane_staff/status/1966493247364276391
post,9954345,candidate,unzen_(azur_lane),Arcane Ninja Knowledge,included_supporting_post,unzen_(arcane_ninja_knowledge)_(azur_lane),https://danbooru.donmai.us/posts/9954345,https://twitter.com/azurlane_staff/status/1966471868635820323
post,9956890,candidate,brennus_(azur_lane),Timeless Nocturne,included_supporting_post,brennus_(timeless_nocturne)_(azur_lane),https://danbooru.donmai.us/posts/9956890,https://twitter.com/azurlane_staff/status/1966788945477570866
post,9958155,candidate,guam_(azur_lane),The Kunoichi's Dangerous Variety Show,included_supporting_post,guam_(the_kunoichi's_dangerous_variety_show)_(azur_lane),https://danbooru.donmai.us/posts/9958155,https://twitter.com/AzurLane_EN/status/1966955040964214941
post,9958708,candidate,hakuhou_(azur_lane),Default,included_supporting_post,hakuhou_(azur_lane),https://danbooru.donmai.us/posts/9958708,Game Asset
post,9959347,candidate,gascogne_(azur_lane),Traveling Mood Mechanism,included_supporting_post,gascogne_(traveling_mood_mechanism)_(azur_lane),https://danbooru.donmai.us/posts/9959347,https://twitter.com/AzurLane_EN/status/1967045639289590199
post,9968542,candidate,tallinn_(azur_lane),Night of Full Moon and Overflowing Love,included_supporting_post,tallinn_(night_of_full_moon_and_overflowing_love)_(azur_lane),https://danbooru.donmai.us/posts/9968542,https://twitter.com/AzurLane_EN/status/1967619421872210349
post,9971308,candidate,warspite_(azur_lane),The Grand Old Lady Sunders All,included_supporting_post,warspite_(the_grand_old_lady_sunders_all)_(azur_lane),https://danbooru.donmai.us/posts/9971308,https://twitter.com/AzurLane_EN/status/1967740219165380782
post,9990946,candidate,amagi_(azur_lane),Moonlit Blossom on Placid Seas,excluded_no_qualifying_form_evidence,,https://danbooru.donmai.us/posts/9990946,https://twitter.com/AzurLane_EN/status/1969219967771165081
post,9997728,candidate,laffey_(azur_lane);laffey_ii_(azur_lane),Lady Laffey's Languid Tour;Lady Laffey's Languid Tour,included_supporting_post,laffey_(lady_laffey's_languid_tour)_(azur_lane);laffey_ii_(lady_laffey's_languid_tour)_(azur_lane),https://danbooru.donmai.us/posts/9997728,https://twitter.com/AzurLane_EN/status/1967257031305212168
post,10019601,candidate,hakuhou_(azur_lane),Floral Ninja Roleplay,included_supporting_post,hakuhou_(floral_ninja_roleplay)_(azur_lane),https://danbooru.donmai.us/posts/10019601,Game Asset
post,10019970,candidate,minase_(azur_lane),Default,included_supporting_post,minase_(azur_lane),https://danbooru.donmai.us/posts/10019970,Game Asset
post,10019976,candidate,minase_(azur_lane),Maidenly Meditation,included_supporting_post,minase_(maidenly_meditation)_(azur_lane),https://danbooru.donmai.us/posts/10019976,Game Asset
post,10021649,candidate,shiratsuyu_(azur_lane),Retrofit,included_supporting_post,shiratsuyu_(retrofit)_(azur_lane),https://danbooru.donmai.us/posts/10021649,Game Asset
post,10021824,candidate,sovetsky_soyuz_(azur_lane),Stringed Interrogation,excluded_no_qualifying_form_evidence,,https://danbooru.donmai.us/posts/10021824,Game Asset
post,10021846,candidate,sovetsky_soyuz_(azur_lane),Stringed Interrogation,included_supporting_post,sovetsky_soyuz_(stringed_interrogation)_(azur_lane),https://danbooru.donmai.us/posts/10021846,Game Asset
post,10022356,candidate,bolzano_(azur_lane),A Special Night Just For Us,included_supporting_post,bolzano_(a_special_night_just_for_us)_(azur_lane),https://danbooru.donmai.us/posts/10022356,Game Asset
post,10023786,candidate,black_prince_(azur_lane),Love's Greeting,included_supporting_post,black_prince_(love's_greeting)_(azur_lane),https://danbooru.donmai.us/posts/10023786,Game Asset
post,10023792,candidate,ulrich_von_hutten_(azur_lane),Liebestrank,included_supporting_post,ulrich_von_hutten_(liebestrank)_(azur_lane),https://danbooru.donmai.us/posts/10023792,Game Asset
post,10023827,candidate,kawakaze_(azur_lane),Guardian Fox Forever Loyal,included_supporting_post,kawakaze_(guardian_fox_forever_loyal)_(azur_lane),https://danbooru.donmai.us/posts/10023827,Game Asset
post,10130258,candidate,queen_anne's_revenge_(azur_lane),Default,included_supporting_post,queen_anne's_revenge_(azur_lane),https://danbooru.donmai.us/posts/10130258,https://x.com/azurlane_staff/status/1979019534989238696?s=46
post,10130273,candidate,pearl_(azur_lane),Default,included_supporting_post,pearl_(azur_lane),https://danbooru.donmai.us/posts/10130273,https://x.com/azurlane_staff/status/1979095044658471145?s=46
post,10134776,candidate,lyme_(azur_lane),Default,included_supporting_post,lyme_(azur_lane),https://danbooru.donmai.us/posts/10134776,https://x.com/azurlane_staff/status/1979381932438745235?s=46
post,10137218,candidate,queen_anne's_revenge_(azur_lane),Call of the Creeping Embrace,included_supporting_post,queen_anne's_revenge_(call_of_the_creeping_embrace)_(azur_lane),https://danbooru.donmai.us/posts/10137218,https://twitter.com/AzurLane_EN/status/1979548023798505919
post,10138639,candidate,pearl_(azur_lane),Fallen Angel In The Dark Castle,included_supporting_post,pearl_(fallen_angel_in_the_dark_castle)_(azur_lane),https://danbooru.donmai.us/posts/10138639,https://twitter.com/AzurLane_EN/status/1979608421264736728
post,10141226,candidate,lyme_(azur_lane),Corrupting Trap,included_supporting_post,lyme_(corrupting_trap)_(azur_lane),https://danbooru.donmai.us/posts/10141226,https://twitter.com/AzurLane_EN/status/1979729211620208914
post,10143299,candidate,adventure_(azur_lane),Default,included_supporting_post,adventure_(azur_lane),https://danbooru.donmai.us/posts/10143299,https://twitter.com/azurlane_staff/status/1979789614606135589
post,10143326,candidate,royal_james_(azur_lane),Default,included_supporting_post,royal_james_(azur_lane),https://danbooru.donmai.us/posts/10143326,https://twitter.com/azurlane_staff/status/1979744318437884044
post,10146015,candidate,royal_james_(azur_lane),The Forbidden Slurp,included_supporting_post,royal_james_(the_forbidden_slurp)_(azur_lane),https://danbooru.donmai.us/posts/10146015,https://twitter.com/AzurLane_EN/status/1980091599439667343
post,10148960,candidate,adventure_(azur_lane),Master Of The Safe House,included_supporting_post,adventure_(master_of_the_safe_house)_(azur_lane),https://danbooru.donmai.us/posts/10148960,https://twitter.com/AzurLane_EN/status/1979940606828069325
post,10196800,candidate,harutsuki_(azur_lane),Little Steamy Sprite,included_supporting_post,harutsuki_(little_steamy_sprite)_(azur_lane),https://danbooru.donmai.us/posts/10196800,Game Asset
post,10196804,candidate,izumo_(azur_lane),Tail-Stirred Cocktail,included_supporting_post,izumo_(tail-stirred_cocktail)_(azur_lane),https://danbooru.donmai.us/posts/10196804,Game Asset
post,10233954,candidate,kronshtadt_(azur_lane),Animal Agent,included_supporting_post,kronshtadt_(animal_agent)_(azur_lane),https://danbooru.donmai.us/posts/10233954,Game Asset
post,10276820,candidate,noshiro_(azur_lane),Uncharted Festival Grounds?,excluded_no_qualifying_form_evidence,,https://danbooru.donmai.us/posts/10276820,https://i.pximg.net/img-original/img/2025/11/14/23/18/06/137474196_p0.png
post,10304435,candidate,new_jersey_(azur_lane),Black Blur Prelude,included_supporting_post,new_jersey_(black_blur_prelude)_(azur_lane),https://danbooru.donmai.us/posts/10304435,Game Asset
post,10304440,candidate,tirpitz_(azur_lane),Pit Stop Standby,included_supporting_post,tirpitz_(pit_stop_standby)_(azur_lane),https://danbooru.donmai.us/posts/10304440,Game Asset
post,10304445,candidate,admiral_nakhimov_(azur_lane),Cheerleading Mechanic?,excluded_no_qualifying_form_evidence,,https://danbooru.donmai.us/posts/10304445,Game Asset
post,10304462,candidate,essex_(azur_lane),Start Line Splash,included_supporting_post,essex_(start_line_splash)_(azur_lane),https://danbooru.donmai.us/posts/10304462,Game Asset
post,10411051,candidate,i-13_(azur_lane),After-School Observations,included_supporting_post,i-13_(after-school_observations)_(azur_lane),https://danbooru.donmai.us/posts/10411051,Game Asset
post,10412960,candidate,yorktown_(azur_lane),META,excluded_no_qualifying_form_evidence,,https://danbooru.donmai.us/posts/10412960,Game Asset
post,10435153,candidate,lexington_ii_(azur_lane),Default,included_supporting_post,lexington_ii_(azur_lane),https://danbooru.donmai.us/posts/10435153,https://twitter.com/azurlane_staff/status/2000531533237731357?s=46
post,10450702,candidate,lexington_(azur_lane),[[Lexington II (Azur Lane)|]],excluded_no_qualifying_form_evidence,,https://danbooru.donmai.us/posts/10450702,Game Asset
post,10466021,candidate,duisburg_(azur_lane),Winter Date,excluded_no_qualifying_form_evidence,,https://danbooru.donmai.us/posts/10466021,https://twitter.com/guchico77/status/2002689130371944522
post,10495522,candidate,cowpens_(azur_lane),Default,included_supporting_post,cowpens_(azur_lane),https://danbooru.donmai.us/posts/10495522,Game Asset
post,10495529,candidate,cowpens_(azur_lane),Milky Ministrations,included_supporting_post,cowpens_(milky_ministrations)_(azur_lane),https://danbooru.donmai.us/posts/10495529,Game Asset
post,10495531,candidate,bismarck_(azur_lane);bismarck_zwei_(azur_lane),Bathed In Brightness And Spirit;Bathed In Brightness And Spirit,included_supporting_post,bismarck_(bathed_in_brightness_and_spirit)_(azur_lane);bismarck_zwei_(bathed_in_brightness_and_spirit)_(azur_lane),https://danbooru.donmai.us/posts/10495531,Game Asset
post,10495537,candidate,birmingham_(azur_lane),Briar Maid,included_supporting_post,birmingham_(briar_maid)_(azur_lane),https://danbooru.donmai.us/posts/10495537,Game Asset
post,10495543,candidate,hammann_(azur_lane);hammann_ii_(azur_lane),Hammann's Scrumptious Spells;Hammann's Scrumptious Spells,included_supporting_post,hammann_(hammann's_scrumptious_spells)_(azur_lane);hammann_ii_(hammann's_scrumptious_spells)_(azur_lane),https://danbooru.donmai.us/posts/10495543,Game Asset
post,10495567,candidate,lexington_(azur_lane);lexington_ii_(azur_lane),The Fluffiest of Maids;The Fluffiest of Maids,included_supporting_post,lexington_(the_fluffiest_of_maids)_(azur_lane);lexington_ii_(the_fluffiest_of_maids)_(azur_lane),https://danbooru.donmai.us/posts/10495567,Game Asset
post,10495587,candidate,maury_(azur_lane),Retrofit,included_supporting_post,maury_(retrofit)_(azur_lane),https://danbooru.donmai.us/posts/10495587,Game Asset
post,10495610,candidate,pasadena_(azur_lane),Default,included_supporting_post,pasadena_(azur_lane),https://danbooru.donmai.us/posts/10495610,Game Asset
post,10495616,candidate,pasadena_(azur_lane),Surprising Game,included_supporting_post,pasadena_(surprising_game)_(azur_lane),https://danbooru.donmai.us/posts/10495616,Game Asset
post,10495632,candidate,yorktown_(azur_lane);yorktown_ii_(azur_lane),An Evening's Companionship;An Evening's Companionship,included_supporting_post,yorktown_(an_evening's_companionship)_(azur_lane);yorktown_ii_(an_evening's_companionship)_(azur_lane),https://danbooru.donmai.us/posts/10495632,Game Asset
post,10502188,candidate,aegir_(azur_lane),Private Quarters,excluded_no_qualifying_form_evidence,,https://danbooru.donmai.us/posts/10502188,https://i.pximg.net/img-original/img/2025/12/26/17/51/51/139090824_p0.jpg
post,10567914,candidate,otto_von_alvensleben_(azur_lane),The Clumsy Maid Is In A Bind!,excluded_no_qualifying_form_evidence,,https://danbooru.donmai.us/posts/10567914,Game Asset
post,10567916,candidate,dmitri_donskoi_(azur_lane),Bedside Bunny,included_supporting_post,dmitri_donskoi_(bedside_bunny)_(azur_lane),https://danbooru.donmai.us/posts/10567916,Game Asset
post,10567923,candidate,kuybyshev_(azur_lane),Rainy Day Blues,included_supporting_post,kuybyshev_(rainy_day_blues)_(azur_lane),https://danbooru.donmai.us/posts/10567923,Game Asset
post,10567927,candidate,gouden_leeuw_(azur_lane),An Intimate Cleaning,included_supporting_post,gouden_leeuw_(an_intimate_cleaning)_(azur_lane),https://danbooru.donmai.us/posts/10567927,Game Asset
post,10567938,candidate,guichen_(azur_lane),Milk and Kisses,included_supporting_post,guichen_(milk_and_kisses)_(azur_lane),https://danbooru.donmai.us/posts/10567938,Game Asset
post,10567940,candidate,kansas_(azur_lane),Late Night Leisure,excluded_no_qualifying_form_evidence,,https://danbooru.donmai.us/posts/10567940,Game Asset
post,10567945,candidate,vittorio_cuniberti_(azur_lane),On The Habits Of Cats,included_supporting_post,vittorio_cuniberti_(on_the_habits_of_cats)_(azur_lane),https://danbooru.donmai.us/posts/10567945,Game Asset
post,10567946,candidate,mecklenburg_(azur_lane),Branding Witchcraft,included_supporting_post,mecklenburg_(branding_witchcraft)_(azur_lane),https://danbooru.donmai.us/posts/10567946,Game Asset
post,10567950,candidate,prinz_eugen_(azur_lane),Between Tipsiness And A Wager,included_supporting_post,prinz_eugen_(between_tipsiness_and_a_wager)_(azur_lane),https://danbooru.donmai.us/posts/10567950,Game Asset
post,10572437,candidate,fujinami_(azur_lane),Default,included_supporting_post,fujinami_(azur_lane),https://danbooru.donmai.us/posts/10572437,Game Asset
post,10615720,candidate,francesco_caracciolo_(azur_lane),Default,included_supporting_post,francesco_caracciolo_(azur_lane),https://danbooru.donmai.us/posts/10615720,https://twitter.com/azurlane_staff/status/2011996847934484939
post,10621372,candidate,francesco_caracciolo_(azur_lane),Confession under the Spotlight,included_supporting_post,francesco_caracciolo_(confession_under_the_spotlight)_(azur_lane),https://danbooru.donmai.us/posts/10621372,https://twitter.com/azurlane_staff/status/2012404521025306705
post,10621921,candidate,alberto_di_giussano_(azur_lane),A Magnificent Mistake,included_supporting_post,alberto_di_giussano_(a_magnificent_mistake)_(azur_lane),https://danbooru.donmai.us/posts/10621921,https://twitter.com/azurlane_staff/status/2012434724753437111
post,10625763,candidate,ugolino_vivaldi_(azur_lane),An Unexpected Catch,included_supporting_post,ugolino_vivaldi_(an_unexpected_catch)_(azur_lane),https://danbooru.donmai.us/posts/10625763,https://twitter.com/AzurLane_EN/status/2012631017559937253
post,10626655,candidate,alabama_(azur_lane),Through Your Lens My Everything,included_supporting_post,alabama_(through_your_lens_my_everything)_(azur_lane),https://danbooru.donmai.us/posts/10626655,https://twitter.com/AzurLane_EN/status/2012676309445677295
post,10631135,candidate,chien_wu_(azur_lane),All-Nighter Masterpiece,included_supporting_post,chien_wu_(all-nighter_masterpiece)_(azur_lane),https://danbooru.donmai.us/posts/10631135,https://twitter.com/AzurLane_EN/status/2012917900617670747
post,10633350,candidate,takao_(azur_lane),Inner Cultivation,included_supporting_post,takao_(inner_cultivation)_(azur_lane),https://danbooru.donmai.us/posts/10633350,https://twitter.com/azurlane_en/status/2013068895138333181
post,10654826,candidate,alberto_di_giussano_(azur_lane),Default,included_supporting_post,alberto_di_giussano_(azur_lane),https://danbooru.donmai.us/posts/10654826,Game ASSet
post,10654850,candidate,ugolino_vivaldi_(azur_lane),Default,included_supporting_post,ugolino_vivaldi_(azur_lane),https://danbooru.donmai.us/posts/10654850,Game Asset
post,10654861,candidate,shimakaze_(azur_lane),The Unmoving Rabbit,included_supporting_post,shimakaze_(the_unmoving_rabbit)_(azur_lane),https://danbooru.donmai.us/posts/10654861,Game Asset
post,10692823,candidate,z47_(azur_lane),Batter Home Run,excluded_no_qualifying_form_evidence,,https://danbooru.donmai.us/posts/10692823,Game Asset
post,10733858,candidate,hai_chou_(azur_lane),Default,included_supporting_post,hai_chou_(azur_lane),https://danbooru.donmai.us/posts/10733858,https://x.com/azurlane_en/status/2019591882515402953
post,10733874,candidate,chang_wu_(azur_lane),Default,included_supporting_post,chang_wu_(azur_lane),https://danbooru.donmai.us/posts/10733874,https://x.com/azurlane_en/status/2019561678850203973
post,10736719,candidate,friedrich_der_grosse_(azur_lane),Boudoir's Lingering Flame,included_supporting_post,friedrich_der_grosse_(boudoir's_lingering_flame)_(azur_lane),https://danbooru.donmai.us/posts/10736719,https://x.com/azurlane_en/status/2019803273742766492
post,10736793,candidate,ying_swei_(azur_lane),Retrofit,included_supporting_post,ying_swei_(retrofit)_(azur_lane),https://danbooru.donmai.us/posts/10736793,https://x.com/AzurLane_EN/status/2019788178086150495
post,10736794,candidate,chao_ho_(azur_lane),Retrofit,included_supporting_post,chao_ho_(retrofit)_(azur_lane),https://danbooru.donmai.us/posts/10736794,https://x.com/AzurLane_EN/status/2019773076750086488
post,10738073,candidate,shinano_(azur_lane),Embrace Upon A Melted Dream,included_supporting_post,shinano_(embrace_upon_a_melted_dream)_(azur_lane),https://danbooru.donmai.us/posts/10738073,https://x.com/azurlane_en/status/2019924065557819876
post,10742141,candidate,chang_wu_(azur_lane),In Full Glory Spring's Branch Blooms,excluded_no_qualifying_form_evidence,,https://danbooru.donmai.us/posts/10742141,https://x.com/AzurLane_EN/status/2020165663109554239
post,10744544,candidate,hai_chou_(azur_lane),Aroma of Awakening,included_supporting_post,hai_chou_(aroma_of_awakening)_(azur_lane),https://danbooru.donmai.us/posts/10744544,https://x.com/azurlane_en/status/2020286454878855386
post,10749987,candidate,graf_zeppelin_(azur_lane),Intoxicating Crimson,included_supporting_post,graf_zeppelin_(intoxicating_crimson)_(azur_lane),https://danbooru.donmai.us/posts/10749987,https://x.com/AzurLane_EN/status/2020558244293517324
post,10750010,candidate,z23_(azur_lane),Inky Antics,included_supporting_post,z23_(inky_antics)_(azur_lane),https://danbooru.donmai.us/posts/10750010,https://x.com/AzurLane_EN/status/2020528046311133525
post,10756664,candidate,long_island_(azur_lane),Bring On the Red Envelopes!,excluded_no_qualifying_form_evidence,,https://danbooru.donmai.us/posts/10756664,https://x.com/AzurLane_EN/status/2020890439042376001
post,10756705,candidate,fei_yuen_(azur_lane),Lady Yuen's Sugary Artillery,excluded_no_qualifying_form_evidence,,https://danbooru.donmai.us/posts/10756705,https://x.com/AzurLane_EN/status/2020648844984537411
post,10821257,candidate,moskva_(azur_lane),Default,included_supporting_post,moskva_(azur_lane),https://danbooru.donmai.us/posts/10821257,https://x.com/azurlane_staff/status/2024809758738248006
post,10824721,candidate,hindenburg_(azur_lane),Dancer of the Deep Chamber,included_supporting_post,hindenburg_(dancer_of_the_deep_chamber)_(azur_lane),https://danbooru.donmai.us/posts/10824721,https://x.com/azurlane_en/status/2025027701237580101
post,10851999,candidate,fujinami_(azur_lane),Secret Fashion Show For You,included_supporting_post,fujinami_(secret_fashion_show_for_you)_(azur_lane),https://danbooru.donmai.us/posts/10851999,Game Asset
post,10857544,candidate,ozornoy_(azur_lane),Default,included_supporting_post,ozornoy_(azur_lane),https://danbooru.donmai.us/posts/10857544,Game Asset
post,10857549,candidate,ozornoy_(azur_lane),The White-Robed Wind Rider Ascends,included_supporting_post,ozornoy_(the_white-robed_wind_rider_ascends)_(azur_lane),https://danbooru.donmai.us/posts/10857549,Game Asset
post,10857556,candidate,bogatyr_(azur_lane),Default,included_supporting_post,bogatyr_(azur_lane),https://danbooru.donmai.us/posts/10857556,Game ASSet
post,10857560,candidate,bogatyr_(azur_lane),Emotional Data Maintenance,included_supporting_post,bogatyr_(emotional_data_maintenance)_(azur_lane),https://danbooru.donmai.us/posts/10857560,Game Asset
post,10857603,candidate,gangut_(azur_lane),META,excluded_no_qualifying_form_evidence,,https://danbooru.donmai.us/posts/10857603,Game Asset
post,10857607,candidate,krasny_kavkaz_(azur_lane),Default,included_supporting_post,krasny_kavkaz_(azur_lane),https://danbooru.donmai.us/posts/10857607,Game Asset
post,10882446,candidate,krasny_kavkaz_(azur_lane),Playing Blind,included_supporting_post,krasny_kavkaz_(playing_blind)_(azur_lane),https://danbooru.donmai.us/posts/10882446,Game Asset
post,10882451,candidate,moskva_(azur_lane),Awaiting the Next Move,included_supporting_post,moskva_(awaiting_the_next_move)_(azur_lane),https://danbooru.donmai.us/posts/10882451,Game Asset
post,10882459,candidate,chiyoda_(azur_lane),Wine Amidst the Leaves,included_supporting_post,chiyoda_(wine_amidst_the_leaves)_(azur_lane),https://danbooru.donmai.us/posts/10882459,Game Asset
post,10882466,candidate,chitose_(azur_lane),Tea Amidst the Lotus,included_supporting_post,chitose_(tea_amidst_the_lotus)_(azur_lane),https://danbooru.donmai.us/posts/10882466,Game Asset
post,10882479,candidate,implacable_(azur_lane),Her Beauty Runneth Over,included_supporting_post,implacable_(her_beauty_runneth_over)_(azur_lane),https://danbooru.donmai.us/posts/10882479,Game Asset
post,10943138,candidate,regensburg_(azur_lane),META,excluded_no_qualifying_form_evidence,,https://danbooru.donmai.us/posts/10943138,Game Asset
post,10950222,candidate,tb_(azur_lane),Data Set: My Countless Selves,excluded_no_qualifying_form_evidence,,https://danbooru.donmai.us/posts/10950222,https://x.com/AzurLane_EN/status/2032486850657722450
post,10988496,candidate,unryuu_(azur_lane),Default,included_supporting_post,unryuu_(azur_lane),https://danbooru.donmai.us/posts/10988496,https://x.com/azurlane_staff/status/2034600775054496082
post,10990126,candidate,kizu_(azur_lane),Default,excluded_no_qualifying_form_evidence,,https://danbooru.donmai.us/posts/10990126,https://x.com/azurlane_staff/status/2034842368105386195
post,10991379,candidate,kizu_(azur_lane),Thunder Dragon caught in a Web,included_supporting_post,kizu_(thunder_dragon_caught_in_a_web)_(azur_lane),https://danbooru.donmai.us/posts/10991379,https://x.com/azurlane_staff/status/2034932962819527028
post,10991396,candidate,nayoro_(azur_lane),Default,included_supporting_post,nayoro_(azur_lane),https://danbooru.donmai.us/posts/10991396,https://x.com/azurlane_staff/status/2034902768214057042
post,10991474,candidate,nayoro_(azur_lane),Electric Affection,included_supporting_post,nayoro_(electric_affection)_(azur_lane),https://danbooru.donmai.us/posts/10991474,https://x.com/azurlane_staff/status/2034963166803722700
post,10997256,candidate,unryuu_(azur_lane),Mirage in the Night,included_supporting_post,unryuu_(mirage_in_the_night)_(azur_lane),https://danbooru.donmai.us/posts/10997256,https://x.com/azurlane_staff/status/2035295352710914317
post,11001954,candidate,choukai_(azur_lane),Steal Your Heart,included_supporting_post,choukai_(steal_your_heart)_(azur_lane),https://danbooru.donmai.us/posts/11001954,https://x.com/AzurLane_EN/status/2035536944944308366
post,11006842,candidate,gorizia_(azur_lane),The Spy Who Crushed On Me,included_supporting_post,gorizia_(the_spy_who_crushed_on_me)_(azur_lane),https://danbooru.donmai.us/posts/11006842,https://x.com/azurlane_staff/status/2035552042932928689
post,11007339,candidate,seydlitz_(azur_lane),Double the Danger,included_supporting_post,seydlitz_(double_the_danger)_(azur_lane),https://danbooru.donmai.us/posts/11007339,https://x.com/azurlane_staff/status/2035627540736585809
post,11035097,candidate,maya_(azur_lane),Hunter of the Heart,included_supporting_post,maya_(hunter_of_the_heart)_(azur_lane),https://danbooru.donmai.us/posts/11035097,https://azurlane.netojuu.com/images/c/ca/MayaSpecial_Exercise.png
post,11048099,candidate,universal_bulin_(azur_lane),Transform! Magical Girl ★ Bulin!,excluded_no_qualifying_form_evidence,,https://danbooru.donmai.us/posts/11048099,https://x.com/Ratto7R/status/2037820505584189724
post,11048723,candidate,l'indomptable_(azur_lane),The Covert Eavesdropper!,excluded_no_qualifying_form_evidence,,https://danbooru.donmai.us/posts/11048723,Game Asset
post,11065749,candidate,avrora_(azur_lane),Mellow Seaspray,included_supporting_post,avrora_(mellow_seaspray)_(azur_lane),https://danbooru.donmai.us/posts/11065749,https://x.com/AzurLane_EN/status/2038647443727024482
post,11071615,candidate,koeln_(azur_lane),META,excluded_no_qualifying_form_evidence,,https://danbooru.donmai.us/posts/11071615,Game Asset
post,11181272,candidate,argus_(azur_lane),Dignified Swimsuit Training,included_supporting_post,argus_(dignified_swimsuit_training)_(azur_lane),https://danbooru.donmai.us/posts/11181272,Game Asset
post,11181385,candidate,north_carolina_(azur_lane),Unique Sunshine,included_supporting_post,north_carolina_(unique_sunshine)_(azur_lane),https://danbooru.donmai.us/posts/11181385,Game Asset
post,11181403,candidate,ibuki_(azur_lane),Traces of Summery Love,included_supporting_post,ibuki_(traces_of_summery_love)_(azur_lane),https://danbooru.donmai.us/posts/11181403,Game Asset
post,11275181,candidate,z52_(azur_lane),Sprintender Sommer!,excluded_no_qualifying_form_evidence,,https://danbooru.donmai.us/posts/11275181,https://x.com/AzurLane_EN/status/2049881467002761267
post,11372535,candidate,elbe_(azur_lane),META,excluded_no_qualifying_form_evidence,,https://danbooru.donmai.us/posts/11372535,Game Asset
post,11383180,candidate,goetz_von_berlichingen_(azur_lane),Default,included_supporting_post,goetz_von_berlichingen_(azur_lane),https://danbooru.donmai.us/posts/11383180,https://x.com/azurlane_staff/status/2055251849125744688
post,11383397,candidate,u-2501_(azur_lane),Default,included_supporting_post,u-2501_(azur_lane),https://danbooru.donmai.us/posts/11383397,https://x.com/azurlane_staff/status/2055264432725643747
post,11389445,candidate,admiral_hipper_(azur_lane),Retrofit,included_supporting_post,admiral_hipper_(retrofit)_(azur_lane),https://danbooru.donmai.us/posts/11389445,https://x.com/azurlane_staff/status/2055558872471847115
post,11390911,candidate,goetz_von_berlichingen_(azur_lane),Rapture Beneath The Blood Moon,excluded_no_qualifying_form_evidence,,https://danbooru.donmai.us/posts/11390911,https://x.com/azurlane_staff/status/2055609707105022098
post,11390927,candidate,amagi_(azur_lane),The Mermaid of the Emerald Sea,excluded_no_qualifying_form_evidence,,https://danbooru.donmai.us/posts/11390927,https://x.com/azurlane_staff/status/2055611720274674116
post,11396004,candidate,u-2501_(azur_lane),Treasure Behind The Water Curtain,included_supporting_post,u-2501_(treasure_behind_the_water_curtain)_(azur_lane),https://danbooru.donmai.us/posts/11396004,https://x.com/azurlane_staff/status/2055891064272118128
post,11409830,candidate,roon_(azur_lane),Enticement in the Indigo Darkness,included_supporting_post,roon_(enticement_in_the_indigo_darkness)_(azur_lane),https://danbooru.donmai.us/posts/11409830,https://x.com/AzurLane_EN/status/2056525242638447052
post,11415562,candidate,z15_(azur_lane),Default,included_supporting_post,z15_(azur_lane),https://danbooru.donmai.us/posts/11415562,Game Asset
post,11415579,candidate,prinz_moritz_(azur_lane),The Genie's Game,included_supporting_post,prinz_moritz_(the_genie's_game)_(azur_lane),https://danbooru.donmai.us/posts/11415579,Game Asset
post,11415654,candidate,z15_(azur_lane),Dancing Diver,included_supporting_post,z15_(dancing_diver)_(azur_lane),https://danbooru.donmai.us/posts/11415654,Game Asset
post,11415666,candidate,prinz_moritz_(azur_lane),Default,included_supporting_post,prinz_moritz_(azur_lane),https://danbooru.donmai.us/posts/11415666,Game Asset
post,11415707,candidate,z14_(azur_lane),Default,included_supporting_post,z14_(azur_lane),https://danbooru.donmai.us/posts/11415707,Game Asset
post,11415714,candidate,z14_(azur_lane),Lost in the Summer Sun,included_supporting_post,z14_(lost_in_the_summer_sun)_(azur_lane),https://danbooru.donmai.us/posts/11415714,Game Asset
post,11415735,candidate,mogador_(azur_lane),Diving for Desire,included_supporting_post,mogador_(diving_for_desire)_(azur_lane),https://danbooru.donmai.us/posts/11415735,Game Asset
post,11422795,candidate,janus_(azur_lane),Shimmering Splashes Above the Clouds,included_supporting_post,janus_(shimmering_splashes_above_the_clouds)_(azur_lane),https://danbooru.donmai.us/posts/11422795,https://x.com/azurlane_staff/status/2057310665359192505
post,11430059,candidate,emden_(azur_lane),Waterside Whispers at Dusk,excluded_no_qualifying_form_evidence,,https://danbooru.donmai.us/posts/11430059,https://x.com/azurlane_staff/status/2057718100368203988
post,11432687,candidate,august_von_parseval_(azur_lane),Night Rendezvous with the Unhulde,included_supporting_post,august_von_parseval_(night_rendezvous_with_the_unhulde)_(azur_lane),https://danbooru.donmai.us/posts/11432687,https://x.com/AzurLane_EN/status/2057854002940043324
post,11439811,candidate,saint-louis_(azur_lane),Holiness to Haziness,excluded_no_qualifying_form_evidence,,https://danbooru.donmai.us/posts/11439811,https://x.com/azurlane_en/status/2058216390838903262
post,11442905,candidate,yat_sen_(azur_lane),Pristine Waves Embrace the Wind,included_supporting_post,yat_sen_(pristine_waves_embrace_the_wind)_(azur_lane),https://danbooru.donmai.us/posts/11442905,https://x.com/azurlane_staff/status/2058397578526703930
post,11470862,candidate,miyuki_(azur_lane),Mochi Mishaps,included_supporting_post,miyuki_(mochi_mishaps)_(azur_lane),https://danbooru.donmai.us/posts/11470862,Game Asset
post,11470868,candidate,hwah_jah_(azur_lane),As Lustrous as Lacquer,included_supporting_post,hwah_jah_(as_lustrous_as_lacquer)_(azur_lane),https://danbooru.donmai.us/posts/11470868,Game Asset
post,11474141,candidate,hood_(azur_lane),Elegance Meant for One,included_supporting_post,hood_(elegance_meant_for_one)_(azur_lane),https://danbooru.donmai.us/posts/11474141,https://x.com/AzurLane_EN/status/2060028323388866576
post,11497267,candidate,hatsuzuki_(azur_lane),Red Bridge of Fate,included_supporting_post,hatsuzuki_(red_bridge_of_fate)_(azur_lane),https://danbooru.donmai.us/posts/11497267,https://x.com/AzurLane_EN/status/2061296680977211768
post,11518727,candidate,evertsen_(azur_lane),Guardian Fae of the Mangroves,included_supporting_post,evertsen_(guardian_fae_of_the_mangroves)_(azur_lane),https://danbooru.donmai.us/posts/11518727,https://x.com/AzurLane_EN/status/2062006363094479254
post,11522312,candidate,sirius_(azur_lane),Alba Sirius,included_supporting_post,sirius_(alba_sirius)_(azur_lane),https://danbooru.donmai.us/posts/11522312,Game Asset
post,11522316,candidate,chen_hai_(azur_lane),A Night of Passion,included_supporting_post,chen_hai_(a_night_of_passion)_(azur_lane),https://danbooru.donmai.us/posts/11522316,Game Asset
post,11620457,candidate,cherbourg_(azur_lane),Default,included_supporting_post,cherbourg_(azur_lane),https://danbooru.donmai.us/posts/11620457,https://x.com/azurlane_staff/status/2067819158230700100
post,11622186,candidate,raffaello_(azur_lane),Magical Combo Masterpiece,excluded_no_qualifying_form_evidence,,https://danbooru.donmai.us/posts/11622186,https://x.com/azurlane_staff/status/2067910267552604666
post,11622748,candidate,l'intrepide_(azur_lane),Default,included_supporting_post,l'intrepide_(azur_lane),https://danbooru.donmai.us/posts/11622748,https://x.com/azurlane_staff/status/2067880064344293396
post,11627118,candidate,l'intrepide_(azur_lane),Blazing Dash!,excluded_no_qualifying_form_evidence,,https://danbooru.donmai.us/posts/11627118,https://x.com/azurlane_staff/status/2068197148831977635
post,11627159,candidate,arromanches_(azur_lane),Default,included_supporting_post,arromanches_(azur_lane),https://danbooru.donmai.us/posts/11627159,https://x.com/azurlane_staff/status/2068166961746329802
post,11627828,candidate,marco_polo_(azur_lane),Ambitious Showcase,included_supporting_post,marco_polo_(ambitious_showcase)_(azur_lane),https://danbooru.donmai.us/posts/11627828,https://x.com/azurlane_staff/status/2068242448690671780
post,11629163,candidate,cherbourg_(azur_lane),What's Inside The Bear,included_supporting_post,cherbourg_(what's_inside_the_bear)_(azur_lane),https://danbooru.donmai.us/posts/11629163,https://x.com/azurlane_staff/status/2068272647562232146
post,11632913,candidate,leonardo_da_vinci_(azur_lane),Swinging Inventor Girl,included_supporting_post,leonardo_da_vinci_(swinging_inventor_girl)_(azur_lane),https://danbooru.donmai.us/posts/11632913,https://x.com/AzurLane_EN/status/2068499141462773946
post,11634788,candidate,prinz_adalbert_(azur_lane),The Black-and-White Magician,included_supporting_post,prinz_adalbert_(the_black-and-white_magician)_(azur_lane),https://danbooru.donmai.us/posts/11634788,https://x.com/azurlane_staff/status/2068604835184738639
post,11634829,candidate,arromanches_(azur_lane),Acrobatic Archery,included_supporting_post,arromanches_(acrobatic_archery)_(azur_lane),https://danbooru.donmai.us/posts/11634829,https://x.com/azurlane_staff/status/2068529351084192247
post,11708854,candidate,valparaiso_(azur_lane),Profile,excluded_no_qualifying_form_evidence,,https://danbooru.donmai.us/posts/11708854,https://x.com/azurlane_staff/status/2072590598402433168
post,11715062,candidate,max_immelmann_(azur_lane),Profile,excluded_no_qualifying_form_evidence,,https://danbooru.donmai.us/posts/11715062,https://x.com/azurlane_staff/status/2072953499126546620
post,11756439,candidate,orage_(azur_lane),Profile,included_supporting_post,orage_(azur_lane),https://danbooru.donmai.us/posts/11756439,Game Asset
post,11818639,candidate,plymouth_(azur_lane),An Angelic Physical,included_supporting_post,plymouth_(an_angelic_physical)_(azur_lane),https://danbooru.donmai.us/posts/11818639,https://x.com/AzurLane_EN/status/2078646007295000969
post,11825998,candidate,ganj-i-sawai_(azur_lane),My Innermost Self,included_supporting_post,ganj-i-sawai_(my_innermost_self)_(azur_lane),https://danbooru.donmai.us/posts/11825998,https://x.com/AzurLane_EN/status/2079008389666091451
post,11845111,candidate,superb_(azur_lane),Profile,included_supporting_post,superb_(azur_lane),https://danbooru.donmai.us/posts/11845111,Game Asset
post,11845117,candidate,surrey_(azur_lane),Default,included_supporting_post,surrey_(azur_lane),https://danbooru.donmai.us/posts/11845117,Game Asset
post,11845124,candidate,griffin_(azur_lane),Profile,included_supporting_post,griffin_(azur_lane),https://danbooru.donmai.us/posts/11845124,Game Asset
post,11845135,candidate,superb_(azur_lane),Superb Dentistry,included_supporting_post,superb_(superb_dentistry)_(azur_lane),https://danbooru.donmai.us/posts/11845135,Game Asset
post,11845138,candidate,surrey_(azur_lane),Feverish and Disheveled,included_supporting_post,surrey_(feverish_and_disheveled)_(azur_lane),https://danbooru.donmai.us/posts/11845138,Game Asset
post,11845140,candidate,griffin_(azur_lane),Tensest Relaxation Therapy,included_supporting_post,griffin_(tensest_relaxation_therapy)_(azur_lane),https://danbooru.donmai.us/posts/11845140,Game Asset
post,11845141,candidate,z11_(azur_lane),"Cheer Up, Ms. Nurse!",excluded_no_qualifying_form_evidence,,https://danbooru.donmai.us/posts/11845141,Game Asset
post,11887710,candidate,quincy_(azur_lane),Extracurricular Tutoring,included_supporting_post,quincy_(extracurricular_tutoring)_(azur_lane),https://danbooru.donmai.us/posts/11887710,Game Asset
post,11887715,candidate,nuernberg_(azur_lane),META,excluded_no_qualifying_form_evidence,,https://danbooru.donmai.us/posts/11887715,Game Asset
post,11955338,candidate,bennington_(azur_lane),Default,included_supporting_post,bennington_(azur_lane),https://danbooru.donmai.us/posts/11955338,https://x.com/azurlane_staff/status/2086286343613850027
post,11956612,candidate,fritz_rumey_(azur_lane),Verabredung in the Night Breeze,included_supporting_post,fritz_rumey_(verabredung_in_the_night_breeze)_(azur_lane),https://danbooru.donmai.us/posts/11956612,https://x.com/azurlane_staff/status/2086369390442737854
post,11957000,candidate,musashi_(azur_lane),Cheering For You Alone,included_supporting_post,musashi_(cheering_for_you_alone)_(azur_lane),https://danbooru.donmai.us/posts/11957000,https://x.com/azurlane_staff/status/2086392046554583506
post,11962202,candidate,essex_(azur_lane),Telepathy Training,included_supporting_post,essex_(telepathy_training)_(azur_lane),https://danbooru.donmai.us/posts/11962202,https://x.com/azurlane_staff/status/2086416702250815573
post,11963696,candidate,bennington_(azur_lane),Sunshine Chaser,included_supporting_post,bennington_(sunshine_chaser)_(azur_lane),https://danbooru.donmai.us/posts/11963696,https://x.com/azurlane_staff/status/2086709129742028826
post,11983413,candidate,vicksburg_(azur_lane),Default,included_supporting_post,vicksburg_(azur_lane),https://danbooru.donmai.us/posts/11983413,file://weikesibao_group.png
post,11983421,candidate,collett_(azur_lane),Default,included_supporting_post,collett_(azur_lane),https://danbooru.donmai.us/posts/11983421,file://kelaite_group.png
post,11983430,candidate,john_rodgers_(azur_lane),Default,included_supporting_post,john_rodgers_(azur_lane),https://danbooru.donmai.us/posts/11983430,file://yuehanluojiesi_group.png
post,11983433,candidate,harrison_(azur_lane),Default,included_supporting_post,harrison_(azur_lane),https://danbooru.donmai.us/posts/11983433,file://halisen_group.png
post,11983441,candidate,belfast_(azur_lane),Retrofit,included_supporting_post,belfast_(retrofit)_(azur_lane),https://danbooru.donmai.us/posts/11983441,file://beierfasite_g_group.png
post,11983456,candidate,soobrazitelny_(azur_lane),META,excluded_no_qualifying_form_evidence,,https://danbooru.donmai.us/posts/11983456,file://npclingmin_alter_group.png
post,11983469,candidate,saratoga_(azur_lane),META,excluded_no_qualifying_form_evidence,,https://danbooru.donmai.us/posts/11983469,file://npcsalatuojia_alter_group.png
post,11983498,candidate,vicksburg_(azur_lane),Dazzling Diva of the Raceway,included_supporting_post,vicksburg_(dazzling_diva_of_the_raceway)_(azur_lane),https://danbooru.donmai.us/posts/11983498,file://weikesibao_2_group.png
post,11983503,candidate,john_rodgers_(azur_lane),Grid Girls Interval,excluded_no_qualifying_form_evidence,,https://danbooru.donmai.us/posts/11983503,file://yuehanluojiesi_2_group.png
post,11983510,candidate,collett_(azur_lane),Full-auto Maintenance,included_supporting_post,collett_(full-auto_maintenance)_(azur_lane),https://danbooru.donmai.us/posts/11983510,file://kelaite_2_group.png
post,11983515,candidate,indomitable_(azur_lane),The Laid-Back Navigator,included_supporting_post,indomitable_(the_laid-back_navigator)_(azur_lane),https://danbooru.donmai.us/posts/11983515,file://bunao_3_group.png
post,11983529,candidate,harrison_(azur_lane),Accidental Pursuit Race,excluded_no_qualifying_form_evidence,,https://danbooru.donmai.us/posts/11983529,file://halisen_2_group.png
post,11983922,candidate,kearsarge_(azur_lane),Code: Oath,excluded_no_qualifying_form_evidence,,https://danbooru.donmai.us/posts/11983922,file://qiershazhi_h_group.png
post,12031345,candidate,implacable_(azur_lane),Her appearance in [[Azur Lane: Slow Ahead]],excluded_no_qualifying_form_evidence,,https://danbooru.donmai.us/posts/12031345,https://2nd.azurlane-bisoku.jp/character
post,12050690,candidate,amatsukaze_(azur_lane),Default,included_supporting_post,amatsukaze_(azur_lane),https://danbooru.donmai.us/posts/12050690,https://x.com/azurlane_staff/status/2090378307485258017
post,12050711,candidate,amatsukaze_(azur_lane),The Fox Spirit Descends On Heavenly Winds,excluded_no_qualifying_form_evidence,,https://danbooru.donmai.us/posts/12050711,https://x.com/AzurLane_EN/status/2091193682623856690
post,12125800,candidate,emile_bertin_(azur_lane),Éclat Magique,included_supporting_post,emile_bertin_(eclat_magique)_(azur_lane),https://danbooru.donmai.us/posts/12125800,file://aimierbeierdiang_5_group.png
post,12144685,candidate,victorious_(azur_lane),META,excluded_no_qualifying_form_evidence,,https://danbooru.donmai.us/posts/12144685,https://x.com/azurlane_staff/status/2096780491856785644
post,12144696,candidate,friedrich_carl_(azur_lane),The Midnight Channel,included_supporting_post,friedrich_carl_(the_midnight_channel)_(azur_lane),https://danbooru.donmai.us/posts/12144696,https://x.com/azurlane_staff/status/2096546451757396085
post,12148847,candidate,hardy_(azur_lane),Retrofit,included_supporting_post,hardy_(retrofit)_(azur_lane),https://danbooru.donmai.us/posts/12148847,https://x.com/AzurLane_EN/status/2096961692165185926
post,12151858,candidate,azuchi_(azur_lane),Default,included_supporting_post,azuchi_(azur_lane),https://danbooru.donmai.us/posts/12151858,file://antu_group.png
post,12151863,candidate,tiger_(azur_lane),Default,included_supporting_post,tiger_(azur_lane),https://danbooru.donmai.us/posts/12151863,file://hu_group.png
post,12151866,candidate,i-14_(azur_lane),Default,included_supporting_post,i-14_(azur_lane),https://danbooru.donmai.us/posts/12151866,file://i14_group.png
post,12151873,candidate,hasty_(azur_lane),Default,included_supporting_post,hasty_(azur_lane),https://danbooru.donmai.us/posts/12151873,file://congmang_group.png
post,12151877,candidate,hostile_(azur_lane),Default,included_supporting_post,hostile_(azur_lane),https://danbooru.donmai.us/posts/12151877,file://didui_group.png
post,12151890,candidate,azuchi_(azur_lane),Testing Courage in Crimson,included_supporting_post,azuchi_(testing_courage_in_crimson)_(azur_lane),https://danbooru.donmai.us/posts/12151890,file://antu_3_group.png
post,12151896,candidate,tiger_(azur_lane),Maiden of the Stars,included_supporting_post,tiger_(maiden_of_the_stars)_(azur_lane),https://danbooru.donmai.us/posts/12151896,file://hu_2_group.png
post,12151898,candidate,i-14_(azur_lane),Thousand-Faced Nothingness,included_supporting_post,i-14_(thousand-faced_nothingness)_(azur_lane),https://danbooru.donmai.us/posts/12151898,file://i14_2_group.png
post,12151901,candidate,hostile_(azur_lane),Coastal Vigil,included_supporting_post,hostile_(coastal_vigil)_(azur_lane),https://danbooru.donmai.us/posts/12151901,file://didui_2_group.png
post,12151903,candidate,hasty_(azur_lane),Sleepless Dollhouse,included_supporting_post,hasty_(sleepless_dollhouse)_(azur_lane),https://danbooru.donmai.us/posts/12151903,file://congmang_2_group.png
post,12151917,candidate,illustrious_(azur_lane),Wandering Glow of Midnight,included_supporting_post,illustrious_(wandering_glow_of_midnight)_(azur_lane),https://danbooru.donmai.us/posts/12151917,file://guanghui_9_group.png
post,12151923,candidate,lion_(azur_lane),Alleyway Temptress,included_supporting_post,lion_(alleyway_temptress)_(azur_lane),https://danbooru.donmai.us/posts/12151923,file://shi_3_group.png
post,12173975,candidate,hakuhou_(azur_lane),Sunshower Fox Bride,included_supporting_post,hakuhou_(sunshower_fox_bride)_(azur_lane),https://danbooru.donmai.us/posts/12173975,https://x.com/azurlane_staff/status/2097928058804285646
post,12179088,candidate,cheshire_(azur_lane),Cheshire Cat's Fairytale Maze,included_supporting_post,cheshire_(cheshire_cat's_fairytale_maze)_(azur_lane),https://danbooru.donmai.us/posts/12179088,https://x.com/AzurLane_EN/status/2098773632642068600
post,12179180,candidate,shoukaku_(azur_lane),The Crane's Gratitude,included_supporting_post,shoukaku_(the_crane's_gratitude)_(azur_lane),https://danbooru.donmai.us/posts/12179180,https://x.com/AzurLane_EN/status/2098803827562483818
post,12183534,candidate,golden_hind_(azur_lane),The Pale Phantom's Smile,included_supporting_post,golden_hind_(the_pale_phantom's_smile)_(azur_lane),https://danbooru.donmai.us/posts/12183534,https://x.com/AzurLane_EN/status/2098894425946513915
post,12183562,candidate,yorck_(azur_lane),Phantasmagoric Night Dancer,included_supporting_post,yorck_(phantasmagoric_night_dancer)_(azur_lane),https://danbooru.donmai.us/posts/12183562,https://x.com/AzurLane_EN/status/2098849124682760222
post,12186544,candidate,javelin_(azur_lane),PINKLOVE★Heart Lancer,excluded_no_qualifying_form_evidence,,https://danbooru.donmai.us/posts/12186544,https://x.com/AzurLane_EN/status/2099166212743991580
post,12187486,candidate,miller_(azur_lane),"Miller the GOAT, Guardian of the Bridge",included_supporting_post,miller_(miller_the_goat_guardian_of_the_bridge)_(azur_lane),https://danbooru.donmai.us/posts/12187486,https://x.com/AzurLane_EN/status/2099196414471631125
post,12187487,candidate,eldridge_(azur_lane),Electrifying Moon-Viewing,included_supporting_post,eldridge_(electrifying_moon-viewing)_(azur_lane),https://danbooru.donmai.us/posts/12187487,https://x.com/AzurLane_EN/status/2099226613758198027
post,12240492,candidate,shinano_(azur_lane),Vow of Blossoms and Dreams,included_supporting_post,shinano_(vow_of_blossoms_and_dreams)_(azur_lane),https://danbooru.donmai.us/posts/12240492,https://x.com/azurlane_en/status/2102397511956832274
post,12241291,candidate,owari_(azur_lane),"Now, My Heart Overflows With Emotion",included_supporting_post,owari_(now_my_heart_overflows_with_emotion)_(azur_lane),https://danbooru.donmai.us/posts/12241291,https://x.com/azurlane_en/status/2102427706214466017
post,12243610,candidate,scylla_(azur_lane),Pure Promise Amidst a Sea of Flowers,included_supporting_post,scylla_(pure_promise_amidst_a_sea_of_flowers)_(azur_lane),https://danbooru.donmai.us/posts/12243610,https://x.com/azurlane_en/status/2102548501788012547
