character,copyright,trigger,core_tags,url
abercrombie_(azur_lane),azur_lane,"abercrombie (azur lane), azur lane","1girl, blonde hair, blue eyes, collared dress, short dress, cropped jacket, open jacket, black shoes, black thighhighs, long hair",https://danbooru.donmai.us/posts/3119040
abercrombie_(hot_on_your_trail)_(azur_lane),azur_lane,"abercrombie (hot on your trail) (azur lane), azur lane","1girl, blonde hair, blue eyes, police uniform, white one-piece swimsuit, blue jacket, cropped jacket, black gloves, blue boots, long hair",https://danbooru.donmai.us/posts/7264557
abercrombie_(mischief_on_the_rocks)_(azur_lane),azur_lane,"abercrombie (mischief on the rocks) (azur lane), azur lane","1girl, blonde hair, blue eyes, rabbit ears, black leotard, strapless leotard, red jacket, black bowtie, black pantyhose, long hair",https://danbooru.donmai.us/posts/4700070
abukuma_(azur_lane),azur_lane,"abukuma (azur lane), azur lane","1girl, black hair, blue hair, orange eyes, horns, pointy ears, school uniform, black skirt, pleated skirt, sleeveless shirt, white shirt, sailor collar",https://danbooru.donmai.us/posts/2961604
abukuma_(retrofit)_(azur_lane),azur_lane,"abukuma (retrofit) (azur lane), azur lane","1girl, black hair, blue hair, pink eyes, horns, pointy ears, grey shorts, short shorts, black thighhighs, fingerless gloves, long hair",https://danbooru.donmai.us/posts/2961608
acasta_(azur_lane),azur_lane,"acasta (azur lane), azur lane","1girl, black hair, blue eyes, rigging, open jacket, pleated skirt, white jacket, white hat, white thighhighs, short hair",https://danbooru.donmai.us/posts/2952669
acasta_(fashionable_outing)_(azur_lane),azur_lane,"acasta (fashionable outing) (azur lane), azur lane","1girl, black hair, blue eyes, school uniform, black skirt, blue coat, collared shirt, dress shirt, open coat, short hair",https://danbooru.donmai.us/posts/3133164
acasta_(lights_of_the_lantern_festival)_(azur_lane),azur_lane,"acasta (lights of the lantern festival) (azur lane), azur lane","1girl, black hair, blue eyes, shirt, skirt, white thighhighs, short hair",https://danbooru.donmai.us/posts/3800587
acasta_(monochromatic_marvel)_(azur_lane),azur_lane,"acasta (monochromatic marvel) (azur lane), azur lane","1girl, blue eyes, rabbit ears, tail, black shoes, pantyhose, medium hair",https://danbooru.donmai.us/posts/4547967
acasta_(retrofit)_(azur_lane),azur_lane,"acasta (retrofit) (azur lane), azur lane","1girl, black hair, blue eyes, rigging, blue skirt, dress shirt, frilled shirt, high-waist skirt, black shoes, white hat, short hair",https://danbooru.donmai.us/posts/3133165
achilles_(azur_lane),azur_lane,"achilles (azur lane), azur lane","1girl, blonde hair, pink eyes, rigging, cropped jacket, high-waist skirt, open jacket, plaid skirt, white shirt, black socks, ponytail, long hair",https://danbooru.donmai.us/posts/2967426
achilles_(retrofit)_(azur_lane),azur_lane,"achilles (retrofit) (azur lane), azur lane","1girl, blonde hair, pink eyes, rigging, high-waist skirt, pleated skirt, black shoes, white thighhighs, ponytail, short hair",https://danbooru.donmai.us/posts/2992231
admiral_graf_spee_(a_novel_anniversary)_(azur_lane),azur_lane,"admiral graf spee (a novel anniversary) (azur lane), azur lane","1girl, red hair, white hair, blue eyes, black dress, short hair",https://danbooru.donmai.us/posts/3522797
admiral_graf_spee_(azur_lane),azur_lane,"admiral graf spee (azur lane), azur lane","1girl, grey hair, red hair, blue eyes, rigging, tail, black dress, frilled dress, black boots, red scarf, torn scarf, long hair",https://danbooru.donmai.us/posts/2992227
admiral_graf_spee_(girl's_sunday)_(azur_lane),azur_lane,"admiral graf spee (girl's sunday) (azur lane), azur lane","1girl, grey hair, red hair, blue eyes, rigging, tail, black dress, collared dress, black pantyhose, black shoes, red necktie, short hair",https://danbooru.donmai.us/posts/3086316
admiral_graf_spee_(peaceful_daily_life)_(azur_lane),azur_lane,"admiral graf spee (peaceful daily life) (azur lane), azur lane","1girl, grey hair, red hair, blue eyes, tail, aran sweater, black skirt, brown sweater, pleated skirt, black boots, black choker",https://danbooru.donmai.us/posts/3347966
admiral_graf_spee_(world's_cutest)_(azur_lane),azur_lane,"admiral graf spee (world's cutest) (azur lane), azur lane","1girl, grey hair, red hair, blue eyes, black bikini, swimsuit, black shorts, red skirt, short shorts, shorts under skirt, short hair",https://danbooru.donmai.us/posts/3672289
admiral_hipper_(azur_lane),azur_lane,"admiral hipper (azur lane), azur lane","1girl, blonde hair, green eyes, rigging, military uniform, black thighhighs, grey hat, choker, gloves, long hair",https://danbooru.donmai.us/posts/2929404
admiral_hipper_(retrofit)_(azur_lane),azur_lane,"admiral hipper (retrofit) (azur lane), azur lane","1girl, blonde hair, green eyes, rigging, black dress, red skirt, black boots, black cape, black gloves, black hat, long hair",https://danbooru.donmai.us/posts/11389445
admiral_hipper_(sunshine_by_the_hot_spring)_(azur_lane),azur_lane,"admiral hipper (sunshine by the hot spring) (azur lane), azur lane","1girl, blonde hair, green eyes, kimono, white socks, long hair",https://danbooru.donmai.us/posts/5317745
admiral_nakhimov_(a_fresh_green_day)_(azur_lane),azur_lane,"admiral nakhimov (a fresh green day) (azur lane), azur lane","1girl, green hair, orange eyes, brown shirt, green jacket, hooded jacket, open coat, white pants, animal hat, short hair",https://danbooru.donmai.us/posts/9424238
admiral_nakhimov_(azur_lane),azur_lane,"admiral nakhimov (azur lane), azur lane","1girl, green hair, yellow eyes, cat ears, mechanical tail, backless bodysuit, white bodysuit, short hair",https://danbooru.donmai.us/posts/7846649
admiral_nakhimov_(first_time_in_the_limelight)_(azur_lane),azur_lane,"admiral nakhimov (first time in the limelight) (azur lane), azur lane","1girl, green hair, yellow eyes, cat ears, black slingshot swimsuit, short hair",https://danbooru.donmai.us/posts/8619845
admiral_zenker_(azur_lane),azur_lane,"admiral zenker (azur lane), azur lane","1girl, white hair, pink eyes, horns, rigging, black dress, black thighhighs, lace-trimmed thighhighs, long hair",https://danbooru.donmai.us/posts/9509406
adventure_(azur_lane),azur_lane,"adventure (azur lane), azur lane","1girl, purple hair, white hair, purple eyes, red dress, black hat, black shoes, pirate hat, red thighhighs, long hair",https://danbooru.donmai.us/posts/10143299
adventure_(master_of_the_safe_house)_(azur_lane),azur_lane,"adventure (master of the safe house) (azur lane), azur lane","1girl, blue hair, purple hair, long hair",https://danbooru.donmai.us/posts/10148960
adventure_galley_(azur_lane),azur_lane,"adventure galley (azur lane), azur lane","1girl, purple hair, red eyes, rigging, sleeveless dress, torn dress, twintails, very long hair",https://danbooru.donmai.us/posts/6815474
adventure_galley_(carnival_under_the_blood_moon)_(azur_lane),azur_lane,"adventure galley (carnival under the blood moon) (azur lane), azur lane","1girl, purple hair, red eyes, torn dress, white dress, black gloves, twintails, very long hair",https://danbooru.donmai.us/posts/6814009
agano_(azur_lane),azur_lane,"agano (azur lane), azur lane","1girl, black hair, red eyes, rigging, hakama short skirt, hakama skirt, black pantyhose, very long hair",https://danbooru.donmai.us/posts/3060306
agano_(blue_butterfly's_confession)_(azur_lane),azur_lane,"agano (blue butterfly's confession) (azur lane), azur lane","1girl, brown hair, red eyes, backless dress, blue dress, blue shoes, ponytail, very long hair",https://danbooru.donmai.us/posts/3975209
agano_(christmas_eve_tease)_(azur_lane),azur_lane,"agano (christmas eve tease) (azur lane), azur lane","1girl, black hair, brown hair, red eyes, frilled dress, red dress, black boots, high heel boots, thighhighs, very long hair",https://danbooru.donmai.us/posts/3779157
ajax_(azur_lane),azur_lane,"ajax (azur lane), azur lane","1girl, purple hair, pink eyes, rigging, high-waist skirt, red skirt, black pantyhose, brown shoes, white hat, capelet, long hair",https://danbooru.donmai.us/posts/2943420
ajax_(party_queen)_(azur_lane),azur_lane,"ajax (party queen) (azur lane), azur lane","1girl, purple hair, purple eyes, black dress, strapless dress, black hat, black shoes, brown pantyhose, mini hat, very long hair",https://danbooru.donmai.us/posts/3256646
ajax_(retrofit)_(azur_lane),azur_lane,"ajax (retrofit) (azur lane), azur lane","1girl, purple hair, pink eyes, rigging, argyle skirt, high-waist skirt, white shirt, black pantyhose, brown shoes, thighband pantyhose, long hair",https://danbooru.donmai.us/posts/2943422
akagi-chan_(azur_lane),azur_lane,"akagi-chan (azur lane), azur lane","1girl, brown hair, red eyes, fox ears, fox tail, pleated skirt, red skirt, black thighhighs, twintails",https://danbooru.donmai.us/posts/3488805
akagi_(azur_lane),azur_lane,"akagi (azur lane), azur lane","1girl, black hair, red eyes, fox ears, fox tail, pleated skirt, red skirt, fingerless gloves, long hair",https://danbooru.donmai.us/posts/8072869
akagi_(deep_crimson_poppy)_(azur_lane),azur_lane,"akagi (deep crimson poppy) (azur lane), azur lane","1girl, black hair, red eyes, fox ears, fox tail, kimono, long hair",https://danbooru.donmai.us/posts/2895361
akagi_(paradise_amaryllis)_(azur_lane),azur_lane,"akagi (paradise amaryllis) (azur lane), azur lane","1girl, black hair, red eyes, fox ears, fox tail, bikini, swimsuit, ponytail",https://danbooru.donmai.us/posts/2895362
akagi_(plum_and_snow)_(azur_lane),azur_lane,"akagi (plum and snow) (azur lane), azur lane","1girl, black hair, red eyes, fox ears, fox tail, black kimono, red choker",https://danbooru.donmai.us/posts/2967767
akagi_(precipice_of_sweetness)_(azur_lane),azur_lane,"akagi (precipice of sweetness) (azur lane), azur lane","1girl, brown hair, red eyes, animal ears, tail, pink kimono, black gloves, long hair",https://danbooru.donmai.us/posts/6259105
akagi_(ruby-laced_beauty)_(azur_lane),azur_lane,"akagi (ruby-laced beauty) (azur lane), azur lane","1girl, brown hair, red eyes, fox ears, fox tail, halter dress, red dress, black choker, black shoes, very long hair",https://danbooru.donmai.us/posts/4117735
akashi_(azur_lane),azur_lane,"akashi (azur lane), azur lane","1girl, green hair, yellow eyes, rigging, white dress, ribbon choker, braid, very long hair",https://danbooru.donmai.us/posts/2895377
akashi_(white_cat's_repayment)_(azur_lane),azur_lane,"akashi (white cat's repayment) (azur lane), azur lane","1girl, green hair, yellow eyes, cat ears, wedding dress, white dress, pleated skirt, red skirt, white thighhighs, very long hair",https://danbooru.donmai.us/posts/4128664
akatsuki_(akatsuki_goes_north)_(azur_lane),azur_lane,"akatsuki (akatsuki goes north) (azur lane), azur lane","1girl, black hair, red eyes, black skirt, coat, black pantyhose, red scarf, ponytail, long hair",https://danbooru.donmai.us/posts/3272610
akatsuki_(azur_lane),azur_lane,"akatsuki (azur lane), azur lane","1girl, black hair, orange eyes, horns, rigging, black leotard, cropped shirt, sleeveless shirt, black gloves, black scarf, elbow gloves, ponytail",https://danbooru.donmai.us/posts/2926970
akatsuki_(motoninja_akatsuki)_(azur_lane),azur_lane,"akatsuki (motoninja akatsuki) (azur lane), azur lane","1girl, black hair, red eyes, black jacket, black pants, open jacket, white shirt, black gloves, boots, ponytail, very long hair",https://danbooru.donmai.us/posts/3639444
alabama_(azur_lane),azur_lane,"alabama (azur lane), azur lane","1girl, white hair, red eyes, rigging, bikini, swimsuit, black shorts, long coat, open coat, short shorts, twintails, long hair",https://danbooru.donmai.us/posts/3582854
alabama_(through_your_lens_my_everything)_(azur_lane),azur_lane,"alabama (through your lens my everything) (azur lane), azur lane","1girl, white hair, red eyes, white bikini, swimsuit, dress shoes, white pantyhose, long hair",https://danbooru.donmai.us/posts/10626655
alabama_(untarnished_silver_silken_gold)_(azur_lane),azur_lane,"alabama (untarnished silver silken gold) (azur lane), azur lane","1girl, white hair, red eyes, rabbit ears, tail, dress, thighhighs, long hair",https://danbooru.donmai.us/posts/5994870
albacore_(azur_lane),azur_lane,"albacore (azur lane), azur lane","1girl, blonde hair, aqua eyes, black bikini, loose bikini, swimsuit, long hair",https://danbooru.donmai.us/posts/3255467
albacore_(beneath_the_black_dress)_(azur_lane),azur_lane,"albacore (beneath the black dress) (azur lane), azur lane","1girl, blonde hair, green eyes, black dress, frilled dress, black gloves, black shoes, black thighhighs, very long hair",https://danbooru.donmai.us/posts/3975271
alberto_di_giussano_(a_magnificent_mistake)_(azur_lane),azur_lane,"alberto di giussano (a magnificent mistake) (azur lane), azur lane","1girl, blonde hair, blue eyes, white thighhighs, very long hair",https://danbooru.donmai.us/posts/10621921
alberto_di_giussano_(azur_lane),azur_lane,"alberto di giussano (azur lane), azur lane","1girl, blonde hair, blue eyes, rigging, white dress, leotard, circle skirt, white pantyhose, long hair",https://danbooru.donmai.us/posts/10654826
albion_(a_fairy-tale_breakfast)_(azur_lane),azur_lane,"albion (a fairy-tale breakfast) (azur lane), azur lane","1girl, grey hair, white hair, blue eyes, pointy ears, collared shirt, open shirt, lace-trimmed thighhighs, white thighhighs, very long hair",https://danbooru.donmai.us/posts/9203411
albion_(azur_lane),azur_lane,"albion (azur lane), azur lane","1girl, blue hair, blue eyes, pointy ears, wings, skirt, long hair",https://danbooru.donmai.us/posts/5804049
albion_(scent_of_spring_in_the_red_pavilion)_(azur_lane),azur_lane,"albion (scent of spring in the red pavilion) (azur lane), azur lane","1girl, blue hair, blue eyes, pointy ears, white dress, thighhighs, long hair",https://danbooru.donmai.us/posts/7186891
albion_(silvermoon_faerie_princess)_(azur_lane),azur_lane,"albion (silvermoon faerie princess) (azur lane), azur lane","1girl, blue hair, blue eyes, horns, pointy ears, black dress, long dress, elbow gloves, long hair",https://danbooru.donmai.us/posts/5804045
alfredo_oriani_(azur_lane),azur_lane,"alfredo oriani (azur lane), azur lane","1girl, rigging, white boots, white thighhighs",https://danbooru.donmai.us/posts/5674577
alfredo_oriani_(vivacious_vivace)_(azur_lane),azur_lane,"alfredo oriani (vivacious vivace) (azur lane), azur lane","1girl, brown hair, dress, black shoes, white socks, headdress, long hair",https://danbooru.donmai.us/posts/5674584
algerie_(azur_lane),azur_lane,"algerie (azur lane), azur lane","1girl, grey hair, purple eyes, rigging, black armor, pleated skirt, black thighhighs, long hair",https://danbooru.donmai.us/posts/3916963
algerie_(red_queen's_decree)_(azur_lane),azur_lane,"algerie (red queen's decree) (azur lane), azur lane","1girl, grey hair, purple eyes, crown, black leotard, red boots, cape, thighhighs, drill hair, long hair",https://danbooru.donmai.us/posts/5507414
algerie_(white_sand_paradise)_(azur_lane),azur_lane,"algerie (white sand paradise) (azur lane), azur lane","1girl, white hair, purple eyes, black bikini, frilled bikini, swimsuit, straw hat, very long hair",https://danbooru.donmai.us/posts/3919058
alsace_(azur_lane),azur_lane,"alsace (azur lane), azur lane","1girl, blue hair, halo, rigging, armor, armored boots, black boots, black gloves, black thighhighs, elbow gloves, very long hair",https://danbooru.donmai.us/posts/7684739
alsace_(heat_beating_summer_sacrament)_(azur_lane),azur_lane,"alsace (heat beating summer sacrament) (azur lane), azur lane","1girl, grey hair, blue eyes, black hairband, long hair",https://danbooru.donmai.us/posts/7595780
alsace_(tipsy_oni_on_a_sacred_night)_(azur_lane),azur_lane,"alsace (tipsy oni on a sacred night) (azur lane), azur lane","1girl, blue hair, horns, black thighhighs, very long hair",https://danbooru.donmai.us/posts/9951347
alvitr_(azur_lane),azur_lane,"alvitr (azur lane), azur lane","1girl, black hair, red eyes, horns, long hair",https://danbooru.donmai.us/posts/7842030
alvitr_(muspel's_torrid_secrets)_(azur_lane),azur_lane,"alvitr (muspel's torrid secrets) (azur lane), azur lane","1girl, black hair, red eyes, black skirt, pencil skirt, very long hair",https://danbooru.donmai.us/posts/7800977
amagi_(azur_lane),azur_lane,"amagi (azur lane), azur lane","1girl, brown hair, purple eyes, fox ears, fox tail, shoulder armor, skirt, thigh boots, gloves, pantyhose, long hair",https://danbooru.donmai.us/posts/8156844
amagi_(red_kite_respite)_(azur_lane),azur_lane,"amagi (red kite respite) (azur lane), azur lane","1girl, brown hair, fox ears, fox tail, black dress, very long hair",https://danbooru.donmai.us/posts/6359629
amagi_(wending_waters_serene_lotus)_(azur_lane),azur_lane,"amagi (wending waters serene lotus) (azur lane), azur lane","1girl, black hair, purple eyes, fox ears, fox tail, string bikini, white bikini, swimsuit, black choker, very long hair",https://danbooru.donmai.us/posts/4048696
amatsukaze_(azur_lane),azur_lane,"amatsukaze (azur lane), azur lane","1girl, aqua hair, purple hair, purple eyes, horns, rigging, yellow jacket, open-toe shoes, long hair",https://danbooru.donmai.us/posts/12050690
amatsukaze_(the_fox_spirit_descends_on_heavenly_winds)_(azur_lane),azur_lane,"amatsukaze (the fox spirit descends on heavenly winds) (azur lane), azur lane","1girl, aqua hair, school uniform, black shirt, black sailor collar, shoes",https://danbooru.donmai.us/posts/12075169
amazon_(azur_lane),azur_lane,"amazon (azur lane), azur lane","1girl, black jacket, black skirt, collared shirt, dress shirt, open jacket, pleated skirt, braid, twintails",https://danbooru.donmai.us/posts/2933429
amazon_(little_orchestra)_(azur_lane),azur_lane,"amazon (little orchestra) (azur lane), azur lane","1girl, blonde hair, blue eyes, white dress, white thighhighs, twintails, long hair",https://danbooru.donmai.us/posts/3256335
amazon_(retrofit)_(azur_lane),azur_lane,"amazon (retrofit) (azur lane), azur lane","1girl, blue eyes, rigging, black thighhighs, cape, hair bun, twintails",https://danbooru.donmai.us/posts/3764413
amity_(azur_lane),azur_lane,"amity (azur lane), azur lane","1girl, red hair, blue eyes, horns, black dress, black gloves, elbow gloves, long hair",https://danbooru.donmai.us/posts/8334138
amity_(friendly_franken)_(azur_lane),azur_lane,"amity (friendly franken) (azur lane), azur lane","1girl, red hair, blue eyes, black dress, frilled dress, black gloves, black shoes, hat, very long hair",https://danbooru.donmai.us/posts/8338465
an_shan_(azur_lane),azur_lane,"an shan (azur lane), azur lane","1girl, green hair, green eyes, horns, rigging, white dress, white shirt, black gloves, blue necktie, fingerless gloves, lace-up boots, braid",https://danbooru.donmai.us/posts/3017569
an_shan_(retrofit)_(azur_lane),azur_lane,"an shan (retrofit) (azur lane), azur lane","1girl, green hair, green eyes, horns, black boots, black gloves, fingerless gloves, ponytail, long hair",https://danbooru.donmai.us/posts/5088956
an_shan_(setting_sun_hearts_as_one)_(azur_lane),azur_lane,"an shan (setting sun hearts as one) (azur lane), azur lane","1girl, green hair, green eyes, white dress, blue jacket, blue hat, ponytail, very long hair",https://danbooru.donmai.us/posts/5133676
anchorage_(azur_lane),azur_lane,"anchorage (azur lane), azur lane","1girl, brown hair, purple eyes, rigging, micro shorts, fold-over boots, very long hair",https://danbooru.donmai.us/posts/4627924
anchorage_(dolphins_and_swim_lessons)_(azur_lane),azur_lane,"anchorage (dolphins and swim lessons) (azur lane), azur lane","1girl, brown hair, purple eyes, white bikini, swimsuit, see-through jacket, white jacket, white thighhighs, twintails, very long hair",https://danbooru.donmai.us/posts/6338776
anchorage_(moonlit_boat_ride)_(azur_lane),azur_lane,"anchorage (moonlit boat ride) (azur lane), azur lane","1girl, brown hair, brown eyes, black dress, thighhighs, braid, very long hair",https://danbooru.donmai.us/posts/7186890
anchorage_(oath_of_sunsets_and_fireworks)_(azur_lane),azur_lane,"anchorage (oath of sunsets and fireworks) (azur lane), azur lane","1girl, brown hair, frilled dress, wedding dress, skirt, long hair",https://danbooru.donmai.us/posts/7984155
anchorage_(sweet_evening_milk)_(azur_lane),azur_lane,"anchorage (sweet evening milk) (azur lane), azur lane","1girl, brown hair, pink eyes, oversized shirt, very long hair",https://danbooru.donmai.us/posts/9777852
andrea_doria_(azur_lane),azur_lane,"andrea doria (azur lane), azur lane","1girl, brown hair, brown eyes, rigging, green dress, drill hair, very long hair",https://danbooru.donmai.us/posts/6431901
andrea_doria_(have_a_safe_flight)_(azur_lane),azur_lane,"andrea doria (have a safe flight) (azur lane), azur lane","1girl, brown hair, brown eyes, black skirt, collared shirt, pencil skirt, white shirt, black pantyhose, black shoes, drill hair, very long hair",https://danbooru.donmai.us/posts/6446052
aoba_(azur_lane),azur_lane,"aoba (azur lane), azur lane","1girl, aqua hair, yellow eyes, fox ears, fox tail, black shirt, high-waist skirt, open jacket, pleated skirt, purple jacket, pink shoes, twintails",https://danbooru.donmai.us/posts/3240565
aquila_(a_sip_of_sardegnian_elegance)_(azur_lane),azur_lane,"aquila (a sip of sardegnian elegance) (azur lane), azur lane","1girl, grey hair, green eyes, black hat, very long hair",https://danbooru.donmai.us/posts/4798899
aquila_(azur_lane),azur_lane,"aquila (azur lane), azur lane","1girl, white hair, green eyes, black gloves, white thighhighs, cape, capelet, hat, twintails, very long hair",https://danbooru.donmai.us/posts/4481610
aquila_(sardegnian_shallows_and_sunshine)_(azur_lane),azur_lane,"aquila (sardegnian shallows and sunshine) (azur lane), azur lane","1girl, grey hair, green eyes, black bikini, highleg bikini, swimsuit, sun hat, white hat, braid, very long hair",https://danbooru.donmai.us/posts/4481387
arashio_(azur_lane),azur_lane,"arashio (azur lane), azur lane","1girl, black hair, white hair, cat ears, cat tail, off-shoulder dress, blue skirt, black pantyhose, long hair",https://danbooru.donmai.us/posts/3261170
arashio_(the_gentlest_firework)_(azur_lane),azur_lane,"arashio (the gentlest firework) (azur lane), azur lane","1girl, purple hair, purple eyes, cat ears, white kimono, long hair",https://danbooru.donmai.us/posts/4660386
archerfish_(azur_lane),azur_lane,"archerfish (azur lane), azur lane","1girl, blonde hair, purple eyes, rigging, tail, long hair",https://danbooru.donmai.us/posts/4547749
archerfish_(coquettish_bunny)_(azur_lane),azur_lane,"archerfish (coquettish bunny) (azur lane), azur lane","1girl, blonde hair, purple eyes, rabbit ears, highleg leotard, red leotard, black thighhighs, red shoes, short necktie, hairband, long hair",https://danbooru.donmai.us/posts/4547011
archerfish_(the_devil_next_door)_(azur_lane),azur_lane,"archerfish (the devil next door) (azur lane), azur lane","1girl, blonde hair, purple eyes, tail, school swimsuit, school uniform, pleated skirt, brown shoes, white socks, long hair",https://danbooru.donmai.us/posts/5219721
ardent_(ardent_valentine)_(azur_lane),azur_lane,"ardent (ardent valentine) (azur lane), azur lane","1girl, blonde hair, blue eyes, school uniform, blue skirt, white shirt, black shoes, white socks, sailor collar, twintails, very long hair",https://danbooru.donmai.us/posts/3783991
ardent_(azur_lane),azur_lane,"ardent (azur lane), azur lane","1girl, blonde hair, blue eyes, rigging, plaid skirt, pleated skirt, jacket, black shoes, red necktie, sailor hat, twintails, long hair",https://danbooru.donmai.us/posts/2952665
ardent_(retrofit)_(azur_lane),azur_lane,"ardent (retrofit) (azur lane), azur lane","1girl, rigging, wings, black jacket, collared shirt, cropped jacket, dress shirt, frilled skirt, high-waist skirt, twintails, long hair",https://danbooru.donmai.us/posts/3133163
arethusa_(azur_lane),azur_lane,"arethusa (azur lane), azur lane","1girl, blue hair, purple hair, purple eyes, black skirt, pleated skirt, shirt, black hat, black shoes, mini hat, ponytail, very long hair",https://danbooru.donmai.us/posts/2960633
argus_(azur_lane),azur_lane,"argus (azur lane), azur lane","1girl, white hair, purple eyes, crown, rigging, white dress, elbow gloves, fingerless gloves, white pantyhose, white shoes, braid, long hair",https://danbooru.donmai.us/posts/6090464
argus_(cerulean_enthrallment)_(azur_lane),azur_lane,"argus (cerulean enthrallment) (azur lane), azur lane","1girl, blue hair, blue eyes, backless dress, blue dress, long hair",https://danbooru.donmai.us/posts/6703515
argus_(dignified_swimsuit_training)_(azur_lane),azur_lane,"argus (dignified swimsuit training) (azur lane), azur lane","1girl, white hair, blue eyes, blue bikini, string bikini, swimsuit, braid, very long hair",https://danbooru.donmai.us/posts/11181272
ariake_(azur_lane),azur_lane,"ariake (azur lane), azur lane","1girl, blonde hair, purple eyes, cat ears, cat tail, blue skirt, hakama short skirt, jacket, black choker, blue sailor collar, white pantyhose, short hair",https://danbooru.donmai.us/posts/3133161
ariake_(retrofit)_(azur_lane),azur_lane,"ariake (retrofit) (azur lane), azur lane","1girl, blonde hair, purple eyes, cat ears, cat tail, off-shoulder shirt, blue choker, o-ring choker, white pantyhose",https://danbooru.donmai.us/posts/4125497
ariake_(unending_friendship)_(azur_lane),azur_lane,"ariake (unending friendship) (azur lane), azur lane","1girl, blonde hair, purple eyes, cat ears, cat tail, sleeveless dress, white dress, white gloves, white shoes, short hair",https://danbooru.donmai.us/posts/4117764
arizona_(azur_lane),azur_lane,"arizona (azur lane), azur lane","1girl, black hair, aqua eyes, rigging, blue dress, short dress, ankle boots, black boots, black gloves, blue hat, long hair",https://danbooru.donmai.us/posts/2929635
arizona_(enchantress_from_afar)_(azur_lane),azur_lane,"arizona (enchantress from afar) (azur lane), azur lane","1girl, black hair, grey eyes, long hair",https://danbooru.donmai.us/posts/5089002
ark_royal_(azur_lane),azur_lane,"ark royal (azur lane), azur lane","1girl, black hair, blue eyes, rigging, black skirt, coat, black thighhighs, high heel boots, thigh boots, white gloves, long hair",https://danbooru.donmai.us/posts/2893292
ark_royal_(coast_watcher)_(azur_lane),azur_lane,"ark royal (coast watcher) (azur lane), azur lane","1girl, black hair, blue eyes, blue bikini, swimsuit, jacket, short hair",https://danbooru.donmai.us/posts/3226624
ark_royal_(guardian_of_the_ball)_(azur_lane),azur_lane,"ark royal (guardian of the ball) (azur lane), azur lane","1girl, black hair, blue eyes, black dress, halter dress, purple coat, jacket, black gloves, black shoes, long hair, short hair",https://danbooru.donmai.us/posts/3522792
ark_royal_(new_year's_protectress)_(azur_lane),azur_lane,"ark royal (new year's protectress) (azur lane), azur lane","1girl, black hair, blue eyes, hakama skirt, black gloves, red scarf, boots, medium hair",https://danbooru.donmai.us/posts/3779141
ark_royal_(order_amidst_amusement)_(azur_lane),azur_lane,"ark royal (order amidst amusement) (azur lane), azur lane","1girl, black hair, bikini, swimsuit, coat, thighhighs, short hair",https://danbooru.donmai.us/posts/8156832
ark_royal_(pure-white_protector)_(azur_lane),azur_lane,"ark royal (pure-white protector) (azur lane), azur lane","1girl, black hair, blue eyes, long dress, wedding dress, mini hat, white gloves, medium hair",https://danbooru.donmai.us/posts/4574872
ark_royal_(retrofit)_(azur_lane),azur_lane,"ark royal (retrofit) (azur lane), azur lane","1girl, purple hair, blue eyes, rigging, blue coat, red jacket, white pants, black boots, thigh boots, white gloves, short hair",https://danbooru.donmai.us/posts/4700104
arkhangelsk_(azur_lane),azur_lane,"arkhangelsk (azur lane), azur lane","1girl, blue hair, yellow eyes, rigging, short dress, black gloves, elbow gloves, high heel boots, thigh boots, hat",https://danbooru.donmai.us/posts/6023877
arkhangelsk_(grandiose_getaway)_(azur_lane),azur_lane,"arkhangelsk (grandiose getaway) (azur lane), azur lane","1girl, white hair, yellow eyes, black bodysuit, black gloves, black shoes, twintails, very long hair",https://danbooru.donmai.us/posts/5165025
arkhangelsk_(supporting_sorceress)_(azur_lane),azur_lane,"arkhangelsk (supporting sorceress) (azur lane), azur lane","1girl, blue hair, yellow eyes, black dress, black thighhighs, torn thighhighs, very long hair",https://danbooru.donmai.us/posts/7386992
arromanches_(acrobatic_archery)_(azur_lane),azur_lane,"arromanches (acrobatic archery) (azur lane), azur lane","1girl, purple hair, horns, brown pantyhose, medium hair",https://danbooru.donmai.us/posts/11634829
arromanches_(azur_lane),azur_lane,"arromanches (azur lane), azur lane","1girl, purple hair, red eyes, horns, pointy ears, short dress, sleeveless dress, white thighhighs, twintails, very long hair",https://danbooru.donmai.us/posts/11627159
asama_(azur_lane),azur_lane,"asama (azur lane), azur lane","1girl, black hair, rigging, black kimono, dress, long hair",https://danbooru.donmai.us/posts/9925230
asanagi_(azur_lane),azur_lane,"asanagi (azur lane), azur lane","1girl, orange eyes, rigging, animal ears, leotard, showgirl skirt, black thighhighs, fingerless gloves, braid, very long hair",https://danbooru.donmai.us/posts/6682517
asanagi_(lulled_by_rough_seas)_(azur_lane),azur_lane,"asanagi (lulled by rough seas) (azur lane), azur lane","1girl, white hair, yellow eyes, animal ears, micro bikini, white bikini, swimsuit, white thighhighs, braid, very long hair",https://danbooru.donmai.us/posts/6682524
asashio_(azur_lane),azur_lane,"asashio (azur lane), azur lane","1girl, blue hair, blue eyes, cat ears, cat tail, blue skirt, frilled skirt, white shirt, blue sailor collar, ribbon-trimmed thighhighs, long hair",https://danbooru.donmai.us/posts/3144184
asashio_(robes_of_dancing_clouds)_(azur_lane),azur_lane,"asashio (robes of dancing clouds) (azur lane), azur lane","1girl, blue hair, blue eyes, animal ears, long hair",https://danbooru.donmai.us/posts/5089030
asashio_(snow-dusted_lynx_tips)_(azur_lane),azur_lane,"asashio (snow-dusted lynx tips) (azur lane), azur lane","1girl, blue hair, blue eyes, animal ears, blue shoes, white thighhighs, braid, long hair",https://danbooru.donmai.us/posts/5020294
asashio_(the_transfer_student_underneath_the_dancing_petals)_(azur_lane),azur_lane,"asashio (the transfer student underneath the dancing petals) (azur lane), azur lane","1girl, blue hair, blue eyes, cat ears, cat tail, school uniform, collared shirt, grey skirt, plaid skirt, white shirt, black thighhighs, braid",https://danbooru.donmai.us/posts/3144189
ashigara_(azur_lane),azur_lane,"ashigara (azur lane), azur lane","1girl, purple hair, red eyes, rigging, animal ears, school uniform, blue shirt, blue skirt, black gloves, brown thighhighs, red choker, very long hair",https://danbooru.donmai.us/posts/3364969
ashigara_(brief_intermission)_(azur_lane),azur_lane,"ashigara (brief intermission) (azur lane), azur lane","1girl, black hair, red eyes, cat ears, kimono, white socks, twintails, medium hair",https://danbooru.donmai.us/posts/3364970
ashigara_(kaleidoscopic_summer)_(azur_lane),azur_lane,"ashigara (kaleidoscopic summer) (azur lane), azur lane","1girl, black hair, red eyes, wolf ears, mismatched bikini, swimsuit, choker, twintails, long hair",https://danbooru.donmai.us/posts/3877087
astoria_(azur_lane),azur_lane,"astoria (azur lane), azur lane","1girl, blonde hair, purple eyes, rigging, pleated skirt, black thighhighs, gloves, ponytail, long hair",https://danbooru.donmai.us/posts/3189797
astoria_(black_bunny_carnival)_(azur_lane),azur_lane,"astoria (black bunny carnival) (azur lane), azur lane","1girl, blonde hair, blue eyes, rabbit ears, white shirt, white skirt, black boots, black corset, black necktie, black thighhighs",https://danbooru.donmai.us/posts/4457537
atago_(azur_lane),azur_lane,"atago (azur lane), azur lane","1girl, black hair, orange eyes, cat ears, rigging, military uniform, pencil skirt, white skirt, black thighhighs, white gloves, white shoes, long hair",https://danbooru.donmai.us/posts/2961769
atago_(full_moon's_feral_wolf)_(azur_lane),azur_lane,"atago (full moon's feral wolf) (azur lane), azur lane","1girl, black hair, yellow eyes, wolf ears, tail, fishnet thighhighs, paw gloves, paw shoes",https://danbooru.donmai.us/posts/8334703
atago_(hallmarks_of_winter)_(azur_lane),azur_lane,"atago (hallmarks of winter) (azur lane), azur lane","1girl, black hair, orange eyes, yellow eyes, cat ears, white kimono, black boots, black gloves, black pantyhose, knee boots, long hair",https://danbooru.donmai.us/posts/2967761
atago_(lily-white_vow)_(azur_lane),azur_lane,"atago (lily-white vow) (azur lane), azur lane","1girl, black hair, fox ears, wedding dress, white dress, white shoes, white thighhighs, very long hair",https://danbooru.donmai.us/posts/3364978
atago_(school_traumerei)_(azur_lane),azur_lane,"atago (school traumerei) (azur lane), azur lane","1girl, black hair, wolf ears, school uniform, skirt, sweater, pantyhose, shoes, long hair",https://danbooru.donmai.us/posts/3155790
atago_(stunning_speedster)_(azur_lane),azur_lane,"atago (stunning speedster) (azur lane), azur lane","1girl, black hair, yellow eyes, black bikini, highleg bikini, swimsuit, black thighhighs, long hair",https://danbooru.donmai.us/posts/9008014
atago_(summer_march)_(azur_lane),azur_lane,"atago (summer march) (azur lane), azur lane","1girl, black hair, brown eyes, rigging, animal ears, white bikini, swimsuit, long hair",https://danbooru.donmai.us/posts/2867869
atlanta_(azur_lane),azur_lane,"atlanta (azur lane), azur lane","1girl, pink hair, blue eyes, blue skirt, pleated skirt, white shirt, black shoes, fingerless gloves, pink gloves, braid",https://danbooru.donmai.us/posts/2931259
attilio_regolo_(angel_from_above)_(azur_lane),azur_lane,"attilio regolo (angel from above) (azur lane), azur lane","1girl, brown hair, purple eyes, frilled dress, white dress, elbow gloves, white gloves, white hat, white shoes, twintails, very long hair",https://danbooru.donmai.us/posts/7968258
attilio_regolo_(azur_lane),azur_lane,"attilio regolo (azur lane), azur lane","1girl, brown hair, crown, rigging, green dress, green cape, very long hair",https://danbooru.donmai.us/posts/6446063
attilio_regolo_(castle_of_inspiration)_(azur_lane),azur_lane,"attilio regolo (castle of inspiration) (azur lane), azur lane","1girl, blonde hair, purple eyes, cat ears, frilled dress, white dress, pink shirt, white thighhighs, twintails, very long hair",https://danbooru.donmai.us/posts/6446068
august_von_parseval_(azur_lane),azur_lane,"august von parseval (azur lane), azur lane","1girl, grey hair, black shoes, black thighhighs, white gloves, very long hair",https://danbooru.donmai.us/posts/4627910
august_von_parseval_(night_rendezvous_with_the_unhulde)_(azur_lane),azur_lane,"august von parseval (night rendezvous with the unhulde) (azur lane), azur lane","1girl, blue hair, blue eyes, horns, grey dress, lace-trimmed thighhighs, white shoes, white thighhighs, very long hair",https://danbooru.donmai.us/posts/11432687
august_von_parseval_(the_conquered_unhulde)_(azur_lane),azur_lane,"august von parseval (the conquered unhulde) (azur lane), azur lane","1girl, purple hair, purple eyes, maid, maid headdress, black shoes, white thighhighs, very long hair",https://danbooru.donmai.us/posts/5018492
august_von_parseval_(the_unhulde's_midday_respite)_(azur_lane),azur_lane,"august von parseval (the unhulde's midday respite) (azur lane), azur lane","1girl, purple hair, purple eyes, horns, collared shirt, dress shirt, thighhighs, very long hair",https://danbooru.donmai.us/posts/8465274
aulick_(azur_lane),azur_lane,"aulick (azur lane), azur lane","1girl, pink hair, aqua eyes, rigging, blue dress, frilled dress, sleeveless shirt, white skirt, blue sailor collar, blue shoes, short hair",https://danbooru.donmai.us/posts/2933560
aurora_(azur_lane),azur_lane,"aurora (azur lane), azur lane","1girl, blonde hair, green eyes, skirt under dress, white dress, brown skirt, pleated skirt, long hair",https://danbooru.donmai.us/posts/4360096
aurora_(dawn's_paean)_(azur_lane),azur_lane,"aurora (dawn's paean) (azur lane), azur lane","1girl, blonde hair, green eyes, dress, blue shoes, braid, very long hair",https://danbooru.donmai.us/posts/3254825
aurora_(garb_of_eternal_prosperity)_(azur_lane),azur_lane,"aurora (garb of eternal prosperity) (azur lane), azur lane","1girl, blonde hair, green eyes, print dress, red dress, long hair",https://danbooru.donmai.us/posts/4346321
aurora_(heritage_of_yu_city)_(azur_lane),azur_lane,"aurora (heritage of yu city) (azur lane), azur lane","1girl, blonde hair, green eyes, red dress, black gloves, black thighhighs, red shoes, ponytail, very long hair",https://danbooru.donmai.us/posts/3779850
aurora_(the_tale_of_spring)_(azur_lane),azur_lane,"aurora (the tale of spring) (azur lane), azur lane","1girl, blonde hair, green eyes, rigging, backless dress, multicolored dress, black thighhighs, blue shoes, very long hair",https://danbooru.donmai.us/posts/3017537
avrora_(azur_lane),azur_lane,"avrora (azur lane), azur lane","1girl, white hair, blue eyes, rigging, pencil skirt, white skirt, brown pantyhose, fur hat, white boots, white hat, braid, very long hair",https://danbooru.donmai.us/posts/2941881
avrora_(mellow_seaspray)_(azur_lane),azur_lane,"avrora (mellow seaspray) (azur lane), azur lane","1girl, white hair, white dress, open coat, white coat, black gloves, half gloves, white pantyhose, braid",https://danbooru.donmai.us/posts/11065749
avrora_(shackled_saule)_(azur_lane),azur_lane,"avrora (shackled saule) (azur lane), azur lane","1girl, grey hair, blue eyes, torn dress, white dress, braid, very long hair",https://danbooru.donmai.us/posts/3891350
ayanami_(azur_lane),azur_lane,"ayanami (azur lane), azur lane","1girl, blonde hair, orange eyes, rigging, school uniform, blue skirt, pleated skirt, sleeveless shirt, white shirt, black boots, ponytail, long hair",https://danbooru.donmai.us/posts/2961614
ayanami_(cola_fills_you_with_determination)_(azur_lane),azur_lane,"ayanami (cola fills you with determination) (azur lane), azur lane","1girl, white hair, orange eyes, black shoes, red hat, white thighhighs, ponytail, long hair",https://danbooru.donmai.us/posts/5674635
ayanami_(covert_ops_cloak)_(azur_lane),azur_lane,"ayanami (covert ops cloak) (azur lane), azur lane","1girl, grey hair, orange eyes, school uniform, blue skirt, sleeveless shirt, white shirt, black boots, white thighhighs, ponytail, long hair",https://danbooru.donmai.us/posts/3891345
ayanami_(demon's_finest_dress)_(azur_lane),azur_lane,"ayanami (demon's finest dress) (azur lane), azur lane","1girl, blonde hair, red eyes, white kimono, white thighhighs, short hair",https://danbooru.donmai.us/posts/3261172
ayanami_(disarming_deep_blue)_(azur_lane),azur_lane,"ayanami (disarming deep blue) (azur lane), azur lane","1girl, blonde hair, red eyes, dress, black shoes, bowtie, thighhighs, ponytail, long hair",https://danbooru.donmai.us/posts/6359637
ayanami_(dynasty_shipgirl)_(azur_lane),azur_lane,"ayanami (dynasty shipgirl) (azur lane), azur lane","1girl, white hair, red eyes, black boots, black thighhighs, fingerless gloves, ponytail, long hair",https://danbooru.donmai.us/posts/5088994
ayanami_(grade_a_sailor_uniform)_(azur_lane),azur_lane,"ayanami (grade a sailor uniform) (azur lane), azur lane","1girl, blonde hair, brown eyes, blue skirt, pleated skirt, brown shoes, white thighhighs, ponytail, long hair",https://danbooru.donmai.us/posts/3488809
ayanami_(lunar_demon)_(azur_lane),azur_lane,"ayanami (lunar demon) (azur lane), azur lane","1girl, blonde hair, brown eyes, black dress, short dress, black gloves, black shoes, black thighhighs, elbow gloves, ponytail, very long hair",https://danbooru.donmai.us/posts/3404328
ayanami_(nightfall_raiment)_(azur_lane),azur_lane,"ayanami (nightfall raiment) (azur lane), azur lane","1girl, blonde hair, red eyes, black dress, frilled dress, black boots, knee boots, ponytail, long hair",https://danbooru.donmai.us/posts/4117738
ayanami_(off-duty_battle_station_gear)_(azur_lane),azur_lane,"ayanami (off-duty battle station gear) (azur lane), azur lane","1girl, blonde hair, orange eyes, short shorts, ponytail, long hair",https://danbooru.donmai.us/posts/4518410
ayanami_(pulse_of_the_new_year)_(azur_lane),azur_lane,"ayanami (pulse of the new year) (azur lane), azur lane","1girl, blonde hair, orange eyes, black skirt, pleated skirt, white thighhighs, ponytail, long hair",https://danbooru.donmai.us/posts/3729034
ayanami_(retrofit)_(azur_lane),azur_lane,"ayanami (retrofit) (azur lane), azur lane","1girl, blonde hair, rigging, animal ears, school uniform, blue skirt, pleated skirt, white thighhighs, choker, long hair",https://danbooru.donmai.us/posts/2947209
ayanami_(rock_'n'_demon)_(azur_lane),azur_lane,"ayanami (rock 'n' demon) (azur lane), azur lane","1girl, white hair, red eyes, horns, pantyhose under shorts, short shorts, jacket, pantyhose, ponytail, long hair",https://danbooru.donmai.us/posts/3147262
ayanami_(witch_in_ambush)_(azur_lane),azur_lane,"ayanami (witch in ambush) (azur lane), azur lane","1girl, blonde hair, orange eyes, rigging, tail, orange skirt, pleated skirt, black hat, black thighhighs, striped thighhighs, witch hat, ponytail",https://danbooru.donmai.us/posts/2961618
ayase_(a_glimpse_of_the_moon_rabbit)_(azur_lane),azur_lane,"ayase (a glimpse of the moon rabbit) (azur lane), azur lane","1girl, brown hair, red eyes, choker, thighhighs, side ponytail, long hair",https://danbooru.donmai.us/posts/8156833
ayase_(azur_lane),azur_lane,"ayase (azur lane), azur lane","1girl, black hair, red eyes, rigging, hakama skirt, pleated skirt, thighhighs, long hair",https://danbooru.donmai.us/posts/8156814
aylwin_(azur_lane),azur_lane,"aylwin (azur lane), azur lane","1girl, purple hair, red eyes, rigging, blue skirt, shirt, black choker, white thighhighs, hat, sailor collar, short hair",https://danbooru.donmai.us/posts/3582909
aylwin_(sunday_aquarium_visit)_(azur_lane),azur_lane,"aylwin (sunday aquarium visit) (azur lane), azur lane","1girl, purple hair, red eyes, blue skirt, shirt, black choker",https://danbooru.donmai.us/posts/3580893
azuchi_(azur_lane),azur_lane,"azuchi (azur lane), azur lane","1girl, purple hair, purple eyes, horns, rigging, grey kimono, black gloves, long hair",https://danbooru.donmai.us/posts/12151858
azuchi_(testing_courage_in_crimson)_(azur_lane),azur_lane,"azuchi (testing courage in crimson) (azur lane), azur lane","1girl, purple hair, purple eyes, horns, high-low dress, red dress, shoes, very long hair",https://danbooru.donmai.us/posts/12151890
azuma_(azur_lane),azur_lane,"azuma (azur lane), azur lane","1girl, black hair, yellow eyes, rigging, dress, skirt, black gloves, black pantyhose, long hair",https://danbooru.donmai.us/posts/3474794
azuma_(career_counseling_for_the_groom)_(azur_lane),azur_lane,"azuma (career counseling for the groom) (azur lane), azur lane","1girl, black hair, black skirt, collared shirt, dress shirt, high-waist skirt, jacket, black shoes, very long hair",https://danbooru.donmai.us/posts/9513125
azuma_(lily-white_longing)_(azur_lane),azur_lane,"azuma (lily-white longing) (azur lane), azur lane","1girl, black hair, yellow eyes, wedding dress, white gloves, white shoes, white thighhighs, long hair",https://danbooru.donmai.us/posts/4574874
azuma_(soft_voice_of_spring)_(azur_lane),azur_lane,"azuma (soft voice of spring) (azur lane), azur lane","1girl, black hair, orange eyes, black dress, black gloves, black thighhighs, half gloves, very long hair",https://danbooru.donmai.us/posts/4135446
bache_(azur_lane),azur_lane,"bache (azur lane), azur lane","1girl, blonde hair, black shirt, black shorts, fur-trimmed jacket, micro shorts, sleeveless shirt, yellow jacket, long hair",https://danbooru.donmai.us/posts/3611916
bache_(gorgeous_speed-star)_(azur_lane),azur_lane,"bache (gorgeous speed-star) (azur lane), azur lane","1girl, blonde hair, purple eyes, tail, black bikini, swimsuit, cropped jacket, denim shorts, micro shorts, open jacket, long hair",https://danbooru.donmai.us/posts/3639441
bache_(showy_sports_star)_(azur_lane),azur_lane,"bache (showy sports star) (azur lane), azur lane","1girl, blonde hair, purple eyes, tennis uniform, black choker, white thighhighs, very long hair",https://danbooru.donmai.us/posts/3836610
bailey_(azur_lane),azur_lane,"bailey (azur lane), azur lane","1girl, red hair, red eyes, rabbit ears, rigging, grey shoes, white thighhighs, ponytail, long hair",https://danbooru.donmai.us/posts/2944075
bailey_(trickster_black_rabbit)_(azur_lane),azur_lane,"bailey (trickster black rabbit) (azur lane), azur lane","1girl, red hair, red eyes, black pantyhose, ponytail, very long hair",https://danbooru.donmai.us/posts/3302662
baltimore_(ace's_travel_journal)_(azur_lane),azur_lane,"baltimore (ace's travel journal) (azur lane), azur lane","1girl, brown hair, yellow eyes, meiji schoolgirl uniform, kimono, blue skirt, hakama skirt, black boots, black gloves, braid, medium hair",https://danbooru.donmai.us/posts/4436013
baltimore_(azur_lane),azur_lane,"baltimore (azur lane), azur lane","1girl, brown hair, yellow eyes, rigging, black coat, open coat, black thighhighs, white gloves, shoes, braid, short hair",https://danbooru.donmai.us/posts/3582853
baltimore_(black_ace)_(azur_lane),azur_lane,"baltimore (black ace) (azur lane), azur lane","1girl, brown hair, yellow eyes, black shorts, brown jacket, open jacket, short shorts, sleeveless shirt, white shirt, braid, short hair",https://danbooru.donmai.us/posts/3891347
baltimore_(evening_breeze_minuet)_(azur_lane),azur_lane,"baltimore (evening breeze minuet) (azur lane), azur lane","1girl, brown hair, yellow eyes, asymmetrical dress, black dress, black cape, side cape, short hair",https://danbooru.donmai.us/posts/4117739
baltimore_(finish_line_flagbearer)_(azur_lane),azur_lane,"baltimore (finish line flagbearer) (azur lane), azur lane","1girl, brown hair, yellow eyes, blue shorts, short shorts, black gloves, blue boots, blue hat, thigh boots, short hair",https://danbooru.donmai.us/posts/5716635
baltimore_(when_the_breeze_blows)_(azur_lane),azur_lane,"baltimore (when the breeze blows) (azur lane), azur lane","1girl, brown hair, yellow eyes, long dress, see-through dress, elbow gloves, thighhighs under pantyhose, white gloves, white pantyhose, short hair",https://danbooru.donmai.us/posts/9423967
bartolomeo_colleoni_(azur_lane),azur_lane,"bartolomeo colleoni (azur lane), azur lane","1girl, grey hair, brown eyes, halo, rigging, black leotard, highleg leotard, black boots, high heel boots, red cape, long hair",https://danbooru.donmai.us/posts/8921528
bartolomeo_colleoni_(the_empress'_romantic_ambush)_(azur_lane),azur_lane,"bartolomeo colleoni (the empress' romantic ambush) (azur lane), azur lane","1girl, brown hair, brown eyes, black gloves, black thighhighs, elbow gloves, very long hair",https://danbooru.donmai.us/posts/8921541
bataan_(azur_lane),azur_lane,"bataan (azur lane), azur lane","1girl, blonde hair, blue eyes, rigging, bodysuit, open jacket, short shorts, white shirt, white shorts, red necktie, short hair",https://danbooru.donmai.us/posts/3582849
bataan_(comfy_cotton_jammies)_(azur_lane),azur_lane,"bataan (comfy cotton jammies) (azur lane), azur lane","1girl, blonde hair, blue eyes, cat tail, white shirt, hoodie, short hair",https://danbooru.donmai.us/posts/3582850
bayard_(azur_lane),azur_lane,"bayard (azur lane), azur lane","1girl, blonde hair, blue eyes, rigging, sleeveless dress, white dress, white thighhighs, gloves, long hair",https://danbooru.donmai.us/posts/8624068
bayard_(the_most_treacherous_trial)_(azur_lane),azur_lane,"bayard (the most treacherous trial) (azur lane), azur lane","1girl, blonde hair, blue eyes, rabbit ears, blue leotard, strapless leotard, blue shoes, white pantyhose, very long hair",https://danbooru.donmai.us/posts/8598281
beagle_(azur_lane),azur_lane,"beagle (azur lane), azur lane","1girl, brown hair, blue eyes, rigging, uniform, collared shirt, pleated skirt, two-tone shirt, white skirt, black thighhighs, long hair",https://danbooru.donmai.us/posts/2966626
bearn_(azur_lane),azur_lane,"bearn (azur lane), azur lane","1girl, black hair, purple hair, purple eyes, short dress, blue coat, open coat, black gloves, blue boots, thigh boots, short hair",https://danbooru.donmai.us/posts/3913560
bearn_(summer_lifeguard)_(azur_lane),azur_lane,"bearn (summer lifeguard) (azur lane), azur lane","1girl, blue hair, blue eyes, horns, bikini, swimsuit, pleated skirt, blue hairband, medium hair",https://danbooru.donmai.us/posts/3918852
belfast_(azur_lane),azur_lane,"belfast (azur lane), azur lane","1girl, white hair, purple eyes, black dress, white apron, maid headdress, white gloves",https://danbooru.donmai.us/posts/2934193
belfast_(blissful_service)_(azur_lane),azur_lane,"belfast (blissful service) (azur lane), azur lane","1girl, blue eyes, maid, maid headdress, bikini, swimsuit, apron, thighhighs, braid, long hair",https://danbooru.donmai.us/posts/8156836
belfast_(iridescent_rosa)_(azur_lane),azur_lane,"belfast (iridescent rosa) (azur lane), azur lane","1girl, white hair, blue eyes, dress, black gloves, white thighhighs, braid, long hair",https://danbooru.donmai.us/posts/3404326
belfast_(retrofit)_(azur_lane),azur_lane,"belfast (retrofit) (azur lane), azur lane","1girl, white hair, purple eyes, maid headdress, rigging, blue dress, blue boots, white gloves, white thighhighs, long hair",https://danbooru.donmai.us/posts/11983441
belfast_(serene_steel)_(azur_lane),azur_lane,"belfast (serene steel) (azur lane), azur lane","1girl, white hair, blue eyes, maid, maid headdress, black dress, black boots, black gloves, elbow gloves, knee boots, long hair",https://danbooru.donmai.us/posts/3764411
belfast_(shopping_with_the_head_maid)_(azur_lane),azur_lane,"belfast (shopping with the head maid) (azur lane), azur lane","1girl, white hair, purple eyes, aran sweater, black skirt, brown sweater, high-waist skirt, black boots, brown pantyhose, very long hair",https://danbooru.donmai.us/posts/3688541
belfast_(the_noble_attendant)_(azur_lane),azur_lane,"belfast (the noble attendant) (azur lane), azur lane","1girl, white hair, blue eyes, maid headdress, rigging, halter dress, purple dress, black shoes, elbow gloves, purple gloves, braid, long hair",https://danbooru.donmai.us/posts/3632592
belfast_(the_pledge_of_claddagh)_(azur_lane),azur_lane,"belfast (the pledge of claddagh) (azur lane), azur lane","1girl, white hair, blue eyes, wedding dress, blue ribbon",https://danbooru.donmai.us/posts/3171227
bell_(azur_lane),azur_lane,"bell (azur lane), azur lane","1girl, blue hair, blue eyes, rigging, open jacket, pleated skirt, necktie, pantyhose, shoes, long hair",https://danbooru.donmai.us/posts/8052272
bell_(saloon_mishaps)_(azur_lane),azur_lane,"bell (saloon mishaps) (azur lane), azur lane","1girl, blue hair, blue eyes, skirt, boots, long hair",https://danbooru.donmai.us/posts/8052271
bellona_(azur_lane),azur_lane,"bellona (azur lane), azur lane","1girl, black hair, aqua eyes, halo, rigging, white shorts, black boots, black gloves, elbow gloves, thigh boots, white cape, short hair",https://danbooru.donmai.us/posts/5368802
bennington_(azur_lane),azur_lane,"bennington (azur lane), azur lane","1girl, pink hair, green eyes, rigging, blue jacket, blue skirt, collared shirt, white shirt, black boots, brown gloves, long hair",https://danbooru.donmai.us/posts/11955338
bennington_(sunshine_chaser)_(azur_lane),azur_lane,"bennington (sunshine chaser) (azur lane), azur lane","1girl, pink hair, green eyes, green bikini, swimsuit, green shoes, braid, twintails",https://danbooru.donmai.us/posts/11963696
benson_(azur_lane),azur_lane,"benson (azur lane), azur lane","1girl, blonde hair, orange eyes, rabbit ears, rigging, black shirt, blue skirt, frilled skirt, sleeveless shirt, black boots, black thighhighs, twintails",https://danbooru.donmai.us/posts/2945498
benson_(cutie_pumpkin_pie)_(azur_lane),azur_lane,"benson (cutie pumpkin pie) (azur lane), azur lane","1girl, blonde hair, brown eyes, animal ears, wings, frilled shorts, orange shorts, black corset, black thighhighs, brown boots, lace-up boots, twintails",https://danbooru.donmai.us/posts/6086681
biloxi_(azur_lane),azur_lane,"biloxi (azur lane), azur lane","1girl, blue hair, blue eyes, rigging, black jacket, blue shorts, collared shirt, open jacket, short shorts, sleeveless shirt, braid, very long hair",https://danbooru.donmai.us/posts/3764423
biloxi_(dapper_gangstress)_(azur_lane),azur_lane,"biloxi (dapper gangstress) (azur lane), azur lane","1girl, blue hair, blue eyes, black shoes, braid, very long hair",https://danbooru.donmai.us/posts/3764430
biloxi_(empress_in_the_silk_seat)_(azur_lane),azur_lane,"biloxi (empress in the silk seat) (azur lane), azur lane","1girl, blue hair, blue eyes, black jacket, blue pants, suit jacket, black shoes, choker, braid, very long hair",https://danbooru.donmai.us/posts/3975290
biloxi_(night_sky's_brilliant_blue_blossoms)_(azur_lane),azur_lane,"biloxi (night sky's brilliant blue blossoms) (azur lane), azur lane","1girl, purple hair, purple eyes, blue kimono, black shoes, braid, very long hair",https://danbooru.donmai.us/posts/5020247
birmingham_(azur_lane),azur_lane,"birmingham (azur lane), azur lane","1girl, red hair, red eyes, rigging, short dress, blue hairband, half gloves, platform boots, thighhighs",https://danbooru.donmai.us/posts/3582913
birmingham_(briar_maid)_(azur_lane),azur_lane,"birmingham (briar maid) (azur lane), azur lane","1girl, red hair, red eyes, maid, maid headdress, frilled dress, black shoes, frilled apron, maid apron, white socks, short hair",https://danbooru.donmai.us/posts/10495537
birmingham_(fruitful_snow_of_an_auspicious_year)_(azur_lane),azur_lane,"birmingham (fruitful snow of an auspicious year) (azur lane), azur lane","1girl, red hair, red eyes, print dress, red dress, hair bun, medium hair",https://danbooru.donmai.us/posts/4342739
birmingham_(rider_of_red)_(azur_lane),azur_lane,"birmingham (rider of red) (azur lane), azur lane","1girl, red hair, red eyes, black skirt, black thighhighs, brown shoes, hairband, short hair",https://danbooru.donmai.us/posts/3582917
birmingham_(to_where_the_wind_blows)_(azur_lane),azur_lane,"birmingham (to where the wind blows) (azur lane), azur lane","1girl, orange hair, red eyes, casual one-piece swimsuit, highleg one-piece swimsuit, short hair",https://danbooru.donmai.us/posts/6008189
bismarck_(azur_lane),azur_lane,"bismarck (azur lane), azur lane","1girl, blonde hair, blue eyes, rigging, military uniform, black boots, fur-trimmed boots, military hat, cape, thighhighs, long hair",https://danbooru.donmai.us/posts/2881480
bismarck_(bathed_in_brightness_and_spirit)_(azur_lane),azur_lane,"bismarck (bathed in brightness and spirit) (azur lane), azur lane","1girl, blonde hair, blue eyes, very long hair",https://danbooru.donmai.us/posts/10495531
bismarck_(beacon_of_the_iron_blood)_(azur_lane),azur_lane,"bismarck (beacon of the iron blood) (azur lane), azur lane","1girl, blonde hair, blue eyes, black dress, black cape, black gloves, black shoes, black thighhighs, elbow gloves, long hair",https://danbooru.donmai.us/posts/3522870
bismarck_(crystal-clear_holiday)_(azur_lane),azur_lane,"bismarck (crystal-clear holiday) (azur lane), azur lane","1girl, blonde hair, blue eyes, black one-piece swimsuit, casual one-piece swimsuit, jacket, ponytail, very long hair",https://danbooru.donmai.us/posts/6338803
bismarck_(unpacked_surprise)_(azur_lane),azur_lane,"bismarck (unpacked surprise) (azur lane), azur lane","1girl, blonde hair, blue eyes, white bikini, swimsuit, grey coat, santa hat, white thighhighs, very long hair",https://danbooru.donmai.us/posts/8587042
bismarck_(wedding_dominion)_(azur_lane),azur_lane,"bismarck (wedding dominion) (azur lane), azur lane","1girl, blonde hair, blue eyes, wedding dress, white dress, white shoes, white thighhighs, very long hair",https://danbooru.donmai.us/posts/8207289
bismarck_zwei_(bathed_in_brightness_and_spirit)_(azur_lane),azur_lane,"bismarck zwei (bathed in brightness and spirit) (azur lane), azur lane","1girl, blonde hair, blue eyes, very long hair",https://danbooru.donmai.us/posts/10495531
bismarck_zwei_(crystal-clear_holiday)_(azur_lane),azur_lane,"bismarck zwei (crystal-clear holiday) (azur lane), azur lane","1girl, blonde hair, blue eyes, black one-piece swimsuit, casual one-piece swimsuit, jacket, ponytail, very long hair",https://danbooru.donmai.us/posts/8466342
black_prince_(azur_lane),azur_lane,"black prince (azur lane), azur lane","1girl, pink hair, pink eyes, rigging, black skirt, high-waist skirt, sleeveless shirt, white shirt, asymmetrical gloves, black gloves",https://danbooru.donmai.us/posts/3611925
black_prince_(fair_maid_spring)_(azur_lane),azur_lane,"black prince (fair maid spring) (azur lane), azur lane","1girl, pink hair, pink eyes, dress, black pantyhose, gloves, hat, shoes",https://danbooru.donmai.us/posts/3764420
black_prince_(love's_greeting)_(azur_lane),azur_lane,"black prince (love's greeting) (azur lane), azur lane","1girl, pink hair, pink eyes, black dress, nontraditional wedding dress, black gloves, black shoes, medium hair",https://danbooru.donmai.us/posts/10023786
black_prince_(pop_the_cork)_(azur_lane),azur_lane,"black prince (pop the cork) (azur lane), azur lane","1girl, pink hair, pink eyes, white dress, white shoes, white thighhighs, hair bun",https://danbooru.donmai.us/posts/4561328
black_prince_(white_princess)_(azur_lane),azur_lane,"black prince (white princess) (azur lane), azur lane","1girl, pink hair, pink eyes, bow bikini, frilled bikini, swimsuit, showgirl skirt, white hairband",https://danbooru.donmai.us/posts/3619354
bluegill_(azur_lane),azur_lane,"bluegill (azur lane), azur lane","1girl, purple hair, blue eyes, swimsuit, boots, gloves, thighhighs, twintails, long hair",https://danbooru.donmai.us/posts/3846892
bluegill_(up-and-coming_infielder)_(azur_lane),azur_lane,"bluegill (up-and-coming infielder) (azur lane), azur lane","1girl, purple hair, blue eyes, shorts under skirt, white shorts, white skirt, white shoes, white socks, hat, long hair",https://danbooru.donmai.us/posts/3891362
bogatyr_(azur_lane),azur_lane,"bogatyr (azur lane), azur lane","1girl, blue hair, purple eyes, rigging, white bodysuit, black boots, fur-trimmed boots, white gloves, short hair",https://danbooru.donmai.us/posts/10857556
bogatyr_(emotional_data_maintenance)_(azur_lane),azur_lane,"bogatyr (emotional data maintenance) (azur lane), azur lane","1girl, blue hair, purple eyes, dress, red shoes, white thighhighs, short hair",https://danbooru.donmai.us/posts/10857560
bogue_(azur_lane),azur_lane,"bogue (azur lane), azur lane","1girl, blonde hair, blue eyes, baseball uniform, short dress, multicolored dress, bike shorts, ankle socks, black shoes, long hair",https://danbooru.donmai.us/posts/2945508
bogue_(retrofit)_(azur_lane),azur_lane,"bogue (retrofit) (azur lane), azur lane","1girl, blonde hair, blue eyes, black skirt, cropped jacket, open jacket, shirt, black shoes, multicolored hat, ponytail, long hair",https://danbooru.donmai.us/posts/2945514
bois_belleau_(azur_lane),azur_lane,"bois belleau (azur lane), azur lane","1girl, blue hair, white hair, blue eyes, halo, rigging, frilled dress, see-through dress, armored boots, elbow gloves, high heel boots, white thighhighs",https://danbooru.donmai.us/posts/9911636
bois_belleau_(steamy_therapy)_(azur_lane),azur_lane,"bois belleau (steamy therapy) (azur lane), azur lane","1girl, blue eyes, halo, pointy ears, twintails, long hair",https://danbooru.donmai.us/posts/9775107
boise_(azur_lane),azur_lane,"boise (azur lane), azur lane","1girl, aqua hair, yellow eyes, rabbit ears, rigging, blue gloves, white thighhighs, braid, long hair",https://danbooru.donmai.us/posts/4547763
boise_(castle_tales)_(azur_lane),azur_lane,"boise (castle tales) (azur lane), azur lane","1girl, blue hair, yellow eyes, rabbit ears, black leotard, black cape, witch hat, yellow thighhighs, long hair",https://danbooru.donmai.us/posts/4875493
boise_(flawed_but_delectable)_(azur_lane),azur_lane,"boise (flawed but delectable) (azur lane), azur lane","1girl, aqua hair, blue hair, yellow eyes, maid, maid headdress, black dress, black shoes, maid apron, white bowtie, white pantyhose, braid",https://danbooru.donmai.us/posts/7499686
boise_(jade_mermaid)_(azur_lane),azur_lane,"boise (jade mermaid) (azur lane), azur lane","1girl, blue hair, yellow eyes, rabbit ears, red dress, black shoes, brown thighhighs, elbow gloves, long hair",https://danbooru.donmai.us/posts/5401640
boise_(sheepish_sapphire)_(azur_lane),azur_lane,"boise (sheepish sapphire) (azur lane), azur lane","1girl, blue hair, yellow eyes, rabbit ears, black leotard, black pantyhose, thighband pantyhose, long hair",https://danbooru.donmai.us/posts/4547768
bolzano_(a_flutter_in_the_moment)_(azur_lane),azur_lane,"bolzano (a flutter in the moment) (azur lane), azur lane","1girl, black hair, red eyes, braid, long hair",https://danbooru.donmai.us/posts/5543724
bolzano_(a_special_night_just_for_us)_(azur_lane),azur_lane,"bolzano (a special night just for us) (azur lane), azur lane","1girl, black hair, red eyes, rabbit ears, black gloves",https://danbooru.donmai.us/posts/10022356
bolzano_(azur_lane),azur_lane,"bolzano (azur lane), azur lane","1girl, rigging, under-elbow gloves, hat, thighhighs",https://danbooru.donmai.us/posts/5674571
bolzano_(tempting_treasure)_(azur_lane),azur_lane,"bolzano (tempting treasure) (azur lane), azur lane","1girl, red eyes, swimsuit, long hair",https://danbooru.donmai.us/posts/5922609
bremerton_(azur_lane),azur_lane,"bremerton (azur lane), azur lane","1girl, pink hair, pink eyes, rigging, highleg bikini, swimsuit, black shorts, blue jacket, cropped shirt, grey shirt, twintails, long hair",https://danbooru.donmai.us/posts/3836613
bremerton_(day-off_date)_(azur_lane),azur_lane,"bremerton (day-off date) (azur lane), azur lane","1girl, grey hair, pink hair, pink eyes, black dress, off-shoulder dress, off-shoulder sweater, open jacket, white jacket, black choker, twintails, long hair",https://danbooru.donmai.us/posts/4939017
bremerton_(joyride_of_love)_(azur_lane),azur_lane,"bremerton (joyride of love) (azur lane), azur lane","1girl, pink hair, pink eyes, wedding dress, white dress, lace-trimmed thighhighs, white thighhighs, long hair",https://danbooru.donmai.us/posts/6724763
bremerton_(kung_fu_cruiser)_(azur_lane),azur_lane,"bremerton (kung fu cruiser) (azur lane), azur lane","1girl, pink hair, pink eyes, dress, hair bun, long hair",https://danbooru.donmai.us/posts/4342786
bremerton_(pillowed_counseling)_(azur_lane),azur_lane,"bremerton (pillowed counseling) (azur lane), azur lane","1girl, pink hair, pink eyes, side ponytail",https://danbooru.donmai.us/posts/8207927
bremerton_(relaxation_consultation)_(azur_lane),azur_lane,"bremerton (relaxation consultation) (azur lane), azur lane","1girl, blue hair, pink hair, pink eyes, jacket, shorts, thighhighs, long hair",https://danbooru.donmai.us/posts/5848701
bremerton_(scorching-hot_training)_(azur_lane),azur_lane,"bremerton (scorching-hot training) (azur lane), azur lane","1girl, blue hair, pink hair, pink eyes, tennis uniform, two-tone skirt, shoes, twintails, long hair",https://danbooru.donmai.us/posts/3846884
brennus_(azur_lane),azur_lane,"brennus (azur lane), azur lane","1girl, white hair, blue eyes, grey gloves",https://danbooru.donmai.us/posts/7680069
brennus_(musician_on_blade's_precipice)_(azur_lane),azur_lane,"brennus (musician on blade's precipice) (azur lane), azur lane","1girl, white hair, blue eyes, thong bikini, white bikini, swimsuit, white sarong, white shoes, ponytail, very long hair",https://danbooru.donmai.us/posts/7610303
brennus_(timeless_nocturne)_(azur_lane),azur_lane,"brennus (timeless nocturne) (azur lane), azur lane","1girl, white hair, blue eyes, blue kimono, dress, very long hair",https://danbooru.donmai.us/posts/9956890
brest_(azur_lane),azur_lane,"brest (azur lane), azur lane","1girl, blonde hair, aqua eyes, rigging, wings, white dress, see-through skirt, showgirl skirt, white shoes, long hair",https://danbooru.donmai.us/posts/6023863
brest_(marine_muse)_(azur_lane),azur_lane,"brest (marine muse) (azur lane), azur lane","1girl, blonde hair, swimsuit, long hair",https://danbooru.donmai.us/posts/5922601
brest_(moonlit_night's_spring_vista)_(azur_lane),azur_lane,"brest (moonlit night's spring vista) (azur lane), azur lane","1girl, blonde hair, blue eyes, pointy ears, red dress, very long hair",https://danbooru.donmai.us/posts/8719786
bristol_(azur_lane),azur_lane,"bristol (azur lane), azur lane","1girl, black hair, brown eyes, rigging, black dress, sleeveless dress, collared shirt, white shirt, black gloves, black hat, short hair",https://danbooru.donmai.us/posts/5088919
bristol_(tales_from_the_empery)_(azur_lane),azur_lane,"bristol (tales from the empery) (azur lane), azur lane","1girl, brown hair, brown eyes, black shoes, white hat, short hair",https://danbooru.donmai.us/posts/6008194
brooklyn_(azur_lane),azur_lane,"brooklyn (azur lane), azur lane","1girl, white hair, pink eyes, rigging, short dress, black thighhighs, elbow gloves, long hair",https://danbooru.donmai.us/posts/2929642
bulldog_(azur_lane),azur_lane,"bulldog (azur lane), azur lane","1girl, white hair, pink eyes, rigging, uniform, collared shirt, pleated skirt, two-tone shirt, white skirt, black thighhighs, short hair",https://danbooru.donmai.us/posts/2966628
bunker_hill_(azur_lane),azur_lane,"bunker hill (azur lane), azur lane","1girl, blonde hair, orange eyes, rigging, short dress, black pantyhose, blue boots, red necktie, very long hair",https://danbooru.donmai.us/posts/3457118
bunker_hill_(mission_relaxation)_(azur_lane),azur_lane,"bunker hill (mission relaxation) (azur lane), azur lane","1girl, blonde hair, brown eyes, black shorts, very long hair",https://danbooru.donmai.us/posts/4457533
bush_(azur_lane),azur_lane,"bush (azur lane), azur lane","1girl, purple hair, purple eyes, rigging, animal ears, white dress, hooded jacket, open jacket, anchor choker, animal hat, black choker, short hair",https://danbooru.donmai.us/posts/3230164
california_(azur_lane),azur_lane,"california (azur lane), azur lane","1girl, blonde hair, blue eyes, rigging, short dress, white dress, blue coat, open coat, jacket, black gloves, short hair",https://danbooru.donmai.us/posts/2931276
carabiniere_(azur_lane),azur_lane,"carabiniere (azur lane), azur lane","1girl, blonde hair, purple eyes, black jacket, black boots, black cape, black hat, brown thighhighs, knee boots",https://danbooru.donmai.us/posts/3655012
carabiniere_(refreshing_sundress)_(azur_lane),azur_lane,"carabiniere (refreshing sundress) (azur lane), azur lane","1girl, blonde hair, purple eyes, short hair",https://danbooru.donmai.us/posts/3655020
casablanca_(azur_lane),azur_lane,"casablanca (azur lane), azur lane","1girl, grey hair, purple eyes, rigging, blue jacket, blue skirt, open jacket, pleated skirt, sleeveless shirt, white shirt, long hair",https://danbooru.donmai.us/posts/3836614
casablanca_(cheer_squad_on_break)_(azur_lane),azur_lane,"casablanca (cheer squad on break) (azur lane), azur lane","1girl, grey hair, purple eyes, athletic leotard, highleg leotard, pleated skirt, white skirt, blue thighhighs, ribbed thighhighs, ponytail, very long hair",https://danbooru.donmai.us/posts/3836615
cassin_(retrofit)_(azur_lane),azur_lane,"cassin (retrofit) (azur lane), azur lane","1girl, black hair, orange eyes, rigging, blue shirt, print shirt, black thighhighs, ponytail, long hair",https://danbooru.donmai.us/posts/2943390
cassin_(shopping_carte_blanche)_(azur_lane),azur_lane,"cassin (shopping carte blanche) (azur lane), azur lane","1girl, black hair, red eyes, yellow eyes, school uniform, bike shorts, plaid skirt, pleated skirt, white shirt, black shoes, ponytail, long hair",https://danbooru.donmai.us/posts/4601816
cavalla_(azur_lane),azur_lane,"cavalla (azur lane), azur lane","1girl, blonde hair, brown eyes, bikini, swimsuit, ponytail",https://danbooru.donmai.us/posts/3582905
cavalla_(colorful_ceremony)_(azur_lane),azur_lane,"cavalla (colorful ceremony) (azur lane), azur lane","1girl, blonde hair, brown eyes, blue dress, frilled dress, white gloves, ponytail, very long hair",https://danbooru.donmai.us/posts/3976258
centaur_(azur_lane),azur_lane,"centaur (azur lane), azur lane","1girl, blonde hair, blue eyes, pointy ears, thighhighs, long hair",https://danbooru.donmai.us/posts/3230167
centaur_(beachside_undine)_(azur_lane),azur_lane,"centaur (beachside undine) (azur lane), azur lane","1girl, blonde hair, blue eyes, green eyes, pointy ears, white bikini, swimsuit, long hair",https://danbooru.donmai.us/posts/4411931
centaur_(sprightly_spring_wind)_(azur_lane),azur_lane,"centaur (sprightly spring wind) (azur lane), azur lane","1girl, blonde hair, green eyes, pointy ears, blue dress, elbow gloves, very long hair",https://danbooru.donmai.us/posts/3406076
champagne_(adulation_eternal)_(azur_lane),azur_lane,"champagne (adulation eternal) (azur lane), azur lane","1girl, blue hair, halo, rigging, halter dress, long dress, coat, very long hair",https://danbooru.donmai.us/posts/6380180
champagne_(azur_lane),azur_lane,"champagne (azur lane), azur lane","1girl, aqua hair, crown, rigging, sleeveless dress, white dress, armor, black gloves, black thighhighs, elbow gloves, very long hair",https://danbooru.donmai.us/posts/4002144
champagne_(lapis_lazuli's_first_dream)_(azur_lane),azur_lane,"champagne (lapis lazuli's first dream) (azur lane), azur lane","1girl, blue hair, blue eyes, horns, white kimono, black gloves, fur scarf, very long hair",https://danbooru.donmai.us/posts/5020279
chang_chun_(azur_lane),azur_lane,"chang chun (azur lane), azur lane","1girl, white hair, purple eyes, rigging, animal ears, blue coat, skirt, brown boots, hooded capelet, lace-up boots, white pantyhose, long hair",https://danbooru.donmai.us/posts/3017587
chang_chun_(fortune_arrives_in_red)_(azur_lane),azur_lane,"chang chun (fortune arrives in red) (azur lane), azur lane","1girl, white hair, purple eyes, red eyes, animal ears, black shorts, fur-trimmed coat, white coat, white boots, white hat, scarf",https://danbooru.donmai.us/posts/5989029
chang_chun_(retrofit)_(azur_lane),azur_lane,"chang chun (retrofit) (azur lane), azur lane","1girl, grey hair, pink eyes, rigging, black coat, fur-trimmed coat, fur-trimmed boots, high heel boots, white gloves, white pantyhose, long hair",https://danbooru.donmai.us/posts/5088962
chang_chun_(the_joy_of_spring)_(azur_lane),azur_lane,"chang chun (the joy of spring) (azur lane), azur lane","1girl, white hair, purple eyes, rigging, animal ears, red skirt, red shoes",https://danbooru.donmai.us/posts/3017596
chang_feng_(a_sky_blue_eclipsing_jade)_(azur_lane),azur_lane,"chang feng (a sky blue eclipsing jade) (azur lane), azur lane","1girl, black hair, brown eyes, aqua dress, frilled dress, aqua choker, white pantyhose, apron, hairband, twintails, very long hair",https://danbooru.donmai.us/posts/9382578
chang_feng_(azur_lane),azur_lane,"chang feng (azur lane), azur lane","1girl, black hair, maid, maid headdress, black dress, frilled dress, black shoes, frilled apron, maid apron, twintails, very long hair",https://danbooru.donmai.us/posts/8719295
chang_feng_(cozy_spring_cleaning)_(azur_lane),azur_lane,"chang feng (cozy spring cleaning) (azur lane), azur lane","1girl, black hair, red eyes, pantyhose, twintails, long hair",https://danbooru.donmai.us/posts/8746299
chang_wu_(azur_lane),azur_lane,"chang wu (azur lane), azur lane","1girl, grey hair, rigging, blue dress, black shoes, single leg pantyhose, long hair",https://danbooru.donmai.us/posts/10733874
chao_ho_(azur_lane),azur_lane,"chao ho (azur lane), azur lane","1girl, red hair, white hair, purple eyes, red dress, red shoes, white thighhighs, hair bun, long hair",https://danbooru.donmai.us/posts/4342794
chao_ho_(plum_blossom's_illumination)_(azur_lane),azur_lane,"chao ho (plum blossom's illumination) (azur lane), azur lane","1girl, red hair, purple eyes, black pantyhose, wet pantyhose, hair bun, long hair",https://danbooru.donmai.us/posts/4342789
chao_ho_(retrofit)_(azur_lane),azur_lane,"chao ho (retrofit) (azur lane), azur lane","1girl, red hair, white hair, purple eyes, rigging, red shoes, white thighhighs, hair bun, twintails",https://danbooru.donmai.us/posts/10736794
chapayev_(azur_lane),azur_lane,"chapayev (azur lane), azur lane","1girl, blue hair, blue eyes, rigging, military uniform, pleated skirt, white jacket, white skirt, black boots, black gloves, short hair",https://danbooru.donmai.us/posts/3801576
chapayev_(melody_of_the_white_cavalier)_(azur_lane),azur_lane,"chapayev (melody of the white cavalier) (azur lane), azur lane","1girl, blue hair, blue eyes, strapless dress, elbow gloves, lace-trimmed thighhighs, shoes, short hair",https://danbooru.donmai.us/posts/6359640
chapayev_(the_captive_cavalier)_(azur_lane),azur_lane,"chapayev (the captive cavalier) (azur lane), azur lane","1girl, blue hair, blue eyes, grey shirt, torn shirt, short hair",https://danbooru.donmai.us/posts/3802303
chapayev_(white_cavalier's_respite)_(azur_lane),azur_lane,"chapayev (white cavalier's respite) (azur lane), azur lane","1girl, blue hair, blue eyes, lace-trimmed dress, see-through dress, white socks, hairband, short hair",https://danbooru.donmai.us/posts/4381089
charles_ausburne_(azur_lane),azur_lane,"charles ausburne (azur lane), azur lane","1girl, blonde hair, purple eyes, rigging, blue dress, sailor dress, frilled shorts, puffy shorts, blue sailor collar, blue shoes, long hair",https://danbooru.donmai.us/posts/3877299
charles_ausburne_(retrofit)_(azur_lane),azur_lane,"charles ausburne (retrofit) (azur lane), azur lane","1girl, blonde hair, purple eyes, rigging, off-shoulder dress, sailor dress, school uniform, grey shoes, two-tone shoes, white gloves, very long hair",https://danbooru.donmai.us/posts/5674619
charybdis_(azur_lane),azur_lane,"charybdis (azur lane), azur lane","1girl, maid headdress, black shoes, black thighhighs, elbow gloves, frilled apron, maid apron",https://danbooru.donmai.us/posts/5088912
charybdis_(brilliant_belle)_(azur_lane),azur_lane,"charybdis (brilliant belle) (azur lane), azur lane","1girl, brown hair, brown eyes, off-shoulder dress, white dress, sun hat, shoes, long hair",https://danbooru.donmai.us/posts/5698466
charybdis_(prim_sea_breeze)_(azur_lane),azur_lane,"charybdis (prim sea breeze) (azur lane), azur lane","1girl, grey hair, grey eyes, swimsuit, sun hat, choker, long hair",https://danbooru.donmai.us/posts/5922600
charybdis_(red_chamber_of_healing)_(azur_lane),azur_lane,"charybdis (red chamber of healing) (azur lane), azur lane","1girl, black hair, black eyes, black shoes, white thighhighs, long hair",https://danbooru.donmai.us/posts/5088914
chaser_(azur_lane),azur_lane,"chaser (azur lane), azur lane","1girl, blonde hair, blue eyes, pleated skirt, white thighhighs, capelet, drill hair, very long hair",https://danbooru.donmai.us/posts/3401533
chaser_(gamer_style)_(azur_lane),azur_lane,"chaser (gamer style) (azur lane), azur lane","1girl, blonde hair, blue eyes, white dress, blue jacket, hooded jacket, black shoes, brown socks, choker, ponytail, long hair",https://danbooru.donmai.us/posts/3536332
chaser_(the_way_of_the_dragon_empery)_(azur_lane),azur_lane,"chaser (the way of the dragon empery) (azur lane), azur lane","1girl, blonde hair, blue eyes, dress, white thighhighs, long hair",https://danbooru.donmai.us/posts/3404305
chen_hai_(a_night_of_passion)_(azur_lane),azur_lane,"chen hai (a night of passion) (azur lane), azur lane","1girl, black hair, red dress, sleeveless dress, red shoes, white thighhighs, long hair",https://danbooru.donmai.us/posts/11522316
chen_hai_(azur_lane),azur_lane,"chen hai (azur lane), azur lane","1girl, black hair, purple eyes, white dress, black gloves, black thighhighs, white shoes, hairband, long hair",https://danbooru.donmai.us/posts/5088928
chen_hai_(cerulean_ripples)_(azur_lane),azur_lane,"chen hai (cerulean ripples) (azur lane), azur lane","1girl, black hair, purple eyes, backless dress, black dress, black gloves, black shoes, elbow gloves, pantyhose, long hair",https://danbooru.donmai.us/posts/5691070
chen_hai_(retrofit)_(azur_lane),azur_lane,"chen hai (retrofit) (azur lane), azur lane","1girl, black hair, red eyes, rigging, black dress, long dress, black gloves, elbow gloves, white shoes, thighhighs, long hair",https://danbooru.donmai.us/posts/7156389
chen_hai_(vestibule_of_wonders)_(azur_lane),azur_lane,"chen hai (vestibule of wonders) (azur lane), azur lane","1girl, black hair, purple eyes, black dress, sleeveless dress, black shoes, brown gloves, elbow gloves, long hair",https://danbooru.donmai.us/posts/5088932
cherbourg_(azur_lane),azur_lane,"cherbourg (azur lane), azur lane","1girl, grey hair, grey eyes, horns, rigging, white dress, black gloves, black shoes, elbow gloves, very long hair",https://danbooru.donmai.us/posts/11620457
cherbourg_(what's_inside_the_bear)_(azur_lane),azur_lane,"cherbourg (what's inside the bear) (azur lane), azur lane","1girl, white hair, grey eyes, very long hair",https://danbooru.donmai.us/posts/11629163
cheshire_(azur_lane),azur_lane,"cheshire (azur lane), azur lane","1girl, purple hair, aqua eyes, cat ears, maid, frilled dress, long dress, frilled apron, maid headdress, purple apron, white thighhighs, long hair",https://danbooru.donmai.us/posts/4002141
cheshire_(cait_sith_crooner)_(azur_lane),azur_lane,"cheshire (cait sith crooner) (azur lane), azur lane","1girl, aqua eyes, animal ears, purple dress, black hat, black shoes, black thighhighs, elbow gloves, fur-trimmed capelet, short hair",https://danbooru.donmai.us/posts/4342621
cheshire_(cheshire_cat's_fairytale_maze)_(azur_lane),azur_lane,"cheshire (cheshire cat's fairytale maze) (azur lane), azur lane","1girl, aqua hair, animal ears, tail, thong bikini, swimsuit, elbow gloves, striped thighhighs, hat, medium hair",https://danbooru.donmai.us/posts/12179088
cheshire_(the_cat_and_the_white_steed)_(azur_lane),azur_lane,"cheshire (the cat and the white steed) (azur lane), azur lane","1girl, grey hair, white dress, white hat",https://danbooru.donmai.us/posts/6004350
cheshire_(the_cat_in_the_magic_hat)_(azur_lane),azur_lane,"cheshire (the cat in the magic hat) (azur lane), azur lane","1girl, aqua hair, black hair, aqua eyes, animal ears, black bodysuit, see-through leotard, black pantyhose, boater hat, purple bowtie, purple shoes, short hair",https://danbooru.donmai.us/posts/7684632
cheshire_(white_seaside_melody)_(azur_lane),azur_lane,"cheshire (white seaside melody) (azur lane), azur lane","1girl, aqua hair, black hair, aqua eyes, frilled dress, wedding dress, showgirl skirt",https://danbooru.donmai.us/posts/9395987
chi_an_(azur_lane),azur_lane,"chi an (azur lane), azur lane","1girl, black hair, purple eyes, rigging, black dress, black pantyhose, black shoes, high-waist pantyhose, hair bun, very long hair",https://danbooru.donmai.us/posts/7156421
chi_an_(exotic_dreamland)_(azur_lane),azur_lane,"chi an (exotic dreamland) (azur lane), azur lane","1girl, purple hair, purple eyes, blue choker, very long hair",https://danbooru.donmai.us/posts/8929080
chi_an_(lanternlit_stroll)_(azur_lane),azur_lane,"chi an (lanternlit stroll) (azur lane), azur lane","1girl, black hair, purple eyes, black gloves, black shoes, elbow gloves, fishnet pantyhose, hair bun, very long hair",https://danbooru.donmai.us/posts/7156475
chicago_(azur_lane),azur_lane,"chicago (azur lane), azur lane","1girl, blonde hair, blue eyes, rigging, micro shorts, white shorts, black choker, elbow gloves, red boots, red gloves, drill hair, short hair",https://danbooru.donmai.us/posts/2931581
chien_wu_(all-nighter_masterpiece)_(azur_lane),azur_lane,"chien wu (all-nighter masterpiece) (azur lane), azur lane","1girl, black hair, red eyes, cropped shirt, white shirt, shorts, short hair",https://danbooru.donmai.us/posts/10631135
chien_wu_(azur_lane),azur_lane,"chien wu (azur lane), azur lane","1girl, black hair, red eyes, rigging, long dress, red dress, black boots, black gloves, half gloves, knee boots, long hair, medium hair",https://danbooru.donmai.us/posts/8719607
chien_wu_(dressed_for_just_tonight)_(azur_lane),azur_lane,"chien wu (dressed for just tonight) (azur lane), azur lane","1girl, black hair, red eyes, backless dress, blue dress, black shoes, brown thighhighs, lace-trimmed thighhighs, gloves, long hair, medium hair",https://danbooru.donmai.us/posts/8719650
chikuma_(azur_lane),azur_lane,"chikuma (azur lane), azur lane","1girl, brown hair, brown eyes, rabbit ears, rigging, short dress, pleated skirt, black thighhighs, white shoes, braid, long hair",https://danbooru.donmai.us/posts/4783498
chikuma_(premium_prize_on_the_table)_(azur_lane),azur_lane,"chikuma (premium prize on the table) (azur lane), azur lane","1girl, black hair, orange eyes, rabbit ears, tail, orange leotard, strapless leotard, black gloves, black thighhighs, yellow shoes, braid, long hair",https://danbooru.donmai.us/posts/8619778
chitose_(azur_lane),azur_lane,"chitose (azur lane), azur lane","1girl, red hair, purple eyes, rigging, pleated skirt, red skirt, very long hair",https://danbooru.donmai.us/posts/4107041
chitose_(mosaic_of_blending_colors)_(azur_lane),azur_lane,"chitose (mosaic of blending colors) (azur lane), azur lane","1girl, pink hair, pink eyes, black dress, long dress, black gloves, long hair",https://danbooru.donmai.us/posts/5401150
chitose_(summer_shine)_(azur_lane),azur_lane,"chitose (summer shine) (azur lane), azur lane","1girl, red hair, purple eyes, red bikini, string bikini, swimsuit, brown hat, sun hat, very long hair",https://danbooru.donmai.us/posts/6023807
chitose_(tea_amidst_the_lotus)_(azur_lane),azur_lane,"chitose (tea amidst the lotus) (azur lane), azur lane","1girl, red hair, fox ears, very long hair",https://danbooru.donmai.us/posts/10882466
chiyoda_(azur_lane),azur_lane,"chiyoda (azur lane), azur lane","1girl, red hair, purple eyes, animal ears, red skirt, white thighhighs, long hair, short hair",https://danbooru.donmai.us/posts/4101102
chiyoda_(shimmering_surf)_(azur_lane),azur_lane,"chiyoda (shimmering surf) (azur lane), azur lane","1girl, red hair, red eyes, fox ears, red bikini, string bikini, swimsuit, black choker, medium hair",https://danbooru.donmai.us/posts/4107036
chiyoda_(wine_amidst_the_leaves)_(azur_lane),azur_lane,"chiyoda (wine amidst the leaves) (azur lane), azur lane","1girl, red hair, fox ears, short hair",https://danbooru.donmai.us/posts/10882459
chkalov_(azur_lane),azur_lane,"chkalov (azur lane), azur lane","1girl, grey hair, yellow eyes, rigging, black shirt, lab coat, pencil skirt, white coat, white skirt, black choker, long hair",https://danbooru.donmai.us/posts/5507790
chkalov_(seaside_sunset)_(azur_lane),azur_lane,"chkalov (seaside sunset) (azur lane), azur lane","1girl, black hair, brown eyes, black bikini, highleg bikini, swimsuit, shirt, ponytail, long hair",https://danbooru.donmai.us/posts/5922599
choukai_(azur_lane),azur_lane,"choukai (azur lane), azur lane","1girl, black hair, orange eyes, rigging, animal ears, collared shirt, pleated skirt, white shirt, black shoes, black thighhighs, blue bowtie, long hair",https://danbooru.donmai.us/posts/3147162
choukai_(steal_your_heart)_(azur_lane),azur_lane,"choukai (steal your heart) (azur lane), azur lane","1girl, black hair, brown eyes, animal ears, tail, black leotard, black pantyhose, black thighhighs, long hair",https://danbooru.donmai.us/posts/11001954
choukai_(tidy_store_tidy_mind)_(azur_lane),azur_lane,"choukai (tidy store tidy mind) (azur lane), azur lane","1girl, brown hair, yellow eyes, maid, maid headdress, white thighhighs, long hair",https://danbooru.donmai.us/posts/5018480
clemenceau_(azur_lane),azur_lane,"clemenceau (azur lane), azur lane","1girl, brown hair, red eyes, crown, halo, black dress, long dress, black cape, black gloves, black shoes, elbow gloves, very long hair",https://danbooru.donmai.us/posts/6597991
clemenceau_(splendid_breeze)_(azur_lane),azur_lane,"clemenceau (splendid breeze) (azur lane), azur lane","1girl, brown hair, red eyes, black skirt, collared shirt, pencil skirt, sleeveless shirt, black hat, white gloves, ponytail, long hair",https://danbooru.donmai.us/posts/6597995
cleopatra_(azur_lane),azur_lane,"cleopatra (azur lane), azur lane","1girl, black hair, purple hair, purple eyes, maid, rigging, black dress, frilled dress, black gloves, black necktie, black shoes, maid apron",https://danbooru.donmai.us/posts/9350328
cleopatra_(stars_and_roses)_(azur_lane),azur_lane,"cleopatra (stars and roses) (azur lane), azur lane","1girl, black hair, purple hair, purple eyes, maid headdress, animal ears, bikini armor, black bikini, highleg bikini, swimsuit, choker, very long hair",https://danbooru.donmai.us/posts/9323647
clevelad_(azur_lane),azur_lane,"clevelad (azur lane), azur lane","1girl, brown hair, red eyes, rigging, black skirt, blue shirt, pleated skirt, black gloves, blue socks, fingerless gloves",https://danbooru.donmai.us/posts/3982370
cleveland_(azur_lane),azur_lane,"cleveland (azur lane), azur lane","1girl, blonde hair, red eyes, rigging, skirt, black gloves, fingerless gloves, platform shoes, multicolored socks, long hair",https://danbooru.donmai.us/posts/2893267
cleveland_(gentry_knight)_(azur_lane),azur_lane,"cleveland (gentry knight) (azur lane), azur lane","1girl, blonde hair, red eyes, collared shirt, black necktie, striped necktie, long hair",https://danbooru.donmai.us/posts/3256328
cleveland_(golden_conductor)_(azur_lane),azur_lane,"cleveland (golden conductor) (azur lane), azur lane","1girl, blonde hair, red eyes, black jacket, black shorts, short shorts, black thighhighs, red bowtie, long hair",https://danbooru.donmai.us/posts/6359646
cleveland_(heartfelt_moment)_(azur_lane),azur_lane,"cleveland (heartfelt moment) (azur lane), azur lane","1girl, blonde hair, red eyes, wedding dress, white dress, top hat, shoes, thighhighs, long hair",https://danbooru.donmai.us/posts/3364965
cleveland_(knight_of_the_pop-up_shop)_(azur_lane),azur_lane,"cleveland (knight of the pop-up shop) (azur lane), azur lane","1girl, orange hair, red eyes, rabbit ears, highleg leotard, see-through dress, strapless dress, black jacket, open jacket, black shoes, long hair",https://danbooru.donmai.us/posts/7005447
cleveland_(reaper_fever)_(azur_lane),azur_lane,"cleveland (reaper fever) (azur lane), azur lane","1girl, blonde hair, red eyes, horns, pointy ears, black shorts, shirt, black cape, black gloves, black hat, black shoes, long hair",https://danbooru.donmai.us/posts/2967507
cleveland_(southbound_journey)_(azur_lane),azur_lane,"cleveland (southbound journey) (azur lane), azur lane","1girl, blonde hair, red eyes, black pants, red jacket, sleeveless shirt, tight pants, white shoes, choker, side ponytail",https://danbooru.donmai.us/posts/5926097
collett_(azur_lane),azur_lane,"collett (azur lane), azur lane","1girl, grey hair, purple eyes, rigging, black jacket, see-through jacket, black boots, black gloves, thighhighs, short hair",https://danbooru.donmai.us/posts/11983421
collett_(full-auto_maintenance)_(azur_lane),azur_lane,"collett (full-auto maintenance) (azur lane), azur lane","1girl, grey hair, grey eyes, blue gloves, white thighhighs, side ponytail",https://danbooru.donmai.us/posts/11983510
colorado_(azur_lane),azur_lane,"colorado (azur lane), azur lane","1girl, white hair, red eyes, rigging, sleeveless dress, coat, jacket, lace-up boots, thigh boots, thighhighs, long hair",https://danbooru.donmai.us/posts/3297428
colorado_(retrofit)_(azur_lane),azur_lane,"colorado (retrofit) (azur lane), azur lane","1girl, blue hair, white hair, yellow eyes, rigging, black leotard, black hairband, black thighhighs, thigh boots, very long hair",https://danbooru.donmai.us/posts/7756941
colorado_(traveling_melody)_(azur_lane),azur_lane,"colorado (traveling melody) (azur lane), azur lane","1girl, white hair, red eyes, black jacket, open jacket, black hairband, black shoes, black thighhighs, scarf, braid, long hair",https://danbooru.donmai.us/posts/4986353
columbia_(across_the_vast_prairies)_(azur_lane),azur_lane,"columbia (across the vast prairies) (azur lane), azur lane","1girl, blonde hair, red eyes, jacket, white boots, long hair",https://danbooru.donmai.us/posts/5089055
columbia_(after-school_odette)_(azur_lane),azur_lane,"columbia (after-school odette) (azur lane), azur lane","1girl, brown hair, pink eyes, school uniform, blue jacket, blue skirt, white shirt, black shoes, white socks, long hair",https://danbooru.donmai.us/posts/3800590
columbia_(azur_lane),azur_lane,"columbia (azur lane), azur lane","1girl, blonde hair, pink eyes, rigging, striped thighhighs, white boots, long hair",https://danbooru.donmai.us/posts/3060301
comet_(azur_lane),azur_lane,"comet (azur lane), azur lane","1girl, green hair, pink eyes, rigging, blue skirt, frilled skirt, white shirt, black shoes, blue choker, blue necktie, twintails, long hair",https://danbooru.donmai.us/posts/2944095
comet_(retrofit)_(azur_lane),azur_lane,"comet (retrofit) (azur lane), azur lane","1girl, green hair, pink eyes, rigging, blue skirt, collared shirt, plaid skirt, white shirt, black choker, star choker, twintails, long hair",https://danbooru.donmai.us/posts/2966618
concord_(azur_lane),azur_lane,"concord (azur lane), azur lane","1girl, blonde hair, red eyes, cat ears, rigging, hooded jacket, open jacket, pleated skirt, white skirt, black thighhighs, boots, twintails",https://danbooru.donmai.us/posts/3312604
concord_(red_apple_candy)_(azur_lane),azur_lane,"concord (red apple candy) (azur lane), azur lane","1girl, blonde hair, red eyes, cat ears, rigging, pink kimono, white skirt, shoes, twintails, long hair",https://danbooru.donmai.us/posts/3317611
concord_(sweet_christmas)_(azur_lane),azur_lane,"concord (sweet christmas) (azur lane), azur lane","1girl, blonde hair, red eyes, cat ears, skirt, black pantyhose, elbow gloves, thighband pantyhose, white gloves, capelet, twintails",https://danbooru.donmai.us/posts/3779154
constellation_(azur_lane),azur_lane,"constellation (azur lane), azur lane","1girl, blue hair, purple eyes, halo, rigging, sleeveless dress, white dress, black thighhighs, elbow gloves, white gloves, very long hair",https://danbooru.donmai.us/posts/6985745
constellation_(galaxy's_finest)_(azur_lane),azur_lane,"constellation (galaxy's finest) (azur lane), azur lane","1girl, blue hair, purple eyes, rabbit ears, highleg leotard, see-through leotard, blue bowtie, blue necktie, white pantyhose, hairband, very long hair",https://danbooru.donmai.us/posts/7011412
conte_di_cavour_(azur_lane),azur_lane,"conte di cavour (azur lane), azur lane","1girl, yellow eyes, cape, hat, thighhighs, short hair",https://danbooru.donmai.us/posts/3623930
conte_di_cavour_(fierce_beachside_battle)_(azur_lane),azur_lane,"conte di cavour (fierce beachside battle) (azur lane), azur lane","1girl, grey hair, yellow eyes, swimsuit, short hair",https://danbooru.donmai.us/posts/4481625
cooper_(azur_lane),azur_lane,"cooper (azur lane), azur lane","1girl, black hair, pink eyes, rigging, pleated skirt, white skirt, black thighhighs, short hair",https://danbooru.donmai.us/posts/3846897
cooper_(heartwarming_holiday_hearth)_(azur_lane),azur_lane,"cooper (heartwarming holiday hearth) (azur lane), azur lane","1girl, black hair, red eyes, black boots, black gloves, fingerless gloves, fur-trimmed boots, medium hair",https://danbooru.donmai.us/posts/6086670
cowpens_(azur_lane),azur_lane,"cowpens (azur lane), azur lane","1girl, brown hair, brown eyes, horns, rigging, black shorts, black gloves, black thighhighs, elbow gloves, drill hair",https://danbooru.donmai.us/posts/10495522
cowpens_(milky_ministrations)_(azur_lane),azur_lane,"cowpens (milky ministrations) (azur lane), azur lane","1girl, horns, maid, string bikini, thong bikini, swimsuit, elbow gloves, maid headdress, red shoes, long hair",https://danbooru.donmai.us/posts/10495529
craven_(azur_lane),azur_lane,"craven (azur lane), azur lane","1girl, purple hair, orange eyes, rigging, blue jacket, pleated skirt, white skirt, white shoes, white thighhighs, drill hair, long hair",https://danbooru.donmai.us/posts/2958359
craven_(cheerleader_on_the_playground)_(azur_lane),azur_lane,"craven (cheerleader on the playground) (azur lane), azur lane","1girl, purple hair, orange eyes, school uniform, blue skirt, pleated skirt, white shirt, black choker, black shoes, drill hair, long hair",https://danbooru.donmai.us/posts/3077026
crescent_(azur_lane),azur_lane,"crescent (azur lane), azur lane","1girl, blonde hair, pink eyes, rigging, frilled skirt, pink skirt, white shirt, black shoes, black socks, mini hat, braid, long hair",https://danbooru.donmai.us/posts/2944097
crescent_(retrofit)_(azur_lane),azur_lane,"crescent (retrofit) (azur lane), azur lane","1girl, blonde hair, pink eyes, rigging, collared shirt, pink skirt, plaid skirt, white shirt, black choker, black shoes, braid, very long hair",https://danbooru.donmai.us/posts/2966611
curacoa_(azur_lane),azur_lane,"curacoa (azur lane), azur lane","1girl, black hair, brown eyes, maid, maid headdress, red necktie, long hair",https://danbooru.donmai.us/posts/3395089
curacoa_(eastern_grace)_(azur_lane),azur_lane,"curacoa (eastern grace) (azur lane), azur lane","1girl, purple hair, blue eyes, blue dress, shoes, braid, hair bun",https://danbooru.donmai.us/posts/3406083
curacoa_(retrofit)_(azur_lane),azur_lane,"curacoa (retrofit) (azur lane), azur lane","1girl, black hair, blue eyes, maid, maid headdress, dress, brown boots, knee boots, apron, long hair",https://danbooru.donmai.us/posts/3536337
curlew_(azur_lane),azur_lane,"curlew (azur lane), azur lane","1girl, purple hair, blue eyes, maid, maid headdress, dress, black shoes, apron, braid, long hair",https://danbooru.donmai.us/posts/3406085
curlew_(retrofit)_(azur_lane),azur_lane,"curlew (retrofit) (azur lane), azur lane","1girl, purple hair, blue eyes, maid, maid headdress, dress, black shoes, apron, braid, long hair",https://danbooru.donmai.us/posts/3536336
curlew_(rhythm_of_the_dragon_empery)_(azur_lane),azur_lane,"curlew (rhythm of the dragon empery) (azur lane), azur lane","1girl, purple hair, blue eyes, rigging, red dress, taut dress, black shoes, brown gloves, braid, hair bun",https://danbooru.donmai.us/posts/3406082
cygnet_(an_offer_to_be_maid)_(azur_lane),azur_lane,"cygnet (an offer to be maid) (azur lane), azur lane","1girl, white hair, red eyes, dress, maid apron, white thighhighs, hair bun",https://danbooru.donmai.us/posts/3453443
cygnet_(azur_lane),azur_lane,"cygnet (azur lane), azur lane","1girl, white hair, red eyes, rigging, school uniform, plaid skirt, black thighhighs, hat, necktie, hair bun, long hair",https://danbooru.donmai.us/posts/2809151
cygnet_(holy_night's_hymn)_(azur_lane),azur_lane,"cygnet (holy night's hymn) (azur lane), azur lane","1girl, white hair, pink eyes, skirt, red gloves, santa hat, white thighhighs, braid, long hair",https://danbooru.donmai.us/posts/2957598
cygnet_(royal_fanfare)_(azur_lane),azur_lane,"cygnet (royal fanfare) (azur lane), azur lane","1girl, white hair, red eyes, collared shirt, pleated skirt, purple skirt, sleeveless shirt, elbow gloves, white gloves, hair bun, very long hair",https://danbooru.donmai.us/posts/3836619
cygnet_(sea_star_on_shore)_(azur_lane),azur_lane,"cygnet (sea star on shore) (azur lane), azur lane","1girl, white hair, red eyes, plaid bikini, string bikini, swimsuit, straw hat",https://danbooru.donmai.us/posts/3854352
cygnet_(winter_date)_(azur_lane),azur_lane,"cygnet (winter date) (azur lane), azur lane","1girl, white hair, red eyes, kimono, hair bun, long hair",https://danbooru.donmai.us/posts/3364967
dace_(azur_lane),azur_lane,"dace (azur lane), azur lane","1girl, pink hair, blue eyes, rigging, blue one-piece swimsuit, highleg one-piece swimsuit, asymmetrical gloves, black gloves, blue socks, medium hair",https://danbooru.donmai.us/posts/3143301
daisen_(azur_lane),azur_lane,"daisen (azur lane), azur lane","1girl, black hair, black eyes, rigging, animal ears, kimono, hakama skirt, white thighhighs, very long hair",https://danbooru.donmai.us/posts/8624054
daisen_(bunny_priestess_in_prayer)_(azur_lane),azur_lane,"daisen (bunny priestess in prayer) (azur lane), azur lane","1girl, black hair, grey eyes, rabbit ears, highleg leotard, red leotard, white kimono, hakama skirt, red skirt, braid, long hair",https://danbooru.donmai.us/posts/8619807
de_zeven_provincien_(azur_lane),azur_lane,"de zeven provincien (azur lane), azur lane","1girl, green hair, green eyes, halo, pointy ears, white dress, thighhighs, twintails, very long hair",https://danbooru.donmai.us/posts/9203284
de_zeven_provincien_(snuggling_for_warmth)_(azur_lane),azur_lane,"de zeven provincien (snuggling for warmth) (azur lane), azur lane","1girl, green hair, green eyes, pointy ears, long hair",https://danbooru.donmai.us/posts/9203305
denver_(azur_lane),azur_lane,"denver (azur lane), azur lane","1girl, grey hair, blue eyes, rigging, black dress, short dress, open coat, white coat, black boots, knee boots, twintails, short hair",https://danbooru.donmai.us/posts/3060298
denver_(steam_dream)_(azur_lane),azur_lane,"denver (steam dream) (azur lane), azur lane","1girl, black bikini, o-ring bikini, swimsuit, medium hair",https://danbooru.donmai.us/posts/9782492
deutschland_(azur_lane),azur_lane,"deutschland (azur lane), azur lane","1girl, grey hair, red hair, blue eyes, rigging, military uniform, black boots, black hat, lace-up boots, long hair",https://danbooru.donmai.us/posts/3147177
deutschland_(dark_demon_princess)_(azur_lane),azur_lane,"deutschland (dark demon princess) (azur lane), azur lane","1girl, grey hair, red hair, pointy ears, black dress, torn dress, black cape, torn cape, long hair",https://danbooru.donmai.us/posts/2967783
deutschland_(demon_princess'_dark_hour_banquet)_(azur_lane),azur_lane,"deutschland (demon princess' dark hour banquet) (azur lane), azur lane","1girl, black hair, red hair, blue eyes, rigging, black dress, frilled dress, black boots, black pantyhose, lace-up boots, very long hair",https://danbooru.donmai.us/posts/3632613
deutschland_(lantern-lit_ruler)_(azur_lane),azur_lane,"deutschland (lantern-lit ruler) (azur lane), azur lane","1girl, black hair, blue eyes, red dress, red shoes, pantyhose",https://danbooru.donmai.us/posts/3764431
devonshire_(azur_lane),azur_lane,"devonshire (azur lane), azur lane","1girl, purple eyes, yellow eyes, maid, maid headdress, dress, ankle boots, black gloves, high heel boots, thighhighs, long hair",https://danbooru.donmai.us/posts/7411313
devonshire_(sadistic_demon)_(azur_lane),azur_lane,"devonshire (sadistic demon) (azur lane), azur lane","1girl, purple hair, yellow eyes, horns, tail, black cape, torn thighhighs, long hair",https://danbooru.donmai.us/posts/7386922
dewey_(a_christmas_thank-you)_(azur_lane),azur_lane,"dewey (a christmas thank-you) (azur lane), azur lane","1girl, purple hair, yellow eyes, maid headdress, animal ears, frilled dress, off-shoulder dress, frilled hairband, fur-trimmed capelet, red capelet, very long hair",https://danbooru.donmai.us/posts/3779146
dewey_(azur_lane),azur_lane,"dewey (azur lane), azur lane","1girl, purple hair, brown eyes, rigging, blue skirt, pleated skirt, sleeveless shirt, anchor choker, black choker, elbow gloves, very long hair",https://danbooru.donmai.us/posts/3456131
dewey_(summer_longing)_(azur_lane),azur_lane,"dewey (summer longing) (azur lane), azur lane","1girl, pink hair, purple hair, blue bikini, cross-laced bikini, swimsuit, bikini skirt, mini hat, white hat, twintails, very long hair",https://danbooru.donmai.us/posts/3647362
dido_(anxious_bisque_doll)_(azur_lane),azur_lane,"dido (anxious bisque doll) (azur lane), azur lane","1girl, grey hair, wings, halter dress, long dress, purple hairband, long hair",https://danbooru.donmai.us/posts/3975269
dido_(azur_lane),azur_lane,"dido (azur lane), azur lane","1girl, white hair, purple eyes, maid, rigging, anchor choker, frilled choker, lace-trimmed hairband, maid apron, waist apron, thighhighs, long hair",https://danbooru.donmai.us/posts/3759220
dmitri_donskoi_(azur_lane),azur_lane,"dmitri donskoi (azur lane), azur lane","1girl, white hair, purple eyes, rigging, blue skirt, pleated skirt, white coat, white jacket, black cape, white pantyhose, twintails, very long hair",https://danbooru.donmai.us/posts/9611507
dmitri_donskoi_(bedside_bunny)_(azur_lane),azur_lane,"dmitri donskoi (bedside bunny) (azur lane), azur lane","1girl, white hair, blue eyes, rabbit ears, blue leotard, blue bowtie, white pantyhose, very long hair",https://danbooru.donmai.us/posts/10567916
dolphin_(azur_lane),azur_lane,"dolphin (azur lane), azur lane","1girl, white hair, blue eyes, open dress, white dress, pirate hat",https://danbooru.donmai.us/posts/8334325
dolphin_(incantation_of_revival)_(azur_lane),azur_lane,"dolphin (incantation of revival) (azur lane), azur lane","1girl, white hair, blue eyes, twintails, very long hair",https://danbooru.donmai.us/posts/8338513
dorsetshire_(azur_lane),azur_lane,"dorsetshire (azur lane), azur lane","1girl, brown hair, blue eyes, rigging, black skirt, black hairband, black thighhighs, brown boots, capelet, long hair",https://danbooru.donmai.us/posts/2951165
downes_(part-time_bomber)_(azur_lane),azur_lane,"downes (part-time bomber) (azur lane), azur lane","1girl, white hair, red eyes, yellow eyes, school uniform, black skirt, pleated skirt, white shirt, twintails",https://danbooru.donmai.us/posts/4601825
downes_(retrofit)_(azur_lane),azur_lane,"downes (retrofit) (azur lane), azur lane","1girl, red hair, white hair, red eyes, yellow eyes, rigging, cropped jacket, print shirt, strapless shirt, black choker, black shoes, black thighhighs",https://danbooru.donmai.us/posts/2943388
drake_(azur_lane),azur_lane,"drake (azur lane), azur lane","1girl, grey hair, orange eyes, rigging, short dress, strapless dress, black boots, black cape, black gloves, elbow gloves, side ponytail, long hair",https://danbooru.donmai.us/posts/4002139
drake_(the_golden_hind's_respite)_(azur_lane),azur_lane,"drake (the golden hind's respite) (azur lane), azur lane","1girl, grey hair, brown eyes, string bikini, white bikini, swimsuit, ponytail, very long hair",https://danbooru.donmai.us/posts/4059301
duca_degli_abruzzi_(azur_lane),azur_lane,"duca degli abruzzi (azur lane), azur lane","1girl, brown hair, red eyes, halo, rigging, red skirt, black gloves, elbow gloves, green cape, red necktie, pantyhose, short hair",https://danbooru.donmai.us/posts/4481263
duguay-trouin_(azur_lane),azur_lane,"duguay-trouin (azur lane), azur lane","1girl, grey hair, purple eyes, rigging, black dress, black gloves, black shoes, black thighhighs, blue bowtie, very long hair",https://danbooru.donmai.us/posts/9911717
duguay-trouin_(covetous_bathgoer)_(azur_lane),azur_lane,"duguay-trouin (covetous bathgoer) (azur lane), azur lane","1girl, grey hair, purple eyes, braid, very long hair",https://danbooru.donmai.us/posts/9946503
duisburg_(azur_lane),azur_lane,"duisburg (azur lane), azur lane","1girl, red hair, white hair, purple eyes, rigging, wings, black jacket, ankle boots, black boots, black gloves, black thighhighs, medium hair",https://danbooru.donmai.us/posts/8587029
duke_of_york_(azur_lane),azur_lane,"duke of york (azur lane), azur lane","1girl, pink hair, blue eyes, pointy ears, rigging, black skirt, pleated skirt, red jacket, red shirt, black cape, black gloves, long hair",https://danbooru.donmai.us/posts/3033369
duke_of_york_(eternal_night's_carola)_(azur_lane),azur_lane,"duke of york (eternal night's carola) (azur lane), azur lane","1girl, pink hair, red hair, red eyes, pointy ears, black dress, black gloves, fishnet thighhighs, choker, long hair",https://danbooru.donmai.us/posts/3400881
duke_of_york_(prestige_of_the_glorious_formula)_(azur_lane),azur_lane,"duke of york (prestige of the glorious formula) (azur lane), azur lane","1girl, pink hair, blue eyes, pointy ears, leotard, black gloves, black thighhighs, very long hair",https://danbooru.donmai.us/posts/3975154
duke_of_york_(the_chic_counselor)_(azur_lane),azur_lane,"duke of york (the chic counselor) (azur lane), azur lane","1girl, pink hair, blue eyes, pointy ears, pantyhose, long hair",https://danbooru.donmai.us/posts/7800971
duncan_(azur_lane),azur_lane,"duncan (azur lane), azur lane","1girl, grey hair, grey eyes, rigging, black skirt, high-waist skirt, black boots, black gloves, black pantyhose, elbow gloves",https://danbooru.donmai.us/posts/11756447
dunkerque_(afternoon_venus)_(azur_lane),azur_lane,"dunkerque (afternoon venus) (azur lane), azur lane","1girl, grey hair, pink eyes, rigging, white dress, open jacket, white jacket, black hat, lace-up boots, long hair",https://danbooru.donmai.us/posts/3552455
dunkerque_(azur_lane),azur_lane,"dunkerque (azur lane), azur lane","1girl, grey hair, pink eyes, rigging, red dress, two-tone dress, black jacket, black gloves, brown thighhighs, knee boots, long hair",https://danbooru.donmai.us/posts/3202439
dunkerque_(summer_sucre)_(azur_lane),azur_lane,"dunkerque (summer sucre) (azur lane), azur lane","1girl, grey hair, red eyes, purple bikini, string bikini, swimsuit, straw hat, sun hat, choker, braid, ponytail",https://danbooru.donmai.us/posts/3209692
dupleix_(azur_lane),azur_lane,"dupleix (azur lane), azur lane","1girl, black hair, rigging, white dress, coat, armored boots, black boots, black thighhighs, red cape, long hair",https://danbooru.donmai.us/posts/7915281
dupleix_(final_check)_(azur_lane),azur_lane,"dupleix (final check) (azur lane), azur lane","1girl, black hair, purple eyes, highleg leotard, black boots, black gloves, black thighhighs, high heel boots, red necktie, long hair",https://danbooru.donmai.us/posts/7889306
duquesne_(azur_lane),azur_lane,"duquesne (azur lane), azur lane","1girl, purple hair, red eyes, horns, rigging, black boots, black thighhighs, knee boots, very long hair",https://danbooru.donmai.us/posts/9911181
duquesne_(wetness_of_a_crimson_night)_(azur_lane),azur_lane,"duquesne (wetness of a crimson night) (azur lane), azur lane","1girl, purple hair, red eyes, very long hair",https://danbooru.donmai.us/posts/9782254
eagle_(azur_lane),azur_lane,"eagle (azur lane), azur lane","1girl, grey hair, brown eyes, wings, black boots, black gloves, black hairband, black hat, elbow gloves, red capelet, braid, long hair",https://danbooru.donmai.us/posts/4006633
eagle_(eagle's_clinic)_(azur_lane),azur_lane,"eagle (eagle's clinic) (azur lane), azur lane","1girl, grey hair, yellow eyes, white shoes, pantyhose, long hair",https://danbooru.donmai.us/posts/4009650
echo_(azur_lane),azur_lane,"echo (azur lane), azur lane","1girl, blonde hair, pink hair, red eyes, red skirt, sleeveless shirt, white shirt, black shoes, elbow gloves, open-toe shoes, twintails, very long hair",https://danbooru.donmai.us/posts/3515602
edinburgh_(azur_lane),azur_lane,"edinburgh (azur lane), azur lane","1girl, purple hair, blue eyes, rigging, frilled dress, strapless dress, blue gloves, blue shoes, lace-trimmed apron, maid apron, braid, long hair",https://danbooru.donmai.us/posts/2961760
edinburgh_(candy_maid)_(azur_lane),azur_lane,"edinburgh (candy maid) (azur lane), azur lane","1girl, white hair, blue eyes, brown skirt, white shirt, black shoes, striped bowtie, white thighhighs, headdress, braid, long hair",https://danbooru.donmai.us/posts/3666812
edinburgh_(the_library_fairy)_(azur_lane),azur_lane,"edinburgh (the library fairy) (azur lane), azur lane","1girl, white hair, grey eyes, rigging, school uniform, blue jacket, collared shirt, grey skirt, open jacket, plaid skirt, braid, long hair",https://danbooru.donmai.us/posts/3065374
elbe_(azur_lane),azur_lane,"elbe (azur lane), azur lane","1girl, white hair, rigging, black dress, frilled dress, skirt, black boots, black gloves, black hat, long hair",https://danbooru.donmai.us/posts/5017657
elbe_(pure-hearted_bad_girl)_(azur_lane),azur_lane,"elbe (pure-hearted bad girl) (azur lane), azur lane","1girl, black hair, white hair, pink eyes, black skirt, brown sweater, off-shoulder sweater, pencil skirt, ankle boots, black boots, very long hair",https://danbooru.donmai.us/posts/6054308
elbing_(azur_lane),azur_lane,"elbing (azur lane), azur lane","1girl, grey hair, blue eyes, red eyes, rigging, military uniform, grey skirt, coat, black boots, black gloves, black hat, very long hair",https://danbooru.donmai.us/posts/5311461
elbing_(beauty_beneath_the_spring_limelight)_(azur_lane),azur_lane,"elbing (beauty beneath the spring limelight) (azur lane), azur lane","1girl, white hair, blue eyes, red eyes, white dress, black shoes, hair bun, very long hair",https://danbooru.donmai.us/posts/7156487
elbing_(sleepless_night's_wishes)_(azur_lane),azur_lane,"elbing (sleepless night's wishes) (azur lane), azur lane","1girl, white hair, blue eyes, red eyes, twintails, very long hair",https://danbooru.donmai.us/posts/5848702
elbing_(the_throne_of_misfortune)_(azur_lane),azur_lane,"elbing (the throne of misfortune) (azur lane), azur lane","1girl, white hair, blue eyes, red eyes, white dress, brown pantyhose, red hairband, torn pantyhose, very long hair",https://danbooru.donmai.us/posts/5317857
eldridge_(after-school_good_girl)_(azur_lane),azur_lane,"eldridge (after-school good girl) (azur lane), azur lane","1girl, blonde hair, school hat, yellow hat, hair bun",https://danbooru.donmai.us/posts/7755806
eldridge_(afternoon_worship_in_the_woods)_(azur_lane),azur_lane,"eldridge (afternoon worship in the woods) (azur lane), azur lane","1girl, blonde hair, purple eyes, red eyes, halo, tiara, sleeveless dress, wedding dress, blue shoes, white thighhighs, twintails, very long hair",https://danbooru.donmai.us/posts/7678318
eldridge_(azur_lane),azur_lane,"eldridge (azur lane), azur lane","1girl, blonde hair, orange eyes, rigging, short dress, white dress, black shoes, white thighhighs, twintails, very long hair",https://danbooru.donmai.us/posts/2948150
eldridge_(electrifying_moon-viewing)_(azur_lane),azur_lane,"eldridge (electrifying moon-viewing) (azur lane), azur lane","1girl, blonde hair, red eyes, hair bun, very long hair",https://danbooru.donmai.us/posts/12187487
eldridge_(holy_night's_embrace)_(azur_lane),azur_lane,"eldridge (holy night's embrace) (azur lane), azur lane","1girl, blonde hair, red eyes, green skirt, red boots, red gloves, twintails, very long hair",https://danbooru.donmai.us/posts/2957570
eldridge_(kitty_idol)_(azur_lane),azur_lane,"eldridge (kitty idol) (azur lane), azur lane","1girl, blonde hair, red eyes, animal ears, orange skirt, pleated skirt, black thighhighs, paw gloves, paw shoes, striped thighhighs, twintails, very long hair",https://danbooru.donmai.us/posts/3672288
eldridge_(moon_festival_spacewalk)_(azur_lane),azur_lane,"eldridge (moon festival spacewalk) (azur lane), azur lane","1girl, blonde hair, red eyes, rabbit ears, bodysuit, white gloves, hair bun, long hair",https://danbooru.donmai.us/posts/4783606
eldridge_(new_year's_outing)_(azur_lane),azur_lane,"eldridge (new year's outing) (azur lane), azur lane","1girl, blonde hair, pink eyes, kimono, black gloves, brown boots, high heel boots, hair bun, short hair",https://danbooru.donmai.us/posts/3364962
eldridge_(retrofit)_(azur_lane),azur_lane,"eldridge (retrofit) (azur lane), azur lane","1girl, blonde hair, red eyes, halo, rigging, white one-piece swimsuit, dress, white jacket, thigh boots, white boots, white thighhighs, twintails",https://danbooru.donmai.us/posts/8005266
eldridge_(the_inquisitive_recluse)_(azur_lane),azur_lane,"eldridge (the inquisitive recluse) (azur lane), azur lane","1girl, blonde hair, red eyes, school uniform, collared shirt, grey skirt, white shirt, jacket, black choker, very long hair",https://danbooru.donmai.us/posts/3065373
emanuele_pessagno_(azur_lane),azur_lane,"emanuele pessagno (azur lane), azur lane","1girl, pink hair, pink eyes, rigging, black dress, frilled dress, cape, very long hair",https://danbooru.donmai.us/posts/5674574
emanuele_pessagno_(backstage_blunders)_(azur_lane),azur_lane,"emanuele pessagno (backstage blunders) (azur lane), azur lane","1girl, pink hair, pink eyes, skirt, white thighhighs, twintails, long hair",https://danbooru.donmai.us/posts/5543719
emden_(azur_lane),azur_lane,"emden (azur lane), azur lane","1girl, blue hair, white hair, red eyes, tiara, black dress, short dress, leotard, high heel boots, thigh boots, thighhighs, long hair",https://danbooru.donmai.us/posts/5308976
emden_(moonsilver_union)_(azur_lane),azur_lane,"emden (moonsilver union) (azur lane), azur lane","1girl, white hair, blue eyes, red eyes, black dress, halter dress, black thighhighs, white shoes, long hair",https://danbooru.donmai.us/posts/5674643
emile_bertin_(azur_lane),azur_lane,"emile bertin (azur lane), azur lane","1girl, blonde hair, blue eyes, blue thighhighs, elbow gloves, white gloves, long hair",https://danbooru.donmai.us/posts/3200249
emile_bertin_(cote_d'azur)_(azur_lane),azur_lane,"emile bertin (cote d'azur) (azur lane), azur lane","1girl, blonde hair, aqua eyes, aqua one-piece swimsuit, frilled one-piece swimsuit, aqua shoes, white gloves, choker, long hair",https://danbooru.donmai.us/posts/3203115
emile_bertin_(eclat_magique)_(azur_lane),azur_lane,"emile bertin (eclat magique) (azur lane), azur lane","1girl, blonde hair, blue eyes, frilled dress, white dress, white thighhighs, long hair",https://danbooru.donmai.us/posts/12125800
emile_bertin_(gilded_dance)_(azur_lane),azur_lane,"emile bertin (gilded dance) (azur lane), azur lane","1girl, blonde hair, blue eyes, strapless dress, white gloves, white shoes, twintails, long hair",https://danbooru.donmai.us/posts/4798905
emile_bertin_(maid_fantastique)_(azur_lane),azur_lane,"emile bertin (maid fantastique) (azur lane), azur lane","1girl, blonde hair, blue eyes, maid, maid headdress, blue dress, short dress, blue bowtie, blue shoes, blue thighhighs, very long hair",https://danbooru.donmai.us/posts/3976285
emile_bertin_(retrofit)_(azur_lane),azur_lane,"emile bertin (retrofit) (azur lane), azur lane","1girl, blonde hair, armor, blue skirt, white gloves, twintails",https://danbooru.donmai.us/posts/3549939
enterprise_(anniversary_ride)_(azur_lane),azur_lane,"enterprise (anniversary ride) (azur lane), azur lane","1girl, white hair, purple eyes, black shorts, off-shoulder shirt, short shorts, white shirt, yellow jacket, black hat, very long hair",https://danbooru.donmai.us/posts/3609285
enterprise_(azur_lane),azur_lane,"enterprise (azur lane), azur lane","1girl, white hair, purple eyes, black coat, black skirt, white hat, black thighhighs",https://danbooru.donmai.us/posts/2957255
enterprise_(bathing_under_sunny_skies)_(azur_lane),azur_lane,"enterprise (bathing under sunny skies) (azur lane), azur lane","1girl, grey hair, purple eyes, white bikini, swimsuit, very long hair",https://danbooru.donmai.us/posts/9946481
enterprise_(blooming_peony)_(azur_lane),azur_lane,"enterprise (blooming peony) (azur lane), azur lane","1girl, white hair, purple eyes, white dress, feather-trimmed coat, red shoes, very long hair",https://danbooru.donmai.us/posts/3406071
enterprise_(bon_voyage)_(azur_lane),azur_lane,"enterprise (bon voyage) (azur lane), azur lane","1girl, grey hair, purple eyes, jacket, pants, black boots, high heel boots, long hair",https://danbooru.donmai.us/posts/5219749
enterprise_(diving_under_blue_skies)_(azur_lane),azur_lane,"enterprise (diving under blue skies) (azur lane), azur lane","1girl, purple eyes, black bodysuit, black pantyhose, torn pantyhose",https://danbooru.donmai.us/posts/6597989
enterprise_(heroic_finery)_(azur_lane),azur_lane,"enterprise (heroic finery) (azur lane), azur lane","1girl, grey hair, white hair, purple eyes, black dress, long dress, black gloves, black shoes, fingerless gloves, very long hair",https://danbooru.donmai.us/posts/3976259
enterprise_(reindeer_master)_(azur_lane),azur_lane,"enterprise (reindeer master) (azur lane), azur lane","1girl, white hair, purple eyes, black shirt, high-waist skirt, ribbed shirt, white skirt, black pantyhose, fur hat, long hair",https://danbooru.donmai.us/posts/2957571
enterprise_(soaring_wings_of_freedom)_(azur_lane),azur_lane,"enterprise (soaring wings of freedom) (azur lane), azur lane","1girl, white hair, purple eyes, rigging, military uniform, black coat, black skirt, collared shirt, dress shirt, open coat, long hair",https://danbooru.donmai.us/posts/3699065
enterprise_(starlight_oath)_(azur_lane),azur_lane,"enterprise (starlight oath) (azur lane), azur lane","1girl, white hair, purple eyes, wedding dress, crown, white bow",https://danbooru.donmai.us/posts/3052729
enterprise_(wind_catcher)_(azur_lane),azur_lane,"enterprise (wind catcher) (azur lane), azur lane","1girl, grey hair, purple eyes, leotard, jacket, asymmetrical gloves, black boots, high heel boots, uneven gloves, ponytail, long hair",https://danbooru.donmai.us/posts/4910725
epee_(azur_lane),azur_lane,"epee (azur lane), azur lane","1girl, black hair, red hair, blue eyes, rigging, black cape, brown thighhighs, grey shoes, hairband, very long hair",https://danbooru.donmai.us/posts/7756951
erebus_(azur_lane),azur_lane,"erebus (azur lane), azur lane","1girl, white hair, red eyes, rigging, belt boots, black boots, striped thighhighs, torn cape, white gloves, long hair",https://danbooru.donmai.us/posts/2866252
erebus_(illusory_happiness)_(azur_lane),azur_lane,"erebus (illusory happiness) (azur lane), azur lane","1girl, white hair, pink eyes, black dress, short dress, black boots, black bowtie, platform boots, white thighhighs, long hair",https://danbooru.donmai.us/posts/2948159
erebus_(wardrobe_witchery)_(azur_lane),azur_lane,"erebus (wardrobe witchery) (azur lane), azur lane","1girl, white hair, red eyes, pointy ears, white shirt, yellow skirt, black hat, striped thighhighs, witch hat, bowtie, long hair",https://danbooru.donmai.us/posts/3666813
eskimo_(azur_lane),azur_lane,"eskimo (azur lane), azur lane","1girl, black hair, white hair, blue eyes, two-tone dress, black pantyhose, brown corset, fur-trimmed capelet, red boots, red capelet, short hair",https://danbooru.donmai.us/posts/3975239
eskimo_(parkaless_prankster)_(azur_lane),azur_lane,"eskimo (parkaless prankster) (azur lane), azur lane","1girl, black hair, blue eyes, bikini, swimsuit, sun hat, short hair",https://danbooru.donmai.us/posts/5186904
essex_(a_trip_down_route_66)_(azur_lane),azur_lane,"essex (a trip down route 66) (azur lane), azur lane","1girl, blue hair, orange eyes, black shorts, blue coat, open coat, short shorts, black gloves, brown thighhighs, ponytail, long hair",https://danbooru.donmai.us/posts/3639439
essex_(azur_lane),azur_lane,"essex (azur lane), azur lane","1girl, blue hair, yellow eyes, rigging, dress, black pantyhose, boots, necktie, braid, twintails",https://danbooru.donmai.us/posts/3253827
essex_(brush_and_ink)_(azur_lane),azur_lane,"essex (brush and ink) (azur lane), azur lane","1girl, blue hair, yellow eyes, black dress, white thighhighs, hair bun, twintails",https://danbooru.donmai.us/posts/4342626
essex_(craft_fairytail)_(azur_lane),azur_lane,"essex (craft fairytail) (azur lane), azur lane","1girl, blue hair, red eyes, black dress, cocktail dress, black shoes, ponytail, very long hair",https://danbooru.donmai.us/posts/4117736
essex_(detective_essex)_(azur_lane),azur_lane,"essex (detective essex) (azur lane), azur lane","1girl, blue hair, brown eyes, pleated skirt, ankle boots, fingerless gloves, capelet, hat, necktie, long hair",https://danbooru.donmai.us/posts/5615161
essex_(retrofit)_(azur_lane),azur_lane,"essex (retrofit) (azur lane), azur lane","1girl, blue hair, orange eyes, rigging, black shirt, open jacket, sleeveless shirt, two-sided jacket, black gloves, black thighhighs, twintails, very long hair",https://danbooru.donmai.us/posts/9795041
essex_(start_line_splash)_(azur_lane),azur_lane,"essex (start line splash) (azur lane), azur lane","1girl, blue hair, orange eyes, blue leotard, highleg leotard, black gloves, black thighhighs, fingerless gloves, hat, twintails, very long hair",https://danbooru.donmai.us/posts/10304462
essex_(telepathy_training)_(azur_lane),azur_lane,"essex (telepathy training) (azur lane), azur lane","1girl, blue hair, brown eyes, blue bikini, star print bikini, swimsuit, white hoodie, twintails, very long hair",https://danbooru.donmai.us/posts/11962202
essex_(the_gale_of_course_88)_(azur_lane),azur_lane,"essex (the gale of course 88) (azur lane), azur lane","1girl, blue hair, blue bodysuit, open bodysuit, long hair",https://danbooru.donmai.us/posts/6724756
evertsen_(azur_lane),azur_lane,"evertsen (azur lane), azur lane","1girl, grey hair, purple eyes, pointy ears, rigging, white dress, black skirt, green coat, pleated skirt, black gloves, elbow gloves, braid",https://danbooru.donmai.us/posts/9203363
evertsen_(basking_by_the_window)_(azur_lane),azur_lane,"evertsen (basking by the window) (azur lane), azur lane","1girl, grey hair, purple eyes, pointy ears, braid, long hair",https://danbooru.donmai.us/posts/9203368
evertsen_(guardian_fae_of_the_mangroves)_(azur_lane),azur_lane,"evertsen (guardian fae of the mangroves) (azur lane), azur lane","1girl, grey hair, purple eyes, pointy ears, green dress, long dress, braid",https://danbooru.donmai.us/posts/11518727
exeter_(a_glorious_toast)_(azur_lane),azur_lane,"exeter (a glorious toast) (azur lane), azur lane","1girl, brown hair, green eyes, black dress, see-through dress, black shoes, long hair",https://danbooru.donmai.us/posts/4798909
exeter_(azur_lane),azur_lane,"exeter (azur lane), azur lane","1girl, brown hair, green eyes, rigging, black gloves, black pantyhose, grey shoes, mini hat, white thighhighs, long hair",https://danbooru.donmai.us/posts/2961822
exeter_(retrofit)_(azur_lane),azur_lane,"exeter (retrofit) (azur lane), azur lane","1girl, brown hair, green eyes, rigging, short dress, multicolored dress, black gloves, black pantyhose, elbow gloves, grey shoes, long hair",https://danbooru.donmai.us/posts/2992229
fancy_(azur_lane),azur_lane,"fancy (azur lane), azur lane","1girl, white hair, horns, rigging, black bikini, black dress, gradient dress, swimsuit, black gloves, fingerless gloves, very long hair",https://danbooru.donmai.us/posts/8334382
fancy_(grave_of_your_liking)_(azur_lane),azur_lane,"fancy (grave of your liking) (azur lane), azur lane","1girl, white hair, blue eyes, grey eyes, twintails, very long hair",https://danbooru.donmai.us/posts/8338410
fargo_(azur_lane),azur_lane,"fargo (azur lane), azur lane","1girl, white hair, green eyes, rigging, backless bodysuit, impossible bodysuit, long hair",https://danbooru.donmai.us/posts/8052279
fargo_(dairy_in_the_dreary_sun)_(azur_lane),azur_lane,"fargo (dairy in the dreary sun) (azur lane), azur lane","1girl, bikini, swimsuit, short shorts, cowboy hat, boots, braid, twintails",https://danbooru.donmai.us/posts/8052277
fei_yuen_(azur_lane),azur_lane,"fei yuen (azur lane), azur lane","1girl, white hair, yellow eyes, maid, rigging, black dress, short dress, black shoes, frilled apron, maid apron, white socks, braid",https://danbooru.donmai.us/posts/7156498
fei_yuen_(flying_clouds_flailing_pranks)_(azur_lane),azur_lane,"fei yuen (flying clouds flailing pranks) (azur lane), azur lane","1girl, white hair, yellow eyes, red apron, twintails, long hair",https://danbooru.donmai.us/posts/7156507
fei_yuen_(lady_yuen's_sugary_artillery)_(azur_lane),azur_lane,"fei yuen (lady yuen's sugary artillery) (azur lane), azur lane","1girl, grey hair, white hair, yellow eyes, animal ears, short shorts, white shorts, shirt, sweater, gloves, long hair",https://danbooru.donmai.us/posts/10853188
felix_schultz_(azur_lane),azur_lane,"felix schultz (azur lane), azur lane","1girl, purple hair, red eyes, crown, rigging, black dress, long dress, showgirl skirt, black gloves, elbow gloves, twintails, very long hair",https://danbooru.donmai.us/posts/6489397
fiji_(azur_lane),azur_lane,"fiji (azur lane), azur lane","1girl, blonde hair, green eyes, rigging, red skirt, white shirt, black gloves, black hat, black thighhighs, grey boots, long hair",https://danbooru.donmai.us/posts/3033382
flandre_(azur_lane),azur_lane,"flandre (azur lane), azur lane","1girl, grey hair, blue eyes, rigging, wings, highleg leotard, dress, armored boots, black hat, knee boots, thighhighs, twintails",https://danbooru.donmai.us/posts/6473773
flandre_(if_love_is_a_sin_thou_art_forgiven)_(azur_lane),azur_lane,"flandre (if love is a sin thou art forgiven) (azur lane), azur lane","1girl, grey hair, white hair, grey eyes, maid, maid headdress, black dress, frilled dress, black shoes, frilled apron, maid apron, twintails",https://danbooru.donmai.us/posts/7029320
flasher_(azur_lane),azur_lane,"flasher (azur lane), azur lane","1girl, purple hair, purple eyes, rigging, one-piece swimsuit, see-through dress, hoodie, black thighhighs",https://danbooru.donmai.us/posts/7005115
flasher_(tearjerking_service)_(azur_lane),azur_lane,"flasher (tearjerking service) (azur lane), azur lane","1girl, purple hair, purple eyes, maid, maid headdress, short dress, black shoes, white apron, white socks, twintails, long hair",https://danbooru.donmai.us/posts/7005142
fletcher_(azur_lane),azur_lane,"fletcher (azur lane), azur lane","1girl, red hair, yellow eyes, rigging, backless dress, blue dress, white thighhighs, ponytail, very long hair",https://danbooru.donmai.us/posts/2933568
fleuret_(azur_lane),azur_lane,"fleuret (azur lane), azur lane","1girl, red hair, purple eyes, rigging, black dress, layered dress, shoulder armor, black shoes, red socks, red thighhighs, long hair",https://danbooru.donmai.us/posts/7756967
fleuret_(up_all_knight_to_get_lucky)_(azur_lane),azur_lane,"fleuret (up all knight to get lucky) (azur lane), azur lane","1girl, red hair, purple eyes, black leotard, red jacket, sleeveless jacket, black necktie, black pantyhose, black shoes, long hair",https://danbooru.donmai.us/posts/7610318
foch_(azur_lane),azur_lane,"foch (azur lane), azur lane","1girl, purple hair, pink eyes, rigging, white leotard, dress shirt, white shirt, black boots, cape, medium hair",https://danbooru.donmai.us/posts/4912539
foch_(majestic_majordomo)_(azur_lane),azur_lane,"foch (majestic majordomo) (azur lane), azur lane","1girl, blue hair, purple hair, red eyes, rigging, black coat, black shorts, collared shirt, open coat, short shorts, white shirt, ponytail",https://danbooru.donmai.us/posts/6513382
foch_(rainbow_rendezvous)_(azur_lane),azur_lane,"foch (rainbow rendezvous) (azur lane), azur lane","1girl, purple hair, pink eyes, black shorts, cropped sweater, high-waist shorts, off-shoulder sweater, boots, medium hair",https://danbooru.donmai.us/posts/4912548
foote_(azur_lane),azur_lane,"foote (azur lane), azur lane","1girl, aqua hair, yellow eyes, rigging, blue dress, frilled dress, blue sailor collar, blue shoes, mini hat, white hat, braid, long hair",https://danbooru.donmai.us/posts/2933585
forbin_(azur_lane),azur_lane,"forbin (azur lane), azur lane","1girl, blonde hair, green eyes, rigging, short dress, white dress, sleeveless jacket, armored boots, elbow gloves, fingerless gloves, braid, long hair",https://danbooru.donmai.us/posts/3203139
forbin_(ecole_de_chevalier)_(azur_lane),azur_lane,"forbin (ecole de chevalier) (azur lane), azur lane","1girl, blonde hair, green eyes, school uniform, white skirt, brown shoes, white thighhighs, hair bun, long hair",https://danbooru.donmai.us/posts/3549925
forbin_(feast_of_champagne)_(azur_lane),azur_lane,"forbin (feast of champagne) (azur lane), azur lane","1girl, blonde hair, green eyes, blue dress, long dress, elbow gloves, white gloves, white shoes, braid, ponytail",https://danbooru.donmai.us/posts/3975415
forbin_(fleur_blanche)_(azur_lane),azur_lane,"forbin (fleur blanche) (azur lane), azur lane","1girl, blonde hair, green eyes, frilled dress, white dress, choker, shoes, braid, long hair",https://danbooru.donmai.us/posts/3203188
forbin_(fleur_de_mariee)_(azur_lane),azur_lane,"forbin (fleur de mariee) (azur lane), azur lane","1girl, blonde hair, green eyes, tiara, wedding dress, white dress, white gloves, white shoes, long hair",https://danbooru.donmai.us/posts/5428579
forbin_(retrofit)_(azur_lane),azur_lane,"forbin (retrofit) (azur lane), azur lane","1girl, blonde hair, green eyes, rigging, short dress, sleeveless jacket, armored boots, elbow gloves, fingerless gloves, white thighhighs, braid, long hair",https://danbooru.donmai.us/posts/3203160
formidable_(anniversary_memories)_(azur_lane),azur_lane,"formidable (anniversary memories) (azur lane), azur lane","1girl, blonde hair, red eyes, cocktail dress, halter dress, two-tone cape, twintails, very long hair",https://danbooru.donmai.us/posts/9382450
formidable_(azur_lane),azur_lane,"formidable (azur lane), azur lane","1girl, grey hair, red eyes, rigging, black dress, frilled dress, black shoes, white pantyhose, twintails, very long hair",https://danbooru.donmai.us/posts/3624855
formidable_(rockin'_encore)_(azur_lane),azur_lane,"formidable (rockin' encore) (azur lane), azur lane","1girl, grey hair, red eyes, rabbit ears, tail, micro bikini, white bikini, swimsuit, black shoes, twintails, very long hair",https://danbooru.donmai.us/posts/8587038
formidable_(the_lady_of_the_beach)_(azur_lane),azur_lane,"formidable (the lady of the beach) (azur lane), azur lane","1girl, grey hair, red eyes, blue bikini, swimsuit, red choker, white thighhighs, braid, hair bun",https://danbooru.donmai.us/posts/3624856
formidable_(the_lover's_heart_flutters_on_duty)_(azur_lane),azur_lane,"formidable (the lover's heart flutters on duty) (azur lane), azur lane","1girl, grey hair, red eyes, school uniform, black skirt, pleated skirt, black sailor collar, black shoes, white thighhighs, twintails, very long hair",https://danbooru.donmai.us/posts/7499883
fortune_(azur_lane),azur_lane,"fortune (azur lane), azur lane","1girl, grey hair, blue eyes, halo, rigging, black skirt, high-waist skirt, impossible shirt, white shirt, black shoes, lace-trimmed thighhighs, long hair",https://danbooru.donmai.us/posts/2967337
fortune_(retrofit)_(azur_lane),azur_lane,"fortune (retrofit) (azur lane), azur lane","1girl, grey hair, purple eyes, halo, rigging, short dress, white dress, elbow gloves, white shoes, white thighhighs, long hair",https://danbooru.donmai.us/posts/2967345
fortune_(seraphic_sunshine)_(azur_lane),azur_lane,"fortune (seraphic sunshine) (azur lane), azur lane","1girl, grey hair, blue eyes, halo, white dress, choker",https://danbooru.donmai.us/posts/4798911
foxhound_(azur_lane),azur_lane,"foxhound (azur lane), azur lane","1girl, orange hair, blue eyes, halo, rigging, black skirt, high-waist skirt, white shirt, black shoes, elbow gloves, grey thighhighs, short hair",https://danbooru.donmai.us/posts/2933440
foxhound_(retrofit)_(azur_lane),azur_lane,"foxhound (retrofit) (azur lane), azur lane","1girl, orange hair, blue eyes, rigging, black skirt, plaid skirt, black gloves, black thighhighs, elbow gloves, long hair",https://danbooru.donmai.us/posts/3033376
francesco_caracciolo_(azur_lane),azur_lane,"francesco caracciolo (azur lane), azur lane","1girl, black hair, halo, horns, very long hair",https://danbooru.donmai.us/posts/10615720
francesco_caracciolo_(confession_under_the_spotlight)_(azur_lane),azur_lane,"francesco caracciolo (confession under the spotlight) (azur lane), azur lane","1girl, green hair, red eyes, white sweater, very long hair",https://danbooru.donmai.us/posts/10621372
franklin_(azur_lane),azur_lane,"franklin (azur lane), azur lane","1girl, pink hair, white hair, purple eyes, rigging, open jacket, black gloves, black thighhighs, fingerless gloves, choker, necktie, long hair",https://danbooru.donmai.us/posts/9068004
franklin_(heart-throbbing_records)_(azur_lane),azur_lane,"franklin (heart-throbbing records) (azur lane), azur lane","1girl, pink hair, white hair, purple eyes, elbow gloves, red necktie, white gloves, white thighhighs, hat, ponytail, long hair",https://danbooru.donmai.us/posts/9068007
friedrich_carl_(a_game_of_love)_(azur_lane),azur_lane,"friedrich carl (a game of love) (azur lane), azur lane","1girl, purple hair, purple eyes, horns, backless dress, red dress, sweater, black apron, black pantyhose, very long hair",https://danbooru.donmai.us/posts/7386879
friedrich_carl_(azur_lane),azur_lane,"friedrich carl (azur lane), azur lane","1girl, purple hair, purple eyes, horns, rigging, black dress, long dress, cape, shoes, long hair",https://danbooru.donmai.us/posts/7411315
friedrich_carl_(tender_summer_care)_(azur_lane),azur_lane,"friedrich carl (tender summer care) (azur lane), azur lane","1girl, purple hair, horns, black bikini, swimsuit, very long hair",https://danbooru.donmai.us/posts/9382520
friedrich_carl_(the_midnight_channel)_(azur_lane),azur_lane,"friedrich carl (the midnight channel) (azur lane), azur lane","1girl, purple hair, purple eyes, horns, off-shoulder dress, white dress, long hair",https://danbooru.donmai.us/posts/12144696
friedrich_der_grosse_(azur_lane),azur_lane,"friedrich der grosse (azur lane), azur lane","1girl, black hair, yellow eyes, horns, rigging, black thighhighs, knee boots, red gloves, very long hair",https://danbooru.donmai.us/posts/3480690
friedrich_der_grosse_(boudoir's_lingering_flame)_(azur_lane),azur_lane,"friedrich der grosse (boudoir's lingering flame) (azur lane), azur lane","1girl, black hair, yellow eyes, horns, red dress, very long hair",https://danbooru.donmai.us/posts/10736719
friedrich_der_grosse_(dark_raiments_of_gagaku)_(azur_lane),azur_lane,"friedrich der grosse (dark raiments of gagaku) (azur lane), azur lane","1girl, black hair, yellow eyes, horns, rigging, black kimono, black pantyhose, long hair",https://danbooru.donmai.us/posts/3779142
friedrich_der_grosse_(one_summer_night's_intimacy)_(azur_lane),azur_lane,"friedrich der grosse (one summer night's intimacy) (azur lane), azur lane","1girl, black hair, yellow eyes, horns, long hair",https://danbooru.donmai.us/posts/8052266
friedrich_der_grosse_(zeremonie_of_the_cradle)_(azur_lane),azur_lane,"friedrich der grosse (zeremonie of the cradle) (azur lane), azur lane","1girl, black hair, yellow eyes, horns, rigging, black dress, wedding dress, black gloves, elbow gloves, white shoes, very long hair",https://danbooru.donmai.us/posts/3975261
fritz_rumey_(azur_lane),azur_lane,"fritz rumey (azur lane), azur lane","1girl, white hair, red eyes, rigging, black dress, black jacket, black gloves, black thighhighs, elbow gloves, hat, long hair",https://danbooru.donmai.us/posts/8585618
fritz_rumey_(schwarzes_kaninchen)_(azur_lane),azur_lane,"fritz rumey (schwarzes kaninchen) (azur lane), azur lane","1girl, grey hair, white hair, red eyes, animal ears, black leotard, highleg leotard, black pantyhose, very long hair",https://danbooru.donmai.us/posts/8585627
fritz_rumey_(verabredung_in_the_night_breeze)_(azur_lane),azur_lane,"fritz rumey (verabredung in the night breeze) (azur lane), azur lane","1girl, grey hair, red eyes, black dress, long hair",https://danbooru.donmai.us/posts/11956612
fu_po_(azur_lane),azur_lane,"fu po (azur lane), azur lane","1girl, black hair, white hair, yellow eyes, rigging, black hoodie, black socks, maid apron, striped socks, waist apron",https://danbooru.donmai.us/posts/8719460
fu_po_(mischievous_tidings)_(azur_lane),azur_lane,"fu po (mischievous tidings) (azur lane), azur lane","1girl, black hair, white hair, yellow eyes",https://danbooru.donmai.us/posts/8704776
fu_shun_(azur_lane),azur_lane,"fu shun (azur lane), azur lane","1girl, red hair, blue eyes, rigging, wings, short dress, white dress, black gloves, brown boots, fingerless gloves, lace-up boots, braid",https://danbooru.donmai.us/posts/3017552
fu_shun_(retrofit)_(azur_lane),azur_lane,"fu shun (retrofit) (azur lane), azur lane","1girl, red hair, blue eyes, rigging, short dress, sleeveless dress, black boots, black gloves, half gloves, thigh boots, twintails, very long hair",https://danbooru.donmai.us/posts/8719146
fu_shun_(the_unbreakable_baozi_heist)_(azur_lane),azur_lane,"fu shun (the unbreakable baozi heist) (azur lane), azur lane","1girl, red hair, blue eyes, hair bun, long hair",https://danbooru.donmai.us/posts/5995128
fubuki_(5_minutes_till_i'm_late)_(azur_lane),azur_lane,"fubuki (5 minutes till i'm late) (azur lane), azur lane","1girl, blue hair, orange eyes, cat ears, school uniform, blue skirt, pleated skirt, white shirt, black shoes, red bowtie, short hair",https://danbooru.donmai.us/posts/3065394
fubuki_(azur_lane),azur_lane,"fubuki (azur lane), azur lane","1girl, blue hair, yellow eyes, fox ears, fox tail, blue skirt, pleated skirt, sleeveless shirt, white shirt, fur scarf, white scarf, short hair",https://danbooru.donmai.us/posts/2947240
fubuki_(caught_under_the_lights)_(azur_lane),azur_lane,"fubuki (caught under the lights) (azur lane), azur lane","1girl, blue hair, yellow eyes, one-piece swimsuit, thighhighs, short hair",https://danbooru.donmai.us/posts/8156831
fubuki_(music_pixy)_(azur_lane),azur_lane,"fubuki (music pixy) (azur lane), azur lane","1girl, blue hair, yellow eyes, short hair",https://danbooru.donmai.us/posts/3256333
fujinami_(azur_lane),azur_lane,"fujinami (azur lane), azur lane","1girl, pink hair, purple hair, purple eyes, horns, rigging, black dress, black kimono, fur-trimmed kimono, short dress, purple coat, skirt",https://danbooru.donmai.us/posts/10572437
fujinami_(secret_fashion_show_for_you)_(azur_lane),azur_lane,"fujinami (secret fashion show for you) (azur lane), azur lane","1girl, pink hair, purple hair, red eyes, purple jacket, turtleneck jacket, black choker, black thighhighs, twintails, medium hair",https://danbooru.donmai.us/posts/10851999
fumizuki_(azur_lane),azur_lane,"fumizuki (azur lane), azur lane","1girl, brown hair, blue eyes, animal ears, tail, kindergarten uniform, pink shirt, pleated skirt, red skirt, black shoes, school hat, very long hair",https://danbooru.donmai.us/posts/3134489
fumizuki_(sleepy_fairy)_(azur_lane),azur_lane,"fumizuki (sleepy fairy) (azur lane), azur lane","1girl, brown hair, blue eyes, animal ears, tail, hooded jacket, open jacket, loose socks, striped socks, very long hair",https://danbooru.donmai.us/posts/3141912
furutaka_(azur_lane),azur_lane,"furutaka (azur lane), azur lane","1girl, brown hair, blue eyes, rigging, animal ears, school uniform, pleated skirt, white skirt, black gloves, black thighhighs, elbow gloves, long hair",https://danbooru.donmai.us/posts/2931249
furutaka_(retrofit)_(azur_lane),azur_lane,"furutaka (retrofit) (azur lane), azur lane","1girl, brown hair, blue eyes, wings, school uniform, impossible shirt, pleated skirt, grey boots, white gloves, white thighhighs, long hair",https://danbooru.donmai.us/posts/2931251
fusou_(azur_lane),azur_lane,"fusou (azur lane), azur lane","1girl, black hair, blue eyes, cat ears, rigging, black kimono, white thighhighs, ponytail, side ponytail",https://danbooru.donmai.us/posts/2961801
fusou_(retrofit)_(azur_lane),azur_lane,"fusou (retrofit) (azur lane), azur lane","1girl, black hair, blue eyes, cat ears, rigging, black kimono, sleeveless kimono, white thighhighs, long hair",https://danbooru.donmai.us/posts/3119043
fusou_(the_celebration_of_spring)_(azur_lane),azur_lane,"fusou (the celebration of spring) (azur lane), azur lane","1girl, black hair, blue eyes, cat ears, white dress, black shoes, long hair",https://danbooru.donmai.us/posts/3017500
fusou_(united_in_heart_and_soul)_(azur_lane),azur_lane,"fusou (united in heart and soul) (azur lane), azur lane","1girl, black hair, blue eyes, cat ears, hooded kimono, short kimono, ponytail",https://danbooru.donmai.us/posts/8178062
galatea_(azur_lane),azur_lane,"galatea (azur lane), azur lane","1girl, pink hair, orange eyes, rigging, orange dress, plaid dress, black hat, black shoes, mini hat, platform shoes, long hair",https://danbooru.donmai.us/posts/2960636
gallant_(azur_lane),azur_lane,"gallant (azur lane), azur lane","1girl, pink hair, aqua eyes, rigging, police uniform, white shirt, white shorts, black boots, black gloves, black hat, long hair",https://danbooru.donmai.us/posts/9350335
gallant_(express-ive_delivery)_(azur_lane),azur_lane,"gallant (express-ive delivery) (azur lane), azur lane","1girl, pink hair, blue eyes, bikini, swimsuit, blue jacket, blue shorts, open jacket, short shorts, hair bun",https://danbooru.donmai.us/posts/9364636
gangut_(azur_lane),azur_lane,"gangut (azur lane), azur lane","1girl, white hair, red eyes, rigging, open coat, white coat, black gloves, brown pantyhose, military hat, white hat, very long hair",https://danbooru.donmai.us/posts/3801577
gangut_(imposing_warden)_(azur_lane),azur_lane,"gangut (imposing warden) (azur lane), azur lane","1girl, grey hair, red eyes, black coat, black skirt, dress shirt, pencil skirt, white shirt, black boots, very long hair",https://danbooru.donmai.us/posts/3801578
gangut_(keeper_of_the_firewater)_(azur_lane),azur_lane,"gangut (keeper of the firewater) (azur lane), azur lane","1girl, grey hair, red eyes, black dress, off-shoulder dress, very long hair",https://danbooru.donmai.us/posts/4381092
ganj-i-sawai_(azur_lane),azur_lane,"ganj-i-sawai (azur lane), azur lane","1girl, aqua hair, pink hair, purple eyes, halo, black bikini, halter leotard, swimsuit, very long hair",https://danbooru.donmai.us/posts/8334262
ganj-i-sawai_(mermaid_in_distress)_(azur_lane),azur_lane,"ganj-i-sawai (mermaid in distress) (azur lane), azur lane","1girl, pink hair, purple hair, purple eyes, very long hair",https://danbooru.donmai.us/posts/8338346
ganj-i-sawai_(my_innermost_self)_(azur_lane),azur_lane,"ganj-i-sawai (my innermost self) (azur lane), azur lane","1girl, pink hair, purple hair, purple eyes, white shirt, very long hair",https://danbooru.donmai.us/posts/11825998
gascogne_(azur_lane),azur_lane,"gascogne (azur lane), azur lane","1girl, blue hair, yellow eyes, rigging, strapless dress, white dress, armor, choker, thighhighs, short hair",https://danbooru.donmai.us/posts/3480682
gascogne_(traveling_mood_mechanism)_(azur_lane),azur_lane,"gascogne (traveling mood mechanism) (azur lane), azur lane","1girl, blue hair, yellow eyes, blue kimono, short hair",https://danbooru.donmai.us/posts/9959347
gascogne_(tropical_environs_acclimation_service_equipment)_(azur_lane),azur_lane,"gascogne (tropical environs acclimation service equipment) (azur lane), azur lane","1girl, blue hair, yellow eyes, wet swimsuit, white bikini, short hair",https://danbooru.donmai.us/posts/3891332
georgia_(azur_lane),azur_lane,"georgia (azur lane), azur lane","1girl, black hair, blue eyes, yellow eyes, rigging, black skirt, blue boots, blue thighhighs, knee boots, choker, gloves, long hair",https://danbooru.donmai.us/posts/3480684
georgia_(south_town_pearl)_(azur_lane),azur_lane,"georgia (south town pearl) (azur lane), azur lane","1girl, black hair, yellow eyes, black dress, black pants, black boots, long hair",https://danbooru.donmai.us/posts/3522794
giosue_carducci_(azur_lane),azur_lane,"giosue carducci (azur lane), azur lane","1girl, blonde hair, blue eyes, rigging, see-through dress, white dress, black boots, black gloves, green capelet, green choker, twintails, long hair",https://danbooru.donmai.us/posts/8921850
giulio_cesare_(azur_lane),azur_lane,"giulio cesare (azur lane), azur lane","1girl, grey hair, red eyes, rigging, short dress, taut dress, black thighhighs, capelet, hat, twintails, medium hair",https://danbooru.donmai.us/posts/3624859
giulio_cesare_(fitness_master)_(azur_lane),azur_lane,"giulio cesare (fitness master) (azur lane), azur lane","1girl, grey hair, red eyes, blue jacket, short shorts, white shorts, blue pantyhose, hat, shoes, ponytail",https://danbooru.donmai.us/posts/3624860
giulio_cesare_(high_tide_under_the_sunlight)_(azur_lane),azur_lane,"giulio cesare (high tide under the sunlight) (azur lane), azur lane","1girl, grey hair, red eyes, black bikini, o-ring bikini, swimsuit, black choker, sarong, twintails, long hair",https://danbooru.donmai.us/posts/4481256
giuseppe_garibaldi_(azur_lane),azur_lane,"giuseppe garibaldi (azur lane), azur lane","1girl, green hair, red eyes, halo, rigging, open jacket, black shoes, black thighhighs, medium hair",https://danbooru.donmai.us/posts/5543707
giuseppe_garibaldi_(noble_ivory_plumes)_(azur_lane),azur_lane,"giuseppe garibaldi (noble ivory plumes) (azur lane), azur lane","1girl, red eyes, black dress, strapless dress, leotard, black gloves, black shoes, elbow gloves",https://danbooru.donmai.us/posts/5543711
glasgow_(a_maid_in_class)_(azur_lane),azur_lane,"glasgow (a maid in class) (azur lane), azur lane","1girl, black hair, blue eyes, school uniform, black jacket, collared shirt, open jacket, red skirt, white shirt, twintails, long hair",https://danbooru.donmai.us/posts/3694003
glasgow_(azur_lane),azur_lane,"glasgow (azur lane), azur lane","1girl, black hair, blue eyes, maid, maid headdress, black dress, black pantyhose, choker, twintails, long hair",https://danbooru.donmai.us/posts/3688540
glorious_(azur_lane),azur_lane,"glorious (azur lane), azur lane","1girl, blonde hair, blue eyes, rigging, short dress, white gloves, white thighhighs, braid, very long hair",https://danbooru.donmai.us/posts/2960659
glorious_(glorious_school_life)_(azur_lane),azur_lane,"glorious (glorious school life) (azur lane), azur lane","1girl, blonde hair, blue eyes, blue dress, school uniform, collared shirt, white shirt, black shoes, blue necktie, braid, very long hair",https://danbooru.donmai.us/posts/3133162
glorious_(pungent_plum)_(azur_lane),azur_lane,"glorious (pungent plum) (azur lane), azur lane","1girl, blonde hair, blue eyes, red dress, braid, hair bun",https://danbooru.donmai.us/posts/4346317
gloucester_(azur_lane),azur_lane,"gloucester (azur lane), azur lane","1girl, purple hair, yellow eyes, maid, rigging, maid apron, pantyhose",https://danbooru.donmai.us/posts/3764417
gloucester_(brilliance_in_purple)_(azur_lane),azur_lane,"gloucester (brilliance in purple) (azur lane), azur lane","1girl, purple hair, yellow eyes, rigging, purple dress, black gloves, black pantyhose, black shoes, thighband pantyhose, hairband, short hair",https://danbooru.donmai.us/posts/3766655
gloucester_(violet_enrapturement)_(azur_lane),azur_lane,"gloucester (violet enrapturement) (azur lane), azur lane","1girl, maid, maid headdress, purple bikini, swimsuit, black gloves, short hair",https://danbooru.donmai.us/posts/8168047
glowworm_(azur_lane),azur_lane,"glowworm (azur lane), azur lane","1girl, green hair, grey hair, maid headdress, rigging, frilled dress, red dress, purple necktie, purple thighhighs, red shoes, twintails, long hair",https://danbooru.donmai.us/posts/2933616
glowworm_(jokey_adjudicator)_(azur_lane),azur_lane,"glowworm (jokey adjudicator) (azur lane), azur lane","1girl, green hair, green eyes, red dress, black pantyhose, twintails, very long hair",https://danbooru.donmai.us/posts/4342641
glowworm_(retrofit)_(azur_lane),azur_lane,"glowworm (retrofit) (azur lane), azur lane","1girl, green hair, green eyes, rigging, high-waist skirt, red skirt, white shirt, black bowtie, black hat, black pantyhose, twintails, very long hair",https://danbooru.donmai.us/posts/9336553
gneisenau_(azur_lane),azur_lane,"gneisenau (azur lane), azur lane","1girl, purple hair, blue eyes, rigging, black boots, black gloves, black hat, black thighhighs, knee boots, long hair",https://danbooru.donmai.us/posts/2929400
gneisenau_(nightmarish_succubus)_(azur_lane),azur_lane,"gneisenau (nightmarish succubus) (azur lane), azur lane","1girl, purple hair, blue eyes, tail, brown leotard, black boots, black gloves, brown thighhighs, high heel boots, very long hair",https://danbooru.donmai.us/posts/3666816
goetz_von_berlichingen_(azur_lane),azur_lane,"goetz von berlichingen (azur lane), azur lane","1girl, black hair, green eyes, horns, pointy ears, black leotard, black shoes, black thighhighs, long hair",https://danbooru.donmai.us/posts/11383180
golden_hind_(azur_lane),azur_lane,"golden hind (azur lane), azur lane","1girl, black hair, purple eyes, horns, black dress, very long hair",https://danbooru.donmai.us/posts/7846406
golden_hind_(forlorn_femme_fatale)_(azur_lane),azur_lane,"golden hind (forlorn femme fatale) (azur lane), azur lane","1girl, purple hair, brown eyes, horns, backless dress, long dress, elbow gloves, white gloves, very long hair",https://danbooru.donmai.us/posts/6814024
golden_hind_(the_pale_phantom's_smile)_(azur_lane),azur_lane,"golden hind (the pale phantom's smile) (azur lane), azur lane","1girl, black hair, blue eyes, horns, white gloves, white hat",https://danbooru.donmai.us/posts/12183534
gorizia_(azur_lane),azur_lane,"gorizia (azur lane), azur lane","1girl, grey hair, rigging, green dress, military uniform, black shoes, white thighhighs, cape, hairband, long hair",https://danbooru.donmai.us/posts/6446088
gorizia_(the_spy_who_crushed_on_me)_(azur_lane),azur_lane,"gorizia (the spy who crushed on me) (azur lane), azur lane","1girl, blonde hair, blue eyes, long hair",https://danbooru.donmai.us/posts/11006842
gouden_leeuw_(an_intimate_cleaning)_(azur_lane),azur_lane,"gouden leeuw (an intimate cleaning) (azur lane), azur lane","1girl, blonde hair, purple eyes, pointy ears, maid apron, nearly naked apron, very long hair",https://danbooru.donmai.us/posts/10567927
gouden_leeuw_(azur_lane),azur_lane,"gouden leeuw (azur lane), azur lane","1girl, blonde hair, purple eyes, pointy ears, very long hair",https://danbooru.donmai.us/posts/9812072
graf_zeppelin_(azur_lane),azur_lane,"graf zeppelin (azur lane), azur lane","1girl, white hair, red eyes, black jacket, black skirt, white shirt, black gloves, black hat, black pantyhose, long hair",https://danbooru.donmai.us/posts/4227613
graf_zeppelin_(beachside_urd)_(azur_lane),azur_lane,"graf zeppelin (beachside urd) (azur lane), azur lane","1girl, white hair, red eyes, black one-piece swimsuit, casual one-piece swimsuit, military uniform, black coat, military coat, multicolored jacket, very long hair",https://danbooru.donmai.us/posts/3169691
graf_zeppelin_(intoxicating_crimson)_(azur_lane),azur_lane,"graf zeppelin (intoxicating crimson) (azur lane), azur lane","1girl, grey hair, red eyes, dress, black pantyhose, black shoes, thighband pantyhose, very long hair",https://danbooru.donmai.us/posts/10749987
gremyashchy_(a_daytime_delight_is_in_a_book)_(azur_lane),azur_lane,"gremyashchy (a daytime delight is in a book) (azur lane), azur lane","1girl, brown hair, yellow eyes, frilled skirt, blue hat, striped socks, braid",https://danbooru.donmai.us/posts/4381105
gremyashchy_(azur_lane),azur_lane,"gremyashchy (azur lane), azur lane","1girl, brown hair, yellow eyes, wings, white dress, fur-trimmed coat, white coat, white boots, white hat, braid, long hair",https://danbooru.donmai.us/posts/4381099
grenville_(azur_lane),azur_lane,"grenville (azur lane), azur lane","1girl, pink hair, purple hair, red eyes, rigging, red jacket, fingerless gloves, white thighhighs, shoes, very long hair",https://danbooru.donmai.us/posts/3393913
gridley_(christmas_photoshoot)_(azur_lane),azur_lane,"gridley (christmas photoshoot) (azur lane), azur lane","1girl, blonde hair, blue eyes, horns, animal ears, red dress, black thighhighs, drill hair, short hair",https://danbooru.donmai.us/posts/2967574
griffin_(azur_lane),azur_lane,"griffin (azur lane), azur lane","1girl, brown hair, blue eyes, rigging, grey boots, white pantyhose, white socks, twintails, long hair",https://danbooru.donmai.us/posts/11845124
griffin_(tensest_relaxation_therapy)_(azur_lane),azur_lane,"griffin (tensest relaxation therapy) (azur lane), azur lane","1girl, pink hair, blue eyes, knee boots, torn pantyhose, white boots, white gloves, white pantyhose, hat, twintails, medium hair",https://danbooru.donmai.us/posts/11845140
gromky_(azur_lane),azur_lane,"gromky (azur lane), azur lane","1girl, blue hair, blue eyes, blue boots, white thighhighs, hat, short hair",https://danbooru.donmai.us/posts/4381110
gromky_(morning's_beckoning)_(azur_lane),azur_lane,"gromky (morning's beckoning) (azur lane), azur lane","1girl, aqua hair, blue eyes, white dress, choker, short hair",https://danbooru.donmai.us/posts/4381172
grozny_(azur_lane),azur_lane,"grozny (azur lane), azur lane","1girl, blonde hair, purple eyes, white dress, open jacket, white jacket, brown pantyhose, fur hat, white boots, short hair",https://danbooru.donmai.us/posts/3801571
grozny_(bad_bunny_behind_bars)_(azur_lane),azur_lane,"grozny (bad bunny behind bars) (azur lane), azur lane","1girl, blonde hair, purple eyes, animal ears, striped shirt, torn shirt, white hat, short hair",https://danbooru.donmai.us/posts/3801572
grozny_(shadowy_syndicate_showdown)_(azur_lane),azur_lane,"grozny (shadowy syndicate showdown) (azur lane), azur lane","1girl, blonde hair, purple eyes, black jacket, open jacket, black boots, black hat, yellow gloves, short hair",https://danbooru.donmai.us/posts/5165173
grozny_(tea_party_with_krolik)_(azur_lane),azur_lane,"grozny (tea party with krolik) (azur lane), azur lane","1girl, blonde hair, purple eyes, black pantyhose, short hair",https://danbooru.donmai.us/posts/5401647
guam_(azur_lane),azur_lane,"guam (azur lane), azur lane","1girl, blonde hair, purple eyes, rigging, blue shirt, black gloves, black thighhighs, fingerless gloves, grey boots, white cape, twintails, very long hair",https://danbooru.donmai.us/posts/6983595
guam_(stage-setting_charmer)_(azur_lane),azur_lane,"guam (stage-setting charmer) (azur lane), azur lane","1girl, blonde hair, blue eyes, rabbit ears, blue leotard, blue thighhighs, top hat, white gloves, very long hair",https://danbooru.donmai.us/posts/6985973
guam_(the_kunoichi's_dangerous_variety_show)_(azur_lane),azur_lane,"guam (the kunoichi's dangerous variety show) (azur lane), azur lane","1girl, blonde hair, animal ears, backless bodysuit, blue bodysuit, animal ear hairband, metal hairband, long hair",https://danbooru.donmai.us/posts/9958155
guichen_(azur_lane),azur_lane,"guichen (azur lane), azur lane","1girl, grey hair, purple eyes, rigging, white dress, showgirl skirt, black shoes, large hat, white hat, white thighhighs, very long hair",https://danbooru.donmai.us/posts/6585356
guichen_(milk_and_kisses)_(azur_lane),azur_lane,"guichen (milk and kisses) (azur lane), azur lane","1girl, purple hair, black skirt, white apron, white thighhighs, hat, very long hair",https://danbooru.donmai.us/posts/10567938
guichen_(sorciere_on_ice)_(azur_lane),azur_lane,"guichen (sorciere on ice) (azur lane), azur lane","1girl, grey hair, blue eyes, halo, black dress, figure skating dress, white boots, pantyhose, very long hair",https://danbooru.donmai.us/posts/6588443
haguro_(azur_lane),azur_lane,"haguro (azur lane), azur lane","1girl, black hair, red eyes, rigging, school uniform, black shirt, black skirt, cropped shirt, pleated skirt, black boots",https://danbooru.donmai.us/posts/5674678
haguro_(caught_by_nightfall)_(azur_lane),azur_lane,"haguro (caught by nightfall) (azur lane), azur lane","1girl, black hair, red eyes, black shirt, off-shoulder shirt, pleated skirt, red skirt, black choker, white thighhighs, side ponytail",https://danbooru.donmai.us/posts/6054312
hai_chi_(azur_lane),azur_lane,"hai chi (azur lane), azur lane","1girl, brown hair, red eyes, rigging",https://danbooru.donmai.us/posts/5088941
hai_chou_(aroma_of_awakening)_(azur_lane),azur_lane,"hai chou (aroma of awakening) (azur lane), azur lane","1girl, black hair, red eyes, very long hair",https://danbooru.donmai.us/posts/10744544
hai_chou_(azur_lane),azur_lane,"hai chou (azur lane), azur lane","1girl, black hair, green hair, rigging, black dress, black gloves, black shoes, very long hair",https://danbooru.donmai.us/posts/10733858
hai_tien_(autumn_night_of_wandering_spirits)_(azur_lane),azur_lane,"hai tien (autumn night of wandering spirits) (azur lane), azur lane","1girl, grey hair, white hair, yellow eyes, rigging, long dress, see-through dress, ponytail, very long hair",https://danbooru.donmai.us/posts/6801854
hai_tien_(azur_lane),azur_lane,"hai tien (azur lane), azur lane","1girl, black hair, white hair, yellow eyes, blue dress, gradient dress, black shoes, white thighhighs, very long hair",https://danbooru.donmai.us/posts/5088949
hai_tien_(baker_of_heart_into_sweets)_(azur_lane),azur_lane,"hai tien (baker of heart into sweets) (azur lane), azur lane","1girl, black hair, white hair, yellow eyes, gradient dress, red dress, black shoes, very long hair",https://danbooru.donmai.us/posts/7839215
hai_tien_(luan-feng's_everlasting_duet)_(azur_lane),azur_lane,"hai tien (luan-feng's everlasting duet) (azur lane), azur lane","1girl, black hair, grey hair, yellow eyes, long dress, red dress, red shoes, very long hair",https://danbooru.donmai.us/posts/7671399
hai_tien_(soaring_apsaras)_(azur_lane),azur_lane,"hai tien (soaring apsaras) (azur lane), azur lane","1girl, white hair, yellow eyes, long dress, very long hair",https://danbooru.donmai.us/posts/6380184
hai_tien_(verse-weaver_at_the_water's_edge)_(azur_lane),azur_lane,"hai tien (verse-weaver at the water's edge) (azur lane), azur lane","1girl, black hair, white hair, yellow eyes, white dress, very long hair",https://danbooru.donmai.us/posts/5088953
hai_yung_(azur_lane),azur_lane,"hai yung (azur lane), azur lane","1girl, black hair, blonde hair, purple eyes, rigging, black dress, sleeveless dress, black boots, black thighhighs, brown gloves, half gloves, hair bun",https://danbooru.donmai.us/posts/8719544
hai_yung_(maple_impressions)_(azur_lane),azur_lane,"hai yung (maple impressions) (azur lane), azur lane","1girl, black hair, blonde hair, blue eyes, purple eyes, long dress, see-through dress, bikini, swimsuit, hairband, hair bun, very long hair",https://danbooru.donmai.us/posts/8719578
hakuhou_(azur_lane),azur_lane,"hakuhou (azur lane), azur lane","1girl, white hair, yellow eyes, rigging, white kimono, white pantyhose, very long hair",https://danbooru.donmai.us/posts/9958708
hakuhou_(floral_ninja_roleplay)_(azur_lane),azur_lane,"hakuhou (floral ninja roleplay) (azur lane), azur lane","1girl, white hair, brown eyes, black leotard, black thighhighs, torn thighhighs, very long hair",https://danbooru.donmai.us/posts/10019601
hakuhou_(sunshower_fox_bride)_(azur_lane),azur_lane,"hakuhou (sunshower fox bride) (azur lane), azur lane","1girl, grey hair, fox ears, fox tail, purple kimono, black choker, very long hair",https://danbooru.donmai.us/posts/12173975
hakuryuu_(azur_lane),azur_lane,"hakuryuu (azur lane), azur lane","1girl, grey hair, white eyes, horns, black dress, pleated dress, black gloves, black shoes",https://danbooru.donmai.us/posts/4627907
hakuryuu_(flash_of_silk_and_strings)_(azur_lane),azur_lane,"hakuryuu (flash of silk and strings) (azur lane), azur lane","1girl, white hair, white eyes, horns, black shoes",https://danbooru.donmai.us/posts/6671586
hakuryuu_(folded_over_a_thousand_times)_(azur_lane),azur_lane,"hakuryuu (folded over a thousand times) (azur lane), azur lane","1girl, white hair, white eyes, horns, black socks, black thighhighs, ponytail, very long hair",https://danbooru.donmai.us/posts/8187249
hakuryuu_(four_fine_layers)_(azur_lane),azur_lane,"hakuryuu (four fine layers) (azur lane), azur lane","1girl, grey hair, grey eyes, horns, blue shorts, short shorts, white shirt, long hair",https://danbooru.donmai.us/posts/9203381
hakuryuu_(slice_dice_and_serve)_(azur_lane),azur_lane,"hakuryuu (slice dice and serve) (azur lane), azur lane","1girl, grey hair, grey eyes, horns, maid, black dress, short dress, black necktie, black pantyhose, frilled apron, white apron, braid",https://danbooru.donmai.us/posts/5018478
halford_(a_special_day_with_the_bunny_lord)_(azur_lane),azur_lane,"halford (a special day with the bunny lord) (azur lane), azur lane","1girl, grey hair, red eyes, rabbit ears, tail, backless leotard, pink leotard, white pantyhose, hat, very long hair",https://danbooru.donmai.us/posts/8619803
halford_(azur_lane),azur_lane,"halford (azur lane), azur lane","1girl, white hair, red eyes, rigging, dress, skirt, frilled hairband, mini hat, mini top hat, white pantyhose, long hair",https://danbooru.donmai.us/posts/7856173
halsey_powell_(azur_lane),azur_lane,"halsey powell (azur lane), azur lane","1girl, grey hair, pink hair, blue eyes, rigging, white thighhighs, long hair",https://danbooru.donmai.us/posts/3756919
halsey_powell_(spring's_lucky_star)_(azur_lane),azur_lane,"halsey powell (spring's lucky star) (azur lane), azur lane","1girl, blue hair, grey hair, red shoes, twintails, very long hair",https://danbooru.donmai.us/posts/3764464
hamakaze_(azur_lane),azur_lane,"hamakaze (azur lane), azur lane","1girl, pink hair, red eyes, horns, fingerless gloves, shoes, twintails",https://danbooru.donmai.us/posts/2934335
hamakaze_(retrofit)_(azur_lane),azur_lane,"hamakaze (retrofit) (azur lane), azur lane","1girl, pink hair, red eyes, horns, fingerless gloves, white thighhighs, shoes",https://danbooru.donmai.us/posts/2934338
hamakaze_(the_honors_student)_(azur_lane),azur_lane,"hamakaze (the honors student) (azur lane), azur lane","1girl, pink hair, red eyes, horns, school uniform, blue shirt, blue skirt, pleated skirt, blue sailor collar, thighhighs, twintails, very long hair",https://danbooru.donmai.us/posts/3240664
hammann_(azur_lane),azur_lane,"hammann (azur lane), azur lane","1girl, white hair, aqua eyes, cat ears, maid headdress, dress, black thighhighs, frilled apron, frilled hairband, frilled thighhighs, grey boots, very long hair",https://danbooru.donmai.us/posts/2944084
hammann_(blushing_fellow)_(azur_lane),azur_lane,"hammann (blushing fellow) (azur lane), azur lane","1girl, green eyes, cat ears, blue shorts, short shorts, black thighhighs, blue gloves, elbow gloves, thigh boots, long hair",https://danbooru.donmai.us/posts/7879900
hammann_(hammann's_scrumptious_spells)_(azur_lane),azur_lane,"hammann (hammann's scrumptious spells) (azur lane), azur lane","1girl, grey hair, blue eyes, cat ears, cat tail, red skirt, frilled apron, mini hat, red shoes, white apron, white socks",https://danbooru.donmai.us/posts/10495543
hammann_(prideful_fairy_of_the_ballroom)_(azur_lane),azur_lane,"hammann (prideful fairy of the ballroom) (azur lane), azur lane","1girl, white hair, blue eyes, cat ears, black dress, animal ear hairband, black gloves, black hairband, black shoes, elbow gloves, ponytail, very long hair",https://danbooru.donmai.us/posts/3975277
hammann_(rebellious_summer)_(azur_lane),azur_lane,"hammann (rebellious summer) (azur lane), azur lane","1girl, white hair, cat ears, cat tail, frilled bikini, ruffle bikini, swimsuit, bikini skirt, twintails, long hair",https://danbooru.donmai.us/posts/2944089
hammann_(retrofit)_(azur_lane),azur_lane,"hammann (retrofit) (azur lane), azur lane","1girl, white hair, aqua eyes, cat ears, rigging, cross-laced dress, frilled dress, frilled apron, grey shoes, red choker, waist apron, long hair",https://danbooru.donmai.us/posts/2944088
hammann_ii_(hammann's_scrumptious_spells)_(azur_lane),azur_lane,"hammann ii (hammann's scrumptious spells) (azur lane), azur lane","1girl, grey hair, blue eyes, cat ears, cat tail, red skirt, frilled apron, mini hat, red shoes, white apron, white socks",https://danbooru.donmai.us/posts/10495543
hanazuki_(azur_lane),azur_lane,"hanazuki (azur lane), azur lane","1girl, pink hair, green eyes, kimono, long hair",https://danbooru.donmai.us/posts/3876962
hanazuki_(blossoming_spring_resplendent_moon)_(azur_lane),azur_lane,"hanazuki (blossoming spring resplendent moon) (azur lane), azur lane","1girl, pink hair, green eyes, animal ears, dress, pink gloves, pink shoes, white thighhighs, hairband, long hair",https://danbooru.donmai.us/posts/5089018
hanazuki_(morning_moon_beachside_flower)_(azur_lane),azur_lane,"hanazuki (morning moon beachside flower) (azur lane), azur lane","1girl, pink hair, aqua eyes, fox ears, fox tail, highleg bikini, white bikini, swimsuit, hairband, long hair",https://danbooru.donmai.us/posts/3876961
harbin_(azur_lane),azur_lane,"harbin (azur lane), azur lane","1girl, black hair, blonde hair, yellow eyes, white dress, yellow shoes, thighhighs",https://danbooru.donmai.us/posts/5507796
harbin_(red_paeonia)_(azur_lane),azur_lane,"harbin (red paeonia) (azur lane), azur lane","1girl, brown hair, red dress, red shoes, very long hair",https://danbooru.donmai.us/posts/6380192
harbin_(set_sail_for_summer_treasure)_(azur_lane),azur_lane,"harbin (set sail for summer treasure) (azur lane), azur lane","1girl, black hair, blonde hair, yellow eyes, black bikini, swimsuit, black skirt, unbuttoned shirt, white shirt, ponytail, long hair",https://danbooru.donmai.us/posts/7604142
harbin_(union_between_sea_and_sky)_(azur_lane),azur_lane,"harbin (union between sea and sky) (azur lane), azur lane","1girl, black hair, brown hair, animal ears, highleg bikini, swimsuit, ponytail, very long hair",https://danbooru.donmai.us/posts/5922598
hardy_(azur_lane),azur_lane,"hardy (azur lane), azur lane","1girl, blonde hair, blue eyes, rigging, military uniform, pleated skirt, military hat, white gloves, boots, braid",https://danbooru.donmai.us/posts/3438389
hardy_(retrofit)_(azur_lane),azur_lane,"hardy (retrofit) (azur lane), azur lane","1girl, blonde hair, blue eyes, elbow gloves, white gloves, white thighhighs, boots, cape, hat, braid, short hair",https://danbooru.donmai.us/posts/12148847
harrison_(azur_lane),azur_lane,"harrison (azur lane), azur lane","1girl, blonde hair, blue eyes, rigging, collared dress, white dress, black gloves, blue boots, fingerless gloves, white hat, braid, long hair",https://danbooru.donmai.us/posts/11983433
haruna_(azur_lane),azur_lane,"haruna (azur lane), azur lane","1girl, brown hair, red eyes, horns, rigging, black shirt, black skirt, strapless shirt, adjusting gloves, black boots, thigh boots, twintails",https://danbooru.donmai.us/posts/3141362
haruna_(free_time_before_class)_(azur_lane),azur_lane,"haruna (free time before class) (azur lane), azur lane","1girl, brown hair, red eyes, horns, school uniform, blue jacket, checkered skirt, collared shirt, dress shirt, pleated skirt, twintails, long hair",https://danbooru.donmai.us/posts/3141382
haruna_(scarlet_innocence)_(azur_lane),azur_lane,"haruna (scarlet innocence) (azur lane), azur lane","1girl, brown hair, red eyes, horns, rigging, long dress, red dress, black choker, red hat, red shoes, long hair",https://danbooru.donmai.us/posts/4117775
haruna_(the_elegant_lotus)_(azur_lane),azur_lane,"haruna (the elegant lotus) (azur lane), azur lane","1girl, black hair, purple hair, red eyes, horns, kimono, long hair, short hair",https://danbooru.donmai.us/posts/5020189
harutsuki_(a_dance_for_the_coming_spring)_(azur_lane),azur_lane,"harutsuki (a dance for the coming spring) (azur lane), azur lane","1girl, brown hair, yellow eyes, thighband pantyhose, white pantyhose, very long hair",https://danbooru.donmai.us/posts/4310871
harutsuki_(azur_lane),azur_lane,"harutsuki (azur lane), azur lane","1girl, black hair, orange eyes, wings, pleated skirt, red skirt, white socks, very long hair",https://danbooru.donmai.us/posts/3144159
harutsuki_(little_steamy_sprite)_(azur_lane),azur_lane,"harutsuki (little steamy sprite) (azur lane), azur lane","1girl, black hair, brown eyes, very long hair",https://danbooru.donmai.us/posts/10196800
hasty_(azur_lane),azur_lane,"hasty (azur lane), azur lane","1girl, blonde hair, blue eyes, rigging, white dress, blue coat, white hat, white pantyhose, white shoes, very long hair",https://danbooru.donmai.us/posts/12151873
hasty_(sleepless_dollhouse)_(azur_lane),azur_lane,"hasty (sleepless dollhouse) (azur lane), azur lane","1girl, blonde hair, green eyes, frilled dress, white dress, red shoes, white socks, long hair",https://danbooru.donmai.us/posts/12151903
hatakaze_(azur_lane),azur_lane,"hatakaze (azur lane), azur lane","1girl, black hair, yellow eyes, rigging, animal ears, black kimono, hakama short skirt, hakama skirt, braid, twintails",https://danbooru.donmai.us/posts/3364976
hatsuharu_(azur_lane),azur_lane,"hatsuharu (azur lane), azur lane","1girl, black hair, blue eyes, cat ears, cat tail, school uniform, black skirt, grey shirt, pleated skirt, black sailor collar, black shoes, long hair",https://danbooru.donmai.us/posts/2966594
hatsuharu_(hatsuharu's_cat_cafe_caper)_(azur_lane),azur_lane,"hatsuharu (hatsuharu's cat cafe caper) (azur lane), azur lane","1girl, black hair, blue eyes, cat ears, cat tail, kimono, blue skirt, frilled skirt, maid headdress, white thighhighs, apron, very long hair",https://danbooru.donmai.us/posts/6909084
hatsuharu_(hatsuharu_in_the_limelight)_(azur_lane),azur_lane,"hatsuharu (hatsuharu in the limelight) (azur lane), azur lane","1girl, black hair, blue eyes, cat ears, cat tail, blue dress, layered dress, white shoes, long hair",https://danbooru.donmai.us/posts/4561352
hatsuharu_(retrofit)_(azur_lane),azur_lane,"hatsuharu (retrofit) (azur lane), azur lane","1girl, black hair, blue eyes, cat ears, rigging, pleated skirt, white shirt, white skirt, white sailor collar, white thighhighs, choker, long hair",https://danbooru.donmai.us/posts/3729047
hatsuharu_(snow_day_hatsuharu)_(azur_lane),azur_lane,"hatsuharu (snow day hatsuharu) (azur lane), azur lane","1girl, brown hair, blue eyes, cat ears, blue skirt, brown jacket, collared shirt, pleated skirt, white shirt, black shoes, very long hair",https://danbooru.donmai.us/posts/3384652
hatsushimo_(azur_lane),azur_lane,"hatsushimo (azur lane), azur lane","1girl, pink hair, red eyes, cat ears, cat tail, black skirt, hakama short skirt, black choker, white thighhighs",https://danbooru.donmai.us/posts/3165700
hatsushimo_(perennial_joy)_(azur_lane),azur_lane,"hatsushimo (perennial joy) (azur lane), azur lane","1girl, pink hair, red eyes, cat ears, cat tail, black dress, short dress, black shoes, brown pantyhose, twintails, long hair",https://danbooru.donmai.us/posts/4117766
hatsushimo_(retrofit)_(azur_lane),azur_lane,"hatsushimo (retrofit) (azur lane), azur lane","1girl, pink hair, red eyes, cat ears, rigging, short kimono, black thighhighs, long hair",https://danbooru.donmai.us/posts/3975253
hatsuzuki_(august's_first_romance)_(azur_lane),azur_lane,"hatsuzuki (august's first romance) (azur lane), azur lane","1girl, black hair, red hair, red eyes, horns, black bikini, swimsuit",https://danbooru.donmai.us/posts/6682507
hatsuzuki_(azur_lane),azur_lane,"hatsuzuki (azur lane), azur lane","1girl, black hair, red eyes, horns, rigging, black dress, short dress, white coat, black pantyhose, platform boots, red boots, very long hair",https://danbooru.donmai.us/posts/6682500
hatsuzuki_(luxurious_celebration_time)_(azur_lane),azur_lane,"hatsuzuki (luxurious celebration time) (azur lane), azur lane","1girl, black hair, red hair, red eyes, horns, black kimono, black one-piece swimsuit, black shoes, twintails, long hair",https://danbooru.donmai.us/posts/9382557
hatsuzuki_(red_bridge_of_fate)_(azur_lane),azur_lane,"hatsuzuki (red bridge of fate) (azur lane), azur lane","1girl, brown hair, red hair, red eyes, horns, dress, kimono, long hair",https://danbooru.donmai.us/posts/11497267
hazelwood_(azur_lane),azur_lane,"hazelwood (azur lane), azur lane","1girl, purple hair, red eyes, rigging, short shorts, jacket, anchor choker, shoes, twintails, short hair",https://danbooru.donmai.us/posts/3325235
helena_(azur_lane),azur_lane,"helena (azur lane), azur lane","1girl, purple hair, pink eyes, rigging, short dress, black thighhighs, elbow gloves, striped gloves, very long hair",https://danbooru.donmai.us/posts/2947258
helena_(basking_in_the_cypress'_warmth)_(azur_lane),azur_lane,"helena (basking in the cypress' warmth) (azur lane), azur lane","1girl, blue hair, purple eyes, very long hair",https://danbooru.donmai.us/posts/9777199
helena_(miracle_in_white)_(azur_lane),azur_lane,"helena (miracle in white) (azur lane), azur lane","1girl, blue hair, purple eyes, wedding dress, white dress, elbow gloves, white gloves, long hair",https://danbooru.donmai.us/posts/5674618
helena_(new_year's_bluebird)_(azur_lane),azur_lane,"helena (new year's bluebird) (azur lane), azur lane","1girl, blue hair, purple hair, purple eyes, rigging, black boots, black gloves, knee boots, white thighhighs, very long hair",https://danbooru.donmai.us/posts/3364920
helena_(retrofit)_(azur_lane),azur_lane,"helena (retrofit) (azur lane), azur lane","1girl, blue hair, purple eyes, taut dress, two-tone dress, black gloves, blue thighhighs, elbow gloves, thigh boots, very long hair",https://danbooru.donmai.us/posts/3976281
helena_(shimmering_triangle_wave)_(azur_lane),azur_lane,"helena (shimmering triangle wave) (azur lane), azur lane","1girl, blue hair, purple eyes, black bikini, two-tone bikini, multicolored swimsuit, very long hair",https://danbooru.donmai.us/posts/6597978
hermes_(azur_lane),azur_lane,"hermes (azur lane), azur lane","1girl, white hair, pink eyes, rigging, black dress, short dress, ankle boots, grey boots, red hairband, striped thighhighs, short hair",https://danbooru.donmai.us/posts/2933436
hermes_(retrofit)_(azur_lane),azur_lane,"hermes (retrofit) (azur lane), azur lane","1girl, white hair, red eyes, print thighhighs, red hairband, white gloves, boots, short hair",https://danbooru.donmai.us/posts/3496159
hermione_(azur_lane),azur_lane,"hermione (azur lane), azur lane","1girl, white hair, yellow eyes, maid, maid headdress, black dress, frilled dress, showgirl skirt, black shoes, black thighhighs, braid, long hair",https://danbooru.donmai.us/posts/4048062
hermione_(dawn's_oath)_(azur_lane),azur_lane,"hermione (dawn's oath) (azur lane), azur lane","1girl, grey hair, yellow eyes, wedding dress, white dress, white gloves, white shoes, long hair",https://danbooru.donmai.us/posts/6380196
hermione_(graceful_afternoon_tea)_(azur_lane),azur_lane,"hermione (graceful afternoon tea) (azur lane), azur lane","1girl, white hair, yellow eyes, long dress, sleeveless dress, black gloves, black hairband, black thighhighs, half gloves, braid, long hair",https://danbooru.donmai.us/posts/6008197
hermione_(pristine_herbalist)_(azur_lane),azur_lane,"hermione (pristine herbalist) (azur lane), azur lane","1girl, white hair, yellow eyes, black shoes, white thighhighs, long hair",https://danbooru.donmai.us/posts/5089008
hermione_(pure_white_angel)_(azur_lane),azur_lane,"hermione (pure white angel) (azur lane), azur lane","1girl, white hair, yellow eyes, dress shirt, taut shirt, brown thighhighs, white gloves, white hat, white shoes, braid, very long hair",https://danbooru.donmai.us/posts/4048070
hermione_(pure_white_holiday)_(azur_lane),azur_lane,"hermione (pure white holiday) (azur lane), azur lane","1girl, white hair, yellow eyes, white one-piece swimsuit, braid, very long hair",https://danbooru.donmai.us/posts/4117733
hermione_(winter_dearest)_(azur_lane),azur_lane,"hermione (winter dearest) (azur lane), azur lane","1girl, white hair, yellow eyes, frilled skirt, long skirt, open coat, boots, gloves, braid, ponytail",https://danbooru.donmai.us/posts/7186888
hero_(azur_lane),azur_lane,"hero (azur lane), azur lane","1girl, brown hair, red eyes, rigging, white dress, black jacket, open jacket, black boots, black thighhighs, twintails, long hair",https://danbooru.donmai.us/posts/6085535
hero_(the_devil_wears_knee-highs)_(azur_lane),azur_lane,"hero (the devil wears knee-highs) (azur lane), azur lane","1girl, blonde hair, red eyes, school uniform, plaid skirt, red skirt, white shirt, twintails, long hair",https://danbooru.donmai.us/posts/6090487
herring_(azur_lane),azur_lane,"herring (azur lane), azur lane","1girl, white hair, blue eyes, bodysuit, open jacket, fingerless gloves, braid, long hair",https://danbooru.donmai.us/posts/8052270
herring_(the_town_with_no_shade)_(azur_lane),azur_lane,"herring (the town with no shade) (azur lane), azur lane","1girl, white hair, blue eyes, short shorts, fingerless gloves, fishnet pantyhose, boots, braid, twintails",https://danbooru.donmai.us/posts/8052269
hibiki_(azur_lane),azur_lane,"hibiki (azur lane), azur lane","1girl, grey hair, red eyes, pleated skirt, red skirt, white thighhighs, very long hair",https://danbooru.donmai.us/posts/3729045
hibiki_(new_year's_little_imp)_(azur_lane),azur_lane,"hibiki (new year's little imp) (azur lane), azur lane","1girl, grey hair, red eyes, horns, sleeveless shirt, white shirt, white thighhighs, very long hair",https://danbooru.donmai.us/posts/3729044
hiei-chan_(azur_lane),azur_lane,"hiei-chan (azur lane), azur lane","1girl, brown hair, brown eyes, horns, rigging, pleated dress, short dress, white socks, short hair",https://danbooru.donmai.us/posts/3488826
hiei_(azur_lane),azur_lane,"hiei (azur lane), azur lane","1girl, black hair, yellow eyes, horns, rigging, pleated skirt, white shirt, white skirt, white gloves, white socks, long hair",https://danbooru.donmai.us/posts/3657575
hiei_(beauty_of_the_white_sands)_(azur_lane),azur_lane,"hiei (beauty of the white sands) (azur lane), azur lane","1girl, black hair, orange eyes, horns, backless dress, sleeveless dress, white bikini, swimsuit, ponytail, very long hair",https://danbooru.donmai.us/posts/3874577
hiei_(fragrant_red_plum)_(azur_lane),azur_lane,"hiei (fragrant red plum) (azur lane), azur lane","1girl, black hair, brown eyes, horns, black dress, shoes, very long hair",https://danbooru.donmai.us/posts/3764459
hiei_(moonlit_cruise)_(azur_lane),azur_lane,"hiei (moonlit cruise) (azur lane), azur lane","1girl, black hair, horns, robe, long hair",https://danbooru.donmai.us/posts/3657579
hindenburg_(azur_lane),azur_lane,"hindenburg (azur lane), azur lane","1girl, red hair, red eyes, horns, pointy ears, black dress, black boots, black gloves, black pantyhose, elbow gloves, high heel boots, very long hair",https://danbooru.donmai.us/posts/6489487
hindenburg_(dancer_of_the_deep_chamber)_(azur_lane),azur_lane,"hindenburg (dancer of the deep chamber) (azur lane), azur lane","1girl, red hair, red eyes, horns, pointy ears, print dress, very long hair",https://danbooru.donmai.us/posts/10824721
hindenburg_(delirious_duel)_(azur_lane),azur_lane,"hindenburg (delirious duel) (azur lane), azur lane","1girl, red hair, red eyes, horns, pointy ears, black leotard, strapless leotard, torn pantyhose, shoes, very long hair",https://danbooru.donmai.us/posts/7005180
hiryuu_(after_school_bullies)_(azur_lane),azur_lane,"hiryuu (after school bullies) (azur lane), azur lane","1girl, white hair, blue eyes, rabbit ears, school uniform, blue shirt, blue skirt, long skirt, black choker, black gloves, ponytail, very long hair",https://danbooru.donmai.us/posts/3065377
hiryuu_(azur_lane),azur_lane,"hiryuu (azur lane), azur lane","1girl, white hair, blue eyes, rabbit ears, rigging, blue skirt, pleated skirt, black gloves, blue shoes, white socks, ponytail, long hair",https://danbooru.donmai.us/posts/2958390
hiryuu_(retrofit)_(azur_lane),azur_lane,"hiryuu (retrofit) (azur lane), azur lane","1girl, white hair, blue eyes, rabbit ears, rigging, pleated skirt, blue gloves, fingerless gloves, white socks, white thighhighs, cape, ponytail",https://danbooru.donmai.us/posts/3364961
hiyou_(azur_lane),azur_lane,"hiyou (azur lane), azur lane","1girl, purple hair, yellow eyes, animal ears, sleeveless shirt, white shirt, white shorts, black gloves, fingerless gloves, white thighhighs, long hair",https://danbooru.donmai.us/posts/3104488
hobby_(azur_lane),azur_lane,"hobby (azur lane), azur lane","1girl, brown hair, black skirt, collared shirt, pleated skirt, sleeveless shirt, black boots, black hairband, very long hair",https://danbooru.donmai.us/posts/3297362
hobby_(little_idol_schoolgirl)_(azur_lane),azur_lane,"hobby (little idol schoolgirl) (azur lane), azur lane","1girl, brown hair, purple eyes, school uniform, collared shirt, grey skirt, pleated skirt, purple jacket, white shirt, very long hair",https://danbooru.donmai.us/posts/3297352
honolulu_(among_the_stalls)_(azur_lane),azur_lane,"honolulu (among the stalls) (azur lane), azur lane","1girl, blue hair, red hair, red eyes, blue kimono, pleated skirt, white thighhighs, twintails, very long hair",https://danbooru.donmai.us/posts/3891327
honolulu_(manjuu_mischief)_(azur_lane),azur_lane,"honolulu (manjuu mischief) (azur lane), azur lane","1girl, red hair, red eyes, school uniform, black skirt, black pantyhose, twintails, very long hair",https://danbooru.donmai.us/posts/3356512
honolulu_(summer_accident?!)_(azur_lane),azur_lane,"honolulu (summer accident?!) (azur lane), azur lane","1girl, red hair, red eyes, rigging, black bikini, swimsuit, straw hat, sun hat, twintails, very long hair",https://danbooru.donmai.us/posts/3276689
honolulu_(umbrella_girl)_(azur_lane),azur_lane,"honolulu (umbrella girl) (azur lane), azur lane","1girl, red hair, red eyes, school uniform, grey skirt, pleated skirt, taut shirt, white shirt, black bowtie, twintails, very long hair",https://danbooru.donmai.us/posts/3065372
hood_(azur_lane),azur_lane,"hood (azur lane), azur lane","1girl, blonde hair, blue eyes, rigging, blue dress, medium dress, ankle boots, black pantyhose, blue capelet, grey boots, long hair",https://danbooru.donmai.us/posts/3295479
hood_(dawnlight's_dame)_(azur_lane),azur_lane,"hood (dawnlight's dame) (azur lane), azur lane","1girl, blonde hair, white dress, open coat, white coat, elbow gloves, mini hat, white gloves",https://danbooru.donmai.us/posts/4561336
hood_(elegance_meant_for_one)_(azur_lane),azur_lane,"hood (elegance meant for one) (azur lane), azur lane","1girl, blonde hair, blue eyes, blue dress, white shoes, white thighhighs",https://danbooru.donmai.us/posts/11474141
hood_(gentlewoman_and_stallion)_(azur_lane),azur_lane,"hood (gentlewoman and stallion) (azur lane), azur lane","1girl, blonde hair, blue eyes, uniform, white pants, white shirt, jacket, black boots, blue hat, long hair",https://danbooru.donmai.us/posts/6446094
hood_(lady_of_the_shining_sun)_(azur_lane),azur_lane,"hood (lady of the shining sun) (azur lane), azur lane","1girl, blonde hair, blue eyes, rigging, o-ring one-piece swimsuit, multicolored swimsuit, black choker, ponytail, side ponytail",https://danbooru.donmai.us/posts/2966567
hood_(porcelain_grace)_(azur_lane),azur_lane,"hood (porcelain grace) (azur lane), azur lane","1girl, blonde hair, blue eyes, blue kimono, drill hair, long hair",https://danbooru.donmai.us/posts/4481698
hood_(rosey_love_poem)_(azur_lane),azur_lane,"hood (rosey love poem) (azur lane), azur lane","1girl, blonde hair, blue eyes, rigging, tiara, strapless dress, wedding dress, long hair",https://danbooru.donmai.us/posts/2966575
hornet_(azur_lane),azur_lane,"hornet (azur lane), azur lane","1girl, blonde hair, green eyes, rigging, black bikini, swimsuit, black shorts, short shorts, black hat, black thighhighs, twintails, long hair",https://danbooru.donmai.us/posts/2929638
hornet_(racing_across_the_waves)_(azur_lane),azur_lane,"hornet (racing across the waves) (azur lane), azur lane","1girl, blonde hair, green eyes, bikini, swimsuit, shirt, fingerless gloves, choker, twintails, long hair",https://danbooru.donmai.us/posts/5923684
hornet_ii_(azur_lane),azur_lane,"hornet ii (azur lane), azur lane","1girl, blonde hair, blue eyes, green eyes, shorts, cowboy hat, fingerless gloves, lace-up boots, choker, thighhighs, twintails, very long hair",https://danbooru.donmai.us/posts/5920479
hornet_ii_(racing_across_the_waves)_(azur_lane),azur_lane,"hornet ii (racing across the waves) (azur lane), azur lane","1girl, blonde hair, green eyes, bikini, swimsuit, shirt, fingerless gloves, choker, twintails, long hair",https://danbooru.donmai.us/posts/5923684
hostile_(azur_lane),azur_lane,"hostile (azur lane), azur lane","1girl, brown hair, green eyes, rigging, pleated skirt, white skirt, black choker, blue cape, brown boots, elbow gloves, twintails, long hair",https://danbooru.donmai.us/posts/12151877
hostile_(coastal_vigil)_(azur_lane),azur_lane,"hostile (coastal vigil) (azur lane), azur lane","1girl, grey hair, green eyes, horns, white dress, braid, long hair",https://danbooru.donmai.us/posts/12151901
houshou_(azur_lane),azur_lane,"houshou (azur lane), azur lane","1girl, purple hair, brown eyes, rigging, kimono, black thighhighs",https://danbooru.donmai.us/posts/2895392
houshou_(the_dream_of_the_autumn_pillow)_(azur_lane),azur_lane,"houshou (the dream of the autumn pillow) (azur lane), azur lane","1girl, purple hair, brown eyes, kimono, socks",https://danbooru.donmai.us/posts/2895394
houston_(azur_lane),azur_lane,"houston (azur lane), azur lane","1girl, pink hair, green eyes, rigging, short shorts, white shorts, black choker, elbow gloves, red gloves, red thighhighs, long hair",https://danbooru.donmai.us/posts/2931748
houston_(ready_to_serve)_(azur_lane),azur_lane,"houston (ready to serve) (azur lane), azur lane","1girl, purple hair, green eyes, maid, rabbit ears, frilled dress, frilled leotard, black thighhighs, frilled apron, grey gloves, white apron, medium hair",https://danbooru.donmai.us/posts/7005473
houston_ii_(azur_lane),azur_lane,"houston ii (azur lane), azur lane","1girl, purple hair, green eyes, cat ears, rigging, blue dress, short dress, open coat, white coat, jacket, skirt, medium hair",https://danbooru.donmai.us/posts/6791253
howe_(azur_lane),azur_lane,"howe (azur lane), azur lane","1girl, blonde hair, blue eyes, rigging, red dress, knee boots, white boots, cape, gloves, braid, very long hair",https://danbooru.donmai.us/posts/4048060
howe_(evening_marvels)_(azur_lane),azur_lane,"howe (evening marvels) (azur lane), azur lane","1girl, blonde hair, blue eyes, halter dress, short dress, black shoes, long hair",https://danbooru.donmai.us/posts/5401181
howe_(noble_rouge)_(azur_lane),azur_lane,"howe (noble rouge) (azur lane), azur lane","1girl, blonde hair, blue eyes, off-shoulder dress, red dress, black shirt, sleeveless shirt, black boots, black hat, braid, long hair",https://danbooru.donmai.us/posts/4048053
howe_(pastry_princess)_(azur_lane),azur_lane,"howe (pastry princess) (azur lane), azur lane","1girl, blonde hair, green eyes, maid, maid headdress, black shoes, brown thighhighs, elbow gloves, red gloves, long hair",https://danbooru.donmai.us/posts/5020119
hu_pen_(azur_lane),azur_lane,"hu pen (azur lane), azur lane","1girl, brown hair, orange hair, brown eyes, rigging, animal ears, black shorts, black gloves, fingerless gloves, ponytail",https://danbooru.donmai.us/posts/7156523
huan_ch'ang_(azur_lane),azur_lane,"huan ch'ang (azur lane), azur lane","1girl, black hair, green hair, green eyes, rigging, black dress, sleeveless dress, black coat, black gloves, black shoes, elbow gloves, very long hair",https://danbooru.donmai.us/posts/7157908
huan_ch'ang_(dance_beneath_the_moonlight)_(azur_lane),azur_lane,"huan ch'ang (dance beneath the moonlight) (azur lane), azur lane","1girl, black hair, white dress, white shoes, twintails, very long hair",https://danbooru.donmai.us/posts/7156572
hunter_(azur_lane),azur_lane,"hunter (azur lane), azur lane","1girl, brown hair, red eyes, rigging, short shorts, trench coat, boots, gloves, hat, scarf",https://danbooru.donmai.us/posts/3456117
hwah_jah_(as_lustrous_as_lacquer)_(azur_lane),azur_lane,"hwah jah (as lustrous as lacquer) (azur lane), azur lane","1girl, brown hair, blue eyes, green dress, long dress, black shoes, short hair",https://danbooru.donmai.us/posts/11470868
hwah_jah_(azur_lane),azur_lane,"hwah jah (azur lane), azur lane","1girl, black hair, white hair, rigging, dress, pantyhose, shoes, short hair",https://danbooru.donmai.us/posts/5994880
hwah_jah_(retrofit)_(azur_lane),azur_lane,"hwah jah (retrofit) (azur lane), azur lane","1girl, black hair, blue eyes, purple eyes, rigging, green dress, sideless dress, black shoes, medium hair",https://danbooru.donmai.us/posts/8719192
hwah_jah_(the_festive_undead)_(azur_lane),azur_lane,"hwah jah (the festive undead) (azur lane), azur lane","1girl, black hair, white hair, blue eyes, dress, hat, thighhighs, short hair",https://danbooru.donmai.us/posts/5994871
hyuuga_(azur_lane),azur_lane,"hyuuga (azur lane), azur lane","1girl, grey hair, orange eyes, rigging, animal ears, open kimono, black skirt, high-waist skirt, very long hair",https://danbooru.donmai.us/posts/2931547
hyuuga_(retrofit)_(azur_lane),azur_lane,"hyuuga (retrofit) (azur lane), azur lane","1girl, grey hair, brown eyes, rigging, animal ears, white socks, long hair",https://danbooru.donmai.us/posts/3240889
i-13_(after-school_observations)_(azur_lane),azur_lane,"i-13 (after-school observations) (azur lane), azur lane","1girl, blue hair, purple hair, horns, sleeveless dress, white dress, black jacket, hairband, shoes, hair bun",https://danbooru.donmai.us/posts/10411051
i-13_(azur_lane),azur_lane,"i-13 (azur lane), azur lane","1girl, blue hair, purple hair, blue eyes, horns, white one-piece swimsuit, blue sailor collar, ribbon-trimmed thighhighs, white thighhighs, very long hair",https://danbooru.donmai.us/posts/3460018
i-14_(azur_lane),azur_lane,"i-14 (azur lane), azur lane","1girl, pink hair, purple eyes, horns, rigging, white thighhighs, braid, twintails",https://danbooru.donmai.us/posts/12151866
i-14_(thousand-faced_nothingness)_(azur_lane),azur_lane,"i-14 (thousand-faced nothingness) (azur lane), azur lane","1girl, pink hair, pink eyes, horns, red kimono, braid, long hair",https://danbooru.donmai.us/posts/12151898
i-168_(azur_lane),azur_lane,"i-168 (azur lane), azur lane","1girl, black hair, red hair, red eyes, school swimsuit",https://danbooru.donmai.us/posts/3563422
i-19_(azur_lane),azur_lane,"i-19 (azur lane), azur lane","1girl, red hair, pink eyes, cat ears, cat tail, blue one-piece swimsuit, school swimsuit, black choker, white thighhighs, twintails, long hair",https://danbooru.donmai.us/posts/3144150
i-19_(blossoming_bunny)_(azur_lane),azur_lane,"i-19 (blossoming bunny) (azur lane), azur lane","1girl, red hair, red eyes, rabbit ears, brown leotard, strapless leotard, black choker, white gloves, pantyhose, long hair",https://danbooru.donmai.us/posts/4547974
i-19_(departure's_gentle_breeze)_(azur_lane),azur_lane,"i-19 (departure's gentle breeze) (azur lane), azur lane","1girl, red hair, red eyes, cat ears, cat tail, yellow socks, shoes, twintails, long hair",https://danbooru.donmai.us/posts/3170273
i-19_(pillowy_paradise)_(azur_lane),azur_lane,"i-19 (pillowy paradise) (azur lane), azur lane","1girl, red hair, red eyes, cat ears, cat tail, black hoodie, grey shorts, short shorts, white shirt, white thighhighs, choker, long hair",https://danbooru.donmai.us/posts/3968985
i-25_(azur_lane),azur_lane,"i-25 (azur lane), azur lane","1girl, pink hair, blue eyes, rabbit ears, rigging, impossible swimsuit, school uniform, side-tie swimsuit, blue shirt, open shirt, white hairband, very long hair",https://danbooru.donmai.us/posts/3563415
i-25_(coral_reef_bunny)_(azur_lane),azur_lane,"i-25 (coral reef bunny) (azur lane), azur lane","1girl, pink hair, blue eyes, rabbit ears, school uniform, black skirt, collared shirt, pleated skirt, white shirt, black hat, very long hair",https://danbooru.donmai.us/posts/3570579
i-25_(sweet_wine_of_celebration)_(azur_lane),azur_lane,"i-25 (sweet wine of celebration) (azur lane), azur lane","1girl, pink hair, blue eyes, rabbit ears, very long hair",https://danbooru.donmai.us/posts/4342650
i-26_(azur_lane),azur_lane,"i-26 (azur lane), azur lane","1girl, brown hair, orange eyes, purple one-piece swimsuit, ribbon-trimmed swimsuit, white sailor collar, short hair",https://danbooru.donmai.us/posts/3144149
i-26_(deep-sea_rabbit)_(azur_lane),azur_lane,"i-26 (deep-sea rabbit) (azur lane), azur lane","1girl, brown hair, red eyes, black skirt, white socks, short hair",https://danbooru.donmai.us/posts/3170279
i-26_(shortly_before_the_fireworks)_(azur_lane),azur_lane,"i-26 (shortly before the fireworks) (azur lane), azur lane","1girl, brown hair, brown eyes, red eyes, rabbit ears, white kimono, hair bun, short hair",https://danbooru.donmai.us/posts/3612513
i-404_(azur_lane),azur_lane,"i-404 (azur lane), azur lane","1girl, grey hair, red hair, blue eyes, rigging, black thighhighs, platform shoes, braid, short hair",https://danbooru.donmai.us/posts/9920017
i-404_(dance_of_crimson_strings)_(azur_lane),azur_lane,"i-404 (dance of crimson strings) (azur lane), azur lane","1girl, grey hair, red hair, blue eyes, black bodysuit, impossible bodysuit, black shoes, red scarf, white pantyhose, braid, medium hair",https://danbooru.donmai.us/posts/9924577
i-56_(azur_lane),azur_lane,"i-56 (azur lane), azur lane","1girl, black hair, blue eyes, sailor bikini, swimsuit, black gloves, fingerless gloves, sailor collar, ponytail",https://danbooru.donmai.us/posts/3563419
i-56_(wallflower_in_the_corner)_(azur_lane),azur_lane,"i-56 (wallflower in the corner) (azur lane), azur lane","1girl, black hair, purple eyes, pointy ears, school uniform, black skirt, collared shirt, pleated skirt, white shirt, black necktie, hair bun",https://danbooru.donmai.us/posts/3570582
i-58_(azur_lane),azur_lane,"i-58 (azur lane), azur lane","1girl, black hair, green eyes, black bikini, strapless bikini, swimsuit, black gloves, black sailor collar, elbow gloves, twintails, long hair",https://danbooru.donmai.us/posts/3143315
ibuki_(arrival_of_spring)_(azur_lane),azur_lane,"ibuki (arrival of spring) (azur lane), azur lane","1girl, blue hair, blue eyes, red eyes, horns, dress, braid, hair bun",https://danbooru.donmai.us/posts/3753552
ibuki_(azur_lane),azur_lane,"ibuki (azur lane), azur lane","1girl, blue hair, horns, short dress, platform boots, thighhighs, long hair",https://danbooru.donmai.us/posts/3147113
ibuki_(snow_on_the_wind)_(azur_lane),azur_lane,"ibuki (snow on the wind) (azur lane), azur lane","1girl, blue hair, blue eyes, red eyes, horns, strapless dress, white dress, lace choker, long hair",https://danbooru.donmai.us/posts/3628155
ibuki_(traces_of_summery_love)_(azur_lane),azur_lane,"ibuki (traces of summery love) (azur lane), azur lane","1girl, blue hair, blue eyes, red eyes, horns, white bikini, swimsuit, white sarong, very long hair",https://danbooru.donmai.us/posts/11181403
ibuki_(tranquil_sunya)_(azur_lane),azur_lane,"ibuki (tranquil sunya) (azur lane), azur lane","1girl, blue hair, blue eyes, red eyes, horns, off-shoulder dress, see-through dress, long hair",https://danbooru.donmai.us/posts/4875480
ibuki_(winter_sylph's_reverie)_(azur_lane),azur_lane,"ibuki (winter sylph's reverie) (azur lane), azur lane","1girl, blue hair, blue eyes, red eyes, horns, kimono, long hair",https://danbooru.donmai.us/posts/3831997
icarus_(at_your_service)_(azur_lane),azur_lane,"icarus (at your service) (azur lane), azur lane","1girl, blonde hair, blue eyes, maid, maid headdress, black shoes, thighhighs, long hair",https://danbooru.donmai.us/posts/6004385
icarus_(azur_lane),azur_lane,"icarus (azur lane), azur lane","1girl, blonde hair, rigging, blue skirt, grey sweater, pleated skirt, white jacket, black shoes, blue necktie, very long hair",https://danbooru.donmai.us/posts/4005052
icarus_(nereid's_discovery)_(azur_lane),azur_lane,"icarus (nereid's discovery) (azur lane), azur lane","1girl, blonde hair, blue eyes, competition swimsuit, highleg one-piece swimsuit, white thighhighs, very long hair",https://danbooru.donmai.us/posts/4107030
ikazuchi_(azur_lane),azur_lane,"ikazuchi (azur lane), azur lane","1girl, pink hair, pink eyes, horns, rigging, pleated skirt, black thighhighs, ribbon choker, side ponytail",https://danbooru.donmai.us/posts/2895399
ikazuchi_(courtyard_maid_ikazuchi)_(azur_lane),azur_lane,"ikazuchi (courtyard maid ikazuchi) (azur lane), azur lane","1girl, pink hair, red eyes, horns, maid, maid headdress, waist apron, thighhighs, hair bun, long hair",https://danbooru.donmai.us/posts/7186946
ikazuchi_(dawn's_thunder)_(azur_lane),azur_lane,"ikazuchi (dawn's thunder) (azur lane), azur lane","1girl, pink hair, red eyes, halo, wings, red dress, ribbed dress, red shoes, side ponytail, very long hair",https://danbooru.donmai.us/posts/4117767
ikazuchi_(sakura_tea)_(azur_lane),azur_lane,"ikazuchi (sakura tea) (azur lane), azur lane","1girl, pink hair, orange eyes, horns, frilled skirt, purple skirt, sleeveless shirt, taut shirt, mini hat, mini top hat, long hair",https://danbooru.donmai.us/posts/2961736
ikazuchi_(thunderous_festival)_(azur_lane),azur_lane,"ikazuchi (thunderous festival) (azur lane), azur lane","1girl, horns, yellow kimono, white thighhighs, shoes, hair bun",https://danbooru.donmai.us/posts/3613096
illustrious_(azur_lane),azur_lane,"illustrious (azur lane), azur lane","1girl, white hair, blue eyes, rigging, lace-trimmed dress, strapless dress, black shoes, elbow gloves, sun hat, white gloves, ponytail, long hair",https://danbooru.donmai.us/posts/2930394
illustrious_(illustrious_ball)_(azur_lane),azur_lane,"illustrious (illustrious ball) (azur lane), azur lane","1girl, white hair, blue eyes, strapless dress, white dress, elbow gloves, white gloves, white thighhighs, twintails, long hair",https://danbooru.donmai.us/posts/3256336
illustrious_(maiden_lily's_radiance)_(azur_lane),azur_lane,"illustrious (maiden lily's radiance) (azur lane), azur lane","1girl, blue eyes, white dress, white thighhighs, long hair",https://danbooru.donmai.us/posts/3764444
illustrious_(morning_star_of_love_and_hope)_(azur_lane),azur_lane,"illustrious (morning star of love and hope) (azur lane), azur lane","1girl, white hair, blue eyes, tiara, lace-trimmed dress, short dress, white shoes, white thighhighs, ponytail, long hair",https://danbooru.donmai.us/posts/2930397
illustrious_(never-ending_tea_party)_(azur_lane),azur_lane,"illustrious (never-ending tea party) (azur lane), azur lane","1girl, white hair, blue eyes, blue dress, black thighhighs, lace-trimmed thighhighs, gloves, long hair",https://danbooru.donmai.us/posts/2957413
illustrious_(resplendent_hibiscus)_(azur_lane),azur_lane,"illustrious (resplendent hibiscus) (azur lane), azur lane","1girl, white hair, blue eyes, rigging, braid, long hair",https://danbooru.donmai.us/posts/3460011
illustrious_(sweet_afternoon_teatime)_(azur_lane),azur_lane,"illustrious (sweet afternoon teatime) (azur lane), azur lane","1girl, white hair, blue eyes, frilled apron, maid apron, white thighhighs, twintails, very long hair",https://danbooru.donmai.us/posts/9336487
illustrious_(wandering_glow_of_midnight)_(azur_lane),azur_lane,"illustrious (wandering glow of midnight) (azur lane), azur lane","1girl, white hair, blue eyes, white dress, white shoes, twintails, long hair",https://danbooru.donmai.us/posts/12151917
impero_(azur_lane),azur_lane,"impero (azur lane), azur lane","1girl, pink hair, blue eyes, rigging, black dress, collared dress, military uniform, fold-over boots, white boots, choker, very long hair",https://danbooru.donmai.us/posts/5219706
impero_(drunken_drowsy_dreamer)_(azur_lane),azur_lane,"impero (drunken drowsy dreamer) (azur lane), azur lane","1girl, brown hair, blue eyes, black skirt, pencil skirt, sleeveless shirt, white shirt, pantyhose, very long hair",https://danbooru.donmai.us/posts/9558980
impero_(languid_librarian)_(azur_lane),azur_lane,"impero (languid librarian) (azur lane), azur lane","1girl, brown hair, blue eyes, collared shirt, plaid skirt, sweater, black bowtie, black socks, shoes, very long hair",https://danbooru.donmai.us/posts/5219712
implacable_(azur_lane),azur_lane,"implacable (azur lane), azur lane","1girl, blonde hair, red eyes, halo, horns, black dress, black gloves, black shoes, half gloves, white thighhighs, very long hair",https://danbooru.donmai.us/posts/6090503
implacable_(her_beauty_runneth_over)_(azur_lane),azur_lane,"implacable (her beauty runneth over) (azur lane), azur lane","1girl, blonde hair, red eyes, dress, lace thighhighs, shoes, very long hair",https://danbooru.donmai.us/posts/10882479
"implacable_(shepherd_of_the_""lost"")_(azur_lane)",azur_lane,"implacable (shepherd of the ""lost"") (azur lane), azur lane","1girl, blonde hair, red eyes, black skirt, white shirt, black choker, black pantyhose, very long hair",https://danbooru.donmai.us/posts/6085650
inazuma_(azur_lane),azur_lane,"inazuma (azur lane), azur lane","1girl, blue hair, blue eyes, horns, rigging, pleated skirt, ribbon choker, thighhighs, ponytail, long hair",https://danbooru.donmai.us/posts/2895401
inazuma_(dusk's_lightning)_(azur_lane),azur_lane,"inazuma (dusk's lightning) (azur lane), azur lane","1girl, blue hair, blue eyes, horns, wings, blue dress, sleeveless dress, blue shoes, side ponytail, very long hair",https://danbooru.donmai.us/posts/4117768
inazuma_(flash_of_fireworks)_(azur_lane),azur_lane,"inazuma (flash of fireworks) (azur lane), azur lane","1girl, blue hair, blue eyes, horns, white kimono, black thighhighs, shoes, hair bun",https://danbooru.donmai.us/posts/3613941
inazuma_(vanilla_pudding)_(azur_lane),azur_lane,"inazuma (vanilla pudding) (azur lane), azur lane","1girl, blue hair, blue eyes, horns, frilled skirt, purple skirt, sleeveless shirt, taut shirt, black hairband, black hat, very long hair",https://danbooru.donmai.us/posts/2961739
independence_(aching_for_relaxation)_(azur_lane),azur_lane,"independence (aching for relaxation) (azur lane), azur lane","1girl, red eyes, black bikini, swimsuit, ponytail, very long hair",https://danbooru.donmai.us/posts/11470869
independence_(azur_lane),azur_lane,"independence (azur lane), azur lane","1girl, brown hair, red eyes, pleated skirt, half gloves, hairband, ponytail, very long hair",https://danbooru.donmai.us/posts/3556577
independence_(liberty_and_leisure)_(azur_lane),azur_lane,"independence (liberty and leisure) (azur lane), azur lane","1girl, black hair, red eyes, hairband",https://danbooru.donmai.us/posts/4411891
independence_(retrofit)_(azur_lane),azur_lane,"independence (retrofit) (azur lane), azur lane","1girl, black hair, red eyes, rigging, wings, black pantyhose, long hair",https://danbooru.donmai.us/posts/4547739
independence_(the_independent_line)_(azur_lane),azur_lane,"independence (the independent line) (azur lane), azur lane","1girl, brown hair, red eyes, blue dress, off-shoulder dress, choker, hairband, ponytail, very long hair",https://danbooru.donmai.us/posts/4114329
independence_(the_tailwind_of_opportunity)_(azur_lane),azur_lane,"independence (the tailwind of opportunity) (azur lane), azur lane","1girl, brown hair, red eyes, skirt, hairband, very long hair",https://danbooru.donmai.us/posts/4939010
independence_(transfer_student_from_afar)_(azur_lane),azur_lane,"independence (transfer student from afar) (azur lane), azur lane","1girl, brown hair, red eyes, school uniform, blue skirt, collared shirt, dress shirt, open jacket, pleated skirt, ponytail, short hair",https://danbooru.donmai.us/posts/3433091
indiana_(azur_lane),azur_lane,"indiana (azur lane), azur lane","1girl, white hair, pants, knee boots, necktie, long hair",https://danbooru.donmai.us/posts/8052276
indiana_(high_noon_arrest)_(azur_lane),azur_lane,"indiana (high noon arrest) (azur lane), azur lane","1girl, white hair, shorts, cowboy hat, fingerless gloves, boots, long hair",https://danbooru.donmai.us/posts/8052275
indianapolis_(azur_lane),azur_lane,"indianapolis (azur lane), azur lane","1girl, pink hair, blue eyes, yellow eyes, rigging, black shorts, short shorts, black gloves, grey shoes, white thighhighs, twintails, very long hair",https://danbooru.donmai.us/posts/2931291
indomitable_(azur_lane),azur_lane,"indomitable (azur lane), azur lane","1girl, black hair, green eyes, sleeveless dress, white dress, white gloves, white shoes, very long hair",https://danbooru.donmai.us/posts/5382937
indomitable_(the_laid-back_navigator)_(azur_lane),azur_lane,"indomitable (the laid-back navigator) (azur lane), azur lane","1girl, black hair, bikini, swimsuit, jacket, white thighhighs, ponytail, very long hair",https://danbooru.donmai.us/posts/11983515
ingraham_(azur_lane),azur_lane,"ingraham (azur lane), azur lane","1girl, brown hair, red eyes, open coat",https://danbooru.donmai.us/posts/4721417
ingraham_(wanderer_in_a_miniature_world)_(azur_lane),azur_lane,"ingraham (wanderer in a miniature world) (azur lane), azur lane","1girl, red eyes, black skirt, black shoes, white socks, hairband, hair bun, short hair",https://danbooru.donmai.us/posts/12250194
intrepid_(azur_lane),azur_lane,"intrepid (azur lane), azur lane","1girl, grey hair, grey eyes, rigging, skirt, black gloves, black thighhighs, cape, twintails, long hair",https://danbooru.donmai.us/posts/3846901
intrepid_(one_intrepid_pitch)_(azur_lane),azur_lane,"intrepid (one intrepid pitch) (azur lane), azur lane","1girl, grey hair, blue eyes, short shorts, white shirt, white shorts, black socks, white shoes, hat, ponytail, very long hair",https://danbooru.donmai.us/posts/3891359
ise_(azur_lane),azur_lane,"ise (azur lane), azur lane","1girl, brown hair, orange eyes, fox ears, fox tail, shoulder armor, hakama skirt, white socks, hair bun, short hair",https://danbooru.donmai.us/posts/2931549
ise_(retrofit)_(azur_lane),azur_lane,"ise (retrofit) (azur lane), azur lane","1girl, red hair, red eyes, fox ears, black skirt, white socks, ponytail, short hair",https://danbooru.donmai.us/posts/3240892
isokaze_(azur_lane),azur_lane,"isokaze (azur lane), azur lane","1girl, green hair, green eyes, fox ears, fox tail, white dress, black capelet, black hairband, black thighhighs, long hair",https://danbooru.donmai.us/posts/3055207
isokaze_(new_year's_campaign)_(azur_lane),azur_lane,"isokaze (new year's campaign) (azur lane), azur lane","1girl, green hair, green eyes, animal ears, tail, white leotard, white thighhighs, very long hair",https://danbooru.donmai.us/posts/3364964
isokaze_(sengoku_smasher)_(azur_lane),azur_lane,"isokaze (sengoku smasher) (azur lane), azur lane","1girl, green hair, green eyes, animal ears, school uniform, pink skirt, pleated skirt, black choker, brown shoes, white thighhighs",https://danbooru.donmai.us/posts/4700095
isuzu_(azur_lane),azur_lane,"isuzu (azur lane), azur lane","1girl, black hair, brown eyes, horns, pointy ears, dress shirt, black pantyhose, brown boots, lace-up boots, thighband pantyhose, side ponytail, long hair",https://danbooru.donmai.us/posts/2893273
isuzu_(night_of_fairy_tale)_(azur_lane),azur_lane,"isuzu (night of fairy tale) (azur lane), azur lane","1girl, black hair, red eyes, black hat, witch hat, pantyhose, ponytail",https://danbooru.donmai.us/posts/3302664
isuzu_(retrofit)_(azur_lane),azur_lane,"isuzu (retrofit) (azur lane), azur lane","1girl, purple hair, red eyes, horns, rigging, school uniform, black shirt, black skirt, pleated skirt, black boots, black gloves, ponytail",https://danbooru.donmai.us/posts/3876950
izumo_(azur_lane),azur_lane,"izumo (azur lane), azur lane","1girl, purple hair, pink eyes, horns, pointy ears, black armor, japanese armor, white leotard, black gloves, black thighhighs, fingerless gloves, ponytail",https://danbooru.donmai.us/posts/3147114
izumo_(izumo's_thousand_cherry_trees)_(azur_lane),azur_lane,"izumo (izumo's thousand cherry trees) (azur lane), azur lane","1girl, purple hair, red eyes, horns, pointy ears, black thighhighs, short hair",https://danbooru.donmai.us/posts/3364919
izumo_(tail-stirred_cocktail)_(azur_lane),azur_lane,"izumo (tail-stirred cocktail) (azur lane), azur lane","1girl, purple hair, purple eyes, black gloves, black thighhighs, drill hair",https://danbooru.donmai.us/posts/10196804
jade_(a_good_girl's_magic)_(azur_lane),azur_lane,"jade (a good girl's magic) (azur lane), azur lane","1girl, blue eyes, bikini, swimsuit, open jacket, skirt, fishnet thighhighs, witch hat, short hair",https://danbooru.donmai.us/posts/7411308
jade_(a_lick_of_summer)_(azur_lane),azur_lane,"jade (a lick of summer) (azur lane), azur lane","1girl, grey hair, aqua eyes, casual one-piece swimsuit, white one-piece swimsuit, hair bun",https://danbooru.donmai.us/posts/6338865
jade_(azur_lane),azur_lane,"jade (azur lane), azur lane","1girl, black hair, grey hair, aqua eyes, rigging, black jacket, black skirt, checkered skirt, black hat, checkered hat, white gloves, hair bun",https://danbooru.donmai.us/posts/6327947
jamaica_(azur_lane),azur_lane,"jamaica (azur lane), azur lane","1girl, blonde hair, red hair, yellow eyes, rigging, pleated skirt, red skirt, sleeveless shirt, white shirt, black hat, black thighhighs, long hair",https://danbooru.donmai.us/posts/3033371
jamaica_(dark_bolt)_(azur_lane),azur_lane,"jamaica (dark bolt) (azur lane), azur lane","1girl, blonde hair, red hair, yellow eyes, black shorts, bomber jacket, fur-trimmed jacket, short shorts, black boots, black thighhighs, long hair",https://danbooru.donmai.us/posts/3400879
jamaica_(highway_star)_(azur_lane),azur_lane,"jamaica (highway star) (azur lane), azur lane","1girl, red hair, yellow eyes, black pants, black shirt, open jacket, sleeveless shirt, white jacket, black gloves, ponytail, very long hair",https://danbooru.donmai.us/posts/3639446
janus_(a_lesson_in_billiards)_(azur_lane),azur_lane,"janus (a lesson in billiards) (azur lane), azur lane","1girl, blue hair, blue eyes, white leotard, black bowtie, black pantyhose, torn pantyhose, white gloves, white shoes, twintails, long hair",https://danbooru.donmai.us/posts/8587034
janus_(azur_lane),azur_lane,"janus (azur lane), azur lane","1girl, blue hair, blue eyes, crown, rigging, frilled dress, white dress, white thighhighs, braid, long hair",https://danbooru.donmai.us/posts/5394271
janus_(don't_turn_off_the_lights)_(azur_lane),azur_lane,"janus (don't turn off the lights) (azur lane), azur lane","1girl, grey hair, white hair, blue eyes, maid, maid headdress, black dress, frilled dress, black shoes, frilled apron, maid apron, very long hair",https://danbooru.donmai.us/posts/7029350
janus_(fright-night_scaredy-cat)_(azur_lane),azur_lane,"janus (fright-night scaredy-cat) (azur lane), azur lane","1girl, white hair, blue eyes, cat ears, tail, black shoes, black thighhighs, torn thighhighs, very long hair",https://danbooru.donmai.us/posts/5779849
janus_(shimmering_splashes_above_the_clouds)_(azur_lane),azur_lane,"janus (shimmering splashes above the clouds) (azur lane), azur lane","1girl, blue hair, blue eyes, white bikini, swimsuit, long hair",https://danbooru.donmai.us/posts/11422795
javelin_(a_different_dance)_(azur_lane),azur_lane,"javelin (a different dance) (azur lane), azur lane","1girl, purple hair, blue eyes, black dress, frilled dress, black boots, knee boots, long hair",https://danbooru.donmai.us/posts/6703525
javelin_(azur_lane),azur_lane,"javelin (azur lane), azur lane","1girl, purple hair, aqua eyes, crown, rigging, shirt, skirt, white gloves",https://danbooru.donmai.us/posts/2809149
javelin_(blissful_purity)_(azur_lane),azur_lane,"javelin (blissful purity) (azur lane), azur lane","1girl, green eyes, purple eyes, tiara, strapless dress, wedding dress, thighband pantyhose, white pantyhose, white shoes, ponytail, very long hair",https://danbooru.donmai.us/posts/3427403
javelin_(pinklove_heart_lancer)_(azur_lane),azur_lane,"javelin (pinklove heart lancer) (azur lane), azur lane","1girl, purple hair, blue eyes, short dress, sleeveless dress, high heel boots, thigh boots, ponytail, medium hair",https://danbooru.donmai.us/posts/12204321
javelin_(retrofit)_(azur_lane),azur_lane,"javelin (retrofit) (azur lane), azur lane","1girl, purple hair, blue eyes, crown, dress, thighhighs",https://danbooru.donmai.us/posts/2906241
jean_bart_(azur_lane),azur_lane,"jean bart (azur lane), azur lane","1girl, brown hair, red eyes, rigging, black jacket, black shorts, short shorts, black choker, brown boots, half gloves, ponytail",https://danbooru.donmai.us/posts/3202442
jean_bart_(first_snow_upon_the_cutlass's_edge)_(azur_lane),azur_lane,"jean bart (first snow upon the cutlass's edge) (azur lane), azur lane","1girl, purple eyes, print kimono, black boots, ponytail, long hair",https://danbooru.donmai.us/posts/4444938
jean_bart_(private_apres_midi)_(azur_lane),azur_lane,"jean bart (private apres midi) (azur lane), azur lane","1girl, brown hair, red eyes, black bikini, highleg bikini, swimsuit, denim shorts, grey shorts, black hat, very long hair",https://danbooru.donmai.us/posts/3917151
jean_bart_(springlight_etoiles)_(azur_lane),azur_lane,"jean bart (springlight etoiles) (azur lane), azur lane","1girl, brown hair, red eyes, black skirt, long skirt, choker, ponytail, very long hair",https://danbooru.donmai.us/posts/8753655
jean_bart_(uninhibited_bloodstone)_(azur_lane),azur_lane,"jean bart (uninhibited bloodstone) (azur lane), azur lane","1girl, brown hair, purple eyes, backless dress, black dress, black gloves, black shoes, two-tone shoes, ponytail, long hair",https://danbooru.donmai.us/posts/3632576
jeanne_d'arc_(azur_lane),azur_lane,"jeanne d'arc (azur lane), azur lane","1girl, blonde hair, blue eyes, rigging, white dress, armor, long skirt, showgirl skirt, armored boots, knee boots, long hair",https://danbooru.donmai.us/posts/3909250
jeanne_d'arc_(patron_saintess_of_celebration)_(azur_lane),azur_lane,"jeanne d'arc (patron saintess of celebration) (azur lane), azur lane","1girl, blonde hair, blue eyes, white dress, coat, lace-trimmed thighhighs, white shoes, white thighhighs, gloves, long hair",https://danbooru.donmai.us/posts/8753701
jeanne_d'arc_(saintess_of_the_sea)_(azur_lane),azur_lane,"jeanne d'arc (saintess of the sea) (azur lane), azur lane","1girl, blonde hair, blue eyes, layered bikini, white bikini, swimsuit, blue choker, short hair",https://danbooru.donmai.us/posts/3917037
jenkins_(azur_lane),azur_lane,"jenkins (azur lane), azur lane","1girl, blonde hair, orange eyes, rigging, blue skirt, pleated skirt, grey shoes, red hairband, sailor collar, long hair",https://danbooru.donmai.us/posts/2951439
jenkins_(light_of_the_holiest_star)_(azur_lane),azur_lane,"jenkins (light of the holiest star) (azur lane), azur lane","1girl, blonde hair, red eyes, red dress, strapless dress, elbow gloves, fur-trimmed cape, fur-trimmed gloves, green cape, twintails, long hair",https://danbooru.donmai.us/posts/6086655
jersey_(azur_lane),azur_lane,"jersey (azur lane), azur lane","1girl, red hair, yellow eyes, crown, rigging, dress, black shoes, white thighhighs, twintails, long hair",https://danbooru.donmai.us/posts/3325142
jervis_(azur_lane),azur_lane,"jervis (azur lane), azur lane","1girl, purple hair, purple eyes, wings, white thighhighs, hat, hair bun",https://danbooru.donmai.us/posts/6059818
jintsuu_(azur_lane),azur_lane,"jintsuu (azur lane), azur lane","1girl, blue hair, blue eyes, rigging, animal ears, pleated skirt, fur scarf, ponytail, long hair",https://danbooru.donmai.us/posts/2927113
jintsuu_(retrofit)_(azur_lane),azur_lane,"jintsuu (retrofit) (azur lane), azur lane","1girl, blue hair, blue eyes, rigging, animal ears, pleated skirt, fur scarf, ponytail, long hair",https://danbooru.donmai.us/posts/2927115
jintsuu_(the_gray_wolf's_ploy)_(azur_lane),azur_lane,"jintsuu (the gray wolf's ploy) (azur lane), azur lane","1girl, blue hair, aqua eyes, fox ears, fox tail, torn dress, white dress, black gloves, black pantyhose, elbow gloves, headdress, ponytail",https://danbooru.donmai.us/posts/5674532
jintsuu_(the_tactician's_vacation)_(azur_lane),azur_lane,"jintsuu (the tactician's vacation) (azur lane), azur lane","1girl, blue hair, blue eyes, animal ears, tail, bikini, swimsuit, ponytail, long hair",https://danbooru.donmai.us/posts/3283404
joffre_(blessings'_first_flight)_(azur_lane),azur_lane,"joffre (blessings' first flight) (azur lane), azur lane","1girl, grey hair, pink eyes, black shorts, black thighhighs, medium hair",https://danbooru.donmai.us/posts/7908637
joffre_(ensorcelled_snow_white)_(azur_lane),azur_lane,"joffre (ensorcelled snow white) (azur lane), azur lane","1girl, grey hair, pink eyes, crown, dress, blue shoes, white thighhighs, cape, twintails, long hair",https://danbooru.donmai.us/posts/5475366
joffre_(sublime_elysium)_(azur_lane),azur_lane,"joffre (sublime elysium) (azur lane), azur lane","1girl, grey hair, red eyes, blue kimono, ponytail, long hair",https://danbooru.donmai.us/posts/6164245
john_rodgers_(azur_lane),azur_lane,"john rodgers (azur lane), azur lane","1girl, pink hair, pink eyes, rigging, blue skirt, pleated skirt, white socks, white thighhighs, twintails, long hair",https://danbooru.donmai.us/posts/11983430
juneau_(azur_lane),azur_lane,"juneau (azur lane), azur lane","1girl, blonde hair, orange eyes, rigging, pleated skirt, red skirt, sleeveless shirt, loose socks, red necktie, red shoes, long hair",https://danbooru.donmai.us/posts/2951142
juneau_(in_the_swan_garden)_(azur_lane),azur_lane,"juneau (in the swan garden) (azur lane), azur lane","1girl, blonde hair, red eyes, blue dress, frilled dress, white pantyhose, short hair",https://danbooru.donmai.us/posts/6086601
juneau_(retrofit)_(azur_lane),azur_lane,"juneau (retrofit) (azur lane), azur lane","1girl, blonde hair, red eyes, rigging, black dress, skirt, black shoes, white socks",https://danbooru.donmai.us/posts/5674683
juno_(azur_lane),azur_lane,"juno (azur lane), azur lane","1girl, pink hair, pink eyes, crown, rigging, dress, black shoes, white pantyhose, twintails, long hair",https://danbooru.donmai.us/posts/2951182
juno_(fairly_flavourful_festival)_(azur_lane),azur_lane,"juno (fairly flavourful festival) (azur lane), azur lane","1girl, pink hair, yellow eyes, crown, animal ears, kimono, side ponytail",https://danbooru.donmai.us/posts/3891342
junyou_(azur_lane),azur_lane,"junyou (azur lane), azur lane","1girl, purple hair, pink eyes, animal ears, black skirt, hakama short skirt, sleeveless shirt, white shirt, platform boots, white thighhighs, ponytail, long hair",https://danbooru.donmai.us/posts/3104487
jupiter_(azur_lane),azur_lane,"jupiter (azur lane), azur lane","1girl, blue hair, blue eyes, crown, rigging, pleated dress, short dress, black bowtie, black shoes, white thighhighs, long hair",https://danbooru.donmai.us/posts/2944090
kaga_(azur_lane),azur_lane,"kaga (azur lane), azur lane","1girl, white hair, fox ears, fox tail, blue skirt, hakama short skirt, white socks, short hair",https://danbooru.donmai.us/posts/8072860
kaga_(dusk-simurgh's_vigil)_(azur_lane),azur_lane,"kaga (dusk-simurgh's vigil) (azur lane), azur lane","1girl, white hair, blue eyes, fox ears, fox tail, black boots, high heel boots, short hair",https://danbooru.donmai.us/posts/5088981
kaga_(everlasting_killing_stone)_(azur_lane),azur_lane,"kaga (everlasting killing stone) (azur lane), azur lane","1girl, white hair, blue eyes, fox ears, fox tail, blue bikini, swimsuit",https://danbooru.donmai.us/posts/2895355
kaga_(exalted_white_wings)_(azur_lane),azur_lane,"kaga (exalted white wings) (azur lane), azur lane","1girl, grey hair, blue eyes, fox ears, fox tail, blue dress, sleeveless dress, choker, short hair",https://danbooru.donmai.us/posts/4118890
kaga_(gentle_blossom's_sigh)_(azur_lane),azur_lane,"kaga (gentle blossom's sigh) (azur lane), azur lane","1girl, white hair, blue eyes, fox ears, fox tail, white kimono, short hair",https://danbooru.donmai.us/posts/4481734
kaga_(sacred_blue_lily)_(azur_lane),azur_lane,"kaga (sacred blue lily) (azur lane), azur lane","1girl, white hair, blue eyes, fox ears, fox tail, white kimono, dress, white socks, short hair",https://danbooru.donmai.us/posts/3261167
kaga_(snowsilk_fox_dance)_(azur_lane),azur_lane,"kaga (snowsilk fox dance) (azur lane), azur lane","1girl, white hair, blue eyes, fox ears, fox tail, white dress",https://danbooru.donmai.us/posts/6339033
kaga_(white_fox's_new_year)_(azur_lane),azur_lane,"kaga (white fox's new year) (azur lane), azur lane","1girl, white hair, blue eyes, fox ears, fox tail, white kimono, black gloves, fingerless gloves, white socks, short hair",https://danbooru.donmai.us/posts/2967768
kagerou_(azur_lane),azur_lane,"kagerou (azur lane), azur lane","1girl, brown hair, purple eyes, rabbit ears, rigging, pleated skirt, purple skirt, white thighhighs, twintails, long hair",https://danbooru.donmai.us/posts/2967356
kagerou_(retrofit)_(azur_lane),azur_lane,"kagerou (retrofit) (azur lane), azur lane","1girl, brown hair, purple eyes, rabbit ears, rigging, white socks, twintails, long hair",https://danbooru.donmai.us/posts/3225403
kako_(azur_lane),azur_lane,"kako (azur lane), azur lane","1girl, brown hair, aqua eyes, rigging, animal ears, school uniform, black skirt, pleated skirt, white shirt, black gloves, black sailor collar, braid",https://danbooru.donmai.us/posts/2931242
kako_(retrofit)_(azur_lane),azur_lane,"kako (retrofit) (azur lane), azur lane","1girl, brown hair, rigging, animal ears, school uniform, black skirt, pleated skirt, grey boots, white gloves, white sailor collar, long hair",https://danbooru.donmai.us/posts/2931245
kalk_(azur_lane),azur_lane,"kalk (azur lane), azur lane","1girl, blonde hair, white hair, blue eyes, black shorts, collared shirt, open shorts, sleeveless shirt, black boots, blue socks, twintails, very long hair",https://danbooru.donmai.us/posts/3297363
kalk_(snow_fairy_schoolgirl)_(azur_lane),azur_lane,"kalk (snow fairy schoolgirl) (azur lane), azur lane","1girl, blonde hair, white hair, blue eyes, black dress, argyle pantyhose, black boots, black hat, fur-trimmed boots, very long hair",https://danbooru.donmai.us/posts/3297356
kamikaze_(azur_lane),azur_lane,"kamikaze (azur lane), azur lane","1girl, grey hair, red hair, orange eyes, fox ears, fox tail, black skirt, hakama short skirt, white socks, very long hair",https://danbooru.donmai.us/posts/3680134
kamikaze_(retrofit)_(azur_lane),azur_lane,"kamikaze (retrofit) (azur lane), azur lane","1girl, grey hair, red hair, orange eyes, fox ears, fox tail, black skirt, hakama short skirt, jacket, white socks, very long hair",https://danbooru.donmai.us/posts/3052745
kansas_(azur_lane),azur_lane,"kansas (azur lane), azur lane","1girl, black hair, rigging, see-through bodysuit, see-through leotard, open coat, two-sided coat, thigh boots, white gloves, very long hair",https://danbooru.donmai.us/posts/9611536
karlsruhe_(azur_lane),azur_lane,"karlsruhe (azur lane), azur lane","1girl, white hair, blue eyes, military uniform, short dress, cropped jacket, red jacket, black hat, black thighhighs, short hair",https://danbooru.donmai.us/posts/3176706
karlsruhe_(retrofit)_(azur_lane),azur_lane,"karlsruhe (retrofit) (azur lane), azur lane","1girl, white hair, blue eyes, rigging, pleated dress, short dress, black gloves, black hat, elbow gloves, short hair",https://danbooru.donmai.us/posts/2967784
kashino_(azur_lane),azur_lane,"kashino (azur lane), azur lane","1girl, black hair, purple eyes, horns, rigging, cropped jacket, open jacket, pleated skirt, purple skirt, white shirt, black shoes, long hair",https://danbooru.donmai.us/posts/4107039
kashino_(fresh_and_sweet)_(azur_lane),azur_lane,"kashino (fresh and sweet) (azur lane), azur lane","1girl, brown hair, purple eyes, horns, animal ears",https://danbooru.donmai.us/posts/8826931
kashino_(hot_springs_relaxation)_(azur_lane),azur_lane,"kashino (hot springs relaxation) (azur lane), azur lane","1girl, brown hair, purple eyes, horns, animal ears, string bikini, white bikini, swimsuit, choker, very long hair",https://danbooru.donmai.us/posts/4107032
kashino_(maid_for_mayhem)_(azur_lane),azur_lane,"kashino (maid for mayhem) (azur lane), azur lane","1girl, brown hair, purple eyes, horns, maid, black skirt, maid headdress, thighhighs, very long hair",https://danbooru.donmai.us/posts/5691065
kashino_(robust_floral_strings)_(azur_lane),azur_lane,"kashino (robust floral strings) (azur lane), azur lane","1girl, brown hair, horns, purple kimono, very long hair",https://danbooru.donmai.us/posts/6682527
kasumi_(at_school_with_foo)_(azur_lane),azur_lane,"kasumi (at school with foo) (azur lane), azur lane","1girl, white hair, blue eyes, fox ears, fox tail, school uniform, black jacket, grey skirt, open jacket, plaid skirt, white sweater, very long hair",https://danbooru.donmai.us/posts/4601512
kasumi_(azur_lane),azur_lane,"kasumi (azur lane), azur lane","1girl, white hair, blue eyes, fox ears, fox tail, white kimono, black gloves, very long hair",https://danbooru.donmai.us/posts/3729039
kasumi_(retrofit)_(azur_lane),azur_lane,"kasumi (retrofit) (azur lane), azur lane","1girl, white hair, blue eyes, fox ears, fox tail, bodysuit, white boots, pantyhose, long hair",https://danbooru.donmai.us/posts/4601502
katsuragi_(azur_lane),azur_lane,"katsuragi (azur lane), azur lane","1girl, black hair, blue eyes, rigging, black shoes, white thighhighs, cape, twintails, long hair",https://danbooru.donmai.us/posts/4782484
katsuragi_(night-illuminating_festival)_(azur_lane),azur_lane,"katsuragi (night-illuminating festival) (azur lane), azur lane","1girl, black hair, blue eyes, rabbit ears, red leotard, black gloves, black pantyhose",https://danbooru.donmai.us/posts/4783516
katsuragi_(shallow-water_leisure)_(azur_lane),azur_lane,"katsuragi (shallow-water leisure) (azur lane), azur lane","1girl, black hair, green eyes, black bikini, frilled bikini, swimsuit, wet shirt, twintails, long hair",https://danbooru.donmai.us/posts/6682535
kawakaze_(azur_lane),azur_lane,"kawakaze (azur lane), azur lane","1girl, grey hair, blue eyes, fox ears, fox tail, black skirt, pleated skirt, white shirt, black gloves, black sailor collar, black thighhighs, long hair",https://danbooru.donmai.us/posts/3144151
kawakaze_(guardian_fox_forever_loyal)_(azur_lane),azur_lane,"kawakaze (guardian fox forever loyal) (azur lane), azur lane","1girl, grey hair, white hair, blue eyes, fox ears, fox tail, black dress, kimono, blue scarf, brown thighhighs, elbow gloves, very long hair",https://danbooru.donmai.us/posts/10023827
kawakaze_(monochromatic_interlude)_(azur_lane),azur_lane,"kawakaze (monochromatic interlude) (azur lane), azur lane","1girl, grey hair, blue eyes, fox ears, fox tail, short dress, white dress, ankle boots, black boots, black gloves, very long hair",https://danbooru.donmai.us/posts/3144158
kawakaze_(unsullied_white_fox)_(azur_lane),azur_lane,"kawakaze (unsullied white fox) (azur lane), azur lane","1girl, grey hair, blue eyes, animal ears, tail, kimono, white thighhighs, medium hair",https://danbooru.donmai.us/posts/3779110
kazagumo_(after-school_melody)_(azur_lane),azur_lane,"kazagumo (after-school melody) (azur lane), azur lane","1girl, grey hair, grey eyes, animal ears, black skirt, pleated skirt, white shirt, black hat, braid, short hair",https://danbooru.donmai.us/posts/4601490
kazagumo_(azur_lane),azur_lane,"kazagumo (azur lane), azur lane","1girl, white hair, grey eyes, animal ears, school uniform, dress, high-waist skirt, pleated skirt, black hat, black socks, braid, short hair",https://danbooru.donmai.us/posts/4601484
kazagumo_(diligent_domestic_discipline)_(azur_lane),azur_lane,"kazagumo (diligent domestic discipline) (azur lane), azur lane","1girl, grey hair, grey eyes, maid, black kimono, frilled kimono, pleated skirt, yellow skirt, black hat, frilled apron, braid, medium hair",https://danbooru.donmai.us/posts/7029365
kazagumo_(placid_waves_passionate_heart)_(azur_lane),azur_lane,"kazagumo (placid waves passionate heart) (azur lane), azur lane","1girl, grey hair, grey eyes, animal ears, casual one-piece swimsuit, hairband, sailor collar, braid, twintails",https://danbooru.donmai.us/posts/5922649
kazan_(azur_lane),azur_lane,"kazan (azur lane), azur lane","1girl, pink hair, blue eyes, rigging, black leotard, fur-trimmed coat, white coat, black boots, black gloves",https://danbooru.donmai.us/posts/9190296
kazan_(the_warm_morning_sunshine)_(azur_lane),azur_lane,"kazan (the warm morning sunshine) (azur lane), azur lane","1girl, pink hair, blue eyes, green eyes, see-through dress, apron, long hair",https://danbooru.donmai.us/posts/9203271
kearsarge_(azur_lane),azur_lane,"kearsarge (azur lane), azur lane","1girl, green hair, white hair, pink eyes, purple eyes, halo, horns, highleg leotard, white leotard, cropped jacket, white jacket, black boots",https://danbooru.donmai.us/posts/6491928
kearsarge_(springtime_monitoring)_(azur_lane),azur_lane,"kearsarge (springtime monitoring) (azur lane), azur lane","1girl, white hair, sleeveless dress, elbow gloves, purple gloves, twintails, very long hair",https://danbooru.donmai.us/posts/8688517
kent_(azur_lane),azur_lane,"kent (azur lane), azur lane","1girl, purple hair, red eyes, rigging, black skirt, high-waist skirt, sleeveless shirt, white shirt, black boots, black gloves, short hair",https://danbooru.donmai.us/posts/2943426
kersaint_(a_saint's_mercy_can_do_no_wrong)_(azur_lane),azur_lane,"kersaint (a saint's mercy can do no wrong) (azur lane), azur lane","1girl, blonde hair, red eyes, horns, animal ears, bikini, swimsuit, cow print thighhighs, high heel boots, gloves, twintails, long hair",https://danbooru.donmai.us/posts/8052267
kersaint_(azur_lane),azur_lane,"kersaint (azur lane), azur lane","1girl, blonde hair, red eyes, halo, rigging, white dress, black pantyhose, black shoes, long hair",https://danbooru.donmai.us/posts/6597971
kersaint_(reverent_runner)_(azur_lane),azur_lane,"kersaint (reverent runner) (azur lane), azur lane","1girl, blonde hair, red eyes, black jacket, open jacket, white pants, white shirt, yoga pants, black shoes, twintails, long hair",https://danbooru.donmai.us/posts/6597975
kiev_(azur_lane),azur_lane,"kiev (azur lane), azur lane","1girl, white hair, red eyes, rigging, fur-trimmed dress, short dress, fur-trimmed coat, fur hat, thigh boots, thighhighs, twintails, very long hair",https://danbooru.donmai.us/posts/5159959
kiev_(backstreet_silver_sonata)_(azur_lane),azur_lane,"kiev (backstreet silver sonata) (azur lane), azur lane","1girl, white hair, red eyes, black boots, black gloves, elbow gloves, twintails, long hair",https://danbooru.donmai.us/posts/6008180
kiev_(vila_of_the_crystal_lake)_(azur_lane),azur_lane,"kiev (vila of the crystal lake) (azur lane), azur lane","1girl, grey hair, red eyes, figure skating dress, strapless leotard, white dress, white leotard, black gloves, black pantyhose, hair bun, twintails",https://danbooru.donmai.us/posts/6597968
kii_(azur_lane),azur_lane,"kii (azur lane), azur lane","1girl, black hair, blue eyes, fox ears, fox tail, japanese armor, open kimono, red kimono, shoulder armor, brown gloves, brown thighhighs, ponytail",https://danbooru.donmai.us/posts/4111450
kii_(poolside_persuasion)_(azur_lane),azur_lane,"kii (poolside persuasion) (azur lane), azur lane","1girl, black hair, blue eyes, animal ears, black one-piece swimsuit, very long hair",https://danbooru.donmai.us/posts/4107038
kimberly_(azur_lane),azur_lane,"kimberly (azur lane), azur lane","1girl, black hair, pink hair, brown eyes, rigging, black bodysuit, partial bodysuit, blue jacket, cropped jacket, short shorts, black thighhighs, braid",https://danbooru.donmai.us/posts/3406086
kimberly_(style_of_the_east)_(azur_lane),azur_lane,"kimberly (style of the east) (azur lane), azur lane","1girl, black hair, brown hair, brown eyes, rigging, black bodysuit, pink dress, brown skirt, pleated skirt, black thighhighs, pink shoes, braid",https://danbooru.donmai.us/posts/3406069
king_george_v_(azur_lane),azur_lane,"king george v (azur lane), azur lane","1girl, blonde hair, red eyes, rigging, military uniform, pleated skirt, red jacket, white shirt, white skirt, black boots, braid, long hair",https://danbooru.donmai.us/posts/3515601
king_george_v_(rose's_regalia)_(azur_lane),azur_lane,"king george v (rose's regalia) (azur lane), azur lane","1girl, blonde hair, red eyes, red dress, strapless dress, choker, braid",https://danbooru.donmai.us/posts/3522865
kinu_(azur_lane),azur_lane,"kinu (azur lane), azur lane","1girl, yellow eyes, rigging, japanese armor, military uniform, shoulder armor, black jacket, black skirt, shorts, medium hair",https://danbooru.donmai.us/posts/3723639
kinu_(new_year's_blade_demon)_(azur_lane),azur_lane,"kinu (new year's blade demon) (azur lane), azur lane","1girl, white hair, yellow eyes, horns, japanese armor, hakama skirt, side ponytail, medium hair",https://danbooru.donmai.us/posts/3779126
kinu_(retrofit)_(azur_lane),azur_lane,"kinu (retrofit) (azur lane), azur lane","1girl, yellow eyes, rigging, japanese armor, military uniform, shoulder armor, black jacket, black shorts, black boots, medium hair",https://danbooru.donmai.us/posts/3779121
kinu_(token_and_ghost)_(azur_lane),azur_lane,"kinu (token and ghost) (azur lane), azur lane","1girl, white hair, yellow eyes, horns, black bowtie, black pantyhose, black shoes, short hair",https://danbooru.donmai.us/posts/4547971
kinugasa_(azur_lane),azur_lane,"kinugasa (azur lane), azur lane","1girl, red hair, purple eyes, fox ears, fox tail, school uniform, black skirt, pleated skirt, white shirt, fingerless gloves, grey boots, twintails",https://danbooru.donmai.us/posts/2961596
kirishima_(after-school_cannon_time)_(azur_lane),azur_lane,"kirishima (after-school cannon time) (azur lane), azur lane","1girl, grey hair, purple eyes, school uniform, collared shirt, open jacket, pleated skirt, purple skirt, white jacket, short hair",https://danbooru.donmai.us/posts/3094148
kirishima_(azur_lane),azur_lane,"kirishima (azur lane), azur lane","1girl, grey hair, pink eyes, horns, rigging, short dress, sleeveless dress, white gloves, short hair",https://danbooru.donmai.us/posts/3094147
kirishima_(casual_dazzle)_(azur_lane),azur_lane,"kirishima (casual dazzle) (azur lane), azur lane","1girl, purple hair, purple eyes, horns, black kimono, fingerless gloves, fishnet socks, ponytail, long hair",https://danbooru.donmai.us/posts/3729041
kirishima_(graceful_ink_incense)_(azur_lane),azur_lane,"kirishima (graceful ink incense) (azur lane), azur lane","1girl, purple hair, purple eyes, horns, sleeveless dress, medium hair",https://danbooru.donmai.us/posts/4342658
kirishima_(summery_audacity)_(azur_lane),azur_lane,"kirishima (summery audacity) (azur lane), azur lane","1girl, black bikini, swimsuit, short shorts",https://danbooru.donmai.us/posts/6236476
kirov_(azur_lane),azur_lane,"kirov (azur lane), azur lane","1girl, white hair, blue skirt, fur-trimmed coat, pleated skirt, white coat, jacket, black gloves, very long hair",https://danbooru.donmai.us/posts/4384559
kirov_(blend_r)_(azur_lane),azur_lane,"kirov (blend r) (azur lane), azur lane","1girl, white hair, yellow eyes, black shorts, short shorts, white shirt, ponytail, very long hair",https://danbooru.donmai.us/posts/4382858
kirov_(drifting_justice)_(azur_lane),azur_lane,"kirov (drifting justice) (azur lane), azur lane","1girl, white hair, yellow eyes, police uniform, turtleneck sweater, black hat, black shoes, white gloves, long hair",https://danbooru.donmai.us/posts/5165014
kisaragi_(new_year's_wish)_(azur_lane),azur_lane,"kisaragi (new year's wish) (azur lane), azur lane","1girl, pink hair, pink eyes, cat ears, cat tail, frilled kimono, pink kimono, thighband pantyhose, white pantyhose, long hair",https://danbooru.donmai.us/posts/2967778
kisaragi_(retrofit)_(azur_lane),azur_lane,"kisaragi (retrofit) (azur lane), azur lane","1girl, pink hair, purple eyes, cat ears, cat tail, school uniform, black skirt, collared shirt, suspender skirt, white shirt, black hat, very long hair",https://danbooru.donmai.us/posts/3488797
kitakaze_(azur_lane),azur_lane,"kitakaze (azur lane), azur lane","1girl, grey hair, green eyes, rigging, animal ears, japanese armor, shoulder armor, pleated skirt, brown pantyhose, cape, ponytail, short hair",https://danbooru.donmai.us/posts/3480687
kitakaze_(night_of_doves_and_magic)_(azur_lane),azur_lane,"kitakaze (night of doves and magic) (azur lane), azur lane","1girl, white hair, green eyes, animal ears, strapless dress, white dress, black boots, top hat, short hair",https://danbooru.donmai.us/posts/5543731
kiyonami_(azur_lane),azur_lane,"kiyonami (azur lane), azur lane","1girl, purple hair, blue eyes, rigging, animal ears, fur-trimmed coat, pink skirt, pleated skirt, brown shoes, red bowtie, white thighhighs, twintails",https://danbooru.donmai.us/posts/3655002
kizu_(azur_lane),azur_lane,"kizu (azur lane), azur lane","1girl, grey hair, white hair, purple eyes, dragon tail, horns, white kimono, very long hair",https://danbooru.donmai.us/posts/11102160
kizu_(thunder_dragon_caught_in_a_web)_(azur_lane),azur_lane,"kizu (thunder dragon caught in a web) (azur lane), azur lane","1girl, white hair, purple eyes, dragon tail, horns, black boots, black gloves, black pantyhose, black thighhighs, elbow gloves, thigh boots, very long hair",https://danbooru.donmai.us/posts/10991379
kongou_(azur_lane),azur_lane,"kongou (azur lane), azur lane","1girl, blonde hair, blue eyes, horns, rigging, military uniform, pleated skirt, white skirt, black thighhighs, white gloves, cape, braid",https://danbooru.donmai.us/posts/3141004
kongou_(breezy_commute)_(azur_lane),azur_lane,"kongou (breezy commute) (azur lane), azur lane","1girl, blonde hair, blue eyes, school uniform, skirt, sweater, black shoes, black thighhighs, red bowtie, braid, long hair",https://danbooru.donmai.us/posts/5219725
kongou_(hospital_talent)_(azur_lane),azur_lane,"kongou (hospital talent) (azur lane), azur lane","1girl, blonde hair, green eyes, horns, white dress, white gloves, white shoes, white thighhighs, hat, braid, very long hair",https://danbooru.donmai.us/posts/4010962
kongou_(the_beauties_of_nature)_(azur_lane),azur_lane,"kongou (the beauties of nature) (azur lane), azur lane","1girl, blonde hair, blue eyes, rigging, pink kimono, blue skirt, black boots, knee boots, white gloves, braid, hair bun",https://danbooru.donmai.us/posts/4411929
kongou_(troubled_seas)_(azur_lane),azur_lane,"kongou (troubled seas) (azur lane), azur lane","1girl, blonde hair, blue eyes, black bikini, thong bikini, bodysuit, swimsuit, bikini bottom under shorts, short shorts, braid, long hair",https://danbooru.donmai.us/posts/7499728
krasny_kavkaz_(azur_lane),azur_lane,"krasny kavkaz (azur lane), azur lane","1girl, grey hair, halo, white coat, fur-trimmed boots, red gloves, white boots, thighhighs, very long hair",https://danbooru.donmai.us/posts/10857607
krasny_kavkaz_(playing_blind)_(azur_lane),azur_lane,"krasny kavkaz (playing blind) (azur lane), azur lane","1girl, white hair, pink dress, sleeveless dress, fishnet thighhighs, long hair",https://danbooru.donmai.us/posts/10882446
kronshtadt_(animal_agent)_(azur_lane),azur_lane,"kronshtadt (animal agent) (azur lane), azur lane","1girl, blue eyes, horns, animal ears, cow print bikini, thong bikini, swimsuit, black shoes, cow print thighhighs",https://danbooru.donmai.us/posts/10233954
kronshtadt_(azur_lane),azur_lane,"kronshtadt (azur lane), azur lane","1girl, blonde hair, blue eyes, rigging, coat dress, short dress, fur-trimmed coat, white coat, black boots, black gloves, very long hair",https://danbooru.donmai.us/posts/5159966
kumano_(azur_lane),azur_lane,"kumano (azur lane), azur lane","1girl, horns, rigging, school uniform, blue skirt, collared shirt, white shirt, black gloves, black socks, long hair",https://danbooru.donmai.us/posts/4107040
kumano_(fancy_waves)_(azur_lane),azur_lane,"kumano (fancy waves) (azur lane), azur lane","1girl, blonde hair, purple eyes, off-shoulder bikini, string bikini, swimsuit, black gloves, elbow gloves, long hair",https://danbooru.donmai.us/posts/4107034
kumano_(one_thousand_and_one_nights'_wishes)_(azur_lane),azur_lane,"kumano (one thousand and one nights' wishes) (azur lane), azur lane","1girl, blonde hair, purple eyes, horns, open-toe shoes",https://danbooru.donmai.us/posts/5543747
kumano_(pj_poker_party)_(azur_lane),azur_lane,"kumano (pj poker party) (azur lane), azur lane","1girl, blonde hair, purple eyes, horns, hoodie, gloves",https://danbooru.donmai.us/posts/4875465
kuroshio_(azur_lane),azur_lane,"kuroshio (azur lane), azur lane","1girl, black hair, red eyes, horns, pointy ears, black skirt, pleated skirt, black scarf, red thighhighs, white shoes, braid, long hair",https://danbooru.donmai.us/posts/2967387
kursk_(azur_lane),azur_lane,"kursk (azur lane), azur lane","1girl, grey hair, red eyes, horns, mechanical tail, asymmetrical dress, two-tone dress, asymmetrical coat, black boots, high heel boots, mechanical gloves, very long hair",https://danbooru.donmai.us/posts/6164202
kursk_(beauty_and_the_hunter)_(azur_lane),azur_lane,"kursk (beauty and the hunter) (azur lane), azur lane","1girl, grey hair, white hair, blue eyes, red eyes, horns, mechanical tail, black dress, black gloves, black shoes, hat, braid",https://danbooru.donmai.us/posts/7773005
kursk_(lone_wolf_amid_the_steam)_(azur_lane),azur_lane,"kursk (lone wolf amid the steam) (azur lane), azur lane","1girl, black hair, white hair, red eyes, horns, mechanical tail, very long hair",https://danbooru.donmai.us/posts/6164235
kuybyshev_(azur_lane),azur_lane,"kuybyshev (azur lane), azur lane","1girl, blue hair, red eyes, rigging, leotard, uniform, long coat, thigh boots, gloves, hat, short hair",https://danbooru.donmai.us/posts/6004377
kuybyshev_(maestro_of_sterling_strings)_(azur_lane),azur_lane,"kuybyshev (maestro of sterling strings) (azur lane), azur lane","1girl, blue hair, long dress, multicolored dress, short hair",https://danbooru.donmai.us/posts/5982065
kuybyshev_(rainy_day_blues)_(azur_lane),azur_lane,"kuybyshev (rainy day blues) (azur lane), azur lane","1girl, blue hair, blue eyes, red eyes, rabbit ears, white leotard, animal ear hairband, black gloves, black shoes, black thighhighs, rabbit ear hairband, short hair",https://danbooru.donmai.us/posts/10567923
l'audacieux_(azur_lane),azur_lane,"l'audacieux (azur lane), azur lane","1girl, grey hair, red eyes, rigging, white dress, armor, armored boots, black pantyhose, red cape, two-sided cape, very long hair",https://danbooru.donmai.us/posts/7908776
l'audacieux_(protector_beneath_the_parasol)_(azur_lane),azur_lane,"l'audacieux (protector beneath the parasol) (azur lane), azur lane","1girl, brown hair, grey hair, red eyes, highleg leotard, thong leotard, black jacket, black gloves, elbow gloves, high heel boots, very long hair",https://danbooru.donmai.us/posts/7905245
l'indomptable_(temp_in_low_temperatures)_(azur_lane),azur_lane,"l'indomptable (temp in low temperatures) (azur lane), azur lane","1girl, black hair, white hair, blue eyes, short dress, open jacket, chef hat, thighhighs, hair bun, twintails",https://danbooru.donmai.us/posts/5994867
l'intrepide_(azur_lane),azur_lane,"l'intrepide (azur lane), azur lane","1girl, blue hair, rigging, bikini armor, blue skirt, pleated skirt, armored boots, brown thighhighs, knee boots",https://danbooru.donmai.us/posts/11622748
l'opiniatre_(azur_lane),azur_lane,"l'opiniatre (azur lane), azur lane","1girl, purple hair, green eyes, rigging, white skirt, frilled gloves, purple gloves, white thighhighs, capelet, very long hair",https://danbooru.donmai.us/posts/3549931
la_galissonniere_(azur_lane),azur_lane,"la galissonniere (azur lane), azur lane","1girl, pink hair, pink eyes, purple eyes, rigging, short dress, sleeveless dress, armor, armored boots, black boots, black gloves, twintails",https://danbooru.donmai.us/posts/3919061
la_galissonniere_(black_cat_of_all_hallows'_eve)_(azur_lane),azur_lane,"la galissonniere (black cat of all hallows' eve) (azur lane), azur lane","1girl, pink hair, pink eyes, cat ears, black dress, black choker, black shoes, fingerless gloves, lace-trimmed thighhighs, paw gloves, twintails, very long hair",https://danbooru.donmai.us/posts/4875508
la_galissonniere_(lush_spring_dreams)_(azur_lane),azur_lane,"la galissonniere (lush spring dreams) (azur lane), azur lane","1girl, pink hair, pink eyes, dress, thighhighs, hair bun, twintails",https://danbooru.donmai.us/posts/4342664
la_galissonniere_(pristine_piscene)_(azur_lane),azur_lane,"la galissonniere (pristine piscene) (azur lane), azur lane","1girl, pink hair, pink eyes, black bikini, frilled bikini, swimsuit, choker, twintails, very long hair",https://danbooru.donmai.us/posts/3919062
laffey_(azur_lane),azur_lane,"laffey (azur lane), azur lane","1girl, purple hair, red eyes, rabbit ears, rigging, open jacket, pink jacket, pleated skirt, red skirt, shirt, platform boots, twintails",https://danbooru.donmai.us/posts/2930490
laffey_(lady_laffey's_languid_tour)_(azur_lane),azur_lane,"laffey (lady laffey's languid tour) (azur lane), azur lane","1girl, white hair, red eyes, twintails",https://danbooru.donmai.us/posts/9997728
laffey_(lazy_days)_(azur_lane),azur_lane,"laffey (lazy days) (azur lane), azur lane","1girl, white hair, red eyes, black dress, twintails, very long hair",https://danbooru.donmai.us/posts/6359651
laffey_(retrofit)_(azur_lane),azur_lane,"laffey (retrofit) (azur lane), azur lane","1girl, purple hair, orange eyes, red eyes, rabbit ears, rigging, white bikini, swimsuit, black coat, open coat, pleated skirt, white skirt",https://danbooru.donmai.us/posts/3065132
laffey_(sleep_to_clean_another_day)_(azur_lane),azur_lane,"laffey (sleep to clean another day) (azur lane), azur lane","1girl, pink hair, red eyes, rabbit ears, pink shirt, striped thighhighs, twintails, very long hair",https://danbooru.donmai.us/posts/4627918
laffey_(sleepageddon)_(azur_lane),azur_lane,"laffey (sleepageddon) (azur lane), azur lane","1girl, white hair, red eyes, rabbit ears, robe, thighhighs, twintails",https://danbooru.donmai.us/posts/5817087
laffey_(sleepy_on_a_busy_day)_(azur_lane),azur_lane,"laffey (sleepy on a busy day) (azur lane), azur lane","1girl, white hair, red eyes, rabbit ears, tail, blue leotard, highleg leotard, animal ear hairband, blue hairband, print pantyhose, thighband pantyhose, twintails",https://danbooru.donmai.us/posts/7005094
laffey_(sleepy_teriyaki_twister)_(azur_lane),azur_lane,"laffey (sleepy teriyaki twister) (azur lane), azur lane","1girl, purple hair, red eyes, black sweater, black shoes, thighband pantyhose, white pantyhose, twintails, very long hair",https://danbooru.donmai.us/posts/5674637
laffey_(snow_rabbit_and_candy_apple)_(azur_lane),azur_lane,"laffey (snow rabbit and candy apple) (azur lane), azur lane","1girl, purple hair, red eyes, rabbit ears, rigging, purple kimono, red hairband, hair bun, short hair",https://danbooru.donmai.us/posts/2967779
laffey_(white_rabbit's_oath)_(azur_lane),azur_lane,"laffey (white rabbit's oath) (azur lane), azur lane","1girl, white hair, red eyes, sleeveless dress, wedding dress, white gloves, white pantyhose, white shoes, twintails, very long hair",https://danbooru.donmai.us/posts/3729033
laffey_(white_rabbit_welcomes_the_spring)_(azur_lane),azur_lane,"laffey (white rabbit welcomes the spring) (azur lane), azur lane","1girl, white hair, red eyes, rabbit ears, frilled dress, red dress, red hairband, twintails, very long hair",https://danbooru.donmai.us/posts/3406077
laffey_ii_(azur_lane),azur_lane,"laffey ii (azur lane), azur lane","1girl, aqua hair, white hair, red eyes, rabbit ears, rigging, white dress, white thighhighs, twintails, very long hair",https://danbooru.donmai.us/posts/6976255
laffey_ii_(lady_laffey's_languid_tour)_(azur_lane),azur_lane,"laffey ii (lady laffey's languid tour) (azur lane), azur lane","1girl, white hair, red eyes, twintails",https://danbooru.donmai.us/posts/9997728
laffey_ii_(sleepy_on_a_busy_day)_(azur_lane),azur_lane,"laffey ii (sleepy on a busy day) (azur lane), azur lane","1girl, white hair, red eyes, rabbit ears, tail, blue leotard, highleg leotard, animal ear hairband, blue hairband, print pantyhose, thighband pantyhose, twintails",https://danbooru.donmai.us/posts/7005094
langley_(azur_lane),azur_lane,"langley (azur lane), azur lane","1girl, green hair, brown eyes, rigging, black skirt, dress shirt, open coat, pencil skirt, striped coat, white shirt, hair bun, long hair",https://danbooru.donmai.us/posts/2947250
langley_(on-the-clock_vacation)_(azur_lane),azur_lane,"langley (on-the-clock vacation) (azur lane), azur lane","1girl, casual one-piece swimsuit, frilled one-piece swimsuit, mini hat, choker, sailor collar, hair bun",https://danbooru.donmai.us/posts/5923681
langley_(retrofit)_(azur_lane),azur_lane,"langley (retrofit) (azur lane), azur lane","1girl, green hair, brown eyes, rigging, black coat, black skirt, collared shirt, dress shirt, open coat, pencil skirt, hair bun, long hair",https://danbooru.donmai.us/posts/2947253
langley_ii_(azur_lane),azur_lane,"langley ii (azur lane), azur lane","1girl, green hair, yellow eyes, rigging, skirt, gloves, necktie, thighhighs, long hair",https://danbooru.donmai.us/posts/5920478
langley_ii_(on-the-clock_vacation)_(azur_lane),azur_lane,"langley ii (on-the-clock vacation) (azur lane), azur lane","1girl, casual one-piece swimsuit, frilled one-piece swimsuit, mini hat, choker, sailor collar, hair bun",https://danbooru.donmai.us/posts/5923681
le_hardi_(azur_lane),azur_lane,"le hardi (azur lane), azur lane","1girl, black hair, blue hair, blue eyes, crown, full armor, short dress, shoulder armor, white dress, very long hair",https://danbooru.donmai.us/posts/9801575
le_hardi_(sticky_situation)_(azur_lane),azur_lane,"le hardi (sticky situation) (azur lane), azur lane","1girl, purple eyes, brown kimono, very long hair",https://danbooru.donmai.us/posts/9801627
le_malin_(azur_lane),azur_lane,"le malin (azur lane), azur lane","1girl, white hair, blue eyes, rigging, white dress, thighband pantyhose, white pantyhose, cape, shoes, hair bun, very long hair",https://danbooru.donmai.us/posts/3549927
le_malin_(listless_lapin)_(azur_lane),azur_lane,"le malin (listless lapin) (azur lane), azur lane","1girl, blue eyes, rabbit ears, white leotard, white pantyhose, braid, very long hair",https://danbooru.donmai.us/posts/6858265
le_malin_(mercredi_at_the_secret_base)_(azur_lane),azur_lane,"le malin (mercredi at the secret base) (azur lane), azur lane","1girl, white hair, purple eyes, hair bun, very long hair",https://danbooru.donmai.us/posts/4763744
le_malin_(muse)_(azur_lane),azur_lane,"le malin (muse) (azur lane), azur lane","1girl, white hair, blue eyes, white dress, white pantyhose, hair bun, very long hair",https://danbooru.donmai.us/posts/4166973
le_malin_(sleepy_sunday)_(azur_lane),azur_lane,"le malin (sleepy sunday) (azur lane), azur lane","1girl, purple hair, white hair, blue eyes, white dress, white shoes, hair bun, very long hair",https://danbooru.donmai.us/posts/3548349
le_mars_(azur_lane),azur_lane,"le mars (azur lane), azur lane","1girl, brown hair, green eyes, rigging, black gloves, fingerless gloves, thighhighs, short hair",https://danbooru.donmai.us/posts/3202656
le_mars_(ecoliere_heureuse)_(azur_lane),azur_lane,"le mars (ecoliere heureuse) (azur lane), azur lane","1girl, brown hair, blue eyes, school uniform, bike shorts, red skirt, red necktie, red shoes, short hair",https://danbooru.donmai.us/posts/3549924
le_mars_(ete_brillant)_(azur_lane),azur_lane,"le mars (ete brillant) (azur lane), azur lane","1girl, brown hair, green eyes, bikini, swimsuit, hair bun, short hair",https://danbooru.donmai.us/posts/3202498
le_mars_(retrofit)_(azur_lane),azur_lane,"le mars (retrofit) (azur lane), azur lane","1girl, brown hair, green eyes, rigging, black gloves, black thighhighs, fingerless gloves, short hair",https://danbooru.donmai.us/posts/3202662
le_mars_(splendorous_debut)_(azur_lane),azur_lane,"le mars (splendorous debut) (azur lane), azur lane","1girl, brown hair, green eyes, dress, brown gloves, hair bun, short hair",https://danbooru.donmai.us/posts/5401653
le_temeraire_(azur_lane),azur_lane,"le temeraire (azur lane), azur lane","1girl, blonde hair, green eyes, rigging, white shirt, white skirt, black boots, black choker, blue capelet, blue gloves, braid, twintails",https://danbooru.donmai.us/posts/3256340
le_temeraire_(cheering_star)_(azur_lane),azur_lane,"le temeraire (cheering star) (azur lane), azur lane","1girl, blonde hair, green eyes, red dress, striped thighhighs, white shoes, white thighhighs, braid, twintails",https://danbooru.donmai.us/posts/7499732
le_temeraire_(dreamy_dolce)_(azur_lane),azur_lane,"le temeraire (dreamy dolce) (azur lane), azur lane","1girl, blonde hair, green hair, green eyes, black choker, white socks, braid, very long hair",https://danbooru.donmai.us/posts/4411896
le_terrible_(azur_lane),azur_lane,"le terrible (azur lane), azur lane","1girl, blonde hair, rigging, black bodysuit, white dress, black pantyhose, white boots, white hat, short hair",https://danbooru.donmai.us/posts/4875415
le_terrible_(silence_slumber_and_solace)_(azur_lane),azur_lane,"le terrible (silence slumber and solace) (azur lane), azur lane","1girl, blonde hair, crown, short hair",https://danbooru.donmai.us/posts/4875422
le_terrible_(sunlight_seaspray_and_sanctity)_(azur_lane),azur_lane,"le terrible (sunlight seaspray and sanctity) (azur lane), azur lane","1girl, blonde hair, bikini, swimsuit, medium hair",https://danbooru.donmai.us/posts/5401600
le_triomphant_(azur_lane),azur_lane,"le triomphant (azur lane), azur lane","1girl, blonde hair, blue eyes, cape, thighhighs, hair bun",https://danbooru.donmai.us/posts/3250179
leander_(azur_lane),azur_lane,"leander (azur lane), azur lane","1girl, blonde hair, blue eyes, rigging, black shirt, collared shirt, cropped jacket, open jacket, plaid skirt, pleated skirt, long hair",https://danbooru.donmai.us/posts/2967444
leander_(retrofit)_(azur_lane),azur_lane,"leander (retrofit) (azur lane), azur lane","1girl, blonde hair, blue eyes, rigging, cropped jacket, dress shirt, high-waist skirt, open jacket, pleated skirt, taut shirt, long hair",https://danbooru.donmai.us/posts/2967475
leipzig_(azur_lane),azur_lane,"leipzig (azur lane), azur lane","1girl, blonde hair, pink eyes, rigging, short dress, black gloves, black hat, black thighhighs, red shoes, hair bun, short hair",https://danbooru.donmai.us/posts/2929410
leipzig_(retrofit)_(azur_lane),azur_lane,"leipzig (retrofit) (azur lane), azur lane","1girl, blonde hair, pink eyes, rigging, pleated dress, short dress, black gloves, black hat, black thighhighs, military hat, hair bun, short hair",https://danbooru.donmai.us/posts/3529678
leipzig_(storefront_training)_(azur_lane),azur_lane,"leipzig (storefront training) (azur lane), azur lane","1girl, blonde hair, purple eyes, maid headdress, black thighhighs, red shoes, short hair",https://danbooru.donmai.us/posts/5020162
lena_(azur_lane),azur_lane,"lena (azur lane), azur lane","1girl, purple hair, pink eyes, rigging, short dress, black thighhighs, elbow gloves, twintails, long hair",https://danbooru.donmai.us/posts/3522872
leonardo_da_vinci_(azur_lane),azur_lane,"leonardo da vinci (azur lane), azur lane","1girl, blonde hair, orange eyes, one-piece swimsuit, white bikini, open coat, brown boots, thigh boots, twintails",https://danbooru.donmai.us/posts/5543734
leonardo_da_vinci_(riverside_pirouette)_(azur_lane),azur_lane,"leonardo da vinci (riverside pirouette) (azur lane), azur lane","1girl, blonde hair, red eyes, tiara, dress, red shoes, white pantyhose, twintails",https://danbooru.donmai.us/posts/5921192
leonardo_da_vinci_(swinging_inventor_girl)_(azur_lane),azur_lane,"leonardo da vinci (swinging inventor girl) (azur lane), azur lane","1girl, blonde hair, orange eyes, rabbit ears, red leotard, sideless leotard, elbow gloves, striped bowtie, white gloves, hat, twintails, very long hair",https://danbooru.donmai.us/posts/11632913
lexington_(azur_lane),azur_lane,"lexington (azur lane), azur lane","1girl, blue hair, pink hair, purple eyes, short dress, sleeveless dress, open coat, white coat, black thighhighs, grey shoes, long hair",https://danbooru.donmai.us/posts/2948841
lexington_(the_beauty_of_spring)_(azur_lane),azur_lane,"lexington (the beauty of spring) (azur lane), azur lane","1girl, pink hair, purple eyes, dress, long hair",https://danbooru.donmai.us/posts/3404322
lexington_(the_fluffiest_of_maids)_(azur_lane),azur_lane,"lexington (the fluffiest of maids) (azur lane), azur lane","1girl, pink hair, pink eyes, maid, maid headdress, see-through dress, white dress, frilled apron, frilled hairband, lace-trimmed thighhighs, maid apron, ponytail",https://danbooru.donmai.us/posts/10495567
lexington_ii_(azur_lane),azur_lane,"lexington ii (azur lane), azur lane","1girl, orange hair, purple eyes, halo, rigging, blue dress, strapless dress, black shoes, very long hair",https://danbooru.donmai.us/posts/10435153
lexington_ii_(the_fluffiest_of_maids)_(azur_lane),azur_lane,"lexington ii (the fluffiest of maids) (azur lane), azur lane","1girl, pink hair, pink eyes, maid, maid headdress, see-through dress, white dress, frilled apron, frilled hairband, lace-trimmed thighhighs, maid apron, ponytail",https://danbooru.donmai.us/posts/10495567
li'l_sandy_(azur_lane),azur_lane,"li'l sandy (azur lane), azur lane","1girl, red hair, blue eyes, skirt, elbow gloves, fingerless gloves, necktie, thighhighs, twintails",https://danbooru.donmai.us/posts/3982387
libeccio_(azur_lane),azur_lane,"libeccio (azur lane), azur lane","1girl, white hair, blue eyes, rigging, short dress, white dress, cropped jacket, green jacket, black boots, hat, long hair",https://danbooru.donmai.us/posts/4481262
lion_(alleyway_temptress)_(azur_lane),azur_lane,"lion (alleyway temptress) (azur lane), azur lane","1girl, blonde hair, yellow eyes, dongtan dress, grey dress, long hair",https://danbooru.donmai.us/posts/12151923
lion_(azur_lane),azur_lane,"lion (azur lane), azur lane","1girl, blonde hair, rigging, red dress, leotard, black boots, black thighhighs, high heel boots, red cape, very long hair",https://danbooru.donmai.us/posts/9336139
lion_(the_reclining_dandelion)_(azur_lane),azur_lane,"lion (the reclining dandelion) (azur lane), azur lane","1girl, brown hair, orange eyes, yellow eyes, frilled bikini, white bikini, swimsuit, bikini skirt, jacket, very long hair",https://danbooru.donmai.us/posts/9350592
little_anchorage_(azur_lane),azur_lane,"little anchorage (azur lane), azur lane","1girl, blonde hair, pink eyes, halo, rigging, collared dress, sailor dress, black cape, two-sided cape, boots, hat, very long hair",https://danbooru.donmai.us/posts/9203468
little_bel_(azur_lane),azur_lane,"little bel (azur lane), azur lane","1girl, white hair, blue eyes, maid, maid headdress, bow choker, maid apron, ribbon choker, white gloves, white thighhighs, braid, long hair",https://danbooru.donmai.us/posts/3147261
little_cheshire_(azur_lane),azur_lane,"little cheshire (azur lane), azur lane","1girl, blue hair, grey hair, blue eyes, short dress, black shoes, white thighhighs, medium hair",https://danbooru.donmai.us/posts/5383429
little_enterprise_(azur_lane),azur_lane,"little enterprise (azur lane), azur lane","1girl, white hair, grey eyes, rigging, collared shirt, overall skirt, white shirt, black shoes, white hat, white socks, very long hair",https://danbooru.donmai.us/posts/4547742
little_friedrich_(azur_lane),azur_lane,"little friedrich (azur lane), azur lane","1girl, black hair, yellow eyes, horns, rigging, black dress, sleeveless dress, red skirt, black gloves, black shoes, black socks, very long hair",https://danbooru.donmai.us/posts/7648887
little_illustrious_(azur_lane),azur_lane,"little illustrious (azur lane), azur lane","1girl, grey hair, white hair, blue eyes, white dress, black shoes, white pantyhose, choker, hat, long hair",https://danbooru.donmai.us/posts/3976249
little_prinz_eugen_(azur_lane),azur_lane,"little prinz eugen (azur lane), azur lane","1girl, red hair, white hair, yellow eyes, rigging, black dress, black thighhighs, gloves, shoes",https://danbooru.donmai.us/posts/5317900
little_renown_(azur_lane),azur_lane,"little renown (azur lane), azur lane","1girl, blonde hair, blue eyes, coat dress, military uniform, white thighhighs, shoes, braid, long hair",https://danbooru.donmai.us/posts/3877094
little_spee_(azur_lane),azur_lane,"little spee (azur lane), azur lane","1girl, grey hair, blue eyes, rigging, scarf, short hair",https://danbooru.donmai.us/posts/5729166
littorio_(azur_lane),azur_lane,"littorio (azur lane), azur lane","1girl, green hair, red hair, brown eyes, rigging, white dress, black gloves, black pantyhose, green cape, high heel boots, knee boots",https://danbooru.donmai.us/posts/3624858
littorio_(calabria_aurea)_(azur_lane),azur_lane,"littorio (calabria aurea) (azur lane), azur lane","1girl, green hair, red eyes, black dress, long dress, very long hair",https://danbooru.donmai.us/posts/3920753
littorio_(lounging_emerald)_(azur_lane),azur_lane,"littorio (lounging emerald) (azur lane), azur lane","1girl, green hair, red hair, red eyes, lace-trimmed shirt, open shirt, white shorts, ponytail, very long hair",https://danbooru.donmai.us/posts/4875501
littorio_(sitting_in_the_rain)_(azur_lane),azur_lane,"littorio (sitting in the rain) (azur lane), azur lane","1girl, green hair, red eyes, black skirt, collared shirt, pencil skirt, see-through shirt, black pantyhose, black shoes, very long hair",https://danbooru.donmai.us/posts/6446102
littorio_(the_glory_of_naples)_(azur_lane),azur_lane,"littorio (the glory of naples) (azur lane), azur lane","1girl, green hair, red hair, brown eyes, black bikini, swimsuit, hat",https://danbooru.donmai.us/posts/3891330
liverpool_(azur_lane),azur_lane,"liverpool (azur lane), azur lane","1girl, purple hair, blue eyes, rigging, layered skirt, frilled choker, thigh boots, bowtie, long hair",https://danbooru.donmai.us/posts/7411312
london_(azur_lane),azur_lane,"london (azur lane), azur lane","1girl, brown hair, red eyes, rigging, blue skirt, collared shirt, high-waist skirt, open jacket, white jacket, white shirt, long hair",https://danbooru.donmai.us/posts/2967400
london_(platinum_ceremony)_(azur_lane),azur_lane,"london (platinum ceremony) (azur lane), azur lane","1girl, brown hair, red eyes, see-through dress, wedding dress, circle skirt, white shoes",https://danbooru.donmai.us/posts/5710288
london_(retrofit)_(azur_lane),azur_lane,"london (retrofit) (azur lane), azur lane","1girl, black hair, red eyes, rigging, blue dress, blue jacket, collared shirt, frilled shirt, blue hat, blue necktie, very long hair",https://danbooru.donmai.us/posts/3570575
london_(the_sterling_secretary)_(azur_lane),azur_lane,"london (the sterling secretary) (azur lane), azur lane","1girl, black hair, red eyes, black skirt, collared shirt, pencil skirt, white shirt, brown pantyhose, bowtie, long hair",https://danbooru.donmai.us/posts/6446112
long_island_(azur_lane),azur_lane,"long island (azur lane), azur lane","1girl, black hair, blue eyes, rigging, necktie, shoes, very long hair",https://danbooru.donmai.us/posts/3147257
long_island_(ghostly_receptionist)_(azur_lane),azur_lane,"long island (ghostly receptionist) (azur lane), azur lane","1girl, brown hair, blue eyes, striped dress, vertical-striped dress, black jacket, cropped jacket, pantyhose, very long hair",https://danbooru.donmai.us/posts/7610309
long_island_(long_island's_spooky_stream)_(azur_lane),azur_lane,"long island (long island's spooky stream) (azur lane), azur lane","1girl, brown hair, blue eyes, pumpkin hat, witch hat, very long hair",https://danbooru.donmai.us/posts/6086634
long_island_(long_island_-_indoor_slacker)_(azur_lane),azur_lane,"long island (long island - indoor slacker) (azur lane), azur lane","1girl, black hair, blue eyes, rigging, shirt, striped socks, long hair",https://danbooru.donmai.us/posts/2895404
long_island_(retrofit)_(azur_lane),azur_lane,"long island (retrofit) (azur lane), azur lane","1girl, black hair, blue eyes, rigging, short dress, sleeveless dress, bike shorts, blue coat, black shoes, blue socks, long hair",https://danbooru.donmai.us/posts/2941907
louisville_(an_order_of_dreams)_(azur_lane),azur_lane,"louisville (an order of dreams) (azur lane), azur lane","1girl, purple hair, aqua eyes, rabbit ears, blue leotard, frilled leotard, blue bowtie, white gloves, white pantyhose, white shoes, braid, very long hair",https://danbooru.donmai.us/posts/7011359
louisville_(azur_lane),azur_lane,"louisville (azur lane), azur lane","1girl, purple hair, blue eyes, rigging, blue dress, short dress, white gloves, white shoes, white thighhighs, braid, very long hair",https://danbooru.donmai.us/posts/7011351
lung_wu_(azur_lane),azur_lane,"lung wu (azur lane), azur lane","1girl, blue hair, purple hair, blue eyes, dragon tail, horns, blue dress, layered dress, black shoes, long hair",https://danbooru.donmai.us/posts/7157964
lung_wu_(invitation_to_jade_seas)_(azur_lane),azur_lane,"lung wu (invitation to jade seas) (azur lane), azur lane","1girl, blue hair, blue eyes, dragon tail, horns, frilled dress, short dress, sun hat",https://danbooru.donmai.us/posts/7678326
lyme_(azur_lane),azur_lane,"lyme (azur lane), azur lane","1girl, black hair, orange eyes, halo, horns, white leotard, white thighhighs, long hair",https://danbooru.donmai.us/posts/10134776
lyme_(corrupting_trap)_(azur_lane),azur_lane,"lyme (corrupting trap) (azur lane), azur lane","1girl, yellow eyes, horns, wings, black boots, high heel boots",https://danbooru.donmai.us/posts/10141226
lyon_(azur_lane),azur_lane,"lyon (azur lane), azur lane","1girl, purple hair, red eyes, rigging, white dress, black gloves, half gloves, witch hat, medium hair",https://danbooru.donmai.us/posts/6597963
lyon_(paired_exercise)_(azur_lane),azur_lane,"lyon (paired exercise) (azur lane), azur lane","1girl, purple hair, red eyes, black pants, yoga pants, black choker, short hair",https://danbooru.donmai.us/posts/6597962
maestrale_(azur_lane),azur_lane,"maestrale (azur lane), azur lane","1girl, red hair, white hair, red eyes, rigging, short dress, white dress, cropped jacket, green jacket, black boots, black thighhighs, very long hair",https://danbooru.donmai.us/posts/4481261
maestrale_(lonesome_beachfarer)_(azur_lane),azur_lane,"maestrale (lonesome beachfarer) (azur lane), azur lane","1girl, red hair, white hair, red eyes, swimsuit, straw hat, twintails, very long hair",https://danbooru.donmai.us/posts/4481543
magdeburg_(azur_lane),azur_lane,"magdeburg (azur lane), azur lane","1girl, black hair, red eyes, rigging, short shorts, black thighhighs, torn thighhighs, long hair",https://danbooru.donmai.us/posts/5018454
magdeburg_(cat_cafe_cleanup)_(azur_lane),azur_lane,"magdeburg (cat cafe cleanup) (azur lane), azur lane","1girl, black hair, red eyes, maid, maid headdress, white thighhighs, long hair",https://danbooru.donmai.us/posts/5018461
magdeburg_(gone_fishing)_(azur_lane),azur_lane,"magdeburg (gone fishing) (azur lane), azur lane","1girl, brown hair, red hair, horns, bikini, swimsuit, long hair",https://danbooru.donmai.us/posts/5921080
maggiore_baracca_(azur_lane),azur_lane,"maggiore baracca (azur lane), azur lane","1girl, green hair, purple eyes, rigging, competition swimsuit, taut swimsuit, black jacket, open jacket, black gloves, twintails, long hair",https://danbooru.donmai.us/posts/8921202
maggiore_baracca_(the_god_craves_punishment)_(azur_lane),azur_lane,"maggiore baracca (the god craves punishment) (azur lane), azur lane","1girl, green hair, purple eyes, animal ears, twintails, long hair",https://danbooru.donmai.us/posts/8921207
mainz_(a_blend_of_serenity)_(azur_lane),azur_lane,"mainz (a blend of serenity) (azur lane), azur lane","1girl, grey hair, white hair, blue eyes, rigging, purple dress, blue gloves, blue shoes, lace-trimmed thighhighs, white pantyhose, white thighhighs, very long hair",https://danbooru.donmai.us/posts/8753594
mainz_(azur_lane),azur_lane,"mainz (azur lane), azur lane","1girl, white hair, blue eyes, rigging, black skirt, pleated skirt, white jacket, black cape, black gloves, black hairband, long hair",https://danbooru.donmai.us/posts/4002135
mainz_(the_silkiest_brew)_(azur_lane),azur_lane,"mainz (the silkiest brew) (azur lane), azur lane","1girl, white hair, blue eyes, black bikini, swimsuit, see-through shirt, long hair",https://danbooru.donmai.us/posts/6164239
makinami_(azur_lane),azur_lane,"makinami (azur lane), azur lane","1girl, brown hair, green eyes, animal ears, tail, blue jacket, brown skirt, pleated skirt, black shoes, white socks, white thighhighs, twintails",https://danbooru.donmai.us/posts/3364963
manchester_(a_moment_in_the_shade)_(azur_lane),azur_lane,"manchester (a moment in the shade) (azur lane), azur lane","1girl, grey hair, aqua eyes, green eyes, maid, maid headdress, black bikini, frilled bikini, swimsuit, black choker, twintails, medium hair",https://danbooru.donmai.us/posts/6338850
manchester_(azur_lane),azur_lane,"manchester (azur lane), azur lane","1girl, grey hair, aqua eyes, maid, maid headdress, short dress, layered skirt, gloves, shoes, thighhighs, hair bun",https://danbooru.donmai.us/posts/5804047
manchester_(midnight_devil_in_white)_(azur_lane),azur_lane,"manchester (midnight devil in white) (azur lane), azur lane","1girl, grey hair, green eyes, tail, wings, white gloves, white thighhighs, hat, short hair",https://danbooru.donmai.us/posts/6141904
marblehead_(azur_lane),azur_lane,"marblehead (azur lane), azur lane","1girl, blonde hair, blue eyes, rigging, short shorts, coat, black thighhighs, short hair",https://danbooru.donmai.us/posts/3836611
marblehead_(charmer_in_the_snowy_reflection)_(azur_lane),azur_lane,"marblehead (charmer in the snowy reflection) (azur lane), azur lane","1girl, blonde hair, blue eyes, off-shoulder sweater, ribbed sweater, black thighhighs, red hat, santa hat, short hair",https://danbooru.donmai.us/posts/6086628
marco_polo_(ambitious_showcase)_(azur_lane),azur_lane,"marco polo (ambitious showcase) (azur lane), azur lane","1girl, blue hair, red eyes, black leotard, strapless leotard, black hat, black pantyhose, very long hair",https://danbooru.donmai.us/posts/11627828
marco_polo_(azur_lane),azur_lane,"marco polo (azur lane), azur lane","1girl, blue hair, green hair, red eyes, rigging, dress, asymmetrical gloves, black pantyhose, mismatched gloves, cape, hat, long hair",https://danbooru.donmai.us/posts/4655121
marco_polo_(the_queen_of_hearts)_(azur_lane),azur_lane,"marco polo (the queen of hearts) (azur lane), azur lane","1girl, blue hair, red eyes, maid, maid headdress, black boots, black gloves, black pantyhose, long hair",https://danbooru.donmai.us/posts/5020124
marseillaise_(azur_lane),azur_lane,"marseillaise (azur lane), azur lane","1girl, white hair, red eyes, halo, rigging, white dress, showgirl skirt, black gloves, black shoes, black thighhighs, very long hair",https://danbooru.donmai.us/posts/6554919
marseillaise_(fighting_angel's_regimen)_(azur_lane),azur_lane,"marseillaise (fighting angel's regimen) (azur lane), azur lane","1girl, white hair, red eyes, black pants, tight pants, white shirt, white socks, ponytail, very long hair",https://danbooru.donmai.us/posts/6554929
mary_celeste_(azur_lane),azur_lane,"mary celeste (azur lane), azur lane","1girl, blue hair, blue eyes, horns, pointy ears, torn dress, black coat, open coat, very long hair",https://danbooru.donmai.us/posts/6814034
mary_celeste_(grim_night's_reaper)_(azur_lane),azur_lane,"mary celeste (grim night's reaper) (azur lane), azur lane","1girl, blue hair, blue eyes, horns, pointy ears, black dress, long dress, torn capelet, long hair",https://danbooru.donmai.us/posts/6814041
maryland_(azur_lane),azur_lane,"maryland (azur lane), azur lane","1girl, red hair, red eyes, rigging, black dress, black boots, black gloves, lace-up boots, cape, necktie, ponytail, very long hair",https://danbooru.donmai.us/posts/3297427
maryland_(retrofit)_(azur_lane),azur_lane,"maryland (retrofit) (azur lane), azur lane","1girl, red hair, red eyes, rigging, bodysuit, cropped jacket, open jacket, fingerless gloves, ponytail, long hair",https://danbooru.donmai.us/posts/8156839
massachusetts_(azur_lane),azur_lane,"massachusetts (azur lane), azur lane","1girl, black hair, white hair, brown eyes, rigging, bikini, swimsuit, black jacket, black shorts, camouflage jacket, short shorts, long hair",https://danbooru.donmai.us/posts/3202437
massachusetts_(dressed_to_impress)_(azur_lane),azur_lane,"massachusetts (dressed to impress) (azur lane), azur lane","1girl, white hair, red eyes, halter dress, sleeveless dress, white shoes, choker, long hair",https://danbooru.donmai.us/posts/3975281
massena_(azur_lane),azur_lane,"massena (azur lane), azur lane","1girl, blonde hair, blue eyes, rigging, white skirt, elbow gloves, high heel boots, knee boots, white gloves, white thighhighs, twintails, very long hair",https://danbooru.donmai.us/posts/9911870
massena_(sweetly_intoxicating_spring)_(azur_lane),azur_lane,"massena (sweetly intoxicating spring) (azur lane), azur lane","1girl, blonde hair, blue eyes, very long hair",https://danbooru.donmai.us/posts/9774675
matchless_(azur_lane),azur_lane,"matchless (azur lane), azur lane","1girl, purple hair, rigging, collared shirt, pink skirt, sleeveless shirt, black gloves, black hat, black shoes, short hair",https://danbooru.donmai.us/posts/3033374
matsukaze_(azur_lane),azur_lane,"matsukaze (azur lane), azur lane","1girl, black hair, orange eyes, fox ears, fox tail, black skirt, hakama short skirt, white socks, ponytail, short hair",https://danbooru.donmai.us/posts/2967393
matsukaze_(retrofit)_(azur_lane),azur_lane,"matsukaze (retrofit) (azur lane), azur lane","1girl, black hair, green hair, orange eyes, fox ears, fox tail, black skirt, hakama short skirt, white socks, headdress, long hair",https://danbooru.donmai.us/posts/3052758
maury_(azur_lane),azur_lane,"maury (azur lane), azur lane","1girl, blonde hair, yellow eyes, rigging, print shirt, sleeveless shirt, white sailor collar, white shoes, side ponytail, long hair",https://danbooru.donmai.us/posts/2934184
maury_(retrofit)_(azur_lane),azur_lane,"maury (retrofit) (azur lane), azur lane","1girl, blonde hair, yellow eyes, blue jacket, white shorts, white thighhighs, side ponytail, medium hair",https://danbooru.donmai.us/posts/10495587
max_immelmann_(azur_lane),azur_lane,"max immelmann (azur lane), azur lane","1girl, pink hair, green eyes, horns, pointy ears, black bodysuit, black jacket, fur jacket, black boots, black gloves, black thighhighs, ponytail",https://danbooru.donmai.us/posts/11756457
maya_(azur_lane),azur_lane,"maya (azur lane), azur lane","1girl, white hair, orange eyes, cat ears, rigging, school uniform, black shirt, black skirt, pleated skirt, black shoes, black socks, short hair",https://danbooru.donmai.us/posts/2961792
maya_(hunter_of_the_heart)_(azur_lane),azur_lane,"maya (hunter of the heart) (azur lane), azur lane","1girl, grey hair, brown eyes, animal ears, fingerless gloves, thigh boots, white scarf, short hair",https://danbooru.donmai.us/posts/11035097
mccall_(azur_lane),azur_lane,"mccall (azur lane), azur lane","1girl, pink hair, purple eyes, rigging, blue dress, sailor dress, white shoes, white socks, sailor collar, twintails, long hair",https://danbooru.donmai.us/posts/2958352
mecklenburg_(azur_lane),azur_lane,"mecklenburg (azur lane), azur lane","1girl, pink hair, blue eyes, horns, pointy ears, sleeveless dress, torn dress, thigh boots, very long hair",https://danbooru.donmai.us/posts/9755528
mecklenburg_(branding_witchcraft)_(azur_lane),azur_lane,"mecklenburg (branding witchcraft) (azur lane), azur lane","1girl, pink hair, blue eyes, pink eyes, horns, pointy ears, black thighhighs, pink gloves, very long hair",https://danbooru.donmai.us/posts/10567946
memphis_(azur_lane),azur_lane,"memphis (azur lane), azur lane","1girl, pink hair, green eyes, rigging, black jacket, blue skirt, pleated skirt, sleeveless shirt, white shirt, black shoes, long hair",https://danbooru.donmai.us/posts/3293540
memphis_(casual_vacation)_(azur_lane),azur_lane,"memphis (casual vacation) (azur lane), azur lane","1girl, pink hair, green eyes, blue jacket, denim jacket, denim shorts, grey shorts, white shirt, black boots, very long hair",https://danbooru.donmai.us/posts/3502919
memphis_(mystical_night)_(azur_lane),azur_lane,"memphis (mystical night) (azur lane), azur lane","1girl, pink hair, green eyes, black leotard, black hat, brown pantyhose, high heel boots, purple boots, witch hat, long hair",https://danbooru.donmai.us/posts/3666814
michishio_(azur_lane),azur_lane,"michishio (azur lane), azur lane","1girl, brown hair, brown eyes, cat ears, cat tail, high-waist skirt, off-shoulder shirt, pleated skirt, white shirt, red sailor collar, ribbon-trimmed thighhighs, braid",https://danbooru.donmai.us/posts/3094151
michishio_(fluttering_fanfare)_(azur_lane),azur_lane,"michishio (fluttering fanfare) (azur lane), azur lane","1girl, brown hair, brown eyes, cat ears, cat tail, pink dress, pink shoes, white thighhighs, long hair",https://danbooru.donmai.us/posts/4798927
mikasa_(a_romantic_respite)_(azur_lane),azur_lane,"mikasa (a romantic respite) (azur lane), azur lane","1girl, black hair, yellow eyes, horns, white gloves",https://danbooru.donmai.us/posts/5663389
mikasa_(azur_lane),azur_lane,"mikasa (azur lane), azur lane","1girl, brown hair, orange eyes, horns, military uniform, black skirt, white gloves, ponytail, long hair",https://danbooru.donmai.us/posts/4254625
mikasa_(beauty_in_indigo)_(azur_lane),azur_lane,"mikasa (beauty in indigo) (azur lane), azur lane","1girl, brown hair, horns, red kimono, very long hair",https://danbooru.donmai.us/posts/6259130
mikasa_(blossom-viewing_season)_(azur_lane),azur_lane,"mikasa (blossom-viewing season) (azur lane), azur lane","1girl, brown hair, yellow eyes, horns, kimono, blue skirt, hakama skirt, brown boots, white gloves, braid",https://danbooru.donmai.us/posts/11821430
mikasa_(reverence_for_rest_and_relaxation)_(azur_lane),azur_lane,"mikasa (reverence for rest and relaxation) (azur lane), azur lane","1girl, brown hair, yellow eyes, horns, long hair",https://danbooru.donmai.us/posts/11821469
mikasa_(style_of_the_sakura_capital)_(azur_lane),azur_lane,"mikasa (style of the sakura capital) (azur lane), azur lane","1girl, black hair, yellow eyes, horns, black skirt, black hat, black socks, white gloves, medium hair",https://danbooru.donmai.us/posts/3657569
mikasa_(untarnished_splendor)_(azur_lane),azur_lane,"mikasa (untarnished splendor) (azur lane), azur lane","1girl, brown hair, yellow eyes, horns, long dress, wedding dress, white kimono, very long hair",https://danbooru.donmai.us/posts/4135022
mikazuki_(azur_lane),azur_lane,"mikazuki (azur lane), azur lane","1girl, blue hair, blue eyes, rigging, animal ears, blue dress, school uniform, loose socks, school hat, striped thighhighs, sailor collar, braid",https://danbooru.donmai.us/posts/2926192
mikazuki_(sweet_zombie)_(azur_lane),azur_lane,"mikazuki (sweet zombie) (azur lane), azur lane","1girl, aqua hair, blue eyes, animal ears, tail, blue dress, torn dress, blue hat, very long hair",https://danbooru.donmai.us/posts/3666809
mikuma_(azur_lane),azur_lane,"mikuma (azur lane), azur lane","1girl, white hair, pink eyes, horns, rigging, pleated skirt, red skirt, white thighhighs, hair bun, long hair",https://danbooru.donmai.us/posts/3065496
mikuma_(offerings_of_floral_grace)_(azur_lane),azur_lane,"mikuma (offerings of floral grace) (azur lane), azur lane","1girl, white hair, red eyes, horns, hakama skirt, white socks",https://danbooru.donmai.us/posts/5543750
miller_(azur_lane),azur_lane,"miller (azur lane), azur lane","1girl, black hair, grey hair, red eyes, rigging, black jacket, plaid skirt, pleated skirt, black boots, black thighhighs, torn thighhighs, twintails",https://danbooru.donmai.us/posts/9059710
miller_(miller_the_goat_guardian_of_the_bridge)_(azur_lane),azur_lane,"miller (miller the goat guardian of the bridge) (azur lane), azur lane","1girl, black hair, white hair, red eyes, long hair",https://danbooru.donmai.us/posts/12187486
miller_(monster_experiment_m-01)_(azur_lane),azur_lane,"miller (monster experiment m-01) (azur lane), azur lane","1girl, white hair, red eyes, cat ears, cat tail, paw gloves, paw shoes, twintails, very long hair",https://danbooru.donmai.us/posts/9059751
minase_(azur_lane),azur_lane,"minase (azur lane), azur lane","1girl, brown hair, brown eyes, fox ears, fox tail, grey dress, brown jacket, fur jacket, brown shoes, medium hair",https://danbooru.donmai.us/posts/10019970
minase_(maidenly_meditation)_(azur_lane),azur_lane,"minase (maidenly meditation) (azur lane), azur lane","1girl, brown hair, brown eyes, fox ears, fox tail, pleated skirt, red skirt, medium hair",https://danbooru.donmai.us/posts/10019976
minazuki_(azur_lane),azur_lane,"minazuki (azur lane), azur lane","1girl, blue hair, brown eyes, rigging, animal ears, school uniform, black thighhighs, hat",https://danbooru.donmai.us/posts/2926184
minneapolis_(azur_lane),azur_lane,"minneapolis (azur lane), azur lane","1girl, white hair, red eyes, red cape, red shoes, gloves",https://danbooru.donmai.us/posts/3297429
minneapolis_(extreme_games)_(azur_lane),azur_lane,"minneapolis (extreme games) (azur lane), azur lane","1girl, grey hair, red eyes, pants, very long hair",https://danbooru.donmai.us/posts/3835354
minneapolis_(holy_night_ride)_(azur_lane),azur_lane,"minneapolis (holy night ride) (azur lane), azur lane","1girl, white hair, black bikini, swimsuit, fur-trimmed boots, fur-trimmed gloves, long hair",https://danbooru.donmai.us/posts/4261838
minneapolis_(trapper_white)_(azur_lane),azur_lane,"minneapolis (trapper white) (azur lane), azur lane","1girl, white hair, red eyes, sleeveless dress, wedding dress, elbow gloves, white gloves, white thighhighs, shoes, ponytail, very long hair",https://danbooru.donmai.us/posts/3976271
minneapolis_(wild_huntress_schoolgirl)_(azur_lane),azur_lane,"minneapolis (wild huntress schoolgirl) (azur lane), azur lane","1girl, white hair, red eyes, brown shoes, red scarf, white socks, ponytail",https://danbooru.donmai.us/posts/3297425
minsk_(azur_lane),azur_lane,"minsk (azur lane), azur lane","1girl, grey hair, purple eyes, rigging, blue skirt, pleated skirt, white shirt, black boots, brown thighhighs, white hat, very long hair",https://danbooru.donmai.us/posts/3801579
minsk_(thunderous_jailor)_(azur_lane),azur_lane,"minsk (thunderous jailor) (azur lane), azur lane","1girl, grey hair, purple eyes, uniform, black shorts, short shorts, white shirt, black boots, black gloves, ponytail, very long hair",https://danbooru.donmai.us/posts/3801581
miyuki_(azur_lane),azur_lane,"miyuki (azur lane), azur lane","1girl, white hair, yellow eyes, fox ears, fox tail, bodysuit",https://danbooru.donmai.us/posts/5674672
miyuki_(clear_skies_and_crepes)_(azur_lane),azur_lane,"miyuki (clear skies and crepes) (azur lane), azur lane","1girl, grey hair, white hair, orange eyes, fox ears, fox tail, frilled skirt, white skirt, yellow sweater, black shoes, bobby socks, frilled socks",https://danbooru.donmai.us/posts/7157988
miyuki_(mochi_mishaps)_(azur_lane),azur_lane,"miyuki (mochi mishaps) (azur lane), azur lane","1girl, white hair, yellow eyes, fox ears, fox tail, naked apron, white apron, long hair",https://danbooru.donmai.us/posts/11470862
miyuki_(shopping_rendezvous)_(azur_lane),azur_lane,"miyuki (shopping rendezvous) (azur lane), azur lane","1girl, black hair, white hair, brown eyes, fox ears, fox tail, blue kimono, black skirt, pleated skirt, frilled apron, maid headdress, socks",https://danbooru.donmai.us/posts/5674675
mogador_(azur_lane),azur_lane,"mogador (azur lane), azur lane","1girl, purple hair, horns, rigging, black dress, long dress, black boots, black gloves, black thighhighs, elbow gloves, very long hair",https://danbooru.donmai.us/posts/7610662
mogador_(diving_for_desire)_(azur_lane),azur_lane,"mogador (diving for desire) (azur lane), azur lane","1girl, purple hair, purple eyes, black bikini, swimsuit",https://danbooru.donmai.us/posts/11415735
mogador_(locker_room_lechery)_(azur_lane),azur_lane,"mogador (locker room lechery) (azur lane), azur lane","1girl, purple hair, purple eyes, black one-piece swimsuit, casual one-piece swimsuit, black choker, blanket cape, twintails, very long hair",https://danbooru.donmai.us/posts/7610747
mogador_(olfactory_nursery_call)_(azur_lane),azur_lane,"mogador (olfactory nursery call) (azur lane), azur lane","1girl, purple hair, purple eyes, black leotard, see-through leotard, black hat, black shoes, brown thighhighs, long hair",https://danbooru.donmai.us/posts/9058785
mogami_(retrofit)_(azur_lane),azur_lane,"mogami (retrofit) (azur lane), azur lane","1girl, brown hair, red eyes, horns, pointy ears, black thighhighs, grey shoes, short hair",https://danbooru.donmai.us/posts/3065498
monarch_(azur_lane),azur_lane,"monarch (azur lane), azur lane","1girl, red hair, pink eyes, rigging, military uniform, black coat, open coat, pleated skirt, white shirt, white skirt, braid, hair bun",https://danbooru.donmai.us/posts/3147112
monarch_(black_gerard)_(azur_lane),azur_lane,"monarch (black gerard) (azur lane), azur lane","1girl, red hair, rigging, black dress, black gloves, gold shoes, half gloves, braid, hair bun",https://danbooru.donmai.us/posts/3404327
monarch_(detective_arriving_on_the_scene)_(azur_lane),azur_lane,"monarch (detective arriving on the scene) (azur lane), azur lane","1girl, red hair, purple eyes, black coat, black skirt, collared shirt, high-waist skirt, white shirt, black necktie, long hair",https://danbooru.donmai.us/posts/7264250
monarch_(sovereign_of_the_beach)_(azur_lane),azur_lane,"monarch (sovereign of the beach) (azur lane), azur lane","1girl, red hair, purple eyes, black bikini, swimsuit, braid, long hair",https://danbooru.donmai.us/posts/9366107
monarch_(white_warrick)_(azur_lane),azur_lane,"monarch (white warrick) (azur lane), azur lane","1girl, red hair, white dress, fingerless gloves, sun hat, white gloves, braid, ponytail",https://danbooru.donmai.us/posts/3171226
montpelier_(azur_lane),azur_lane,"montpelier (azur lane), azur lane","1girl, white hair, red eyes, rigging, black shirt, black shorts, black gloves, black thighhighs, fingerless gloves, white cape, very long hair",https://danbooru.donmai.us/posts/3060296
montpelier_(flower_of_the_snowy_night)_(azur_lane),azur_lane,"montpelier (flower of the snowy night) (azur lane), azur lane","1girl, grey hair, red eyes, red kimono, black skirt, hakama short skirt, brown boots, lace-up boots, very long hair",https://danbooru.donmai.us/posts/3364910
montpelier_(persephone's_throne)_(azur_lane),azur_lane,"montpelier (persephone's throne) (azur lane), azur lane","1girl, grey hair, red eyes, mechanical tail, black dress, long dress, red choker, red shoes, very long hair",https://danbooru.donmai.us/posts/4561348
morrison_(azur_lane),azur_lane,"morrison (azur lane), azur lane","1girl, orange hair, orange eyes, rigging, blue skirt, off-shoulder shirt, white shirt, black shoes, white socks, ponytail, long hair",https://danbooru.donmai.us/posts/4547752
morrison_(sleeping_bunny)_(azur_lane),azur_lane,"morrison (sleeping bunny) (azur lane), azur lane","1girl, orange hair, orange eyes, rabbit ears, tail, green dress, green shoes, white pantyhose",https://danbooru.donmai.us/posts/4547807
morrison_(technology_or_ninjutsu)_(azur_lane),azur_lane,"morrison (technology or ninjutsu) (azur lane), azur lane","1girl, orange hair, orange eyes, black gloves, black shoes, elbow gloves, purple scarf, ponytail, long hair",https://danbooru.donmai.us/posts/9923928
moskva_(awaiting_the_next_move)_(azur_lane),azur_lane,"moskva (awaiting the next move) (azur lane), azur lane","1girl, green hair, green dress, sleeveless dress, black gloves, black shoes, black thighhighs, long hair",https://danbooru.donmai.us/posts/10882451
moskva_(azur_lane),azur_lane,"moskva (azur lane), azur lane","1girl, green hair, purple eyes, rigging, white dress, white coat, black boots, very long hair",https://danbooru.donmai.us/posts/10821257
mullany_(azur_lane),azur_lane,"mullany (azur lane), azur lane","1girl, purple hair, rigging, open dress, blue coat, open coat, purple shorts, short shorts, black pantyhose, long hair",https://danbooru.donmai.us/posts/3406080
mullany_(eastern_etiquette)_(azur_lane),azur_lane,"mullany (eastern etiquette) (azur lane), azur lane","1girl, purple hair, rigging, white dress, bodysuit, black thighhighs, purple boots, red shoes, ribbon-trimmed thighhighs, hair bun",https://danbooru.donmai.us/posts/3406073
murmansk_(azur_lane),azur_lane,"murmansk (azur lane), azur lane","1girl, blonde hair, blue eyes, purple eyes, rigging, fur-trimmed dress, white dress, winter coat, black boots, black pantyhose, fur-trimmed boots, long hair",https://danbooru.donmai.us/posts/4383497
murmansk_(chamber_of_fragrance)_(azur_lane),azur_lane,"murmansk (chamber of fragrance) (azur lane), azur lane","1girl, grey hair, purple eyes, animal ears, tail, grey dress, sleeveless dress, black gloves, black shoes, black thighhighs, elbow gloves, hair bun",https://danbooru.donmai.us/posts/8753634
murmansk_(sceneries_of_pure_snow)_(azur_lane),azur_lane,"murmansk (sceneries of pure snow) (azur lane), azur lane","1girl, grey hair, blue eyes, purple eyes, uniform, long hair",https://danbooru.donmai.us/posts/4383509
musashi_(azur_lane),azur_lane,"musashi (azur lane), azur lane","1girl, black hair, brown eyes, fox ears, fox tail, black kimono, short kimono, long hair",https://danbooru.donmai.us/posts/5674654
musashi_(cheering_for_you_alone)_(azur_lane),azur_lane,"musashi (cheering for you alone) (azur lane), azur lane","1girl, black hair, fox ears, fox tail, pink dress, animal ear hairband, black pantyhose, black shoes, rabbit ear hairband, very long hair",https://danbooru.donmai.us/posts/11957000
musashi_(the_purple_rabbit's_marksmanship)_(azur_lane),azur_lane,"musashi (the purple rabbit's marksmanship) (azur lane), azur lane","1girl, fox ears, rabbit ears, black leotard, strapless leotard, black pantyhose, fishnet pantyhose, very long hair",https://danbooru.donmai.us/posts/8208030
musashi_(violet_moonglow)_(azur_lane),azur_lane,"musashi (violet moonglow) (azur lane), azur lane","1girl, black hair, purple hair, brown eyes, fox ears, maid headdress, print kimono, black choker, frilled apron, maid apron, white gloves, long hair",https://danbooru.donmai.us/posts/5674659
musketeer_(azur_lane),azur_lane,"musketeer (azur lane), azur lane","1girl, brown hair, orange eyes, rigging, frilled shirt, frilled skirt, sleeveless shirt, white skirt, black choker, black shoes, short hair",https://danbooru.donmai.us/posts/3033375
mutsu_(azur_lane),azur_lane,"mutsu (azur lane), azur lane","1girl, black hair, yellow eyes, fox ears, fox tail, black thighhighs, red shoes, short hair",https://danbooru.donmai.us/posts/3144170
mutsu_(warring_states_warship)_(azur_lane),azur_lane,"mutsu (warring states warship) (azur lane), azur lane","1girl, brown hair, yellow eyes, brown thighhighs, rice hat, short hair",https://danbooru.donmai.us/posts/3460014
mutsuki_(cotton_candy_dreams)_(azur_lane),azur_lane,"mutsuki (cotton candy dreams) (azur lane), azur lane","1girl, black hair, green eyes, cat ears, cat tail, blue dress, off-shoulder dress, thighhighs, twintails, medium hair",https://danbooru.donmai.us/posts/8106331
mutsuki_(retrofit)_(azur_lane),azur_lane,"mutsuki (retrofit) (azur lane), azur lane","1girl, brown hair, green eyes, cat ears, cat tail, pleated skirt, red skirt, black shoes, bucket hat, pink bowtie, school hat, short hair",https://danbooru.donmai.us/posts/3094152
mutsuki_(spring_festival_sweets)_(azur_lane),azur_lane,"mutsuki (spring festival sweets) (azur lane), azur lane","1girl, black hair, cat ears, cat tail, red dress, black shoes, frilled thighhighs, fur-trimmed cape, white thighhighs, twintails",https://danbooru.donmai.us/posts/3764434
myoukou_(azur_lane),azur_lane,"myoukou (azur lane), azur lane","1girl, black hair, rigging, wings, blue jacket, blue skirt, pleated skirt, black socks, black thighhighs, grey shoes, long hair",https://danbooru.donmai.us/posts/2960647
nachi_(azur_lane),azur_lane,"nachi (azur lane), azur lane","1girl, orange hair, pink eyes, rigging, wings, black skirt, collared shirt, pleated skirt, taut shirt, black hat, black thighhighs, very long hair",https://danbooru.donmai.us/posts/2960640
nachi_(retrofit)_(azur_lane),azur_lane,"nachi (retrofit) (azur lane), azur lane","1girl, brown hair, rigging, wolf ears, white shirt, black shoes, black thighhighs, hat, long hair",https://danbooru.donmai.us/posts/6679278
naganami_(azur_lane),azur_lane,"naganami (azur lane), azur lane","1girl, black hair, white hair, brown eyes, animal ears, tail, kimono, black skirt, grey boots, long hair",https://danbooru.donmai.us/posts/3876951
naganami_(heartmelting_warmth)_(azur_lane),azur_lane,"naganami (heartmelting warmth) (azur lane), azur lane","1girl, black hair, white hair, yellow eyes, animal ears, very long hair",https://danbooru.donmai.us/posts/8852522
naganami_(long-awaited_warmth)_(azur_lane),azur_lane,"naganami (long-awaited warmth) (azur lane), azur lane","1girl, black hair, yellow eyes, animal ears, tail, two-tone dress, black hat, black pantyhose, braid, long hair",https://danbooru.donmai.us/posts/4561362
naganami_(long_waves_of_happiness)_(azur_lane),azur_lane,"naganami (long waves of happiness) (azur lane), azur lane","1girl, black hair, yellow eyes, maid, maid headdress, black dress, black shoes, white apron, white thighhighs, very long hair",https://danbooru.donmai.us/posts/3876956
naganami_(nestling_up_for_the_long_nights)_(azur_lane),azur_lane,"naganami (nestling up for the long nights) (azur lane), azur lane","1girl, black hair, animal ears, tail, red dress, long hair",https://danbooru.donmai.us/posts/5088991
naganami_(waves_of_eternal_love)_(azur_lane),azur_lane,"naganami (waves of eternal love) (azur lane), azur lane","1girl, brown hair, animal ears, white kimono, long hair",https://danbooru.donmai.us/posts/5725948
nagara_(azur_lane),azur_lane,"nagara (azur lane), azur lane","1girl, black hair, brown eyes, horns, rigging, dress shirt, pleated skirt, socks, twintails, long hair",https://danbooru.donmai.us/posts/2961610
nagara_(spring_breeze_leisure)_(azur_lane),azur_lane,"nagara (spring breeze leisure) (azur lane), azur lane","1girl, black hair, brown eyes, horns, skirt, black thighhighs, twintails, long hair",https://danbooru.donmai.us/posts/3757420
nagato_(azur_lane),azur_lane,"nagato (azur lane), azur lane","1girl, black hair, yellow eyes, fox ears, rigging, red dress, short dress, detached cape, red shoes, white socks, yellow choker, long hair",https://danbooru.donmai.us/posts/3144162
nagato_(great_fox's_respite)_(azur_lane),azur_lane,"nagato (great fox's respite) (azur lane), azur lane","1girl, black hair, brown eyes, fox ears, ribbon-trimmed thighhighs, white thighhighs, very long hair",https://danbooru.donmai.us/posts/3469081
nagato_(great_fox's_white_gown)_(azur_lane),azur_lane,"nagato (great fox's white gown) (azur lane), azur lane","1girl, black hair, yellow eyes, fox ears, kimono, detached cape, long hair",https://danbooru.donmai.us/posts/3144165
nagato_(guardian_fox's_blessed_bonds)_(azur_lane),azur_lane,"nagato (guardian fox's blessed bonds) (azur lane), azur lane","1girl, brown hair, yellow eyes, fox ears, sleeveless dress, white dress, black pantyhose, braid, very long hair",https://danbooru.donmai.us/posts/8719742
nagato_(guardian_fox's_procession)_(azur_lane),azur_lane,"nagato (guardian fox's procession) (azur lane), azur lane","1girl, black hair, yellow eyes, crown, fox ears, strapless dress, white dress, white shoes, twintails, long hair",https://danbooru.donmai.us/posts/8724595
nagato_(guardian_fox's_shining_furisode)_(azur_lane),azur_lane,"nagato (guardian fox's shining furisode) (azur lane), azur lane","1girl, black hair, yellow eyes, fox ears, fox tail, kimono, white socks, long hair",https://danbooru.donmai.us/posts/3779137
nagatsuki_(azur_lane),azur_lane,"nagatsuki (azur lane), azur lane","1girl, brown hair, purple eyes, animal ears, tail, blue skirt, brown pantyhose, long hair",https://danbooru.donmai.us/posts/3356511
naka_(azur_lane),azur_lane,"naka (azur lane), azur lane","1girl, red hair, yellow eyes, fox ears, fox tail, kimono, white thighhighs, ponytail, long hair",https://danbooru.donmai.us/posts/3363252
naka_(foxy_summer_surfer)_(azur_lane),azur_lane,"naka (foxy summer surfer) (azur lane), azur lane","1girl, red hair, yellow eyes, fox ears, fox tail, print bikini, red bikini, swimsuit, choker, sarong, ponytail, very long hair",https://danbooru.donmai.us/posts/3876979
napoli_(azur_lane),azur_lane,"napoli (azur lane), azur lane","1girl, green hair, red eyes, green dress, strapless dress, black pantyhose, very long hair",https://danbooru.donmai.us/posts/8410782
napoli_(dreamy_night)_(azur_lane),azur_lane,"napoli (dreamy night) (azur lane), azur lane","1girl, green hair, red eyes, rabbit ears, purple bowtie, purple thighhighs, very long hair",https://danbooru.donmai.us/posts/8589413
natori_(azur_lane),azur_lane,"natori (azur lane), azur lane","1girl, brown hair, orange hair, brown eyes, orange eyes, dragon tail, horns, brown dress, pleated dress, red kimono, black skirt, hakama short skirt",https://danbooru.donmai.us/posts/6682555
natori_(beach_paradise)_(azur_lane),azur_lane,"natori (beach paradise) (azur lane), azur lane","1girl, brown hair, brown eyes, dragon tail, horns, frilled bikini, swimsuit, braid, ponytail",https://danbooru.donmai.us/posts/6682560
natori_(boisterous_night_on_the_cruise)_(azur_lane),azur_lane,"natori (boisterous night on the cruise) (azur lane), azur lane","1girl, brown hair, brown eyes, dragon tail, horns, frilled dress, red dress, leotard, showgirl skirt, pink thighhighs, red shoes, twintails",https://danbooru.donmai.us/posts/7757021
nautilus_(afternoon_stretches)_(azur_lane),azur_lane,"nautilus (afternoon stretches) (azur lane), azur lane","1girl, blue hair, rabbit ears, purple skirt, pantyhose, medium hair",https://danbooru.donmai.us/posts/4721422
nautilus_(azur_lane),azur_lane,"nautilus (azur lane), azur lane","1girl, blue hair, yellow eyes, black one-piece swimsuit, black thighhighs, medium hair",https://danbooru.donmai.us/posts/4721415
nautilus_(shining_blossom_in_the_deep_blue)_(azur_lane),azur_lane,"nautilus (shining blossom in the deep blue) (azur lane), azur lane","1girl, blue hair, yellow eyes, yellow bikini, swimsuit, medium hair",https://danbooru.donmai.us/posts/6682566
nayoro_(azur_lane),azur_lane,"nayoro (azur lane), azur lane","1girl, black hair, grey eyes, dragon tail, horns, black dress, black gloves, elbow gloves, long hair",https://danbooru.donmai.us/posts/10991396
nayoro_(electric_affection)_(azur_lane),azur_lane,"nayoro (electric affection) (azur lane), azur lane","1girl, black hair, horns, black dress, black gloves, black shoes, half gloves, long hair",https://danbooru.donmai.us/posts/10991474
nelson_(azur_lane),azur_lane,"nelson (azur lane), azur lane","1girl, blonde hair, red eyes, rigging, military uniform, short dress, tight dress, open jacket, red jacket, red thighhighs, drill hair, twintails",https://danbooru.donmai.us/posts/2951162
nelson_(luna_witch)_(azur_lane),azur_lane,"nelson (luna witch) (azur lane), azur lane","1girl, blonde hair, red eyes, black hat, black pantyhose, witch hat, twintails, very long hair",https://danbooru.donmai.us/posts/3302666
nelson_(retrofit)_(azur_lane),azur_lane,"nelson (retrofit) (azur lane), azur lane","1girl, blonde hair, red eyes, rigging, white dress, fur-trimmed jacket, open coat, red jacket, black gloves, red cape, twintails, very long hair",https://danbooru.donmai.us/posts/6338854
neptune_(azur_lane),azur_lane,"neptune (azur lane), azur lane","1girl, blue hair, yellow eyes, armored boots, white thighhighs, long hair",https://danbooru.donmai.us/posts/3147111
neptune_(nereid's_invitation)_(azur_lane),azur_lane,"neptune (nereid's invitation) (azur lane), azur lane","1girl, blue hair, yellow eyes, dress, shoes, twintails, long hair",https://danbooru.donmai.us/posts/5698463
nevada_(a_magnificent_banquet)_(azur_lane),azur_lane,"nevada (a magnificent banquet) (azur lane), azur lane","1girl, blonde hair, yellow eyes, gold dress, gold shoes, long hair",https://danbooru.donmai.us/posts/5691086
nevada_(azur_lane),azur_lane,"nevada (azur lane), azur lane","1girl, blonde hair, rigging, black skirt, pencil skirt, white shirt, black gloves, black thighhighs, fingerless gloves, long hair",https://danbooru.donmai.us/posts/2930375
nevada_(retrofit)_(azur_lane),azur_lane,"nevada (retrofit) (azur lane), azur lane","1girl, blonde hair, yellow eyes, short shorts, capelet, corset, long hair",https://danbooru.donmai.us/posts/3170293
new_jersey_(azur_lane),azur_lane,"new jersey (azur lane), azur lane","1girl, blue hair, blue eyes, short dress, open coat, elbow gloves, white gloves, very long hair",https://danbooru.donmai.us/posts/4548627
new_jersey_(black_blur_prelude)_(azur_lane),azur_lane,"new jersey (black blur prelude) (azur lane), azur lane","1girl, blue hair, blue eyes, rabbit ears, blue necktie, high heel boots, thigh boots, thighhighs, very long hair",https://danbooru.donmai.us/posts/10304435
new_jersey_(dancing_in_the_moonlight)_(azur_lane),azur_lane,"new jersey (dancing in the moonlight) (azur lane), azur lane","1girl, blue hair, blue eyes, rabbit ears, blue dress, sleeveless dress, black gloves, black shoes, elbow gloves, very long hair",https://danbooru.donmai.us/posts/8753764
new_jersey_(midsummer_leisure)_(azur_lane),azur_lane,"new jersey (midsummer leisure) (azur lane), azur lane","1girl, blue hair, blue bikini, string bikini, swimsuit, choker, ponytail, very long hair",https://danbooru.donmai.us/posts/6338861
new_jersey_(snow-white_ceremony)_(azur_lane),azur_lane,"new jersey (snow-white ceremony) (azur lane), azur lane","1girl, blue hair, blue eyes, wedding dress, white dress, gloves, very long hair",https://danbooru.donmai.us/posts/5439942
new_orleans_(azur_lane),azur_lane,"new orleans (azur lane), azur lane","1girl, grey hair, blue eyes, rigging, black dress, adjusting gloves, black gloves, black thighhighs, see-through necktie, short hair",https://danbooru.donmai.us/posts/4868673
new_orleans_(evening_agricole)_(azur_lane),azur_lane,"new orleans (evening agricole) (azur lane), azur lane","1girl, brown hair, blue eyes, rabbit ears",https://danbooru.donmai.us/posts/4986368
newcastle_(azur_lane),azur_lane,"newcastle (azur lane), azur lane","1girl, brown hair, blue eyes, maid, maid headdress, dress, black pantyhose, black shoes, apron, long hair",https://danbooru.donmai.us/posts/3272611
newcastle_(hibiscus_garments)_(azur_lane),azur_lane,"newcastle (hibiscus garments) (azur lane), azur lane","1girl, brown hair, blue eyes, white skirt, white thighhighs, braid, long hair",https://danbooru.donmai.us/posts/3272705
newcastle_(retrofit)_(azur_lane),azur_lane,"newcastle (retrofit) (azur lane), azur lane","1girl, brown hair, blue eyes, maid, maid headdress, dress, black pantyhose, black shoes, apron, long hair",https://danbooru.donmai.us/posts/3272612
nicholas_(after-school_promise)_(azur_lane),azur_lane,"nicholas (after-school promise) (azur lane), azur lane","1girl, white hair, red eyes, yellow eyes, school uniform, pink sweater, sailor shirt, skirt, black thighhighs, choker, twintails, long hair",https://danbooru.donmai.us/posts/4360027
nicholas_(azur_lane),azur_lane,"nicholas (azur lane), azur lane","1girl, blue hair, pink eyes, white shirt, grey shoes, white thighhighs, hat, twintails, long hair",https://danbooru.donmai.us/posts/2951451
nicholas_(nurse_nicholas)_(azur_lane),azur_lane,"nicholas (nurse nicholas) (azur lane), azur lane","1girl, purple hair, red eyes, yellow eyes, collared dress, pink dress, pink shoes, white apron, white hat, white pantyhose, twintails, very long hair",https://danbooru.donmai.us/posts/3052717
nicholas_(retrofit)_(azur_lane),azur_lane,"nicholas (retrofit) (azur lane), azur lane","1girl, grey hair, red eyes, yellow eyes, off-shoulder dress, white dress, pink hat, red shoes, white thighhighs, twintails",https://danbooru.donmai.us/posts/3193463
nicoloso_da_recco_(azur_lane),azur_lane,"nicoloso da recco (azur lane), azur lane","1girl, purple hair, blue eyes, rigging, black jacket, white skirt, white boots, white thighhighs, yellow hairband, cape, braid",https://danbooru.donmai.us/posts/4482220
niizuki_(azur_lane),azur_lane,"niizuki (azur lane), azur lane","1girl, blonde hair, blue eyes, fox ears, fox tail, blue kimono, white thighhighs, long hair",https://danbooru.donmai.us/posts/2931254
ning_hai_(azur_lane),azur_lane,"ning hai (azur lane), azur lane","1girl, black hair, pink eyes, rigging, short dress, black thighhighs, white hairband, long hair, short hair",https://danbooru.donmai.us/posts/2929489
ning_hai_(da_bao's_friend)_(azur_lane),azur_lane,"ning hai (da bao's friend) (azur lane), azur lane","1girl, purple hair, purple eyes, black shoes, white hat, bowtie, hairband, twintails",https://danbooru.donmai.us/posts/4411918
ning_hai_(gorgeous_violet)_(azur_lane),azur_lane,"ning hai (gorgeous violet) (azur lane), azur lane","1girl, purple hair, purple eyes, sleeveless dress, white dress, open jacket, white jacket, white shirt, black shoes, very long hair",https://danbooru.donmai.us/posts/3976252
ning_hai_(hectic_kitchen)_(azur_lane),azur_lane,"ning hai (hectic kitchen) (azur lane), azur lane","1girl, black hair, purple eyes, maid, maid headdress, frilled dress, purple dress, black shoes, blue hairband, white thighhighs, braid, twintails",https://danbooru.donmai.us/posts/7248745
ning_hai_(moon_palace_rabbit)_(azur_lane),azur_lane,"ning hai (moon palace rabbit) (azur lane), azur lane","1girl, black hair, purple hair, purple eyes, rabbit ears, rigging, purple leotard, black pantyhose, purple shoes, white hairband, hair bun, short hair",https://danbooru.donmai.us/posts/2929495
ning_hai_(retrofit)_(azur_lane),azur_lane,"ning hai (retrofit) (azur lane), azur lane","1girl, purple hair, pink eyes, rigging, pink dress, short dress, open coat, white coat, brown thighhighs, grey shoes, short hair",https://danbooru.donmai.us/posts/2957565
ning_hai_(springtime_sojourn)_(azur_lane),azur_lane,"ning hai (springtime sojourn) (azur lane), azur lane","1girl, purple hair, purple eyes, cropped jacket, denim shorts, short shorts, shirt, boots, hairband, twintails, long hair",https://danbooru.donmai.us/posts/3764436
ning_hai_(summer_hunger)_(azur_lane),azur_lane,"ning hai (summer hunger) (azur lane), azur lane","1girl, black hair, purple eyes, rigging, purple bikini, swimsuit, open jacket, purple gloves, choker",https://danbooru.donmai.us/posts/2851597
norfolk_(azur_lane),azur_lane,"norfolk (azur lane), azur lane","1girl, brown hair, purple eyes, rigging, black skirt, black thighhighs, brown boots, capelet, twintails, short hair",https://danbooru.donmai.us/posts/2951173
north_carolina_(azur_lane),azur_lane,"north carolina (azur lane), azur lane","1girl, blonde hair, blue eyes, rigging, military uniform, pencil skirt, taut jacket, white jacket, white skirt, black choker, long hair",https://danbooru.donmai.us/posts/3295493
north_carolina_(the_heart's_desire)_(azur_lane),azur_lane,"north carolina (the heart's desire) (azur lane), azur lane","1girl, blonde hair, blue eyes, rabbit ears, black leotard, black pantyhose",https://danbooru.donmai.us/posts/4696513
north_carolina_(unique_sunshine)_(azur_lane),azur_lane,"north carolina (unique sunshine) (azur lane), azur lane","1girl, blonde hair, blue eyes, black bikini, swimsuit, long hair",https://danbooru.donmai.us/posts/11181385
northampton_(azur_lane),azur_lane,"northampton (azur lane), azur lane","1girl, purple hair, green eyes, rigging, striped shirt, white shirt, white shorts, black choker, black socks, elbow gloves, long hair",https://danbooru.donmai.us/posts/2944064
northampton_(comfy_crane_amidst_the_clouds)_(azur_lane),azur_lane,"northampton (comfy crane amidst the clouds) (azur lane), azur lane","1girl, black hair, blonde hair, green eyes, white dress, see-through thighhighs, white thighhighs, hair bun, long hair",https://danbooru.donmai.us/posts/7158075
northampton_(swimming_star)_(azur_lane),azur_lane,"northampton (swimming star) (azur lane), azur lane","1girl, black hair, blonde hair, green eyes, competition swimsuit, highleg one-piece swimsuit, long hair",https://danbooru.donmai.us/posts/5923683
northampton_ii_(azur_lane),azur_lane,"northampton ii (azur lane), azur lane","1girl, black hair, blonde hair, green eyes, rigging, choker, hat, thighhighs, long hair",https://danbooru.donmai.us/posts/5920480
northampton_ii_(comfy_crane_amidst_the_clouds)_(azur_lane),azur_lane,"northampton ii (comfy crane amidst the clouds) (azur lane), azur lane","1girl, black hair, blonde hair, green eyes, white dress, see-through thighhighs, white thighhighs, hair bun, long hair",https://danbooru.donmai.us/posts/7158075
northampton_ii_(swimming_star)_(azur_lane),azur_lane,"northampton ii (swimming star) (azur lane), azur lane","1girl, black hair, blonde hair, green eyes, competition swimsuit, highleg one-piece swimsuit, long hair",https://danbooru.donmai.us/posts/5923683
noshiro_(a_dip_in_the_moonlight)_(azur_lane),azur_lane,"noshiro (a dip in the moonlight) (azur lane), azur lane","1girl, black hair, purple eyes, horns, very long hair",https://danbooru.donmai.us/posts/9775660
noshiro_(a_tale_of_two_lovers)_(azur_lane),azur_lane,"noshiro (a tale of two lovers) (azur lane), azur lane","1girl, black hair, purple eyes, horns, black dress, nontraditional wedding dress, black gloves, long hair",https://danbooru.donmai.us/posts/4822106
noshiro_(azur_lane),azur_lane,"noshiro (azur lane), azur lane","1girl, black hair, pink eyes, horns, black skirt, black pantyhose, very long hair",https://danbooru.donmai.us/posts/3863375
noshiro_(cozy_enclave)_(azur_lane),azur_lane,"noshiro (cozy enclave) (azur lane), azur lane","1girl, black hair, purple eyes, horns, white shirt, long hair",https://danbooru.donmai.us/posts/4875476
noshiro_(dressed-up_date)_(azur_lane),azur_lane,"noshiro (dressed-up date) (azur lane), azur lane","1girl, black hair, black sweater, cropped shirt, cropped sweater, denim shorts, black choker, black hat, long hair",https://danbooru.donmai.us/posts/7488822
noshiro_(fragrance_of_the_eastern_snow)_(azur_lane),azur_lane,"noshiro (fragrance of the eastern snow) (azur lane), azur lane","1girl, black hair, purple eyes, horns, blue dress, halter dress, open coat, white coat, white thighhighs, headdress, hair bun, very long hair",https://danbooru.donmai.us/posts/4346326
noshiro_(hold_the_ice)_(azur_lane),azur_lane,"noshiro (hold the ice) (azur lane), azur lane","1girl, black hair, horns, maid, black thighhighs, maid apron, maid headdress, white shoes, twintails, long hair",https://danbooru.donmai.us/posts/5020131
noshiro_(unwinding_in_the_sunshine)_(azur_lane),azur_lane,"noshiro (unwinding in the sunshine) (azur lane), azur lane","1girl, black hair, purple eyes, horns, blue one-piece swimsuit, competition school swimsuit, open shirt, see-through shirt, twintails, very long hair",https://danbooru.donmai.us/posts/5922597
noshiro_(xanadu's_eventide)_(azur_lane),azur_lane,"noshiro (xanadu's eventide) (azur lane), azur lane","1girl, black hair, purple eyes, horns, sleeveless dress, black pantyhose, very long hair",https://danbooru.donmai.us/posts/4117665
nowaki_(azur_lane),azur_lane,"nowaki (azur lane), azur lane","1girl, orange eyes, rigging, school uniform, black skirt, pleated skirt, sleeveless shirt, white shirt, white socks, long hair",https://danbooru.donmai.us/posts/2948859
nubian_(azur_lane),azur_lane,"nubian (azur lane), azur lane","1girl, white hair, brown eyes, maid, maid headdress, brown dress, frilled dress, brown shoes, frilled apron, maid apron, long hair",https://danbooru.donmai.us/posts/7388125
nubian_(normal_potion_maker)_(azur_lane),azur_lane,"nubian (normal potion maker) (azur lane), azur lane","1girl, white hair, brown eyes, long dress, white dress, robe, large hat, white hat, braid, long hair",https://danbooru.donmai.us/posts/7388155
nubian_(the_modern-day_clumsy_maid_escapade)_(azur_lane),azur_lane,"nubian (the modern-day clumsy maid escapade) (azur lane), azur lane","1girl, brown eyes, maid, black choker, frilled apron, white apron",https://danbooru.donmai.us/posts/8852525
odin_(azur_lane),azur_lane,"odin (azur lane), azur lane","1girl, white hair, blue eyes, rigging, armor, black coat, open coat, red skirt, brown pantyhose, high heel boots",https://danbooru.donmai.us/posts/4002138
odin_(black_strokes_upon_blank_snow)_(azur_lane),azur_lane,"odin (black strokes upon blank snow) (azur lane), azur lane","1girl, red hair, white hair, blue eyes, purple kimono, red scarf, white socks, braid, long hair",https://danbooru.donmai.us/posts/5020275
ognevoy_(azur_lane),azur_lane,"ognevoy (azur lane), azur lane","1girl, grey hair, green eyes, rigging, black dress, collared dress, soviet school uniform, black shoes, frilled apron, white apron, long hair",https://danbooru.donmai.us/posts/7276682
oite_(azur_lane),azur_lane,"oite (azur lane), azur lane","1girl, brown hair, red eyes, rigging, black jacket, black shorts, black boots, black gloves, black hat, black socks, short hair",https://danbooru.donmai.us/posts/4472065
oite_(jet_ink_silver_quills)_(azur_lane),azur_lane,"oite (jet ink silver quills) (azur lane), azur lane","1girl, black hair, red eyes, black shoes",https://danbooru.donmai.us/posts/5088986
oite_(summer_dedication)_(azur_lane),azur_lane,"oite (summer dedication) (azur lane), azur lane","1girl, brown hair, red eyes, animal ears, sailor dress, hat, sailor collar, short hair",https://danbooru.donmai.us/posts/4482285
oklahoma_(azur_lane),azur_lane,"oklahoma (azur lane), azur lane","1girl, white hair, blue eyes, rigging, brown skirt, white shirt, brown gloves, brown socks, short hair",https://danbooru.donmai.us/posts/2932477
oklahoma_(retrofit)_(azur_lane),azur_lane,"oklahoma (retrofit) (azur lane), azur lane","1girl, blonde hair, blue eyes, rigging, brown skirt, white shirt, black socks, brown boots, brown capelet, brown gloves, braid, short hair",https://danbooru.donmai.us/posts/3104486
oleg_(azur_lane),azur_lane,"oleg (azur lane), azur lane","1girl, white hair, blue eyes, rigging, fur-trimmed coat, sleeveless shirt, white coat, white shirt, black pantyhose, short hair",https://danbooru.donmai.us/posts/9203330
oleg_(repose_by_the_fireplace)_(azur_lane),azur_lane,"oleg (repose by the fireplace) (azur lane), azur lane","1girl, grey hair, aqua eyes, animal ears, fur-trimmed pants, grey pants, medium hair",https://danbooru.donmai.us/posts/9203335
omaha_(azur_lane),azur_lane,"omaha (azur lane), azur lane","1girl, green hair, orange eyes, rigging, bike shorts, bike shorts under shorts, sleeveless shirt, white shirt, brown boots, hair bun, short hair",https://danbooru.donmai.us/posts/2932483
ooshio_(azur_lane),azur_lane,"ooshio (azur lane), azur lane","1girl, red eyes, cat ears, cat tail, hakama short skirt, hakama skirt, red choker, ribbon-trimmed thighhighs, white thighhighs, braid, long hair",https://danbooru.donmai.us/posts/3144185
ooshio_(bringer_of_fortunes)_(azur_lane),azur_lane,"ooshio (bringer of fortunes) (azur lane), azur lane","1girl, black hair, red eyes, animal ears, blue dress, braid, long hair",https://danbooru.donmai.us/posts/4342670
ooshio_(let's_'ave_lunch)_(azur_lane),azur_lane,"ooshio (let's 'ave lunch) (azur lane), azur lane","1girl, black hair, red eyes, cat ears, cat tail, school uniform, green skirt, white shirt, braid, long hair",https://danbooru.donmai.us/posts/5219734
ooshio_(the_reindeer's_present)_(azur_lane),azur_lane,"ooshio (the reindeer's present) (azur lane), azur lane","1girl, black hair, red eyes, horns, elbow gloves, white gloves, white thighhighs, braid, long hair",https://danbooru.donmai.us/posts/3356513
ooshio_(woozy_party)_(azur_lane),azur_lane,"ooshio (woozy party) (azur lane), azur lane","1girl, black hair, red eyes, animal ears, tail, green dress, black gloves, thighhighs",https://danbooru.donmai.us/posts/3647358
orage_(azur_lane),azur_lane,"orage (azur lane), azur lane","1girl, black hair, purple eyes, rigging, white shirt, black thighhighs, lolita hairband, medium hair",https://danbooru.donmai.us/posts/11756439
otto_von_alvensleben_(azur_lane),azur_lane,"otto von alvensleben (azur lane), azur lane","1girl, grey hair, red hair, red eyes, horns, rigging, black bikini, swimsuit, black boots, black gloves, black pantyhose, elbow gloves",https://danbooru.donmai.us/posts/6338782
otto_von_alvensleben_(hunter_becomes_hunted)_(azur_lane),azur_lane,"otto von alvensleben (hunter becomes hunted) (azur lane), azur lane","1girl, grey hair, red hair, pink eyes, red eyes, black bikini, frilled bikini, swimsuit, long hair",https://danbooru.donmai.us/posts/6338792
oumi_(azur_lane),azur_lane,"oumi (azur lane), azur lane","1girl, black hair, red eyes, rigging, animal ears, black kimono, black shoes, brown pantyhose, long hair",https://danbooru.donmai.us/posts/9922561
owari_(azur_lane),azur_lane,"owari (azur lane), azur lane","1girl, grey hair, horns, rigging, black skirt, brown coat, black gloves, black thighhighs, elbow gloves, platform shoes, braid, very long hair",https://danbooru.donmai.us/posts/6682572
owari_(my_wish_is_for_love)_(azur_lane),azur_lane,"owari (my wish is for love) (azur lane), azur lane","1girl, brown hair, yellow eyes, horns, pointy ears, black leotard, braid, very long hair",https://danbooru.donmai.us/posts/8338498
owari_(now_my_heart_overflows_with_emotion)_(azur_lane),azur_lane,"owari (now my heart overflows with emotion) (azur lane), azur lane","1girl, blonde hair, yellow eyes, horns, wedding dress, white dress, elbow gloves, white gloves, white shoes, white thighhighs, braid, long hair",https://danbooru.donmai.us/posts/12241291
owari_(shimmering_forsythia)_(azur_lane),azur_lane,"owari (shimmering forsythia) (azur lane), azur lane","1girl, blonde hair, brown eyes, yellow eyes, horns, white one-piece swimsuit, braid, very long hair",https://danbooru.donmai.us/posts/6682578
oyashio_(azur_lane),azur_lane,"oyashio (azur lane), azur lane","1girl, brown hair, blue eyes, horns, pointy ears, black skirt, pleated skirt, black gloves, fingerless gloves, white socks, white thighhighs, braid",https://danbooru.donmai.us/posts/2967381
ozornoy_(azur_lane),azur_lane,"ozornoy (azur lane), azur lane","1girl, blue hair, green hair, green eyes, rigging, black dress, frilled dress, soviet school uniform, black shoes, striped thighhighs, white thighhighs, twintails",https://danbooru.donmai.us/posts/10857544
ozornoy_(the_white-robed_wind_rider_ascends)_(azur_lane),azur_lane,"ozornoy (the white-robed wind rider ascends) (azur lane), azur lane","1girl, blue hair, green hair, green eyes, white leotard, white thighhighs, twintails, very long hair",https://danbooru.donmai.us/posts/10857549
painleve_(azur_lane),azur_lane,"painleve (azur lane), azur lane","1girl, blonde hair, blue eyes, tiara, white dress, elbow gloves, white gloves, very long hair",https://danbooru.donmai.us/posts/6597958
painleve_(fresh_and_fortunate)_(azur_lane),azur_lane,"painleve (fresh and fortunate) (azur lane), azur lane","1girl, blonde hair, see-through dress, white dress, white hat, braid, twintails",https://danbooru.donmai.us/posts/7985458
painleve_(team_stretching)_(azur_lane),azur_lane,"painleve (team stretching) (azur lane), azur lane","1girl, blonde hair, blue eyes, tight pants, yoga pants, ponytail",https://danbooru.donmai.us/posts/6597960
pasadena_(azur_lane),azur_lane,"pasadena (azur lane), azur lane","1girl, purple hair, red eyes, rigging, highleg leotard, thighhighs, twintails, long hair",https://danbooru.donmai.us/posts/10495610
pasadena_(surprising_game)_(azur_lane),azur_lane,"pasadena (surprising game) (azur lane), azur lane","1girl, pink hair, pink eyes, cat ears, cat tail, black bikini, frilled bikini, swimsuit, black shoes, fishnet thighhighs, maid headdress, very long hair",https://danbooru.donmai.us/posts/10495616
pearl_(azur_lane),azur_lane,"pearl (azur lane), azur lane","1girl, grey hair, red eyes, halo, wings, white thighhighs, winged shoes",https://danbooru.donmai.us/posts/10130273
pearl_(fallen_angel_in_the_dark_castle)_(azur_lane),azur_lane,"pearl (fallen angel in the dark castle) (azur lane), azur lane","1girl, white hair, red eyes, wings, short hair",https://danbooru.donmai.us/posts/10138639
penelope_(azur_lane),azur_lane,"penelope (azur lane), azur lane","1girl, purple hair, purple eyes, rigging, black jacket, black skirt, fur-trimmed jacket, pleated skirt, black boots, high heel boots, short hair",https://danbooru.donmai.us/posts/4342792
penelope_(ruby-red_boudoir)_(azur_lane),azur_lane,"penelope (ruby-red boudoir) (azur lane), azur lane","1girl, purple hair, purple eyes, hair bun, long hair",https://danbooru.donmai.us/posts/4342675
penelope_(salty_maid)_(azur_lane),azur_lane,"penelope (salty maid) (azur lane), azur lane","1girl, purple hair, maid, maid headdress, black shoes, white gloves, white thighhighs, short hair",https://danbooru.donmai.us/posts/5020156
pennsylvania_(azur_lane),azur_lane,"pennsylvania (azur lane), azur lane","1girl, brown hair, green eyes, rigging, black bikini, military uniform, swimsuit, black gloves, black shoes, blue hat, long hair",https://danbooru.donmai.us/posts/2948156
pennsylvania_(the_keystone_general)_(azur_lane),azur_lane,"pennsylvania (the keystone general) (azur lane), azur lane","1girl, black hair, green eyes, armor, black thighhighs, cape",https://danbooru.donmai.us/posts/5088997
pensacola_(azur_lane),azur_lane,"pensacola (azur lane), azur lane","1girl, pink hair, orange eyes, rigging, cropped jacket, open jacket, pleated skirt, red skirt, black gloves, grey shoes, short hair",https://danbooru.donmai.us/posts/2951229
perseus_(azur_lane),azur_lane,"perseus (azur lane), azur lane","1girl, pink hair, pink eyes, wings, frilled dress, long dress, white thighhighs, headdress, twintails, very long hair",https://danbooru.donmai.us/posts/4048061
perseus_(unfamiliar_duties)_(azur_lane),azur_lane,"perseus (unfamiliar duties) (azur lane), azur lane","1girl, pink hair, pink eyes, collared shirt, open shirt, black choker, half gloves, pink gloves, pink shoes, twintails, very long hair",https://danbooru.donmai.us/posts/4048067
peter_strasser_(a_moment_frozen_in_pure_white)_(azur_lane),azur_lane,"peter strasser (a moment frozen in pure white) (azur lane), azur lane","1girl, black hair, purple eyes, see-through dress, white dress, elbow gloves, white gloves, white pantyhose, white shoes, twintails, long hair",https://danbooru.donmai.us/posts/4798902
peter_strasser_(azur_lane),azur_lane,"peter strasser (azur lane), azur lane","1girl, black hair, purple eyes, rigging, black dress, long dress, uniform, armored shoes, cape, gloves, very long hair",https://danbooru.donmai.us/posts/4290545
peter_strasser_(chronos's_kalendae)_(azur_lane),azur_lane,"peter strasser (chronos's kalendae) (azur lane), azur lane","1girl, black hair, purple eyes, kimono, white socks, hat, very long hair",https://danbooru.donmai.us/posts/5921147
peter_strasser_(lustrous_jade_of_the_golden_house)_(azur_lane),azur_lane,"peter strasser (lustrous jade of the golden house) (azur lane), azur lane","1girl, black hair, red eyes, dress, elbow gloves, thighhighs, twintails, very long hair",https://danbooru.donmai.us/posts/7186892
phoenix_(azur_lane),azur_lane,"phoenix (azur lane), azur lane","1girl, orange hair, red hair, yellow eyes, rigging, elbow gloves, fingerless gloves, red boots, red thighhighs, thigh boots, long hair",https://danbooru.donmai.us/posts/2947256
ping_hai_(azur_lane),azur_lane,"ping hai (azur lane), azur lane","1girl, red eyes, rigging, jacket, black thighhighs, twintails",https://danbooru.donmai.us/posts/2879329
ping_hai_(delicious_crimson)_(azur_lane),azur_lane,"ping hai (delicious crimson) (azur lane), azur lane","1girl, brown hair, purple eyes, sleeveless dress, white dress, brown jacket, fur jacket, black shoes, hair bun, very long hair",https://danbooru.donmai.us/posts/3976254
ping_hai_(great_gourmet_expedition)_(azur_lane),azur_lane,"ping hai (great gourmet expedition) (azur lane), azur lane","1girl, brown hair, red eyes, cropped jacket, hairband, pantyhose, twintails, long hair",https://danbooru.donmai.us/posts/3764441
ping_hai_(lively_banquet_preparations)_(azur_lane),azur_lane,"ping hai (lively banquet preparations) (azur lane), azur lane","1girl, brown hair, brown eyes, maid, red dress, black shoes, waist apron, white thighhighs, hairband, hair bun, twintails",https://danbooru.donmai.us/posts/7248661
ping_hai_(osmanthus_moon_rabbit)_(azur_lane),azur_lane,"ping hai (osmanthus moon rabbit) (azur lane), azur lane","1girl, brown hair, pink eyes, rigging, animal ears, red leotard, brown pantyhose, white hairband, braid, long hair",https://danbooru.donmai.us/posts/2929499
ping_hai_(retrofit)_(azur_lane),azur_lane,"ping hai (retrofit) (azur lane), azur lane","1girl, brown hair, red eyes, dress, jacket, black thighhighs, scarf, shoes, twintails",https://danbooru.donmai.us/posts/2954734
ping_hai_(summer_vacation)_(azur_lane),azur_lane,"ping hai (summer vacation) (azur lane), azur lane","1girl, brown hair, rigging, red bikini, ribbon-trimmed bikini, swimsuit, choker, twintails, long hair",https://danbooru.donmai.us/posts/2851596
pittsburgh_(azur_lane),azur_lane,"pittsburgh (azur lane), azur lane","1girl, black hair, red eyes, rigging, leotard, jacket, ankle boots, gloves, long hair",https://danbooru.donmai.us/posts/8052274
pittsburgh_(the_bartender's_gambit)_(azur_lane),azur_lane,"pittsburgh (the bartender's gambit) (azur lane), azur lane","1girl, black hair, red eyes, strapless dress, high heel boots, hat, long hair",https://danbooru.donmai.us/posts/8052273
plymouth_(an_angelic_physical)_(azur_lane),azur_lane,"plymouth (an angelic physical) (azur lane), azur lane","1girl, pink hair, pink eyes, white dress, elbow gloves, white gloves, white hat, white thighhighs, long hair",https://danbooru.donmai.us/posts/11818639
plymouth_(azur_lane),azur_lane,"plymouth (azur lane), azur lane","1girl, purple hair, purple eyes, rigging, collared dress, see-through dress, half gloves, white gloves, white shoes, long hair",https://danbooru.donmai.us/posts/5507401
plymouth_(heart-throbbing_refreshment)_(azur_lane),azur_lane,"plymouth (heart-throbbing refreshment) (azur lane), azur lane","1girl, purple hair, purple eyes, bow bikini, white bikini, swimsuit, twintails, medium hair",https://danbooru.donmai.us/posts/5921442
poltava_(azur_lane),azur_lane,"poltava (azur lane), azur lane","1girl, purple hair, pink eyes, rigging, fur-trimmed coat, white coat, white pants, white shirt, elbow gloves, white gloves, braid, very long hair",https://danbooru.donmai.us/posts/7276924
poltava_(meeting_the_mafia_queen)_(azur_lane),azur_lane,"poltava (meeting the mafia queen) (azur lane), azur lane","1girl, purple hair, pink eyes, black shirt, black skirt, black shoes, black thighhighs, very long hair",https://danbooru.donmai.us/posts/7263808
pompeo_magno_(azur_lane),azur_lane,"pompeo magno (azur lane), azur lane","1girl, orange hair, yellow eyes, rigging, black skirt, collared shirt, pleated skirt, fur-trimmed cape, green cape, two-tone boots, long hair",https://danbooru.donmai.us/posts/5219713
pompeo_magno_(quaver_daydream)_(azur_lane),azur_lane,"pompeo magno (quaver daydream) (azur lane), azur lane","1girl, pink hair, green eyes, white hat",https://danbooru.donmai.us/posts/6004402
portland_(azur_lane),azur_lane,"portland (azur lane), azur lane","1girl, purple hair, blue eyes, rigging, black bikini, star print bikini, swimsuit, black skirt, blue shirt, pleated skirt, side ponytail, very long hair",https://danbooru.donmai.us/posts/2948816
portland_(retrofit)_(azur_lane),azur_lane,"portland (retrofit) (azur lane), azur lane","1girl, purple hair, blue eyes, rigging, black bikini, highleg bikini, swimsuit, blue shorts, open jacket, short shorts, side ponytail, very long hair",https://danbooru.donmai.us/posts/2948825
portsmouth_adventure_(adventurous_surprise)_(azur_lane),azur_lane,"portsmouth adventure (adventurous surprise) (azur lane), azur lane","1girl, red hair, blue eyes, horns, pointy ears, black bikini, swimsuit, long hair",https://danbooru.donmai.us/posts/8338488
portsmouth_adventure_(azur_lane),azur_lane,"portsmouth adventure (azur lane), azur lane","1girl, red hair, blue eyes, pointy ears, pirate hat",https://danbooru.donmai.us/posts/8334216
prince_of_wales_(a_knight's_song_a_lady's_night)_(azur_lane),azur_lane,"prince of wales (a knight's song a lady's night) (azur lane), azur lane","1girl, blonde hair, red eyes, dress, skirt, braid, short hair",https://danbooru.donmai.us/posts/6703405
prince_of_wales_(sakura_elegance)_(azur_lane),azur_lane,"prince of wales (sakura elegance) (azur lane), azur lane","1girl, blonde hair, red eyes, black coat, black skirt, collared shirt, long coat, pleated skirt, untucked shirt, short hair",https://danbooru.donmai.us/posts/3364971
prince_of_wales_(the_laureate's_victory_lap)_(azur_lane),azur_lane,"prince of wales (the laureate's victory lap) (azur lane), azur lane","1girl, blonde hair, red eyes, black gloves, white thighhighs, long hair",https://danbooru.donmai.us/posts/3975171
princeton_(azur_lane),azur_lane,"princeton (azur lane), azur lane","1girl, pink hair, pink eyes, rigging, white dress, blue cape, thigh boots, thighhighs under boots, white gloves, thighhighs, long hair",https://danbooru.donmai.us/posts/4161997
princeton_(gift-wrapped_reindeer)_(azur_lane),azur_lane,"princeton (gift-wrapped reindeer) (azur lane), azur lane","1girl, pink hair, pink eyes, horns, layered skirt, thighhighs, very long hair",https://danbooru.donmai.us/posts/5922655
princeton_(lolipop_paradise)_(azur_lane),azur_lane,"princeton (lolipop paradise) (azur lane), azur lane","1girl, pink hair, pink eyes, blue dress, blue shoes, very long hair",https://danbooru.donmai.us/posts/4397837
princeton_(seaside_training)_(azur_lane),azur_lane,"princeton (seaside training) (azur lane), azur lane","1girl, pink hair, pink eyes, black bikini, frilled bikini, swimsuit, very long hair",https://danbooru.donmai.us/posts/4162001
prinz_adalbert_(after-hours_service)_(azur_lane),azur_lane,"prinz adalbert (after-hours service) (azur lane), azur lane","1girl, red hair, white hair, red eyes, maid, maid headdress, dress, black gloves, black shoes, elbow gloves, thighhighs",https://danbooru.donmai.us/posts/6004393
prinz_adalbert_(azur_lane),azur_lane,"prinz adalbert (azur lane), azur lane","1girl, red hair, white hair, red eyes, rigging, black gloves, fingerless gloves, platform shoes, twintails",https://danbooru.donmai.us/posts/5018442
prinz_adalbert_(the_black-and-white_magician)_(azur_lane),azur_lane,"prinz adalbert (the black-and-white magician) (azur lane), azur lane","1girl, grey hair, tail, black leotard, black hat, black shoes, top hat, twintails, long hair",https://danbooru.donmai.us/posts/11634788
prinz_eugen_(azur_lane),azur_lane,"prinz eugen (azur lane), azur lane","1girl, white hair, orange eyes, rigging, black gloves, black thighhighs, high heel boots, long hair",https://danbooru.donmai.us/posts/2893365
prinz_eugen_(between_tipsiness_and_a_wager)_(azur_lane),azur_lane,"prinz eugen (between tipsiness and a wager) (azur lane), azur lane","1girl, red hair, white hair, rabbit ears, tail, black leotard, frilled leotard, animal ear hairband, black bowtie, black hairband, black shoes",https://danbooru.donmai.us/posts/10567950
prinz_eugen_(cordial_cornflower)_(azur_lane),azur_lane,"prinz eugen (cordial cornflower) (azur lane), azur lane","1girl, white hair, brown eyes, rigging, black dress, black gloves, black shoes, very long hair",https://danbooru.donmai.us/posts/3632597
prinz_eugen_(final_lap)_(azur_lane),azur_lane,"prinz eugen (final lap) (azur lane), azur lane","1girl, grey hair, yellow eyes, jacket, skirt, black gloves, high heel boots, thigh boots, thighhighs, twintails, long hair",https://danbooru.donmai.us/posts/4910720
prinz_eugen_(kindred_evening_spirits)_(azur_lane),azur_lane,"prinz eugen (kindred evening spirits) (azur lane), azur lane","1girl, white hair, red eyes, maid headdress, black dress, see-through dress, black gloves, black shoes, elbow gloves, long hair",https://danbooru.donmai.us/posts/5383143
prinz_eugen_(profusion_of_flowers)_(azur_lane),azur_lane,"prinz eugen (profusion of flowers) (azur lane), azur lane","1girl, white hair, orange eyes, rigging, sideless kimono, black choker, black thighhighs, shoes, very long hair",https://danbooru.donmai.us/posts/2967758
prinz_eugen_(symphonic_fate)_(azur_lane),azur_lane,"prinz eugen (symphonic fate) (azur lane), azur lane","1girl, white hair, brown eyes, rigging, wedding dress, white dress, white gloves, white shoes, white thighhighs, very long hair",https://danbooru.donmai.us/posts/3173409
prinz_eugen_(unfading_smile)_(azur_lane),azur_lane,"prinz eugen (unfading smile) (azur lane), azur lane","1girl, white hair, orange eyes, rigging, black bikini, flag print bikini, swimsuit, black choker, long hair",https://danbooru.donmai.us/posts/2895390
prinz_heinrich_(azur_lane),azur_lane,"prinz heinrich (azur lane), azur lane","1girl, red eyes, rigging, black skirt, open jacket, pleated skirt, black boots, black necktie, braid, very long hair",https://danbooru.donmai.us/posts/4290542
prinz_heinrich_(fireworks_and_tapestries)_(azur_lane),azur_lane,"prinz heinrich (fireworks and tapestries) (azur lane), azur lane","1girl, white hair, red eyes, kimono, choker, very long hair",https://danbooru.donmai.us/posts/4290541
prinz_heinrich_(heinrich_on_stage)_(azur_lane),azur_lane,"prinz heinrich (heinrich on stage) (azur lane), azur lane","1girl, long dress, red dress, elbow gloves, red gloves, white shoes, braid, very long hair",https://danbooru.donmai.us/posts/6359654
prinz_heinrich_(rabbit_on_watch)_(azur_lane),azur_lane,"prinz heinrich (rabbit on watch) (azur lane), azur lane","1girl, grey hair, white hair, red eyes, animal ears, casual one-piece swimsuit, highleg one-piece swimsuit, red hat, very long hair",https://danbooru.donmai.us/posts/5920720
prinz_moritz_(azur_lane),azur_lane,"prinz moritz (azur lane), azur lane","1girl, black hair, pink eyes, wings, black dress, black hat, black socks, black thighhighs, elbow gloves, pink gloves, twintails, very long hair",https://danbooru.donmai.us/posts/11415666
prinz_moritz_(the_genie's_game)_(azur_lane),azur_lane,"prinz moritz (the genie's game) (azur lane), azur lane","1girl, black hair, pink eyes, wings",https://danbooru.donmai.us/posts/11415579
prinz_rupprecht_(azur_lane),azur_lane,"prinz rupprecht (azur lane), azur lane","1girl, pink hair, purple eyes, horns, rigging, black dress, black shoes, white thighhighs, long hair",https://danbooru.donmai.us/posts/5507783
prinz_rupprecht_(midnight_pearl)_(azur_lane),azur_lane,"prinz rupprecht (midnight pearl) (azur lane), azur lane","1girl, pink hair, purple eyes, horns, string bikini, white bikini, swimsuit, blue choker, long hair",https://danbooru.donmai.us/posts/8174452
prototype_bulin_mkii_(azur_lane),azur_lane,"prototype bulin mkii (azur lane), azur lane","1girl, blonde hair, mechanical tail, high-low dress, pleated dress, ankle boots, black thighhighs, elbow gloves, fingerless gloves, drill hair, long hair",https://danbooru.donmai.us/posts/2951176
queen_anne's_revenge_(azur_lane),azur_lane,"queen anne's revenge (azur lane), azur lane","1girl, black hair, pink hair, pink eyes, black dress, coat, black boots, black thighhighs, knee boots, pirate hat, very long hair",https://danbooru.donmai.us/posts/10130258
queen_anne's_revenge_(call_of_the_creeping_embrace)_(azur_lane),azur_lane,"queen anne's revenge (call of the creeping embrace) (azur lane), azur lane","1girl, black hair, pink hair, pink eyes, black gloves, black thighhighs, elbow gloves, wet thighhighs, very long hair",https://danbooru.donmai.us/posts/10137218
queen_elizabeth_(azur_lane),azur_lane,"queen elizabeth (azur lane), azur lane","1girl, blonde hair, blue eyes, crown, rigging, grey shirt, white skirt, black choker, black hairband, red shoes, white gloves, long hair",https://danbooru.donmai.us/posts/2887313
queen_elizabeth_(crown_jewel_of_the_royal_navy)_(azur_lane),azur_lane,"queen elizabeth (crown jewel of the royal navy) (azur lane), azur lane","1girl, blonde hair, blue eyes, crown, blue dress, blue shoes, white thighhighs",https://danbooru.donmai.us/posts/4342678
queen_elizabeth_(one_night_of_the_queen)_(azur_lane),azur_lane,"queen elizabeth (one night of the queen) (azur lane), azur lane","1girl, blonde hair, blue eyes, crown, blue dress, frilled dress, black choker, white thighhighs, shoes, very long hair",https://danbooru.donmai.us/posts/4174517
queen_elizabeth_(queen_of_the_campus)_(azur_lane),azur_lane,"queen elizabeth (queen of the campus) (azur lane), azur lane","1girl, blonde hair, blue eyes, school uniform, blue skirt, white shirt, blue hat, brown shoes, socks, long hair",https://danbooru.donmai.us/posts/5737645
queen_elizabeth_(seaside_orders)_(azur_lane),azur_lane,"queen elizabeth (seaside orders) (azur lane), azur lane","1girl, blonde hair, blue eyes, crown, maid headdress, black bikini, frilled bikini, swimsuit, see-through sarong, white sarong, very long hair",https://danbooru.donmai.us/posts/6692467
queen_elizabeth_(the_queen's_ball)_(azur_lane),azur_lane,"queen elizabeth (the queen's ball) (azur lane), azur lane","1girl, blonde hair, blue eyes, crown, white dress, black shoes, lace-trimmed hairband, ribbed pantyhose, white gloves, white pantyhose, very long hair",https://danbooru.donmai.us/posts/3256343
quincy_(azur_lane),azur_lane,"quincy (azur lane), azur lane","1girl, pink hair, brown eyes, rigging, red necktie, white thighhighs, braid, long hair",https://danbooru.donmai.us/posts/3194317
quincy_(extracurricular_tutoring)_(azur_lane),azur_lane,"quincy (extracurricular tutoring) (azur lane), azur lane","1girl, pink hair, yellow eyes, school uniform, frilled skirt, black shoes, white thighhighs, choker, braid",https://danbooru.donmai.us/posts/11887710
quincy_(sizzling_summer_brisk_breeze)_(azur_lane),azur_lane,"quincy (sizzling summer brisk breeze) (azur lane), azur lane","1girl, pink hair, brown eyes, purple bikini, swimsuit, sun hat, long hair",https://danbooru.donmai.us/posts/3194320
radford_(azur_lane),azur_lane,"radford (azur lane), azur lane","1girl, pink hair, blue eyes, rigging, blue skirt, pleated skirt, sailor collar, braid, long hair",https://danbooru.donmai.us/posts/2951445
raffaello_(azur_lane),azur_lane,"raffaello (azur lane), azur lane","1girl, green hair, yellow eyes, halo, rigging, black dress, black leotard, highleg leotard, long dress, robe, open coat, twintails",https://danbooru.donmai.us/posts/8920993
raffaello_(protector_of_love_and_beauty)_(azur_lane),azur_lane,"raffaello (protector of love and beauty) (azur lane), azur lane","1girl, green hair, yellow eyes, horns, braid, very long hair",https://danbooru.donmai.us/posts/8921011
raleigh_(azur_lane),azur_lane,"raleigh (azur lane), azur lane","1girl, brown hair, red eyes, rigging, bike shorts, bike shorts under skirt, black shorts, blue skirt, sleeveless shirt, blue sailor collar, hair bun, short hair",https://danbooru.donmai.us/posts/2960627
ranger_(azur_lane),azur_lane,"ranger (azur lane), azur lane","1girl, pink hair, purple eyes, rigging, pink skirt, pleated skirt, white shirt, black hairband, black thighhighs, brown choker, long hair",https://danbooru.donmai.us/posts/2930382
ranger_(retrofit)_(azur_lane),azur_lane,"ranger (retrofit) (azur lane), azur lane","1girl, pink hair, white hair, blue eyes, rigging, tight pants, white shirt, jacket, hat, long hair",https://danbooru.donmai.us/posts/2930385
regensburg_(azur_lane),azur_lane,"regensburg (azur lane), azur lane","1girl, aqua hair, yellow eyes, horns, mechanical tail, shoulder armor, thigh boots, twintails, long hair",https://danbooru.donmai.us/posts/6341938
regensburg_(dark_dragon_brilliant_beach)_(azur_lane),azur_lane,"regensburg (dark dragon brilliant beach) (azur lane), azur lane","1girl, aqua hair, yellow eyes, dragon tail, horns, black slingshot swimsuit, twintails",https://danbooru.donmai.us/posts/6338847
regensburg_(the_dark_dragon's_dungeon)_(azur_lane),azur_lane,"regensburg (the dark dragon's dungeon) (azur lane), azur lane","1girl, blue hair, yellow eyes, horns, pointy ears, black bodysuit, black leotard, eyepatch bikini, highleg leotard, red bikini, swimsuit, twintails",https://danbooru.donmai.us/posts/8619878
reno_(azur_lane),azur_lane,"reno (azur lane), azur lane","1girl, blue skirt, sleeveless shirt, black hairband, metal gloves, red necktie",https://danbooru.donmai.us/posts/3846905
reno_(biggest_little_cheerleader)_(azur_lane),azur_lane,"reno (biggest little cheerleader) (azur lane), azur lane","1girl, grey hair, blue eyes, purple eyes, skirt, black hairband, white boots, short hair",https://danbooru.donmai.us/posts/3837390
reno_(spring's_inspiration)_(azur_lane),azur_lane,"reno (spring's inspiration) (azur lane), azur lane","1girl, purple eyes, long dress, white dress, black shoes, white hat, short hair",https://danbooru.donmai.us/posts/5089014
reno_(summer_spin-off)_(azur_lane),azur_lane,"reno (summer spin-off) (azur lane), azur lane","1girl, purple hair, purple eyes, purple bikini, swimsuit, black choker, sun hat, ponytail, long hair",https://danbooru.donmai.us/posts/4106109
renown_(azur_lane),azur_lane,"renown (azur lane), azur lane","1girl, blonde hair, blue eyes, rigging, blue skirt, white shirt, black hairband, blue capelet, grey shoes, white gloves, braid, long hair",https://danbooru.donmai.us/posts/2966576
renown_(graceful_royal_pride)_(azur_lane),azur_lane,"renown (graceful royal pride) (azur lane), azur lane","1girl, blonde hair, blue eyes, dress, gloves, hair bun, long hair",https://danbooru.donmai.us/posts/7186889
repulse_(azur_lane),azur_lane,"repulse (azur lane), azur lane","1girl, brown hair, blue eyes, rigging, blue skirt, pleated skirt, white shirt, black choker, grey hairband, grey shoes, braid, ponytail",https://danbooru.donmai.us/posts/2966580
repulse_(dance_of_spring_blooms)_(azur_lane),azur_lane,"repulse (dance of spring blooms) (azur lane), azur lane","1girl, brown hair, blue eyes, black jacket, black shorts, micro shorts, open jacket, ankle boots, black choker, ponytail, side ponytail",https://danbooru.donmai.us/posts/8753510
revenge_(azur_lane),azur_lane,"revenge (azur lane), azur lane","1girl, green hair, yellow eyes, rigging, armor, pleated skirt, fingerless gloves, high heel boots, thigh boots, white thighhighs, long hair",https://danbooru.donmai.us/posts/5382936
richelieu_(azur_lane),azur_lane,"richelieu (azur lane), azur lane","1girl, orange hair, purple eyes, crown, rigging, off-shoulder dress, white dress, black gloves, red thighhighs, long hair",https://danbooru.donmai.us/posts/3914101
richelieu_(evergreen_prophecy)_(azur_lane),azur_lane,"richelieu (evergreen prophecy) (azur lane), azur lane","1girl, orange hair, pink eyes, frilled kimono, kimono dress, white kimono, mini hat, red shoes, drill hair, long hair",https://danbooru.donmai.us/posts/4444952
richelieu_(fleuron_of_the_waves)_(azur_lane),azur_lane,"richelieu (fleuron of the waves) (azur lane), azur lane","1girl, orange hair, red eyes, cross-laced one-piece swimsuit, frilled one-piece swimsuit, sun hat, white hat, very long hair",https://danbooru.donmai.us/posts/3917356
richmond_(azur_lane),azur_lane,"richmond (azur lane), azur lane","1girl, blonde hair, pink hair, cat ears, rigging, black jacket, blue skirt, open jacket, pleated skirt, white shirt, ankle boots, braid",https://danbooru.donmai.us/posts/2960668
rodney_(azur_lane),azur_lane,"rodney (azur lane), azur lane","1girl, purple hair, purple eyes, rigging, pleated skirt, white skirt, white thighhighs, braid, long hair",https://danbooru.donmai.us/posts/2951151
rodney_(future_seaside_admiral)_(azur_lane),azur_lane,"rodney (future seaside admiral) (azur lane), azur lane","1girl, purple hair, purple eyes, white bikini, swimsuit, sun hat, braid, long hair",https://danbooru.donmai.us/posts/2951156
rodney_(immaculate_beauty)_(azur_lane),azur_lane,"rodney (immaculate beauty) (azur lane), azur lane","1girl, purple hair, purple eyes, sleeveless dress, black shoes, white thighhighs, very long hair",https://danbooru.donmai.us/posts/5089010
rodney_(palace_of_blessings)_(azur_lane),azur_lane,"rodney (palace of blessings) (azur lane), azur lane","1girl, purple hair, purple eyes, tiara, lace-trimmed dress, layered dress, white gloves",https://danbooru.donmai.us/posts/4574870
roma_(azur_lane),azur_lane,"roma (azur lane), azur lane","1girl, blue hair, blue eyes, yellow eyes, rigging, white dress, red shoes, long hair",https://danbooru.donmai.us/posts/5543778
roma_(vacation_upon_the_tiber)_(azur_lane),azur_lane,"roma (vacation upon the tiber) (azur lane), azur lane","1girl, black hair, grey eyes, yellow eyes, string bikini, white bikini, swimsuit, choker, hat, ponytail, very long hair",https://danbooru.donmai.us/posts/7908742
roma_(white_heron_of_darkest_night)_(azur_lane),azur_lane,"roma (white heron of darkest night) (azur lane), azur lane","1girl, blue eyes, grey eyes, crown, dress",https://danbooru.donmai.us/posts/5674564
roon_(azur_lane),azur_lane,"roon (azur lane), azur lane","1girl, blonde hair, brown eyes, horns, rigging, black jacket, black skirt, collared shirt, cropped jacket, dress shirt, pleated skirt, short hair",https://danbooru.donmai.us/posts/3147115
roon_(dark_red_grin)_(azur_lane),azur_lane,"roon (dark red grin) (azur lane), azur lane","1girl, red hair, brown eyes, rigging, black dress, halter dress, black shoes",https://danbooru.donmai.us/posts/3632605
roon_(enticement_in_the_indigo_darkness)_(azur_lane),azur_lane,"roon (enticement in the indigo darkness) (azur lane), azur lane","1girl, blonde hair, grey eyes, black bikini, swimsuit, black gloves, half gloves, thighhighs, short hair",https://danbooru.donmai.us/posts/11409830
roon_(the_abyssal_embrace)_(azur_lane),azur_lane,"roon (the abyssal embrace) (azur lane), azur lane","1girl, blonde hair, red hair, black dress, short dress, black gloves, short hair",https://danbooru.donmai.us/posts/9771587
roon_(viridescent_lullaby)_(azur_lane),azur_lane,"roon (viridescent lullaby) (azur lane), azur lane","1girl, blonde hair, red hair, brown eyes, halter dress, short dress, black shoes, thighhighs, medium hair",https://danbooru.donmai.us/posts/5401616
royal_fortune_(azur_lane),azur_lane,"royal fortune (azur lane), azur lane","1girl, brown hair, red eyes, torn skirt, jacket, ankle boots, black pantyhose, high heel boots, pirate hat, long hair",https://danbooru.donmai.us/posts/5804046
royal_fortune_(eyes_on_the_prize)_(azur_lane),azur_lane,"royal fortune (eyes on the prize) (azur lane), azur lane","1girl, black hair, red eyes, red bikini, swimsuit",https://danbooru.donmai.us/posts/6338838
royal_fortune_(treats_from_the_deep)_(azur_lane),azur_lane,"royal fortune (treats from the deep) (azur lane), azur lane","1girl, black hair, red eyes, horns, tail, skirt, medium hair",https://danbooru.donmai.us/posts/5921165
royal_james_(azur_lane),azur_lane,"royal james (azur lane), azur lane","1girl, grey hair, green eyes, yellow eyes, rigging, black coat, black hat, pirate hat, white thighhighs",https://danbooru.donmai.us/posts/10143326
royal_james_(the_forbidden_slurp)_(azur_lane),azur_lane,"royal james (the forbidden slurp) (azur lane), azur lane","1girl, grey hair, green eyes, black bikini, highleg bikini, swimsuit, long hair",https://danbooru.donmai.us/posts/10146015
royal_oak_(azur_lane),azur_lane,"royal oak (azur lane), azur lane","1girl, blonde hair, purple eyes, rigging, white dress, elbow gloves, red necktie, thigh boots, white boots, white gloves, hair bun, very long hair",https://danbooru.donmai.us/posts/6090545
royal_oak_(bashful_oak)_(azur_lane),azur_lane,"royal oak (bashful oak) (azur lane), azur lane","1girl, blonde hair, purple eyes, black pantyhose, thighband pantyhose, hair bun, very long hair",https://danbooru.donmai.us/posts/6090566
ryuuhou_(azur_lane),azur_lane,"ryuuhou (azur lane), azur lane","1girl, black hair, purple eyes, horns, military uniform, black coat, black boots, black gloves, fingerless gloves, knee boots, ponytail, very long hair",https://danbooru.donmai.us/posts/3729037
ryuuhou_(firebird's_new_year_dance)_(azur_lane),azur_lane,"ryuuhou (firebird's new year dance) (azur lane), azur lane","1girl, black hair, horns, yellow kimono, ponytail, very long hair",https://danbooru.donmai.us/posts/3729038
ryuujou_(azur_lane),azur_lane,"ryuujou (azur lane), azur lane","1girl, pink hair, green eyes, dragon tail, horns, hakama short skirt, hakama skirt, white gloves, short hair",https://danbooru.donmai.us/posts/3340752
sakawa_(azur_lane),azur_lane,"sakawa (azur lane), azur lane","1girl, black hair, red eyes, horns, black shirt, white sailor collar",https://danbooru.donmai.us/posts/8452889
sakawa_(icy_indulgence)_(azur_lane),azur_lane,"sakawa (icy indulgence) (azur lane), azur lane","1girl, black hair, red eyes, frilled bikini, pink bikini, swimsuit, bikini skirt, straw hat, sun hat, twintails, long hair",https://danbooru.donmai.us/posts/6331311
sakawa_(the_colors_of_love)_(azur_lane),azur_lane,"sakawa (the colors of love) (azur lane), azur lane","1girl, brown hair, red eyes, horns, maid, red dress, frilled apron, maid apron, maid headdress, long hair",https://danbooru.donmai.us/posts/5674664
sakawa_(the_keys_of_love)_(azur_lane),azur_lane,"sakawa (the keys of love) (azur lane), azur lane","1girl, black dress, jacket, bowtie, gloves, long hair",https://danbooru.donmai.us/posts/6692421
salt_lake_city_(azur_lane),azur_lane,"salt lake city (azur lane), azur lane","1girl, green hair, aqua eyes, rigging, cropped jacket, pleated skirt, red skirt, black gloves, half gloves, purple socks, side ponytail, long hair",https://danbooru.donmai.us/posts/2951224
san_diego_(azur_lane),azur_lane,"san diego (azur lane), azur lane","1girl, red hair, blue eyes, blue skirt, off-shoulder shirt, pleated skirt, white shirt, red necktie, twintails, long hair",https://danbooru.donmai.us/posts/3925562
san_diego_(retrofit)_(azur_lane),azur_lane,"san diego (retrofit) (azur lane), azur lane","1girl, red hair, blue eyes, rigging, necktie, shoes, twintails",https://danbooru.donmai.us/posts/3269639
san_diego_(sandy_claus)_(azur_lane),azur_lane,"san diego (sandy claus) (azur lane), azur lane","1girl, red hair, blue eyes, horns, red skirt, black thighhighs, red boots, choker, twintails, long hair",https://danbooru.donmai.us/posts/2957595
san_francisco_(azur_lane),azur_lane,"san francisco (azur lane), azur lane","1girl, grey hair, pink eyes, rigging, sleeveless dress, white dress, blue jacket, open jacket, black thighhighs, single leg pantyhose, twintails, very long hair",https://danbooru.donmai.us/posts/4547013
san_jacinto_(azur_lane),azur_lane,"san jacinto (azur lane), azur lane","1girl, grey hair, purple eyes, rigging, highleg leotard, two-tone leotard, blue jacket, open coat, open jacket, purple coat, medium hair",https://danbooru.donmai.us/posts/7011384
san_jacinto_(flavor_of_the_day)_(azur_lane),azur_lane,"san jacinto (flavor of the day) (azur lane), azur lane","1girl, white hair, purple eyes, rabbit ears, tail, backless leotard, black leotard, black shoes, brown pantyhose, hairband, medium hair",https://danbooru.donmai.us/posts/7005185
san_juan_(azur_lane),azur_lane,"san juan (azur lane), azur lane","1girl, blonde hair, pleated skirt, shirt, gloves, necktie, thighhighs, side ponytail, long hair",https://danbooru.donmai.us/posts/3582918
san_juan_(the_longing_princess)_(azur_lane),azur_lane,"san juan (the longing princess) (azur lane), azur lane","1girl, blonde hair, yellow eyes, black dress, see-through dress, black gloves, black shoes, black thighhighs, elbow gloves, hair bun, very long hair",https://danbooru.donmai.us/posts/4798925
santa_fe_(azur_lane),azur_lane,"santa fe (azur lane), azur lane","1girl, purple hair, blue eyes, rigging, blue dress, short dress, open coat, white coat, red boots, red thighhighs, twintails, very long hair",https://danbooru.donmai.us/posts/9059610
santa_fe_(the_rumor_mill_never_sleeps)_(azur_lane),azur_lane,"santa fe (the rumor mill never sleeps) (azur lane), azur lane","1girl, purple hair, purple eyes, blue shirt, collared shirt, white choker, twintails, very long hair",https://danbooru.donmai.us/posts/9059645
sao_martinho_(azur_lane),azur_lane,"sao martinho (azur lane), azur lane","1girl, white hair, red eyes, wings, long dress, sleeveless dress, very long hair",https://danbooru.donmai.us/posts/6814070
sao_martinho_(the_golden_shadow)_(azur_lane),azur_lane,"sao martinho (the golden shadow) (azur lane), azur lane","1girl, white hair, red eyes, wings, latex dress, short dress, black boots, black gloves, elbow gloves, latex boots, very long hair",https://danbooru.donmai.us/posts/6814084
saratoga_(azur_lane),azur_lane,"saratoga (azur lane), azur lane","1girl, pink hair, purple eyes, rigging, military uniform, naval uniform, dress, open jacket, white jacket, black hairband, twintails, long hair",https://danbooru.donmai.us/posts/2895385
saratoga_(hibiscus-scented_idol)_(azur_lane),azur_lane,"saratoga (hibiscus-scented idol) (azur lane), azur lane","1girl, pink hair, purple eyes, two-sided skirt, white shoes, twintails, long hair",https://danbooru.donmai.us/posts/3460009
saratoga_(retrofit)_(azur_lane),azur_lane,"saratoga (retrofit) (azur lane), azur lane","1girl, pink hair, military jacket, black pantyhose, twintails",https://danbooru.donmai.us/posts/3135213
saratoga_(ring_the_bell_of_joy)_(azur_lane),azur_lane,"saratoga (ring the bell of joy) (azur lane), azur lane","1girl, pink hair, pink eyes, wings, wedding dress, white gloves, white thighhighs, hairband",https://danbooru.donmai.us/posts/5428571
saratoga_(seven_seas_of_rest)_(azur_lane),azur_lane,"saratoga (seven seas of rest) (azur lane), azur lane","1girl, pink hair, purple eyes, pink bikini, swimsuit, black hairband, hair bun, short hair",https://danbooru.donmai.us/posts/2931561
saratoga_(silent_night_songstress)_(azur_lane),azur_lane,"saratoga (silent night songstress) (azur lane), azur lane","1girl, pink hair, purple eyes, fur-trimmed shirt, pleated skirt, red shirt, white skirt, black hairband, red boots, twintails, long hair",https://danbooru.donmai.us/posts/6086647
saratoga_(superstar_of_the_blue_seas)_(azur_lane),azur_lane,"saratoga (superstar of the blue seas) (azur lane), azur lane","1girl, pink hair, purple eyes, school uniform, blue skirt, open jacket, sleeveless shirt, white jacket, white shirt, twintails, long hair",https://danbooru.donmai.us/posts/3589666
saratoga_(virtual_idol)_(azur_lane),azur_lane,"saratoga (virtual idol) (azur lane), azur lane","1girl, pink hair, purple eyes, open dress, white shorts, black boots, black necktie, pink hairband, thigh boots, twintails, long hair",https://danbooru.donmai.us/posts/3488801
scharnhorst_(azur_lane),azur_lane,"scharnhorst (azur lane), azur lane","1girl, purple hair, blue eyes, rigging, black dress, military uniform, short dress, black hat, black thighhighs, very long hair",https://danbooru.donmai.us/posts/2929408
scharnhorst_(panther_und_pflaume)_(azur_lane),azur_lane,"scharnhorst (panther und pflaume) (azur lane), azur lane","1girl, pink hair, blue eyes, black dress, black gloves, black thighhighs, elbow gloves, shoes, very long hair",https://danbooru.donmai.us/posts/3764432
scylla_(a_maid's_judgment)_(azur_lane),azur_lane,"scylla (a maid's judgment) (azur lane), azur lane","1girl, white hair, purple eyes, very long hair",https://danbooru.donmai.us/posts/8929092
scylla_(azur_lane),azur_lane,"scylla (azur lane), azur lane","1girl, white hair, red eyes, maid, rigging, frilled dress, white dress, black skirt, frilled skirt, black shoes, elbow gloves, braid",https://danbooru.donmai.us/posts/6090548
scylla_(bathed_in_the_limelight)_(azur_lane),azur_lane,"scylla (bathed in the limelight) (azur lane), azur lane","1girl, grey hair, red eyes, black dress, long dress, black choker, black gloves, black hat, black shoes, very long hair",https://danbooru.donmai.us/posts/7772991
scylla_(femme_fatale_fresher)_(azur_lane),azur_lane,"scylla (femme fatale fresher) (azur lane), azur lane","1girl, white hair, red eyes, black skirt, open jacket, white shirt, black hat, black shoes, black thighhighs, side ponytail, long hair",https://danbooru.donmai.us/posts/6090552
scylla_(pure_promise_amidst_a_sea_of_flowers)_(azur_lane),azur_lane,"scylla (pure promise amidst a sea of flowers) (azur lane), azur lane","1girl, grey hair, red eyes, wedding dress, white dress, elbow gloves, white gloves, white shoes, white thighhighs, twintails, very long hair",https://danbooru.donmai.us/posts/12243610
seattle_(azur_lane),azur_lane,"seattle (azur lane), azur lane","1girl, grey hair, grey eyes, rigging, grey dress, armor, blue jacket, black gloves, grey boots, grey thighhighs, long hair",https://danbooru.donmai.us/posts/3480680
seattle_(gorgeous_party)_(azur_lane),azur_lane,"seattle (gorgeous party) (azur lane), azur lane","1girl, grey hair, rigging, purple dress, black gloves, purple shoes, pantyhose, long hair",https://danbooru.donmai.us/posts/3632612
sendai_(azur_lane),azur_lane,"sendai (azur lane), azur lane","1girl, blonde hair, yellow eyes, fox ears, fox tail, pleated skirt, white skirt, shirt, black gloves, black shoes, black thighhighs, long hair",https://danbooru.donmai.us/posts/3060312
sendai_(retrofit)_(azur_lane),azur_lane,"sendai (retrofit) (azur lane), azur lane","1girl, blonde hair, yellow eyes, fox ears, fox tail, pleated dress, short dress, black thighhighs, grey shoes, long hair",https://danbooru.donmai.us/posts/3094149
sevastopol_(azur_lane),azur_lane,"sevastopol (azur lane), azur lane","1girl, black hair, white hair, red eyes, pointy ears, rigging, black dress, layered dress, black gloves, black thighhighs, elbow gloves, very long hair",https://danbooru.donmai.us/posts/6164214
sevastopol_(more_than_a_little_drunk)_(azur_lane),azur_lane,"sevastopol (more than a little drunk) (azur lane), azur lane","1girl, white hair, red eyes, pointy ears, white kimono, very long hair",https://danbooru.donmai.us/posts/6164240
seydlitz_(an_officer's_streetwear)_(azur_lane),azur_lane,"seydlitz (an officer's streetwear) (azur lane), azur lane","1girl, pink hair, blue eyes, black hoodie, black choker, black hat, black thighhighs, short hair",https://danbooru.donmai.us/posts/7499709
seydlitz_(azur_lane),azur_lane,"seydlitz (azur lane), azur lane","1girl, pink hair, blue eyes, rigging, military uniform, black hat, black thighhighs, white gloves",https://danbooru.donmai.us/posts/5384204
seydlitz_(double_the_danger)_(azur_lane),azur_lane,"seydlitz (double the danger) (azur lane), azur lane","1girl, pink hair, purple eyes, torn thighhighs, long hair",https://danbooru.donmai.us/posts/11007339
seydlitz_(floral_liberation)_(azur_lane),azur_lane,"seydlitz (floral liberation) (azur lane), azur lane","1girl, pink hair, blue eyes, black dress, shoes, short hair",https://danbooru.donmai.us/posts/5698465
seydlitz_(heir_of_the_vampire_killer)_(azur_lane),azur_lane,"seydlitz (heir of the vampire killer) (azur lane), azur lane","1girl, pink hair, blue eyes, black gloves, black hat, high heel boots, torn cape",https://danbooru.donmai.us/posts/5384208
shangri-la_(azur_lane),azur_lane,"shangri-la (azur lane), azur lane","1girl, grey hair, grey eyes, rigging, collared dress, short dress, black boots, grey socks, lace-up boots, red necktie, braid, long hair",https://danbooru.donmai.us/posts/3456116
shangri-la_(explorer_of_the_lost_world)_(azur_lane),azur_lane,"shangri-la (explorer of the lost world) (azur lane), azur lane","1girl, grey hair, long skirt, white shirt, black thighhighs, brown boots, brown hat, white gloves, long hair",https://danbooru.donmai.us/posts/3973199
shangri-la_(utopia's_collector)_(azur_lane),azur_lane,"shangri-la (utopia's collector) (azur lane), azur lane","1girl, grey hair, blue sweater, brown skirt, high-waist skirt, turtleneck sweater, belt boots, black boots, braid, very long hair",https://danbooru.donmai.us/posts/3456114
sheffield_(a_moment's_respite)_(azur_lane),azur_lane,"sheffield (a moment's respite) (azur lane), azur lane","1girl, blonde hair, yellow eyes, maid headdress, blue kimono, cross choker, braid, short hair",https://danbooru.donmai.us/posts/3891320
sheffield_(azur_lane),azur_lane,"sheffield (azur lane), azur lane","1girl, blonde hair, orange eyes, black dress, frilled dress, black boots, black hat, black thighhighs, fingerless gloves, braid, hair bun",https://danbooru.donmai.us/posts/6831945
sheffield_(black_crow's_finery)_(azur_lane),azur_lane,"sheffield (black crow's finery) (azur lane), azur lane","1girl, blonde hair, brown eyes, black dress, black pantyhose, black shoes, hair bun, short hair",https://danbooru.donmai.us/posts/4112979
sheffield_(bulletborne)_(azur_lane),azur_lane,"sheffield (bulletborne) (azur lane), azur lane","1girl, grey hair, yellow eyes, black dress, black boots, brown thighhighs, knee boots, hat, braid, short hair",https://danbooru.donmai.us/posts/5317680
sheffield_(cloak_and_dagger)_(azur_lane),azur_lane,"sheffield (cloak and dagger) (azur lane), azur lane","1girl, yellow eyes, maid, maid headdress, dress, coat, brown boots, knee boots, white apron, braid, short hair",https://danbooru.donmai.us/posts/3392134
sheffield_(occult_clash)_(azur_lane),azur_lane,"sheffield (occult clash) (azur lane), azur lane","1girl, blonde hair, yellow eyes, short shorts",https://danbooru.donmai.us/posts/8156823
shigure_(azur_lane),azur_lane,"shigure (azur lane), azur lane","1girl, black hair, red eyes, rigging, animal ears, school uniform, pleated skirt, long hair",https://danbooru.donmai.us/posts/2895348
shigure_(lucky_chocolate)_(azur_lane),azur_lane,"shigure (lucky chocolate) (azur lane), azur lane","1girl, black hair, red eyes, animal ears, white dress, black shoes, brown thighhighs, lace-trimmed thighhighs, long hair",https://danbooru.donmai.us/posts/5165190
shigure_(retrofit)_(azur_lane),azur_lane,"shigure (retrofit) (azur lane), azur lane","1girl, black hair, red eyes, rigging, wolf ears, pleated skirt, white skirt, fingerless gloves, grey thighhighs, shoes, ponytail, very long hair",https://danbooru.donmai.us/posts/3639445
shigure_(the_ballroom's_lucky_star)_(azur_lane),azur_lane,"shigure (the ballroom's lucky star) (azur lane), azur lane","1girl, black hair, red eyes, wolf ears, tail, black dress, ankle boots, high heel boots, white thighhighs, ponytail, long hair",https://danbooru.donmai.us/posts/3522868
shimakaze_(azur_lane),azur_lane,"shimakaze (azur lane), azur lane","1girl, white hair, brown eyes, rabbit ears, rigging, swimsuit, open jacket, hairband, very long hair",https://danbooru.donmai.us/posts/4782469
shimakaze_(clumsy_moon_rabbit)_(azur_lane),azur_lane,"shimakaze (clumsy moon rabbit) (azur lane), azur lane","1girl, white hair, brown eyes, rabbit ears, tail, white dress, white shoes, braid, very long hair",https://danbooru.donmai.us/posts/6724701
shimakaze_(the_island_wind_rests)_(azur_lane),azur_lane,"shimakaze (the island wind rests) (azur lane), azur lane","1girl, white hair, yellow eyes, rabbit ears, bikini, swimsuit, bikini skirt, hairband, long hair",https://danbooru.donmai.us/posts/5922596
shimakaze_(the_unmoving_rabbit)_(azur_lane),azur_lane,"shimakaze (the unmoving rabbit) (azur lane), azur lane","1girl, white hair, brown eyes, rabbit ears, white shirt, lace-trimmed thighhighs, white thighhighs, very long hair",https://danbooru.donmai.us/posts/10654861
shimakaze_(the_white_rabbit_of_wonderland)_(azur_lane),azur_lane,"shimakaze (the white rabbit of wonderland) (azur lane), azur lane","1girl, grey hair, brown eyes, rabbit ears, black dress, short dress, black gloves, black shoes, black thighhighs, frilled hairband, very long hair",https://danbooru.donmai.us/posts/5475372
shimakaze_(world's_speediest_bunny_waitress)_(azur_lane),azur_lane,"shimakaze (world's speediest bunny waitress) (azur lane), azur lane","1girl, purple hair, yellow eyes, rabbit ears, skirt, black shoes, fishnet thighhighs, very long hair",https://danbooru.donmai.us/posts/4783509
shimanto_(azur_lane),azur_lane,"shimanto (azur lane), azur lane","1girl, white hair, red eyes, dragon tail, horns, white dress, kimono, white thighhighs, very long hair",https://danbooru.donmai.us/posts/6489503
shimanto_(the_comfy_dragon_god)_(azur_lane),azur_lane,"shimanto (the comfy dragon god) (azur lane), azur lane","1girl, white hair, red eyes, horns, maid, maid headdress, waist apron, gloves, thighhighs, long hair",https://danbooru.donmai.us/posts/7008023
shimanto_(the_relaxing_dragon_god)_(azur_lane),azur_lane,"shimanto (the relaxing dragon god) (azur lane), azur lane","1girl, white hair, red eyes, dragon tail, horns, bikini, swimsuit, red skirt, long hair",https://danbooru.donmai.us/posts/9325099
shinano-chan_(azur_lane),azur_lane,"shinano-chan (azur lane), azur lane","1girl, grey hair, purple eyes, fox ears, kimono, pleated skirt, white skirt, loose socks, white socks, twintails",https://danbooru.donmai.us/posts/7499702
shinano_(azur_lane),azur_lane,"shinano (azur lane), azur lane","1girl, grey hair, purple eyes, fox ears, fox tail, black kimono, japanese armor, shoulder armor, skirt under kimono, pleated skirt, white skirt, very long hair",https://danbooru.donmai.us/posts/8624071
shinano_(dreams_of_the_hazy_moon)_(azur_lane),azur_lane,"shinano (dreams of the hazy moon) (azur lane), azur lane","1girl, grey hair, blue eyes, fox ears, fox tail, blue dress, long dress, white shoes, choker, very long hair",https://danbooru.donmai.us/posts/4128666
shinano_(dreamy_white_sands)_(azur_lane),azur_lane,"shinano (dreamy white sands) (azur lane), azur lane","1girl, white hair, purple eyes, fox ears, fox tail, white bikini, swimsuit, long hair",https://danbooru.donmai.us/posts/6703531
shinano_(embrace_upon_a_melted_dream)_(azur_lane),azur_lane,"shinano (embrace upon a melted dream) (azur lane), azur lane","1girl, grey hair, fox ears, fox tail, elbow gloves, white gloves, white thighhighs, long hair",https://danbooru.donmai.us/posts/10738073
shinano_(moonlit_chrome)_(azur_lane),azur_lane,"shinano (moonlit chrome) (azur lane), azur lane","1girl, white hair, blue eyes, fox ears, tail, backless leotard, thong leotard, pleated skirt, thigh boots, white boots, thighhighs, long hair",https://danbooru.donmai.us/posts/5710256
shinano_(visions_of_fantasy)_(azur_lane),azur_lane,"shinano (visions of fantasy) (azur lane), azur lane","1girl, white hair, blue eyes, fox ears, fox tail, blue leotard, black hat, blue necktie, top hat, white thighhighs",https://danbooru.donmai.us/posts/8619833
shinano_(vow_of_blossoms_and_dreams)_(azur_lane),azur_lane,"shinano (vow of blossoms and dreams) (azur lane), azur lane","1girl, grey hair, blue eyes, fox ears, fox tail, white shoes, white thighhighs, very long hair",https://danbooru.donmai.us/posts/12240492
shiranui_(azur_lane),azur_lane,"shiranui (azur lane), azur lane","1girl, black hair, red eyes, rabbit ears, rigging, black kimono, right-over-left kimono, red choker, white socks, short hair",https://danbooru.donmai.us/posts/2895408
shiranui_(mooncake_merchant)_(azur_lane),azur_lane,"shiranui (mooncake merchant) (azur lane), azur lane","1girl, black hair, red eyes, rabbit ears, right-over-left kimono, dress, brown thighhighs",https://danbooru.donmai.us/posts/3655039
shiranui_(retrofit)_(azur_lane),azur_lane,"shiranui (retrofit) (azur lane), azur lane","1girl, black hair, red eyes, rigging, animal ears, black kimono, right-over-left kimono, frilled apron, red apron, red choker, red hairband, long hair",https://danbooru.donmai.us/posts/3147263
shiratsuyu_(azur_lane),azur_lane,"shiratsuyu (azur lane), azur lane","1girl, blue hair, brown hair, green eyes, cat ears, cat tail, school uniform, black skirt, pleated skirt, white shirt, black shoes, white socks",https://danbooru.donmai.us/posts/2948853
shiratsuyu_(retrofit)_(azur_lane),azur_lane,"shiratsuyu (retrofit) (azur lane), azur lane","1girl, brown hair, green eyes, cat ears, school uniform, brown skirt, pleated skirt, black shoes, brown sailor collar, white socks, medium hair",https://danbooru.donmai.us/posts/10021649
shiratsuyu_(thawing_snow_fireworks_alight)_(azur_lane),azur_lane,"shiratsuyu (thawing snow fireworks alight) (azur lane), azur lane","1girl, brown hair, green eyes, animal ears, tail, frilled kimono, pink dress, black boots, high heel boots, socks, hair bun, medium hair",https://danbooru.donmai.us/posts/8753561
shirayuki_(azur_lane),azur_lane,"shirayuki (azur lane), azur lane","1girl, white hair, red eyes, rabbit ears, rigging, white socks, white thighhighs, braid, long hair",https://danbooru.donmai.us/posts/4601474
shirayuki_(bunny_breeder)_(azur_lane),azur_lane,"shirayuki (bunny breeder) (azur lane), azur lane","1girl, grey hair, red eyes, rabbit ears, school uniform, black skirt, pleated skirt, white shirt, white socks, white thighhighs, very long hair",https://danbooru.donmai.us/posts/4601477
shouhou_(azur_lane),azur_lane,"shouhou (azur lane), azur lane","1girl, white hair, black eyes, brown eyes, rigging, animal ears, kimono, ponytail, short hair",https://danbooru.donmai.us/posts/3181910
shouhou_(patrolling_witch)_(azur_lane),azur_lane,"shouhou (patrolling witch) (azur lane), azur lane","1girl, white hair, black eyes, cat ears, rigging, orange dress, short dress, black cape, black choker, black shoes, black thighhighs, short hair",https://danbooru.donmai.us/posts/3147174
shouhou_(retrofit)_(azur_lane),azur_lane,"shouhou (retrofit) (azur lane), azur lane","1girl, white hair, black eyes, rigging, animal ears, kimono, pleated skirt, red skirt, white thighhighs, short hair",https://danbooru.donmai.us/posts/3181912
shoukaku_(azur_lane),azur_lane,"shoukaku (azur lane), azur lane","1girl, grey hair, blue eyes, rigging, fingerless gloves, white thighhighs, long hair",https://danbooru.donmai.us/posts/2880054
shoukaku_(sororal_wings)_(azur_lane),azur_lane,"shoukaku (sororal wings) (azur lane), azur lane","1girl, white hair, blue eyes, black dress, halter dress, black gloves, black shoes, white thighhighs, very long hair",https://danbooru.donmai.us/posts/3975188
shoukaku_(the_crane's_gratitude)_(azur_lane),azur_lane,"shoukaku (the crane's gratitude) (azur lane), azur lane","1girl, white hair, blue eyes, crane print kimono, white kimono, long hair",https://danbooru.donmai.us/posts/12179180
shoukaku_(the_crane_that_dances_with_the_wind)_(azur_lane),azur_lane,"shoukaku (the crane that dances with the wind) (azur lane), azur lane","1girl, white hair, blue eyes, backless dress, white dress, gold shoes, long hair",https://danbooru.donmai.us/posts/3632615
shoukaku_(white_crane_of_domestic_bliss)_(azur_lane),azur_lane,"shoukaku (white crane of domestic bliss) (azur lane), azur lane","1girl, grey hair, blue eyes, floral print kimono, white kimono",https://danbooru.donmai.us/posts/8177350
shropshire_(azur_lane),azur_lane,"shropshire (azur lane), azur lane","1girl, green hair, orange eyes, rigging, black jacket, collared shirt, dress shirt, open jacket, pleated skirt, white skirt, ponytail, very long hair",https://danbooru.donmai.us/posts/2967408
shropshire_(retrofit)_(azur_lane),azur_lane,"shropshire (retrofit) (azur lane), azur lane","1girl, green hair, yellow eyes, rigging, white gloves, white pantyhose, ponytail, long hair",https://danbooru.donmai.us/posts/5674694
sims_(azur_lane),azur_lane,"sims (azur lane), azur lane","1girl, white hair, green eyes, cat ears, rigging, short dress, sleeveless dress, black jacket, sleeveless jacket, black gloves, black thighhighs, long hair",https://danbooru.donmai.us/posts/2944081
sims_(retrofit)_(azur_lane),azur_lane,"sims (retrofit) (azur lane), azur lane","1girl, white hair, green eyes, cat ears, black shirt, blue jacket, cropped jacket, sleeveless shirt, white skirt, black gloves, long hair",https://danbooru.donmai.us/posts/3423924
sirius_(alba_sirius)_(azur_lane),azur_lane,"sirius (alba sirius) (azur lane), azur lane","1girl, grey hair, highleg leotard, strapless leotard, medium hair",https://danbooru.donmai.us/posts/11522312
sirius_(azur_lane),azur_lane,"sirius (azur lane), azur lane","1girl, white hair, red eyes, rigging, dress, black shoes, lace-trimmed hairband, white thighhighs, choker, short hair",https://danbooru.donmai.us/posts/3400877
sirius_(azure_horizons)_(azur_lane),azur_lane,"sirius (azure horizons) (azur lane), azur lane","1girl, red eyes, blue dress, floral print dress, half gloves, see-through cape, white cape, white gloves, braid, short hair",https://danbooru.donmai.us/posts/3764448
sirius_(rabbit_of_paradise)_(azur_lane),azur_lane,"sirius (rabbit of paradise) (azur lane), azur lane","1girl, grey hair, red eyes, rabbit ears, tail, grey leotard, medium hair",https://danbooru.donmai.us/posts/8174606
sirius_(scorching-hot_seirios)_(azur_lane),azur_lane,"sirius (scorching-hot seirios) (azur lane), azur lane","1girl, white hair, red eyes, rigging, black bikini, swimsuit, choker, short hair",https://danbooru.donmai.us/posts/3536339
sirius_(white_rose)_(azur_lane),azur_lane,"sirius (white rose) (azur lane), azur lane","1girl, red eyes, rigging, halter dress, white dress, choker, hairband, short hair",https://danbooru.donmai.us/posts/3400878
smalley_(azur_lane),azur_lane,"smalley (azur lane), azur lane","1girl, blonde hair, blue eyes, horns, rigging, multicolored bodysuit, multicolored jacket, white thighhighs, hairband, necktie, long hair",https://danbooru.donmai.us/posts/3667050
smalley_(candy_courier)_(azur_lane),azur_lane,"smalley (candy courier) (azur lane), azur lane","1girl, blonde hair, blue eyes, tail, black gloves, black hat, black shoes, black thighhighs, elbow gloves, witch hat, drill hair, long hair",https://danbooru.donmai.us/posts/3666811
soobrazitelny_(azur_lane),azur_lane,"soobrazitelny (azur lane), azur lane","1girl, blonde hair, red eyes, rigging, fur-trimmed coat, open coat, short shorts, white shorts, black gloves, fur-trimmed boots, twintails, very long hair",https://danbooru.donmai.us/posts/5164999
soobrazitelny_(the_machinery_of_life)_(azur_lane),azur_lane,"soobrazitelny (the machinery of life) (azur lane), azur lane","1girl, blonde hair, red eyes, lab coat, black gloves, black thighhighs, twintails, long hair",https://danbooru.donmai.us/posts/5165047
souryuu_(azur_lane),azur_lane,"souryuu (azur lane), azur lane","1girl, blue hair, blue eyes, rabbit ears, rigging, aqua skirt, pleated skirt, aqua shoes, black gloves, black thighhighs, platform shoes, long hair",https://danbooru.donmai.us/posts/2958385
souryuu_(retrofit)_(azur_lane),azur_lane,"souryuu (retrofit) (azur lane), azur lane","1girl, black hair, blue eyes, rabbit ears, rigging, pleated skirt, fingerless gloves, corset, necktie, long hair",https://danbooru.donmai.us/posts/3638173
souryuu_(the_counselor_girl)_(azur_lane),azur_lane,"souryuu (the counselor girl) (azur lane), azur lane","1girl, black hair, blue eyes, rabbit ears, school uniform, open jacket, pleated skirt, purple skirt, white shirt, black choker, very long hair",https://danbooru.donmai.us/posts/3065393
souryuu_(the_crane_amidst_the_pines)_(azur_lane),azur_lane,"souryuu (the crane amidst the pines) (azur lane), azur lane","1girl, blue hair, blue eyes, rabbit ears, purple shoes, hair bun, short hair",https://danbooru.donmai.us/posts/2967777
south_dakota_(azur_lane),azur_lane,"south dakota (azur lane), azur lane","1girl, black hair, yellow eyes, rigging, white thighhighs, ponytail, long hair",https://danbooru.donmai.us/posts/2896104
southampton_(a_dazzling_departure)_(azur_lane),azur_lane,"southampton (a dazzling departure) (azur lane), azur lane","1girl, blonde hair, green eyes, crown, high-low dress, strapless dress, white gloves, white pantyhose, white shoes, short hair",https://danbooru.donmai.us/posts/5710250
southampton_(afternoon_impromptu)_(azur_lane),azur_lane,"southampton (afternoon impromptu) (azur lane), azur lane","1girl, green eyes, maid, maid headdress, black dress, black shoes, frilled apron, maid apron, white thighhighs, long hair",https://danbooru.donmai.us/posts/5020174
southampton_(azur_lane),azur_lane,"southampton (azur lane), azur lane","1girl, blonde hair, green eyes, rigging, black skirt, cropped jacket, red jacket, red shirt, black gloves, high heel boots, short hair",https://danbooru.donmai.us/posts/3536353
southampton_(new_year's_little_knight)_(azur_lane),azur_lane,"southampton (new year's little knight) (azur lane), azur lane","1girl, blonde hair, green eyes, white kimono, kimono skirt, red skirt, black gloves, white thighhighs, short hair",https://danbooru.donmai.us/posts/3729036
sovetskaya_belorussiya_(azur_lane),azur_lane,"sovetskaya belorussiya (azur lane), azur lane","1girl, blue hair, rigging, fur-trimmed coat, black boots, black gloves, lace-up boots, thighhighs, very long hair",https://danbooru.donmai.us/posts/4381166
sovetskaya_belorussiya_(relaxation_stratagem)_(azur_lane),azur_lane,"sovetskaya belorussiya (relaxation stratagem) (azur lane), azur lane","1girl, blue hair, blue eyes, black thighhighs, very long hair",https://danbooru.donmai.us/posts/4381170
sovetskaya_belorussiya_(ripples_and_a_fluttering_veil)_(azur_lane),azur_lane,"sovetskaya belorussiya (ripples and a fluttering veil) (azur lane), azur lane","1girl, blue hair, blue eyes, black one-piece swimsuit, sun hat, white hat, very long hair",https://danbooru.donmai.us/posts/9382394
sovetskaya_rossiya_(azur_lane),azur_lane,"sovetskaya rossiya (azur lane), azur lane","1girl, white hair, red eyes, rigging, coat dress, white coat, black boots, black gloves, elbow gloves, military hat, very long hair",https://danbooru.donmai.us/posts/3801580
sovetskaya_rossiya_(the_lackadaisical_lookout)_(azur_lane),azur_lane,"sovetskaya rossiya (the lackadaisical lookout) (azur lane), azur lane","1girl, white hair, red eyes, black pants, sleeveless shirt, torn pants, white shirt, black boots, black gloves, very long hair",https://danbooru.donmai.us/posts/3801582
sovetsky_soyuz_(azur_lane),azur_lane,"sovetsky soyuz (azur lane), azur lane","1girl, white hair, grey eyes, rigging, black dress, long dress, fur-trimmed coat, black boots, black gloves, black necktie, very long hair",https://danbooru.donmai.us/posts/7276658
sovetsky_soyuz_(skyfall_agent)_(azur_lane),azur_lane,"sovetsky soyuz (skyfall agent) (azur lane), azur lane","1girl, white hair, blue eyes, black dress, sleeveless dress, black coat, black shoes, very long hair",https://danbooru.donmai.us/posts/7276689
sovetsky_soyuz_(stringed_interrogation)_(azur_lane),azur_lane,"sovetsky soyuz (stringed interrogation) (azur lane), azur lane","1girl, white hair, blue eyes, black gloves, black shoes, black thighhighs, elbow gloves, platform shoes, hairband, ponytail, very long hair",https://danbooru.donmai.us/posts/10021846
spence_(azur_lane),azur_lane,"spence (azur lane), azur lane","1girl, purple hair, yellow eyes, rigging, blue dress, frilled dress, black pantyhose, blue sailor collar, blue shoes, mini hat, long hair",https://danbooru.donmai.us/posts/2933595
stanly_(azur_lane),azur_lane,"stanly (azur lane), azur lane","1girl, purple hair, purple eyes, rigging, multicolored bodysuit, multicolored jacket, black hairband, pink necktie, white thighhighs, long hair",https://danbooru.donmai.us/posts/3619351
stephen_potter_(azur_lane),azur_lane,"stephen potter (azur lane), azur lane","1girl, blonde hair, blue eyes, rigging, white hat, white pantyhose, sailor collar",https://danbooru.donmai.us/posts/4436000
stephen_potter_(chillaxation_station)_(azur_lane),azur_lane,"stephen potter (chillaxation station) (azur lane), azur lane","1girl, blonde hair, blue eyes, pink hoodie, fishnet pantyhose, pink boots, braid",https://danbooru.donmai.us/posts/4547962
strasbourg_(azur_lane),azur_lane,"strasbourg (azur lane), azur lane","1girl, black hair, pink eyes, rigging, black boots, black gloves, black thighhighs, very long hair",https://danbooru.donmai.us/posts/7876332
strasbourg_(faerie_of_the_race_circuit)_(azur_lane),azur_lane,"strasbourg (faerie of the race circuit) (azur lane), azur lane","1girl, black hair, purple eyes, tail, black gloves, elbow gloves, thigh boots, white boots, white thighhighs, very long hair",https://danbooru.donmai.us/posts/7908942
stremitelny_(azur_lane),azur_lane,"stremitelny (azur lane), azur lane","1girl, white hair, red eyes, rigging, coat dress, fur-trimmed coat, white coat, black pantyhose, military hat, white boots, very long hair",https://danbooru.donmai.us/posts/4370316
stremitelny_(no_snow_no_life)_(azur_lane),azur_lane,"stremitelny (no snow no life) (azur lane), azur lane","1girl, white hair, red eyes, sweater",https://danbooru.donmai.us/posts/4381137
stremitelny_(nurse_on_the_night_shift)_(azur_lane),azur_lane,"stremitelny (nurse on the night shift) (azur lane), azur lane","1girl, white hair, red eyes, tail, short dress, white dress, white gloves, white thighhighs, hat, shoes, very long hair",https://danbooru.donmai.us/posts/9058560
suffolk_(azur_lane),azur_lane,"suffolk (azur lane), azur lane","1girl, pink hair, blue eyes, maid, rigging, dress, black gloves, black shoes, elbow gloves, frilled apron, maid apron, long hair",https://danbooru.donmai.us/posts/2951203
suffolk_(retrofit)_(azur_lane),azur_lane,"suffolk (retrofit) (azur lane), azur lane","1girl, pink hair, blue eyes, maid, maid headdress, dress, black boots, black choker, frilled apron, maid apron, long hair",https://danbooru.donmai.us/posts/2951213
suffren_(azur_lane),azur_lane,"suffren (azur lane), azur lane","1girl, grey hair, horns, mechanical tail, see-through dress, shoulder armor, white dress, white socks, very long hair",https://danbooru.donmai.us/posts/6597950
suffren_(impulsive_incident)_(azur_lane),azur_lane,"suffren (impulsive incident) (azur lane), azur lane","1girl, white hair, green eyes, horns, blue skirt, grey hoodie, pleated skirt, putting on jacket, white sweater, shirt, twintails, very long hair",https://danbooru.donmai.us/posts/6597953
suffren_(unrivaled_winsomeness)_(azur_lane),azur_lane,"suffren (unrivaled winsomeness) (azur lane), azur lane","1girl, grey hair, white hair, blue eyes, black dress, frilled dress, black shoes, black thighhighs, choker, gloves, very long hair",https://danbooru.donmai.us/posts/8207417
superb_(azur_lane),azur_lane,"superb (azur lane), azur lane","1girl, pink hair, blue eyes, rigging, white dress, blue shoes, white gloves, white thighhighs, long hair",https://danbooru.donmai.us/posts/11845111
superb_(superb_dentistry)_(azur_lane),azur_lane,"superb (superb dentistry) (azur lane), azur lane","1girl, pink hair, purple eyes, pointy ears, collared shirt, white shirt, white shoes, white thighhighs, long hair",https://danbooru.donmai.us/posts/11845135
surcouf_(azur_lane),azur_lane,"surcouf (azur lane), azur lane","1girl, red hair, green eyes, rigging, bikini, swimsuit, elbow gloves, white gloves, white thighhighs, long hair",https://danbooru.donmai.us/posts/3203066
surcouf_(loisirs_balneaires)_(azur_lane),azur_lane,"surcouf (loisirs balneaires) (azur lane), azur lane","1girl, pink hair, aqua eyes, string bikini, white bikini, swimsuit, brown hat, straw hat, very long hair",https://danbooru.donmai.us/posts/4107048
surrey_(azur_lane),azur_lane,"surrey (azur lane), azur lane","1girl, purple hair, purple eyes, maid, maid headdress, black dress, frilled dress, black bowtie, black shoes, black thighhighs, frilled apron, twintails",https://danbooru.donmai.us/posts/11845117
surrey_(feverish_and_disheveled)_(azur_lane),azur_lane,"surrey (feverish and disheveled) (azur lane), azur lane","1girl, pink hair, purple hair, pink eyes, white shirt, white shorts, twintails, very long hair",https://danbooru.donmai.us/posts/11845138
suruga_(azur_lane),azur_lane,"suruga (azur lane), azur lane","1girl, brown hair, purple eyes, horns, rigging, military uniform, bike shorts, open coat, pleated skirt, white coat, white shirt, long hair",https://danbooru.donmai.us/posts/3639440
suruga_(straightfaced_model_student)_(azur_lane),azur_lane,"suruga (straightfaced model student) (azur lane), azur lane","1girl, purple hair, pink eyes, horns, school uniform, black jacket, plaid skirt, pleated skirt, white shirt, brown pantyhose, very long hair",https://danbooru.donmai.us/posts/4609817
suruga_(uneventful_holiday_greetings)_(azur_lane),azur_lane,"suruga (uneventful holiday greetings) (azur lane), azur lane","1girl, brown hair, purple eyes, strapless dress, skirt, pantyhose",https://danbooru.donmai.us/posts/4998019
sussex_(azur_lane),azur_lane,"sussex (azur lane), azur lane","1girl, blonde hair, blue eyes, rigging, short dress, blue jacket, cropped jacket, black pantyhose, black shoes, long hair",https://danbooru.donmai.us/posts/3119041
sussex_(sunlit_tulips)_(azur_lane),azur_lane,"sussex (sunlit tulips) (azur lane), azur lane","1girl, blonde hair, blue eyes, frilled bikini, white bikini, swimsuit, blue shorts, denim shorts, long hair",https://danbooru.donmai.us/posts/3891282
sussex_(wine_and_red_roses)_(azur_lane),azur_lane,"sussex (wine and red roses) (azur lane), azur lane","1girl, blonde hair, blue eyes, black dress, black thighhighs, long hair",https://danbooru.donmai.us/posts/3975288
suzunami_(azur_lane),azur_lane,"suzunami (azur lane), azur lane","1girl, blue hair, blue eyes, cat ears, cat tail, blue dress, strapless dress, black hairband, medium hair",https://danbooru.donmai.us/posts/8143063
suzunami_(winter_beauty's_ball_gown)_(azur_lane),azur_lane,"suzunami (winter beauty's ball gown) (azur lane), azur lane","1girl, blue hair, blue eyes, cat ears, cat tail, short dress, pleated skirt, gloves, thighhighs, twintails",https://danbooru.donmai.us/posts/8156820
suzutsuki_(azur_lane),azur_lane,"suzutsuki (azur lane), azur lane","1girl, grey hair, animal ears, open shirt, pleated skirt, red skirt, white shirt, socks, short hair",https://danbooru.donmai.us/posts/4107044
suzuya_(azur_lane),azur_lane,"suzuya (azur lane), azur lane","1girl, black hair, yellow eyes, horns, rigging, school uniform, blue skirt, pleated skirt, white shirt, black pantyhose, white gloves, long hair",https://danbooru.donmai.us/posts/3460017
suzuya_(midnight_care)_(azur_lane),azur_lane,"suzuya (midnight care) (azur lane), azur lane","1girl, black hair, yellow eyes, horns, white dress, brown thighhighs, seamed gloves, side-seamed gloves, white hat, long hair",https://danbooru.donmai.us/posts/9068250
svirepy_(azur_lane),azur_lane,"svirepy (azur lane), azur lane","1girl, blue hair, grey hair, yellow eyes, rigging, black dress, soviet school uniform, black skirt, pleated skirt, black boots, black pantyhose, hair bun",https://danbooru.donmai.us/posts/7276983
svirepy_(rebellious_artist)_(azur_lane),azur_lane,"svirepy (rebellious artist) (azur lane), azur lane","1girl, black hair, pink hair, yellow eyes, animal ears, black jacket, black shirt, black choker, black shoes, black thighhighs, loose socks, hair bun",https://danbooru.donmai.us/posts/7276992
swiftsure_(azur_lane),azur_lane,"swiftsure (azur lane), azur lane","1girl, brown hair, red eyes, rigging, red dress, short dress, cropped jacket, open jacket, brown thighhighs, white gloves, ponytail, very long hair",https://danbooru.donmai.us/posts/3536334
swiftsure_(beauty_of_white_jade)_(azur_lane),azur_lane,"swiftsure (beauty of white jade) (azur lane), azur lane","1girl, brown hair, red eyes, dress, braid, long hair",https://danbooru.donmai.us/posts/3748966
swiftsure_(midsummer_special_service)_(azur_lane),azur_lane,"swiftsure (midsummer special service) (azur lane), azur lane","1girl, brown hair, red eyes, maid, maid headdress, maid bikini, white bikini, swimsuit, very long hair",https://danbooru.donmai.us/posts/4102580
swiftsure_(study_hall_cyclamen)_(azur_lane),azur_lane,"swiftsure (study hall cyclamen) (azur lane), azur lane","1girl, brown hair, red eyes, school uniform, black jacket, black skirt, collared shirt, open jacket, plaid skirt, braid, ponytail",https://danbooru.donmai.us/posts/3536333
taekaze_(azur_lane),azur_lane,"taekaze (azur lane), azur lane","1girl, brown hair, brown eyes, rigging, animal ears, red kimono, white socks, medium hair",https://danbooru.donmai.us/posts/9929826
taekaze_(kunoichi's_emergency_landing)_(azur_lane),azur_lane,"taekaze (kunoichi's emergency landing) (azur lane), azur lane","1girl, brown hair, brown eyes, animal ears, tail, brown jacket, medium hair",https://danbooru.donmai.us/posts/9930860
tai_yuan_(azur_lane),azur_lane,"tai yuan (azur lane), azur lane","1girl, black hair, purple eyes, rigging, frilled dress, short dress, brown boots, lace-up boots, red bowtie, white capelet, long hair",https://danbooru.donmai.us/posts/3017561
tai_yuan_(retrofit)_(azur_lane),azur_lane,"tai yuan (retrofit) (azur lane), azur lane","1girl, black hair, purple eyes, rigging, pleated dress, school uniform, short dress, black shoes, white socks, sailor collar, hair bun",https://danbooru.donmai.us/posts/7158104
tai_yuan_(the_golden_dragon's_festivities)_(azur_lane),azur_lane,"tai yuan (the golden dragon's festivities) (azur lane), azur lane","1girl, brown hair, purple eyes, dress, black thighhighs, hair bun, short hair",https://danbooru.donmai.us/posts/3406068
tai_yuan_(two_hearts_one_cushion)_(azur_lane),azur_lane,"tai yuan (two hearts one cushion) (azur lane), azur lane","1girl, brown hair, purple eyes, animal ears, animal ear hairband, medium hair",https://danbooru.donmai.us/posts/9203435
taihou-chan_(azur_lane),azur_lane,"taihou-chan (azur lane), azur lane","1girl, black hair, red eyes, red kimono, kimono skirt, black thighhighs, twintails",https://danbooru.donmai.us/posts/6359657
taihou_(azur_lane),azur_lane,"taihou (azur lane), azur lane","1girl, black hair, red eyes, red kimono, black thighhighs, twintails",https://danbooru.donmai.us/posts/3254439
taihou_(enraptured_companion)_(azur_lane),azur_lane,"taihou (enraptured companion) (azur lane), azur lane","1girl, black hair, red eyes, black bikini, string bikini, swimsuit, open jacket, red jacket, black boots, very long hair",https://danbooru.donmai.us/posts/3969392
taihou_(forbidden_fruit)_(azur_lane),azur_lane,"taihou (forbidden fruit) (azur lane), azur lane","1girl, black hair, red eyes, long dress, red dress, black thighhighs, red choker, hairband, very long hair",https://danbooru.donmai.us/posts/3256645
taihou_(fun_on_the_baize)_(azur_lane),azur_lane,"taihou (fun on the baize) (azur lane), azur lane","1girl, black hair, red eyes, rabbit ears, highleg leotard, red leotard, black pantyhose, laddered pantyhose, red bowtie, red hairband, very long hair",https://danbooru.donmai.us/posts/9364654
taihou_(phoenix's_spring_song)_(azur_lane),azur_lane,"taihou (phoenix's spring song) (azur lane), azur lane","1girl, black hair, red eyes, red dress, black gloves, fishnet thighhighs",https://danbooru.donmai.us/posts/3764453
taihou_(sweet_time_after_school)_(azur_lane),azur_lane,"taihou (sweet time after school) (azur lane), azur lane","1girl, black hair, red eyes, school uniform, black skirt, collared shirt, open jacket, pleated skirt, red jacket, long hair",https://danbooru.donmai.us/posts/5543793
taihou_(temptation_on_the_sea_breeze)_(azur_lane),azur_lane,"taihou (temptation on the sea breeze) (azur lane), azur lane","1girl, black hair, red eyes, wedding dress, white shoes, white thighhighs, long hair",https://danbooru.donmai.us/posts/4822104
takahashi_(azur_lane),azur_lane,"takahashi (azur lane), azur lane","1girl, pink hair, pink eyes, horns, rigging, black dress, braid, ponytail",https://danbooru.donmai.us/posts/11756442
takao_(azur_lane),azur_lane,"takao (azur lane), azur lane","1girl, black hair, orange eyes, rigging, military uniform, pleated skirt, white skirt, black pantyhose, black shoes, thighband pantyhose, ponytail, very long hair",https://danbooru.donmai.us/posts/2961780
takao_(divine_exorcist's_blade)_(azur_lane),azur_lane,"takao (divine exorcist's blade) (azur lane), azur lane","1girl, brown hair, yellow eyes, pleated skirt, white skirt, ponytail, very long hair",https://danbooru.donmai.us/posts/6908989
takao_(full_throttle_charmer)_(azur_lane),azur_lane,"takao (full throttle charmer) (azur lane), azur lane","1girl, black hair, blue eyes, two-tone bikini, two-tone leotard, multicolored bikini, multicolored leotard, swimsuit, elbow gloves, ponytail, long hair",https://danbooru.donmai.us/posts/9008015
takao_(inner_cultivation)_(azur_lane),azur_lane,"takao (inner cultivation) (azur lane), azur lane","1girl, black hair, black skirt, pencil skirt, ribbed sweater, turtleneck sweater, black pantyhose, black shoes, ponytail, very long hair",https://danbooru.donmai.us/posts/10633350
takao_(sakura_hanami)_(azur_lane),azur_lane,"takao (sakura hanami) (azur lane), azur lane","1girl, black hair, brown eyes, white kimono, long hair",https://danbooru.donmai.us/posts/3261174
takao_(school_romanza)_(azur_lane),azur_lane,"takao (school romanza) (azur lane), azur lane","1girl, school uniform, skirt, hairband, pantyhose, shoes, ponytail, very long hair",https://danbooru.donmai.us/posts/3155805
takao_(the_lessons_of_spring)_(azur_lane),azur_lane,"takao (the lessons of spring) (azur lane), azur lane","1girl, black hair, orange eyes, sleeveless dress, white dress, white shoes, white thighhighs, ponytail, long hair",https://danbooru.donmai.us/posts/3017496
tallinn_(azur_lane),azur_lane,"tallinn (azur lane), azur lane","1girl, white hair, red eyes, rigging, halter dress, short dress, long coat, open coat, black choker, high heel boots, very long hair",https://danbooru.donmai.us/posts/4381155
tallinn_(night_of_full_moon_and_overflowing_love)_(azur_lane),azur_lane,"tallinn (night of full moon and overflowing love) (azur lane), azur lane","1girl, red hair, white hair, red eyes, rabbit ears, long hair",https://danbooru.donmai.us/posts/9968542
tallinn_(nostalgic_pilsner)_(azur_lane),azur_lane,"tallinn (nostalgic pilsner) (azur lane), azur lane","1girl, grey hair, red hair, red eyes, black shorts, short shorts, black thighhighs, choker, very long hair",https://danbooru.donmai.us/posts/4381145
tanikaze_(azur_lane),azur_lane,"tanikaze (azur lane), azur lane","1girl, blonde hair, blue eyes, horns, rigging, black skirt, pleated skirt, black choker, black gloves, elbow gloves, purple shoes, very long hair",https://danbooru.donmai.us/posts/2986356
tanikaze_(lost_girl_and_labyrinth_butterfly)_(azur_lane),azur_lane,"tanikaze (lost girl and labyrinth butterfly) (azur lane), azur lane","1girl, blonde hair, green eyes, horns, ribbon-trimmed dress, short dress, brown hat, straw hat, white choker, very long hair",https://danbooru.donmai.us/posts/3119045
tanikaze_(retrofit)_(azur_lane),azur_lane,"tanikaze (retrofit) (azur lane), azur lane","1girl, blonde hair, blue eyes, horns, black skirt, pleated skirt, thighhighs, long hair",https://danbooru.donmai.us/posts/2986358
tanikaze_(sparkly-clean)_(azur_lane),azur_lane,"tanikaze (sparkly-clean) (azur lane), azur lane","1girl, blonde hair, blue eyes, white apron, white thighhighs, very long hair",https://danbooru.donmai.us/posts/5674706
tartu_(azur_lane),azur_lane,"tartu (azur lane), azur lane","1girl, pink hair, yellow eyes, short dress, skirt, black boots, fingerless gloves, white thighhighs, braid, short hair",https://danbooru.donmai.us/posts/3976289
tartu_(overthinking_summer)_(azur_lane),azur_lane,"tartu (overthinking summer) (azur lane), azur lane","1girl, pink hair, yellow eyes, blue bikini, frilled bikini, swimsuit, sun hat, white hat, braid, short hair",https://danbooru.donmai.us/posts/3906066
tashkent_(azur_lane),azur_lane,"tashkent (azur lane), azur lane","1girl, purple hair, blue eyes, rigging, animal ears, sweater dress, duffel coat, white coat, sweater, thigh boots, white boots, very long hair",https://danbooru.donmai.us/posts/3801573
tashkent_(the_blue_snoozer)_(azur_lane),azur_lane,"tashkent (the blue snoozer) (azur lane), azur lane","1girl, purple hair, blue eyes, animal ears, naked shirt, oversized shirt, very long hair",https://danbooru.donmai.us/posts/4381151
tashkent_(the_bound_cruiser)_(azur_lane),azur_lane,"tashkent (the bound cruiser) (azur lane), azur lane","1girl, purple hair, blue eyes, black shorts, short shorts, striped shirt, white shirt, white thighhighs, ponytail, very long hair",https://danbooru.donmai.us/posts/3802302
tashkent_(the_sprite's_snapshot)_(azur_lane),azur_lane,"tashkent (the sprite's snapshot) (azur lane), azur lane","1girl, purple hair, blue eyes, black dress, black leotard, highleg leotard, fur coat, black choker, black pantyhose, very long hair",https://danbooru.donmai.us/posts/7648943
tb_(azur_lane),azur_lane,"tb (azur lane), azur lane","1girl, blue hair, white hair, blue eyes, white dress",https://danbooru.donmai.us/posts/4256517
tennessee_(azur_lane),azur_lane,"tennessee (azur lane), azur lane","1girl, blonde hair, blue eyes, rigging, white dress, adjusting gloves, ankle boots, black gloves, black thighhighs, blue necktie, long hair",https://danbooru.donmai.us/posts/2958376
terror_(azur_lane),azur_lane,"terror (azur lane), azur lane","1girl, white hair, red eyes, rigging, black skirt, sleeveless shirt, white shirt, platform shoes, red shoes, white socks, short hair",https://danbooru.donmai.us/posts/2930402
terror_(halloween_terror)_(azur_lane),azur_lane,"terror (halloween terror) (azur lane), azur lane","1girl, white hair, red eyes, short hair",https://danbooru.donmai.us/posts/3302660
thatcher_(azur_lane),azur_lane,"thatcher (azur lane), azur lane","1girl, grey hair, orange eyes, rigging, frilled dress, sailor dress, mini hat, purple shoes, white hat, white thighhighs, ponytail, long hair",https://danbooru.donmai.us/posts/2933570
theseus_(azur_lane),azur_lane,"theseus (azur lane), azur lane","1girl, pink hair, aqua eyes, wings, short dress, shoes, thighhighs, long hair",https://danbooru.donmai.us/posts/5994881
theseus_(new_year's_white_plumage)_(azur_lane),azur_lane,"theseus (new year's white plumage) (azur lane), azur lane","1girl, pink hair, aqua eyes, wings, tight dress, white dress, white shoes, white thighhighs, ponytail, very long hair",https://danbooru.donmai.us/posts/5984203
ticonderoga_(azur_lane),azur_lane,"ticonderoga (azur lane), azur lane","1girl, blue hair, blue eyes, rigging, blue coat, open coat, skirt, black thighhighs, blue gloves, elbow gloves, long hair",https://danbooru.donmai.us/posts/4547744
ticonderoga_(sunshine_princess)_(azur_lane),azur_lane,"ticonderoga (sunshine princess) (azur lane), azur lane","1girl, blue hair, blue eyes, blue bikini, o-ring bikini, swimsuit, star choker, long hair",https://danbooru.donmai.us/posts/6444445
tiger_(azur_lane),azur_lane,"tiger (azur lane), azur lane","1girl, grey hair, purple hair, halo, horns, black dress, black pantyhose, black shoes, very long hair",https://danbooru.donmai.us/posts/12151863
tiger_(maiden_of_the_stars)_(azur_lane),azur_lane,"tiger (maiden of the stars) (azur lane), azur lane","1girl, grey hair, purple eyes, white bikini, swimsuit, very long hair",https://danbooru.donmai.us/posts/12151896
ting_an_(azur_lane),azur_lane,"ting an (azur lane), azur lane","1girl, black hair, purple hair, pink eyes, rigging, blue dress, print dress, white shoes, white thighhighs, long hair, medium hair",https://danbooru.donmai.us/posts/5994879
ting_an_(tender_white_jade)_(azur_lane),azur_lane,"ting an (tender white jade) (azur lane), azur lane","1girl, black hair, purple eyes, maid headdress, black shoes, chef hat, long hair",https://danbooru.donmai.us/posts/8466353
tirpitz_(a_vase_for_the_frost_flower)_(azur_lane),azur_lane,"tirpitz (a vase for the frost flower) (azur lane), azur lane","1girl, white hair, blue eyes, black dress, black gloves, choker, short hair",https://danbooru.donmai.us/posts/5401628
tirpitz_(azur_lane),azur_lane,"tirpitz (azur lane), azur lane","1girl, white hair, blue eyes, rigging, military uniform, black skirt, pencil skirt, military hat, thigh boots, white boots, short hair",https://danbooru.donmai.us/posts/3147180
tirpitz_(iron_blood_snowstorm)_(azur_lane),azur_lane,"tirpitz (iron blood snowstorm) (azur lane), azur lane","1girl, white hair, blue eyes, halter dress, white dress, black shoes, side cape, white cape, white gloves, short hair",https://danbooru.donmai.us/posts/3632611
tirpitz_(pit_stop_standby)_(azur_lane),azur_lane,"tirpitz (pit stop standby) (azur lane), azur lane","1girl, white hair, blue eyes, black skirt, black gloves, black thighhighs, elbow gloves, high heel boots, thigh boots, short hair",https://danbooru.donmai.us/posts/10304440
tirpitz_(seasonal_pine_and_the_frost_flower)_(azur_lane),azur_lane,"tirpitz (seasonal pine and the frost flower) (azur lane), azur lane","1girl, white hair, blue eyes, white kimono, black gloves, white pantyhose, medium hair",https://danbooru.donmai.us/posts/4387415
tirpitz_(snow-melting_summer)_(azur_lane),azur_lane,"tirpitz (snow-melting summer) (azur lane), azur lane","1girl, grey hair, blue eyes, swimsuit, short hair",https://danbooru.donmai.us/posts/3220382
torricelli_(shady_seaside)_(azur_lane),azur_lane,"torricelli (shady seaside) (azur lane), azur lane","1girl, green hair, red eyes, black bikini, swimsuit, straw hat, sun hat, long hair",https://danbooru.donmai.us/posts/4478704
tosa_(a_glimpse_of_greatness)_(azur_lane),azur_lane,"tosa (a glimpse of greatness) (azur lane), azur lane","1girl, blue hair, white hair, purple eyes, fox ears, naked shirt, open shirt, very long hair",https://danbooru.donmai.us/posts/7772973
tosa_(azur_lane),azur_lane,"tosa (azur lane), azur lane","1girl, grey hair, purple eyes, fox tail, rigging, hakama short skirt, hakama skirt, sleeveless shirt, white shirt, black cape, black gloves, ponytail",https://danbooru.donmai.us/posts/3876975
tosa_(hometown_zest)_(azur_lane),azur_lane,"tosa (hometown zest) (azur lane), azur lane","1girl, grey hair, fox tail, highleg bikini, string bikini, swimsuit, black choker, braid, very long hair",https://danbooru.donmai.us/posts/4128667
trafalgar_(azur_lane),azur_lane,"trafalgar (azur lane), azur lane","1girl, purple hair, orange eyes, rigging, highleg leotard, armor, cropped jacket, micro shorts, white jacket, red gloves, long hair",https://danbooru.donmai.us/posts/9336153
trafalgar_(sea_breeze_moonlit_talks)_(azur_lane),azur_lane,"trafalgar (sea breeze moonlit talks) (azur lane), azur lane","1girl, orange hair, purple hair, orange eyes, gold bikini, thong bikini, swimsuit, long hair",https://danbooru.donmai.us/posts/9351068
trento_(azur_lane),azur_lane,"trento (azur lane), azur lane","1girl, blue hair, purple hair, purple eyes, rigging, short dress, multicolored dress, ankle boots, black boots, black thighhighs, white gloves, long hair",https://danbooru.donmai.us/posts/3624861
trieste_(a_brush_of_springtime_ink)_(azur_lane),azur_lane,"trieste (a brush of springtime ink) (azur lane), azur lane","1girl, pink hair, grey eyes, white thighhighs, hair bun, very long hair",https://danbooru.donmai.us/posts/8753575
trieste_(amore_termico)_(azur_lane),azur_lane,"trieste (amore termico) (azur lane), azur lane","1girl, pink hair, green eyes, long hair",https://danbooru.donmai.us/posts/6164227
trieste_(rooftop_lunch_break)_(azur_lane),azur_lane,"trieste (rooftop lunch break) (azur lane), azur lane","1girl, pink hair, green eyes, school uniform, black skirt, collared shirt, high-waist skirt, white shirt, brown pantyhose, ponytail, long hair",https://danbooru.donmai.us/posts/5218436
trinidad_(azur_lane),azur_lane,"trinidad (azur lane), azur lane","1girl, black hair, red eyes, rigging, off-shoulder shirt, pleated skirt, red skirt, grey boots, red thighhighs, thighhighs under boots, long hair",https://danbooru.donmai.us/posts/9350373
trinidad_(trapper_in_the_changing_room)_(azur_lane),azur_lane,"trinidad (trapper in the changing room) (azur lane), azur lane","1girl, black hair, frilled bikini, pink bikini, swimsuit, brown shoes, long hair",https://danbooru.donmai.us/posts/9351045
u-101_(azur_lane),azur_lane,"u-101 (azur lane), azur lane","1girl, black hair, blue eyes, rigging, black bikini, swimsuit, black shirt, black boots, black gloves, black hat, twintails, long hair",https://danbooru.donmai.us/posts/3563339
u-101_(ironbrass_trombonist)_(azur_lane),azur_lane,"u-101 (ironbrass trombonist) (azur lane), azur lane","1girl, black hair, white hair, blue eyes, school uniform, grey skirt, plaid skirt, white shirt, black shoes, red bowtie, twintails",https://danbooru.donmai.us/posts/3570576
u-110_(a_cute_sharky_reverie)_(azur_lane),azur_lane,"u-110 (a cute sharky reverie) (azur lane), azur lane","1girl, white hair, purple eyes, black dress, black shoes, white pantyhose, short hair",https://danbooru.donmai.us/posts/4117763
u-110_(azur_lane),azur_lane,"u-110 (azur lane), azur lane","1girl, white hair, grey eyes, black one-piece swimsuit, highleg leotard, black boots, black gloves, white thighhighs",https://danbooru.donmai.us/posts/3660765
u-110_(garnished_supershark)_(azur_lane),azur_lane,"u-110 (garnished supershark) (azur lane), azur lane","1girl, white hair, grey eyes, horns, wings, collared shirt, open jacket, pleated skirt, purple jacket, purple skirt, white shirt",https://danbooru.donmai.us/posts/4168657
u-110_(kleiner_hai)_(azur_lane),azur_lane,"u-110 (kleiner hai) (azur lane), azur lane","1girl, white hair, grey eyes, school uniform, black jacket, black skirt, collared shirt, open jacket, pleated skirt, short hair",https://danbooru.donmai.us/posts/3660766
u-110_(new_year_small_shark)_(azur_lane),azur_lane,"u-110 (new year small shark) (azur lane), azur lane","1girl, white hair, purple eyes, kimono, white pantyhose, short hair",https://danbooru.donmai.us/posts/4274160
u-110_(springtime_shark)_(azur_lane),azur_lane,"u-110 (springtime shark) (azur lane), azur lane","1girl, white hair, blue eyes, red coat, white skirt, red boots, white thighhighs, short hair",https://danbooru.donmai.us/posts/5985664
u-1206_(azur_lane),azur_lane,"u-1206 (azur lane), azur lane","1girl, red hair, red eyes, short shorts, black boots, black gloves, red socks, twintails",https://danbooru.donmai.us/posts/5018464
u-1206_(maid_just_for_you)_(azur_lane),azur_lane,"u-1206 (maid just for you) (azur lane), azur lane","1girl, red hair, red eyes, maid, maid headdress, black shoes, white thighhighs, twintails, long hair",https://danbooru.donmai.us/posts/5018469
u-2501_(azur_lane),azur_lane,"u-2501 (azur lane), azur lane","1girl, purple hair, purple eyes, one-piece swimsuit, black jacket, black gloves, black thighhighs, elbow gloves, very long hair",https://danbooru.donmai.us/posts/11383397
u-2501_(treasure_behind_the_water_curtain)_(azur_lane),azur_lane,"u-2501 (treasure behind the water curtain) (azur lane), azur lane","1girl, purple hair, purple eyes, horns, adjusting swimsuit, o-ring bikini, purple bikini, very long hair",https://danbooru.donmai.us/posts/11396004
u-31_(azur_lane),azur_lane,"u-31 (azur lane), azur lane","1girl, blonde hair, purple eyes, rigging, swimsuit, black gloves, side ponytail, long hair",https://danbooru.donmai.us/posts/7751579
u-31_(let's_go_home)_(azur_lane),azur_lane,"u-31 (let's go home) (azur lane), azur lane","1girl, blonde hair, white hair, purple eyes, blue skirt, pleated skirt, school hat, side ponytail, very long hair",https://danbooru.donmai.us/posts/7757078
u-37_(azur_lane),azur_lane,"u-37 (azur lane), azur lane","1girl, black hair, red eyes, rigging, swimsuit, twintails, short hair",https://danbooru.donmai.us/posts/5020228
u-37_(new_year's_nightingale)_(azur_lane),azur_lane,"u-37 (new year's nightingale) (azur lane), azur lane","1girl, brown hair, purple eyes, pink kimono, black choker, long hair",https://danbooru.donmai.us/posts/5020231
u-410_(azur_lane),azur_lane,"u-410 (azur lane), azur lane","1girl, grey hair, red eyes, rigging, swimsuit, black shoes, open-toe shoes, red gloves",https://danbooru.donmai.us/posts/4342814
u-410_(practice_makes_perfect)_(azur_lane),azur_lane,"u-410 (practice makes perfect) (azur lane), azur lane","1girl, grey hair, white hair, red eyes, black shirt, black skirt, pleated skirt, white shoes, ponytail, long hair",https://danbooru.donmai.us/posts/6724698
u-410_(spring_festival_scheme)_(azur_lane),azur_lane,"u-410 (spring festival scheme) (azur lane), azur lane","1girl, grey hair, red eyes, black dress, black shoes, black thighhighs, medium hair",https://danbooru.donmai.us/posts/4342703
u-47_(azur_lane),azur_lane,"u-47 (azur lane), azur lane","1girl, black hair, white hair, red eyes, black one-piece swimsuit, ponytail, side ponytail",https://danbooru.donmai.us/posts/3174341
u-47_(eigenen_raum)_(azur_lane),azur_lane,"u-47 (eigenen raum) (azur lane), azur lane","1girl, black hair, red eyes, black shirt, red skirt, black boots, black gloves, black hat, fingerless gloves, long hair",https://danbooru.donmai.us/posts/3632572
u-47_(hook_line_and_sinker)_(azur_lane),azur_lane,"u-47 (hook line and sinker) (azur lane), azur lane","1girl, black hair, white hair, red eyes, scarf",https://danbooru.donmai.us/posts/6023853
u-47_(rookie_rider)_(azur_lane),azur_lane,"u-47 (rookie rider) (azur lane), azur lane","1girl, black hair, white hair, red eyes, bike shorts, choker, long hair",https://danbooru.donmai.us/posts/3174344
u-47_(sanguine_moon_sojourn)_(azur_lane),azur_lane,"u-47 (sanguine moon sojourn) (azur lane), azur lane","1girl, grey hair, white hair, red eyes, wings, dress, thighhighs, long hair",https://danbooru.donmai.us/posts/5317845
u-522_(azur_lane),azur_lane,"u-522 (azur lane), azur lane","1girl, grey hair, blue eyes, tail, white one-piece swimsuit, black boots, black hairband, black thighhighs, thigh boots, twintails, very long hair",https://danbooru.donmai.us/posts/3563416
u-552_(azur_lane),azur_lane,"u-552 (azur lane), azur lane","1girl, grey hair, red eyes, rigging, black one-piece swimsuit, black thighhighs, print thighhighs, red shoes, short hair",https://danbooru.donmai.us/posts/9507303
u-552_(special_sightseeing_service)_(azur_lane),azur_lane,"u-552 (special sightseeing service) (azur lane), azur lane","1girl, red hair, white hair, blue eyes, white shirt, black choker, black pantyhose, red bowtie, short hair",https://danbooru.donmai.us/posts/9518928
u-556_(azur_lane),azur_lane,"u-556 (azur lane), azur lane","1girl, blue hair, pink eyes, white bikini, swimsuit, black jacket, pink gloves, pink shoes, platform shoes, twintails, short hair",https://danbooru.donmai.us/posts/3514336
u-556_(prairie_knight)_(azur_lane),azur_lane,"u-556 (prairie knight) (azur lane), azur lane","1girl, blue hair, pink hair, red eyes, brown jacket, cropped jacket, leather pants, micro shorts, cowboy hat, braid, twintails",https://danbooru.donmai.us/posts/7990533
u-557_(azur_lane),azur_lane,"u-557 (azur lane), azur lane","1girl, pink hair, brown eyes, black boots, thigh boots, thighhighs, short hair",https://danbooru.donmai.us/posts/3174348
u-73_(azur_lane),azur_lane,"u-73 (azur lane), azur lane","1girl, black hair, red eyes, rigging, black leotard, black jacket, open jacket, black boots, black gloves, fingerless gloves, very long hair",https://danbooru.donmai.us/posts/3515606
u-73_(new_year's_chemistry)_(azur_lane),azur_lane,"u-73 (new year's chemistry) (azur lane), azur lane","1girl, purple hair, red eyes, black dress, layered dress, black boots, open-toe boots, hair bun, long hair",https://danbooru.donmai.us/posts/5088995
u-81_(azur_lane),azur_lane,"u-81 (azur lane), azur lane","1girl, pink hair, yellow eyes, blue one-piece swimsuit, competition swimsuit, black jacket, hooded jacket, red shoes, white hairband",https://danbooru.donmai.us/posts/3162405
u-96_(azur_lane),azur_lane,"u-96 (azur lane), azur lane","1girl, blonde hair, yellow eyes, rigging, highleg one-piece swimsuit, white one-piece swimsuit, blue jacket, open jacket, yellow gloves, twintails, long hair",https://danbooru.donmai.us/posts/4059305
u-96_(secret_gaming_session)_(azur_lane),azur_lane,"u-96 (secret gaming session) (azur lane), azur lane","1girl, grey hair, yellow eyes, hair bun, long hair",https://danbooru.donmai.us/posts/4059304
u-96_(wolfen_dolly)_(azur_lane),azur_lane,"u-96 (wolfen dolly) (azur lane), azur lane","1girl, grey hair, yellow eyes, black shorts, open jacket, short shorts, white jacket, black boots, black gloves, drill hair, ponytail",https://danbooru.donmai.us/posts/7905009
ugolino_vivaldi_(an_unexpected_catch)_(azur_lane),azur_lane,"ugolino vivaldi (an unexpected catch) (azur lane), azur lane","1girl, pink hair, green eyes, dress, white socks, long hair",https://danbooru.donmai.us/posts/10625763
ugolino_vivaldi_(azur_lane),azur_lane,"ugolino vivaldi (azur lane), azur lane","1girl, pink hair, green eyes, rigging, white dress, torn pantyhose, white hat, white pantyhose, white shoes, long hair",https://danbooru.donmai.us/posts/10654850
ulrich_von_hutten_(azur_lane),azur_lane,"ulrich von hutten (azur lane), azur lane","1girl, black hair, yellow eyes, horns, rigging, black jacket, black boots, thigh boots, thighhighs, short hair",https://danbooru.donmai.us/posts/5018432
ulrich_von_hutten_(ignition_matrician)_(azur_lane),azur_lane,"ulrich von hutten (ignition matrician) (azur lane), azur lane","1girl, black hair, yellow eyes, horns, black jacket, high heel boots, short hair, very long hair",https://danbooru.donmai.us/posts/6724601
ulrich_von_hutten_(liebestrank)_(azur_lane),azur_lane,"ulrich von hutten (liebestrank) (azur lane), azur lane","1girl, black hair, yellow eyes, horns, black dress, wedding dress, black shoes, elbow gloves, see-through gloves, short hair",https://danbooru.donmai.us/posts/10023792
ulrich_von_hutten_(mayhem_maid)_(azur_lane),azur_lane,"ulrich von hutten (mayhem maid) (azur lane), azur lane","1girl, black hair, yellow eyes, maid, maid headdress, black boots, black pantyhose, maid apron, platform boots, thighhighs, short hair",https://danbooru.donmai.us/posts/5018438
ulrich_von_hutten_(what_comes_after_the_bell)_(azur_lane),azur_lane,"ulrich von hutten (what comes after the bell) (azur lane), azur lane","1girl, black hair, white hair, yellow eyes, horns, rigging, school uniform, black skirt, collared shirt, pleated skirt, white shirt, jacket",https://danbooru.donmai.us/posts/8465285
umikaze_(azur_lane),azur_lane,"umikaze (azur lane), azur lane","1girl, grey hair, grey eyes, wings, white thighhighs",https://danbooru.donmai.us/posts/4783550
umikaze_(baby_steps)_(azur_lane),azur_lane,"umikaze (baby steps) (azur lane), azur lane","1girl, white hair, aqua eyes, blue skirt, pleated skirt, black shoes, blue hat, white pantyhose, very long hair",https://danbooru.donmai.us/posts/6090554
umikaze_(soft_and_fluffy_therapy)_(azur_lane),azur_lane,"umikaze (soft and fluffy therapy) (azur lane), azur lane","1girl, grey hair, grey eyes, rabbit ears, white leotard, white thighhighs",https://danbooru.donmai.us/posts/4783566
unicorn_(a_dream_of_pure_vows)_(azur_lane),azur_lane,"unicorn (a dream of pure vows) (azur lane), azur lane","1girl, purple hair, purple eyes, strapless dress, wedding dress, white pantyhose, hair bun, very long hair",https://danbooru.donmai.us/posts/3975258
unicorn_(angelic_night)_(azur_lane),azur_lane,"unicorn (angelic night) (azur lane), azur lane","1girl, purple hair, purple eyes, rigging, wings, white dress, hair bun, very long hair",https://danbooru.donmai.us/posts/5926095
unicorn_(angelic_nurse)_(azur_lane),azur_lane,"unicorn (angelic nurse) (azur lane), azur lane","1girl, purple hair, purple eyes, wings, short dress, sleeveless dress, jacket, pink shoes, white hat, white pantyhose, hair bun, very long hair",https://danbooru.donmai.us/posts/6141898
unicorn_(azur_lane),azur_lane,"unicorn (azur lane), azur lane","1girl, purple hair, purple eyes, rigging, white dress, white thighhighs, hair bun, long hair",https://danbooru.donmai.us/posts/2895370
unicorn_(blissful_movement)_(azur_lane),azur_lane,"unicorn (blissful movement) (azur lane), azur lane","1girl, purple hair, purple eyes, wings, strapless dress, white dress, white gloves, white pantyhose, white shoes, choker, side ponytail, twintails",https://danbooru.donmai.us/posts/6359658
unicorn_(icy-sweet_storytime)_(azur_lane),azur_lane,"unicorn (icy-sweet storytime) (azur lane), azur lane","1girl, purple hair, purple eyes, white thighhighs, long hair",https://danbooru.donmai.us/posts/4547988
unicorn_(little_star_songstress)_(azur_lane),azur_lane,"unicorn (little star songstress) (azur lane), azur lane","1girl, purple hair, purple eyes, rigging, wings, blue dress, high-low dress, black thighhighs, elbow gloves, fingerless gloves, long hair",https://danbooru.donmai.us/posts/2912374
unicorn_(long-awaited_date)_(azur_lane),azur_lane,"unicorn (long-awaited date) (azur lane), azur lane","1girl, purple hair, purple eyes, school uniform, black skirt, pleated skirt, white shirt, black sailor collar, black shoes, twintails, very long hair",https://danbooru.donmai.us/posts/3427402
unicorn_(prayer_of_plum_and_snow)_(azur_lane),azur_lane,"unicorn (prayer of plum and snow) (azur lane), azur lane","1girl, purple hair, purple eyes, frilled kimono, short kimono, white thighhighs, ponytail, medium hair",https://danbooru.donmai.us/posts/3779129
unicorn_(retrofit)_(azur_lane),azur_lane,"unicorn (retrofit) (azur lane), azur lane","1girl, purple hair, purple eyes, rigging, wings, see-through dress, short dress, white shoes, white thighhighs, hair bun, long hair",https://danbooru.donmai.us/posts/5383130
unicorn_(snow_white_guardian_angel)_(azur_lane),azur_lane,"unicorn (snow white guardian angel) (azur lane), azur lane","1girl, purple hair, purple eyes, wings, frilled dress, off-shoulder dress, blue hat, high heel boots, white boots, white thighhighs, hair bun, very long hair",https://danbooru.donmai.us/posts/7386970
unicorn_(the_gift_of_spring)_(azur_lane),azur_lane,"unicorn (the gift of spring) (azur lane), azur lane","1girl, purple hair, purple eyes, short dress, white dress, black shoes, white thighhighs, long hair",https://danbooru.donmai.us/posts/3017516
universal_bulin_(azur_lane),azur_lane,"universal bulin (azur lane), azur lane","1girl, white hair, mechanical tail, pleated dress, short dress, white socks, long hair",https://danbooru.donmai.us/posts/2951177
unryuu_(azur_lane),azur_lane,"unryuu (azur lane), azur lane","1girl, black hair, blue hair, horns, long dress, see-through dress, very long hair",https://danbooru.donmai.us/posts/10988496
unryuu_(mirage_in_the_night)_(azur_lane),azur_lane,"unryuu (mirage in the night) (azur lane), azur lane","1girl, black hair, purple eyes, horns, very long hair",https://danbooru.donmai.us/posts/10997256
unzen-chan_(azur_lane),azur_lane,"unzen-chan (azur lane), azur lane","1girl, purple hair, white hair, purple eyes, black choker",https://danbooru.donmai.us/posts/11470856
unzen_(arcane_ninja_knowledge)_(azur_lane),azur_lane,"unzen (arcane ninja knowledge) (azur lane), azur lane","1girl, purple hair, white hair, purple eyes, black thighhighs, elbow gloves, ponytail, very long hair",https://danbooru.donmai.us/posts/9954345
unzen_(azur_lane),azur_lane,"unzen (azur lane), azur lane","1girl, white hair, purple eyes, rigging, white dress, white coat, very long hair",https://danbooru.donmai.us/posts/6682481
unzen_(sojourn_through_clear_seas)_(azur_lane),azur_lane,"unzen (sojourn through clear seas) (azur lane), azur lane","1girl, purple hair, white hair, purple eyes, purple bikini, swimsuit, very long hair",https://danbooru.donmai.us/posts/6703642
urakaze_(azur_lane),azur_lane,"urakaze (azur lane), azur lane","1girl, purple hair, purple eyes, fox ears, fox tail, short dress, black thighhighs, red hairband, long hair",https://danbooru.donmai.us/posts/3017609
urakaze_(seasonal_shogun)_(azur_lane),azur_lane,"urakaze (seasonal shogun) (azur lane), azur lane","1girl, purple hair, purple eyes, fox ears, tail, black pantyhose, santa hat, very long hair",https://danbooru.donmai.us/posts/3356515
uranami_(azur_lane),azur_lane,"uranami (azur lane), azur lane","1girl, white hair, purple eyes, rigging, animal ears, white thighhighs",https://danbooru.donmai.us/posts/3762067
uranami_(snow_vanguard)_(azur_lane),azur_lane,"uranami (snow vanguard) (azur lane), azur lane","1girl, blue hair, purple eyes, wolf ears, tail, blue coat, blue shorts, ski boots, white boots, white pantyhose, long hair",https://danbooru.donmai.us/posts/3800586
uzuki_(azur_lane),azur_lane,"uzuki (azur lane), azur lane","1girl, pink hair, pink eyes, rigging, animal ears, kindergarten uniform, frilled skirt, school hat, yellow hat, short hair",https://danbooru.donmai.us/posts/2947222
uzuki_(sleepy_uzuki)_(azur_lane),azur_lane,"uzuki (sleepy uzuki) (azur lane), azur lane","1girl, brown hair, pink hair, pink eyes, cat ears, tail, kindergarten uniform, blue shirt, hooded jacket, open jacket, pleated skirt, white shorts",https://danbooru.donmai.us/posts/3119047
valiant_(azur_lane),azur_lane,"valiant (azur lane), azur lane","1girl, white hair, red eyes, crown, rigging, black skirt, white shirt, fur-trimmed cape, white thighhighs, twintails, very long hair",https://danbooru.donmai.us/posts/4048059
valiant_(queen_valiant_i)_(azur_lane),azur_lane,"valiant (queen valiant i) (azur lane), azur lane","1girl, red eyes, crown, frilled dress, layered dress, black shoes, twintails, very long hair",https://danbooru.donmai.us/posts/4561385
valparaiso_(azur_lane),azur_lane,"valparaiso (azur lane), azur lane","1girl, grey hair, grey eyes, very long hair",https://danbooru.donmai.us/posts/12078211
vampire_(eloi's_blessing)_(azur_lane),azur_lane,"vampire (eloi's blessing) (azur lane), azur lane","1girl, white hair, red eyes, wings, black shirt, pleated skirt, white skirt, black shoes, grey gloves, very long hair",https://danbooru.donmai.us/posts/2948835
vampire_(little_devil_in_white)_(azur_lane),azur_lane,"vampire (little devil in white) (azur lane), azur lane","1girl, grey hair, red eyes, heart choker, white thighhighs, hat, twintails, long hair",https://danbooru.donmai.us/posts/3220386
vampire_(night_princess's_festive_feast)_(azur_lane),azur_lane,"vampire (night princess's festive feast) (azur lane), azur lane","1girl, white hair, red eyes, frilled dress, red dress, fur-trimmed coat, two-sided coat, black choker, very long hair",https://danbooru.donmai.us/posts/7005517
vampire_(night_princess's_regalia)_(azur_lane),azur_lane,"vampire (night princess's regalia) (azur lane), azur lane","1girl, white hair, red eyes, rigging, wings, frilled dress, multicolored dress, choker, thighhighs, very long hair",https://danbooru.donmai.us/posts/3611935
vampire_(night_princess_idol)_(azur_lane),azur_lane,"vampire (night princess idol) (azur lane), azur lane","1girl, white hair, red eyes, crown, wings, pleated skirt, red skirt, white shirt, black thighhighs, red shoes, twintails, very long hair",https://danbooru.donmai.us/posts/4174516
vampire_(the_breath_of_spring)_(azur_lane),azur_lane,"vampire (the breath of spring) (azur lane), azur lane","1girl, white hair, red eyes, wings, black dress, black shoes, twintails, long hair",https://danbooru.donmai.us/posts/3017510
vanguard_(azur_lane),azur_lane,"vanguard (azur lane), azur lane","1girl, blonde hair, rigging, white dress, black boots, cape, choker, gloves, thighhighs, long hair",https://danbooru.donmai.us/posts/6008198
vanguard_(half-hearted_masquerade)_(azur_lane),azur_lane,"vanguard (half-hearted masquerade) (azur lane), azur lane","1girl, blonde hair, blue eyes, short dress, sleeveless dress, black gloves, black pantyhose, elbow gloves, long hair",https://danbooru.donmai.us/posts/5383063
vauquelin_(azur_lane),azur_lane,"vauquelin (azur lane), azur lane","1girl, pink hair, red eyes, rigging, pleated dress, sleeveless dress, skirt, armored boots, knee boots, bowtie, very long hair",https://danbooru.donmai.us/posts/3903971
vauquelin_(one-girl_orchestra)_(azur_lane),azur_lane,"vauquelin (one-girl orchestra) (azur lane), azur lane","1girl, red hair, white hair, wings, dress, black shoes, white pantyhose, long hair",https://danbooru.donmai.us/posts/4798916
vauquelin_(otherworldly_adventure)_(azur_lane),azur_lane,"vauquelin (otherworldly adventure) (azur lane), azur lane","1girl, red eyes, black bikini, swimsuit, black shorts, black boots, long hair",https://danbooru.donmai.us/posts/6164268
vestal_(azur_lane),azur_lane,"vestal (azur lane), azur lane","1girl, purple hair, blue eyes, rigging, black dress, short dress, black shoes, white hat, white thighhighs, braid, long hair",https://danbooru.donmai.us/posts/2948828
vestal_(revigorating_hestia)_(azur_lane),azur_lane,"vestal (revigorating hestia) (azur lane), azur lane","1girl, white hair, blue eyes, black bikini, swimsuit, skirt, hat, long hair",https://danbooru.donmai.us/posts/3247477
vicksburg_(azur_lane),azur_lane,"vicksburg (azur lane), azur lane","1girl, aqua hair, blonde hair, rigging, blue dress, skirt, thigh boots, long hair",https://danbooru.donmai.us/posts/11983413
vicksburg_(dazzling_diva_of_the_raceway)_(azur_lane),azur_lane,"vicksburg (dazzling diva of the raceway) (azur lane), azur lane","1girl, blonde hair, yellow eyes, white boots, white thighhighs, long hair",https://danbooru.donmai.us/posts/11983498
victorious_(azur_lane),azur_lane,"victorious (azur lane), azur lane","1girl, blonde hair, blue eyes, rigging, sleeveless dress, white dress, black thighhighs, very long hair",https://danbooru.donmai.us/posts/3033370
victorious_(guidance_of_the_spring_goddess)_(azur_lane),azur_lane,"victorious (guidance of the spring goddess) (azur lane), azur lane","1girl, blonde hair, blue eyes, white dress, black thighhighs, white shoes, very long hair",https://danbooru.donmai.us/posts/4342712
victorious_(the_goddess'_day_off)_(azur_lane),azur_lane,"victorious (the goddess' day off) (azur lane), azur lane","1girl, blonde hair, blue eyes, coat dress, black sweater, brown coat, ribbed sweater, black boots, black thighhighs, very long hair",https://danbooru.donmai.us/posts/3400880
victorious_(upon_nights_brisk_and_beautiful)_(azur_lane),azur_lane,"victorious (upon nights brisk and beautiful) (azur lane), azur lane","1girl, blonde hair, blue eyes, print kimono, purple kimono, very long hair",https://danbooru.donmai.us/posts/6814069
vincennes_(azur_lane),azur_lane,"vincennes (azur lane), azur lane","1girl, blue hair, blue eyes, black thighhighs, twintails, long hair",https://danbooru.donmai.us/posts/3194318
vincennes_(leisurely_abc's)_(azur_lane),azur_lane,"vincennes (leisurely abc's) (azur lane), azur lane","1girl, blue hair, blue eyes, black jacket, orange skirt, plaid skirt, white shirt, plaid scarf, pantyhose, twintails, long hair",https://danbooru.donmai.us/posts/3380757
vincennes_(sweet_dreams)_(azur_lane),azur_lane,"vincennes (sweet dreams) (azur lane), azur lane","1girl, blue hair, blue eyes, cat ears, cat tail, very long hair",https://danbooru.donmai.us/posts/3194321
vincenzo_gioberti_(azur_lane),azur_lane,"vincenzo gioberti (azur lane), azur lane","1girl, white hair, purple eyes, green dress, two-tone dress, green boots, green capelet, green hat, socks",https://danbooru.donmai.us/posts/4327968
vincenzo_gioberti_(fair_lady's_invitation)_(azur_lane),azur_lane,"vincenzo gioberti (fair lady's invitation) (azur lane), azur lane","1girl, white hair, purple eyes, dress",https://danbooru.donmai.us/posts/4798920
vittorio_cuniberti_(azur_lane),azur_lane,"vittorio cuniberti (azur lane), azur lane","1girl, purple hair, grey eyes, maid headdress, rigging, black dress, frilled dress, shirt, black gloves, frilled hairband, long hair",https://danbooru.donmai.us/posts/9611486
vittorio_cuniberti_(on_the_habits_of_cats)_(azur_lane),azur_lane,"vittorio cuniberti (on the habits of cats) (azur lane), azur lane","1girl, purple hair, grey eyes, cat ears, maid, black thighhighs, frilled hairband, maid headdress, long hair",https://danbooru.donmai.us/posts/10567945
vittorio_veneto_(azur_lane),azur_lane,"vittorio veneto (azur lane), azur lane","1girl, grey hair, grey eyes, rigging, black dress, short dress, red jacket, black boots, green cape, high heel boots, braid, very long hair",https://danbooru.donmai.us/posts/4481267
vittorio_veneto_(the_flower_of_la_spezia)_(azur_lane),azur_lane,"vittorio veneto (the flower of la spezia) (azur lane), azur lane","1girl, grey eyes, bikini, swimsuit, very long hair",https://danbooru.donmai.us/posts/4481584
volga_(an_irresistible_ar_adventure)_(azur_lane),azur_lane,"volga (an irresistible ar adventure) (azur lane), azur lane","1girl, red hair, yellow eyes, black dress, black pantyhose, brown boots, hat, long hair",https://danbooru.donmai.us/posts/5165038
volga_(azur_lane),azur_lane,"volga (azur lane), azur lane","1girl, brown hair, brown eyes, rigging, dress, black gloves, black shoes, fur hat, white pantyhose, cape, long hair",https://danbooru.donmai.us/posts/6004371
voroshilov_(azur_lane),azur_lane,"voroshilov (azur lane), azur lane","1girl, blue hair, red eyes, rigging, white leotard, fur-trimmed coat, showgirl skirt, white coat, black thighhighs, lace-trimmed thighhighs, very long hair",https://danbooru.donmai.us/posts/6164185
voroshilov_(devoted_as_the_warm_snow)_(azur_lane),azur_lane,"voroshilov (devoted as the warm snow) (azur lane), azur lane","1girl, blue hair, purple eyes, very long hair",https://danbooru.donmai.us/posts/6164229
voroshilov_(the_nurse's_special_rehearsal)_(azur_lane),azur_lane,"voroshilov (the nurse's special rehearsal) (azur lane), azur lane","1girl, blue hair, red eyes, short dress, white dress, white gloves, white thighhighs, choker, hat, long hair",https://danbooru.donmai.us/posts/9068043
wakaba_(azur_lane),azur_lane,"wakaba (azur lane), azur lane","1girl, brown hair, orange eyes, rigging, animal ears, school uniform, pleated skirt, red skirt, sleeveless shirt, white shirt, red bowtie, short hair",https://danbooru.donmai.us/posts/3011406
wakatsuki_(azur_lane),azur_lane,"wakatsuki (azur lane), azur lane","1girl, blue hair, blue eyes, rigging, wings, white socks, long hair",https://danbooru.donmai.us/posts/5674666
wakatsuki_(blue_sparrow_heralding_spring)_(azur_lane),azur_lane,"wakatsuki (blue sparrow heralding spring) (azur lane), azur lane","1girl, blue hair, blue eyes, tail, wings, white dress, black shoes, white socks, braid",https://danbooru.donmai.us/posts/7158736
wakatsuki_(slapdash_blue_sparrow)_(azur_lane),azur_lane,"wakatsuki (slapdash blue sparrow) (azur lane), azur lane","1girl, blue hair, grey eyes, maid, maid headdress, blue kimono, print kimono, frilled apron, maid apron, shoes",https://danbooru.donmai.us/posts/5674667
warspite_(azur_lane),azur_lane,"warspite (azur lane), azur lane","1girl, grey hair, purple eyes, rigging, white gloves, long hair",https://danbooru.donmai.us/posts/2895383
warspite_(christmas_warrior)_(azur_lane),azur_lane,"warspite (christmas warrior) (azur lane), azur lane","1girl, blonde hair, purple eyes, black gloves, elbow gloves, knee boots, red boots, white pantyhose, very long hair",https://danbooru.donmai.us/posts/3356518
warspite_(retrofit)_(azur_lane),azur_lane,"warspite (retrofit) (azur lane), azur lane","1girl, blonde hair, purple eyes, rigging, white thighhighs, gloves, scarf",https://danbooru.donmai.us/posts/3406087
warspite_(the_grand_old_lady_sunders_all)_(azur_lane),azur_lane,"warspite (the grand old lady sunders all) (azur lane), azur lane","1girl, blonde hair, purple eyes, medium hair",https://danbooru.donmai.us/posts/9971308
warspite_(under_pleasure)_(azur_lane),azur_lane,"warspite (under pleasure) (azur lane), azur lane","1girl, blonde hair, purple eyes, blue jacket, cropped jacket, sleeveless shirt, white shirt, skirt, socks",https://danbooru.donmai.us/posts/4174477
washington_(jubilant_smile)_(azur_lane),azur_lane,"washington (jubilant smile) (azur lane), azur lane","1girl, grey hair, blue eyes, dress, coat, black gloves, black shoes, short hair",https://danbooru.donmai.us/posts/5401635
washington_(making_the_rounds)_(azur_lane),azur_lane,"washington (making the rounds) (azur lane), azur lane","1girl, grey hair, blue eyes, black bikini, swimsuit, black skirt, high-waist skirt, black gloves, black hat",https://danbooru.donmai.us/posts/9068183
wasp_(azur_lane),azur_lane,"wasp (azur lane), azur lane","1girl, blonde hair, green eyes, rigging, black bikini, black dress, open dress, swimsuit, black boots, black gloves, long hair",https://danbooru.donmai.us/posts/2973318
watarase_(azur_lane),azur_lane,"watarase (azur lane), azur lane","1girl, white hair, purple eyes, horns, rigging, strapless dress, white dress, hair bun, long hair",https://danbooru.donmai.us/posts/8118815
watarase_(garments_of_everlasting_magic)_(azur_lane),azur_lane,"watarase (garments of everlasting magic) (azur lane), azur lane","1girl, grey hair, purple eyes, horns, black gloves, black thighhighs, elbow gloves, hair bun",https://danbooru.donmai.us/posts/8141289
weser_(azur_lane),azur_lane,"weser (azur lane), azur lane","1girl, red hair, red eyes, rigging, black boots, high heel boots, cape, necktie, thighhighs, short hair",https://danbooru.donmai.us/posts/4290540
weser_(obsidian_elegance)_(azur_lane),azur_lane,"weser (obsidian elegance) (azur lane), azur lane","1girl, red hair, red eyes, kimono, black socks, short hair",https://danbooru.donmai.us/posts/5020219
weser_(offtime_cafe)_(azur_lane),azur_lane,"weser (offtime cafe) (azur lane), azur lane","1girl, red hair, red eyes, maid, maid headdress, black dress, collared dress, black boots, frilled apron, frilled hairband, lace-up boots, short hair",https://danbooru.donmai.us/posts/8465458
weser_(urbane_onyx)_(azur_lane),azur_lane,"weser (urbane onyx) (azur lane), azur lane","1girl, red hair, red eyes, black dress, short hair",https://danbooru.donmai.us/posts/6023886
weser_(wave-washed_paradise)_(azur_lane),azur_lane,"weser (wave-washed paradise) (azur lane), azur lane","1girl, red hair, red eyes, highleg one-piece swimsuit, open jacket, short hair",https://danbooru.donmai.us/posts/5615153
west_virginia_(azur_lane),azur_lane,"west virginia (azur lane), azur lane","1girl, black hair, red eyes, rigging, sleeveless dress, black jacket, coat, black gloves, black shoes, long hair",https://danbooru.donmai.us/posts/3297426
west_virginia_(retrofit)_(azur_lane),azur_lane,"west virginia (retrofit) (azur lane), azur lane","1girl, black hair, blue hair, red eyes, halo, rigging, see-through dress, white dress, black coat, black boots, platform boots, long hair",https://danbooru.donmai.us/posts/6593052
whydah_(azur_lane),azur_lane,"whydah (azur lane), azur lane","1girl, brown hair, red eyes, rigging, frilled dress, sleeveless dress, black coat, black hat, black shoes, pirate hat, braid, very long hair",https://danbooru.donmai.us/posts/6814052
whydah_(lazy_pirate_angel)_(azur_lane),azur_lane,"whydah (lazy pirate angel) (azur lane), azur lane","1girl, black hair, red eyes, black dress, torn dress, striped socks, very long hair",https://danbooru.donmai.us/posts/6804049
wichita_(azur_lane),azur_lane,"wichita (azur lane), azur lane","1girl, red hair, red eyes, military uniform, white jacket, white gloves, side ponytail",https://danbooru.donmai.us/posts/6408508
wichita_(domineering_witchita)_(azur_lane),azur_lane,"wichita (domineering witchita) (azur lane), azur lane","1girl, red hair, red eyes, pointy ears, wings, black bikini, swimsuit, black gloves, black hat, black thighhighs, blue boots, ponytail",https://danbooru.donmai.us/posts/4162955
wichita_(the_general's_banquet)_(azur_lane),azur_lane,"wichita (the general's banquet) (azur lane), azur lane","1girl, red hair, red eyes, black jacket, black pants, collared shirt, dress shirt, open jacket, black choker, very long hair",https://danbooru.donmai.us/posts/6008190
yamakaze_(azur_lane),azur_lane,"yamakaze (azur lane), azur lane","1girl, brown hair, purple eyes, rigging, animal ears, skirt, brown shoes, white thighhighs",https://danbooru.donmai.us/posts/4783577
yamashiro_(azur_lane),azur_lane,"yamashiro (azur lane), azur lane","1girl, black hair, red eyes, cat ears, rigging, black kimono, short kimono, black shoes, white thighhighs, short hair",https://danbooru.donmai.us/posts/2961809
yamashiro_(dressy_black_cat)_(azur_lane),azur_lane,"yamashiro (dressy black cat) (azur lane), azur lane","1girl, black hair, red eyes, cat ears, cat tail, red dress, black pantyhose, short hair",https://danbooru.donmai.us/posts/3261168
yamashiro_(holiday_offensive)_(azur_lane),azur_lane,"yamashiro (holiday offensive) (azur lane), azur lane","1girl, black hair, red eyes, cat ears, rigging, white shirt, red capelet, white thighhighs, shoes, short hair",https://danbooru.donmai.us/posts/2957575
yamashiro_(retrofit)_(azur_lane),azur_lane,"yamashiro (retrofit) (azur lane), azur lane","1girl, black hair, red eyes, cat ears, black kimono, sideless kimono",https://danbooru.donmai.us/posts/2897020
yat_sen_(azur_lane),azur_lane,"yat sen (azur lane), azur lane","1girl, red eyes, rigging, short dress, white dress, black shoes, black thighhighs, very long hair",https://danbooru.donmai.us/posts/2929478
yat_sen_(coronal_afterglow)_(azur_lane),azur_lane,"yat sen (coronal afterglow) (azur lane), azur lane","1girl, black hair, crown, red dress, long hair",https://danbooru.donmai.us/posts/3764462
yat_sen_(paragon_of_celestial_grace)_(azur_lane),azur_lane,"yat sen (paragon of celestial grace) (azur lane), azur lane","1girl, black hair, red eyes, short dress, white dress, thighhighs, long hair",https://danbooru.donmai.us/posts/5994874
yat_sen_(pristine_leaves_rich_warmth)_(azur_lane),azur_lane,"yat sen (pristine leaves rich warmth) (azur lane), azur lane","1girl, black hair, red eyes, green dress, long dress, green shoes, very long hair",https://danbooru.donmai.us/posts/6338867
yat_sen_(pristine_waves_embrace_the_wind)_(azur_lane),azur_lane,"yat sen (pristine waves embrace the wind) (azur lane), azur lane","1girl, black hair, red eyes, white bikini, swimsuit, very long hair",https://danbooru.donmai.us/posts/11442905
yat_sen_(retrofit)_(azur_lane),azur_lane,"yat sen (retrofit) (azur lane), azur lane","1girl, black hair, red eyes, rigging, white dress, gloves, thighhighs, long hair",https://danbooru.donmai.us/posts/6008184
ying_swei_(azur_lane),azur_lane,"ying swei (azur lane), azur lane","1girl, purple hair, white hair, purple dress, purple shoes, white thighhighs, hair bun, twintails",https://danbooru.donmai.us/posts/4342806
ying_swei_(retrofit)_(azur_lane),azur_lane,"ying swei (retrofit) (azur lane), azur lane","1girl, purple hair, white hair, rigging, purple shoes, white thighhighs, hair bun, twintails",https://danbooru.donmai.us/posts/10736793
ying_swei_(snowy_pine's_warmth)_(azur_lane),azur_lane,"ying swei (snowy pine's warmth) (azur lane), azur lane","1girl, blue eyes, white dress, white pantyhose, hair bun, very long hair",https://danbooru.donmai.us/posts/4342725
yoizuki_(azur_lane),azur_lane,"yoizuki (azur lane), azur lane","1girl, black hair, blue eyes, blue kimono, short kimono, blue skirt, pleated skirt, white socks, ponytail, very long hair",https://danbooru.donmai.us/posts/3136809
yoizuki_(firecrackers_and_steamed_buns)_(azur_lane),azur_lane,"yoizuki (firecrackers and steamed buns) (azur lane), azur lane","1girl, blue hair, white hair, blue eyes, blue skirt, white shirt, black shoes, white pantyhose, very long hair",https://danbooru.donmai.us/posts/5089028
yoizuki_(sports_festival_preparations)_(azur_lane),azur_lane,"yoizuki (sports festival preparations) (azur lane), azur lane","1girl, black hair, white hair, blue eyes, gym uniform, gym shirt, white shirt, white socks, very long hair",https://danbooru.donmai.us/posts/3456315
yorck_(azur_lane),azur_lane,"yorck (azur lane), azur lane","1girl, white hair, pink eyes, rigging, black dress, black gloves, fishnet thighhighs, military hat, white thighhighs, long hair",https://danbooru.donmai.us/posts/5317597
yorck_(breaker_under_the_blood_moon)_(azur_lane),azur_lane,"yorck (breaker under the blood moon) (azur lane), azur lane","1girl, white hair, red eyes, wings, black dress, brown thighhighs, red shoes, ribbon choker, long hair",https://danbooru.donmai.us/posts/5317582
yorck_(late-night_companion)_(azur_lane),azur_lane,"yorck (late-night companion) (azur lane), azur lane","1girl, grey hair, purple eyes, white one-piece swimsuit, very long hair",https://danbooru.donmai.us/posts/7499690
yorck_(phantasmagoric_night_dancer)_(azur_lane),azur_lane,"yorck (phantasmagoric night dancer) (azur lane), azur lane","1girl, white hair, red eyes, rabbit ears, black gloves, black pantyhose, black shoes, elbow gloves, very long hair",https://danbooru.donmai.us/posts/12183562
york_(azur_lane),azur_lane,"york (azur lane), azur lane","1girl, brown hair, purple hair, green eyes, rigging, black skirt, frilled skirt, black gloves, black thighhighs, elbow gloves, grey shoes, side ponytail",https://danbooru.donmai.us/posts/2933434
york_(oath_of_purity)_(azur_lane),azur_lane,"york (oath of purity) (azur lane), azur lane","1girl, brown hair, green eyes, wedding dress, white dress, thighhighs, twintails, long hair",https://danbooru.donmai.us/posts/4819928
york_(retrofit)_(azur_lane),azur_lane,"york (retrofit) (azur lane), azur lane","1girl, brown hair, green eyes, black gloves, black pantyhose, elbow gloves, twintails, medium hair",https://danbooru.donmai.us/posts/3356519
york_(summoner_from_the_azure_depths)_(azur_lane),azur_lane,"york (summoner from the azure depths) (azur lane), azur lane","1girl, brown hair, green eyes, crown, black bikini, collared bikini, swimsuit, twintails, long hair",https://danbooru.donmai.us/posts/4059297
york_(truth_seeker)_(azur_lane),azur_lane,"york (truth seeker) (azur lane), azur lane","1girl, brown hair, green eyes, rigging, school uniform, blue shirt, blue skirt, pleated skirt, black shoes, black socks, twintails, long hair",https://danbooru.donmai.us/posts/3654621
yorktown_(an_evening's_companionship)_(azur_lane),azur_lane,"yorktown (an evening's companionship) (azur lane), azur lane","1girl, grey hair, rabbit ears, tail, black leotard, black bowtie, black pantyhose, black shoes, traditional bowtie, very long hair",https://danbooru.donmai.us/posts/10495632
yorktown_(azur_lane),azur_lane,"yorktown (azur lane), azur lane","1girl, white hair, purple eyes, dress, black pantyhose, blue shoes, long hair",https://danbooru.donmai.us/posts/2943429
yorktown_(bright-sky_mermaid)_(azur_lane),azur_lane,"yorktown (bright-sky mermaid) (azur lane), azur lane","1girl, white hair, blue eyes, swimsuit, sun hat, choker, long hair",https://danbooru.donmai.us/posts/5920481
yorktown_(evening_i_can't_remember)_(azur_lane),azur_lane,"yorktown (evening i can't remember) (azur lane), azur lane","1girl, white hair, blue eyes, black dress, halter dress, blue scarf, white gloves, ponytail, long hair",https://danbooru.donmai.us/posts/3522790
yorktown_(saintly_wings)_(azur_lane),azur_lane,"yorktown (saintly wings) (azur lane), azur lane","1girl, grey hair, blue eyes, black dress, white coat, black boots, black gloves, long hair",https://danbooru.donmai.us/posts/4819922
yorktown_(towards_tomorrow's_brilliant_breeze)_(azur_lane),azur_lane,"yorktown (towards tomorrow's brilliant breeze) (azur lane), azur lane","1girl, white hair, blue eyes, backless dress, long dress, long skirt, long hair",https://danbooru.donmai.us/posts/6643778
yorktown_ii_(an_evening's_companionship)_(azur_lane),azur_lane,"yorktown ii (an evening's companionship) (azur lane), azur lane","1girl, grey hair, rabbit ears, tail, black leotard, black bowtie, black pantyhose, black shoes, traditional bowtie, very long hair",https://danbooru.donmai.us/posts/10495632
yorktown_ii_(azur_lane),azur_lane,"yorktown ii (azur lane), azur lane","1girl, white hair, blue eyes, rigging, wings, dress, skirt, pantyhose, long hair",https://danbooru.donmai.us/posts/5920482
yorktown_ii_(bright-sky_mermaid)_(azur_lane),azur_lane,"yorktown ii (bright-sky mermaid) (azur lane), azur lane","1girl, white hair, blue eyes, swimsuit, sun hat, choker, long hair",https://danbooru.donmai.us/posts/5920481
yukikaze_(azur_lane),azur_lane,"yukikaze (azur lane), azur lane","1girl, grey hair, orange eyes, cat ears, rigging, school uniform, black skirt, pleated skirt, sleeveless shirt, white shirt, black choker, long hair",https://danbooru.donmai.us/posts/3065481
yukikaze_(sovereign_of_the_swing)_(azur_lane),azur_lane,"yukikaze (sovereign of the swing) (azur lane), azur lane","1girl, white hair, orange eyes, cat ears, frilled dress, off-shoulder dress, high heel boots, lace-up boots, long hair",https://danbooru.donmai.us/posts/3065482
yukikaze_(the_warmth_of_spring)_(azur_lane),azur_lane,"yukikaze (the warmth of spring) (azur lane), azur lane","1girl, white hair, red eyes, cat ears, white kimono, white thighhighs",https://danbooru.donmai.us/posts/3404304
yukikaze_(winter's_snowy_wind)_(azur_lane),azur_lane,"yukikaze (winter's snowy wind) (azur lane), azur lane","1girl, white hair, cat ears, dress, shoes, long hair",https://danbooru.donmai.us/posts/3764409
yura_(azur_lane),azur_lane,"yura (azur lane), azur lane","1girl, black hair, green eyes, horns, rigging, very long hair",https://danbooru.donmai.us/posts/4783532
yuubari_(azur_lane),azur_lane,"yuubari (azur lane), azur lane","1girl, black hair, red eyes, fox ears, fox tail, aqua kimono, print kimono, ribbon-trimmed thighhighs, white thighhighs, twintails, long hair",https://danbooru.donmai.us/posts/2895410
yuubari_(retrofit)_(azur_lane),azur_lane,"yuubari (retrofit) (azur lane), azur lane","1girl, black hair, red eyes, fox ears, rigging, green dress, short dress, white thighhighs, twintails, very long hair",https://danbooru.donmai.us/posts/3469217
yuudachi_(azur_lane),azur_lane,"yuudachi (azur lane), azur lane","1girl, grey hair, red eyes, rigging, animal ears, school uniform, cropped shirt, pleated skirt, fingerless gloves, braid, long hair",https://danbooru.donmai.us/posts/2895365
yuudachi_(retrofit)_(azur_lane),azur_lane,"yuudachi (retrofit) (azur lane), azur lane","1girl, grey hair, red eyes, rigging, wolf ears, school uniform, black skirt, pleated skirt, black sailor collar, red bowtie, white thighhighs, braid",https://danbooru.donmai.us/posts/4819916
yuudachi_(shogun_of_snowballs)_(azur_lane),azur_lane,"yuudachi (shogun of snowballs) (azur lane), azur lane","1girl, grey hair, pink eyes, wolf ears, tail, pleated skirt, red skirt, white thighhighs, long hair",https://danbooru.donmai.us/posts/2967765
yuudachi_(the_bride_of_solomon)_(azur_lane),azur_lane,"yuudachi (the bride of solomon) (azur lane), azur lane","1girl, grey hair, red eyes, animal ears, wedding dress, red skirt, ribbon-trimmed skirt, white socks, long hair",https://danbooru.donmai.us/posts/3261169
yuudachi_(woofy_floofy_christmas_night)_(azur_lane),azur_lane,"yuudachi (woofy floofy christmas night) (azur lane), azur lane","1girl, white hair, pink eyes, animal ears, white gloves, white thighhighs, long hair",https://danbooru.donmai.us/posts/4255821
yuugure_(azur_lane),azur_lane,"yuugure (azur lane), azur lane","1girl, black hair, yellow eyes, cat ears, cat tail, black skirt, pleated skirt, black sailor collar, black shoes, white thighhighs, hair bun, long hair",https://danbooru.donmai.us/posts/2966586
yuugure_(evening_flower)_(azur_lane),azur_lane,"yuugure (evening flower) (azur lane), azur lane","1girl, black hair, yellow eyes, cat ears, cat tail, white thighhighs, long hair",https://danbooru.donmai.us/posts/3522796
yuugure_(retrofit)_(azur_lane),azur_lane,"yuugure (retrofit) (azur lane), azur lane","1girl, black hair, yellow eyes, cat ears, rigging, school uniform, black skirt, pleated skirt, white shirt, black sailor collar, white thighhighs, long hair",https://danbooru.donmai.us/posts/3633529
yuugure_(summer_festival_shopping)_(azur_lane),azur_lane,"yuugure (summer festival shopping) (azur lane), azur lane","1girl, black hair, yellow eyes, cat ears, cat tail, kimono, white thighhighs, hair bun, long hair",https://danbooru.donmai.us/posts/4660382
yuugure_(twilight_blossom)_(azur_lane),azur_lane,"yuugure (twilight blossom) (azur lane), azur lane","1girl, black hair, yellow eyes, cat ears, cat tail, white dress, elbow gloves, thighband pantyhose, white gloves, white pantyhose, long hair",https://danbooru.donmai.us/posts/3404303
z11_(service_sincerity_and_insolvency)_(azur_lane),azur_lane,"z11 (service sincerity and insolvency) (azur lane), azur lane","1girl, purple eyes, rabbit ears, tail, black leotard, black boots, black gloves, brown pantyhose, elbow gloves, socks, twintails, very long hair",https://danbooru.donmai.us/posts/8587006
z13_(azur_lane),azur_lane,"z13 (azur lane), azur lane","1girl, grey hair, grey eyes, rigging, black bikini, swimsuit, black jacket, plaid skirt, red skirt, black boots, twintails, medium hair",https://danbooru.donmai.us/posts/9536691
z13_(strategic_date_solution)_(azur_lane),azur_lane,"z13 (strategic date solution) (azur lane), azur lane","1girl, grey eyes, black coat, black skirt, collared shirt, dress shirt, high-waist skirt, open coat",https://danbooru.donmai.us/posts/9536701
z14_(azur_lane),azur_lane,"z14 (azur lane), azur lane","1girl, purple hair, blue eyes, rigging, grey dress, black boots, black hat, black scarf, grey thighhighs, torn thighhighs, long hair",https://danbooru.donmai.us/posts/11415707
z14_(lost_in_the_summer_sun)_(azur_lane),azur_lane,"z14 (lost in the summer sun) (azur lane), azur lane","1girl, purple hair, blue eyes, blue bikini, swimsuit, see-through sarong, long hair",https://danbooru.donmai.us/posts/11415714
z15_(azur_lane),azur_lane,"z15 (azur lane), azur lane","1girl, red hair, black eyes, pointy ears, rigging, black shorts, short shorts, black boots, thigh boots",https://danbooru.donmai.us/posts/11415562
z15_(dancing_diver)_(azur_lane),azur_lane,"z15 (dancing diver) (azur lane), azur lane","1girl, red hair, black eyes, pointy ears, black bikini, swimsuit, long hair",https://danbooru.donmai.us/posts/11415654
z16_(azur_lane),azur_lane,"z16 (azur lane), azur lane","1girl, black hair, white hair, red eyes, horns, rigging, open jacket, boots, gloves, thighhighs",https://danbooru.donmai.us/posts/5601603
z18_(azur_lane),azur_lane,"z18 (azur lane), azur lane","1girl, blonde hair, blue eyes, black jacket, black skirt, military jacket, pleated skirt, black gloves, black hat, twintails, very long hair",https://danbooru.donmai.us/posts/3182521
z23_(azur_lane),azur_lane,"z23 (azur lane), azur lane","1girl, blonde hair, blue eyes, purple eyes, rigging, dress, bike shorts, showgirl skirt, ankle socks, black gloves, black socks, short hair",https://danbooru.donmai.us/posts/2893295
z23_(inky_antics)_(azur_lane),azur_lane,"z23 (inky antics) (azur lane), azur lane","1girl, brown hair, blue eyes, dress, white socks, short hair",https://danbooru.donmai.us/posts/10750010
z23_(keeper_of_the_comf-fort)_(azur_lane),azur_lane,"z23 (keeper of the comf-fort) (azur lane), azur lane","1girl, blonde hair, blue eyes, black shirt, black shorts, short hair",https://danbooru.donmai.us/posts/4627919
z23_(philosophy_sensei)_(azur_lane),azur_lane,"z23 (philosophy sensei) (azur lane), azur lane","1girl, blonde hair, purple eyes, rigging, black shirt, black skirt, pencil skirt, sleeveless shirt, black pantyhose, red shoes, short hair",https://danbooru.donmai.us/posts/2929468
z23_(retrofit)_(azur_lane),azur_lane,"z23 (retrofit) (azur lane), azur lane","1girl, brown hair, purple eyes, military uniform, boots, cape, gloves, hat, thighhighs, short hair",https://danbooru.donmai.us/posts/3151429
z23_(schwarze_hochzeit)_(azur_lane),azur_lane,"z23 (schwarze hochzeit) (azur lane), azur lane","1girl, brown hair, purple eyes, black dress, frilled dress, black gloves, black shoes, black thighhighs, short hair",https://danbooru.donmai.us/posts/4048700
z23_(tanz_der_blumen)_(azur_lane),azur_lane,"z23 (tanz der blumen) (azur lane), azur lane","1girl, brown hair, purple eyes, backless dress, black dress, black pantyhose, short hair",https://danbooru.donmai.us/posts/6703649
z23_(the_banquet's_honor_student)_(azur_lane),azur_lane,"z23 (the banquet's honor student) (azur lane), azur lane","1girl, brown hair, blue eyes, black dress, pleated dress, black gloves, black shoes, half gloves, white thighhighs, short hair",https://danbooru.donmai.us/posts/3522863
z24_(azur_lane),azur_lane,"z24 (azur lane), azur lane","1girl, black hair, yellow eyes, pointy ears, wings, black dress, layered dress, black boots, black capelet, black corset, knee boots, twintails",https://danbooru.donmai.us/posts/5020255
z24_(blood-red_dance_beneath_the_moon)_(azur_lane),azur_lane,"z24 (blood-red dance beneath the moon) (azur lane), azur lane","1girl, black hair, red hair, yellow eyes, wings, black dress, black shoes, black thighhighs, very long hair",https://danbooru.donmai.us/posts/6814059
z24_(festival-going_fiend)_(azur_lane),azur_lane,"z24 (festival-going fiend) (azur lane), azur lane","1girl, black hair, yellow eyes, wings, red skirt, white socks, long hair",https://danbooru.donmai.us/posts/5020261
z24_(the_devil_on_the_court)_(azur_lane),azur_lane,"z24 (the devil on the court) (azur lane), azur lane","1girl, black hair, red hair, yellow eyes, pointy ears, gym uniform, shoes, socks, ponytail, long hair",https://danbooru.donmai.us/posts/5615151
z25_(azur_lane),azur_lane,"z25 (azur lane), azur lane","1girl, pink hair, yellow eyes, black boots, black gloves, black hat, knee boots, ponytail",https://danbooru.donmai.us/posts/3174345
z25_(hot_summer's_cool_breeze)_(azur_lane),azur_lane,"z25 (hot summer's cool breeze) (azur lane), azur lane","1girl, pink hair, yellow eyes, bikini, swimsuit, black gloves, black hat, side ponytail, long hair",https://danbooru.donmai.us/posts/3174346
z26_(azur_lane),azur_lane,"z26 (azur lane), azur lane","1girl, pink hair, purple eyes, rigging, black shirt, black skirt, sleeveless shirt, black hat, red gloves, red socks, twintails, very long hair",https://danbooru.donmai.us/posts/4059303
z26_(sharing_is_caring)_(azur_lane),azur_lane,"z26 (sharing is caring) (azur lane), azur lane","1girl, pink hair, purple eyes, black shirt, micro shorts, off-shoulder shirt, white socks, twintails, very long hair",https://danbooru.donmai.us/posts/4059310
z28_(azur_lane),azur_lane,"z28 (azur lane), azur lane","1girl, grey hair, blue eyes, rigging, military uniform, white thighhighs, hat",https://danbooru.donmai.us/posts/4275306
z28_(sylvan_celebration)_(azur_lane),azur_lane,"z28 (sylvan celebration) (azur lane), azur lane","1girl, grey hair, blue eyes, green dress, see-through dress, white gloves, hairband, shoes, short hair",https://danbooru.donmai.us/posts/5691082
z35_(azur_lane),azur_lane,"z35 (azur lane), azur lane","1girl, brown hair, blue eyes, black skirt, black hat, black pantyhose, white gloves, medium hair",https://danbooru.donmai.us/posts/3174347
z36_(azur_lane),azur_lane,"z36 (azur lane), azur lane","1girl, blue hair, blue eyes, red eyes, rigging, black skirt, frilled skirt, black cape, black necktie, black thighhighs, hat, long hair",https://danbooru.donmai.us/posts/3515600
z43_(a_secret_base_for_two)_(azur_lane),azur_lane,"z43 (a secret base for two) (azur lane), azur lane","1girl, pink hair, orange eyes, yellow eyes, black skirt, pleated skirt, white shirt, school hat, yellow bowtie, medium hair",https://danbooru.donmai.us/posts/7758953
z43_(azur_lane),azur_lane,"z43 (azur lane), azur lane","1girl, pink hair, yellow eyes, rigging, wings, pleated skirt, white shirt, white skirt, black corset, lace-up boots, medium hair",https://danbooru.donmai.us/posts/7836185
z46_(azur_lane),azur_lane,"z46 (azur lane), azur lane","1girl, grey hair, yellow eyes, rigging, dress, white gloves, cape, hat, shoes, long hair",https://danbooru.donmai.us/posts/2878962
z46_(chronicles_of_the_dust_wars)_(azur_lane),azur_lane,"z46 (chronicles of the dust wars) (azur lane), azur lane","1girl, grey hair, yellow eyes, maid, maid headdress, black shoes, black thighhighs, long hair",https://danbooru.donmai.us/posts/5020144
z46_(girls'_relay)_(azur_lane),azur_lane,"z46 (girls' relay) (azur lane), azur lane","1girl, grey hair, yellow eyes, rigging, gym uniform, open jacket, red jacket, white shirt, black choker, black socks, ponytail, long hair",https://danbooru.donmai.us/posts/3836609
z46_(her_first_summer)_(azur_lane),azur_lane,"z46 (her first summer) (azur lane), azur lane","1girl, brown hair, yellow eyes, blue one-piece swimsuit, brown gloves, straw hat, long hair",https://danbooru.donmai.us/posts/3174339
z46_(jianzhi_fantasia)_(azur_lane),azur_lane,"z46 (jianzhi fantasia) (azur lane), azur lane","1girl, grey hair, orange eyes, sleeveless dress, brown gloves, brown shoes, elbow gloves, white thighhighs, long hair",https://danbooru.donmai.us/posts/4342780
z46_(star-lit_chocolate)_(azur_lane),azur_lane,"z46 (star-lit chocolate) (azur lane), azur lane","1girl, white hair, yellow eyes, black dress, frilled dress, black gloves, black shoes, black thighhighs, mini hat, very long hair",https://danbooru.donmai.us/posts/4174518
z46_(the_bard_of_hamelin)_(azur_lane),azur_lane,"z46 (the bard of hamelin) (azur lane), azur lane","1girl, grey hair, yellow eyes, black shirt, white skirt, jacket, black hat, brown boots, green cape, very long hair",https://danbooru.donmai.us/posts/7346889
z47_(azur_lane),azur_lane,"z47 (azur lane), azur lane","1girl, pink hair, white hair, yellow eyes, rigging, black dress, black jacket, pink shoes, white socks, twintails",https://danbooru.donmai.us/posts/7800103
z52_(azur_lane),azur_lane,"z52 (azur lane), azur lane","1girl, black hair, red hair, yellow eyes, rigging, tail, black jacket, black shorts, short shorts, black gloves, black thighhighs, twintails",https://danbooru.donmai.us/posts/8585640
z52_(the_rapid_rabbit)_(azur_lane),azur_lane,"z52 (the rapid rabbit) (azur lane), azur lane","1girl, black hair, red hair, yellow eyes, horns, tail, black jacket, black shoes, black thighhighs",https://danbooru.donmai.us/posts/8585671
z9_(azur_lane),azur_lane,"z9 (azur lane), azur lane","1girl, grey hair, red eyes, rigging, white dress, zipper dress, black jacket, black choker, black hat, torn pantyhose, long hair",https://danbooru.donmai.us/posts/8587015
z9_(teary_cocktail)_(azur_lane),azur_lane,"z9 (teary cocktail) (azur lane), azur lane","1girl, brown hair, red eyes, rabbit ears, white leotard, white pantyhose, white shoes, very long hair",https://danbooru.donmai.us/posts/8587021
zara_(azur_lane),azur_lane,"zara (azur lane), azur lane","1girl, black hair, red hair, brown eyes, rigging, green dress, military uniform, short dress, black hat, black thighhighs, green shoes, long hair",https://danbooru.donmai.us/posts/3624853
zara_(poolside_coincidence)_(azur_lane),azur_lane,"zara (poolside coincidence) (azur lane), azur lane","1girl, red hair, brown eyes, black bikini, swimsuit, side ponytail",https://danbooru.donmai.us/posts/3624854
zeppy_(azur_lane),azur_lane,"zeppy (azur lane), azur lane","1girl, white hair, red eyes, rigging, military uniform, black hat, black pantyhose, military hat, thighband pantyhose",https://danbooru.donmai.us/posts/3488819
zuihou_(azur_lane),azur_lane,"zuihou (azur lane), azur lane","1girl, black hair, brown eyes, horns, school uniform, dress, kimono, pleated skirt, white skirt, brown shoes, long hair",https://danbooru.donmai.us/posts/6682473
zuihou_(joy_comes_on_fledgling_wings)_(azur_lane),azur_lane,"zuihou (joy comes on fledgling wings) (azur lane), azur lane","1girl, brown hair, brown eyes, black dress, showgirl skirt, long hair",https://danbooru.donmai.us/posts/8072940
zuikaku_(azur_lane),azur_lane,"zuikaku (azur lane), azur lane","1girl, brown hair, yellow eyes, rigging, black socks, ponytail, very long hair",https://danbooru.donmai.us/posts/2893898
zuikaku_(ceremonial_crane)_(azur_lane),azur_lane,"zuikaku (ceremonial crane) (azur lane), azur lane","1girl, brown hair, yellow eyes, black dress, black boots, black gloves, brown thighhighs, half gloves, high heel boots, ponytail, very long hair",https://danbooru.donmai.us/posts/3606868
zuikaku_(the_wind's_true_name)_(azur_lane),azur_lane,"zuikaku (the wind's true name) (azur lane), azur lane","1girl, brown hair, black shoes, black thighhighs, very long hair",https://danbooru.donmai.us/posts/3961877
