wiki_title,wiki_updated_at,status,image_type,image_id,form_title,label,wiki_url,form_wiki_url,form_wiki_status,form_wiki_updated_at,form_description,url,source,character_tags,copyright_tags,general_tags,meta_tags,md5
acheron_(honkai:_star_rail),2026-09-08T14:32:11.724-04:00,candidate,post,7691435,,Default,https://danbooru.donmai.us/wiki_pages/acheron_(honkai%3A_star_rail),,,,,https://danbooru.donmai.us/posts/7691435,Sprite #1308,acheron_(honkai:_star_rail),honkai:_star_rail honkai_(series),1girl arrow_(projectile) asymmetrical_footwear black_boots boots full_body hair_over_one_eye high_heel_boots high_heels holding holding_sword holding_umbrella holding_weapon knee_boots long_hair navel oil-paper_umbrella purple_hair short_shorts shorts single_knee_boot single_thigh_boot solo sword thigh_boots transparent_background umbrella weapon,game_asset highres non-web_source official_art,16760db3d4a94386653105029a17367b
acheron_(honkai:_star_rail),2026-09-08T14:32:11.724-04:00,candidate,post,7339400,Acheron (Slashed Dream) (Honkai: Star Rail),Slashed Dream,https://danbooru.donmai.us/wiki_pages/acheron_(honkai%3A_star_rail),https://danbooru.donmai.us/wiki_pages/Acheron_(Slashed_Dream)_(Honkai%3A_Star_Rail),found,2026-04-24T04:29:03.356-04:00,"An appearance used by [[Acheron (Honkai: Star Rail)|]] in [[Honkai: Star Rail]] while using her full power in combat.

Key differences from her base appearance include an overall change to a black-and-white palette with traces of red, a red arm ([[colored extremities]]) in place of her [[single elbow glove]], a reduction of her coat piece to just [[coattails]] and a [[single detached sleeve]] that is also [[single wide sleeve|wide]].

This tag may also be used with [[Acheron (Izumo) (Honkai: Star Rail)|]]. [[Red horns]], [[white hair]], [[colored extremities]] and [[red eyes]] are a key differ",https://danbooru.donmai.us/posts/7339400,https://twitter.com/euneun_000/status/1769000065211711505,acheron_(honkai:_star_rail) acheron_(slashed_dream)_(honkai:_star_rail),honkai:_star_rail honkai_(series),1girl arm_tattoo asymmetrical_legwear belly belt black_choker black_gloves black_pantyhose black_shorts breasts bright_pupils choker chromatic_aberration cleavage colored_extremities dark_background detached_sleeves flower_ornament gloves greyscale hair_ornament hair_over_one_eye holding holding_sword holding_weapon katana large_breasts leg_tattoo long_bangs long_hair long_sleeves looking_at_viewer monochrome navel pantyhose red_eyes red_hands shorts sky solo_focus spot_color star_(sky) starry_sky starry_sky_background stomach sword tattoo weapon white_pupils,commentary_request,b69d0e26bfce5c17e7944bf120a45715
acheron_(honkai:_star_rail),2026-09-08T14:32:11.724-04:00,candidate,post,7853437,Acheron (Izumo) (Honkai: Star Rail),Izumo,https://danbooru.donmai.us/wiki_pages/acheron_(honkai%3A_star_rail),https://danbooru.donmai.us/wiki_pages/Acheron_(Izumo)_(Honkai%3A_Star_Rail),found,2026-01-23T02:04:18.804-05:00,"An [[official alternate costume]] worn by [[Acheron (Honkai: Star Rail)|]] during the events of the fall of Izumo.

Her outfit is officially revealed in [Myriad Celestia Trailer — ""Kyoden: A Cleave Across the Transient World""](https://youtu.be/Z3aWHMg92_U) and can be seen in-game twice in the Penacony main story. She is portrayed with a slightly darker shade for her long [[purple hair]], with the most obvious difference being the presence of [[red horns|red]] oni horns reminiscent of the [[Raiden Mei (Herrscher of Thunder)|Herrscher of Thunder]]. Her outfit consists of a [[white kimono]] with ",https://danbooru.donmai.us/posts/7853437,https://t.bilibili.com/953905364532723712,acheron_(honkai:_star_rail) acheron_(izumo)_(honkai:_star_rail),honkai:_star_rail honkai_(series),1girl brown_hair company_name copyright_name eyeshadow horns japanese_clothes kimono light_smile logo makeup official_alternate_costume official_alternate_hair_color purple_eyes red_eyeshadow red_horns robe smile solo upper_body white_kimono white_robe,chinese_commentary commentary_request highres official_art,e1a02fcb2af22e321d429cb7d9dd78be
acheron_(honkai:_star_rail),2026-09-08T14:32:11.724-04:00,asset_no_post_tags,asset,23789813,Acheron (Ambush) (Honkai: Star Rail),Ambush,https://danbooru.donmai.us/wiki_pages/acheron_(honkai%3A_star_rail),https://danbooru.donmai.us/wiki_pages/Acheron_(Ambush)_(Honkai%3A_Star_Rail),found,2026-06-14T01:31:25.410-04:00,"An [[official alternate costume]] for [[Honkai: Star Rail]]'s [[Acheron (Honkai: Star Rail)|]], exclusive to the 2.2 Nameless Honor set.",https://danbooru.donmai.us/media_assets/23789813,,,,,,
acheron_(honkai:_star_rail),2026-09-08T14:32:11.724-04:00,candidate,post,7610066,Acheron (Boundless Choreo) (Honkai: Star Rail),Boundless Choreo,https://danbooru.donmai.us/wiki_pages/acheron_(honkai%3A_star_rail),https://danbooru.donmai.us/wiki_pages/Acheron_(Boundless_Choreo)_(Honkai%3A_Star_Rail),found,2025-12-01T09:30:56.406-05:00,"An [[official alternate costume|official costume]] of [[Honkai: Star Rail]]'s [[Acheron (Honkai: Star Rail)|]] in the Light Cone, ""Boundless Choreo"":[https://honkai-star-rail.fandom.com/wiki/Boundless_Choreo]. It consists of a [[white shirt]] worn under a [[black jacket]] [[suit]], and [[black pants]].",https://danbooru.donmai.us/posts/7610066,https://static.wikia.nocookie.net/houkai-star-rail/images/3/30/Light_Cone_Boundless_Choreo_Artwork.png/revision/latest?cb=20240508030648&format=original,acheron_(boundless_choreo)_(honkai:_star_rail) acheron_(honkai:_star_rail) black_swan_(boundless_choreo)_(honkai:_star_rail) black_swan_(honkai:_star_rail),honkai:_star_rail honkai_(series),2girls backless_dress backless_outfit black_jacket black_pants collarbone dancing diamond-shaped_pupils diamond_(shape) dress earrings eyes_visible_through_hair facing_another hair_between_eyes hair_intakes hair_ornament hair_over_one_eye holding_another's_arm holding_hands jacket jewelry long_hair looking_at_another multicolored_hair multiple_girls official_alternate_costume pants purple_dress purple_eyes purple_hair streaked_hair symbol-shaped_pupils very_long_hair yuri,commentary highres official_art third-party_source,44f9594b48145cfb4cbc3b3f08b28241
acheron_(honkai:_star_rail),2026-09-08T14:32:11.724-04:00,candidate,post,9066489,Acheron (Star Rail Live 2025) (Honkai: Star Rail),Star Rail Live 2025,https://danbooru.donmai.us/wiki_pages/acheron_(honkai%3A_star_rail),https://danbooru.donmai.us/wiki_pages/Acheron_(Star_Rail_Live_2025)_(Honkai%3A_Star_Rail),found,2025-03-28T12:11:14.170-04:00,"An [[official alternate costume]] for [[acheron (Honkai: Star Rail)|]] from [[Honkai: Star Rail]] (2025 Star Rail Live concert)

H4. Appearance

* !post #9062795",https://danbooru.donmai.us/posts/9066489,https://www.weibo.com/7817290049/PkFD3ekEd,acheron_(honkai:_star_rail) acheron_(star_rail_live_2025)_(honkai:_star_rail),honkai:_star_rail honkai_(series),1girl asymmetrical_gloves black_dress black_gloves dress earrings elbow_gloves electric_guitar gloves guitar hair_intakes hair_over_one_eye half_gloves holding holding_guitar holding_instrument holding_plectrum instrument jacket jacket_on_shoulders jewelry long_hair necklace official_alternate_costume parted_lips pearl_necklace plectrum purple_eyes purple_hair red_dress side_slit single_earring solo strapless strapless_dress two-tone_dress uneven_gloves very_long_hair,absurdres commentary_request highres official_art second-party_source,d301649b567cece1b2bbd674a75bde18
acheron_(honkai:_star_rail),2026-09-08T14:32:11.724-04:00,asset_no_post_tags,asset,48758001,Acheron (Little Cat) (Honkai: Star Rail),Little Cat,https://danbooru.donmai.us/wiki_pages/acheron_(honkai%3A_star_rail),https://danbooru.donmai.us/wiki_pages/Acheron_(Little_Cat)_(Honkai%3A_Star_Rail),found,2026-06-14T15:36:30.840-04:00,"An [[aged down]] [[official alternate costume]] of [[Honkai: Star Rail|Honkai: Star Rail's]] [[Acheron (Honkai: Star Rail)|]], taken from the ""Little Cat Series"" of merchandise.",https://danbooru.donmai.us/media_assets/48758001,,,,,,
acheron_(izumo)_(honkai:_star_rail),2026-01-23T02:04:18.804-05:00,candidate,post,7853437,,In-game CG,https://danbooru.donmai.us/wiki_pages/acheron_(izumo)_(honkai%3A_star_rail),,,,,https://danbooru.donmai.us/posts/7853437,https://t.bilibili.com/953905364532723712,acheron_(honkai:_star_rail) acheron_(izumo)_(honkai:_star_rail),honkai:_star_rail honkai_(series),1girl brown_hair company_name copyright_name eyeshadow horns japanese_clothes kimono light_smile logo makeup official_alternate_costume official_alternate_hair_color purple_eyes red_eyeshadow red_horns robe smile solo upper_body white_kimono white_robe,chinese_commentary commentary_request highres official_art,e1a02fcb2af22e321d429cb7d9dd78be
acheron_(slashed_dream)_(honkai:_star_rail),2026-04-24T04:29:03.356-04:00,candidate,post,7339400,,Slashed Dream as base appearance,https://danbooru.donmai.us/wiki_pages/acheron_(slashed_dream)_(honkai%3A_star_rail),,,,,https://danbooru.donmai.us/posts/7339400,https://twitter.com/euneun_000/status/1769000065211711505,acheron_(honkai:_star_rail) acheron_(slashed_dream)_(honkai:_star_rail),honkai:_star_rail honkai_(series),1girl arm_tattoo asymmetrical_legwear belly belt black_choker black_gloves black_pantyhose black_shorts breasts bright_pupils choker chromatic_aberration cleavage colored_extremities dark_background detached_sleeves flower_ornament gloves greyscale hair_ornament hair_over_one_eye holding holding_sword holding_weapon katana large_breasts leg_tattoo long_bangs long_hair long_sleeves looking_at_viewer monochrome navel pantyhose red_eyes red_hands shorts sky solo_focus spot_color star_(sky) starry_sky starry_sky_background stomach sword tattoo weapon white_pupils,commentary_request,b69d0e26bfce5c17e7944bf120a45715
acheron_(slashed_dream)_(honkai:_star_rail),2026-04-24T04:29:03.356-04:00,candidate,post,7361948,,Slashed Dream as Izumo appearance,https://danbooru.donmai.us/wiki_pages/acheron_(slashed_dream)_(honkai%3A_star_rail),,,,,https://danbooru.donmai.us/posts/7361948,https://t.bilibili.com/911570803882983447,acheron_(honkai:_star_rail) acheron_(izumo)_(honkai:_star_rail) acheron_(slashed_dream)_(honkai:_star_rail),honkai:_star_rail honkai_(series),1girl copyright_name holding holding_sword holding_weapon horns japanese_clothes katana kimono long_hair official_alternate_color official_alternate_costume red_eyes solo sword upper_body very_long_hair weapon white_hair white_kimono,chinese_commentary commentary highres official_art,96153cce86680d27463fb803a97ba99c
aglaea_(honkai:_star_rail),2026-09-04T18:14:03.501-04:00,candidate,post,8704034,,Splash art,https://danbooru.donmai.us/wiki_pages/aglaea_(honkai%3A_star_rail),,,,,https://danbooru.donmai.us/posts/8704034,assets/asbres/spriteoutput/avatardrawcard/1402,aglaea_(honkai:_star_rail),honkai:_star_rail honkai_(series),1girl armpits blonde_hair broken column dress fire garmentmaker_(honkai:_star_rail) green_eyes hand_up mannequin memosprite pillar transparent_background two-sided_dress two-sided_fabric white_dress yellow_dress,game_asset highres non-web_source official_art,53d2e21ed10de3f08be303f3207e5063
aglaea_(honkai:_star_rail),2026-09-04T18:14:03.501-04:00,asset_no_post_tags,asset,33478402,Aglaea (Fashion) (Honkai: Star Rail),Fashion,https://danbooru.donmai.us/wiki_pages/aglaea_(honkai%3A_star_rail),https://danbooru.donmai.us/wiki_pages/Aglaea_(Fashion)_(Honkai%3A_Star_Rail),found,2025-10-12T20:41:59.153-04:00,"An [[official alternate costume]] of [[Honkai: Star Rail]]'s [[Aglaea (honkai: star rail)|]], exclusive to the 3.4 Nameless Honor set.

Portrayed with a [[gold choker]], [[necklace]], and a striped grey shirt and/or jacket.",https://danbooru.donmai.us/media_assets/33478402,,,,,,
aglaea_(honkai:_star_rail),2026-09-04T18:14:03.501-04:00,candidate,post,9175510,Aglaea (mom's touch) (honkai: star rail),Mom's Touch,https://danbooru.donmai.us/wiki_pages/aglaea_(honkai%3A_star_rail),https://danbooru.donmai.us/wiki_pages/Aglaea_(mom's_touch)_(honkai%3A_star_rail),found,2025-05-16T21:29:42.961-04:00,"An [[official alternate costume]] of [[Honkai: Star Rail]]'s [[aglaea_(honkai:_star_rail)|Aglaea]] for a collaboration with [[Mom's Touch]].

* !post #9175510: [[Official Art]]",https://danbooru.donmai.us/posts/9175510,https://twitter.com/honkaisr_kr/status/1913155551225430115,aglaea_(honkai:_star_rail) aglaea_(mom's_touch)_(honkai:_star_rail) trianne_(honkai:_star_rail) tribbie_(honkai:_star_rail) tribbie_(mom's_touch)_(honkai:_star_rail) trinnon_(honkai:_star_rail),honkai:_star_rail honkai_(series) mom's_touch,2girls bag black_shoes blue_eyes character_charm charm_(object) closed_mouth cross-shaped_pupils detached_sleeves dress full_body grin hat high_heels long_sleeves looking_at_viewer mary_janes multiple_girls official_alternate_costume pointy_ears red_hair shoes short_hair shoulder_bag smile socks standing standing_on_one_leg sun_hat symbol-shaped_pupils white_bag white_dress white_hat white_socks,commentary_request official_art,22136f34c2ef1174b953036a1f70afb9
aglaea_(honkai:_star_rail),2026-09-04T18:14:03.501-04:00,candidate,post,8870706,Aglaea (Alternate Spacetime) (Honkai: Star Rail),Alternate Spacetime,https://danbooru.donmai.us/wiki_pages/aglaea_(honkai%3A_star_rail),https://danbooru.donmai.us/wiki_pages/Aglaea_(Alternate_Spacetime)_(Honkai%3A_Star_Rail),found,2026-05-27T19:54:32.924-04:00,"A costume of [[Aglaea (Honkai: Star Rail)|]] from [[Honkai: Star Rail]] from the ""Alternate Spacetime Chronicles"":[/pools/26796] series of promotional arts.

Portrayed in a [[formal clothes|formal]] [[black dress]] with a [[pearl necklace]].",https://danbooru.donmai.us/posts/8870706,https://www.weibo.com/7817290049/5135008155305517,aglaea_(alternate_spacetime)_(honkai:_star_rail) aglaea_(honkai:_star_rail),honkai:_star_rail honkai_(series),3boys 3girls black_dress blonde_hair bracelet breasts cleavage crossed_legs dress earrings green_eyes jewelry large_breasts multiple_boys multiple_girls necklace official_alternate_costume pearl_bracelet pearl_necklace ring short_hair sitting,absurdres chinese_commentary commentary_request highres official_art second-party_source,7729988b750d5846270b9134d599fcab
aglaea_(honkai:_star_rail),2026-09-04T18:14:03.501-04:00,candidate,post,10355129,Chrysos Heirs School Uniform,[[Chrysos Heirs School Uniform]] (with [[Cipher (Honkai: Star Rail)|]]),https://danbooru.donmai.us/wiki_pages/aglaea_(honkai%3A_star_rail),https://danbooru.donmai.us/wiki_pages/Chrysos_Heirs_School_Uniform,found,2026-05-27T19:51:23.958-04:00,"A [[school uniform]] worn by the [[Chrysos Heirs (honkai: star rail)|]] from [[Honkai: Star Rail]] in a piece of promotional art and ""animated video"":[https://www.bilibili.com/video/BV1tHyMBjETK/] for the end of the Amphoreus story.

The uniform consists of a white [[collared shirt]], a blue and grey [[striped necktie]], an optional [[brown sweater vest]], and a [[black skirt]] or [[black pants]].",https://danbooru.donmai.us/posts/10355129,https://twitter.com/yktabe/status/1994786608940552651,aglaea_(honkai:_star_rail) cipher_(honkai:_star_rail),honkai:_star_rail honkai_(series),2girls animal_ear_fluff animal_ears black_shoes black_socks blonde_hair blue_skirt cat_ears cat_girl chrysos_heirs_school_uniform closed_eyes closed_mouth feral_instincts grey_hair hair_ornament invisible_chair kneehighs lap_pillow loafers looking_at_another lying_on_lap multiple_girls necktie official_alternate_costume school_uniform shirt shoes short_hair short_sleeves simple_background sitting skirt smile socks white_background white_shirt yuri,absurdres commentary_request highres,a4c9e0467ff925de1dfef4fbb0fa8e01
aglaea_(honkai:_star_rail),2026-09-04T18:14:03.501-04:00,candidate,post,11437894,Aglaea (Impression) (Honkai: Star Rail),Impression,https://danbooru.donmai.us/wiki_pages/aglaea_(honkai%3A_star_rail),https://danbooru.donmai.us/wiki_pages/Aglaea_(Impression)_(Honkai%3A_Star_Rail),found,2026-05-29T20:38:57.955-04:00,"Official [[Aglaea (Honkai: Star Rail)|]]-themed clothing merchandise available on official [[miHoYo]] online stores.

Consists of a [[short sleeves|short-sleeved]] [[white dress]] and a [[white bag|white]] [[handbag]].",https://danbooru.donmai.us/posts/11437894,https://x.com/tooooo__hu/status/2058137612360265834,aglaea_(honkai:_star_rail) aglaea_(impression)_(honkai:_star_rail),honkai:_star_rail honkai_(series),1girl bag blonde_hair breasts cat dress green_eyes handbag large_breasts official_alternate_costume sandals short_hair solo white_dress,absurdres commentary_request highres,968230f65affbdc1328d0c85f92e92ff
asta_(honkai:_star_rail),2026-09-04T18:28:24.697-04:00,candidate,post,7689951,,Splash art,https://danbooru.donmai.us/wiki_pages/asta_(honkai%3A_star_rail),,,,,https://danbooru.donmai.us/posts/7689951,assets/asbres/spriteoutput/avatardrawcard/1009,asta_(honkai:_star_rail),honkai:_star_rail honkai_(series),1girl black_shoes breasts center_frills closed_mouth frills full_body hand_up high_heels id_card looking_at_viewer medium_hair pumps red_hair shirt shoes sideboob sitting skirt sleeveless sleeveless_shirt solo telescope thigh_strap transparent_background,game_asset highres non-web_source official_art,46afff1244b3e3b9da486012de678ccb
bailu_(honkai:_star_rail),2026-09-06T07:52:44.868-04:00,candidate,post,7691280,,Default,https://danbooru.donmai.us/wiki_pages/bailu_(honkai%3A_star_rail),,,,,https://danbooru.donmai.us/posts/7691280,assets/asbres/spriteoutput/avatardrawcard/1211,bailu_(honkai:_star_rail),honkai:_star_rail honkai_(series),1girl ahoge braid coral_reef dragon_girl dragon_horns dragon_tail eastern_dragon_horns eastern_dragon_tail fish full_body green_eyes horns open_mouth purple_hair smile solo tail transparent_background twin_braids underwater,game_asset highres non-web_source official_art,35c2111dcafbe33aef14ff5204dabfe2
bailu_(honkai:_star_rail),2026-09-06T07:52:44.868-04:00,candidate,post,8768102,,Time Waits for No One,https://danbooru.donmai.us/wiki_pages/bailu_(honkai%3A_star_rail),,,,,https://danbooru.donmai.us/posts/8768102,https://static.wikia.nocookie.net/houkai-star-rail/images/1/1c/Light_Cone_Time_Waits_for_No_One_Artwork.png?format=original,bailu_(honkai:_star_rail),honkai:_star_rail honkai_(series),1girl :o architecture blue_eyes blue_jacket border braid branch chinese_clothes crossed_bangs dragon_girl dragon_horns duijin_ruqun east_asian_architecture eastern_dragon_horns falling_petals flower from_above gourd hanfu horns jacket lattice long_hair looking_at_viewer open_mouth petals pointy_ears purple_hair rainbow side_braid single_braid sitting solo tassel white_border white_flower wooden_floor,game_asset highres official_art third-party_source,3557cfbbd552d51b56692c659d0c738d
bailu_(honkai:_star_rail),2026-09-06T07:52:44.868-04:00,asset_no_post_tags,asset,33476655,Bailu (Medical Practice) (honkai: star rail),Medical Practice,https://danbooru.donmai.us/wiki_pages/bailu_(honkai%3A_star_rail),https://danbooru.donmai.us/wiki_pages/Bailu_(Medical_Practice)_(honkai%3A_star_rail),found,2025-10-12T16:35:10.277-04:00,"An [[official alternate costume]] for [[Honkai: Star Rail]]'s [[Bailu (Honkai: Star Rail)|]], exclusive to the 2.4 Nameless Honor set.",https://danbooru.donmai.us/media_assets/33476655,,,,,,
black_swan_(honkai:_star_rail),2026-09-08T14:43:24.626-04:00,candidate,post,7691426,,Default,https://danbooru.donmai.us/wiki_pages/black_swan_(honkai%3A_star_rail),,,,,https://danbooru.donmai.us/posts/7691426,assets/asbres/spriteoutput/avatardrawcard/1307,black_swan_(honkai:_star_rail),honkai:_star_rail honkai_(series),1girl black_boots black_gloves boots breasts candle detached_sleeves full_body gloves hair_spread_out hand_in_own_hair high_heels long_hair lying medium_breasts on_back purple_hair purple_sleeves skin_tight skull solo tarot transparent_background veil very_long_hair,game_asset highres non-web_source official_art,591f8231cd2ee9fcd8011ba1b6ebc9a5
black_swan_(honkai:_star_rail),2026-09-08T14:43:24.626-04:00,asset_no_post_tags,asset,40398965,Black Swan (Recollection) (Honkai: Star Rail),Recollection,https://danbooru.donmai.us/wiki_pages/black_swan_(honkai%3A_star_rail),https://danbooru.donmai.us/wiki_pages/Black_Swan_(Recollection)_(Honkai%3A_Star_Rail),found,2025-12-30T07:57:54.982-05:00,"An [[official alternate costume]] of [[Honkai: Star Rail]]'s [[Black Swan (Honkai: Star Rail)|]], exclusive to the 3.8 Nameless Honor set.

She is portrayed with a [[fur trim]] [[white dress]], [[white hat]] with a [[white ribbon]], [[blue rose]], and [[white gloves]].",https://danbooru.donmai.us/media_assets/40398965,,,,,,
black_swan_(honkai:_star_rail),2026-09-08T14:43:24.626-04:00,candidate,post,7610066,Black Swan (Boundless Choreo) (Honkai: Star Rail),Boundless Choreo,https://danbooru.donmai.us/wiki_pages/black_swan_(honkai%3A_star_rail),https://danbooru.donmai.us/wiki_pages/Black_Swan_(Boundless_Choreo)_(Honkai%3A_Star_Rail),found,2025-12-01T09:31:05.953-05:00,"An [[official alternate costume|official costume]] of [[Honkai: Star Rail]]'s [[Black Swan (Honkai: Star Rail)|]] in the Light Cone, ""Boundless Choreo"":[https://honkai-star-rail.fandom.com/wiki/Boundless_Choreo].",https://danbooru.donmai.us/posts/7610066,https://static.wikia.nocookie.net/houkai-star-rail/images/3/30/Light_Cone_Boundless_Choreo_Artwork.png/revision/latest?cb=20240508030648&format=original,acheron_(boundless_choreo)_(honkai:_star_rail) acheron_(honkai:_star_rail) black_swan_(boundless_choreo)_(honkai:_star_rail) black_swan_(honkai:_star_rail),honkai:_star_rail honkai_(series),2girls backless_dress backless_outfit black_jacket black_pants collarbone dancing diamond-shaped_pupils diamond_(shape) dress earrings eyes_visible_through_hair facing_another hair_between_eyes hair_intakes hair_ornament hair_over_one_eye holding_another's_arm holding_hands jacket jewelry long_hair looking_at_another multicolored_hair multiple_girls official_alternate_costume pants purple_dress purple_eyes purple_hair streaked_hair symbol-shaped_pupils very_long_hair yuri,commentary highres official_art third-party_source,44f9594b48145cfb4cbc3b3f08b28241
black_swan_(honkai:_star_rail),2026-09-08T14:43:24.626-04:00,asset_no_post_tags,asset,48757830,Black Swan (Little Cat) (Honkai: Star Rail),Little Cat,https://danbooru.donmai.us/wiki_pages/black_swan_(honkai%3A_star_rail),https://danbooru.donmai.us/wiki_pages/Black_Swan_(Little_Cat)_(Honkai%3A_Star_Rail),found,2026-06-14T15:23:21.686-04:00,"An [[aged down]] [[official alternate costume]] of [[Honkai: Star Rail|Honkai: Star Rail's]] [[Black Swan (Honkai: Star Rail)|]], taken from the ""Little Cat Series"" of merchandise.

Extremely similar to her default outfit, but the dress is less revealing, and she has [[bare legs]] with regular boots instead of thigh boots.",https://danbooru.donmai.us/media_assets/48757830,,,,,,
bronya_rand,2026-09-06T12:54:35.510-04:00,candidate,post,7689969,,,https://danbooru.donmai.us/wiki_pages/bronya_rand,,,,,https://danbooru.donmai.us/posts/7689969,assets/asbres/spriteoutput/avatardrawcard/1101,bronya_rand,honkai:_star_rail honkai_(series),1girl black_boots boots brown_pantyhose detached_sleeves dress earrings full_body grey_eyes grey_hair gun hands_up jewelry long_hair pantyhose solo standing thigh_boots transparent_background weapon white_dress,game_asset highres non-web_source official_art,a55614a178c02eafae7151b032f6af8a
castorice_(gossamer_flutter)_(honkai:_star_rail),2026-04-23T01:14:26.306-04:00,candidate,post,11215514,,,https://danbooru.donmai.us/wiki_pages/castorice_(gossamer_flutter)_(honkai%3A_star_rail),,,,,https://danbooru.donmai.us/posts/11215514,https://static.wikia.nocookie.net/houkai-star-rail/images/7/7b/Character_Castorice_Gossamer_Flutter_Splash_Art.png?format=original,castorice_(gossamer_flutter)_(honkai:_star_rail) castorice_(honkai:_star_rail),honkai:_star_rail honkai_(series),1girl backless_dress backless_outfit bare_back bare_legs bare_shoulders bug butterfly butterfly_hair_ornament champagne_flute cup detached_sleeves dress drinking_glass full_body hair_ornament holding holding_cup long_hair looking_at_viewer low_twintails official_alternate_costume purple_butterfly purple_dress purple_eyes purple_hair solo standing transparent_background twintails very_long_hair,commentary english_commentary highres official_art,eabe2953c9512c9e061152de4fc7cce6
castorice_(honkai:_star_rail),2026-09-04T18:12:34.353-04:00,candidate,post,9118597,,Default,https://danbooru.donmai.us/wiki_pages/castorice_(honkai%3A_star_rail),,,,,https://danbooru.donmai.us/posts/9118597,assets/asbres/spriteoutput/avatardrawcard/1407,castorice_(honkai:_star_rail) pollux_(honkai:_star_rail),honkai:_star_rail honkai_(series),1girl 1other bare_shoulders bow breasts bug butterfly clothing_cutout dragon dress flower full_body gloves grass long_hair low_twintails medium_breasts memosprite purple_eyes purple_gloves purple_hair shoes short_dress thighhighs transparent_background twintails very_long_hair white_bow white_dress white_shoes white_thighhighs,game_asset highres non-web_source official_art,2a33f154742e08ff7d8c28a3cce845f0
castorice_(honkai:_star_rail),2026-09-04T18:12:34.353-04:00,candidate,post,11215514,Castorice_(Gossamer Flutter) (Honkai: Star Rail),Gossamer Flutter,https://danbooru.donmai.us/wiki_pages/castorice_(honkai%3A_star_rail),https://danbooru.donmai.us/wiki_pages/Castorice_(Gossamer_Flutter)_(Honkai%3A_Star_Rail),found,2026-04-23T01:14:26.306-04:00,"An [[official alternate costume]] of [[Honkai: Star Rail]]'s [[Castorice (Honkai: Star Rail)|]], released in version 4.2.

Her default white outfit is replaced with a [[backless dress|backless]] [[purple dress]] and darker [[purple gloves|purple]] [[elbow gloves]].

h4.Appearance

* !post #11215514",https://danbooru.donmai.us/posts/11215514,https://static.wikia.nocookie.net/houkai-star-rail/images/7/7b/Character_Castorice_Gossamer_Flutter_Splash_Art.png?format=original,castorice_(gossamer_flutter)_(honkai:_star_rail) castorice_(honkai:_star_rail),honkai:_star_rail honkai_(series),1girl backless_dress backless_outfit bare_back bare_legs bare_shoulders bug butterfly butterfly_hair_ornament champagne_flute cup detached_sleeves dress drinking_glass full_body hair_ornament holding holding_cup long_hair looking_at_viewer low_twintails official_alternate_costume purple_butterfly purple_dress purple_eyes purple_hair solo standing transparent_background twintails very_long_hair,commentary english_commentary highres official_art,eabe2953c9512c9e061152de4fc7cce6
castorice_(honkai:_star_rail),2026-09-04T18:12:34.353-04:00,asset_no_post_tags,asset,27451755,Castorice (The Flower Remembers) (Honkai: Star Rail),The Flower Remembers,https://danbooru.donmai.us/wiki_pages/castorice_(honkai%3A_star_rail),https://danbooru.donmai.us/wiki_pages/Castorice_(The_Flower_Remembers)_(Honkai%3A_Star_Rail),found,2026-05-27T20:08:58.084-04:00,"An [[official alternate costume]] worn by [[Castorice (Honkai: Star Rail)|]] in the Light Cone, ""The Flower Remembers"":[https://honkai-star-rail.fandom.com/wiki/The_Flower_Remembers].",https://danbooru.donmai.us/media_assets/27451755,,,,,,
castorice_(honkai:_star_rail),2026-09-04T18:12:34.353-04:00,asset_no_post_tags,asset,33473181,Castorice (Ingenuity) (Honkai: Star Rail),Ingenuity,https://danbooru.donmai.us/wiki_pages/castorice_(honkai%3A_star_rail),https://danbooru.donmai.us/wiki_pages/Castorice_(Ingenuity)_(Honkai%3A_Star_Rail),found,2025-10-12T09:47:27.157-04:00,"[[Castorice_(honkai:_star_rail)|]] as she is portrayed in the 3.2 Nameless Honor icon.

She has a [[white hairband]], a white and/or purple [[dress]] of unclear design, and distinctive mismatched [[butterfly earrings]].",https://danbooru.donmai.us/media_assets/33473181,,,,,,
castorice_(honkai:_star_rail),2026-09-04T18:12:34.353-04:00,candidate,post,9062778,Castorice (Star Rail Live 2025) (Honkai: Star Rail),Star Rail Live 2025,https://danbooru.donmai.us/wiki_pages/castorice_(honkai%3A_star_rail),https://danbooru.donmai.us/wiki_pages/Castorice_(Star_Rail_Live_2025)_(Honkai%3A_Star_Rail),found,2025-03-28T12:11:56.808-04:00,"An [[official alternate costume]] for [[castorice (Honkai: Star Rail)|]] from [[Honkai: Star Rail]] (2025 Star Rail Live concert)

H4. Appearance

* !post #9062778",https://danbooru.donmai.us/posts/9062778,https://twitter.com/honkaistarrail/status/1905603278160670749,castorice_(honkai:_star_rail) castorice_(star_rail_live_2025)_(honkai:_star_rail),honkai:_star_rail honkai_(series),1girl bow bug butterfly copyright_name dress hair_between_eyes hair_intakes harp high_heels holding holding_harp holding_instrument instrument jewelry long_hair low-tied_long_hair necklace official_alternate_costume pointy_ears pumps purple_bow purple_eyes purple_hair purple_nails purple_shoes shoes sidelocks smile solo strapless strapless_dress tiara very_long_hair white_dress,commentary english_commentary highres official_art,86ea77b3ed0cdb391265f86b39a096d2
castorice_(honkai:_star_rail),2026-09-04T18:12:34.353-04:00,candidate,post,9130820,Castorice (Chrysos Chef) (Honkai: Star Rail),Chrysos Chef,https://danbooru.donmai.us/wiki_pages/castorice_(honkai%3A_star_rail),https://danbooru.donmai.us/wiki_pages/Castorice_(Chrysos_Chef)_(Honkai%3A_Star_Rail),found,2025-04-01T22:11:25.057-04:00,An [[official alternate costume]] for [[Castorice (Honkai: Star Rail)|]] from [[Honkai: Star Rail]] (The Grand Restaurant),https://danbooru.donmai.us/posts/9130820,https://i.pximg.net/img-original/img/2025/04/11/02/42/08/129174405_p0.jpg,castorice_(chrysos_chef)_(honkai:_star_rail) castorice_(honkai:_star_rail),honkai:_star_rail honkai_(series),1girl 1other ? breasts buttons cake chef_hat closed_mouth double-breasted film_grain food hat holding holding_plate holding_whisk indoors jacket long_hair looking_at_viewer medium_breasts official_alternate_costume plate pointy_ears pov pov_hands purple_eyes purple_hair purple_pupils sidelocks smile speech_bubble spoken_question_mark very_long_hair whisk white_jacket,chinese_commentary commentary_request english_commentary highres mixed-language_commentary revision,9b36a80225dd215bd53f357f1e0daf82
castorice_(honkai:_star_rail),2026-09-04T18:12:34.353-04:00,candidate,post,9132787,Castorice (Alternate Spacetime) (Honkai: Star Rail),Alternate Spacetime,https://danbooru.donmai.us/wiki_pages/castorice_(honkai%3A_star_rail),https://danbooru.donmai.us/wiki_pages/Castorice_(Alternate_Spacetime)_(Honkai%3A_Star_Rail),found,2025-10-12T09:08:52.587-04:00,"A costume of [[Castorice (Honkai: Star Rail)|]] from [[Honkai: Star Rail]] from the ""Alternate Spacetime Chronicles"":[/pools/26796] series of promotional arts.

Portrayed with a purple [[beret]] and a [[sleeveless]] [[white dress]].",https://danbooru.donmai.us/posts/9132787,https://www.weibo.com/7817290049/5154214709302690,castorice_(alternate_spacetime)_(honkai:_star_rail) castorice_(honkai:_star_rail),honkai:_star_rail honkai_(series),1girl alternate_costume beret book bookshelf bright_pupils bug butterfly closed_mouth curtains dress floating_hair hat holding holding_book long_hair pointy_ears purple_butterfly purple_eyes purple_hair purple_ribbon ribbon smile standing white_dress white_pupils,absurdres commentary_request highres official_art second-party_source,ce075bfc824a6dd2915c1c8d499f390d
castorice_(honkai:_star_rail),2026-09-04T18:12:34.353-04:00,asset_no_post_tags,asset,39904374,Castorice (Luckin Coffee) (Honkai: Star Rail),Luckin Coffee,https://danbooru.donmai.us/wiki_pages/castorice_(honkai%3A_star_rail),https://danbooru.donmai.us/wiki_pages/Castorice_(Luckin_Coffee)_(Honkai%3A_Star_Rail),found,2026-04-20T02:23:55.060-04:00,"[[Castorice_(Honkai:_Star_Rail)|]]'s [[official alternate costume]] from [[Honkai: Star Rail]]'s collaborations with ""Luckin Coffee (CN-only)"":[https://www.bilibili.com/opus/1103792868404756485] and [[Sushiro]] ""(JP-only)"":[https://x.com/akindosushiroco/status/2046047952276525539].

It consists of a [[turtleneck sweater|turtleneck]] [[white sweater]], [[blue hairband]], [[brown coat]], [[black belt]], and a [[grey skirt]] with a sideways [[plaid skirt|plaid]] pattern.",https://danbooru.donmai.us/media_assets/39904374,,,,,,
castorice_(honkai:_star_rail),2026-09-04T18:12:34.353-04:00,asset_no_post_tags,asset,37421673,Castorice (Chimerric Park Countdown) (Honkai: Star Rail),Chimerric Park Countdown,https://danbooru.donmai.us/wiki_pages/castorice_(honkai%3A_star_rail),https://danbooru.donmai.us/wiki_pages/Castorice_(Chimerric_Park_Countdown)_(Honkai%3A_Star_Rail),found,2025-11-21T12:24:01.523-05:00,"A costume of [[Castorice (Honkai: Star Rail)|]] from [[Honkai: Star Rail]] from the countdown art for the [[HoyoFair]] 2025 ""Chimerric Park"".

Portrayed in a white and purple [[kimono dress]].",https://danbooru.donmai.us/media_assets/37421673,,,,,,
castorice_(honkai:_star_rail),2026-09-04T18:12:34.353-04:00,candidate,post,10532596,Chrysos Heirs School Uniform,[[Chrysos Heirs School Uniform]],https://danbooru.donmai.us/wiki_pages/castorice_(honkai%3A_star_rail),https://danbooru.donmai.us/wiki_pages/Chrysos_Heirs_School_Uniform,found,2026-05-27T19:51:23.958-04:00,"A [[school uniform]] worn by the [[Chrysos Heirs (honkai: star rail)|]] from [[Honkai: Star Rail]] in a piece of promotional art and ""animated video"":[https://www.bilibili.com/video/BV1tHyMBjETK/] for the end of the Amphoreus story.

The uniform consists of a white [[collared shirt]], a blue and grey [[striped necktie]], an optional [[brown sweater vest]], and a [[black skirt]] or [[black pants]].",https://danbooru.donmai.us/posts/10532596,https://t.bilibili.com/1152784563913621650,castorice_(honkai:_star_rail),honkai:_star_rail honkai_(series),1girl alternate_costume black_hat blue_necktie brown_vest chrysos_heirs_school_uniform closed_mouth collared_shirt flower hair_between_eyes hair_flower hair_intakes hair_ornament hand_up hands_up hat long_hair looking_at_viewer necktie pointy_ears purple_eyes purple_hair school_uniform shirt smile solo upper_body vest white_shirt,absurdres chinese_commentary commentary_request highres,b705f90e58d70bad90ee102acdc89a76
castorice_(honkai:_star_rail),2026-09-04T18:12:34.353-04:00,asset_no_post_tags,asset,48861989,Castorice (Little Cat) (Honkai: Star Rail),Little Cat,https://danbooru.donmai.us/wiki_pages/castorice_(honkai%3A_star_rail),https://danbooru.donmai.us/wiki_pages/Castorice_(Little_Cat)_(Honkai%3A_Star_Rail),found,2026-06-21T17:20:52.798-04:00,"An [[aged down]] [[official alternate costume]] of [[Honkai: Star Rail|Honkai: Star Rail's]] [[Castorice (Honkai: Star Rail)|]], taken from the ""Little Cat Series"" of merchandise.",https://danbooru.donmai.us/media_assets/48861989,,,,,,
castorice_(honkai:_star_rail),2026-09-04T18:12:34.353-04:00,asset_no_post_tags,asset,40184486,Castorice (Butterfly Cake) (Honkai: Star Rail),Butterfly Cake,https://danbooru.donmai.us/wiki_pages/castorice_(honkai%3A_star_rail),https://danbooru.donmai.us/wiki_pages/Castorice_(Butterfly_Cake)_(Honkai%3A_Star_Rail),found,2026-05-08T21:02:53.531-04:00,"The [[chimera (honkai: star rail)|]] form of [[Castorice (Honkai: Star Rail)|]] in [[Honkai: Star Rail]]. Not to be confused with the similarly-named [[cake cat (Honkai: Star Rail)|]] form, [[Castorice (Butterfly Pea Mousse) (Honkai: Star Rail)|]].",https://danbooru.donmai.us/media_assets/40184486,,,,,,
castorice_(honkai:_star_rail),2026-09-04T18:12:34.353-04:00,asset_no_post_tags,asset,49479425,Castorice (Butterfly Pea Mousse) (Honkai: Star Rail),Pea Mousse,https://danbooru.donmai.us/wiki_pages/castorice_(honkai%3A_star_rail),https://danbooru.donmai.us/wiki_pages/Castorice_(Butterfly_Pea_Mousse)_(Honkai%3A_Star_Rail),found,2026-08-03T14:21:13.668-04:00,"The [[Cake Cat (honkai: star rail)|]] version of [[Castorice (Honkai: Star Rail)|]] from [[Honkai: Star Rail]]. Not to be confused with the similarly-named [[chimera (honkai: star rail)|]] form, [[Castorice (Butterfly Cake) (Honkai: Star Rail)|]].",https://danbooru.donmai.us/media_assets/49479425,,,,,,
cerydra_(honkai:_star_rail),2026-09-04T18:10:54.238-04:00,candidate,post,9750496,,Default,https://danbooru.donmai.us/wiki_pages/cerydra_(honkai%3A_star_rail),,,,,https://danbooru.donmai.us/posts/9750496,https://act-upload.mihoyo.com/sr-wiki/2025/08/03/276833758/17870d73a2aaa511ed556ff6b20aaba5_7005454115364746059.png,cerydra_(honkai:_star_rail),honkai:_star_rail honkai_(series),1girl armpits bare_shoulders black_boots black_thighhighs blue_cape blue_dress blue_fire blue_wings boots breasts cape chess_piece crown detached_sleeves dress fire full_body fur-trimmed_cape fur_trim hair_ornament holding holding_scepter juliet_sleeves long_hair long_sleeves looking_at_viewer low_ponytail low_wings mini_crown pawn_(chess) ponytail puffy_sleeves scepter simple_background single_thighhigh sleeveless sleeveless_dress small_breasts solo thighhighs transparent_background unworn_cape white_hair wide_sleeves wings,bad_link bad_miyoushe_link highres official_art,17870d73a2aaa511ed556ff6b20aaba5
cerydra_(honkai:_star_rail),2026-09-04T18:10:54.238-04:00,asset_no_post_tags,asset,48747962,Cerydra (Conquest) (Honkai: Star Rail),Conquest,https://danbooru.donmai.us/wiki_pages/cerydra_(honkai%3A_star_rail),https://danbooru.donmai.us/wiki_pages/Cerydra_(Conquest)_(Honkai%3A_Star_Rail),found,2026-06-14T02:08:45.094-04:00,"An [[official alternate costume|official costume]] of [[Honkai: Star Rail]]'s [[Cerydra (Honkai: Star Rail)|]] , exclusive to the 3.5 Nameless Honor set.

She is portrayed with a [[black tiara]], a [[braid]], and [[blue gloves]].",https://danbooru.donmai.us/media_assets/48747962,,,,,,
cerydra_(honkai:_star_rail),2026-09-04T18:10:54.238-04:00,candidate,post,9898149,Cerydra (Alternate Spacetime) (Honkai: Star Rail),Alternate Spacetime,https://danbooru.donmai.us/wiki_pages/cerydra_(honkai%3A_star_rail),https://danbooru.donmai.us/wiki_pages/Cerydra_(Alternate_Spacetime)_(Honkai%3A_Star_Rail),found,2025-10-12T09:17:57.411-04:00,"A costume of [[Cerydra (Honkai: Star Rail)|]] from [[Honkai: Star Rail]] from the ""Alternate Spacetime Chronicles"":[/pools/26796] series of promotional arts.

Portrayed as an [[astronaut]] wearing a [[spacesuit]].",https://danbooru.donmai.us/posts/9898149,https://t.bilibili.com/1107874805328117795,cerydra_(alternate_spacetime)_(honkai:_star_rail) cerydra_(honkai:_star_rail),honkai:_star_rail honkai_(series),1girl blue_eyes bright_pupils closed_mouth earth_(planet) full_body grey_hair hair_ornament helmet long_sleeves looking_to_the_side outdoors planet smile solo space space_helmet spacesuit white_pupils,absurdres commentary_request highres official_art second-party_source,94f3e05e16b3f9a4aa6f6952276989cf
cerydra_(honkai:_star_rail),2026-09-04T18:10:54.238-04:00,candidate,post,10328327,Chrysos Heirs School Uniform,[[Chrysos Heirs School Uniform]],https://danbooru.donmai.us/wiki_pages/cerydra_(honkai%3A_star_rail),https://danbooru.donmai.us/wiki_pages/Chrysos_Heirs_School_Uniform,found,2026-05-27T19:51:23.958-04:00,"A [[school uniform]] worn by the [[Chrysos Heirs (honkai: star rail)|]] from [[Honkai: Star Rail]] in a piece of promotional art and ""animated video"":[https://www.bilibili.com/video/BV1tHyMBjETK/] for the end of the Amphoreus story.

The uniform consists of a white [[collared shirt]], a blue and grey [[striped necktie]], an optional [[brown sweater vest]], and a [[black skirt]] or [[black pants]].",https://danbooru.donmai.us/posts/10328327,https://twitter.com/batttsu404/status/1992785403368353940,bubbles_(honkai:_star_rail) cerydra_(honkai:_star_rail),honkai:_star_rail honkai_(series),1girl aqua_eyes armband bag belt black_bag black_belt black_bow black_shoes blue_hair blue_necktie blue_skirt blunt_bangs blush bow bright_pupils chimera_(honkai:_star_rail) chrysos_heirs_school_uniform closed_mouth collared_shirt crown_hair_ornament diamond-shaped_pupils diamond_(shape) gradient_hair hair_bow hair_ornament hand_up holding holding_toy long_hair looking_at_object low_ponytail multicolored_hair necktie official_alternate_costume pleated_skirt ponytail red_armband reference_inset school_uniform shirt shoes short_sleeves sidelocks simple_background skirt socks solo sparkle striped_clothes striped_necktie symbol-shaped_pupils toy upper_body white_background white_hair white_pupils white_shirt white_socks,absurdres commentary highres untranslatable_commentary,4fb63ed0af6e7f036cc221193994aecc
cipher_(atticus)_(honkai:_star_rail),2026-06-14T02:01:00.955-04:00,candidate,post,9460527,,,https://danbooru.donmai.us/wiki_pages/cipher_(atticus)_(honkai%3A_star_rail),,,,,https://danbooru.donmai.us/posts/9460527,https://act-upload.mihoyo.com/sr-wiki/2025/05/22/324957497/96c06a56ee80e3e4d849257a1078ee76_8556022828262440359.jpg,cipher_(atticus)_(honkai:_star_rail) cipher_(honkai:_star_rail),honkai:_star_rail honkai_(series),1girl ancient_greek_clothes animal_ear_fluff animal_ears black_gloves blue_eyes box cat_ears cat_girl cat_tail chalice choker cloak cup curtains eavesdropping fang fingerless_gloves gloves greco-roman_clothes grey_hair holding holding_box hood hood_up hooded_cloak indoors key official_alternate_costume open_mouth scroll short_hair smile solo sparkling_eyes tail white_cloak yellow_nails,absurdres bad_link bad_miyoushe_link game_asset highres official_art,96c06a56ee80e3e4d849257a1078ee76
cipher_(honkai:_star_rail),2026-09-04T18:10:05.279-04:00,candidate,post,9335971,,,https://danbooru.donmai.us/wiki_pages/cipher_(honkai%3A_star_rail),,,,,https://danbooru.donmai.us/posts/9335971,source:assets/asbres/spriteoutput/avatardrawcard/1406,cipher_(honkai:_star_rail),honkai:_star_rail honkai_(series),1girl animal_ear_fluff animal_ears black_gloves blue_eyes boots breasts cat_ears cat_girl cat_tail cleavage coin fingerless_gloves gloves gold_boots grey_hair high_heel_boots high_heels medium_breasts mole mole_on_breast open_mouth smile solo tail thigh_boots transparent_background,game_asset highres non-web_source official_art,b197b4027cb10d5b9d0d77de050117ff
cipher_(honkai:_star_rail),2026-09-04T18:10:05.279-04:00,candidate,post,9534343,Cipher (In Pursuit Of The Wind) (Honkai: Star Rail),In Pursuit of the Wind,https://danbooru.donmai.us/wiki_pages/cipher_(honkai%3A_star_rail),https://danbooru.donmai.us/wiki_pages/Cipher_(In_Pursuit_Of_The_Wind)_(Honkai%3A_Star_Rail),found,2026-06-14T02:00:20.116-04:00,"An outfit worn by [[Cipher (Honkai: Star Rail)|]]'s [[aged down|younger self]] as depicted in flashback CGs in the 3.3 story and the Light Cone, ""In Pursuit of the Wind"":[https://honkai-star-rail.fandom.com/wiki/In_Pursuit_of_the_Wind].

Her outfit comprises a [[black hood|]]/[[brown hood|brown]] [[animal hood|cat-themed hood]], [[white dress]], black [[bandages]] and a [[single glove|single]] [[black gloves|black glove]], and [[yellow boots]].

h4.Appearance

* !asset #26713489
* !post #9534343",https://danbooru.donmai.us/posts/9534343,https://homdgcat.wiki/images/lightconemaxfigures/21056.png,aglaea_(honkai:_star_rail) cipher_(honkai:_star_rail) cipher_(in_pursuit_of_the_wind)_(honkai:_star_rail),honkai:_star_rail honkai_(series),2girls aged_down animal_ear_fluff animal_ears animal_hood bag bandaged_arm bandaged_leg bandages belt belt_pouch black_cloak black_gloves blonde_hair blue_eyes blue_gem brown_belt cat_ears cat_girl cloak dress fang flying_sweatdrops gem gloves green_gem grey_hair holding holding_bag hood hood_up hooded_cloak jewelry long_hair looking_at_another looking_back multiple_girls official_alternate_costume out_of_frame pouch red_gem ring short_hair single_glove string string_of_fate sweatdrop torn_clothes white_dress,highres official_art third-party_source,a06584ade169122ca31d8a0d205f459e
cipher_(honkai:_star_rail),2026-09-04T18:10:05.279-04:00,candidate,post,9460527,Cipher (Atticus) (Honkai: Star Rail),Atticus,https://danbooru.donmai.us/wiki_pages/cipher_(honkai%3A_star_rail),https://danbooru.donmai.us/wiki_pages/Cipher_(Atticus)_(Honkai%3A_Star_Rail),found,2026-06-14T02:01:00.955-04:00,"An outfit worn by [[Cipher (Honkai: Star Rail)|]] while [[impersonation|impersonating]] a priest named Atticus, as depicted in game CGs.

h4.Appearance

* !post #9460527",https://danbooru.donmai.us/posts/9460527,https://act-upload.mihoyo.com/sr-wiki/2025/05/22/324957497/96c06a56ee80e3e4d849257a1078ee76_8556022828262440359.jpg,cipher_(atticus)_(honkai:_star_rail) cipher_(honkai:_star_rail),honkai:_star_rail honkai_(series),1girl ancient_greek_clothes animal_ear_fluff animal_ears black_gloves blue_eyes box cat_ears cat_girl cat_tail chalice choker cloak cup curtains eavesdropping fang fingerless_gloves gloves greco-roman_clothes grey_hair holding holding_box hood hood_up hooded_cloak indoors key official_alternate_costume open_mouth scroll short_hair smile solo sparkling_eyes tail white_cloak yellow_nails,absurdres bad_link bad_miyoushe_link game_asset highres official_art,96c06a56ee80e3e4d849257a1078ee76
cipher_(honkai:_star_rail),2026-09-04T18:10:05.279-04:00,asset_no_post_tags,asset,25913830,Cipher (sweet slumber) (honkai: star rail),Sweet Slumber,https://danbooru.donmai.us/wiki_pages/cipher_(honkai%3A_star_rail),https://danbooru.donmai.us/wiki_pages/Cipher_(sweet_slumber)_(honkai%3A_star_rail),found,2025-09-16T10:45:40.976-04:00,"An outfit worn by [[Cipher (Honkai: Star Rail)|]] in the Nameless Honor exclusive Profile Picture, ""Cipher: Sweet Slumber"":[https://honkai-star-rail.fandom.com/wiki/Cipher:_Sweet_Slumber_(Profile_Picture)].",https://danbooru.donmai.us/media_assets/25913830,,,,,,
cipher_(honkai:_star_rail),2026-09-04T18:10:05.279-04:00,candidate,post,9450463,Cipher (Alternate Spacetime) (Honkai: Star Rail),Alternate Spacetime,https://danbooru.donmai.us/wiki_pages/cipher_(honkai%3A_star_rail),https://danbooru.donmai.us/wiki_pages/Cipher_(Alternate_Spacetime)_(Honkai%3A_Star_Rail),found,2025-10-12T09:12:28.462-04:00,"A costume of [[Cipher (Honkai: Star Rail)|]] from [[Honkai: Star Rail]] from the ""Alternate Spacetime Chronicles"":[/pools/26796] series of promotional arts.

Portrayed as a [[policewoman]] with a blue [[hooded jacket]], [[black necktie]], and white [[collared shirt]].",https://danbooru.donmai.us/posts/9450463,https://www.bilibili.com/opus/1077074757299470423,aglaea_(honkai:_star_rail) castorice_(honkai:_star_rail) cipher_(alternate_spacetime)_(honkai:_star_rail) cipher_(honkai:_star_rail) tribbie_(honkai:_star_rail),honkai:_star_rail honkai_(series),1girl alternate_costume animal_ear_fluff animal_ears animal_on_shoulder animalization bag baguette black_cat black_gloves black_necktie black_pants blue_eyes blue_jacket blue_sky bread breasts building burger cat cat_ears cat_girl cat_tail cup disposable_cup fingerless_gloves food french_fries gloves grey_hair holding holding_bag holding_cup jacket medium_breasts necktie outdoors pants road_sign shirt short_hair_with_long_locks sign sky skyscraper tail white_cat white_shirt yellow_cat,absurdres chinese_commentary commentary_request highres official_art second-party_source,0cf54fa7bc0b0a2fb520fd0678b48fc8
cipher_(honkai:_star_rail),2026-09-04T18:10:05.279-04:00,candidate,post,10355129,Chrysos Heirs School Uniform,[[Chrysos Heirs School Uniform]] (with [[Aglaea (Honkai: Star Rail)|]]),https://danbooru.donmai.us/wiki_pages/cipher_(honkai%3A_star_rail),https://danbooru.donmai.us/wiki_pages/Chrysos_Heirs_School_Uniform,found,2026-05-27T19:51:23.958-04:00,"A [[school uniform]] worn by the [[Chrysos Heirs (honkai: star rail)|]] from [[Honkai: Star Rail]] in a piece of promotional art and ""animated video"":[https://www.bilibili.com/video/BV1tHyMBjETK/] for the end of the Amphoreus story.

The uniform consists of a white [[collared shirt]], a blue and grey [[striped necktie]], an optional [[brown sweater vest]], and a [[black skirt]] or [[black pants]].",https://danbooru.donmai.us/posts/10355129,https://twitter.com/yktabe/status/1994786608940552651,aglaea_(honkai:_star_rail) cipher_(honkai:_star_rail),honkai:_star_rail honkai_(series),2girls animal_ear_fluff animal_ears black_shoes black_socks blonde_hair blue_skirt cat_ears cat_girl chrysos_heirs_school_uniform closed_eyes closed_mouth feral_instincts grey_hair hair_ornament invisible_chair kneehighs lap_pillow loafers looking_at_another lying_on_lap multiple_girls necktie official_alternate_costume school_uniform shirt shoes short_hair short_sleeves simple_background sitting skirt smile socks white_background white_shirt yuri,absurdres commentary_request highres,a4c9e0467ff925de1dfef4fbb0fa8e01
cipher_(honkai:_star_rail),2026-09-04T18:10:05.279-04:00,asset_no_post_tags,asset,40184508,Cipher (Master Cat-Thief) (Honkai: Star Rail),Master Cat-Thief,https://danbooru.donmai.us/wiki_pages/cipher_(honkai%3A_star_rail),https://danbooru.donmai.us/wiki_pages/Cipher_(Master_Cat-Thief)_(Honkai%3A_Star_Rail),found,2025-12-26T16:55:06.725-05:00,The [[chimera (honkai: star rail)|]] form of [[Cipher (Honkai: Star Rail)|]] in [[Honkai: Star Rail]].,https://danbooru.donmai.us/media_assets/40184508,,,,,,
clara_(honkai:_star_rail),2026-04-25T23:28:53.616-04:00,candidate,post,7689995,,Splash art (with Svarog),https://danbooru.donmai.us/wiki_pages/clara_(honkai%3A_star_rail),,,,,https://danbooru.donmai.us/posts/7689995,assets/asbres/spriteoutput/avatardrawcard/1107,clara_(honkai:_star_rail) svarog_(honkai:_star_rail),honkai:_star_rail honkai_(series),1girl 1other barefoot coat full_body hand_up long_hair looking_at_viewer pom_pom_(clothes) red_coat red_eyes snow thigh_strap transparent_background white_hair,game_asset highres non-web_source official_art,63f2fd08a60c0c8db894eab5703189b1
clara_(honkai:_star_rail),2026-04-25T23:28:53.616-04:00,candidate,post,7025487,clara_(galactic_grand_prix)_(honkai:_star_rail),Galactic Grand Prix,https://danbooru.donmai.us/wiki_pages/clara_(honkai%3A_star_rail),https://danbooru.donmai.us/wiki_pages/clara_(galactic_grand_prix)_(honkai%3A_star_rail),found,2024-01-07T04:40:34.864-05:00,"An [[official alternate costume]] for [[Clara_(Honkai:_Star_Rail)|]] from [[Honkai: Star Rail]], originating from an official illustration for Hoyofair 2024.",https://danbooru.donmai.us/posts/7025487,https://twitter.com/kawa683/status/1739543298405220774,argenti_(galactic_grand_prix)_(honkai:_star_rail) argenti_(honkai:_star_rail) clara_(galactic_grand_prix)_(honkai:_star_rail) clara_(honkai:_star_rail) stelle_(galactic_grand_prix)_(honkai:_star_rail) stelle_(honkai:_star_rail) trailblazer_(honkai:_star_rail),honkai:_star_rail honkai_(series),1boy 2girls arms_up breasts crop_top gloves green_eyes grey_hair hair_between_eyes helmet holding holding_unworn_helmet hoyofair long_hair multiple_girls official_alternate_costume one_eye_closed parted_lips race_vehicle racing_suit red_eyes red_hair stretching unworn_headwear unworn_helmet very_long_hair white_hair yawning yellow_eyes,absurdres guest_art highres official_art,7206ac8c408fa2f17cf4203c2e7f210b
cyrene_(demiurge)_(honkai:_star_rail),2026-09-04T18:07:26.261-04:00,candidate,post,10224913,,Default,https://danbooru.donmai.us/wiki_pages/cyrene_(demiurge)_(honkai%3A_star_rail),,,,,https://danbooru.donmai.us/posts/10224913,https://homdgcat.wiki/images/avatardrawcard/1415.png,cyrene_(demiurge)_(honkai:_star_rail) cyrene_(honkai:_star_rail) mem_(honkai:_star_rail),honkai:_star_rail honkai_(series),1girl ankle_flower armlet bare_legs bare_shoulders blue_flower blue_hair blue_rose bracelet breasts bridal_veil detached_sleeves diamond-shaped_pupils diamond_(shape) dress dress_flower floating_hair flower full_body gradient_hair hair_floating_upwards hair_flower hair_intakes hair_ornament halo jewelry large_breasts layered_dress long_hair multicolored_hair neck_flower petals petals_on_liquid pink_flower pink_hair pink_petals pink_rose pointy_ears purple_eyes ring ripples rose smile symbol-shaped_pupils transparent_background two-tone_hair veil very_long_hair water wedding_ring white_dress white_flower white_hair white_halo white_rose,highres official_art third-party_source,0467fd41c8db590c58a99286dc58fe2e
cyrene_(demiurge)_(honkai:_star_rail),2026-09-04T18:07:26.261-04:00,asset_no_post_tags,asset,48747993,Cyrene (Demiurge) (Keeping Promise) (Honkai: Star Rail),Keeping Promise,https://danbooru.donmai.us/wiki_pages/cyrene_(demiurge)_(honkai%3A_star_rail),https://danbooru.donmai.us/wiki_pages/Cyrene_(Demiurge)_(Keeping_Promise)_(Honkai%3A_Star_Rail),found,2026-06-14T02:17:35.369-04:00,[[Official alternate costume]] for [[Cyrene (Demiurge) (Honkai: Star Rail)|]] from [[Honkai: Star Rail]].,https://danbooru.donmai.us/media_assets/48747993,,,,,,
cyrene_(demiurge)_(honkai:_star_rail),2026-09-04T18:07:26.261-04:00,candidate,post,10219962,Cyrene (demiurge) (wonderful holiday) (honkai: star rail),Wonderful Holiday,https://danbooru.donmai.us/wiki_pages/cyrene_(demiurge)_(honkai%3A_star_rail),https://danbooru.donmai.us/wiki_pages/Cyrene_(demiurge)_(wonderful_holiday)_(honkai%3A_star_rail),found,2026-08-22T12:36:37.950-04:00,"An unplayable [[official alternate costume]] of [[Cyrene (Honkai: Star Rail)|]]'s [[Cyrene (demiurge) (honkai: star rail)|Demiurge]] form from [[Honkai: Star Rail]], as seen on a special cover of the January 2026 issue of Nylon Japan magazine.

Her [[casual]] outfit consists of an [[unbuttoned shirt|unbuttoned]] [[blue shirt|blue overshirt]] paired to a [[white jacket|white]] [[open jacket]], a white and pink [[crop top]], [[heart necklace]], [[black skirt|black]]/[[grey skirt|grey]] [[pleated skirt]], [[grey sash]], fold-over [[white socks]], and [[white shoes|white]] [[sneakers]].",https://danbooru.donmai.us/posts/10219962,Official Download,cyrene_(demiurge)_(honkai:_star_rail) cyrene_(demiurge)_(wonderful_holiday)_(honkai:_star_rail) cyrene_(honkai:_star_rail) mem_(honkai:_star_rail),honkai:_star_rail honkai_(series),1girl :d against_railing bag bag_charm bare_legs blue_hair blurry blurry_background braid candy casual character_charm charm_(object) company_name contemporary copyright_notice food gem gradient_hair grey_skirt hair_intakes heart heart_pendant holding holding_candy holding_food holding_lollipop jacket jewelry knit_hat lollipop long_hair long_sleeves looking_at_viewer midriff multicolored_hair multiple_braids navel necklace official_alternate_costume open_clothes open_jacket open_mouth pendant pink_hair pointy_ears purple_eyes purple_gem purple_hair quad_braids railing shoulder_bag skirt smile solo symbol-shaped_pupils white_jacket,highres non-web_source official_art official_wallpaper,539fe59af659ccbde7e8877e8d285c8b
cyrene_(demiurge)_(honkai:_star_rail),2026-09-04T18:07:26.261-04:00,asset_no_post_tags,asset,39904358,Cyrene (demiurge) (anta) (honkai: star rail),Anta,https://danbooru.donmai.us/wiki_pages/cyrene_(demiurge)_(honkai%3A_star_rail),https://danbooru.donmai.us/wiki_pages/Cyrene_(demiurge)_(anta)_(honkai%3A_star_rail),found,2026-08-22T12:36:57.309-04:00,"An unplayable [[official alternate costume]] of [[Cyrene (Honkai: Star Rail)|]]'s [[Cyrene (demiurge) (honkai: star rail)|Demiurge form]] from [[Honkai: Star Rail]] from a collaboration with Anta Sports

She wears a blue [[baseball cap]], a white [[crop top]] over a [[pink sports bra]], a [[single arm warmer|single]] [[white arm warmers|white arm warmer]], a [[white skirt|white]] [[miniskirt]], and [[sneakers]].",https://danbooru.donmai.us/media_assets/39904358,,,,,,
cyrene_(demiurge)_(honkai:_star_rail),2026-09-04T18:07:26.261-04:00,asset_no_post_tags,asset,48535028,Cyrene (demiurge) (galaxy store) (honkai: star rail),Galaxy Store,https://danbooru.donmai.us/wiki_pages/cyrene_(demiurge)_(honkai%3A_star_rail),https://danbooru.donmai.us/wiki_pages/Cyrene_(demiurge)_(galaxy_store)_(honkai%3A_star_rail),found,2026-08-22T12:37:07.169-04:00,An unplayable [[official alternate costume]] of [[Honkai: Star Rail|Honkai: Star Rail's]] [[Cyrene (Honkai: Star Rail)|]]'s [[Cyrene (demiurge) (honkai: star rail)|Demiurge]] form from a collaboration with [[Samsung]] Galaxy Store.,https://danbooru.donmai.us/media_assets/48535028,,,,,,
cyrene_(demiurge)_(honkai:_star_rail),2026-09-04T18:07:26.261-04:00,candidate,post,11902379,Cyrene (Demiurge) (Impression) (Honkai: Star Rail),Impression,https://danbooru.donmai.us/wiki_pages/cyrene_(demiurge)_(honkai%3A_star_rail),https://danbooru.donmai.us/wiki_pages/Cyrene_(Demiurge)_(Impression)_(Honkai%3A_Star_Rail),found,2026-08-22T20:01:32.200-04:00,Official [[Cyrene (Honkai: Star Rail)|]]-themed clothing merchandise available on official online stores.,https://danbooru.donmai.us/posts/11902379,https://x.com/tapiocaballtea/status/2083503709687103868,cyrene_(demiurge)_(honkai:_star_rail) cyrene_(demiurge)_(impression)_(honkai:_star_rail) cyrene_(honkai:_star_rail),honkai:_star_rail honkai_(series),1girl aqua_hair blue_skirt breasts cowboy_shot drop_shadow flower gradient_hair hair_flower hair_ornament layered_skirt long_hair long_sleeves looking_at_viewer medium_breasts multicolored_hair neckerchief official_alternate_costume official_art_inset one_eye_closed open_mouth pink_hair pointy_ears purple_eyes reference_inset shirt simple_background skirt solo two-tone_skirt very_long_hair watermark white_background white_shirt white_skirt,commentary_request highres,9b4301ffa450f352577423d04e488ae3
cyrene_(demiurge)_(honkai:_star_rail),2026-09-04T18:07:26.261-04:00,asset_no_post_tags,asset,35191900,Cyrene (demiurge) (chimerric park) (honkai: star rail),Chimerric Park,https://danbooru.donmai.us/wiki_pages/cyrene_(demiurge)_(honkai%3A_star_rail),https://danbooru.donmai.us/wiki_pages/Cyrene_(demiurge)_(chimerric_park)_(honkai%3A_star_rail),found,2026-08-22T12:37:15.335-04:00,"An unplayable costume of [[Cyrene (Honkai: Star Rail)|]]'s [[Cyrene (demiurge) (honkai: star rail)|Demiurge form]] from [[Honkai: Star Rail]] from the promotional art for the [[HoyoFair]] 2025 ""Chimerric Park"" video.

Portrayed in a [[white dress]] with [[long sleeves]], a [[white belt]], and a [[white hairband]].",https://danbooru.donmai.us/media_assets/35191900,,,,,,
cyrene_(demiurge)_(honkai:_star_rail),2026-09-04T18:07:26.261-04:00,asset_no_post_tags,asset,37715785,Cyrene (demiurge) (chimerric park countdown) (honkai: star rail),Chimerric Park Countdown,https://danbooru.donmai.us/wiki_pages/cyrene_(demiurge)_(honkai%3A_star_rail),https://danbooru.donmai.us/wiki_pages/Cyrene_(demiurge)_(chimerric_park_countdown)_(honkai%3A_star_rail),found,2026-08-22T12:37:18.974-04:00,"An unplayable costume of [[Cyrene (Honkai: Star Rail)|]]'s [[Cyrene (demiurge) (honkai: star rail)|Demiurge form]] from [[Honkai: Star Rail]] from the countdown art for the [[HoyoFair]] 2025 ""Chimerric Park"".

Portrayed in a purple [[kimono dress]].",https://danbooru.donmai.us/media_assets/37715785,,,,,,
cyrene_(demiurge)_(honkai:_star_rail),2026-09-04T18:07:26.261-04:00,candidate,post,10234695,Cyrene (demiurge) (alternate spacetime) (honkai: star rail),Alternate Spacetime,https://danbooru.donmai.us/wiki_pages/cyrene_(demiurge)_(honkai%3A_star_rail),https://danbooru.donmai.us/wiki_pages/Cyrene_(demiurge)_(alternate_spacetime)_(honkai%3A_star_rail),found,2026-08-22T12:37:12.314-04:00,"An unplayabe costume of [[Cyrene (Honkai: Star Rail)|]]'s [[Cyrene (demiurge) (honkai: star rail)|Demiurge form]] from [[Honkai: Star Rail]] from the ""Alternate Spacetime Chronicles"":[/pools/26796] series of promotional arts.

Portrayed in [[winter clothes]], wearing a [[blue sweater]] with [[pom pom (clothes)|pom poms]] and a [[white skirt]].",https://danbooru.donmai.us/posts/10234695,https://t.bilibili.com/1131979926973448224,cyrene_(demiurge)_(alternate_spacetime)_(honkai:_star_rail) cyrene_(demiurge)_(honkai:_star_rail) cyrene_(honkai:_star_rail) little_ica_(honkai:_star_rail) trailblazer_(gray-mera)_(honkai:_star_rail) trailblazer_(honkai:_star_rail) trailblazer_(trash_cake)_(honkai:_star_rail),honkai:_star_rail honkai_(series),1girl alternate_costume animal blue_sweater cake_cat_(honkai:_star_rail) chimera_(honkai:_star_rail) couch diamond-shaped_pupils diamond_(shape) holding holding_animal indoors leg_warmers long_hair on_couch pink_hair pointy_ears pom_pom_(clothes) purple_eyes skirt smile solo sweater symbol-shaped_pupils tomato very_long_hair white_leg_warmers white_skirt,absurdres commentary_request highres second-party_source,bd9eec712104f2d4078e3cb4ee0ff653
cyrene_(demiurge)_(honkai:_star_rail),2026-09-04T18:07:26.261-04:00,asset_no_post_tags,asset,40184490,Cyrene (demiurge) (cyrup) (honkai: star rail),Cyrup,https://danbooru.donmai.us/wiki_pages/cyrene_(demiurge)_(honkai%3A_star_rail),https://danbooru.donmai.us/wiki_pages/Cyrene_(demiurge)_(cyrup)_(honkai%3A_star_rail),found,2026-08-22T12:37:22.127-04:00,The [[chimera (honkai: star rail)|]] form of [[Cyrene (Honkai: Star Rail)|]] in [[Honkai: Star Rail]].,https://danbooru.donmai.us/media_assets/40184490,,,,,,
cyrene_(demiurge)_(wonderful_holiday)_(honkai:_star_rail),2026-08-22T12:36:37.950-04:00,candidate,post,10219962,,Full cover illustration,https://danbooru.donmai.us/wiki_pages/cyrene_(demiurge)_(wonderful_holiday)_(honkai%3A_star_rail),,,,,https://danbooru.donmai.us/posts/10219962,Official Download,cyrene_(demiurge)_(honkai:_star_rail) cyrene_(demiurge)_(wonderful_holiday)_(honkai:_star_rail) cyrene_(honkai:_star_rail) mem_(honkai:_star_rail),honkai:_star_rail honkai_(series),1girl :d against_railing bag bag_charm bare_legs blue_hair blurry blurry_background braid candy casual character_charm charm_(object) company_name contemporary copyright_notice food gem gradient_hair grey_skirt hair_intakes heart heart_pendant holding holding_candy holding_food holding_lollipop jacket jewelry knit_hat lollipop long_hair long_sleeves looking_at_viewer midriff multicolored_hair multiple_braids navel necklace official_alternate_costume open_clothes open_jacket open_mouth pendant pink_hair pointy_ears purple_eyes purple_gem purple_hair quad_braids railing shoulder_bag skirt smile solo symbol-shaped_pupils white_jacket,highres non-web_source official_art official_wallpaper,539fe59af659ccbde7e8877e8d285c8b
cyrene_(demiurge)_(wonderful_holiday)_(honkai:_star_rail),2026-08-22T12:36:37.950-04:00,candidate,post,11563503,,Merchandise,https://danbooru.donmai.us/wiki_pages/cyrene_(demiurge)_(wonderful_holiday)_(honkai%3A_star_rail),,,,,https://danbooru.donmai.us/posts/11563503,https://x.com/myethos_co/status/2065011157241565541,cyrene_(demiurge)_(honkai:_star_rail) cyrene_(demiurge)_(wonderful_holiday)_(honkai:_star_rail) cyrene_(honkai:_star_rail),honkai:_star_rail honkai_(series),1girl aqua_hair bag balloon bare_legs blue_hair blue_hat blurry blurry_background braid fold-over_socks full_body gradient_hair grey_skirt hand_on_own_hip hat heart_balloon holding holding_bag jacket jewelry knit_hat long_hair long_sleeves looking_at_viewer multicolored_hair multiple_braids necklace open_clothes open_jacket open_mouth pink_hair pointy_ears purple_eyes purple_hair quad_braids shoes skirt smile socks solo standing stomach symbol-shaped_pupils very_long_braid very_long_hair white_bag white_jacket white_shoes white_socks,commentary english_commentary figure_(medium) highres official_art photo_(medium),6b33f40cd629235c9e7a8d86b1c2d30f
cyrene_(honkai:_star_rail),2026-09-04T18:09:42.265-04:00,candidate,post,9507450,,Default,https://danbooru.donmai.us/wiki_pages/cyrene_(honkai%3A_star_rail),,,,,https://danbooru.donmai.us/posts/9507450,https://homdgcat.wiki/images/lightconemaxfigures/21054.png,cyrene_(honkai:_star_rail) cyrene_(philia093)_(honkai:_star_rail),honkai:_star_rail honkai_(series),1girl bird blue_eyes book cloud cloudy_sky coat field hair_intakes hair_ornament holding holding_book looking_at_viewer medium_hair pink_hair pink_ribbon purple_coat purple_pupils ribbon sky smile solo wheat,artist_request commentary english_commentary highres official_art third-party_source,daeeaa8e0fafcc474da75ee44b80ca54
cyrene_(honkai:_star_rail),2026-09-04T18:09:42.265-04:00,asset_no_post_tags,asset,48747986,Cyrene (Philia093) (Keeping Promise) (Honkai: Star Rail),Keeping Promise,https://danbooru.donmai.us/wiki_pages/cyrene_(honkai%3A_star_rail),https://danbooru.donmai.us/wiki_pages/Cyrene_(Philia093)_(Keeping_Promise)_(Honkai%3A_Star_Rail),found,2026-06-14T02:16:53.517-04:00,[[Official alternate costume]] for [[Cyrene (Philia093) (Honkai: Star Rail)|]] from [[Honkai: Star Rail]].,https://danbooru.donmai.us/media_assets/48747986,,,,,,
cyrene_(honkai:_star_rail),2026-09-04T18:09:42.265-04:00,candidate,post,10020328,,Default,https://danbooru.donmai.us/wiki_pages/cyrene_(honkai%3A_star_rail),,,,,https://danbooru.donmai.us/posts/10020328,https://homdgcat.wiki/images/lightconemaxfigures/23052.png,cyrene_(demiurge)_(honkai:_star_rail) cyrene_(honkai:_star_rail),honkai:_star_rail honkai_(series),1girl :d ;d blue_flower blue_sky blurry blurry_foreground breasts bridal_veil diamond-shaped_pupils diamond_(shape) dress dress_flower falling_petals floating_hair flower from_side hair_flower hair_intakes hair_ornament hand_in_own_hair hand_up heart heart_of_string large_breasts long_hair multicolored_hair one_eye_closed petals pink_flower pink_hair pink_nails pink_rose purple_eyes purple_flower purple_rose rose sky smile solo symbol-shaped_pupils teeth two-sided_fabric upper_teeth_only veil very_long_hair white_dress white_flower white_hair wrist_flower,highres official_art third-party_source,76ceb06adda426f75923b9417885a6ad
cyrene_(honkai:_star_rail),2026-09-04T18:09:42.265-04:00,asset_no_post_tags,asset,48747993,Cyrene (Demiurge) (Keeping Promise) (Honkai: Star Rail),Keeping Promise,https://danbooru.donmai.us/wiki_pages/cyrene_(honkai%3A_star_rail),https://danbooru.donmai.us/wiki_pages/Cyrene_(Demiurge)_(Keeping_Promise)_(Honkai%3A_Star_Rail),found,2026-06-14T02:17:35.369-04:00,[[Official alternate costume]] for [[Cyrene (Demiurge) (Honkai: Star Rail)|]] from [[Honkai: Star Rail]].,https://danbooru.donmai.us/media_assets/48747993,,,,,,
cyrene_(honkai:_star_rail),2026-09-04T18:09:42.265-04:00,candidate,post,10219962,Cyrene (demiurge) (wonderful holiday) (honkai: star rail),Wonderful Holiday,https://danbooru.donmai.us/wiki_pages/cyrene_(honkai%3A_star_rail),https://danbooru.donmai.us/wiki_pages/Cyrene_(demiurge)_(wonderful_holiday)_(honkai%3A_star_rail),found,2026-08-22T12:36:37.950-04:00,"An unplayable [[official alternate costume]] of [[Cyrene (Honkai: Star Rail)|]]'s [[Cyrene (demiurge) (honkai: star rail)|Demiurge]] form from [[Honkai: Star Rail]], as seen on a special cover of the January 2026 issue of Nylon Japan magazine.

Her [[casual]] outfit consists of an [[unbuttoned shirt|unbuttoned]] [[blue shirt|blue overshirt]] paired to a [[white jacket|white]] [[open jacket]], a white and pink [[crop top]], [[heart necklace]], [[black skirt|black]]/[[grey skirt|grey]] [[pleated skirt]], [[grey sash]], fold-over [[white socks]], and [[white shoes|white]] [[sneakers]].",https://danbooru.donmai.us/posts/10219962,Official Download,cyrene_(demiurge)_(honkai:_star_rail) cyrene_(demiurge)_(wonderful_holiday)_(honkai:_star_rail) cyrene_(honkai:_star_rail) mem_(honkai:_star_rail),honkai:_star_rail honkai_(series),1girl :d against_railing bag bag_charm bare_legs blue_hair blurry blurry_background braid candy casual character_charm charm_(object) company_name contemporary copyright_notice food gem gradient_hair grey_skirt hair_intakes heart heart_pendant holding holding_candy holding_food holding_lollipop jacket jewelry knit_hat lollipop long_hair long_sleeves looking_at_viewer midriff multicolored_hair multiple_braids navel necklace official_alternate_costume open_clothes open_jacket open_mouth pendant pink_hair pointy_ears purple_eyes purple_gem purple_hair quad_braids railing shoulder_bag skirt smile solo symbol-shaped_pupils white_jacket,highres non-web_source official_art official_wallpaper,539fe59af659ccbde7e8877e8d285c8b
cyrene_(honkai:_star_rail),2026-09-04T18:09:42.265-04:00,asset_no_post_tags,asset,39904358,Cyrene (demiurge) (anta) (honkai: star rail),Anta,https://danbooru.donmai.us/wiki_pages/cyrene_(honkai%3A_star_rail),https://danbooru.donmai.us/wiki_pages/Cyrene_(demiurge)_(anta)_(honkai%3A_star_rail),found,2026-08-22T12:36:57.309-04:00,"An unplayable [[official alternate costume]] of [[Cyrene (Honkai: Star Rail)|]]'s [[Cyrene (demiurge) (honkai: star rail)|Demiurge form]] from [[Honkai: Star Rail]] from a collaboration with Anta Sports

She wears a blue [[baseball cap]], a white [[crop top]] over a [[pink sports bra]], a [[single arm warmer|single]] [[white arm warmers|white arm warmer]], a [[white skirt|white]] [[miniskirt]], and [[sneakers]].",https://danbooru.donmai.us/media_assets/39904358,,,,,,
cyrene_(honkai:_star_rail),2026-09-04T18:09:42.265-04:00,asset_no_post_tags,asset,48535028,Cyrene (demiurge) (galaxy store) (honkai: star rail),Galaxy Store,https://danbooru.donmai.us/wiki_pages/cyrene_(honkai%3A_star_rail),https://danbooru.donmai.us/wiki_pages/Cyrene_(demiurge)_(galaxy_store)_(honkai%3A_star_rail),found,2026-08-22T12:37:07.169-04:00,An unplayable [[official alternate costume]] of [[Honkai: Star Rail|Honkai: Star Rail's]] [[Cyrene (Honkai: Star Rail)|]]'s [[Cyrene (demiurge) (honkai: star rail)|Demiurge]] form from a collaboration with [[Samsung]] Galaxy Store.,https://danbooru.donmai.us/media_assets/48535028,,,,,,
cyrene_(honkai:_star_rail),2026-09-04T18:09:42.265-04:00,candidate,post,11902379,Cyrene (Demiurge) (Impression) (Honkai: Star Rail),Impression,https://danbooru.donmai.us/wiki_pages/cyrene_(honkai%3A_star_rail),https://danbooru.donmai.us/wiki_pages/Cyrene_(Demiurge)_(Impression)_(Honkai%3A_Star_Rail),found,2026-08-22T20:01:32.200-04:00,Official [[Cyrene (Honkai: Star Rail)|]]-themed clothing merchandise available on official online stores.,https://danbooru.donmai.us/posts/11902379,https://x.com/tapiocaballtea/status/2083503709687103868,cyrene_(demiurge)_(honkai:_star_rail) cyrene_(demiurge)_(impression)_(honkai:_star_rail) cyrene_(honkai:_star_rail),honkai:_star_rail honkai_(series),1girl aqua_hair blue_skirt breasts cowboy_shot drop_shadow flower gradient_hair hair_flower hair_ornament layered_skirt long_hair long_sleeves looking_at_viewer medium_breasts multicolored_hair neckerchief official_alternate_costume official_art_inset one_eye_closed open_mouth pink_hair pointy_ears purple_eyes reference_inset shirt simple_background skirt solo two-tone_skirt very_long_hair watermark white_background white_shirt white_skirt,commentary_request highres,9b4301ffa450f352577423d04e488ae3
cyrene_(honkai:_star_rail),2026-09-04T18:09:42.265-04:00,candidate,post,10234695,Cyrene (demiurge) (alternate spacetime) (honkai: star rail),Alternate Spacetime,https://danbooru.donmai.us/wiki_pages/cyrene_(honkai%3A_star_rail),https://danbooru.donmai.us/wiki_pages/Cyrene_(demiurge)_(alternate_spacetime)_(honkai%3A_star_rail),found,2026-08-22T12:37:12.314-04:00,"An unplayabe costume of [[Cyrene (Honkai: Star Rail)|]]'s [[Cyrene (demiurge) (honkai: star rail)|Demiurge form]] from [[Honkai: Star Rail]] from the ""Alternate Spacetime Chronicles"":[/pools/26796] series of promotional arts.

Portrayed in [[winter clothes]], wearing a [[blue sweater]] with [[pom pom (clothes)|pom poms]] and a [[white skirt]].",https://danbooru.donmai.us/posts/10234695,https://t.bilibili.com/1131979926973448224,cyrene_(demiurge)_(alternate_spacetime)_(honkai:_star_rail) cyrene_(demiurge)_(honkai:_star_rail) cyrene_(honkai:_star_rail) little_ica_(honkai:_star_rail) trailblazer_(gray-mera)_(honkai:_star_rail) trailblazer_(honkai:_star_rail) trailblazer_(trash_cake)_(honkai:_star_rail),honkai:_star_rail honkai_(series),1girl alternate_costume animal blue_sweater cake_cat_(honkai:_star_rail) chimera_(honkai:_star_rail) couch diamond-shaped_pupils diamond_(shape) holding holding_animal indoors leg_warmers long_hair on_couch pink_hair pointy_ears pom_pom_(clothes) purple_eyes skirt smile solo sweater symbol-shaped_pupils tomato very_long_hair white_leg_warmers white_skirt,absurdres commentary_request highres second-party_source,bd9eec712104f2d4078e3cb4ee0ff653
cyrene_(honkai:_star_rail),2026-09-04T18:09:42.265-04:00,asset_no_post_tags,asset,35191900,Cyrene (demiurge) (chimerric park) (honkai: star rail),Chimerric Park,https://danbooru.donmai.us/wiki_pages/cyrene_(honkai%3A_star_rail),https://danbooru.donmai.us/wiki_pages/Cyrene_(demiurge)_(chimerric_park)_(honkai%3A_star_rail),found,2026-08-22T12:37:15.335-04:00,"An unplayable costume of [[Cyrene (Honkai: Star Rail)|]]'s [[Cyrene (demiurge) (honkai: star rail)|Demiurge form]] from [[Honkai: Star Rail]] from the promotional art for the [[HoyoFair]] 2025 ""Chimerric Park"" video.

Portrayed in a [[white dress]] with [[long sleeves]], a [[white belt]], and a [[white hairband]].",https://danbooru.donmai.us/media_assets/35191900,,,,,,
cyrene_(honkai:_star_rail),2026-09-04T18:09:42.265-04:00,asset_no_post_tags,asset,37715785,Cyrene (demiurge) (chimerric park countdown) (honkai: star rail),Chimerric Park Countdown,https://danbooru.donmai.us/wiki_pages/cyrene_(honkai%3A_star_rail),https://danbooru.donmai.us/wiki_pages/Cyrene_(demiurge)_(chimerric_park_countdown)_(honkai%3A_star_rail),found,2026-08-22T12:37:18.974-04:00,"An unplayable costume of [[Cyrene (Honkai: Star Rail)|]]'s [[Cyrene (demiurge) (honkai: star rail)|Demiurge form]] from [[Honkai: Star Rail]] from the countdown art for the [[HoyoFair]] 2025 ""Chimerric Park"".

Portrayed in a purple [[kimono dress]].",https://danbooru.donmai.us/media_assets/37715785,,,,,,
cyrene_(honkai:_star_rail),2026-09-04T18:09:42.265-04:00,asset_no_post_tags,asset,40184490,Cyrene (demiurge) (cyrup) (honkai: star rail),Cyrup,https://danbooru.donmai.us/wiki_pages/cyrene_(honkai%3A_star_rail),https://danbooru.donmai.us/wiki_pages/Cyrene_(demiurge)_(cyrup)_(honkai%3A_star_rail),found,2026-08-22T12:37:22.127-04:00,The [[chimera (honkai: star rail)|]] form of [[Cyrene (Honkai: Star Rail)|]] in [[Honkai: Star Rail]].,https://danbooru.donmai.us/media_assets/40184490,,,,,,
cyrene_(philia093)_(honkai:_star_rail),2026-09-04T18:09:29.440-04:00,candidate,post,9507450,,,https://danbooru.donmai.us/wiki_pages/cyrene_(philia093)_(honkai%3A_star_rail),,,,,https://danbooru.donmai.us/posts/9507450,https://homdgcat.wiki/images/lightconemaxfigures/21054.png,cyrene_(honkai:_star_rail) cyrene_(philia093)_(honkai:_star_rail),honkai:_star_rail honkai_(series),1girl bird blue_eyes book cloud cloudy_sky coat field hair_intakes hair_ornament holding holding_book looking_at_viewer medium_hair pink_hair pink_ribbon purple_coat purple_pupils ribbon sky smile solo wheat,artist_request commentary english_commentary highres official_art third-party_source,daeeaa8e0fafcc474da75ee44b80ca54
cyrene_(philia093)_(honkai:_star_rail),2026-09-04T18:09:29.440-04:00,asset_no_post_tags,asset,48747986,Cyrene (Philia093) (Keeping Promise) (Honkai: Star Rail),Keeping Promise,https://danbooru.donmai.us/wiki_pages/cyrene_(philia093)_(honkai%3A_star_rail),https://danbooru.donmai.us/wiki_pages/Cyrene_(Philia093)_(Keeping_Promise)_(Honkai%3A_Star_Rail),found,2026-06-14T02:16:53.517-04:00,[[Official alternate costume]] for [[Cyrene (Philia093) (Honkai: Star Rail)|]] from [[Honkai: Star Rail]].,https://danbooru.donmai.us/media_assets/48747986,,,,,,
evanescia_(honkai:_star_rail),2026-09-26T06:29:07.086-04:00,candidate,post,11217085,,Default,https://danbooru.donmai.us/wiki_pages/evanescia_(honkai%3A_star_rail),,,,,https://danbooru.donmai.us/posts/11217085,https://act-upload.mihoyo.com/sr-wiki/2026/04/22/276833758/2877dd262cfe6bfff51a2eec92d257bb_2073639254815347380.png,evanescia_(honkai:_star_rail),honkai:_star_rail honkai_(series),1girl animal_ears black_pantyhose black_shoes black_skirt bow bowtie cropped_jacket dress flower fox_ears fox_girl full_body hair_flower hair_intakes hair_ornament holding holding_sword holding_weapon jacket long_hair long_sleeves looking_at_viewer pantyhose pink_bow pink_hair pleated_skirt purple_eyes red_bow red_bowtie shirt shoes sitting skirt solo sword transparent_background weapon white_jacket white_shirt wide_sleeves,bad_link highres official_art,2877dd262cfe6bfff51a2eec92d257bb
evanescia_(honkai:_star_rail),2026-09-26T06:29:07.086-04:00,asset_no_post_tags,asset,48748194,Evanescia (Amusement) (Honkai: Star Rail),Amusement,https://danbooru.donmai.us/wiki_pages/evanescia_(honkai%3A_star_rail),https://danbooru.donmai.us/wiki_pages/Evanescia_(Amusement)_(Honkai%3A_Star_Rail),found,2026-06-14T02:31:01.056-04:00,"An [[official alternate costume]] of [[Honkai: Star Rail]]'s [[Evanescia (Honkai: Star Rail)|]], exclusive to the 4.2 Nameless Honor set.

She has a [[plaid bowtie|plaid]] [[red bowtie]] and a [[white hood|white]] [[animal ear hood]] while her own ears are [[droopy ears|droopy]] or [[no animal ears|missing]].",https://danbooru.donmai.us/media_assets/48748194,,,,,,
evanescia_(honkai:_star_rail),2026-09-26T06:29:07.086-04:00,asset_no_post_tags,asset,50221157,Evanescia (Lunar Blossoming) (Honkai: Star Rail),Lunar Blossoming,https://danbooru.donmai.us/wiki_pages/evanescia_(honkai%3A_star_rail),https://danbooru.donmai.us/wiki_pages/Evanescia_(Lunar_Blossoming)_(Honkai%3A_Star_Rail),found,2026-09-20T15:27:01.825-04:00,"An [[official alternate costume]] of [[Honkai: Star Rail]]'s [[Evanescia (Honkai: Star Rail)|]], released in version 4.6.

This outfit consists of a [[short kimono|short]] [[gradient kimono]] with a [[single wide sleeve]], a single [[puffy sleeves|puffy sleeve]], and [[shoulder cutout|shoulder cutouts]].",https://danbooru.donmai.us/media_assets/50221157,,,,,,
evernight_(honkai:_star_rail),2026-09-04T17:49:24.460-04:00,candidate,post,9956177,,Default,https://danbooru.donmai.us/wiki_pages/evernight_(honkai%3A_star_rail),,,,,https://danbooru.donmai.us/posts/9956177,https://act-upload.mihoyo.com/sr-wiki/2025/09/12/276833758/6b457fdb6f1abcef0d54b5c0079a3659_7512906109356721629.png,evernight_(honkai:_star_rail) evey_(honkai:_star_rail) march_7th_(honkai:_star_rail),honkai:_star_rail honkai_(series),1girl black_boots black_coat black_dress black_flower black_gloves boots breasts closed_mouth coat dress flower flower_ornament fold-over_boots gloves hair_flower hair_ornament half-jacket layered_dress long_hair long_sleeves medium_breasts memosprite off_shoulder official_alternate_costume official_alternate_eye_color pink_hair red_eyes red_flower shirt short_dress single_off_shoulder solo table thigh_strap transparent_background when_you_see_it white_shirt,bad_link bad_miyoushe_link highres official_art,6b457fdb6f1abcef0d54b5c0079a3659
evernight_(honkai:_star_rail),2026-09-04T17:49:24.460-04:00,asset_no_post_tags,asset,33460473,Evernight (Lurking) (Honkai: Star Rail),Lurking,https://danbooru.donmai.us/wiki_pages/evernight_(honkai%3A_star_rail),https://danbooru.donmai.us/wiki_pages/Evernight_(Lurking)_(Honkai%3A_Star_Rail),found,2025-10-11T08:59:35.165-04:00,"An [[official alternate costume|official costume]] of [[Honkai: Star Rail]]'s [[Evernight (Honkai: Star Rail)|]], exclusive to the 3.6 Nameless Honor set.

She is portrayed with a [[white coat]], [[sunglasses]] worn [[eyewear on head|on her head]], and holding a [[walkie-talkie]].",https://danbooru.donmai.us/media_assets/33460473,,,,,,
evernight_(honkai:_star_rail),2026-09-04T17:49:24.460-04:00,candidate,post,10015346,Evernight (Alternate Spacetime) (Honkai: Star Rail),Alternate Spacetime,https://danbooru.donmai.us/wiki_pages/evernight_(honkai%3A_star_rail),https://danbooru.donmai.us/wiki_pages/Evernight_(Alternate_Spacetime)_(Honkai%3A_Star_Rail),found,2026-02-07T22:23:31.353-05:00,"A costume of [[Evernight (Honkai: Star Rail)|]] from [[Honkai: Star Rail]] from the ""Alternate Spacetime Chronicles"":[/pools/26796] series of promotional arts.

She wears a [[two-tone dress|two-tone]] [[red dress|red]] and [[white dress]] with a [[black overskirt]], a [[black hairband|black]] [[flower hairband]], and a [[black choker]].",https://danbooru.donmai.us/posts/10015346,https://t.bilibili.com/1116030961091346464,evernight_(alternate_spacetime)_(honkai:_star_rail) evernight_(honkai:_star_rail) march_7th_(honkai:_star_rail) march_7th_(preservation)_(honkai:_star_rail),honkai:_star_rail honkai_(series),1girl alternate_costume black_choker black_hairband black_socks character_charm charm_(object) choker couch cup disposable_cup dress drinking_straw floating_hair hair_ornament hairband holding holding_cup holding_ticket kneehighs long_hair looking_at_viewer official_alternate_eye_color official_alternate_hair_length official_alternate_hairstyle on_couch parted_lips pink_hair red_eyes sitting smile socks solo ticket,absurdres commentary_request guest_art highres official_art second-party_source,70c04e33692bd98883f738ffb5cd07c8
evernight_(honkai:_star_rail),2026-09-04T17:49:24.460-04:00,candidate,post,11185901,Evernight (Impression) (Honkai: Star Rail),Impression,https://danbooru.donmai.us/wiki_pages/evernight_(honkai%3A_star_rail),https://danbooru.donmai.us/wiki_pages/Evernight_(Impression)_(Honkai%3A_Star_Rail),found,2026-05-29T20:54:05.183-04:00,"Official [[Evernight (Honkai: Star Rail)|]]-themed clothing merchandise available on official [[miHoYo]] online stores.

Consists of a [[white shirt]] with black buttons, optionally a [[black necktie]], a [[black skirt]] or [[black pants|black]] [[jeans]], and a [[black bag|black]] [[shoulder bag]].",https://danbooru.donmai.us/posts/11185901,https://x.com/qotassium/status/2045344519487451155,evernight_(honkai:_star_rail) evernight_(impression)_(honkai:_star_rail) march_7th_(honkai:_star_rail),honkai:_star_rail honkai_(series),2girls :d bag buttons dual_persona earrings flower frills full_body gloves hair_between_eyes hair_ornament hand_in_pocket happy holding_hands jacket jewelry long_hair looking_at_another medium_hair multiple_girls necktie official_alternate_costume open_clothes open_jacket outdoors pants pink_hair self-cosplay shirt shoes simple_background single_earring skirt smile socks very_long_hair,commentary english_commentary highres,ffd3daa87db64ba99fbe14d6017568a5
feixiao_(honkai:_star_rail),2026-09-06T09:50:16.665-04:00,candidate,post,8148716,,Default,https://danbooru.donmai.us/wiki_pages/feixiao_(honkai%3A_star_rail),,,,,https://danbooru.donmai.us/posts/8148716,https://static.wikia.nocookie.net/houkai-star-rail/images/6/61/Character_Feixiao_Splash_Art.png?format=original,feixiao_(honkai:_star_rail),honkai:_star_rail honkai_(series),1girl animal_ear_fluff animal_ear_piercing animal_ears aqua_eyes belt black_boots black_shorts blue_eyes blue_shirt boots breasts clothing_cutout coat disembodied_wing eyeshadow facial_mark feathered_wings fire flag floating_hair forehead_mark foreshortening fox_ears fox_girl from_above full_body grin hair_ornament high_ponytail hip_vent holding holding_flag holding_sword holding_weapon jewelry knee_boots large_breasts legs_apart long_hair looking_at_viewer makeup mandarin_collar neck_tassel open_clothes open_coat outstretched_arm parted_bangs ponytail red_eyeshadow ring shirt shorts smile solo standing sword tassel tassel_hair_ornament thigh_strap transparent_background weapon white_coat white_hair wings,game_asset highres official_art third-party_source,ddb4cfc4720e86bf23e800f2b3973f1c
feixiao_(honkai:_star_rail),2026-09-06T09:50:16.665-04:00,asset_no_post_tags,asset,24648557,Feixiao (Fitness) (honkai: star rail),Fitness,https://danbooru.donmai.us/wiki_pages/feixiao_(honkai%3A_star_rail),https://danbooru.donmai.us/wiki_pages/Feixiao_(Fitness)_(honkai%3A_star_rail),found,2025-10-12T16:21:26.733-04:00,"An [[official alternate costume]] for [[Honkai: Star Rail]]'s [[Feixiao (Honkai: Star Rail)|]], exclusive to the 2.5 Nameless Honor set.

Not to be confused with Feixiao's similar-looking [[Feixiao (Sweat Now Cry Less) (Honkai: Star Rail)|Sweat Now, Cry Less]] outfit. The main differences is that Feixiao's ""Fitness"" outfit has her wear a [[white hat|white]] [[baseball cap]], her top is colored dark blue, and she wears [[black gloves|black]] [[fingerless gloves]].",https://danbooru.donmai.us/media_assets/24648557,,,,,,
feixiao_(honkai:_star_rail),2026-09-06T09:50:16.665-04:00,candidate,post,8516871,Feixiao (Sweat Now Cry Less) (honkai: star rail),"Sweat Now, Cry Less",https://danbooru.donmai.us/wiki_pages/feixiao_(honkai%3A_star_rail),https://danbooru.donmai.us/wiki_pages/Feixiao_(Sweat_Now_Cry_Less)_(honkai%3A_star_rail),found,2025-01-25T19:18:36.702-05:00,"An outfit worn by [[Feixiao (Honkai: Star Rail)|]] in the Light Cone, ""Sweat Now, Cry Less"".

Not to be confused with Feixiao's similar-looking [[Feixiao (Fitness) (Honkai: Star Rail)|Fitness]] outfit. The main differences is that Feixiao's ""Sweat Now, Cry Less"" outfit has her wear an [[aqua sports bra|aqua]] or [[green sports bra]]. She also has [[bandaged hand]]s, and is wearing [[black shorts]] with an [[aqua belt]].",https://danbooru.donmai.us/posts/8516871,https://hsr.gachabase.net/lightcones/21052/sweat-now-cry-less/beta,feixiao_(honkai:_star_rail) feixiao_(sweat_now_cry_less)_(honkai:_star_rail),honkai:_star_rail honkai_(series),1girl animal_ears bandaid bandaid_on_cheek bandaid_on_face bare_shoulders belt blue_eyes crop_top ear_piercing forehead_jewel fox_ears fox_girl grey_hair high_kick kicking long_hair midriff parted_bangs piercing punching_bag shorts solo,artist_request highres official_art third-party_source,032f4a63d12b61e20eab86df9361f79b
feixiao_(honkai:_star_rail),2026-09-06T09:50:16.665-04:00,asset_no_post_tags,asset,48747039,Feixiao (KFC) (honkai: star rail),KFC,https://danbooru.donmai.us/wiki_pages/feixiao_(honkai%3A_star_rail),https://danbooru.donmai.us/wiki_pages/Feixiao_(KFC)_(honkai%3A_star_rail),found,2026-06-14T00:27:12.061-04:00,An [[official alternate costume]] for [[Honkai: Star Rail]]'s [[Feixiao (honkai: star rail)|]] from a collaboration with [[KFC]].,https://danbooru.donmai.us/media_assets/48747039,,,,,,
firefly_(ar-26710)_(honkai:_star_rail),2025-11-17T12:24:08.740-05:00,asset_no_post_tags,asset,21432997,,Profile,https://danbooru.donmai.us/wiki_pages/firefly_(ar-26710)_(honkai%3A_star_rail),,,,,https://danbooru.donmai.us/media_assets/21432997,,,,,,
firefly_(birefly)_(honkai:_star_rail),2024-09-18T00:44:58.551-04:00,appearance_missing,,,,,https://danbooru.donmai.us/wiki_pages/firefly_(birefly)_(honkai%3A_star_rail),,,,,,,,,,,
firefly_(honkai:_star_rail),2026-09-04T19:08:32.309-04:00,candidate,post,7726554,,Default (with SAM),https://danbooru.donmai.us/wiki_pages/firefly_(honkai%3A_star_rail),,,,,https://danbooru.donmai.us/posts/7726554,assets/asbres/spriteoutput/avatardrawcard/1310,firefly_(honkai:_star_rail) sam_(honkai:_star_rail),honkai:_star_rail honkai_(series),1girl ankle_boots armor black_boots black_bridal_gauntlets black_capelet black_headband black_thighhighs boots breasts bridal_gauntlets capelet dress floating_hair full_body gradient_thighhighs green_dress green_eyes green_thighhighs grey_hair hair_intakes headband holding holding_sword holding_weapon long_hair medium_breasts multicolored_boots multicolored_dress multicolored_eyes pink_eyes power_armor short_dress solo sword thighhighs transparent_background two-tone_eyes weapon white_boots white_dress,game_asset highres non-web_source official_art,56a69c1abd8d56a637544199d2148940
firefly_(honkai:_star_rail),2026-09-04T19:08:32.309-04:00,candidate,post,9556115,Firefly (Spring Missive) (honkai: star rail),Spring Missive,https://danbooru.donmai.us/wiki_pages/firefly_(honkai%3A_star_rail),https://danbooru.donmai.us/wiki_pages/Firefly_(Spring_Missive)_(honkai%3A_star_rail),found,2026-08-29T11:06:24.622-04:00,"An [[official alternate costume|official costume]] of [[Honkai: Star Rail]]'s [[Firefly (honkai: star rail)|]], released in the 3.4 patch.

It is [[serafuku]]-themed and consists of a [[long sleeves|long-sleeved]] [[double-breasted]] [[white shirt]] with a [[grey sailor collar]], a [[green bow|teal bow]], a [[grey skirt|grey]] [[pleated skirt|pleated]] [[plaid skirt]], [[white thighhighs]], and [[black shoes|black]] [[loafers]].",https://danbooru.donmai.us/posts/9556115,assets/asbres/spriteoutput/avatardrawcard/avatarskin/1131001,firefly_(honkai:_star_rail) firefly_(spring_missive)_(honkai:_star_rail) sam_(honkai:_star_rail),honkai:_star_rail honkai_(series),1girl bag black_hairband bouquet bow breasts brown_shoes colored_tips falling_petals gradient_hair green_bow green_hair grey_hair grey_sailor_collar grey_skirt hair_intakes hairband holding holding_bag holding_bouquet loafers long_hair long_sleeves medium_breasts miniskirt multicolored_hair official_alternate_costume open_mouth paper_bag penny_loafers petals sailor_collar school_uniform serafuku shirt shoes sign skirt smile solo teeth thighhighs transparent_background upper_teeth_only white_shirt white_thighhighs window zettai_ryouiki,game_asset highres non-web_source official_art,50c42f296a59909282e44f1773d4234d
firefly_(honkai:_star_rail),2026-09-04T19:08:32.309-04:00,candidate,post,7683192,Firefly (AR-26710) (honkai: star rail),AR-26710,https://danbooru.donmai.us/wiki_pages/firefly_(honkai%3A_star_rail),https://danbooru.donmai.us/wiki_pages/Firefly_(AR-26710)_(honkai%3A_star_rail),found,2025-11-17T12:24:08.740-05:00,"An [[official alternate costume|official costume]] of [[Honkai: Star Rail]]'s [[Firefly (Honkai: Star Rail)|]] in her past as [spoiler]a member of Glamoth's Iron Cavalry[/spoiler], with her [spoiler]serial number[/spoiler] being ""AR-26710"".",https://danbooru.donmai.us/posts/7683192,https://twitter.com/houkaistarrail/status/1799078132542275587,firefly_(ar-26710)_(honkai:_star_rail) firefly_(honkai:_star_rail),honkai:_star_rail honkai_(series),1girl black_bow black_hairband black_ribbon bodysuit bow breasts bug cloud firefly hair_bow hair_ribbon hairband long_hair mecha_pilot_suit night official_alternate_costume outdoors purple_eyes ribbon sky small_breasts solo upper_body very_long_hair white_bodysuit white_hair,commentary_request highres official_art,91be7e28fed5d1341fa39cf56b32d064
firefly_(honkai:_star_rail),2026-09-04T19:08:32.309-04:00,candidate,post,8035938,Firefly (Jepella Rebellion) (honkai: star rail),Jepella Rebellion,https://danbooru.donmai.us/wiki_pages/firefly_(honkai%3A_star_rail),https://danbooru.donmai.us/wiki_pages/Firefly_(Jepella_Rebellion)_(honkai%3A_star_rail),found,2025-11-17T12:23:48.085-05:00,"An [[official alternate costume|official costume]] of [[Honkai: Star Rail]]'s [[Firefly (Honkai: Star Rail)|]] during the events of the Jepella Rebellion.

Unlike her fellow Stellaron Hunters, her outfit isn't shown during ""Myriad Celestia Trailer: The Jepella Rebellion — Scene 47"":[https://www.youtube.com/watch?v=D9yIlGpgCus], due to not appearing as herself at any point during the video (she instead appears as [[SAM (honkai: star rail)|]]); her outfit during the rebellion is seen during a flashback CG during the Penacony story arc.

While her skirt is canonically a long black skirt, some fan",https://danbooru.donmai.us/posts/8035938,https://t.bilibili.com/944400829552525330,firefly_(honkai:_star_rail) firefly_(jepella_rebellion)_(honkai:_star_rail),honkai:_star_rail honkai_(series),1girl :d black_hairband black_jacket black_neckerchief breasts cityscape collared_shirt floating_hair grey_hair hair_between_eyes hair_intakes hair_ornament hairband jacket long_hair looking_at_viewer medium_breasts multicolored_eyes neckerchief official_alternate_costume shirt shooting_star smile star_(sky) two-tone_eyes upper_body,absurdres commentary_request highres official_art,46f74bb9cc71d1fecdc36b00ab19bd31
firefly_(honkai:_star_rail),2026-09-04T19:08:32.309-04:00,asset_no_post_tags,asset,33476671,Firefly (Vision) (Honkai: Star Rail),Vision,https://danbooru.donmai.us/wiki_pages/firefly_(honkai%3A_star_rail),https://danbooru.donmai.us/wiki_pages/Firefly_(Vision)_(Honkai%3A_Star_Rail),found,2025-11-17T12:23:20.664-05:00,"An [[official alternate costume|official costume]] of [[Honkai: Star Rail]]'s [[Firefly (Honkai: Star Rail)|]], exclusive to the 2.3 Nameless Honor set.",https://danbooru.donmai.us/media_assets/33476671,,,,,,
firefly_(honkai:_star_rail),2026-09-04T19:08:32.309-04:00,candidate,post,9240494,Firefly (On the Journey) (honkai: star rail),On the Journey,https://danbooru.donmai.us/wiki_pages/firefly_(honkai%3A_star_rail),https://danbooru.donmai.us/wiki_pages/Firefly_(On_the_Journey)_(honkai%3A_star_rail),found,2025-11-17T12:22:58.819-05:00,"An [[official alternate costume|official costume]] of [[Honkai: Star Rail]]'s [[Firefly (Honkai: Star Rail)|]] in ""Honkai: Star Rail Two-Year Anniversary Special Animation: On the Journey"":[https://www.youtube.com/watch?v=_OUWtPhDQpk].",https://danbooru.donmai.us/posts/9240494,https://i.pximg.net/img-original/img/2025/05/02/19/51/07/129949904_p0.png,firefly_(honkai:_star_rail) firefly_(on_the_journey)_(honkai:_star_rail),honkai:_star_rail honkai_(series),1girl artist_name bare_shoulders black_dress black_hairband blue_pupils bracelet breasts character_name closed_mouth copyright_name cowboy_shot dress earrings elbow_gloves english_text eyewear_on_head glasses gloves gradient_background gradient_gloves grey_hair hair_intakes hairband hand_on_own_hip jewelry large_breasts long_hair looking_at_viewer multicolored_eyes official_alternate_costume purple_eyes semi-rimless_eyewear shadow shirt simple_background single_earring sleeveless sleeveless_turtleneck smile solo tinted_eyewear turtleneck turtleneck_shirt two-tone_eyes,absurdres commentary english_commentary highres,da920c35a85f680c12da2bb57f1b33b0
firefly_(honkai:_star_rail),2026-09-04T19:08:32.309-04:00,candidate,post,9262309,Firefly (Impression) (Honkai: Star Rail),Impression,https://danbooru.donmai.us/wiki_pages/firefly_(honkai%3A_star_rail),https://danbooru.donmai.us/wiki_pages/Firefly_(Impression)_(Honkai%3A_Star_Rail),found,2026-06-06T16:55:26.476-04:00,"Official [[Firefly (Honkai: Star Rail)|]]-themed clothing merchandise available on official online stores.

In most often drawn configuration, consists of a [[white jacket|]] to [[aqua jacket|aqua]] [[gradient jacket]] worn over a [[black shirt|black]] [[t-shirt]] with [[black shorts]] and [[sneakers]].",https://danbooru.donmai.us/posts/9262309,https://x.com/rio_773/status/1919754921835999626?s=46,firefly_(honkai:_star_rail) firefly_(impression)_(honkai:_star_rail),honkai:_star_rail honkai_(series),2girls aqua_hair black_hairband black_shorts full_body gradient_hair grey_hair hair_intakes hairband hand_up invisible_chair jacket long_hair long_sleeves looking_at_viewer multicolored_hair multiple_girls official_alternate_costume photo_inset reference_inset shoes shorts simple_background sitting smile sneakers socks white_background white_jacket white_shoes white_socks,commentary highres,6af4ed834d0a078eedffd928808af822
firefly_(honkai:_star_rail),2026-09-04T19:08:32.309-04:00,asset_no_post_tags,asset,48585571,Firefly (Little Cat) (honkai: star rail),Little Cat,https://danbooru.donmai.us/wiki_pages/firefly_(honkai%3A_star_rail),https://danbooru.donmai.us/wiki_pages/Firefly_(Little_Cat)_(honkai%3A_star_rail),found,2026-06-14T01:01:54.183-04:00,"An [[official alternate costume]] of [[Honkai: Star Rail|Honkai: Star Rail's]] [[Firefly (Honkai: Star Rail)|]], taken from the ""Little Cat Series"" of merchandise

Appears similar at first glance to her default outfit, but can be distinguished by a [[black hairband|black]] and [[white hairband|white]] [[two-tone hairband]] and a distinctive combined [[orange neckerchief]] and [[blue necktie]].",https://danbooru.donmai.us/media_assets/48585571,,,,,,
firefly_(honkai:_star_rail),2026-09-04T19:08:32.309-04:00,asset_no_post_tags,asset,48627924,Firefly (Girls' Dormitory) (Honkai: Star Rail),Girls' Dormitory,https://danbooru.donmai.us/wiki_pages/firefly_(honkai%3A_star_rail),https://danbooru.donmai.us/wiki_pages/Firefly_(Girls'_Dormitory)_(Honkai%3A_Star_Rail),found,2026-06-06T19:47:20.198-04:00,"An [[official alternate costume]] of [[Honkai: Star Rail|Honkai: Star Rail's]] [[Firefly (Honkai: Star Rail)|]], taken from the ""Girls' Dormitory"" merchandise series.",https://danbooru.donmai.us/media_assets/48627924,,,,,,
firefly_(honkai:_star_rail),2026-09-04T19:08:32.309-04:00,asset_no_post_tags,asset,46331721,Firefly (Chimerric Park Countdown) (Honkai: Star Rail),Chimerric Park Countdown,https://danbooru.donmai.us/wiki_pages/firefly_(honkai%3A_star_rail),https://danbooru.donmai.us/wiki_pages/Firefly_(Chimerric_Park_Countdown)_(Honkai%3A_Star_Rail),found,2026-03-12T21:22:27.930-04:00,"A costume of [[Firefly (Honkai: Star Rail)|]] from [[Honkai: Star Rail]] from the countdown art for the [[HoyoFair]] 2025 ""Chimerric Park"".

Similar to the more common [[Firefly (Ar-26710) (Honkai: Star Rail)|Ar-26710]], but the [[mecha pilot suit]] has green legs, [[armored boots]], and a [[helmet]] that appears similar to [[Sam (Honkai: Star Rail)|Sam's]].",https://danbooru.donmai.us/media_assets/46331721,,,,,,
firefly_(jepella_rebellion)_(honkai:_star_rail),2025-11-17T12:23:48.085-05:00,candidate,post,8035938,,Profile,https://danbooru.donmai.us/wiki_pages/firefly_(jepella_rebellion)_(honkai%3A_star_rail),,,,,https://danbooru.donmai.us/posts/8035938,https://t.bilibili.com/944400829552525330,firefly_(honkai:_star_rail) firefly_(jepella_rebellion)_(honkai:_star_rail),honkai:_star_rail honkai_(series),1girl :d black_hairband black_jacket black_neckerchief breasts cityscape collared_shirt floating_hair grey_hair hair_between_eyes hair_intakes hair_ornament hairband jacket long_hair looking_at_viewer medium_breasts multicolored_eyes neckerchief official_alternate_costume shirt shooting_star smile star_(sky) two-tone_eyes upper_body,absurdres commentary_request highres official_art,46f74bb9cc71d1fecdc36b00ab19bd31
firefly_(spring_missive)_(honkai:_star_rail),2026-08-29T11:06:24.622-04:00,candidate,post,9556115,,Profile,https://danbooru.donmai.us/wiki_pages/firefly_(spring_missive)_(honkai%3A_star_rail),,,,,https://danbooru.donmai.us/posts/9556115,assets/asbres/spriteoutput/avatardrawcard/avatarskin/1131001,firefly_(honkai:_star_rail) firefly_(spring_missive)_(honkai:_star_rail) sam_(honkai:_star_rail),honkai:_star_rail honkai_(series),1girl bag black_hairband bouquet bow breasts brown_shoes colored_tips falling_petals gradient_hair green_bow green_hair grey_hair grey_sailor_collar grey_skirt hair_intakes hairband holding holding_bag holding_bouquet loafers long_hair long_sleeves medium_breasts miniskirt multicolored_hair official_alternate_costume open_mouth paper_bag penny_loafers petals sailor_collar school_uniform serafuku shirt shoes sign skirt smile solo teeth thighhighs transparent_background upper_teeth_only white_shirt white_thighhighs window zettai_ryouiki,game_asset highres non-web_source official_art,50c42f296a59909282e44f1773d4234d
fu_xuan_(honkai:_star_rail),2026-09-06T07:58:41.103-04:00,candidate,post,7690465,,Splash art,https://danbooru.donmai.us/wiki_pages/fu_xuan_(honkai%3A_star_rail),,,,,https://danbooru.donmai.us/posts/7690465,assets/asbres/spriteoutput/avatardrawcard/1208,fu_xuan_(honkai:_star_rail),honkai:_star_rail honkai_(series),1girl arm_up armpits brown_shoes dress forehead_jewel full_body hair_ornament hair_stick high_heels long_hair parted_lips pink_hair pumps shoes sleeveless sleeveless_dress solo standing thighhighs transparent_background very_long_hair white_thighhighs yellow_eyes,game_asset highres non-web_source official_art,3e281db181805267118a8b71ed4733ed
fu_xuan_(honkai:_star_rail),2026-09-06T07:58:41.103-04:00,candidate,post,8768517,,She Already Shut Her Eyes,https://danbooru.donmai.us/wiki_pages/fu_xuan_(honkai%3A_star_rail),,,,,https://danbooru.donmai.us/posts/8768517,https://static.wikia.nocookie.net/houkai-star-rail/images/5/59/Light_Cone_She_Already_Shut_Her_Eyes_Artwork.png?format=original,fu_xuan_(honkai:_star_rail),honkai:_star_rail honkai_(series),1girl bare_shoulders black_dress border closed_eyes constellation_print detached_collar detached_sleeves dress facing_viewer forehead_jewel from_above gem glowing hands_on_another's_face long_hair low_twintails orb parted_bangs parted_lips partially_submerged pink_hair purple_gem purple_hands ripples solo_focus twintails upper_body white_border,game_asset highres official_art third-party_source,474cd9b9c75d99d45f661ff694796954
fu_xuan_(honkai:_star_rail),2026-09-06T07:58:41.103-04:00,candidate,post,8467595,Fu Xuan (In Leisure) (Honkai: Star Rail),In Leisure,https://danbooru.donmai.us/wiki_pages/fu_xuan_(honkai%3A_star_rail),https://danbooru.donmai.us/wiki_pages/Fu_Xuan_(In_Leisure)_(Honkai%3A_Star_Rail),found,2025-06-27T11:01:18.650-04:00,"An [[official alternate costume|official costume]] of [[Honkai: Star Rail]]'s [[Fu Xuan (honkai: star rail)|]], exclusive to the 1.3 Nameless Honor set.

She is portrayed with a [[pink hanfu]], often with a [[hagoromo]] and [[hand fan]].",https://danbooru.donmai.us/posts/8467595,https://i.pximg.net/img-original/img/2024/11/21/23/19/33/124510527_p0.jpg,fu_xuan_(honkai:_star_rail) fu_xuan_(in_leisure)_(honkai:_star_rail),honkai:_star_rail honkai_(series),1girl black_shoes bow-shaped_hair bright_pupils chinese_clothes earrings forehead_jewel full_body hand_fan hand_on_own_hip hand_up hanfu holding holding_fan jewelry long_hair long_sleeves looking_at_viewer official_alternate_costume pantyhose pink_eyes pink_hair qixiong_ruqun shoes simple_background standing tassel tassel_earrings twintails white_pantyhose white_pupils,absurdres commentary_request highres,bf3040bbc17c4af0d2174f92523d75aa
fu_xuan_(honkai:_star_rail),2026-09-06T07:58:41.103-04:00,candidate,post,9223738,Fu Xuan (On the Journey) (Honkai: Star Rail),On the Journey,https://danbooru.donmai.us/wiki_pages/fu_xuan_(honkai%3A_star_rail),https://danbooru.donmai.us/wiki_pages/Fu_Xuan_(On_the_Journey)_(Honkai%3A_Star_Rail),found,2025-05-18T18:09:09.332-04:00,"The outfit worn by [[Fu Xuan_(Honkai: Star Rail)|]] in the Honkai: Star Rail official second anniversary animation ""On the Journey"":[https://www.youtube.com/watch?v=GdBLXGUy2C0].",https://danbooru.donmai.us/posts/9223738,https://twitter.com/UnfamousRadish/status/1916886763756466269,fu_xuan_(honkai:_star_rail) fu_xuan_(on_the_journey)_(honkai:_star_rail) qingque_(honkai:_star_rail) qingque_(on_the_journey)_(honkai:_star_rail),honkai:_star_rail honkai_(series),2girls :d blush coat from_side grey_background grey_hair hair_rings lab_coat long_sleeves lying multiple_girls official_alternate_costume on_back open_clothes open_coat open_mouth pink_hair profile simple_background smile white_coat yuri,highres,acacd0b6fbd957c89e520a9341887d85
fugue_(honkai:_star_rail),2026-09-06T11:38:22.662-04:00,candidate,post,8651422,,Default,https://danbooru.donmai.us/wiki_pages/fugue_(honkai%3A_star_rail),,,,,https://danbooru.donmai.us/posts/8651422,assets/asbres/spriteoutput/avatardrawcard/1225,fugue_(honkai:_star_rail) tingyun_(harmony)_(honkai:_star_rail) tingyun_(honkai:_star_rail),honkai:_star_rail honkai_(series),1girl animal_ears bare_legs bare_shoulders black_shoes breasts brown_hair chinese_clothes flower fox_ears fox_girl full_body green_eyes high_heels long_hair lotus medium_breasts nail_polish pink_flower pumps red_nails reflection shoes transparent_background,game_asset highres non-web_source official_art,c7c50f6e07b990eb5a57064253ef21c9
fugue_(honkai:_star_rail),2026-09-06T11:38:22.662-04:00,asset_no_post_tags,asset,48747038,Fugue (Jiaduobao) (Honkai: Star Rail),Jiaduobao,https://danbooru.donmai.us/wiki_pages/fugue_(honkai%3A_star_rail),https://danbooru.donmai.us/wiki_pages/Fugue_(Jiaduobao)_(Honkai%3A_Star_Rail),found,2026-09-06T12:26:34.645-04:00,[[Fugue (Honkai: Star Rail)|]] as she is portrayed in the collaboration with Chinese drink brand Jiaduobao.,https://danbooru.donmai.us/media_assets/48747038,,,,,,
guinaifen_(honkai:_star_rail),2026-09-06T09:51:52.946-04:00,candidate,post,7691273,,Splash art,https://danbooru.donmai.us/wiki_pages/guinaifen_(honkai%3A_star_rail),,,,,https://danbooru.donmai.us/posts/7691273,assets/asbres/spriteoutput/avatardrawcard/1210,diting_(honkai:_star_rail) guinaifen_(honkai:_star_rail) sushang_(honkai:_star_rail),honkai:_star_rail honkai_(series),2girls ankle_boots black_boots black_choker black_gloves black_pantyhose boots breasts choker collarbone detached_sleeves flower full_body gloves hair_flower hair_ornament medium_breasts multiple_girls open_mouth pantyhose partially_fingerless_gloves ponytail red_hair transparent_background yellow_eyes,game_asset highres non-web_source official_art,ae226f04a66e30b3a93f1922b69007ee
hanya_(honkai:_star_rail),2026-09-06T09:50:53.117-04:00,candidate,post,7691330,,Splash art,https://danbooru.donmai.us/wiki_pages/hanya_(honkai%3A_star_rail),,,,,https://danbooru.donmai.us/posts/7691330,assets/asbres/spriteoutput/avatardrawcard/1215,hanya_(honkai:_star_rail),honkai:_star_rail honkai_(series),1girl black_gloves blue_fire book breasts calligraphy_brush chain detached_sleeves fire full_body ghost gloves holding holding_calligraphy_brush holding_paintbrush large_breasts paintbrush paper parted_lips sitting solo transparent_background wariza,game_asset highres non-web_source official_art,66606370ab2a473c560459ac7efcc173
herta_(honkai:_star_rail),2026-06-19T09:20:32.611-04:00,candidate,post,7689962,Herta (Puppet) (Honkai: Star Rail),Default,https://danbooru.donmai.us/wiki_pages/herta_(honkai%3A_star_rail),https://danbooru.donmai.us/wiki_pages/Herta_(Puppet)_(Honkai%3A_Star_Rail),found,2026-09-04T18:30:45.595-04:00,"The original 4-star playable version of [[Honkai: Star Rail]]'s [[Herta (honkai: star rail)|]] when you first encounter her in-game. Referred to as [b]Miss Herta[/b] in the JP version to differentiate her from the real [[the herta (honkai: star rail)|Madam Herta]].

As her puppet version is meant to represent her younger self, she is portrayed with [[long hair|long]] [[brown hair]] with [[hair intakes]], [[purple eyes]], and [[doll joints]]. Her outfit consists of a [[white dress]] worn under an outer layer [[black dress|black]] [[sailor dress]], [[black hat|black]] [[beret]] with a [[purple f",https://danbooru.donmai.us/posts/7689962,assets/asbres/spriteoutput/avatardrawcard/1013,caelus_(honkai:_star_rail) herta_(honkai:_star_rail) herta_(puppet)_(honkai:_star_rail) stelle_(honkai:_star_rail) trailblazer_(honkai:_star_rail),honkai:_star_rail honkai_(series),1girl ankle_boots beret black_boots black_hat boots brown_hair doll_joints door flower full_body hair_flower hair_ornament hair_spread_out hand_puppet hat high_heel_boots high_heels joints long_hair puppet sitting transparent_background very_long_hair wariza,game_asset highres non-web_source official_art,336790f9c753b47b69af1c8988eb443d
herta_(honkai:_star_rail),2026-06-19T09:20:32.611-04:00,candidate,post,10058848,Herta (Puppet) (Tea Break) (Honkai: Star Rail),Tea Break,https://danbooru.donmai.us/wiki_pages/herta_(honkai%3A_star_rail),https://danbooru.donmai.us/wiki_pages/Herta_(Puppet)_(Tea_Break)_(Honkai%3A_Star_Rail),found,2025-10-03T11:42:23.098-04:00,"An [[official alternate costume]] of [[Honkai: Star Rail]]'s [[herta_(puppet)_(honkai: star rail)|Herta puppet]], exclusive to the 3.0 Nameless Honor set.

Portrayed with a white [[frilled dress]].",https://danbooru.donmai.us/posts/10058848,https://houkai-star-rail.fandom.com/wiki/File:Profile_Picture_Herta_-_Tea_Break.png,herta_(honkai:_star_rail) herta_(puppet)_(honkai:_star_rail) herta_(puppet)_(tea_break)_(honkai:_star_rail) herta_(simulated_universe_avatar)_(honkai:_star_rail),honkai:_star_rail honkai_(series),border brown_hair dress flower fork frilled_dress frills holding holding_fork holding_tray looking_at_viewer profile_picture purple_eyes purple_flower purple_ribbon ribbon round_border transparent_background tray white_ribbon,lowres official_art,1ef349e679894fc28df83bdd6a19eb9b
herta_(honkai:_star_rail),2026-06-19T09:20:32.611-04:00,candidate,post,8704047,The Herta (Honkai: Star Rail),Default,https://danbooru.donmai.us/wiki_pages/herta_(honkai%3A_star_rail),https://danbooru.donmai.us/wiki_pages/The_Herta_(Honkai%3A_Star_Rail),found,2026-09-04T18:32:32.866-04:00,"The five-star rarity and the real human form of [[Honkai: Star Rail]]'s [[Herta (honkai: star rail)|]]. Referred to as [b]Madam Herta[/b] in the JP version. Like her puppet version, she is voiced by [[Yamazaki Haruka|]] (JP) and PJ Mattson (EN).

She has [[very long hair|very long]] [[grey hair|grey]] to ash [[brown hair]] and is [[flat chest|flat]]/[[small breasts|small chested]]. Her outfit consists of a [[black_hat|black]] [[witch hat]] with a purple inner brim, black [[detached collar]] with a [[white ascot]], [[strapless dress|strapless]] [[black dress]] with [[long sleeves|long]] [[detac",https://danbooru.donmai.us/posts/8704047,assets/asbres/spriteoutput/avatardrawcard/1401,herta_(honkai:_star_rail) the_herta_(honkai:_star_rail),honkai:_star_rail honkai_(series),1girl bare_shoulders black_boots black_dress black_sleeves boots brown_hair detached_sleeves dress flower from_behind full_body gears hat high_heel_boots high_heels holding holding_staff index_finger_raised keyhole knee_boots long_hair looking_at_viewer picture_frame purple_eyes purple_flower solo staff transparent_background very_long_hair witch_hat,game_asset highres non-web_source official_art,3eceaccac7ca97e113f3bf548f3920db
herta_(honkai:_star_rail),2026-06-19T09:20:32.611-04:00,candidate,post,10058851,The Herta (Tea Break) (Honkai: Star Rail),Tea Break,https://danbooru.donmai.us/wiki_pages/herta_(honkai%3A_star_rail),https://danbooru.donmai.us/wiki_pages/The_Herta_(Tea_Break)_(Honkai%3A_Star_Rail),found,2025-10-03T11:41:56.019-04:00,"An [[official alternate costume]] of [[Honkai: Star Rail]]'s [[The Herta (honkai: star rail)|]], exclusive to the 3.0 Nameless Honor set.

Portrayed with a [[black dress]] and a [[bonnet]].",https://danbooru.donmai.us/posts/10058851,https://houkai-star-rail.fandom.com/wiki/File:Profile_Picture_The_Herta_-_Tea_Break.png,herta_(honkai:_star_rail) the_herta_(honkai:_star_rail) the_herta_(tea_break)_(honkai:_star_rail),honkai:_star_rail honkai_(series),1girl black_bonnet black_dress black_ribbon bonnet border brown_hair cup dress flower hair_flower hair_ornament holding holding_cup looking_at_viewer official_alternate_costume profile_picture purple_eyes purple_flower purple_ribbon ribbon round_border solo teacup transparent_background,lowres official_art,dd87022fd79922103a5ce19660ee29aa
herta_(honkai:_star_rail),2026-06-19T09:20:32.611-04:00,candidate,post,9062824,The Herta (Star Rail Live 2025) (Honkai: Star Rail),Star Rail Live 2025,https://danbooru.donmai.us/wiki_pages/herta_(honkai%3A_star_rail),https://danbooru.donmai.us/wiki_pages/The_Herta_(Star_Rail_Live_2025)_(Honkai%3A_Star_Rail),found,2025-09-16T10:36:15.986-04:00,An [[official alternate costume]] for [[The Herta (Honkai: Star Rail)|]] from [[Honkai: Star Rail]] (2025 Star Rail Live concert),https://danbooru.donmai.us/posts/9062824,https://x.com/honkaistarrail/status/1905603765518172236?s=46,herta_(honkai:_star_rail) the_herta_(honkai:_star_rail) the_herta_(star_rail_live_2025)_(honkai:_star_rail),honkai:_star_rail honkai_(series),1girl black_bridal_gauntlets black_shoes bridal_gauntlets brown_hair brown_pantyhose closed_mouth crossed_legs detached_sleeves dress dress_flower floating_hair flower french_horn high_heels holding holding_instrument instrument long_hair long_sleeves looking_at_viewer official_alternate_costume pantyhose purple_dress purple_eyes purple_flower shoes sitting smile solo thigh_strap very_long_hair,absurdres highres official_art,e2d55bd654b71c9ad3aeb247248fd618
herta_(honkai:_star_rail),2026-06-19T09:20:32.611-04:00,asset_no_post_tags,asset,32975370,The Herta (The Herta's Magic Kitchen) (Honkai: Star Rail),The Herta's Magic Kitchen,https://danbooru.donmai.us/wiki_pages/herta_(honkai%3A_star_rail),https://danbooru.donmai.us/wiki_pages/The_Herta_(The_Herta's_Magic_Kitchen)_(Honkai%3A_Star_Rail),found,2025-09-30T14:51:50.702-04:00,"An outfit worn by [[The Herta (Honkai: Star Rail)|]] in the animated short, ""T H E H E R T A'S M A G I C K I T C H E N"":[https://www.youtube.com/watch?v=P-kgat5C1JY].

It consists of a long white [[nightgown]] worn with a [[white bowtie]].

h4.Appearance
* !asset #32975357
* !asset #32975370",https://danbooru.donmai.us/media_assets/32975370,,,,,,
herta_(honkai:_star_rail),2026-06-19T09:20:32.611-04:00,asset_no_post_tags,asset,48826626,The Herta (Little Cat) (Honkai: Star Rail),Little Cat,https://danbooru.donmai.us/wiki_pages/herta_(honkai%3A_star_rail),https://danbooru.donmai.us/wiki_pages/The_Herta_(Little_Cat)_(Honkai%3A_Star_Rail),found,2026-06-19T09:19:40.206-04:00,"An [[aged down]] [[official alternate costume]] of [[Honkai: Star Rail|Honkai: Star Rail's]] [[The Herta (Honkai: Star Rail)|]], taken from the ""Little Cat Series"" of merchandise.",https://danbooru.donmai.us/media_assets/48826626,,,,,,
herta_(honkai:_star_rail),2026-06-19T09:20:32.611-04:00,candidate,post,10190517,Herta (Rubert III) (Honkai: Star Rail),Rubert III,https://danbooru.donmai.us/wiki_pages/herta_(honkai%3A_star_rail),https://danbooru.donmai.us/wiki_pages/Herta_(Rubert_III)_(Honkai%3A_Star_Rail),found,2025-12-09T02:48:54.166-05:00,"An [[alternate universe]] [[bad end]] version of [[Herta (Honkai: Star Rail)|]] from [[Honkai: Star Rail|]] where she fused with [[Irontomb]] to become the Third Mechanical Emperor, as portrayed in the ""Myriad Celestia Trailer — Exotale: Scene 8"":[https://www.youtube.com/watch?v=x3bRer52asE] video.",https://danbooru.donmai.us/posts/10190517,https://twitter.com/Hksi_47/status/1983082401581678605,herta_(honkai:_star_rail) herta_(rubert_iii)_(honkai:_star_rail),honkai:_star_rail honkai_(series),1girl alternate_skin_color alternate_universe bad_end colored_skin cross doll faceless flower head_ornament purple_flower purple_skin ribs skull white_hair,commentary highres,e9ef53e147aae7825485ccba724bbc68
herta_(honkai:_star_rail),2026-06-19T09:20:32.611-04:00,candidate,post,8699666,Herta (Stars Silent As Enigmas) (Honkai: Star Rail),Stars Silent As Enigmas,https://danbooru.donmai.us/wiki_pages/herta_(honkai%3A_star_rail),https://danbooru.donmai.us/wiki_pages/Herta_(Stars_Silent_As_Enigmas)_(Honkai%3A_Star_Rail),found,2025-06-28T09:16:54.923-04:00,"A [[aged down|young]] version of [[Honkai: Star Rail]]'s [[Herta (honkai: star rail)|]], as portrayed in the Myriad Celestia Trailer ""Stars, Silent As Enigmas"":[https://www.youtube.com/watch?v=mI876O5vaYc].  Appears similar to her [[herta_(puppet)_(honkai:_star_rail) |puppet form]], but can be distinguished by her [[short hair]] and lack of [[doll joints]].",https://danbooru.donmai.us/posts/8699666,https://twitter.com/m_op8_/status/1878050752360218890,herta_(honkai:_star_rail) herta_(stars_silent_as_enigmas)_(honkai:_star_rail),honkai:_star_rail honkai_(series),1girl alternate_hair_length alternate_hairstyle beret black_capelet black_hat book capelet chain choker closed_mouth collarbone dot_nose expressionless flower frilled_choker frilled_sleeves frills grey_hair hair_flower hair_intakes hair_ornament hat holding holding_book long_sleeves notice_lines purple_choker purple_eyes purple_flower simple_background solo sparkle twitter_username upper_body watermark white_background,commentary highres,d5862c5edabc83b7cb8c1f2e4e1faf84
herta_(honkai:_star_rail),2026-06-19T09:20:32.611-04:00,asset_no_post_tags,asset,23561803,Herta (Simulated Universe Avatar) (Honkai: Star Rail),Simulated Universe Avatar,https://danbooru.donmai.us/wiki_pages/herta_(honkai%3A_star_rail),https://danbooru.donmai.us/wiki_pages/Herta_(Simulated_Universe_Avatar)_(Honkai%3A_Star_Rail),found,2024-10-20T19:18:07.289-04:00,"[[Herta (Honkai: Star Rail)|Herta]]'s avatar used within Simulated Universe and related game modes such as Divergent Universe. It has the appearance of a ghost with its eyes and mouth consisting of pixels, typically making a [[jitome]]-like expression. It wears a purple flower similar to Herta's. At time of writing no official name has been given yet.

* !asset #23561803",https://danbooru.donmai.us/media_assets/23561803,,,,,,
herta_(honkai:_star_rail),2026-06-19T09:20:32.611-04:00,candidate,post,7213219,Herta (Wisteria Cake) (Honkai: Star Rail),Wisteria Cake,https://danbooru.donmai.us/wiki_pages/herta_(honkai%3A_star_rail),https://danbooru.donmai.us/wiki_pages/Herta_(Wisteria_Cake)_(Honkai%3A_Star_Rail),found,2025-10-24T18:14:04.530-04:00,"A version of [[Herta (honkai: star rail)|]] first introduced in [[Honkai: Star Rail]]'s [[Cake Cat (honkai: star rail)|]] event.

Has the appearance of a small grey [[cat]]-like critter with [[purple eyes]], encased in a purple cake.",https://danbooru.donmai.us/posts/7213219,https://i.pximg.net/img-original/img/2024/01/23/23/13/07/115425528_p0.png,herta_(honkai:_star_rail) herta_(puppet)_(honkai:_star_rail) herta_(wisteria_cake)_(honkai:_star_rail),honkai:_star_rail honkai_(series),1girl :< animal beret black_hat cake_cat_(honkai:_star_rail) chain dress fingernails flower grey_hair hair_flower hair_intakes hair_ornament hands_up hat holding holding_animal lock long_fingernails long_hair nail_polish padlock purple_eyes purple_nails purple_ribbon ribbon sign solo sparkle sparkling_aura spoken_squiggle squiggle twitter_username upper_body,commentary_request highres,35387078b9c667db03af80bc3a068495
herta_(puppet)_(honkai:_star_rail),2026-09-04T18:30:45.595-04:00,candidate,post,7689962,,Default,https://danbooru.donmai.us/wiki_pages/herta_(puppet)_(honkai%3A_star_rail),,,,,https://danbooru.donmai.us/posts/7689962,assets/asbres/spriteoutput/avatardrawcard/1013,caelus_(honkai:_star_rail) herta_(honkai:_star_rail) herta_(puppet)_(honkai:_star_rail) stelle_(honkai:_star_rail) trailblazer_(honkai:_star_rail),honkai:_star_rail honkai_(series),1girl ankle_boots beret black_boots black_hat boots brown_hair doll_joints door flower full_body hair_flower hair_ornament hair_spread_out hand_puppet hat high_heel_boots high_heels joints long_hair puppet sitting transparent_background very_long_hair wariza,game_asset highres non-web_source official_art,336790f9c753b47b69af1c8988eb443d
herta_(puppet)_(honkai:_star_rail),2026-09-04T18:30:45.595-04:00,candidate,post,10058848,Herta (Puppet) (Tea Break) (Honkai: Star Rail),Tea Break,https://danbooru.donmai.us/wiki_pages/herta_(puppet)_(honkai%3A_star_rail),https://danbooru.donmai.us/wiki_pages/Herta_(Puppet)_(Tea_Break)_(Honkai%3A_Star_Rail),found,2025-10-03T11:42:23.098-04:00,"An [[official alternate costume]] of [[Honkai: Star Rail]]'s [[herta_(puppet)_(honkai: star rail)|Herta puppet]], exclusive to the 3.0 Nameless Honor set.

Portrayed with a white [[frilled dress]].",https://danbooru.donmai.us/posts/10058848,https://houkai-star-rail.fandom.com/wiki/File:Profile_Picture_Herta_-_Tea_Break.png,herta_(honkai:_star_rail) herta_(puppet)_(honkai:_star_rail) herta_(puppet)_(tea_break)_(honkai:_star_rail) herta_(simulated_universe_avatar)_(honkai:_star_rail),honkai:_star_rail honkai_(series),border brown_hair dress flower fork frilled_dress frills holding holding_fork holding_tray looking_at_viewer profile_picture purple_eyes purple_flower purple_ribbon ribbon round_border transparent_background tray white_ribbon,lowres official_art,1ef349e679894fc28df83bdd6a19eb9b
himeko_(honkai:_star_rail),2026-09-06T12:42:15.100-04:00,asset_no_post_tags,asset,49180523,,Default,https://danbooru.donmai.us/wiki_pages/himeko_(honkai%3A_star_rail),,,,,https://danbooru.donmai.us/media_assets/49180523,,,,,,
himeko_(honkai:_star_rail),2026-09-06T12:42:15.100-04:00,asset_no_post_tags,asset,48561158,Himeko (young) (Honkai: Star Rail),Young,https://danbooru.donmai.us/wiki_pages/himeko_(honkai%3A_star_rail),https://danbooru.donmai.us/wiki_pages/Himeko_(young)_(Honkai%3A_Star_Rail),found,2026-07-10T05:24:21.717-04:00,"An unplayable [[official alternate costume|official alternate form]] of [[Himeko (Honkai: Star Rail)|]] from [[Honkai: Star Rail]], as seen in the 4.3 Planarcadia story.

In her younger form, she has [[bandages]] on [[bandaged leg|her leg]] and [[bandaged neck|neck]] as a result of the [[cracked skin|Weathering Curse]], a [[white hairband]], and her unique variant of the [[Graphia Academy school uniform]] ([[red sailor collar]], [[brown jacket]], [[brown skirt|brown]] [[pleated skirt]], and [[brown boots]]).",https://danbooru.donmai.us/media_assets/48561158,,,,,,
himeko_(honkai:_star_rail),2026-09-06T12:42:15.100-04:00,candidate,post,11418320,Himeko (Himekat) (Honkai: Star Rail),Himekat,https://danbooru.donmai.us/wiki_pages/himeko_(honkai%3A_star_rail),https://danbooru.donmai.us/wiki_pages/Himeko_(Himekat)_(Honkai%3A_Star_Rail),found,2026-07-13T13:54:04.592-04:00,"An [[animalization]] of [[Himeko (Honkai: Star Rail)|]] from [[Honkai: Star Rail]]; a character from the in-universe ""Fluffy Across The Blue"" comic. Officially a [[cat]] but drawn more like a [[fox]].",https://danbooru.donmai.us/posts/11418320,https://x.com/ganleneng0328/status/2056996563889873299,dan_heng_(honkai:_star_rail) dan_heng_(woof_woof_dan)_(honkai:_star_rail) himeko_(himekat)_(honkai:_star_rail) himeko_(honkai:_star_rail) himeko_(nova)_(honkai:_star_rail) march_7th_(honkai:_star_rail) march_7th_(march_bunny)_(honkai:_star_rail) pom-pom_(honkai:_star_rail) sunday_(honkai:_star_rail) sunday_(sundove)_(honkai:_star_rail) trailblazer_(baseball_raccoon)_(honkai:_star_rail) trailblazer_(honkai:_star_rail) welt_yang welt_yang_(fluffy),honkai:_star_rail honkai_(series),2girls 4boys :3 animal_hands animalization astral_express_(honkai:_star_rail) bird cat chibikemo dog epaulettes fluffy_tail hat holding holding_polearm holding_weapon hood jacket jacket_on_shoulders multiple_boys multiple_girls people polearm rabbit raccoon the_nameless_(honkai:_star_rail) weapon yellow_eyes,commentary highres,7d75c3a48b02bd750850d878c5a13404
himeko_(honkai:_star_rail),2026-09-06T12:42:15.100-04:00,asset_no_post_tags,asset,49180531,Himeko (Astralatte) (Honkai: Star Rail),Astralatte,https://danbooru.donmai.us/wiki_pages/himeko_(honkai%3A_star_rail),https://danbooru.donmai.us/wiki_pages/Himeko_(Astralatte)_(Honkai%3A_Star_Rail),found,2026-05-07T18:31:15.529-04:00,The [[cake cat (honkai: star rail)|Cake Cat]] version of [[Himeko (Honkai: Star Rail)|]] from [[Honkai: Star Rail]].,https://danbooru.donmai.us/media_assets/49180531,,,,,,
himeko_(honkai:_star_rail),2026-09-06T12:42:15.100-04:00,asset_no_post_tags,asset,49762682,Himeko (nova) (Honkai: Star Rail),Nova,https://danbooru.donmai.us/wiki_pages/himeko_(honkai%3A_star_rail),https://danbooru.donmai.us/wiki_pages/Himeko_(nova)_(Honkai%3A_Star_Rail),found,2026-08-22T12:30:31.651-04:00,A playable [[official alternate costume|official alternate form]] of [[Himeko (Honkai: Star Rail)|]] from [[Honkai: Star Rail]].,https://danbooru.donmai.us/media_assets/49762682,,,,,,
himeko_(honkai:_star_rail),2026-09-06T12:42:15.100-04:00,asset_no_post_tags,asset,49762726,Himeko (literary) (honkai: star rail),Literary,https://danbooru.donmai.us/wiki_pages/himeko_(honkai%3A_star_rail),https://danbooru.donmai.us/wiki_pages/Himeko_(literary)_(honkai%3A_star_rail),found,2026-09-26T08:13:59.780-04:00,"An [[official alternate costume]] of [[Himeko (Honkai: Star Rail)|]], exclusive to the Version 4.4 Nameless Honor set.",https://danbooru.donmai.us/media_assets/49762726,,,,,,
himeko_(nova)_(honkai:_star_rail),2026-08-22T12:30:31.651-04:00,asset_no_post_tags,asset,49762682,,Profile,https://danbooru.donmai.us/wiki_pages/himeko_(nova)_(honkai%3A_star_rail),,,,,https://danbooru.donmai.us/media_assets/49762682,,,,,,
himeko_(young)_(honkai:_star_rail),2026-07-10T05:24:21.717-04:00,asset_no_post_tags,asset,48561158,,Profile,https://danbooru.donmai.us/wiki_pages/himeko_(young)_(honkai%3A_star_rail),,,,,https://danbooru.donmai.us/media_assets/48561158,,,,,,
hook_(honkai:_star_rail),2026-09-06T12:53:22.727-04:00,candidate,post,7690007,,Splash art,https://danbooru.donmai.us/wiki_pages/hook_(honkai%3A_star_rail),,,,,https://danbooru.donmai.us/posts/7690007,assets/asbres/spriteoutput/avatardrawcard/1109,alina_(honkai:_star_rail) hook_(honkai:_star_rail) julian_(honkai:_star_rail) natasha_(honkai:_star_rail) silvermane_guard_(honkai:_star_rail),honkai:_star_rail honkai_(series),1boy 1other 3girls arm_up black_boots black_gloves blonde_hair boots child's_drawing full_body gloves holding holding_weapon index_finger_raised multiple_girls open_mouth smile transparent_background weapon yellow_eyes,game_asset highres non-web_source official_art,6cf640789ccd35f223d414eddfbe02a1
huohuo_(honkai:_star_rail),2026-09-06T09:50:40.136-04:00,candidate,post,7691346,,Splash art,https://danbooru.donmai.us/wiki_pages/huohuo_(honkai%3A_star_rail),,,,,https://danbooru.donmai.us/posts/7691346,assets/asbres/spriteoutput/avatardrawcard/1217,huohuo_(honkai:_star_rail) tail_(honkai:_star_rail),honkai:_star_rail honkai_(series),1girl ahoge animal_ears bare_tree detached_sleeves flag fox_ears fox_girl full_body ghost grass green_hair green_shoes holding holding_flag knees_together_feet_apart long_hair open_mouth rock shoes socks symbol-shaped_pupils transparent_background tree white_socks,game_asset highres non-web_source official_art,76e17ae57b623c8cb565286576142814
huohuo_(honkai:_star_rail),2026-09-06T09:50:40.136-04:00,candidate,post,8768426,,Night of Fright,https://danbooru.donmai.us/wiki_pages/huohuo_(honkai%3A_star_rail),,,,,https://danbooru.donmai.us/posts/8768426,https://static.wikia.nocookie.net/houkai-star-rail/images/2/21/Light_Cone_Night_of_Fright_Artwork.png?format=original,huohuo_(honkai:_star_rail),honkai:_star_rail honkai_(series),1girl ahoge animal_ears bandaid bandaid_on_finger bandaid_on_hand black_hat blue_eyes blue_fire blunt_bangs border bright_pupils cowboy_shot earrings fire fox_ears ghost green_hair hair_intakes hair_ornament hat holding jewelry letter_opener long_hair looking_at_viewer open_mouth paper_doll paw-shaped_pupils solo standing symbol-shaped_pupils tassel tearing_up white_border white_pupils yin_yang_hair_ornament zhuang_hat,game_asset highres official_art third-party_source,5db0b2a7c42b896385691d06467185d5
huohuo_(honkai:_star_rail),2026-09-06T09:50:40.136-04:00,candidate,post,9554754,Huohuo (On the Journey) (Honkai: Star Rail),On the Journey,https://danbooru.donmai.us/wiki_pages/huohuo_(honkai%3A_star_rail),https://danbooru.donmai.us/wiki_pages/Huohuo_(On_the_Journey)_(Honkai%3A_Star_Rail),found,2025-05-18T18:09:53.233-04:00,"The outfit worn by [[Huohuo_(Honkai: Star Rail)|]] in the Honkai: Star Rail official second anniversary animation ""On the Journey"":[https://www.youtube.com/watch?v=GdBLXGUy2C0].",https://danbooru.donmai.us/posts/9554754,https://twitter.com/eNuNu_7e/status/1922207074626273543,huohuo_(honkai:_star_rail) huohuo_(on_the_journey)_(honkai:_star_rail),honkai:_star_rail honkai_(series),+_+ 1girl ahoge animal_ears cropped_legs cropped_shirt fox_ears fox_girl glowstick green_eyes green_hair hat heart heart_in_mouth holding holding_glowstick looking_at_viewer midriff navel official_alternate_costume open_mouth reference_inset shirt sleeveless sleeveless_shirt solo white_hat white_shirt,commentary_request highres,c8c1ecfc53fd0d0975c578e398b72948
hyacine_(honkai:_star_rail),2026-09-04T18:03:55.331-04:00,candidate,post,9335957,,Default,https://danbooru.donmai.us/wiki_pages/hyacine_(honkai%3A_star_rail),,,,,https://danbooru.donmai.us/posts/9335957,assets/asbres/spriteoutput/avatardrawcard/1409,hyacine_(honkai:_star_rail) little_ica_(honkai:_star_rail),honkai:_star_rail honkai_(series),1girl 1other :d ;d ankle_strap black_shoes blue_flower breasts colored_tips dress drill_hair flower fountain green_eyes hat layered_dress loafers long_sleeves medium_breasts memosprite multicolored_hair on_swing one_eye_closed open_mouth orange_flower pantyhose pink_flower pink_hair purple_flower red_dress red_hat shoes smile stream sunflower swing transparent_background twin_drills water white_dress white_pantyhose,game_asset highres non-web_source official_art,d903fd70e29935794861a9c1ff948fb2
hyacine_(honkai:_star_rail),2026-09-04T18:03:55.331-04:00,candidate,post,9534759,Hyacine (Holiday Thermae Escapade) (Honkai: Star Rail),Holiday Thermae Escapade,https://danbooru.donmai.us/wiki_pages/hyacine_(honkai%3A_star_rail),https://danbooru.donmai.us/wiki_pages/Hyacine_(Holiday_Thermae_Escapade)_(Honkai%3A_Star_Rail),found,2026-01-23T09:32:46.340-05:00,"An [[official alternate costume]] of [[Honkai: Star Rail]]'s [[Hyacine (Honkai: Star Rail)|]], first seen in a cutscene in the 3.1 story and formalized in the light cone ""Holiday Thermae Escapade"".

It consists of a [[white dress]] with pink [[gradient sleeves]], a gold [[choker]], [[aqua ribbon|aqua]] [[neck ribbon]], aqua belt [[sash]] paired with a [[yellow sash]], [[hair scrunchie]]s, and a [[white bow|white]] [[hair bow]].",https://danbooru.donmai.us/posts/9534759,https://homdgcat.wiki/images/lightconemaxfigures/21061.png,hyacine_(holiday_thermae_escapade)_(honkai:_star_rail) hyacine_(honkai:_star_rail) little_ica_(honkai:_star_rail) tribbie_(honkai:_star_rail),honkai:_star_rail honkai_(series),1other 2girls :o @_@ angel_wings aqua_bow aqua_eyes aqua_hair arms_up bath blue_eyes bow choker crown dress drill_hair dutch_angle flying_sweatdrops gradient_hair green_sash hair_bow hair_intakes long_hair looking_down memosprite mini_crown multicolored_hair multiple_girls one_side_up onsen partially_submerged pegasus petals pink_hair pointy_ears pom_pom_(clothes) red_hair red_ribbon ribbon rose_petals sash scrunchie short_hair speech_bubble steam surprised towel towel_on_head twin_drills twintails two-tone_hair wavy_mouth white_bow white_dress wings wrist_scrunchie,highres official_art third-party_source,3647952e0b4f350f98f44042eff7f4e3
hyacine_(honkai:_star_rail),2026-09-04T18:03:55.331-04:00,asset_no_post_tags,asset,25913820,Hyacine (Sweet Slumber) (Honkai: Star Rail),Sweet Slumber,https://danbooru.donmai.us/wiki_pages/hyacine_(honkai%3A_star_rail),https://danbooru.donmai.us/wiki_pages/Hyacine_(Sweet_Slumber)_(Honkai%3A_Star_Rail),found,2025-09-16T10:45:43.779-04:00,"An outfit worn by [[Hyacine (Honkai: Star Rail)|]] in the Nameless Honor exclusive Profile Picture, ""Hyacine: Sweet Slumber"":[https://honkai-star-rail.fandom.com/wiki/Hyacine:_Sweet_Slumber_(Profile_Picture)].",https://danbooru.donmai.us/media_assets/25913820,,,,,,
hyacine_(honkai:_star_rail),2026-09-04T18:03:55.331-04:00,candidate,post,10904801,Chrysos Heirs School Uniform,[[Chrysos Heirs School Uniform]],https://danbooru.donmai.us/wiki_pages/hyacine_(honkai%3A_star_rail),https://danbooru.donmai.us/wiki_pages/Chrysos_Heirs_School_Uniform,found,2026-05-27T19:51:23.958-04:00,"A [[school uniform]] worn by the [[Chrysos Heirs (honkai: star rail)|]] from [[Honkai: Star Rail]] in a piece of promotional art and ""animated video"":[https://www.bilibili.com/video/BV1tHyMBjETK/] for the end of the Amphoreus story.

The uniform consists of a white [[collared shirt]], a blue and grey [[striped necktie]], an optional [[brown sweater vest]], and a [[black skirt]] or [[black pants]].",https://danbooru.donmai.us/posts/10904801,https://x.com/KuroKoge_Koge/status/2029877853119209983,aquila_(honkai:_star_rail) hyacine_(honkai:_star_rail) little_ica_(honkai:_star_rail),honkai:_star_rail honkai_(series),1girl alternate_costume aqua_eyes aqua_hair beret blue_necktie bracelet chrysos_heirs_school_uniform diagonal-striped_clothes diagonal-striped_necktie drawn_crown drill_hair gradient_hair hair_intakes hair_ornament hat heart jewelry looking_at_viewer medium_hair multicolored_hair necktie notice_lines open_mouth pink_hair red_hat school_uniform shirt sidelocks solo sparkle star_(symbol) striped_clothes striped_necktie twin_drills two-tone_hair upper_body v white_shirt wing_hair_ornament yellow_pupils,commentary highres translation_request,3b70737c021af7a2e9f33cea83182d3d
hyacine_(honkai:_star_rail),2026-09-04T18:03:55.331-04:00,asset_no_post_tags,asset,48861983,Hyacine (Little Cat) (Honkai: Star Rail),Little Cat,https://danbooru.donmai.us/wiki_pages/hyacine_(honkai%3A_star_rail),https://danbooru.donmai.us/wiki_pages/Hyacine_(Little_Cat)_(Honkai%3A_Star_Rail),found,2026-06-21T17:15:25.160-04:00,"An [[aged down]] [[official alternate costume]] of [[Honkai: Star Rail|Honkai: Star Rail's]] [[Hyacine (Honkai: Star Rail)|]], taken from the ""Little Cat Series"" of merchandise.

Very similar to her default outfit.  To distinguish, look for a cat design on her hat instead of wings, a [[neck bell]] instead of a bowtie, and a chimera charm instead of Little Ica.",https://danbooru.donmai.us/media_assets/48861983,,,,,,
hyacine_(honkai:_star_rail),2026-09-04T18:03:55.331-04:00,candidate,post,11992066,Hyacine (White Rabbit) (Honkai: Star Rail),White Rabbit,https://danbooru.donmai.us/wiki_pages/hyacine_(honkai%3A_star_rail),https://danbooru.donmai.us/wiki_pages/Hyacine_(White_Rabbit)_(Honkai%3A_Star_Rail),found,2026-09-09T02:51:20.255-04:00,"An [[official alternate costume]] of [[Honkai: Star Rail]]'s [[Hyacine (Honkai: Star Rail)|]], from a CN-only collaboration with White Rabbit.

It consists of a [[red shirt]] with a [[white sailor collar]], [[off shoulder]] [[white jacket]], [[white skirt]], and a [[red hat|red]] [[beret]].",https://danbooru.donmai.us/posts/11992066,https://www.bilibili.com/opus/1236404420367876102,anaxa_(honkai:_star_rail) anaxa_(white_rabbit)_(honkai:_star_rail) hyacine_(honkai:_star_rail) hyacine_(white_rabbit)_(honkai:_star_rail) little_ica_(honkai:_star_rail),honkai:_star_rail honkai_(series),1boy 1girl aqua_eyes aqua_hair blue_neckerchief bright_pupils drill_hair gradient_hair hat jacket long_sleeves looking_at_viewer multicolored_hair neckerchief off_shoulder official_alternate_costume open_clothes open_jacket open_mouth pink_hair red_hat red_shirt shirt short_sleeves skirt smile twin_drills twintails white_pupils white_skirt,chinese_commentary commentary_request highres official_art,69508e9b233ea3adadb50d9b324c6d48
hyacine_(honkai:_star_rail),2026-09-04T18:03:55.331-04:00,asset_no_post_tags,asset,40184506,Hyacine (Krenabis) (Honkai: Star Rail),Krenabis,https://danbooru.donmai.us/wiki_pages/hyacine_(honkai%3A_star_rail),https://danbooru.donmai.us/wiki_pages/Hyacine_(Krenabis)_(Honkai%3A_Star_Rail),found,2025-12-26T16:56:23.410-05:00,The [[chimera (honkai: star rail)|]] form of [[Hyacine (Honkai: Star Rail)|]] in [[Honkai: Star Rail]].,https://danbooru.donmai.us/media_assets/40184506,,,,,,
hyacine_(honkai:_star_rail),2026-09-04T18:03:55.331-04:00,asset_no_post_tags,asset,49479418,Hyacine (Red Bean Milk) (Honkai: Star Rail),Red Bean Milk,https://danbooru.donmai.us/wiki_pages/hyacine_(honkai%3A_star_rail),https://danbooru.donmai.us/wiki_pages/Hyacine_(Red_Bean_Milk)_(Honkai%3A_Star_Rail),found,2026-08-03T14:21:55.712-04:00,The [[cake cat (honkai: star rail)|Cake Cat]] version of [[Hyacine (Honkai: Star Rail)|]] from [[Honkai: Star Rail]].,https://danbooru.donmai.us/media_assets/49479418,,,,,,
hysilens_(honkai:_star_rail),2026-09-04T18:00:28.511-04:00,candidate,post,9750509,,Default,https://danbooru.donmai.us/wiki_pages/hysilens_(honkai%3A_star_rail),,,,,https://danbooru.donmai.us/posts/9750509,https://act-upload.mihoyo.com/sr-wiki/2025/08/03/276833758/bbbb046351d15361de2c034acae2365e_5408770241774826343.png,hysilens_(honkai:_star_rail),honkai:_star_rail honkai_(series),1girl asymmetrical_gloves black_gloves black_thighhighs blunt_bangs breasts coral dress earrings fish full_body gloves hair_ornament jewelry lace-trimmed_thighhighs lace_trim long_hair long_sleeves medium_breasts mismatched_gloves multicolored_hair parted_lips purple_dress purple_hair red_gloves solo thighhighs transparent_background very_long_hair,bad_link bad_miyoushe_link highres official_art,bbbb046351d15361de2c034acae2365e
hysilens_(honkai:_star_rail),2026-09-04T18:00:28.511-04:00,asset_no_post_tags,asset,48747939,Hysilens (Conquest) (Honkai: Star Rail),Conquest,https://danbooru.donmai.us/wiki_pages/hysilens_(honkai%3A_star_rail),https://danbooru.donmai.us/wiki_pages/Hysilens_(Conquest)_(Honkai%3A_Star_Rail),found,2026-06-14T02:06:39.085-04:00,"An [[official alternate costume|official costume]] of [[Honkai: Star Rail]]'s [[Hysilens (Honkai: Star Rail)|]] , exclusive to the 3.5 Nameless Honor set.

She is portrayed with her hair in a [[ponytail]], a [[black shirt]], and a [[single pauldron]].",https://danbooru.donmai.us/media_assets/48747939,,,,,,
hysilens_(honkai:_star_rail),2026-09-04T18:00:28.511-04:00,candidate,post,9781590,Hysilens (Alternate Spacetime) (Honkai: Star Rail),Alternate Spacetime,https://danbooru.donmai.us/wiki_pages/hysilens_(honkai%3A_star_rail),https://danbooru.donmai.us/wiki_pages/Hysilens_(Alternate_Spacetime)_(Honkai%3A_Star_Rail),found,2025-10-12T09:16:27.732-04:00,"A costume of [[Hysilens (Honkai: Star Rail)|]] from [[Honkai: Star Rail]] from the ""Alternate Spacetime Chronicles"":[/pools/26796] series of promotional arts.

Portrayed with a black [[beret]], a [[white dress]] with [[long sleeves]] and a [[shoulder cutout]], and a [[purple bowtie]].",https://danbooru.donmai.us/posts/9781590,https://t.bilibili.com/1100082016673595461,hysilens_(alternate_spacetime)_(honkai:_star_rail) hysilens_(honkai:_star_rail),honkai:_star_rail honkai_(series),1girl bird black_boots blue_sky boots clothing_cutout dress floating_hair full_body hair_ornament high_heel_boots high_heels holding holding_instrument holding_violin instrument long_hair long_sleeves looking_to_the_side multicolored_hair outdoors parted_lips playing_instrument purple_hair sky smile standing very_long_hair violin white_bird white_dress,absurdres commentary_request highres official_art second-party_source,c784beb89610d82fc2b37dd3f752d2a6
hysilens_(honkai:_star_rail),2026-09-04T18:00:28.511-04:00,asset_no_post_tags,asset,40481569,Chrysos Heirs School Uniform,[[Chrysos Heirs School Uniform]],https://danbooru.donmai.us/wiki_pages/hysilens_(honkai%3A_star_rail),https://danbooru.donmai.us/wiki_pages/Chrysos_Heirs_School_Uniform,found,2026-05-27T19:51:23.958-04:00,"A [[school uniform]] worn by the [[Chrysos Heirs (honkai: star rail)|]] from [[Honkai: Star Rail]] in a piece of promotional art and ""animated video"":[https://www.bilibili.com/video/BV1tHyMBjETK/] for the end of the Amphoreus story.

The uniform consists of a white [[collared shirt]], a blue and grey [[striped necktie]], an optional [[brown sweater vest]], and a [[black skirt]] or [[black pants]].",https://danbooru.donmai.us/media_assets/40481569,,,,,,
jade_(honkai:_star_rail),2026-09-08T14:40:33.163-04:00,candidate,post,7726562,,Splash art,https://danbooru.donmai.us/wiki_pages/jade_(honkai%3A_star_rail),,,,,https://danbooru.donmai.us/posts/7726562,assets/asbres/spriteoutput/avatardrawcard/1314,jade_(honkai:_star_rail),honkai:_star_rail honkai_(series),1girl belt black_gloves black_hat black_shoes blue_dress breasts coin dress full_body gloves hat high-waist_belt jewelry long_hair medium_breasts multicolored_dress pink_hair shoes short_dress single_glove snake transparent_background tree white_dress,game_asset highres non-web_source official_art,35b3bd17d780cd706fcc4650cb3f90b9
jade_(honkai:_star_rail),2026-09-08T14:40:33.163-04:00,candidate,post,8765002,,Yet Hope is Priceless (signature Light Cone),https://danbooru.donmai.us/wiki_pages/jade_(honkai%3A_star_rail),,,,,https://danbooru.donmai.us/posts/8765002,https://static.wikia.nocookie.net/houkai-star-rail/images/1/1f/Light_Cone_Yet_Hope_Is_Priceless_Artwork.png?format=original,jade_(honkai:_star_rail),honkai:_star_rail honkai_(series),3girls ^_^ apple arm_belt black_hat black_jacket blue_flower blue_rose blurry blurry_foreground border bow bracelet breasts brown_hair child cleavage closed_eyes crossed_legs depth_of_field falling_petals feet_out_of_frame flower food fruit gloves gold_choker hair_flower hair_ornament hairclip hat hat_bow holding holding_food holding_fruit holding_hands jacket jewelry legs light_rays medium_hair multiple_girls nail_polish necklace one_eye_covered open_mouth petals pink_hair purple_eyes purple_nails rose ruins single_glove sitting smile thigh_strap thighlet thighs white_border,commentary english_commentary game_asset highres official_art third-party_source,2cbc1703a600d77bd17d2e01dd67a761
jade_(honkai:_star_rail),2026-09-08T14:40:33.163-04:00,candidate,post,7852947,Jade (Stoneheart's Oath Ring) (Honkai: Star Rail),Stoneheart's Oath Ring,https://danbooru.donmai.us/wiki_pages/jade_(honkai%3A_star_rail),https://danbooru.donmai.us/wiki_pages/Jade_(Stoneheart's_Oath_Ring)_(Honkai%3A_Star_Rail),found,2024-08-20T04:22:58.417-04:00,"[[Jade (Honkai: Star Rail)|]] from [[Honkai: Star Rail]] as seen in the ""Myriad Celestia Trailer: Stoneheart's Oath Ring: Both Ends of the Scale"":[https://youtu.be/C5YQEsZ-yWU].",https://danbooru.donmai.us/posts/7852947,https://t.bilibili.com/953874586824343552,jade_(honkai:_star_rail) jade_(stoneheart's_oath_ring)_(honkai:_star_rail),honkai:_star_rail honkai_(series),1girl apple black_gloves black_shoes blue_skirt food foot_out_of_frame fruit gloves hat high_heels holding holding_food holding_fruit long_hair long_sleeves miniskirt pantyhose purple_hair shoes sitting skirt snake solo,commentary_request highres official_art,77e5ded23fa2651c6a769c54733a9663
jade_(honkai:_star_rail),2026-09-08T14:40:33.163-04:00,asset_no_post_tags,asset,47277965,Jade (Gallop) (Honkai: Star Rail),Gallop,https://danbooru.donmai.us/wiki_pages/jade_(honkai%3A_star_rail),https://danbooru.donmai.us/wiki_pages/Jade_(Gallop)_(Honkai%3A_Star_Rail),found,2026-04-02T10:50:04.906-04:00,"An [[official alternate costume]] of [[Jade (Honkai: Star Rail)|]] from [[Honkai: Star Rail]], from the 4.1 Nameless Honor icon.",https://danbooru.donmai.us/media_assets/47277965,,,,,,
jingliu_(honkai:_star_rail),2026-09-06T09:51:19.904-04:00,candidate,post,7691288,,Default,https://danbooru.donmai.us/wiki_pages/jingliu_(honkai%3A_star_rail),,,,,https://danbooru.donmai.us/posts/7691288,assets/asbres/spriteoutput/avatardrawcard/1212,jingliu_(honkai:_star_rail),honkai:_star_rail honkai_(series),1girl black_boots black_gloves blue_hair blue_sleeves boots breasts cup detached_sleeves full_body gloves holding holding_cup holding_sword holding_weapon knee_boots long_hair ponytail red_eyes small_breasts solo sword transparent_background weapon,game_asset highres non-web_source official_art,aa2ea4fcb90b36c713c3c211014722d0
jingliu_(honkai:_star_rail),2026-09-06T09:51:19.904-04:00,candidate,post,7484064,Jingliu (Star Rail Live 2024) (honkai: star rail),Star Rail Live 2024,https://danbooru.donmai.us/wiki_pages/jingliu_(honkai%3A_star_rail),https://danbooru.donmai.us/wiki_pages/Jingliu_(Star_Rail_Live_2024)_(honkai%3A_star_rail),found,2024-06-02T15:21:41.371-04:00,"An [[official alternate costume]] for [[Jingliu (Honkai: Star Rail)|]] from [[Honkai: Star Rail]], first seen in the 2024 Star Rail Live concert promotional material (see post #7484064).",https://danbooru.donmai.us/posts/7484064,https://act.mihoyo.com/puzzle/hkrpg/pz_stKK3ccUXV/index.html,jingliu_(honkai:_star_rail) jingliu_(star_rail_live_2024)_(honkai:_star_rail),honkai:_star_rail honkai_(series),1girl bare_shoulders black_gloves black_shoes black_thighhighs blindfold blue_dress blue_hair detached_sleeves dress erhu full_body gloves high_heels holding holding_instrument instrument jewelry long_hair long_sleeves necklace official_alternate_costume shoes sleeveless sleeveless_dress solo thighhighs transparent_background,bad_source highres official_art,d8fcfc629266ace8017cbc9e4a73ee7f
jingliu_(honkai:_star_rail),2026-09-06T09:51:19.904-04:00,asset_no_post_tags,asset,48747161,Jingliu (Odyssey) (Honkai: Star Rail),Odyssey,https://danbooru.donmai.us/wiki_pages/jingliu_(honkai%3A_star_rail),https://danbooru.donmai.us/wiki_pages/Jingliu_(Odyssey)_(Honkai%3A_Star_Rail),found,2026-06-14T01:22:00.731-04:00,"An [[official alternate costume]] of [[Honkai: Star Rail]]'s [[Jingliu_(honkai:_star_rail)|]], exclusive to the 1.5 Nameless Honor set.

Portrayed with a [[veil]] and [[white hanfu]].",https://danbooru.donmai.us/media_assets/48747161,,,,,,
jingliu_(honkai:_star_rail),2026-09-06T09:51:19.904-04:00,asset_no_post_tags,asset,48745860,Jingliu (Little Cat) (Honkai: Star Rail),Little Cat,https://danbooru.donmai.us/wiki_pages/jingliu_(honkai%3A_star_rail),https://danbooru.donmai.us/wiki_pages/Jingliu_(Little_Cat)_(Honkai%3A_Star_Rail),found,2026-06-13T22:02:55.337-04:00,"An [[aged down]] [[official alternate costume]] of [[Honkai: Star Rail|Honkai: Star Rail's]] [[Jingliu (Honkai: Star Rail)|]], taken from the ""Little Cat Series"" of merchandise.",https://danbooru.donmai.us/media_assets/48745860,,,,,,
kafka_(honkai:_star_rail),2026-09-04T19:07:31.580-04:00,candidate,post,7689897,,Default,https://danbooru.donmai.us/wiki_pages/kafka_(honkai%3A_star_rail),,,,,https://danbooru.donmai.us/posts/7689897,assets/asbres/spriteoutput/avatardrawcard/1005,blade_(honkai:_star_rail) firefly_(honkai:_star_rail) firefly_(jepella_rebellion)_(honkai:_star_rail) kafka_(honkai:_star_rail) silver_wolf_(honkai:_star_rail),honkai:_star_rail honkai_(series),1boy 3girls 3others belt black_boots black_cat black_coat black_jacket black_skirt black_thighhighs black_umbrella boots cat coat coat_on_shoulders cropped_jacket eyewear_on_head full_body gloves jacket knee_boots long_hair long_sleeves looking_at_viewer multiple_girls multiple_others pantyhose parted_lips pencil_skirt purple_eyes purple_gloves purple_hair purple_pantyhose rain red_hair shirt skirt smile solo_focus stellaron_hunters_(honkai:_star_rail) teeth thigh_strap thighhighs tinted_eyewear transparent_background umbrella white_belt white_gloves white_shirt,game_asset highres non-web_source official_art,708b9a91903b3841cfa72ef0e4310d43
kafka_(honkai:_star_rail),2026-09-04T19:07:31.580-04:00,candidate,post,7755827,Kafka (Jepella Rebellion) (Honkai: Star Rail),Jepella Rebellion,https://danbooru.donmai.us/wiki_pages/kafka_(honkai%3A_star_rail),https://danbooru.donmai.us/wiki_pages/Kafka_(Jepella_Rebellion)_(Honkai%3A_Star_Rail),found,2025-12-14T01:15:40.583-05:00,"An [[official alternate costume]] worn by [[Kafka (Honkai: Star Rail)|]] during the events of the Jepella Rebellion, as depicted in ""Myriad Celestia Trailer: The Jepella Rebellion — Scene 47"":[https://www.youtube.com/watch?v=D9yIlGpgCus].

Can be distinguished from the superficially similar [[Kafka (impression) (honkai: star rail)|Kafka Impression costume]] by having a normal [[black necktie]], [[suspenders]], and lacking [[frills]] on the shirt.",https://danbooru.donmai.us/posts/7755827,https://i.pximg.net/img-original/img/2024/06/23/21/34/19/119909410_p0.jpg,kafka_(honkai:_star_rail) kafka_(jepella_rebellion)_(honkai:_star_rail),honkai:_star_rail honkai_(series),1girl adjusting_clothes adjusting_gloves belt black_belt black_gloves black_jacket black_necktie black_pants breasts collared_shirt cowboy_shot eyewear_on_head gloves hair_between_eyes hair_intakes jacket jacket_on_shoulders large_breasts long_hair necktie official_alternate_costume open_clothes open_jacket pants parted_lips pince-nez purple_eyes purple_hair round_eyewear shirt simple_background smile solo sunglasses suspenders white_background white_shirt,absurdres bad_id bad_pixiv_id commentary highres,4e98c5a28edc78e009242fdd628dcaf6
kafka_(honkai:_star_rail),2026-09-04T19:07:31.580-04:00,candidate,post,6641822,Kafka (Dinner Party) (Honkai: Star Rail),Dinner Party,https://danbooru.donmai.us/wiki_pages/kafka_(honkai%3A_star_rail),https://danbooru.donmai.us/wiki_pages/Kafka_(Dinner_Party)_(Honkai%3A_Star_Rail),found,2025-06-27T11:46:39.917-04:00,"An [[official alternate costume|official costume]] of [[Honkai: Star Rail]]'s [[Kafka (honkai: star rail)|]], exclusive to the 1.2 Nameless Honor set.

She is portrayed in a [[black dress]] with [[criss-cross straps]], usually with a [[pearl necklace]], [[black choker]], and a [[black jacket|black]] [[jacket on shoulders|jacket on her shoulders]].",https://danbooru.donmai.us/posts/6641822,https://twitter.com/To___e/status/1697149091795583186,kafka_(dinner_party)_(honkai:_star_rail) kafka_(honkai:_star_rail),honkai:_star_rail honkai_(series),1girl alcohol black_background black_dress black_jacket black_nails bracelet breasts chair character_name cleavage closed_mouth cup dress drinking_glass fingernails formal_clothes hair_between_eyes jacket jewelry large_breasts long_hair looking_at_viewer nail_polish official_alternate_costume on_chair petals purple_eyes purple_hair red_petals red_wine sidelocks simple_background sitting smile solo upper_body wine wine_glass,commentary english_commentary highres,70d55a1d1ae2863ad7375bc1f796427e
kafka_(honkai:_star_rail),2026-09-04T19:07:31.580-04:00,candidate,post,7484061,Kafka (Star Rail Live 2024) (Honkai: Star Rail),Star Rail Live 2024,https://danbooru.donmai.us/wiki_pages/kafka_(honkai%3A_star_rail),https://danbooru.donmai.us/wiki_pages/Kafka_(Star_Rail_Live_2024)_(Honkai%3A_Star_Rail),found,2024-06-02T15:22:30.578-04:00,"An [[official alternate costume]] for [[Kafka (Honkai: Star Rail)|]] from [[Honkai: Star Rail]], first seen in the 2024 Star Rail Live concert promotional material (see post #7484061).",https://danbooru.donmai.us/posts/7484061,https://act.mihoyo.com/puzzle/hkrpg/pz_stKK3ccUXV/index.html,kafka_(honkai:_star_rail) kafka_(star_rail_live_2024)_(honkai:_star_rail),honkai:_star_rail honkai_(series),1girl black_shirt black_shoes full_body high_heels holding holding_instrument holding_violin instrument long_hair looking_at_viewer off-shoulder_shirt off_shoulder playing_instrument purple_eyes purple_hair purple_skirt shirt shoes short_sleeves skirt smile solo thigh_strap thighs transparent_background violin,bad_source highres official_art,fadfc4af8a70e5e38ecf2e6d72e43604
kafka_(honkai:_star_rail),2026-09-04T19:07:31.580-04:00,asset_no_post_tags,asset,39904375,Kafka (Good Me) (Honkai: Star Rail),Good Me,https://danbooru.donmai.us/wiki_pages/kafka_(honkai%3A_star_rail),https://danbooru.donmai.us/wiki_pages/Kafka_(Good_Me)_(Honkai%3A_Star_Rail),found,2025-04-15T12:19:31.552-04:00,"An [[official alternate costume]] of [[Honkai: Star Rail]]'s [[kafka_(honkai:_star_rail)|Kafka]] for a collaboration with Good Me.

* !post #9062915: [[Official Art]]",https://danbooru.donmai.us/media_assets/39904375,,,,,,
kafka_(honkai:_star_rail),2026-09-04T19:07:31.580-04:00,candidate,post,8390376,Kafka (impression) (honkai: star rail),Kafka Impression,https://danbooru.donmai.us/wiki_pages/kafka_(honkai%3A_star_rail),https://danbooru.donmai.us/wiki_pages/Kafka_(impression)_(honkai%3A_star_rail),found,2025-12-14T01:15:38.820-05:00,"Official [[Honkai: Star Rail]] merchandise that is themed after [[Kafka (Honkai: Star Rail)|]].  Consists of some combination of the following:

* A [[white shirt|white]] or [[purple shirt]] with [[spider web print]] on the shoulders and a [[frilled shirt|frill]] on the side.
* A black [[pinafore dress]] or [[suspender skirt]].
* A [[black cape]] styled to look like, and often drawn as, a [[jacket on shoulders]].
* A distinctive [[black necktie]] in two pieces connected by a metal ring.
* [[Black pants]] or a [[black skirt]].

In the most common combination, appears similar to the [[Kafka (Jep",https://danbooru.donmai.us/posts/8390376,https://ffzero.lofter.com/post/1d0d5b0d_2bcfe1393,kafka_(honkai:_star_rail) kafka_(impression)_(honkai:_star_rail),honkai:_star_rail honkai_(series),1girl alternate_costume bag black_boots black_jacket black_necktie black_skirt boots breasts collared_shirt eyewear_on_head frilled_sleeves frills full_body gloves hair_between_eyes hand_up high-waist_skirt high_heel_boots high_heels jacket large_breasts long_sleeves looking_at_viewer necktie open_clothes open_jacket pantyhose pencil_skirt pince-nez purple_eyes purple_gloves purple_hair purple_pantyhose shirt shoulder_bag skirt smile solo standing white_background white_shirt,absurdres commentary_request highres,5214e14b17f11c76f4a2610322aa491f
kafka_(honkai:_star_rail),2026-09-04T19:07:31.580-04:00,candidate,post,9988022,Kafka (impression) (honkai: star rail),Kafka Impression,https://danbooru.donmai.us/wiki_pages/kafka_(honkai%3A_star_rail),https://danbooru.donmai.us/wiki_pages/Kafka_(impression)_(honkai%3A_star_rail),found,2025-12-14T01:15:38.820-05:00,"Official [[Honkai: Star Rail]] merchandise that is themed after [[Kafka (Honkai: Star Rail)|]].  Consists of some combination of the following:

* A [[white shirt|white]] or [[purple shirt]] with [[spider web print]] on the shoulders and a [[frilled shirt|frill]] on the side.
* A black [[pinafore dress]] or [[suspender skirt]].
* A [[black cape]] styled to look like, and often drawn as, a [[jacket on shoulders]].
* A distinctive [[black necktie]] in two pieces connected by a metal ring.
* [[Black pants]] or a [[black skirt]].

In the most common combination, appears similar to the [[Kafka (Jep",https://danbooru.donmai.us/posts/9988022,https://twitter.com/ringeko_tan/status/1969046942123516033,kafka_(honkai:_star_rail) kafka_(impression)_(honkai:_star_rail),honkai:_star_rail honkai_(series),1girl alternate_costume artist_name ass black_dress black_shoes breasts dress fingernails full_body gradient_background hands_up high_heels large_breasts long_dress long_hair long_sleeves looking_at_viewer looking_to_the_side low_ponytail parted_lips ponytail purple_eyes purple_hair purple_shirt shirt shoes simple_background skindentation smile solo white_background,absurdres commentary highres,c0b4c4880f41e5c36a8e91e7e52b4f9a
kafka_(honkai:_star_rail),2026-09-04T19:07:31.580-04:00,asset_no_post_tags,asset,48718155,Kafka (Little Cat) (Honkai: Star Rail),Little Cat,https://danbooru.donmai.us/wiki_pages/kafka_(honkai%3A_star_rail),https://danbooru.donmai.us/wiki_pages/Kafka_(Little_Cat)_(Honkai%3A_Star_Rail),found,2026-06-11T20:45:36.698-04:00,"An [[aged down]] [[official alternate costume]] of [[Honkai: Star Rail|Honkai: Star Rail's]] [[Kafka (Honkai: Star Rail)|]], taken from the ""Little Cat Series"" of merchandise.",https://danbooru.donmai.us/media_assets/48718155,,,,,,
kafka_(honkai:_star_rail),2026-09-04T19:07:31.580-04:00,asset_no_post_tags,asset,48627925,Kafka_(girls' Dormitory) (Honkai: Star Rail),Girls' Dormitory,https://danbooru.donmai.us/wiki_pages/kafka_(honkai%3A_star_rail),https://danbooru.donmai.us/wiki_pages/Kafka_(girls'_Dormitory)_(Honkai%3A_Star_Rail),found,2026-06-06T20:38:47.173-04:00,"An [[official alternate costume]] of [[Honkai: Star Rail|Honkai: Star Rail's]] [[Kafka (Honkai: Star Rail)|]], taken from the ""Girls' Dormitory"" merchandise series.",https://danbooru.donmai.us/media_assets/48627925,,,,,,
lingsha_(honkai:_star_rail),2026-09-06T11:27:33.728-04:00,candidate,post,8651700,,Splash art,https://danbooru.donmai.us/wiki_pages/lingsha_(honkai%3A_star_rail),,,,,https://danbooru.donmai.us/posts/8651700,assets/asbres/spriteoutput/avatardrawcard/1222,fuyuan_(honkai:_star_rail) lingsha_(honkai:_star_rail),honkai:_star_rail honkai_(series),1girl ahoge architecture bare_shoulders black_shoes brown_hair clothing_cutout colored_extremities diorama east_asian_architecture full_body high_heels incense incense_burner long_hair pumps rabbit red_hands shoes sitting smoke transparent_background,game_asset highres non-web_source official_art,34dcf96edc8f2389868642316e622997
lynx_landau,2026-09-06T12:57:42.581-04:00,candidate,post,7690019,,Splash art,https://danbooru.donmai.us/wiki_pages/lynx_landau,,,,,https://danbooru.donmai.us/posts/7690019,assets/asbres/spriteoutput/avatardrawcard/1110,lynx_landau,honkai:_star_rail honkai_(series),1girl aurora blonde_hair blue_eyes blue_scarf camping chair fishing_rod flashlight full_body looking_up lynx on_chair pom_pom_(clothes) scarf sitting solo transparent_background winter_clothes,game_asset highres non-web_source official_art,25b56d0ceac9f13972ec44d02646771d
march_7th_(honkai:_star_rail),2026-09-06T12:44:27.603-04:00,candidate,post,7732499,March 7th (Preservation) (Honkai: Star Rail),Preservation,https://danbooru.donmai.us/wiki_pages/march_7th_(honkai%3A_star_rail),https://danbooru.donmai.us/wiki_pages/March_7th_(Preservation)_(Honkai%3A_Star_Rail),found,2026-09-06T12:45:02.463-04:00,"Initial costume and playable version of [[Honkai: Star Rail]]'s [[March 7th (honkai: star rail)|]] when you start the game.

Her Preservation outfit consists of a [[long sleeves|long-sleeved]] [[white shirt]], [[blue skirt|blue]] [[pleated skirt]], [[off-shoulder jacket|off-shoulder]] [[blue jacket|blue]]-[[gradient jacket|to]]-[[pink jacket|pink]] [[tied jacket]] forming an [[underbust]], [[black choker]] connecting to her [[bra strap|bra straps]], [[black gloves|black]] [[archery shooting glove]] on her right hand, [[black overskirt]] with the Nameless' badge (a stylized Astral Express at wa",https://danbooru.donmai.us/posts/7732499,assets/asbres/spriteoutput/avatardrawcard/1001,march_7th_(honkai:_star_rail) march_7th_(preservation)_(honkai:_star_rail),honkai:_star_rail honkai_(series),1girl acorn ankle_boots archery_shooting_glove arrow_(projectile) badge black_boots black_choker black_gloves black_overskirt blue_boots blue_eyes blue_jacket blue_skirt boots bow_(weapon) breasts button_badge buttons camera choker earrings flower flower_ornament fold-over_boots footwear_flower full_body gloves gradient_clothes gradient_jacket hand_up high_heel_boots high_heels holding holding_bow_(weapon) holding_weapon jacket jewelry leg_up long_sleeves medium_breasts medium_hair miniskirt multicolored_boots multicolored_eyes off-shoulder_jacket off_shoulder one_eye_closed open_hand open_mouth overskirt partially_fingerless_gloves pink_eyes pink_hair pink_jacket pink_pupils pleated_skirt shirt single_earring single_glove skirt smile solo thigh_strap tied_jacket transparent_background two-tone_boots two-tone_eyes weapon white_shirt,game_asset highres non-web_source official_art,231dc8795bd6bb577a8bc572fdc720f4
march_7th_(honkai:_star_rail),2026-09-06T12:44:27.603-04:00,candidate,post,8704009,March 7th (Nascent Spring) (Honkai: Star Rail),Nascent Spring,https://danbooru.donmai.us/wiki_pages/march_7th_(honkai%3A_star_rail),https://danbooru.donmai.us/wiki_pages/March_7th_(Nascent_Spring)_(Honkai%3A_Star_Rail),found,2025-06-14T08:49:52.803-04:00,"The [[official alternate costume]] of [[Honkai: Star Rail]]'s [[March 7th (honkai: star rail)|]] that first appeared in the 1.4 Trailblaze Continuance story ""Future Market"", 2.7 limited time event ""Between the Frames"", and later reappeared as a usable skin for the [[march 7th (preservation) (honkai: star rail)|Preservation]] path in version 3.0.

It is a [[two-tone dress]] with a [[white dress|white]] top part and [[detached sleeves]], and a [[blue dress|blue]] section for the lower part. She also wears a silver [[tiara]], [[white thighhighs]], and [[blue shoes|blue]] [[pumps]] with [[ankle st",https://danbooru.donmai.us/posts/8704009,assets/asbres/spriteoutput/avatardrawcard/avatarskin/1100101,march_7th_(honkai:_star_rail) march_7th_(nascent_spring)_(honkai:_star_rail) pom-pom_(honkai:_star_rail),honkai:_star_rail honkai_(series),1girl 1other :d bare_shoulders blue_bow blue_bowtie blue_dress blue_eyes blue_nails blue_shoes bow bowtie breasts clothing_cutout colored_tips crystal detached_sleeves diorama dot_nose dress dusk floating_clothes floating_hair food footwear_bow garter_straps hair_between_eyes hand_up hands_up high_heels holding jewelry leg_up looking_to_the_side medium_breasts medium_hair multicolored_eyes multicolored_hair multicolored_nails nail_polish official_alternate_costume open_hand open_mouth outdoors pink_eyes pink_hair pink_nails pleated_dress pumps purple_dress purple_sleeves rabbit shoes short_dress sideways_glance smile snowflakes solo stairs string_of_flags thighhighs tiara transparent_background two-tone_eyes two-tone_nails white_bow white_thighhighs zettai_ryouiki,game_asset highres non-web_source official_art,14605e169de324dec67143e602b0dd44
march_7th_(honkai:_star_rail),2026-09-06T12:44:27.603-04:00,candidate,post,7732510,March 7th (Hunt) (Honkai: Star Rail),Hunt,https://danbooru.donmai.us/wiki_pages/march_7th_(honkai%3A_star_rail),https://danbooru.donmai.us/wiki_pages/March_7th_(Hunt)_(Honkai%3A_Star_Rail),found,2026-09-06T12:45:50.139-04:00,"[[Official alternate costume]] of [[Honkai: Star Rail]]'s [[March 7th (Honkai: Star Rail)|]] that was revealed during the Summer Game Fest 2024.

Her Hunt/Xianzhou outfit consists of a [[black dress]] worn with a [[long sleeves|long-sleeved]] [[white dress]] layer, [[red jacket|red]] [[cropped jacket]], [[black gloves]], [[pink sash]], [[white bloomers]], [[white thighhighs]], and [[black boots|black]] [[high heel boots|high heel]] [[ankle boots]].

Her [[official alternate hairstyle]] in this outfit is a [[shuangyaji]].",https://danbooru.donmai.us/posts/7732510,assets/asbres/spriteoutput/avatardrawcard/1224,march_7th_(honkai:_star_rail) march_7th_(hunt)_(honkai:_star_rail),honkai:_star_rail honkai_(series),1girl ankle_boots bell black_boots black_dress black_gloves bloomers blue_eyes boots breasts chinese_clothes cropped_jacket dress dual_wielding earrings fingerless_gloves flower full_body gloves hair_ornament hairclip high_heel_boots high_heels holding holding_sword holding_weapon jacket jewelry jian_(weapon) jingle_bell long_sleeves looking_at_viewer mandarin_collar medium_breasts medium_hair official_alternate_costume official_alternate_hairstyle open_mouth peach_blossom petals pink_eyes pink_hair pink_pupils pink_sash puffy_long_sleeves puffy_sleeves purple_eyes red_jacket sash short-sleeved_jacket short_sleeves shuangyaji simple_background single_earring smile solo standing standing_on_one_leg sword thighhighs transparent_background weapon white_bloomers white_thighhighs,game_asset highres non-web_source official_art,959e79430516f590db9d74b38347ca7a
march_7th_(honkai:_star_rail),2026-09-06T12:44:27.603-04:00,candidate,post,10868436,Graphia Academy School Uniform,[[Graphia Academy School Uniform]],https://danbooru.donmai.us/wiki_pages/march_7th_(honkai%3A_star_rail),https://danbooru.donmai.us/wiki_pages/Graphia_Academy_School_Uniform,found,2026-06-01T04:26:52.540-04:00,"Graphia Academy uniform, a [[school uniform]] from [[Honkai: Star Rail]] worn at the Graphia Academy on Planarcadia.

For girls, it consists of a [[double-breasted]] [[white jacket|white]] [[blazer]] with a black [[contrast collar]], a [[blue bowtie]], and a [[pleated skirt]],

For boys, it consists of a [[black jacket|black]] [[blazer]] with [[white trim]] and [[black pants]].",https://danbooru.donmai.us/posts/10868436,https://x.com/jp4G6Kfhb842057/status/2027693124831809860,march_7th_(honkai:_star_rail),honkai:_star_rail honkai_(series),1girl black_skirt border breasts cowboy_shot double_v gradient_background graphia_academy_school_uniform large_breasts multicolored_eyes official_alternate_costume open_mouth pink_border pink_hair pleated_skirt school_uniform shirt short_hair skirt smile solo two-tone_eyes v white_shirt,commentary_request highres,4362f9580447f416ed30d2b94ddf8252
march_7th_(honkai:_star_rail),2026-09-06T12:44:27.603-04:00,candidate,post,9004769,March 7th (Kfc) (Honkai: Star Rail),KFC,https://danbooru.donmai.us/wiki_pages/march_7th_(honkai%3A_star_rail),https://danbooru.donmai.us/wiki_pages/March_7th_(Kfc)_(Honkai%3A_Star_Rail),found,2024-10-23T04:33:11.673-04:00,"An [[official alternate costume]] of [[Honkai: Star Rail]]'s [[march_7th_(honkai:_star_rail)|March 7th]] for [[KFC]]'s China-exclusive collaboration on September 22th, 2023.",https://danbooru.donmai.us/posts/9004769,Exported from ibisPaint X project file,march_7th_(honkai:_star_rail) march_7th_(kfc)_(honkai:_star_rail),honkai:_star_rail honkai_(series),1girl ankle_bow ankle_strap bag belt beret black_belt black_bow black_dress black_hat black_shoes blue_eyes bow breasts camera clenched_teeth collar detached_collar dress flower_ornament full_body hat high-waist_belt high_heels holding holding_camera jacket layered_dress light_blush looking_at_viewer medium_breasts multicolored_eyes multicolored_jacket off-shoulder_jacket off_shoulder official_alternate_costume pink_eyes pink_hair pink_pupils pumps red_dress red_jacket shoes short_dress shoulder_bag smile solo teeth two-tone_eyes white_background white_bow white_collar white_dress white_jacket wrist_bow,absurdres commission commissioner_upload highres ibispaint_(medium) non-web_source,623ff70d46d54cc8175845d46777bebb
march_7th_(honkai:_star_rail),2026-09-06T12:44:27.603-04:00,candidate,post,7157524,March 7th (Feast) (Honkai: Star Rail),Feast,https://danbooru.donmai.us/wiki_pages/march_7th_(honkai%3A_star_rail),https://danbooru.donmai.us/wiki_pages/March_7th_(Feast)_(Honkai%3A_Star_Rail),found,2026-08-05T15:52:16.495-04:00,"[[Official alternate costume]] of [[March 7th (honkai: star rail)|]] first used for ""a global collaboration of various food/drink shops/restaurants"":[https://hsr.hoyoverse.com/feast] starting from mid October, 2023.",https://danbooru.donmai.us/posts/7157524,https://i.pximg.net/img-original/img/2024/01/31/01/27/54/115627084_p8.jpg,march_7th_(feast)_(honkai:_star_rail) march_7th_(honkai:_star_rail),honkai:_star_rail honkai_(series),1girl >_< ankle_socks bare_shoulders belt blue_jacket blue_skirt brown_shoes character_name closed_mouth dress earrings flower_ornament full_body gradient_clothes gradient_jacket gradient_skirt hair_between_eyes high-waist_belt jacket jewelry layered_skirt loafers long_skirt looking_at_viewer medium_hair off_shoulder official_alternate_costume pink_hair purple_belt purple_jacket purple_skirt shoes simple_background single_earring skirt sleeveless sleeveless_sweater smile socks stretching sweater thigh_strap white_background white_dress white_skirt white_sleeves white_socks white_sweater,commentary_request highres translation_request,4f2759b14e5e2cfbb0b23c847a93e64a
march_7th_(honkai:_star_rail),2026-09-06T12:44:27.603-04:00,candidate,post,7614391,March 7th (impression) (honkai: star rail),Impression,https://danbooru.donmai.us/wiki_pages/march_7th_(honkai%3A_star_rail),https://danbooru.donmai.us/wiki_pages/March_7th_(impression)_(honkai%3A_star_rail),found,2025-12-15T06:46:58.164-05:00,Official [[march 7th (honkai: star_rail)|March 7th]]-themed clothing merchandise available on official [[miHoYo]] online stores.,https://danbooru.donmai.us/posts/7614391,https://twitter.com/_shichika_B/status/1793217799441223992,march_7th_(honkai:_star_rail) march_7th_(impression)_(honkai:_star_rail),honkai:_star_rail honkai_(series),1girl :d bag beret black_bow black_bowtie black_skirt blazer blue_eyes blue_hat blue_jacket bow bowtie buttoned_cuffs buttons cellphone collared_shirt cowboy_shot hair_between_eyes hand_up handbag hat holding holding_phone jacket layered_skirt legs_apart long_hair looking_at_phone miniskirt multicolored_eyes official_alternate_costume one_eye_closed open_clothes open_jacket open_mouth phone pink_eyes pink_hair pink_pupils pleated_skirt school_uniform selfie shirt sidelocks simple_background skirt smartphone smile solo teeth twitter_username two-tone_eyes upper_teeth_only v white_background white_shirt white_skirt,absurdres bad_id bad_twitter_id commentary highres revision untranslatable_commentary,9f77ee229760408eec971f0b3faa69c3
march_7th_(honkai:_star_rail),2026-09-06T12:44:27.603-04:00,asset_no_post_tags,asset,48652174,March 7Th (Little Cat) (Honkai: Star Rail),Little Cat,https://danbooru.donmai.us/wiki_pages/march_7th_(honkai%3A_star_rail),https://danbooru.donmai.us/wiki_pages/March_7Th_(Little_Cat)_(Honkai%3A_Star_Rail),found,2026-06-06T19:48:54.281-04:00,"An [[aged down]] [[official alternate costume]] of [[Honkai: Star Rail|Honkai: Star Rail's]] [[March 7th (Honkai: Star Rail)|]], taken from the ""Little Cat Series"" of merchandise.",https://danbooru.donmai.us/media_assets/48652174,,,,,,
march_7th_(honkai:_star_rail),2026-09-06T12:44:27.603-04:00,asset_no_post_tags,asset,39608750,March 7th (Chimerric Park Countdown) (Honkai: Star Rail),Chimerric Park Countdown,https://danbooru.donmai.us/wiki_pages/march_7th_(honkai%3A_star_rail),https://danbooru.donmai.us/wiki_pages/March_7th_(Chimerric_Park_Countdown)_(Honkai%3A_Star_Rail),found,2025-12-17T10:04:16.341-05:00,"A costume of [[March 7th (Honkai: Star Rail)|]] from [[Honkai: Star Rail]] from the countdown art for the [[HoyoFair]] 2025 ""Chimerric Park"".

She wears a blue [[japanese clothes|Japanese-styled]] outfit.",https://danbooru.donmai.us/media_assets/39608750,,,,,,
march_7th_(honkai:_star_rail),2026-09-06T12:44:27.603-04:00,candidate,post,9956177,Evernight (Honkai: Star Rail),[[Evernight (Honkai: Star Rail)|]] (Default),https://danbooru.donmai.us/wiki_pages/march_7th_(honkai%3A_star_rail),https://danbooru.donmai.us/wiki_pages/Evernight_(Honkai%3A_Star_Rail),found,2026-09-04T17:49:24.460-04:00,"A playable [[Official alternate costume|official alternate form]] of [[Honkai: Star Rail]]'s [[March 7th (Honkai: Star Rail)|]], intended as her [[Chrysos Heirs (honkai: star rail)|]] guise.

Her Amphoreus outfit consists of a [[black jacket|black]] [[half-jacket]] worn with a [[layered dress|layered]] [[black dress|black]]-[[white dress]] that [[single bare shoulder|exposes her right shoulder]], [[sleeve cuffs]], [[black gloves]], [[black flower|black]] [[hair flower]] plus [[parallel hairclips]], [[red flower]] on her dress, black [[thigh strap]] on her right leg, and [[black boots|black]] [",https://danbooru.donmai.us/posts/9956177,https://act-upload.mihoyo.com/sr-wiki/2025/09/12/276833758/6b457fdb6f1abcef0d54b5c0079a3659_7512906109356721629.png,evernight_(honkai:_star_rail) evey_(honkai:_star_rail) march_7th_(honkai:_star_rail),honkai:_star_rail honkai_(series),1girl black_boots black_coat black_dress black_flower black_gloves boots breasts closed_mouth coat dress flower flower_ornament fold-over_boots gloves hair_flower hair_ornament half-jacket layered_dress long_hair long_sleeves medium_breasts memosprite off_shoulder official_alternate_costume official_alternate_eye_color pink_hair red_eyes red_flower shirt short_dress single_off_shoulder solo table thigh_strap transparent_background when_you_see_it white_shirt,bad_link bad_miyoushe_link highres official_art,6b457fdb6f1abcef0d54b5c0079a3659
march_7th_(honkai:_star_rail),2026-09-06T12:44:27.603-04:00,asset_no_post_tags,asset,33460473,Evernight (Lurking) (Honkai: Star Rail),Lurking,https://danbooru.donmai.us/wiki_pages/march_7th_(honkai%3A_star_rail),https://danbooru.donmai.us/wiki_pages/Evernight_(Lurking)_(Honkai%3A_Star_Rail),found,2025-10-11T08:59:35.165-04:00,"An [[official alternate costume|official costume]] of [[Honkai: Star Rail]]'s [[Evernight (Honkai: Star Rail)|]], exclusive to the 3.6 Nameless Honor set.

She is portrayed with a [[white coat]], [[sunglasses]] worn [[eyewear on head|on her head]], and holding a [[walkie-talkie]].",https://danbooru.donmai.us/media_assets/33460473,,,,,,
march_7th_(honkai:_star_rail),2026-09-06T12:44:27.603-04:00,candidate,post,10015346,Evernight (Alternate Spacetime) (Honkai: Star Rail),Alternate Spacetime,https://danbooru.donmai.us/wiki_pages/march_7th_(honkai%3A_star_rail),https://danbooru.donmai.us/wiki_pages/Evernight_(Alternate_Spacetime)_(Honkai%3A_Star_Rail),found,2026-02-07T22:23:31.353-05:00,"A costume of [[Evernight (Honkai: Star Rail)|]] from [[Honkai: Star Rail]] from the ""Alternate Spacetime Chronicles"":[/pools/26796] series of promotional arts.

She wears a [[two-tone dress|two-tone]] [[red dress|red]] and [[white dress]] with a [[black overskirt]], a [[black hairband|black]] [[flower hairband]], and a [[black choker]].",https://danbooru.donmai.us/posts/10015346,https://t.bilibili.com/1116030961091346464,evernight_(alternate_spacetime)_(honkai:_star_rail) evernight_(honkai:_star_rail) march_7th_(honkai:_star_rail) march_7th_(preservation)_(honkai:_star_rail),honkai:_star_rail honkai_(series),1girl alternate_costume black_choker black_hairband black_socks character_charm charm_(object) choker couch cup disposable_cup dress drinking_straw floating_hair hair_ornament hairband holding holding_cup holding_ticket kneehighs long_hair looking_at_viewer official_alternate_eye_color official_alternate_hair_length official_alternate_hairstyle on_couch parted_lips pink_hair red_eyes sitting smile socks solo ticket,absurdres commentary_request guest_art highres official_art second-party_source,70c04e33692bd98883f738ffb5cd07c8
march_7th_(honkai:_star_rail),2026-09-06T12:44:27.603-04:00,candidate,post,11185901,Evernight (Impression) (Honkai: Star Rail),Impression,https://danbooru.donmai.us/wiki_pages/march_7th_(honkai%3A_star_rail),https://danbooru.donmai.us/wiki_pages/Evernight_(Impression)_(Honkai%3A_Star_Rail),found,2026-05-29T20:54:05.183-04:00,"Official [[Evernight (Honkai: Star Rail)|]]-themed clothing merchandise available on official [[miHoYo]] online stores.

Consists of a [[white shirt]] with black buttons, optionally a [[black necktie]], a [[black skirt]] or [[black pants|black]] [[jeans]], and a [[black bag|black]] [[shoulder bag]].",https://danbooru.donmai.us/posts/11185901,https://x.com/qotassium/status/2045344519487451155,evernight_(honkai:_star_rail) evernight_(impression)_(honkai:_star_rail) march_7th_(honkai:_star_rail),honkai:_star_rail honkai_(series),2girls :d bag buttons dual_persona earrings flower frills full_body gloves hair_between_eyes hair_ornament hand_in_pocket happy holding_hands jacket jewelry long_hair looking_at_another medium_hair multiple_girls necktie official_alternate_costume open_clothes open_jacket outdoors pants pink_hair self-cosplay shirt shoes simple_background single_earring skirt smile socks very_long_hair,commentary english_commentary highres,ffd3daa87db64ba99fbe14d6017568a5
march_7th_(hunt)_(honkai:_star_rail),2026-09-06T12:45:50.139-04:00,candidate,post,7732510,,Splash art,https://danbooru.donmai.us/wiki_pages/march_7th_(hunt)_(honkai%3A_star_rail),,,,,https://danbooru.donmai.us/posts/7732510,assets/asbres/spriteoutput/avatardrawcard/1224,march_7th_(honkai:_star_rail) march_7th_(hunt)_(honkai:_star_rail),honkai:_star_rail honkai_(series),1girl ankle_boots bell black_boots black_dress black_gloves bloomers blue_eyes boots breasts chinese_clothes cropped_jacket dress dual_wielding earrings fingerless_gloves flower full_body gloves hair_ornament hairclip high_heel_boots high_heels holding holding_sword holding_weapon jacket jewelry jian_(weapon) jingle_bell long_sleeves looking_at_viewer mandarin_collar medium_breasts medium_hair official_alternate_costume official_alternate_hairstyle open_mouth peach_blossom petals pink_eyes pink_hair pink_pupils pink_sash puffy_long_sleeves puffy_sleeves purple_eyes red_jacket sash short-sleeved_jacket short_sleeves shuangyaji simple_background single_earring smile solo standing standing_on_one_leg sword thighhighs transparent_background weapon white_bloomers white_thighhighs,game_asset highres non-web_source official_art,959e79430516f590db9d74b38347ca7a
march_7th_(hunt)_(honkai:_star_rail),2026-09-06T12:45:50.139-04:00,candidate,post,7732814,,"""Poised to Bloom"" light cone",https://danbooru.donmai.us/wiki_pages/march_7th_(hunt)_(honkai%3A_star_rail),,,,,https://danbooru.donmai.us/posts/7732814,assets/asbres/spriteoutput/lightconemaxfigures/21046.png,march_7th_(honkai:_star_rail) march_7th_(hunt)_(honkai:_star_rail),honkai:_star_rail honkai_(series),1girl bell black_dress black_gloves blue_eyes border breasts cherry_blossoms chinese_clothes cowboy_shot cropped_jacket dress dual_wielding falling_petals fingerless_gloves flower gloves hair_bell hair_intakes hair_ornament hairclip holding holding_sword holding_weapon jacket jewelry jian_(weapon) jingle_bell long_sleeves medium_breasts medium_hair multicolored_eyes official_alternate_costume official_alternate_hairstyle parted_lips petals pink_eyes pink_flower pink_hair pink_petals pointing pointing_at_viewer pointing_melee_weapon pointing_sword puffy_long_sleeves puffy_sleeves red_jacket serious short-sleeved_jacket short_sleeves shuangyaji solo sword two-tone_eyes weapon,game_asset highres non-web_source official_art,c9b8c0096542b655c41817d66de877c9
march_7th_(nascent_spring)_(honkai:_star_rail),2025-06-14T08:49:52.803-04:00,candidate,post,8704009,,Splash art,https://danbooru.donmai.us/wiki_pages/march_7th_(nascent_spring)_(honkai%3A_star_rail),,,,,https://danbooru.donmai.us/posts/8704009,assets/asbres/spriteoutput/avatardrawcard/avatarskin/1100101,march_7th_(honkai:_star_rail) march_7th_(nascent_spring)_(honkai:_star_rail) pom-pom_(honkai:_star_rail),honkai:_star_rail honkai_(series),1girl 1other :d bare_shoulders blue_bow blue_bowtie blue_dress blue_eyes blue_nails blue_shoes bow bowtie breasts clothing_cutout colored_tips crystal detached_sleeves diorama dot_nose dress dusk floating_clothes floating_hair food footwear_bow garter_straps hair_between_eyes hand_up hands_up high_heels holding jewelry leg_up looking_to_the_side medium_breasts medium_hair multicolored_eyes multicolored_hair multicolored_nails nail_polish official_alternate_costume open_hand open_mouth outdoors pink_eyes pink_hair pink_nails pleated_dress pumps purple_dress purple_sleeves rabbit shoes short_dress sideways_glance smile snowflakes solo stairs string_of_flags thighhighs tiara transparent_background two-tone_eyes two-tone_nails white_bow white_thighhighs zettai_ryouiki,game_asset highres non-web_source official_art,14605e169de324dec67143e602b0dd44
march_7th_(nascent_spring)_(honkai:_star_rail),2025-06-14T08:49:52.803-04:00,asset_no_post_tags,asset,21410504,,Multiple views,https://danbooru.donmai.us/wiki_pages/march_7th_(nascent_spring)_(honkai%3A_star_rail),,,,,https://danbooru.donmai.us/media_assets/21410504,,,,,,
march_7th_(preservation)_(honkai:_star_rail),2026-09-06T12:45:02.463-04:00,candidate,post,7732499,,Splash art,https://danbooru.donmai.us/wiki_pages/march_7th_(preservation)_(honkai%3A_star_rail),,,,,https://danbooru.donmai.us/posts/7732499,assets/asbres/spriteoutput/avatardrawcard/1001,march_7th_(honkai:_star_rail) march_7th_(preservation)_(honkai:_star_rail),honkai:_star_rail honkai_(series),1girl acorn ankle_boots archery_shooting_glove arrow_(projectile) badge black_boots black_choker black_gloves black_overskirt blue_boots blue_eyes blue_jacket blue_skirt boots bow_(weapon) breasts button_badge buttons camera choker earrings flower flower_ornament fold-over_boots footwear_flower full_body gloves gradient_clothes gradient_jacket hand_up high_heel_boots high_heels holding holding_bow_(weapon) holding_weapon jacket jewelry leg_up long_sleeves medium_breasts medium_hair miniskirt multicolored_boots multicolored_eyes off-shoulder_jacket off_shoulder one_eye_closed open_hand open_mouth overskirt partially_fingerless_gloves pink_eyes pink_hair pink_jacket pink_pupils pleated_skirt shirt single_earring single_glove skirt smile solo thigh_strap tied_jacket transparent_background two-tone_boots two-tone_eyes weapon white_shirt,game_asset highres non-web_source official_art,231dc8795bd6bb577a8bc572fdc720f4
march_7th_(preservation)_(honkai:_star_rail),2026-09-06T12:45:02.463-04:00,candidate,post,7732770,,Daily login art,https://danbooru.donmai.us/wiki_pages/march_7th_(preservation)_(honkai%3A_star_rail),,,,,https://danbooru.donmai.us/posts/7732770,assets/asbres/spriteoutput/ui/quest/sevendayssignin/march7th3,march_7th_(honkai:_star_rail) march_7th_(preservation)_(honkai:_star_rail),honkai:_star_rail honkai_(series),1girl acorn ankle_boots archery_shooting_glove arm_up badge bare_legs black_boots black_choker black_gloves black_overskirt blue_boots blue_eyes blue_jacket blue_skirt boots breasts button_badge buttons camera choker collarbone drop_shadow earrings flower flower_ornament fold-over_boots footwear_flower full_body gloves gradient_clothes gradient_jacket hair_between_eyes high_heel_boots high_heels holding holding_camera jacket jewelry legs long_sleeves looking_at_viewer medium_breasts medium_hair miniskirt multicolored_boots multicolored_eyes off-shoulder_jacket off_shoulder one_eye_closed open_hand outstretched_arm overskirt partially_fingerless_gloves pink_eyes pink_hair pink_jacket pink_pupils pleated_skirt shirt single_earring single_glove skirt smile solo teeth thigh_strap tied_jacket transparent_background two-tone_boots two-tone_eyes underbust upper_teeth_only white_shirt,game_asset highres non-web_source official_art,269c55c01fa44bb6e226427b37088007
march_7th_(preservation)_(honkai:_star_rail),2026-09-06T12:45:02.463-04:00,asset_no_post_tags,asset,22500374,,Multiple views,https://danbooru.donmai.us/wiki_pages/march_7th_(preservation)_(honkai%3A_star_rail),,,,,https://danbooru.donmai.us/media_assets/22500374,,,,,,
march_7th_(preservation)_(honkai:_star_rail),2026-09-06T12:45:02.463-04:00,asset_no_post_tags,asset,24594381,,MMD model render (boots and badge are discoloured),https://danbooru.donmai.us/wiki_pages/march_7th_(preservation)_(honkai%3A_star_rail),,,,,https://danbooru.donmai.us/media_assets/24594381,,,,,,
nihilux_(blurry_qr_colt)_(honkai:_star_rail),2026-09-15T01:07:12.780-04:00,candidate,post,10616017,,,https://danbooru.donmai.us/wiki_pages/nihilux_(blurry_qr_colt)_(honkai%3A_star_rail),,,,,https://danbooru.donmai.us/posts/10616017,https://twitter.com/honkaistarrail/status/2012011935491887124,nihilux_(blurry_qr_colt)_(honkai:_star_rail) nihilux_(honkai:_star_rail),honkai:_star_rail honkai_(series),1girl black_hat breasts cleavage copyright_notice english_text glasses grey_shirt hat holding holding_pen jacket jewelry long_hair looking_at_viewer mask medium_breasts necklace pen purple_eyes shirt solo upper_body very_long_hair white_hair white_jacket,english_commentary highres official_art,b590600e0b1d2ebe2931375a93db8213
nihilux_(honkai:_star_rail),2026-09-16T12:54:12.083-04:00,candidate,post,10616017,Nihilux (Blurry Qr Colt) (Honkai: Star Rail),Blurry QR Colt,https://danbooru.donmai.us/wiki_pages/nihilux_(honkai%3A_star_rail),https://danbooru.donmai.us/wiki_pages/Nihilux_(Blurry_Qr_Colt)_(Honkai%3A_Star_Rail),found,2026-09-15T01:07:12.780-04:00,"[[Nihilux (Honkai: Star Rail)|]]'s initial appearance as an NPC during the Planarcadia storyline, where she is a comic artist under the pen name ""Blurry_QR_Colt"".

In this form she has [[long hair|long]] [[white hair]], [[purple eyes]] with [[glasses]], and [[medium breasts]]. Her outfit consists of a [[black hat|black]] [[newsboy cap]], diamond-shaped [[earrings]], multicolored [[neckerchief]], [[necklace]], [[black shirt|undershirt]] paired to a [[grey shirt]], [[black gloves|black]] [[artist glove|artist gloves]], [[white belt]], [[black skirt]], [[white jacket]], [[purple pantyhose]], and ",https://danbooru.donmai.us/posts/10616017,https://twitter.com/honkaistarrail/status/2012011935491887124,nihilux_(blurry_qr_colt)_(honkai:_star_rail) nihilux_(honkai:_star_rail),honkai:_star_rail honkai_(series),1girl black_hat breasts cleavage copyright_notice english_text glasses grey_shirt hat holding holding_pen jacket jewelry long_hair looking_at_viewer mask medium_breasts necklace pen purple_eyes shirt solo upper_body very_long_hair white_hair white_jacket,english_commentary highres official_art,b590600e0b1d2ebe2931375a93db8213
nihilux_(honkai:_star_rail),2026-09-16T12:54:12.083-04:00,asset_no_post_tags,asset,49822203,Nihilux (Beatrice Mellanine) (Honkai: Star Rail),Beatrice Mellanine,https://danbooru.donmai.us/wiki_pages/nihilux_(honkai%3A_star_rail),https://danbooru.donmai.us/wiki_pages/Nihilux_(Beatrice_Mellanine)_(Honkai%3A_Star_Rail),found,2026-09-06T21:56:22.255-04:00,"A legendary participant of the Cosmic Big Lotto said to have won the jackpot three times in a row. Having rocketed to fame as the ""Lotto Goddess"", the IPC chose to hire Beatrice as their spokesperson for the Interastral Big Lotto, but she seemingly perished for reasons unknown. In reality, she faked her death and now lives under the alias of [[Nihilux (Honkai: Star Rail)|]].",https://danbooru.donmai.us/media_assets/49822203,,,,,,
nihilux_(honkai:_star_rail),2026-09-16T12:54:12.083-04:00,asset_no_post_tags,asset,50098655,Nihilux (Aeon Aha) (Honkai: Star Rail),Aeon Aha,https://danbooru.donmai.us/wiki_pages/nihilux_(honkai%3A_star_rail),https://danbooru.donmai.us/wiki_pages/Nihilux_(Aeon_Aha)_(Honkai%3A_Star_Rail),found,2026-09-16T12:41:23.743-04:00,"[[Nihilux (Honkai: Star Rail)|]]'s appearance as a playable character, after her true identity is revealed during the early parts of the Astropolis storyline.

This would also make [[Aha (Honkai: Star Rail)|]] the first playable Aeon in the game.",https://danbooru.donmai.us/media_assets/50098655,,,,,,
pearl_(honkai:_star_rail),2026-09-09T18:31:21.528-04:00,candidate,post,11969746,,Default,https://danbooru.donmai.us/wiki_pages/pearl_(honkai%3A_star_rail),,,,,https://danbooru.donmai.us/posts/11969746,https://x.com/honkaistarrail/status/2087026221645267031,pearl_(honkai:_star_rail),honkai:_star_rail honkai_(series),1girl android bare_shoulders blonde_hair blue_dress bow breasts character_name clam_shell copyright_name copyright_notice detached_collar detached_sleeves dress english_text fins forehead_jewel frilled_dress frilled_sleeves frills full_body gradient_hair green_hair head_fins high_heels holding holding_paintbrush joints long_hair long_sleeves looking_at_viewer multicolored_hair oversized_object paintbrush parted_lips pelvic_curtain pink_bow purple_eyes robot robot_joints scroll small_breasts solo tiara two-tone_dress two-tone_hair white_dress wide_sleeves,commentary highres official_art promotional_art,fa3befb9307a75bab4b8266044262fd9
pearl_(honkai:_star_rail),2026-09-09T18:31:21.528-04:00,candidate,post,10894040,Pearl (Stoneheart's Oath Ring) (Honkai: Star Rail),Stoneheart's Oath Ring,https://danbooru.donmai.us/wiki_pages/pearl_(honkai%3A_star_rail),https://danbooru.donmai.us/wiki_pages/Pearl_(Stoneheart's_Oath_Ring)_(Honkai%3A_Star_Rail),found,2026-04-23T00:59:23.469-04:00,"[[Pearl (Honkai: Star Rail)|]]'s [[official alternate costume|outfit]] from the ""Myriad Celestia Trailer: Stoneheart's Oath Ring: Both Ends of the Scale"":[https://youtu.be/C5YQEsZ-yWU].",https://danbooru.donmai.us/posts/10894040,https://x.com/ellygretta/status/2029178385063395761,pearl_(honkai:_star_rail) pearl_(stoneheart's_oath_ring)_(honkai:_star_rail),honkai:_star_rail honkai_(series),1girl black_gloves blonde_hair bracelet chain collared_shirt cutoffs double-parted_bangs expressionless fins forehead_jewel full_body gloves gradient_hair hair_ornament hand_up head_fins headpiece jewelry joints long_hair long_sleeves multicolored_hair official_alternate_costume pearl_bracelet purple_eyes robot_girl robot_joints shirt simple_background solo suit very_long_hair x_hair_ornament,absurdres highres,adcebf07119db39a6bc8c32954c13f63
pela_(honkai:_star_rail),2026-09-06T12:50:24.850-04:00,candidate,post,7689991,,Splash art,https://danbooru.donmai.us/wiki_pages/pela_(honkai%3A_star_rail),,,,,https://danbooru.donmai.us/posts/7689991,assets/asbres/spriteoutput/avatardrawcard/1106,pela_(honkai:_star_rail),honkai:_star_rail honkai_(series),1girl ankle_boots beret black_hat black_pantyhose blue_eyes blue_hair boots from_behind full_body glasses hat high_heel_boots high_heels pantyhose round_eyewear solo transparent_background white_boots,game_asset highres non-web_source official_art,9ec5fb7d71246b7c478f4fcd1792f312
qingque_(honkai:_star_rail),2026-09-06T11:33:55.649-04:00,candidate,post,7690418,,Splash art,https://danbooru.donmai.us/wiki_pages/qingque_(honkai%3A_star_rail),,,,,https://danbooru.donmai.us/posts/7690418,assets/asbres/spriteoutput/avatardrawcard/1201,fu_xuan_(honkai:_star_rail) qingque_(honkai:_star_rail),honkai:_star_rail honkai_(series),2girls ankle_boots black_boots boots braid breasts brown_hair clenched_teeth crown_braid dreaming dress full_body green_eyes hair_between_eyes hair_intakes hair_ornament hairclip high_heel_boots high_heels holding holding_mahjong_tile holding_scroll layered_dress leg_up long_sleeves low_twintails mahjong_tile multiple_girls scroll sleeping small_breasts smile teeth transparent_background twintails,game_asset highres non-web_source official_art,c6fe9da2c645a5ab4d7647b54413e607
qingque_(honkai:_star_rail),2026-09-06T11:33:55.649-04:00,candidate,post,9223738,Qingque (On the Journey) (Honkai: Star Rail),On the Journey,https://danbooru.donmai.us/wiki_pages/qingque_(honkai%3A_star_rail),https://danbooru.donmai.us/wiki_pages/Qingque_(On_the_Journey)_(Honkai%3A_Star_Rail),found,2025-05-18T18:10:04.986-04:00,"The outfit worn by [[Qingque_(Honkai: Star Rail)|]] in the Honkai: Star Rail official second anniversary animation ""On the Journey"":[https://www.youtube.com/watch?v=GdBLXGUy2C0].",https://danbooru.donmai.us/posts/9223738,https://twitter.com/UnfamousRadish/status/1916886763756466269,fu_xuan_(honkai:_star_rail) fu_xuan_(on_the_journey)_(honkai:_star_rail) qingque_(honkai:_star_rail) qingque_(on_the_journey)_(honkai:_star_rail),honkai:_star_rail honkai_(series),2girls :d blush coat from_side grey_background grey_hair hair_rings lab_coat long_sleeves lying multiple_girls official_alternate_costume on_back open_clothes open_coat open_mouth pink_hair profile simple_background smile white_coat yuri,highres,acacd0b6fbd957c89e520a9341887d85
rappa_(honkai:_star_rail),2026-09-04T18:21:30.879-04:00,candidate,post,8651696,,Default,https://danbooru.donmai.us/wiki_pages/rappa_(honkai%3A_star_rail),,,,,https://danbooru.donmai.us/posts/8651696,assets/asbres/spriteoutput/avatardrawcard/1317,rappa_(honkai:_star_rail),honkai:_star_rail honkai_(series),1girl black_boots black_hat black_nails black_shorts boots breasts crop_top cropped_shirt green_eyes hat holding holding_weapon large_breasts midriff nail_polish navel pink_hair shirt short_shorts shorts smile spray_can transparent_background weapon,game_asset highres non-web_source official_art,bb8d48b213c4b0cb849342d0b6204c62
rappa_(honkai:_star_rail),2026-09-04T18:21:30.879-04:00,asset_no_post_tags,asset,24175604,Rappa (Opening) (Honkai: Star Rail),Opening,https://danbooru.donmai.us/wiki_pages/rappa_(honkai%3A_star_rail),https://danbooru.donmai.us/wiki_pages/Rappa_(Opening)_(Honkai%3A_Star_Rail),found,2024-12-15T09:06:39.372-05:00,"An outfit worn by [[Rappa (Honkai: Star Rail)|]] in the Nameless Honor exclusive Profile Picture, ""Rappa: Opening"":[https://honkai-star-rail.fandom.com/wiki/Rappa:_Opening_(Profile_Picture)].

* !asset #24175604",https://danbooru.donmai.us/media_assets/24175604,,,,,,
rappa_(honkai:_star_rail),2026-09-04T18:21:30.879-04:00,asset_no_post_tags,asset,48962967,Rappa (Little Cat) (Honkai: Star Rail),Little Cat,https://danbooru.donmai.us/wiki_pages/rappa_(honkai%3A_star_rail),https://danbooru.donmai.us/wiki_pages/Rappa_(Little_Cat)_(Honkai%3A_Star_Rail),found,2026-06-28T19:29:46.673-04:00,"An [[aged down]] [[official alternate costume]] of [[Honkai: Star Rail|Honkai: Star Rail's]] [[Rappa (Honkai: Star Rail)|]], taken from the ""Little Cat Series"" of merchandise.

Similar to her default outfit, with a [[black skirt]] instead of shorts, [[white leg warmers]] with a [[paw print pattern]], and an [[animal ear headwear|animal ear]] [[hat]] with [[pink-tinted eyewear]] [[eyewear on headwear|on it]].",https://danbooru.donmai.us/media_assets/48962967,,,,,,
robin_(fanta)_(honkai:_star_rail),2026-07-30T18:49:02.225-04:00,candidate,post,11716723,,,https://danbooru.donmai.us/wiki_pages/robin_(fanta)_(honkai%3A_star_rail),,,,,https://danbooru.donmai.us/posts/11716723,https://www.bilibili.com/opus/1220825143758028817,robin_(fanta)_(honkai:_star_rail) robin_(honkai:_star_rail) sunday_(fanta)_(honkai:_star_rail) sunday_(honkai:_star_rail),honkai:_star_rail honkai_(series),1boy 1girl aqua_eyes bag bare_shoulders blue_choker blue_hair bottle braid brother_and_sister can choker closed_mouth crop_top cropped_shirt drink_can earrings facial_mark fanta hair_between_eyes halo hand_up handbag head_wings holding holding_bottle holding_can hoop_earrings jewelry long_hair looking_at_viewer mark_under_eye midriff multicolored_hair navel official_alternate_costume orange_background orange_skirt orange_streaks ponytail shirt short_sleeves siblings single_bare_shoulder skirt smile soda_bottle soda_can stomach streaked_hair very_long_hair white_shirt wings,absurdres chinese_commentary commentary_request highres official_art,60d36263fc31dff133d5abe021fc8158
robin_(honkai:_star_rail),2026-09-25T13:38:28.842-04:00,candidate,post,7691440,,Default (Harmony),https://danbooru.donmai.us/wiki_pages/robin_(honkai%3A_star_rail),,,,,https://danbooru.donmai.us/posts/7691440,assets/asbres/spriteoutput/avatardrawcard/1309,robin_(honkai:_star_rail),honkai:_star_rail honkai_(series),1girl angel_wings bird blue_shoes dress full_body gloves halo high_heels long_hair multicolored_dress open_mouth pumps purple_dress shoes solo transparent_background very_long_hair white_dress white_gloves wings,game_asset highres non-web_source official_art,995dfdf3bab54d4fe627d9a4dca17fc3
robin_(honkai:_star_rail),2026-09-25T13:38:28.842-04:00,candidate,post,12258549,Robin (summeretto) (Honkai: Star Rail),Summeretto,https://danbooru.donmai.us/wiki_pages/robin_(honkai%3A_star_rail),https://danbooru.donmai.us/wiki_pages/Robin_(summeretto)_(Honkai%3A_Star_Rail),found,2026-09-25T13:38:46.848-04:00,"A playable [[official alternate costume]] for [[Robin (Honkai: Star Rail)|]] in [[Honkai: Star Rail]].

In this form, she has a [[white bikini]], [[white sarong]], and [[uneven footwear|uneven]] [[sandals|white sandals]].",https://danbooru.donmai.us/posts/12258549,https://act-webstatic.hoyoverse.com/puzzle/hkrpg/pz_0gxSMfsWEq/resource/puzzle/2026/08/04/92d1e73376016a78f4fd8561ec617385_6545718689427677686.png,robin_(honkai:_star_rail) robin_(summeretto)_(honkai:_star_rail),honkai:_star_rail honkai_(series),1girl bass_guitar bikini bird blue_hair breasts flower full_body green_eyes hair_between_eyes halo head_wings holding holding_bass_guitar holding_instrument holding_microphone innertube instrument jewelry large_breasts long_hair looking_at_viewer microphone musical_note navel necklace official_alternate_costume open_mouth partially_submerged sandals sarong single_hair_intake smile solo sunflower swim_ring swimsuit transparent_background very_long_hair white_bikini wings,official_art,92d1e73376016a78f4fd8561ec617385
robin_(honkai:_star_rail),2026-09-25T13:38:28.842-04:00,candidate,post,7484059,Robin (Star Rail Live 2024) (Honkai: Star Rail),Star Rail Live 2024,https://danbooru.donmai.us/wiki_pages/robin_(honkai%3A_star_rail),https://danbooru.donmai.us/wiki_pages/Robin_(Star_Rail_Live_2024)_(Honkai%3A_Star_Rail),found,2025-05-01T02:21:13.828-04:00,"[[Robin (Honkai: Star Rail)|]]'s [[official alternate costume]] in the 2024 Star Rail Live concert ""promotional art"":[https://t.bilibili.com/909483376802529286].",https://danbooru.donmai.us/posts/7484059,https://act.mihoyo.com/puzzle/hkrpg/pz_stKK3ccUXV/index.html,robin_(honkai:_star_rail) robin_(star_rail_live_2024)_(honkai:_star_rail),honkai:_star_rail honkai_(series),1girl :d bare_legs bare_shoulders blue_eyes blue_gloves blue_hair bow bowtie breasts full_body gloves green_eyes halo head_wings high_heels long_hair looking_at_viewer medium_breasts off-shoulder_shirt off_shoulder official_alternate_costume open_mouth purple_bow purple_bowtie purple_gloves purple_skirt shawl shirt shoes short_sleeves skirt smile solo tachi-e transparent_background very_long_hair white_shirt white_shoes wings,bad_source highres official_art,efe28ebbd149d7e22e432e3bbd39d8fb
robin_(honkai:_star_rail),2026-09-25T13:38:28.842-04:00,asset_no_post_tags,asset,48747689,Robin (Brilliant Youth) (Honkai: Star Rail),Brilliant Youth,https://danbooru.donmai.us/wiki_pages/robin_(honkai%3A_star_rail),https://danbooru.donmai.us/wiki_pages/Robin_(Brilliant_Youth)_(Honkai%3A_Star_Rail),found,2026-06-14T01:50:59.514-04:00,[[Robin (Honkai: Star Rail)|]] as she is portrayed in the 2.7 Nameless Honor icon. It is a school uniform and pairs with [[sunday (brilliant youth) (honkai: star rail)|Sunday]].,https://danbooru.donmai.us/media_assets/48747689,,,,,,
robin_(honkai:_star_rail),2026-09-25T13:38:28.842-04:00,candidate,post,10642113,Robin (Origami Big Bird) (Honkai: Star Rail),Origami Big Bird,https://danbooru.donmai.us/wiki_pages/robin_(honkai%3A_star_rail),https://danbooru.donmai.us/wiki_pages/Robin_(Origami_Big_Bird)_(Honkai%3A_Star_Rail),found,2026-06-14T01:47:25.099-04:00,"An [[official alternate costume]] of [[Honkai: Star Rail|Honkai: Star Rail's]] [[Robin (Honkai: Star Rail)|]], taken from [[Sunday (Honkai: Star Rail)|Sunday's]] ""Keeping Up With Star Rail"":[https://www.youtube.com/watch?v=zl6MLsJdS5g] video.",https://danbooru.donmai.us/posts/10642113,https://i.pximg.net/img-original/img/2026/01/21/00/00/23/140183608_p0.jpg,robin_(honkai:_star_rail) robin_(origami_big_bird)_(honkai:_star_rail),honkai:_star_rail honkai_(series),1girl alternate_costume aqua_eyes black_boots blue_hair blue_scarf blush boots brown_coat closed_mouth coat cup disposable_coffee_cup disposable_cup earrings feathered_wings fingernails full_body hair_between_eyes halo hand_in_pocket hand_up head_wings high_heel_boots high_heels holding holding_cup jewelry long_hair long_sleeves looking_at_viewer nail_polish scarf shoes simple_background solo twitter_username very_long_hair white_background white_wings wings winter_clothes,absurdres commentary_request highres,24338b604d81db8834c6fb7d8416c71c
robin_(honkai:_star_rail),2026-09-25T13:38:28.842-04:00,candidate,post,8768186,Robin (Concert For Two) (Honkai: Star Rail),Concert for Two,https://danbooru.donmai.us/wiki_pages/robin_(honkai%3A_star_rail),https://danbooru.donmai.us/wiki_pages/Robin_(Concert_For_Two)_(Honkai%3A_Star_Rail),found,2025-09-01T14:46:12.134-04:00,"An [[aged down]] version of [[Robin (Honkai: Star Rail)|]] from [[Honkai: Star Rail]], as shown on the art for the light cone ""Concert For Two"".

Portrayed with a [[white dress]] with [[purple trim]].",https://danbooru.donmai.us/posts/8768186,https://static.wikia.nocookie.net/houkai-star-rail/images/9/9d/Light_Cone_Concert_for_Two_Artwork.png?format=original,robin_(concert_for_two)_(honkai:_star_rail) robin_(honkai:_star_rail) sunday_(concert_for_two)_(honkai:_star_rail) sunday_(honkai:_star_rail),honkai:_star_rail honkai_(series),1boy 1girl :d aged_down bird_wings border brother_and_sister child clapping feathered_wings from_above grey_hair hair_bun half_updo halo head_wings indoors long_hair medium_hair open_mouth purple_hair siblings single_hair_bun smile socks standing stuffed_animal stuffed_rabbit stuffed_toy teddy_bear white_border white_socks wings wooden_floor yellow_eyes,game_asset highres official_art third-party_source,2acc177d70e4c5b745826cbea4badcba
robin_(honkai:_star_rail),2026-09-25T13:38:28.842-04:00,candidate,post,7387331,Robin (Colors) (Honkai: Star Rail),Colors,https://danbooru.donmai.us/wiki_pages/robin_(honkai%3A_star_rail),https://danbooru.donmai.us/wiki_pages/Robin_(Colors)_(Honkai%3A_Star_Rail),found,2026-01-10T22:54:47.051-05:00,"An unplayable [[official alternate costume]] of [[Robin (Honkai: Star Rail)|]] from [[Honkai: Star Rail]] from the ""Mien of Vesper"":[https://www.youtube.com/watch?v=rvMxhJds3Ow] promotional video portraying an advertisement for in-universe [[cosmetics]] brand ""Colors"" starring her.

She wears a [[white kimono]], has [[official alternate hair color|dyed]] [[black hair]], [[red eyeliner]], and [[red lips|red]] [[lipstick]].",https://danbooru.donmai.us/posts/7387331,https://twitter.com/vivi_zerou/status/1773181779186164036,acheron_(honkai:_star_rail) robin_(colors)_(honkai:_star_rail) robin_(honkai:_star_rail),honkai:_star_rail honkai_(series),1girl asymmetrical_footwear black_hair black_shorts coat coattails detached_sleeves eyeshadow hand_up head_wings hime_cut holding holding_umbrella japanese_clothes lipstick long_hair makeup purple_hair red_umbrella screen short_shorts shorts single_bare_shoulder solo tailcoat umbrella white_coat wings,absurdres commentary english_commentary highres,b38adcb4be521f54268cbb364055f3a3
robin_(honkai:_star_rail),2026-09-25T13:38:28.842-04:00,candidate,post,9224183,Robin (On the Journey) (Honkai: Star Rail),On the Journey,https://danbooru.donmai.us/wiki_pages/robin_(honkai%3A_star_rail),https://danbooru.donmai.us/wiki_pages/Robin_(On_the_Journey)_(Honkai%3A_Star_Rail),found,2025-05-18T18:10:18.851-04:00,"The outfit worn by [[Robin_(Honkai: Star Rail)|]] in the Honkai: Star Rail official second anniversary animation ""On the Journey"":[https://www.youtube.com/watch?v=GdBLXGUy2C0].",https://danbooru.donmai.us/posts/9224183,https://i.pximg.net/img-original/img/2025/04/29/02/47/50/129817131_p0.jpg,robin_(honkai:_star_rail) robin_(on_the_journey)_(honkai:_star_rail),honkai:_star_rail honkai_(series),1girl collared_shirt face_jewel halo halo_behind_head head_wings jewel_under_eye necktie official_alternate_costume pants purple_hair purple_necktie shirt solo white_wings wings,commentary_request english_commentary highres mixed-language_commentary,9beb137b2ca0d98ee4678d39893ce80d
robin_(honkai:_star_rail),2026-09-25T13:38:28.842-04:00,candidate,post,12074691,Robin (Race) (Honkai: Star Rail),Race,https://danbooru.donmai.us/wiki_pages/robin_(honkai%3A_star_rail),https://danbooru.donmai.us/wiki_pages/Robin_(Race)_(Honkai%3A_Star_Rail),found,2026-08-27T14:18:58.779-04:00,"The [[race queen]] [[official alternate costume]] of [[Honkai: Star Rail]]'s [[Robin (Honkai: Star Rail)|]], exclusive to the 4.5 Nameless Honor set and nominally linked to her [[Robin (Summeretto) (Honkai: Star Rail)|Summeretto]] outfit.

It consists of a [[blue visor cap|blue]] [[visor cap]], [[white shirt|white]] [[crop top]] with [[long sleeves|long]] [[detached sleeves]], [[white gloves|white]] [[fingerless gloves]], [[pearl belt]], and [[purple skirt]]. Her [[official alternate hairstyle|hairstyle]] for this outfit is a [[double bun]] look.",https://danbooru.donmai.us/posts/12074691,https://x.com/Hyb__muyuu/status/2090397450943262829,robin_(honkai:_star_rail) robin_(race)_(honkai:_star_rail),honkai:_star_rail honkai_(series),1girl blue_eyes blue_hair blue_hat breasts cleavage crop_top fingerless_gloves gloves hat head_wings jacket long_sleeves looking_at_viewer official_alternate_costume official_art_inset open_mouth reference_inset simple_background solo visor_cap white_background white_gloves white_jacket white_wings wings,commentary_request highres,f5eb08ebfda9a5035d095811af12dab6
robin_(honkai:_star_rail),2026-09-25T13:38:28.842-04:00,asset_no_post_tags,asset,48848179,Robin (Little Cat) (Honkai: Star Rail),Little Cat,https://danbooru.donmai.us/wiki_pages/robin_(honkai%3A_star_rail),https://danbooru.donmai.us/wiki_pages/Robin_(Little_Cat)_(Honkai%3A_Star_Rail),found,2026-06-20T16:05:02.346-04:00,"An [[aged down]] [[official alternate costume]] of [[Honkai: Star Rail|Honkai: Star Rail's]] [[Robin (Honkai: Star Rail)|]], taken from the ""Little Cat Series"" of merchandise.

Very similar to her default outfit, but the dress is [[sleeveless dress|sleeveless]] instead of strapless.",https://danbooru.donmai.us/media_assets/48848179,,,,,,
robin_(honkai:_star_rail),2026-09-25T13:38:28.842-04:00,asset_no_post_tags,asset,48627927,Robin (Girls' Dormitory) (Honkai: Star Rail),Girls' Dormitory,https://danbooru.donmai.us/wiki_pages/robin_(honkai%3A_star_rail),https://danbooru.donmai.us/wiki_pages/Robin_(Girls'_Dormitory)_(Honkai%3A_Star_Rail),found,2026-06-06T19:46:49.243-04:00,"An [[official alternate costume]] of [[Honkai: Star Rail|Honkai: Star Rail's]] [[Robin (Honkai: Star Rail)|]], taken from the ""Girls' Dormitory"" merchandise series.",https://danbooru.donmai.us/media_assets/48627927,,,,,,
robin_(honkai:_star_rail),2026-09-25T13:38:28.842-04:00,candidate,post,11716723,Robin (Fanta) (Honkai: Star Rail),Fanta,https://danbooru.donmai.us/wiki_pages/robin_(honkai%3A_star_rail),https://danbooru.donmai.us/wiki_pages/Robin_(Fanta)_(Honkai%3A_Star_Rail),found,2026-07-30T18:49:02.225-04:00,"An [[official alternate costume]] of [[Honkai: Star Rail]]'s [[Robin (Honkai: Star Rail)|]] from a collaboration with [[Fanta]].

It consists of a [[crop top|cropped]] [[white shirt|white]] [[off-shoulder shirt|off-shoulder]] [[cropped shirt|shirt]], an [[orange skirt|orange]] [[miniskirt]], and a [[white belt]].",https://danbooru.donmai.us/posts/11716723,https://www.bilibili.com/opus/1220825143758028817,robin_(fanta)_(honkai:_star_rail) robin_(honkai:_star_rail) sunday_(fanta)_(honkai:_star_rail) sunday_(honkai:_star_rail),honkai:_star_rail honkai_(series),1boy 1girl aqua_eyes bag bare_shoulders blue_choker blue_hair bottle braid brother_and_sister can choker closed_mouth crop_top cropped_shirt drink_can earrings facial_mark fanta hair_between_eyes halo hand_up handbag head_wings holding holding_bottle holding_can hoop_earrings jewelry long_hair looking_at_viewer mark_under_eye midriff multicolored_hair navel official_alternate_costume orange_background orange_skirt orange_streaks ponytail shirt short_sleeves siblings single_bare_shoulder skirt smile soda_bottle soda_can stomach streaked_hair very_long_hair white_shirt wings,absurdres chinese_commentary commentary_request highres official_art,60d36263fc31dff133d5abe021fc8158
robin_(honkai:_star_rail),2026-09-25T13:38:28.842-04:00,candidate,post,11118655,Robin (Impression) (Honkai: Star Rail),Impression,https://danbooru.donmai.us/wiki_pages/robin_(honkai%3A_star_rail),https://danbooru.donmai.us/wiki_pages/Robin_(Impression)_(Honkai%3A_Star_Rail),found,2026-09-08T10:30:10.888-04:00,"Official [[Robin (Honkai: Star Rail)|]]-themed clothing merchandise available on official online stores.

Consists of two outfits:

* A [[casual]] outfit with a [[white skirt]] and a [[character print]] [[t-shirt]]
* A [[white dress]] with a [[shoulder cutout]]

Either outfit may be drawn with a distinctive [[shoulder bag]]",https://danbooru.donmai.us/posts/11118655,https://www.bilibili.com/opus/1188926881227866112,robin_(honkai:_star_rail) robin_(impression)_(honkai:_star_rail),honkai:_star_rail honkai_(series),1girl bag bandaid bandaid_on_leg blue_shirt border cat chibi closed_mouth earrings face_jewel full_body green_eyes hair_ornament halo hand_up head_wings holding holding_skateboard jewel_under_eye jewelry layered_sleeves leg_warmers long_hair long_sleeves looking_at_viewer official_alternate_costume open_mouth shirt shoes short_hair short_sleeves shoulder_bag simple_background skateboard skirt standing standing_on_one_leg star_(symbol) star_hair_ornament very_long_hair white_border white_leg_warmers white_shoes white_skirt white_wings wings,absurdres chinese_commentary commentary_request highres,15fd71004846f9b3bf6f10fda03d5b8e
robin_(summeretto)_(honkai:_star_rail),2026-09-25T13:38:46.848-04:00,candidate,post,12258549,,,https://danbooru.donmai.us/wiki_pages/robin_(summeretto)_(honkai%3A_star_rail),,,,,https://danbooru.donmai.us/posts/12258549,https://act-webstatic.hoyoverse.com/puzzle/hkrpg/pz_0gxSMfsWEq/resource/puzzle/2026/08/04/92d1e73376016a78f4fd8561ec617385_6545718689427677686.png,robin_(honkai:_star_rail) robin_(summeretto)_(honkai:_star_rail),honkai:_star_rail honkai_(series),1girl bass_guitar bikini bird blue_hair breasts flower full_body green_eyes hair_between_eyes halo head_wings holding holding_bass_guitar holding_instrument holding_microphone innertube instrument jewelry large_breasts long_hair looking_at_viewer microphone musical_note navel necklace official_alternate_costume open_mouth partially_submerged sandals sarong single_hair_intake smile solo sunflower swim_ring swimsuit transparent_background very_long_hair white_bikini wings,official_art,92d1e73376016a78f4fd8561ec617385
ruan_mei_(honkai:_star_rail),2026-09-18T14:37:52.935-04:00,candidate,post,7691377,,Default,https://danbooru.donmai.us/wiki_pages/ruan_mei_(honkai%3A_star_rail),,,,,https://danbooru.donmai.us/posts/7691377,assets/asbres/spriteoutput/avatardrawcard/1303,ruan_mei_(honkai:_star_rail),honkai:_star_rail honkai_(series),1girl black_hair blue_shoes breasts full_body gloves green_eyes green_gloves hair_intakes high_heels long_hair medium_breasts parted_lips pumps ruan shoes solo thigh_strap transparent_background under-elbow_gloves,game_asset highres non-web_source official_art,eabb19a655e3e7c87a670bb5e93a7e53
ruan_mei_(honkai:_star_rail),2026-09-18T14:37:52.935-04:00,candidate,post,10777843,Ruan Mei (Plumblossom Letter) (Honkai: Star Rail),Plumblossom Letter,https://danbooru.donmai.us/wiki_pages/ruan_mei_(honkai%3A_star_rail),https://danbooru.donmai.us/wiki_pages/Ruan_Mei_(Plumblossom_Letter)_(Honkai%3A_Star_Rail),found,2026-02-13T06:57:26.514-05:00,"An [[official alternate costume]] of [[Honkai: Star Rail]]'s [[Ruan Mei (Honkai: Star Rail)|]], released in version 4.0.

It consists of a [[two-tone dress]] with a [[white dress|white breast top]] and [[blue dress|blue for the rest]] including a [[pelvic curtain]], flowers on her dress sleeves, [[mismatched gloves]] (left is a [[blue gloves|blue]] [[single elbow glove]], right is a regular [[white gloves|white glove]]), [[hair flower]]s on her right side, pearl [[thigh strap]] on her right leg, and [[blue shoes]].",https://danbooru.donmai.us/posts/10777843,https://static.wikia.nocookie.net/houkai-star-rail/images/4/4a/Character_Ruan_Mei_Plumblossom_Letter_Splash_Art.png?format=original,ruan_mei_(honkai:_star_rail) ruan_mei_(plumblossom_letter)_(honkai:_star_rail),honkai:_star_rail honkai_(series),1girl asymmetrical_gloves bare_legs bare_shoulders black_hair blue_dress blue_gloves dress flower flower-shaped_food folding_fan full_body gloves grey_eyes hair_flower hair_ornament hand_fan holding holding_fan looking_at_viewer mismatched_gloves off-shoulder_dress off_shoulder official_alternate_costume peach_blossom_pastry short_sleeves simple_background sitting solo tassel transparent_background two-tone_dress white_dress white_gloves,commentary english_commentary highres official_art,37a478edb30f3d48897b2bc666721a5b
ruan_mei_(honkai:_star_rail),2026-09-18T14:37:52.935-04:00,asset_no_post_tags,asset,48747180,ruan_mei_(academia)_(honkai:_star_rail),Academia,https://danbooru.donmai.us/wiki_pages/ruan_mei_(honkai%3A_star_rail),https://danbooru.donmai.us/wiki_pages/ruan_mei_(academia)_(honkai%3A_star_rail),found,2026-06-14T01:21:03.204-04:00,"An [[official alternate costume]] of [[Honkai: Star Rail]]'s [[Ruan Mei (honkai: star rail)|]], exclusive to the 1.6 Nameless Honor set.

She is portrayed [[bespectacled|with]] [[glasses]] while her outfit consists of a [[brown sweater|brown]] [[ribbed sweater]] and a [[white coat|white]] [[lab coat]].",https://danbooru.donmai.us/media_assets/48747180,,,,,,
ruan_mei_(honkai:_star_rail),2026-09-18T14:37:52.935-04:00,asset_no_post_tags,asset,48730176,Ruan Mei (Little Cat) (Honkai: Star Rail),Little Cat,https://danbooru.donmai.us/wiki_pages/ruan_mei_(honkai%3A_star_rail),https://danbooru.donmai.us/wiki_pages/Ruan_Mei_(Little_Cat)_(Honkai%3A_Star_Rail),found,2026-06-12T20:45:55.067-04:00,"An [[aged down]] [[official alternate costume]] of [[Honkai: Star Rail|Honkai: Star Rail's]] [[Ruan Mei (Honkai: Star Rail)|]], taken from the ""Little Cat Series"" of merchandise.",https://danbooru.donmai.us/media_assets/48730176,,,,,,
ruan_mei_(honkai:_star_rail),2026-09-18T14:37:52.935-04:00,asset_no_post_tags,asset,48745632,Ruan Mei (Lambda's Friend) (Honkai: Star Rail),Lambda's Friend,https://danbooru.donmai.us/wiki_pages/ruan_mei_(honkai%3A_star_rail),https://danbooru.donmai.us/wiki_pages/Ruan_Mei_(Lambda's_Friend)_(Honkai%3A_Star_Rail),found,2026-06-13T21:30:09.070-04:00,"A version of [[Ruan Mei (honkai: star rail)|]] first introduced in [[Honkai: Star Rail]]'s [[Cake Cat (honkai: star rail)|]] event.

Has the appearance of a small black-and-white [[siamese cat]]-like critter with [[blue eyes]], encased in a blue cake.",https://danbooru.donmai.us/media_assets/48745632,,,,,,
ruan_mei_(plumblossom_letter)_(honkai:_star_rail),2026-02-13T06:57:26.514-05:00,candidate,post,10777843,,Profile,https://danbooru.donmai.us/wiki_pages/ruan_mei_(plumblossom_letter)_(honkai%3A_star_rail),,,,,https://danbooru.donmai.us/posts/10777843,https://static.wikia.nocookie.net/houkai-star-rail/images/4/4a/Character_Ruan_Mei_Plumblossom_Letter_Splash_Art.png?format=original,ruan_mei_(honkai:_star_rail) ruan_mei_(plumblossom_letter)_(honkai:_star_rail),honkai:_star_rail honkai_(series),1girl asymmetrical_gloves bare_legs bare_shoulders black_hair blue_dress blue_gloves dress flower flower-shaped_food folding_fan full_body gloves grey_eyes hair_flower hair_ornament hand_fan holding holding_fan looking_at_viewer mismatched_gloves off-shoulder_dress off_shoulder official_alternate_costume peach_blossom_pastry short_sleeves simple_background sitting solo tassel transparent_background two-tone_dress white_dress white_gloves,commentary english_commentary highres official_art,37a478edb30f3d48897b2bc666721a5b
sam_(honkai:_star_rail),2026-05-09T03:05:22.307-04:00,candidate,post,7145868,,,https://danbooru.donmai.us/wiki_pages/sam_(honkai%3A_star_rail),,,,,https://danbooru.donmai.us/posts/7145868,https://twitter.com/StarRailVerse1/status/1750997928762576964,firefly_(honkai:_star_rail) sam_(honkai:_star_rail),honkai:_star_rail honkai_(series),1other 2boys armor black_cat breastplate cat explosion greaves helmet multiple_boys shoulder_armor upper_body,commentary official_art screenshot third-party_source,0aa932b0ab3eab9994e17e48f88ee71f
seele_(honkai:_star_rail),2026-09-06T12:48:44.703-04:00,candidate,post,7689970,,Splash art,https://danbooru.donmai.us/wiki_pages/seele_(honkai%3A_star_rail),,,,,https://danbooru.donmai.us/posts/7689970,assets/asbres/spriteoutput/avatardrawcard/1102,seele_(honkai:_star_rail),honkai:_star_rail honkai_(series),1girl ahoge black_boots boots breasts bug butterfly full_body holding holding_weapon long_hair moon purple_eyes purple_hair red_moon small_breasts solo thigh_strap transparent_background weapon,game_asset highres non-web_source official_art,91866947fabb8d059e4dd7da74e7c189
seele_(honkai:_star_rail),2026-09-06T12:48:44.703-04:00,candidate,post,8768327,,In the Night,https://danbooru.donmai.us/wiki_pages/seele_(honkai%3A_star_rail),,,,,https://danbooru.donmai.us/posts/8768327,https://static.wikia.nocookie.net/houkai-star-rail/images/5/5b/Light_Cone_In_the_Night_Artwork.png?format=original,seele_(honkai:_star_rail),honkai:_star_rail honkai_(series),1girl ahoge asymmetrical_legwear black_hair black_shorts blue_butterfly blue_eyes blue_scarf blurry bokeh border bug butterfly butterfly_on_hand cowboy_shot depth_of_field detached_sleeves field floating_hair flower flower_field glowing holding holding_weapon index_finger_raised long_hair night outdoors parted_lips scarf short_shorts shorts sky smile solo standing uneven_legwear weapon white_border white_flower,game_asset highres official_art third-party_source,0d5288f07798c5d65b6ca464d339b06c
serval_landau,2026-09-06T12:58:46.812-04:00,candidate,post,7689976,,Splash art,https://danbooru.donmai.us/wiki_pages/serval_landau,,,,,https://danbooru.donmai.us/posts/7689976,assets/asbres/spriteoutput/avatardrawcard/1103,serval_landau,honkai:_star_rail honkai_(series),1girl arm_under_breasts black_boots blonde_hair blue_eyes blue_hair boots brown_pantyhose electric_guitar full_body guitar hand_on_own_cheek hand_on_own_face high_heel_boots high_heels instrument long_hair looking_at_viewer multicolored_hair pantyhose solo speaker streaked_hair transparent_background,game_asset highres non-web_source official_art,8f06130198464e5054d67108cdb9529e
serval_landau,2026-09-06T12:58:46.812-04:00,candidate,post,7732708,,Make the World Clamor,https://danbooru.donmai.us/wiki_pages/serval_landau,,,,,https://danbooru.donmai.us/posts/7732708,assets/asbres/spriteoutput/lightconemaxfigures/21013,serval_landau,honkai:_star_rail honkai_(series),1girl arm_up asymmetrical_sleeves black_thighhighs blonde_hair blue_eyes blue_hair border concert cowboy_shot earrings gradient_hair holding holding_microphone jewelry long_hair microphone microphone_stand multicolored_hair open_mouth outstretched_arm singing solo stage_lights teeth thighhighs upper_teeth_only white_border,highres non-web_source official_art,2a52525692c86564a236b3e658772290
silver_wolf_(honkai:_star_rail),2026-09-26T08:01:00.589-04:00,candidate,post,7689924,,Default,https://danbooru.donmai.us/wiki_pages/silver_wolf_(honkai%3A_star_rail),,,,,https://danbooru.donmai.us/posts/7689924,assets/asbres/spriteoutput/avatardrawcard/1006,silver_wolf_(honkai:_star_rail),honkai:_star_rail honkai_(series),1girl black_choker black_gloves black_jacket black_shoes breasts chibi choker drill_hair eyewear_on_head full_body gloves grey_eyes grey_hair jacket navel shoes short-sleeved_jacket short_shorts short_sleeves shorts small_breasts thigh_strap transparent_background weapon,game_asset highres non-web_source official_art,82f40c3bc5f9e2fadf58d35df349c73f
silver_wolf_(honkai:_star_rail),2026-09-26T08:01:00.589-04:00,candidate,post,11189802,Silver Wolf (lv.999) (honkai: star rail),Lv.999,https://danbooru.donmai.us/wiki_pages/silver_wolf_(honkai%3A_star_rail),https://danbooru.donmai.us/wiki_pages/Silver_Wolf_(lv.999)_(honkai%3A_star_rail),found,2026-09-04T19:12:20.367-04:00,"A playable [[official alternate costume|alternate]] form of [[Honkai: Star Rail]]'s [[Silver Wolf (Honkai: Star Rail)|]].

Her outfit changes the [[print shirt|print]] on her [[white shirt|white]] [[crop top]], while she gains [[mechanical gloves|mechanical]] [[gauntlets|gauntlet]] for her right hand, a [[gradient-tinted eyewear|gradient tint]] [[sunglasses]] with a [[hair ornament]] on her right side, mechanical/[[holographic wings]] reminiscent of the [[Bronya Zaychik (Herrscher Of Truth)|Herrscher of Truth]]'s, a new [[belt]] design, blue split [[waist cape]], and [[mismatched legwear]] ([[",https://danbooru.donmai.us/posts/11189802,https://act-upload.mihoyo.com/sr-wiki/2026/04/17/159300832/d6e17a88a4fc4d7fad4640b804f33332_2284950615105105299.png,silver_wolf_(honkai:_star_rail) silver_wolf_(lv.999)_(honkai:_star_rail),honkai:_star_rail honkai_(series),1girl >:) bare_shoulders black_boots black_gloves black_jacket black_shorts boots crop_top drill_hair eyewear_on_head fingerless_gloves fishnet_socks fishnets full_body gauntlets gloves gradient-tinted_eyewear gradient_hair grey_eyes grey_hair hair_ornament hand_up holographic_wings jacket knee_pads long_hair looking_at_viewer mechanical_tail midriff multicolored_hair navel off_shoulder ponytail purple_hair shirt short_shorts shorts single_fingerless_glove single_gauntlet single_knee_pad single_mechanical_glove socks solo stomach sunglasses tail thigh_strap thighs tinted_eyewear v-shaped_eyebrows very_long_hair white_shirt wings,bad_link highres official_art,d6e17a88a4fc4d7fad4640b804f33332
silver_wolf_(honkai:_star_rail),2026-09-26T08:01:00.589-04:00,candidate,post,7372135,Silver Wolf (Galaxy store) (honkai: star rail),Galaxy Store,https://danbooru.donmai.us/wiki_pages/silver_wolf_(honkai%3A_star_rail),https://danbooru.donmai.us/wiki_pages/Silver_Wolf_(Galaxy_store)_(honkai%3A_star_rail),found,2026-05-25T19:08:46.447-04:00,"An [[official alternate costume]] of [[Honkai: Star Rail]]'s [[Silver Wolf (honkai:_star_rail)|]] for the Korea-exclusive Samsung Galaxy collab.

It consists of a [[crop top|cropped]] [[white shirt|white]] [[print shirt|printed]] [[cropped shirt|shirt]], [[loose_belt|loose]] [[white belt]], half [[short shorts]] half [[miniskirt]], [[purple panties]], black [[headphones]] and a [[single braid|single]] [[side braid]].

Not to be confused with Silver Wolf's similar-looking [[Silver Wolf (Opening) (Honkai: Star Rail)|Opening]] outfit.",https://danbooru.donmai.us/posts/7372135,https://i.pximg.net/img-original/img/2024/03/17/18/00/51/117004190_p0.png,silver_wolf_(galaxy_store)_(honkai:_star_rail) silver_wolf_(honkai:_star_rail),honkai:_star_rail honkai_(series) samsung,1girl bandaid black_jacket black_shorts bow braid breasts closed_mouth fishnets full_body grey_eyes grey_hair hair_between_eyes hair_ornament hairclip headset jacket long_hair looking_at_viewer midriff multicolored_hair navel official_alternate_costume ponytail shirt shorts simple_background smile solo streaked_hair transparent_background white_shirt,absurdres commentary_request highres official_art resized third-party_edit third-party_source upscaled waifu2x,619bbd0519773db7aacc6d9e9b53d2e0
silver_wolf_(honkai:_star_rail),2026-09-26T08:01:00.589-04:00,candidate,post,7923516,Silver Wolf (Jepella rebellion) (honkai: star rail),Jepella Rebellion,https://danbooru.donmai.us/wiki_pages/silver_wolf_(honkai%3A_star_rail),https://danbooru.donmai.us/wiki_pages/Silver_Wolf_(Jepella_rebellion)_(honkai%3A_star_rail),found,2024-07-07T18:07:17.588-04:00,"An [[official alternate costume]] worn by [[Silver Wolf (Honkai: Star Rail)|]] during the events of the Jepella Rebellion, as depicted in ""Myriad Celestia Trailer: The Jepella Rebellion — Scene 47"":[https://www.youtube.com/watch?v=D9yIlGpgCus].",https://danbooru.donmai.us/posts/7923516,https://i.pximg.net/img-original/img/2024/07/29/22/03/40/120999480_p0.png,silver_wolf_(honkai:_star_rail) silver_wolf_(jepella_rebellion)_(honkai:_star_rail),honkai:_star_rail honkai_(series),1girl arm_strap black_gloves drill_hair gloves grey_hair grey_necktie grey_vest gun hair_ornament hairclip hand_up handgun holding holding_gun holding_weapon long_hair looking_at_viewer necktie official_alternate_costume ponytail purple_eyes revolver shirt solo upper_body vest weapon white_shirt,absurdres commentary_request highres,60e17995445e66ca97a3dcad81951b56
silver_wolf_(honkai:_star_rail),2026-09-26T08:01:00.589-04:00,asset_no_post_tags,asset,23789060,Silver Wolf (Opening) (honkai: star rail),Opening,https://danbooru.donmai.us/wiki_pages/silver_wolf_(honkai%3A_star_rail),https://danbooru.donmai.us/wiki_pages/Silver_Wolf_(Opening)_(honkai%3A_star_rail),found,2026-05-11T23:32:04.574-04:00,"An outfit worn by [[Silver Wolf (Honkai: Star Rail)|]] in the Nameless Honor exclusive Profile Picture, ""Silver Wolf: Opening"":[https://honkai-star-rail.fandom.com/wiki/Silver_Wolf:_Opening_(Profile_Picture)].

Not to be confused with Silver Wolf's similar-looking [[Silver Wolf (galaxy store) (honkai: star rail)|Samsung]] outfit; the main difference is that her ""Opening"" outfit has her hair done in [[twintails]], wears [[pixel sunglasses]] [[sunglasses]] [[eyewear on head|on her head]], has a [[bandaid on cheek|bandaid on her cheek]], and she does not wear a jacket,",https://danbooru.donmai.us/media_assets/23789060,,,,,,
silver_wolf_(honkai:_star_rail),2026-09-26T08:01:00.589-04:00,asset_no_post_tags,asset,48747573,Silver Wolf (Amusement) (Honkai: Star Rail),Amusement,https://danbooru.donmai.us/wiki_pages/silver_wolf_(honkai%3A_star_rail),https://danbooru.donmai.us/wiki_pages/Silver_Wolf_(Amusement)_(Honkai%3A_Star_Rail),found,2026-06-14T01:43:37.545-04:00,"An [[official alternate costume]] of [[Honkai: Star Rail]]'s [[Silver Wolf (Honkai: Star Rail)|]] in her [[Silver Wolf (Lv.999) (Honkai: Star Rail)|Lv.999]] form, exclusive to the 4.2 Nameless Honor set.

It consists of a [[black hoodie]] with [[animal ear hood|animal ears]], [[iridescent clothes|holographic]] pumpkin cutout [[sunglasses]], a [[crop top|cropped]], [[white shirt|white]] [[cropped shirt|shirt]], a [[black belt|black]] [[belt collar]], and [[paw print]] [[mismatched gloves|differently-colored gloves]] ([[purple gloves|purple left]] and [[blue gloves|blue right]]).",https://danbooru.donmai.us/media_assets/48747573,,,,,,
silver_wolf_(honkai:_star_rail),2026-09-26T08:01:00.589-04:00,candidate,post,11196720,Silver Wolf (Beginner's Guide) (Honkai: Star Rail),Beginner's Guide,https://danbooru.donmai.us/wiki_pages/silver_wolf_(honkai%3A_star_rail),https://danbooru.donmai.us/wiki_pages/Silver_Wolf_(Beginner's_Guide)_(Honkai%3A_Star_Rail),found,2026-04-20T00:40:11.332-04:00,"The [[aged down|younger]] version of [[Honkai: Star Rail]]'s [[Silver Wolf (Honkai: Star Rail)|]], as seen in the trailer ""Beginner's Guide"":[https://www.youtube.com/watch?v=NEn6umYiiU8]. This is from her early days living in her home planet of Punklorde and closely resembles the [[Bronya Zaychik (Haxxor Bunny)|Haxxor Bunny outfit]].

Her Punklorde outfit consists of a [[black hood]] paired to a [[black coat]] with [[shoulder cutout]]s, with an opening on her hood for her [[drill ponytail]], [[purple-tinted eyewear|purple-tint]] [[sunglasses]] [[eyewear on head|on her head]], [[black belt|blac",https://danbooru.donmai.us/posts/11196720,https://i.pximg.net/img-original/img/2026/04/18/22/26/44/143711074_p0.jpg,silver_wolf_(beginner's_guide)_(honkai:_star_rail) silver_wolf_(honkai:_star_rail),honkai:_star_rail honkai_(series),1girl abstract_background belt black_gloves black_hood black_shorts character_name drill_hair drill_ponytail feet_out_of_frame floating_hair gloves grey_eyes grey_hair hair_between_eyes hand_on_own_hip holographic_monitor looking_at_screen midriff navel official_alternate_costume pink_belt pouch short_sleeves shorts solo thigh_pouch thigh_strap,commentary english_commentary highres,38e204cb6d2beeef115853efb5f3c048
silver_wolf_(honkai:_star_rail),2026-09-26T08:01:00.589-04:00,candidate,post,11196658,Silver Wolf (Dark Zone Emperor) (Honkai: Star Rail),Dark Zone Emperor,https://danbooru.donmai.us/wiki_pages/silver_wolf_(honkai%3A_star_rail),https://danbooru.donmai.us/wiki_pages/Silver_Wolf_(Dark_Zone_Emperor)_(Honkai%3A_Star_Rail),found,2026-04-21T01:18:41.811-04:00,"An [[alternate universe]] version of [[Silver Wolf (Honkai: Star Rail)|]] from [[Honkai: Star Rail|]] where she founded a Dark Zone Empire and crushed the IPC,  as seen in the trailer ""Scene 999: GAME NOT OVER"":[https://www.youtube.com/watch?v=paFelc1vM1k].",https://danbooru.donmai.us/posts/11196658,https://i.pximg.net/img-original/img/2026/04/18/02/11/39/143678139_p0.jpg,silver_wolf_(dark_zone_emperor)_(honkai:_star_rail) silver_wolf_(honkai:_star_rail) silver_wolf_(lv.999)_(honkai:_star_rail),honkai:_star_rail honkai_(series),2girls abstract_background arm_up cropped_shirt drill_hair dual_persona duel eye_contact from_side glowing grey_eyes grey_hair jacket long_hair looking_at_another midriff multiple_girls official_alternate_costume scene_reference shirt very_long_hair,absurdres commentary english_commentary highres,8f176cfdace7e565f42da7dc6259c08e
silver_wolf_(honkai:_star_rail),2026-09-26T08:01:00.589-04:00,asset_no_post_tags,asset,48718324,Silver Wolf (Little Cat) (Honkai: Star Rail),Little Cat,https://danbooru.donmai.us/wiki_pages/silver_wolf_(honkai%3A_star_rail),https://danbooru.donmai.us/wiki_pages/Silver_Wolf_(Little_Cat)_(Honkai%3A_Star_Rail),found,2026-06-11T21:14:12.727-04:00,"An [[aged down]] [[official alternate costume]] of [[Honkai: Star Rail|Honkai: Star Rail's]] [[Silver Wolf (Honkai: Star Rail)|]], taken from the ""Little Cat Series"" of merchandise.

Not to be confused with her similar [[Silver Wolf (Girls' Dormitory) (Honkai: Star Rail)|Girls' Dormitory]] costume.  In her Little Cat costume, she wears her normal [[purple-tinted eyewear]] and a [[skirt]].",https://danbooru.donmai.us/media_assets/48718324,,,,,,
silver_wolf_(honkai:_star_rail),2026-09-26T08:01:00.589-04:00,asset_no_post_tags,asset,48627926,Silver Wolf (Girls' Dormitory) (Honkai: Star Rail),Girls' Dormitory,https://danbooru.donmai.us/wiki_pages/silver_wolf_(honkai%3A_star_rail),https://danbooru.donmai.us/wiki_pages/Silver_Wolf_(Girls'_Dormitory)_(Honkai%3A_Star_Rail),found,2026-06-11T21:16:50.912-04:00,"An [[official alternate costume]] of [[Honkai: Star Rail|Honkai: Star Rail's]] [[Silver Wolf (Honkai: Star Rail)|]], taken from the ""Girls' Dormitory"" merchandise series.

Not to be confused with her similar [[Silver Wolf (Little Cat) (Honkai: Star Rail)|Little Cat]]  costume. In her Girls' Dormitory costume, she wears a [[sleep mask]] and [[headphones around neck|headphones around her neck]].",https://danbooru.donmai.us/media_assets/48627926,,,,,,
silver_wolf_(honkai:_star_rail),2026-09-26T08:01:00.589-04:00,asset_no_post_tags,asset,47859375,Silver Wolf (Cat-Maid Ensemble) (Honkai: Star Rail),Cat-Maid Ensemble,https://danbooru.donmai.us/wiki_pages/silver_wolf_(honkai%3A_star_rail),https://danbooru.donmai.us/wiki_pages/Silver_Wolf_(Cat-Maid_Ensemble)_(Honkai%3A_Star_Rail),found,2026-04-23T09:31:12.058-04:00,"An [[official alternate costume]] of [[Honkai: Star Rail|Honkai: Star Rail's]] [[Silver Wolf (Honkai: Star Rail)|]] that appears in her character trailer ""Solo Maxxing"":[https://www.youtube.com/watch?v=va-4BypzDQo].",https://danbooru.donmai.us/media_assets/47859375,,,,,,
silver_wolf_(honkai:_star_rail),2026-09-26T08:01:00.589-04:00,asset_no_post_tags,asset,47859376,Silver Wolf (Wage-Slave Workwear) (Honkai: Star Rail),Wage-Slave Workwear,https://danbooru.donmai.us/wiki_pages/silver_wolf_(honkai%3A_star_rail),https://danbooru.donmai.us/wiki_pages/Silver_Wolf_(Wage-Slave_Workwear)_(Honkai%3A_Star_Rail),found,2026-04-21T06:53:37.278-04:00,"An [[official alternate costume]] of [[Honkai: Star Rail|Honkai: Star Rail's]] [[Silver Wolf (Honkai: Star Rail)|]] that appears in her character trailer ""Solo Maxxing"":[https://www.youtube.com/watch?v=va-4BypzDQo]. The coat was a modified version of miHoYo's employee uniform.",https://danbooru.donmai.us/media_assets/47859376,,,,,,
silver_wolf_(honkai:_star_rail),2026-09-26T08:01:00.589-04:00,asset_no_post_tags,asset,47859377,Silver Wolf (Comfy Bunny Onesie) (Honkai: Star Rail),Comfy Bunny Onesie,https://danbooru.donmai.us/wiki_pages/silver_wolf_(honkai%3A_star_rail),https://danbooru.donmai.us/wiki_pages/Silver_Wolf_(Comfy_Bunny_Onesie)_(Honkai%3A_Star_Rail),found,2026-04-26T08:27:43.556-04:00,"An [[official alternate costume]] of [[Honkai: Star Rail|Honkai: Star Rail's]] [[Silver Wolf (Honkai: Star Rail)|]] that appears in her character trailer ""Solo Maxxing"":[https://www.youtube.com/watch?v=va-4BypzDQo]. Serving as her [[sleepwear]], it comes with a [[Homu (Honkai Impact)|]] plushie as a reference to [[Honkai Impact 3rd]].",https://danbooru.donmai.us/media_assets/47859377,,,,,,
silver_wolf_(honkai:_star_rail),2026-09-26T08:01:00.589-04:00,candidate,post,12227429,Silver Wolf (Mega Mgc Coffee) (Honkai: Star Rail),Mega Mgc Coffee,https://danbooru.donmai.us/wiki_pages/silver_wolf_(honkai%3A_star_rail),https://danbooru.donmai.us/wiki_pages/Silver_Wolf_(Mega_Mgc_Coffee)_(Honkai%3A_Star_Rail),found,2026-09-26T08:00:27.121-04:00,"An [[official alternate costume]] of [[Honkai: Star Rail]]'s [[Silver Wolf (Honkai: Star Rail)|]], from a collaboration with Mega MGC Coffee, a Korean coffee chain.",https://danbooru.donmai.us/posts/12227429,https://x.com/honkaisr_kr/status/2101657630938693719,blade_(honkai:_star_rail) mortenax_blade_(honkai:_star_rail) silver_wolf_(honkai:_star_rail) silver_wolf_(lv.999)_(honkai:_star_rail) silver_wolf_(mega_mgc_coffee)_(honkai:_star_rail),honkai:_star_rail honkai_(series),1boy 1girl adjusting_clothes adjusting_headwear asymmetrical_legwear belt black_gloves black_shoes black_socks bracelet brown_jacket closed_mouth crossed_bangs denim denim_skirt fingerless_gloves full_body gloves grey_eyes grey_hair hair_between_eyes hair_ornament hairclip hand_up hat jacket jewelry korean_text loafers long_hair looking_at_viewer midriff mismatched_legwear navel off_shoulder official_alternate_costume open_clothes open_jacket shirt shoes single_fingerless_glove single_glove skirt sleeveless sleeveless_shirt smile socks standing thigh_belt thigh_strap uneven_legwear very_long_hair white_shirt white_socks,commentary_request highres korean_commentary official_art,020283f6f56aa08958f89efec419f980
silver_wolf_(lv.999)_(honkai:_star_rail),2026-09-04T19:12:20.367-04:00,candidate,post,11189802,,Splash art,https://danbooru.donmai.us/wiki_pages/silver_wolf_(lv.999)_(honkai%3A_star_rail),,,,,https://danbooru.donmai.us/posts/11189802,https://act-upload.mihoyo.com/sr-wiki/2026/04/17/159300832/d6e17a88a4fc4d7fad4640b804f33332_2284950615105105299.png,silver_wolf_(honkai:_star_rail) silver_wolf_(lv.999)_(honkai:_star_rail),honkai:_star_rail honkai_(series),1girl >:) bare_shoulders black_boots black_gloves black_jacket black_shorts boots crop_top drill_hair eyewear_on_head fingerless_gloves fishnet_socks fishnets full_body gauntlets gloves gradient-tinted_eyewear gradient_hair grey_eyes grey_hair hair_ornament hand_up holographic_wings jacket knee_pads long_hair looking_at_viewer mechanical_tail midriff multicolored_hair navel off_shoulder ponytail purple_hair shirt short_shorts shorts single_fingerless_glove single_gauntlet single_knee_pad single_mechanical_glove socks solo stomach sunglasses tail thigh_strap thighs tinted_eyewear v-shaped_eyebrows very_long_hair white_shirt wings,bad_link highres official_art,d6e17a88a4fc4d7fad4640b804f33332
silver_wolf_(lv.999)_(honkai:_star_rail),2026-09-04T19:12:20.367-04:00,candidate,post,11271226,,,https://danbooru.donmai.us/wiki_pages/silver_wolf_(lv.999)_(honkai%3A_star_rail),,,,,https://danbooru.donmai.us/posts/11271226,https://x.com/pompom_honkaisr/status/2049685174250782944?s=46,pom-pom_(honkai:_star_rail) silver_wolf_(honkai:_star_rail) silver_wolf_(lv.999)_(honkai:_star_rail),honkai:_star_rail honkai_(series),1girl 1other arm_behind_head arm_up black_boots black_gloves black_shorts boots drill_hair eyewear_on_head fingerless_gloves fishnet_kneehighs fishnet_socks fishnets floating_hair gloves grey_eyes grey_hair hair_between_eyes jacket long_hair looking_at_another navel open_clothes open_jacket open_mouth shorts socks stomach tears very_long_hair,absurdres commentary english_commentary highres official_art,7e2d4f1fc068134e2bce6f6ad97202ad
sparkle_(honkai:_star_rail),2026-09-08T14:41:13.620-04:00,candidate,post,7691414,,Default,https://danbooru.donmai.us/wiki_pages/sparkle_(honkai%3A_star_rail),,,,,https://danbooru.donmai.us/posts/7691414,assets/asbres/spriteoutput/avatardrawcard/1306,sparkle_(honkai:_star_rail),honkai:_star_rail honkai_(series),1girl barefoot bell black_hair breasts dress full_body hime_cut jingle_bell kitsune koi long_hair mask nail_polish pink_eyes red_dress red_eyes sandals shoes small_breasts solo symbol-shaped_pupils transparent_background twintails unworn_sandals unworn_shoes,game_asset highres non-web_source official_art,1234b07251c838fcbb4d8bf4e4063576
sparkle_(honkai:_star_rail),2026-09-08T14:41:13.620-04:00,candidate,post,8768345,Sparkle (It's Showtime) (Honkai: Star Rail),It's Showtime,https://danbooru.donmai.us/wiki_pages/sparkle_(honkai%3A_star_rail),https://danbooru.donmai.us/wiki_pages/Sparkle_(It's_Showtime)_(Honkai%3A_Star_Rail),found,2026-05-16T20:07:18.735-04:00,"[[Sparkle (Honkai: Star Rail)|]] attire as depicted in the artwork of the Light Cone, ""It's Showtime"":[https://honkai-star-rail.fandom.com/wiki/It's_Showtime].

Not to be confused with the similar [[sparkle_(illusion)_(honkai:_star_rail)|Illusion Nameless Honor icon costume]]; ""It's Showtime"" has [[bare shoulders]] and a [[red bow]].",https://danbooru.donmai.us/posts/8768345,https://static.wikia.nocookie.net/houkai-star-rail/images/3/33/Light_Cone_It's_Showtime_Artwork.png?format=original,sparkle_(honkai:_star_rail),honkai:_star_rail honkai_(series),1girl 4others black_gloves black_jacket black_necktie black_pants black_shoes black_suit border bow bowtie brown_hair covered_face curtains dancing detached_collar doll dress facial_mark fur-trimmed_sleeves fur_trim gloves grin hat jacket long_hair marionette mask multiple_others necktie pants puffy_short_sleeves puffy_sleeves puppet puppet_strings puppeteering red_bow red_bowtie red_dress red_eyes red_hat shoes short_sleeves smile string suit twintails upper_body white_border,game_asset highres official_art third-party_source,92c78689a4f0620bc9565818addde074
sparkle_(honkai:_star_rail),2026-09-08T14:41:13.620-04:00,candidate,post,8623416,Sparkle (Fictitious Game) (Honkai: Star Rail),Fictitious Game,https://danbooru.donmai.us/wiki_pages/sparkle_(honkai%3A_star_rail),https://danbooru.donmai.us/wiki_pages/Sparkle_(Fictitious_Game)_(Honkai%3A_Star_Rail),found,2024-12-27T03:59:32.505-05:00,"An [[official alternate costume]] of [[Honkai: Star Rail]]'s [[Sparkle (honkai: star rail)|]], exclusive to the [[Honkai Impact 3rd]] collaboration event.

Like her earlier [[Sparkle (It's Showtime) (Honkai: Star Rail)|It's Showtime]] dress, it is gothic lolita in theme and comprises a [[frilled dress|frilled]] [[red dress]] with [[detached sleeves]], [[thigh strap]] on her left leg, and [[black gloves]]. It differs in that she uses a red [[fox mask]] instead of a mini hat, she wears only [[single thighhigh|one]] [[black thighhighs|black thighhigh]] on her right leg, wears open [[black footwea",https://danbooru.donmai.us/posts/8623416,https://twitter.com/houkai3rd/status/1860518710349267005,sparkle_(fictitious_game)_(honkai:_star_rail) sparkle_(honkai:_star_rail),honkai:_star_rail honkai_(series) honkai_impact_3rd,1girl bare_shoulders black_gloves black_hair black_ribbon black_thighhighs breasts copyright_name copyright_notice detached_sleeves dress facial_mark fingerless_gloves fox_mask frilled_dress frills gloves gun hair_ornament heart heart_tattoo holding holding_gun holding_weapon lace-trimmed_gloves lace-trimmed_thighhighs lace_trim long_hair looking_at_viewer mask medium_breasts official_alternate_costume purple_eyes red_dress red_sleeves revolver ribbon single_thighhigh smile snubnosed_revolver solo tattoo teardrop_facial_mark thighhighs twintails weapon,commentary_request highres official_art second-party_source,87450bde8da1feca75793c86f1439c2b
sparkle_(honkai:_star_rail),2026-09-08T14:41:13.620-04:00,asset_no_post_tags,asset,25723197,Sparkle (Illusion) (Honkai: Star Rail),Illusion,https://danbooru.donmai.us/wiki_pages/sparkle_(honkai%3A_star_rail),https://danbooru.donmai.us/wiki_pages/Sparkle_(Illusion)_(Honkai%3A_Star_Rail),found,2026-02-12T02:03:58.286-05:00,"An outfit worn by [[Sparkle (Honkai: Star Rail)|]] in the Nameless Honor exclusive Profile Picture, ""Sparkle: Illusion"":[https://honkai-star-rail.fandom.com/wiki/Sparkle:_Illusion_(Profile_Picture)].

Not to be confused with the similar [[sparkle_(it's_showtime)_(honkai:_star_rail)|It's Showtime Light Cone costume]]; ""Illusion"" has a [[red capelet]] and a [[black bow]].",https://danbooru.donmai.us/media_assets/25723197,,,,,,
sparkle_(honkai:_star_rail),2026-09-08T14:41:13.620-04:00,candidate,post,7280163,Sparkle (School Uniform) (Honkai: Star Rail),School Uniform,https://danbooru.donmai.us/wiki_pages/sparkle_(honkai%3A_star_rail),https://danbooru.donmai.us/wiki_pages/Sparkle_(School_Uniform)_(Honkai%3A_Star_Rail),found,2026-09-04T18:51:01.652-04:00,"[[Sparkle (honkai: star rail)|]] as seen in her ""promotional video"":[https://www.youtube.com/watch?v=IpuQvbTwCWU] where she wears a [[school uniform]].",https://danbooru.donmai.us/posts/7280163,https://i.pximg.net/img-original/img/2024/03/01/20/25/11/116528376_p0.jpg,sparkle_(honkai:_star_rail) sparkle_(school_uniform)_(honkai:_star_rail),honkai:_star_rail honkai_(series),1girl alternate_costume black_jacket black_shoes black_skirt blazer brown_hair closed_mouth dot_nose foot_up fox_mask full_body glasses hair_down hair_ornament hairclip high-waist_skirt holding holding_microphone jacket kneehighs knees_together_feet_apart long_hair long_sleeves looking_at_viewer mask microphone official_alternate_costume open_clothes open_jacket pink_eyes pleated_skirt red_background red_hair school_uniform shirt shirt_tucked_in shoes sidelocks skirt smile socks solo straight_hair white_background white_shirt white_socks,absurdres commentary_request highres,fdface80426b4fbf3eea6e37e3da440d
sparkle_(honkai:_star_rail),2026-09-08T14:41:13.620-04:00,asset_no_post_tags,asset,48758384,Sparkle (Little Cat) (Honkai: Star Rail),Little Cat,https://danbooru.donmai.us/wiki_pages/sparkle_(honkai%3A_star_rail),https://danbooru.donmai.us/wiki_pages/Sparkle_(Little_Cat)_(Honkai%3A_Star_Rail),found,2026-06-14T16:16:16.505-04:00,"An [[aged down]] [[official alternate costume]] of [[Honkai: Star Rail|Honkai: Star Rail's]] [[Sparkle (Honkai: Star Rail)|]], taken from the ""Little Cat Series"" of merchandise.

She wears a [[red kimono]] and is often drawn holding a [[kendama]].  To distinguish from generic alternate costumes, look for the yellow bow on the [[obi]].",https://danbooru.donmai.us/media_assets/48758384,,,,,,
sparkle_(honkai:_star_rail),2026-09-08T14:41:13.620-04:00,asset_no_post_tags,asset,45924405,Sparkle (Chimerric Park Countdown) (Honkai: Star Rail),Chimerric Park Countdown,https://danbooru.donmai.us/wiki_pages/sparkle_(honkai%3A_star_rail),https://danbooru.donmai.us/wiki_pages/Sparkle_(Chimerric_Park_Countdown)_(Honkai%3A_Star_Rail),found,2026-03-08T19:12:19.172-04:00,"A costume of [[Sparkle (Honkai: Star Rail)|]] from [[Honkai: Star Rail]] from the countdown art for the [[HoyoFair]] 2025 ""Chimerric Park"".",https://danbooru.donmai.us/media_assets/45924405,,,,,,
sparkle_(honkai:_star_rail),2026-09-08T14:41:13.620-04:00,candidate,post,10569363,,Default,https://danbooru.donmai.us/wiki_pages/sparkle_(honkai%3A_star_rail),,,,,https://danbooru.donmai.us/posts/10569363,https://hsr20.hakush.in/char/1501,sparkle_(honkai:_star_rail) sparxie_(honkai:_star_rail),honkai:_star_rail honkai_(series),1girl :d bare_legs bare_shoulders black_shoes braid clothing_cutout dress full_body hair_intakes hair_ornament long_hair long_sleeves looking_at_viewer miniskirt open_mouth purple_eyes red_shirt shirt shoes shoulder_cutout skirt smile solo transparent_background twintails white_hair white_skirt wide_sleeves,highres official_art third-party_source,1039dfc2df893be83ea15b12633a3fa4
sparkle_(honkai:_star_rail),2026-09-08T14:41:13.620-04:00,asset_no_post_tags,asset,48747226,Sparxie (Sparxiconofficial) (Honkai: Star Rail),Sparxiconofficial,https://danbooru.donmai.us/wiki_pages/sparkle_(honkai%3A_star_rail),https://danbooru.donmai.us/wiki_pages/Sparxie_(Sparxiconofficial)_(Honkai%3A_Star_Rail),found,2026-05-03T00:25:06.620-04:00,"The boss form of [[Honkai: Star Rail]]'s [[Sparxie (Honkai: Star Rail)|]], as seen in the 4.0 story.

In her boss guise, she has [[very long hair|very long]] [[two-tone hair|two-tone]] [[white hair|white]] and [[black hair]] in the same [[twintails]] style, [[white dress|white]] [[tutu]], [[black gloves|black]] [[single elbow glove]] on her right arm, [[wrist scrunchie]] and [[white gloves|white]] [[single glove]] on her left hand, [[asymmetrical legwear]] ([[white thighhighs|white on left]] but [[black thighhighs|black on right]]), and a rabbit ornament on her chest with the same two-color sc",https://danbooru.donmai.us/media_assets/48747226,,,,,,
sparkle_(honkai:_star_rail),2026-09-08T14:41:13.620-04:00,asset_no_post_tags,asset,48747210,Sparxie (Ethereal Dance) (Honkai: Star Rail),Ethereal Dance,https://danbooru.donmai.us/wiki_pages/sparkle_(honkai%3A_star_rail),https://danbooru.donmai.us/wiki_pages/Sparxie_(Ethereal_Dance)_(Honkai%3A_Star_Rail),found,2026-06-14T01:20:23.196-04:00,"An [[official alternate costume]] of [[Honkai: Star Rail]]'s [[Sparxie (Honkai: Star Rail)|]], exclusive to the 4.0 Nameless Honor set.

She has a [[black hat]] with a [[rabbit hat ornament]], [[fake horns|fake]] [[red horns|red]]-[[black horns|black]] [[oni horns]], [[black gloves|black]] [[fingerless gloves]], [[black jacket]], a [[crop top|cropped]] [[red tank top|red]] [[plaid shirt|plaid]] [[tank top]], [[red skirt|red]] [[plaid skirt]], and [[black boots]].

Her [[official alternate hairstyle]] in this outfit are [[multiple braids]].",https://danbooru.donmai.us/media_assets/48747210,,,,,,
sparkle_(honkai:_star_rail),2026-09-08T14:41:13.620-04:00,candidate,post,10821305,Sparxie (Dean) (Honkai: Star Rail),Dean,https://danbooru.donmai.us/wiki_pages/sparkle_(honkai%3A_star_rail),https://danbooru.donmai.us/wiki_pages/Sparxie_(Dean)_(Honkai%3A_Star_Rail),found,2026-03-04T19:23:46.368-05:00,"An [[official alternate costume]] of [[Sparxie (Honkai: Star Rail)|]] from [[Honkai: Star Rail]], seen in the 4.0 Trailblaze Mission.  She is dressed as a [[teacher]], pretending to be the dean of Graphia Academy.

She wears a [[black jacket|black]] [[blazer]], a [[white shirt]], and [[glasses]].",https://danbooru.donmai.us/posts/10821305,https://i.pximg.net/img-original/img/2026/02/20/20/48/38/141412344_p0.png,sparkle_(honkai:_star_rail) sparxie_(dean)_(honkai:_star_rail) sparxie_(honkai:_star_rail),honkai:_star_rail honkai_(series),1girl bespectacled black-framed_eyewear black_jacket black_skirt braid breasts classroom fingernails glasses hair_intakes hand_up index_finger_raised indoors jacket long_hair looking_at_viewer mark_under_both_eyes miniskirt multicolored_hair nail_polish official_alternate_costume parted_lips pink_nails red_eyes semi-rimless_eyewear side_slit skirt small_breasts smile solo streaked_hair thighs twintails twitter_username under-rim_eyewear white_hair,absurdres commentary highres,bef1e3ece3170ac0480a2959f842c4fb
sparkle_(honkai:_star_rail),2026-09-08T14:41:13.620-04:00,candidate,post,11796139,Sparxie (Candy-Coated Waves) (Honkai: Star Rail),Candy-Coated Waves,https://danbooru.donmai.us/wiki_pages/sparkle_(honkai%3A_star_rail),https://danbooru.donmai.us/wiki_pages/Sparxie_(Candy-Coated_Waves)_(Honkai%3A_Star_Rail),found,2026-09-13T22:13:23.998-04:00,"An [[official alternate costume]] of [[Honkai: Star Rail]]'s [[Sparxie (Honkai: Star Rail)|]], released in Version 4.4.

It is [[goth fashion|goth]]/[[jirai kei]]-themed and consists of an [[off shoulder]] [[long sleeves|long-sleeved]] [[black shirt]], [[black choker]], [[necklace]], [[red-tinted eyewear|red tint]] [[sunglasses]], [[black belt]] with a [[white ribbon]], [[red skirt|red]] [[plaid skirt|plaid]] [[pleated skirt]], [[thigh strap]] on her right leg, [[mismatched legwear]] (left is a [[single fishnet legwear|fishnet kneehigh]], right is a [[white socks|white sock]]), and [[black boo",https://danbooru.donmai.us/posts/11796139,https://static.wikia.nocookie.net/houkai-star-rail/images/b/b7/Character_Sparxie_Candy-Coated_Waves_Splash_Art.png?format=original,sparkle_(honkai:_star_rail) sparxie_(candy-coated_waves)_(honkai:_star_rail) sparxie_(honkai:_star_rail),honkai:_star_rail honkai_(series),1girl :d bare_shoulders black_boots black_choker black_shirt boots choker eyewear_on_head goth_fashion hair_intakes long_sleeves miniskirt off-shoulder_shirt off_shoulder official_alternate_costume open_mouth red_skirt shirt skirt smile stuffed_animal stuffed_toy sunglasses transparent_background twintails white_hair,highres official_art,2246db4f25d2385da0d5d2cdab6207f9
sparxie_(honkai:_star_rail),2026-09-08T14:42:03.144-04:00,candidate,post,10569363,,Default,https://danbooru.donmai.us/wiki_pages/sparxie_(honkai%3A_star_rail),,,,,https://danbooru.donmai.us/posts/10569363,https://hsr20.hakush.in/char/1501,sparkle_(honkai:_star_rail) sparxie_(honkai:_star_rail),honkai:_star_rail honkai_(series),1girl :d bare_legs bare_shoulders black_shoes braid clothing_cutout dress full_body hair_intakes hair_ornament long_hair long_sleeves looking_at_viewer miniskirt open_mouth purple_eyes red_shirt shirt shoes shoulder_cutout skirt smile solo transparent_background twintails white_hair white_skirt wide_sleeves,highres official_art third-party_source,1039dfc2df893be83ea15b12633a3fa4
sparxie_(honkai:_star_rail),2026-09-08T14:42:03.144-04:00,asset_no_post_tags,asset,48747226,Sparxie (Sparxiconofficial) (Honkai: Star Rail),Sparxiconofficial,https://danbooru.donmai.us/wiki_pages/sparxie_(honkai%3A_star_rail),https://danbooru.donmai.us/wiki_pages/Sparxie_(Sparxiconofficial)_(Honkai%3A_Star_Rail),found,2026-05-03T00:25:06.620-04:00,"The boss form of [[Honkai: Star Rail]]'s [[Sparxie (Honkai: Star Rail)|]], as seen in the 4.0 story.

In her boss guise, she has [[very long hair|very long]] [[two-tone hair|two-tone]] [[white hair|white]] and [[black hair]] in the same [[twintails]] style, [[white dress|white]] [[tutu]], [[black gloves|black]] [[single elbow glove]] on her right arm, [[wrist scrunchie]] and [[white gloves|white]] [[single glove]] on her left hand, [[asymmetrical legwear]] ([[white thighhighs|white on left]] but [[black thighhighs|black on right]]), and a rabbit ornament on her chest with the same two-color sc",https://danbooru.donmai.us/media_assets/48747226,,,,,,
sparxie_(honkai:_star_rail),2026-09-08T14:42:03.144-04:00,asset_no_post_tags,asset,48747210,Sparxie (Ethereal Dance) (Honkai: Star Rail),Ethereal Dance,https://danbooru.donmai.us/wiki_pages/sparxie_(honkai%3A_star_rail),https://danbooru.donmai.us/wiki_pages/Sparxie_(Ethereal_Dance)_(Honkai%3A_Star_Rail),found,2026-06-14T01:20:23.196-04:00,"An [[official alternate costume]] of [[Honkai: Star Rail]]'s [[Sparxie (Honkai: Star Rail)|]], exclusive to the 4.0 Nameless Honor set.

She has a [[black hat]] with a [[rabbit hat ornament]], [[fake horns|fake]] [[red horns|red]]-[[black horns|black]] [[oni horns]], [[black gloves|black]] [[fingerless gloves]], [[black jacket]], a [[crop top|cropped]] [[red tank top|red]] [[plaid shirt|plaid]] [[tank top]], [[red skirt|red]] [[plaid skirt]], and [[black boots]].

Her [[official alternate hairstyle]] in this outfit are [[multiple braids]].",https://danbooru.donmai.us/media_assets/48747210,,,,,,
sparxie_(honkai:_star_rail),2026-09-08T14:42:03.144-04:00,candidate,post,10821305,Sparxie (Dean) (Honkai: Star Rail),Dean,https://danbooru.donmai.us/wiki_pages/sparxie_(honkai%3A_star_rail),https://danbooru.donmai.us/wiki_pages/Sparxie_(Dean)_(Honkai%3A_Star_Rail),found,2026-03-04T19:23:46.368-05:00,"An [[official alternate costume]] of [[Sparxie (Honkai: Star Rail)|]] from [[Honkai: Star Rail]], seen in the 4.0 Trailblaze Mission.  She is dressed as a [[teacher]], pretending to be the dean of Graphia Academy.

She wears a [[black jacket|black]] [[blazer]], a [[white shirt]], and [[glasses]].",https://danbooru.donmai.us/posts/10821305,https://i.pximg.net/img-original/img/2026/02/20/20/48/38/141412344_p0.png,sparkle_(honkai:_star_rail) sparxie_(dean)_(honkai:_star_rail) sparxie_(honkai:_star_rail),honkai:_star_rail honkai_(series),1girl bespectacled black-framed_eyewear black_jacket black_skirt braid breasts classroom fingernails glasses hair_intakes hand_up index_finger_raised indoors jacket long_hair looking_at_viewer mark_under_both_eyes miniskirt multicolored_hair nail_polish official_alternate_costume parted_lips pink_nails red_eyes semi-rimless_eyewear side_slit skirt small_breasts smile solo streaked_hair thighs twintails twitter_username under-rim_eyewear white_hair,absurdres commentary highres,bef1e3ece3170ac0480a2959f842c4fb
sparxie_(honkai:_star_rail),2026-09-08T14:42:03.144-04:00,candidate,post,11796150,Sparxie (Candy-Coated Waves) (Honkai: Star Rail),Candy-Coated Waves,https://danbooru.donmai.us/wiki_pages/sparxie_(honkai%3A_star_rail),https://danbooru.donmai.us/wiki_pages/Sparxie_(Candy-Coated_Waves)_(Honkai%3A_Star_Rail),found,2026-09-13T22:13:23.998-04:00,"An [[official alternate costume]] of [[Honkai: Star Rail]]'s [[Sparxie (Honkai: Star Rail)|]], released in Version 4.4.

It is [[goth fashion|goth]]/[[jirai kei]]-themed and consists of an [[off shoulder]] [[long sleeves|long-sleeved]] [[black shirt]], [[black choker]], [[necklace]], [[red-tinted eyewear|red tint]] [[sunglasses]], [[black belt]] with a [[white ribbon]], [[red skirt|red]] [[plaid skirt|plaid]] [[pleated skirt]], [[thigh strap]] on her right leg, [[mismatched legwear]] (left is a [[single fishnet legwear|fishnet kneehigh]], right is a [[white socks|white sock]]), and [[black boo",https://danbooru.donmai.us/posts/11796150,https://static.wikia.nocookie.net/houkai-star-rail/images/a/aa/Character_Sparxie_Candy-Coated_Waves_Portrait.png?format=original,sparkle_(honkai:_star_rail) sparxie_(candy-coated_waves)_(honkai:_star_rail) sparxie_(honkai:_star_rail),honkai:_star_rail honkai_(series),1girl :d bare_shoulders black_boots black_choker black_shirt boots choker eyewear_on_head goth_fashion hair_intakes long_sleeves miniskirt off-shoulder_shirt off_shoulder official_alternate_costume open_mouth red_skirt shirt skirt smile solo stuffed_animal stuffed_toy sunglasses transparent_background twintails white_hair,official_art,d25769b47f34b515c301ec3dd51945c7
stelle_(honkai:_star_rail),2026-09-06T12:36:40.577-04:00,asset_no_post_tags,asset,38878285,,,https://danbooru.donmai.us/wiki_pages/stelle_(honkai%3A_star_rail),,,,,https://danbooru.donmai.us/media_assets/38878285,,,,,,
stelle_(honkai:_star_rail),2026-09-06T12:36:40.577-04:00,candidate,post,7690401,,Splash art,https://danbooru.donmai.us/wiki_pages/stelle_(honkai%3A_star_rail),,,,,https://danbooru.donmai.us/posts/7690401,assets/asbres/spriteoutput/avatardrawcard/8002,stelle_(honkai:_star_rail) trailblazer_(honkai:_star_rail),honkai:_star_rail honkai_(series),1girl ankle_boots astral_express_(honkai:_star_rail) black_boots black_gloves black_jacket black_skirt boots coat flying_train front_slit full_body gloves grey_hair high_heel_boots high_heels jacket locomotive medium_hair miniskirt open_clothes open_jacket pocket_watch shirt skirt solo steam_locomotive thigh_strap train transparent_background two-sided_fabric two-sided_jacket watch white_shirt yellow_eyes yellow_jacket,game_asset highres non-web_source official_art,118512c51c995c73ad5f1fa5a104963e
stelle_(honkai:_star_rail),2026-09-06T12:36:40.577-04:00,candidate,post,10743873,Stelle (Vim And Vigor) (Honkai: Star Rail),Vim And Vigor,https://danbooru.donmai.us/wiki_pages/stelle_(honkai%3A_star_rail),https://danbooru.donmai.us/wiki_pages/Stelle_(Vim_And_Vigor)_(Honkai%3A_Star_Rail),found,2026-02-07T16:41:52.624-05:00,"An [[official alternate costume]] for [[Stelle (Honkai: Star Rail)|]] from [[Honkai: Star Rail]], available in version 4.0.

Very similar to her default outfit, but with red details instead of yellow, and a [[chinese clothes|Chinese-style]] [[white shirt]].",https://danbooru.donmai.us/posts/10743873,https://i.pximg.net/img-original/img/2026/02/07/00/32/03/140857372_p0.png,stelle_(honkai:_star_rail) stelle_(vim_and_vigor)_(honkai:_star_rail) trailblazer_(honkai:_star_rail),honkai:_star_rail honkai_(series),1girl black_gloves black_jacket black_skirt chinese_clothes closed_mouth cowboy_shot gloves grey_hair hair_between_eyes hand_up jacket long_hair looking_at_viewer official_alternate_costume shirt simple_background skirt smile solo thigh_strap v white_background white_shirt yellow_eyes,bad_id bad_pixiv_id commentary_request highres,b877f94d9ab82e038c9259e2e5464754
stelle_(honkai:_star_rail),2026-09-06T12:36:40.577-04:00,candidate,post,10794199,Graphia Academy School Uniform,[[Graphia Academy School Uniform]],https://danbooru.donmai.us/wiki_pages/stelle_(honkai%3A_star_rail),https://danbooru.donmai.us/wiki_pages/Graphia_Academy_School_Uniform,found,2026-06-01T04:26:52.540-04:00,"Graphia Academy uniform, a [[school uniform]] from [[Honkai: Star Rail]] worn at the Graphia Academy on Planarcadia.

For girls, it consists of a [[double-breasted]] [[white jacket|white]] [[blazer]] with a black [[contrast collar]], a [[blue bowtie]], and a [[pleated skirt]],

For boys, it consists of a [[black jacket|black]] [[blazer]] with [[white trim]] and [[black pants]].",https://danbooru.donmai.us/posts/10794199,https://x.com/MANGKKYUNG/status/2022961992789786935,stelle_(honkai:_star_rail) trailblazer_(honkai:_star_rail),honkai:_star_rail honkai_(series),1girl alternate_costume arm_behind_back black_skirt blazer blue_bow blue_bowtie bow bowtie collared_shirt cowboy_shot finger_to_mouth graphia_academy_school_uniform grey_hair index_finger_raised jacket leaning_forward long_hair long_sleeves pleated_skirt school_uniform shirt shushing skirt smile solo twitter_username white_jacket white_shirt yellow_eyes,commentary highres,c2a44648bc68730c6f2f99cd0837c09a
stelle_(honkai:_star_rail),2026-09-06T12:36:40.577-04:00,candidate,post,8477622,Stelle (World Tour 2023) (Honkai: Star Rail),World Tour 2023,https://danbooru.donmai.us/wiki_pages/stelle_(honkai%3A_star_rail),https://danbooru.donmai.us/wiki_pages/Stelle_(World_Tour_2023)_(Honkai%3A_Star_Rail),found,2025-12-15T06:48:11.026-05:00,"A [[official alternate costume|costume]] for [[Stelle_(Honkai: Star Rail)|]] from [[Honkai: Star Rail]], based on the promotional illustration for the Honkai: Star Rail World Tour 2023 series of conventions.",https://danbooru.donmai.us/posts/8477622,https://i.pximg.net/img-original/img/2023/10/30/15/53/34/110458354_p0.png,stelle_(honkai:_star_rail) stelle_(world_tour_2023)_(honkai:_star_rail) trailblazer_(honkai:_star_rail),honkai:_star_rail honkai_(series),1girl armpit_crease bag black_jacket blush_stickers breasts brown_bag chibi chibi_inset closed_mouth cup dress eyewear_on_head grey_hair hair_between_eyes holding holding_cup jacket looking_at_viewer medium_breasts medium_hair multiple_views purple_liquid shoulder_bag simple_background smile smirk smoke sunglasses thigh_strap turtleneck turtleneck_dress v vomiting_rainbows white_background white_dress yellow_eyes,commentary_request highres,68427536467d182fe1d8464d9200f8de
stelle_(honkai:_star_rail),2026-09-06T12:36:40.577-04:00,candidate,post,7071804,Stelle (Chinese New Year 2024) (Honkai: Star Rail),Chinese New Year 2024,https://danbooru.donmai.us/wiki_pages/stelle_(honkai%3A_star_rail),https://danbooru.donmai.us/wiki_pages/Stelle_(Chinese_New_Year_2024)_(Honkai%3A_Star_Rail),found,2025-12-15T06:59:09.435-05:00,[[Official alternate costume]] for [[Stelle (honkai: star rail)|]] of [[Honkai: Star Rail]] for Chinese new year 2024.,https://danbooru.donmai.us/posts/7071804,https://t.bilibili.com/884118231940333587,caelus_(chinese_new_year_2024)_(honkai:_star_rail) caelus_(honkai:_star_rail) pom-pom_(honkai:_star_rail) stelle_(chinese_new_year_2024)_(honkai:_star_rail) stelle_(honkai:_star_rail) trailblazer_(honkai:_star_rail),honkai:_star_rail honkai_(series),1boy 1girl 1other 2024 alternate_costume asymmetrical_clothes black_boots black_gloves black_pants blue_eyes boots chinese_clothes chinese_new_year chinese_zodiac dual_persona full_body gloves grey_hair hair_between_eyes happy hoyofair looking_at_viewer medium_hair open_hand open_mouth pants shirt short_hair standing standing_on_one_leg thigh_strap white_shirt white_sleeves year_of_the_dragon yellow_eyes,chinese_commentary commentary_request highres official_art translation_request,b9266e1c3660aadca91fa830791a00f7
stelle_(honkai:_star_rail),2026-09-06T12:36:40.577-04:00,candidate,post,7088714,Stelle (Galactic Grand Prix) (Honkai: Star Rail),Galactic Grand Prix,https://danbooru.donmai.us/wiki_pages/stelle_(honkai%3A_star_rail),https://danbooru.donmai.us/wiki_pages/Stelle_(Galactic_Grand_Prix)_(Honkai%3A_Star_Rail),found,2025-12-15T06:40:49.811-05:00,"An [[official alternate costume]] for [[Stelle_(Honkai:_Star_Rail)|]] from [[Honkai: Star Rail]], originating from an official illustration for HoyoFair 2024.",https://danbooru.donmai.us/posts/7088714,https://i.pximg.net/img-original/img/2024/01/13/06/09/58/115120974_p3.png,stelle_(galactic_grand_prix)_(honkai:_star_rail) stelle_(honkai:_star_rail) trailblazer_(honkai:_star_rail),honkai:_star_rail honkai_(series),1girl black_gloves black_pants breasts cowboy_shot crop_top expressionless gloves grey_hair hair_between_eyes hand_up holding jacket leggings long_hair long_sleeves looking_at_viewer medium_breasts medium_hair midriff navel off_shoulder official_alternate_costume open_clothes open_jacket pants parted_lips racing_suit red_jacket shirt short_sleeves simple_background solo standing stomach thighs white_background yellow_eyes,commentary highres,09fbe08f38ceca2e5059e3be0420d328
stelle_(honkai:_star_rail),2026-09-06T12:36:40.577-04:00,candidate,post,10001337,Stelle (2nd Anniversary) (Honkai: Star Rail),2nd Anniversary,https://danbooru.donmai.us/wiki_pages/stelle_(honkai%3A_star_rail),https://danbooru.donmai.us/wiki_pages/Stelle_(2nd_Anniversary)_(Honkai%3A_Star_Rail),found,2025-12-15T07:08:46.495-05:00,An [[official alternate costume]] of [[Honkai: Star Rail]]'s [[Stelle_(honkai:_star_rail)|]] from a piece of promotional art for the game's second anniversary.,https://danbooru.donmai.us/posts/10001337,https://i.pximg.net/img-original/img/2025/09/22/00/50/25/135387049_p10.jpg,caelus_(2nd_anniversary)_(honkai:_star_rail) caelus_(honkai:_star_rail) stelle_(2nd_anniversary)_(honkai:_star_rail) stelle_(honkai:_star_rail) trailblazer_(honkai:_star_rail),honkai:_star_rail honkai_(series),1boy 1girl :o ;o baseball_bat baseball_cap black_jacket black_pants breasts crop_top dual_persona feet_out_of_frame hat headphones headphones_around_neck holding holding_baseball_bat jacket jewelry medium_hair midriff navel necklace official_alternate_costume one_eye_closed pants shirt short_hair small_breasts star_(symbol) star_symbol_background white_background white_shirt yellow_background,commentary_request highres,871db9a206af72690334e729672000f4
stelle_(honkai:_star_rail),2026-09-06T12:36:40.577-04:00,candidate,post,10225594,Stelle (Chimerric Park) (Honkai: Star Rail),Chimerric Park,https://danbooru.donmai.us/wiki_pages/stelle_(honkai%3A_star_rail),https://danbooru.donmai.us/wiki_pages/Stelle_(Chimerric_Park)_(Honkai%3A_Star_Rail),found,2025-11-27T12:21:54.752-05:00,"A costume of [[Stelle (Honkai: Star Rail)|]] from [[Honkai: Star Rail]] from the promotional art for the [[HoyoFair]] 2025 ""Chimerric Park"" video.

Portrayed in a white [[collared shirt]] with a [[yellow necktie]] and a [[black vest]] .",https://danbooru.donmai.us/posts/10225594,https://twitter.com/rne_at/status/1982076946642337822,stelle_(chimerric_park)_(honkai:_star_rail) stelle_(honkai:_star_rail) trailblazer_(honkai:_star_rail),honkai:_star_rail honkai_(series),1girl belt black-framed_eyewear black_skirt black_vest blonde_hair brown_belt charm_(object) collared_shirt colored_inner_hair cowboy_shot double_inward_v eyewear_on_head fingernails grey_hair hair_between_eyes hair_bun hands_up long_hair looking_at_viewer multicolored_hair necktie official_alternate_costume official_alternate_hairstyle open_clothes open_mouth open_vest shirt short_sleeves sidelocks simple_background skirt smile solo sparkle standing sunglasses teeth tinted_eyewear v vest white_background white_shirt wristband yellow-tinted_eyewear yellow_eyes yellow_necktie,commentary_request,280e575c0d7d8d3703f96a8d3445b3ea
stelle_(honkai:_star_rail),2026-09-06T12:36:40.577-04:00,asset_no_post_tags,asset,37715788,Stelle (Chimerric Park Countdown) (Honkai: Star Rail),Chimerric Park Countdown,https://danbooru.donmai.us/wiki_pages/stelle_(honkai%3A_star_rail),https://danbooru.donmai.us/wiki_pages/Stelle_(Chimerric_Park_Countdown)_(Honkai%3A_Star_Rail),found,2025-11-24T21:25:51.910-05:00,"A costume of [[Stelle (Honkai: Star Rail)|]] from [[Honkai: Star Rail]] from the countdown art for the [[HoyoFair]] 2025 ""Chimerric Park"".

Portrayed in a black and grey outfit with a [[hakama skirt]].",https://danbooru.donmai.us/media_assets/37715788,,,,,,
stelle_(honkai:_star_rail),2026-09-06T12:36:40.577-04:00,asset_no_post_tags,asset,48628027,Stelle (Little Cat) (Honkai: Star Rail),Little Cat,https://danbooru.donmai.us/wiki_pages/stelle_(honkai%3A_star_rail),https://danbooru.donmai.us/wiki_pages/Stelle_(Little_Cat)_(Honkai%3A_Star_Rail),found,2026-06-05T21:03:39.897-04:00,"An [[aged down]] [[official alternate costume]] of [[Honkai: Star Rail|Honkai: Star Rail's]] [[Stelle (Honkai: Star Rail)|]], taken from the ""Little Cat Series"" of merchandise

To distinguish from generic child versions, look for a cat drawn on the [[white shirt]] and a cat [[sticker]] and [[bandaid on leg|bandaid]] on her leg.",https://danbooru.donmai.us/media_assets/48628027,,,,,,
sushang_(honkai:_star_rail),2026-09-06T11:34:54.259-04:00,candidate,post,7690451,,Splash art,https://danbooru.donmai.us/wiki_pages/sushang_(honkai%3A_star_rail),,,,,https://danbooru.donmai.us/posts/7690451,assets/asbres/spriteoutput/avatardrawcard/1206,sushang_(honkai:_star_rail),honkai:_star_rail honkai_(series),1girl ankle_boots asymmetrical_footwear bird black_boots blue_sky boots breasts brown_hair cleavage cloud full_body hair_intakes high_heel_boots high_heels long_hair long_sleeves medium_breasts open_mouth sitting sky solo transparent_background yellow_eyes yellow_leaves,game_asset highres non-web_source official_art,b1367f569a188cb44f60c6e1fcf3add4
the_dahlia_(honkai:_star_rail),2026-09-18T18:47:25.788-04:00,candidate,post,10224905,,Default,https://danbooru.donmai.us/wiki_pages/the_dahlia_(honkai%3A_star_rail),,,,,https://danbooru.donmai.us/posts/10224905,https://homdgcat.wiki/images/avatardrawcard/1321.png,the_dahlia_(honkai:_star_rail),honkai:_star_rail honkai_(series),1girl ankle_flower asymmetrical_gloves bird black_flower black_gloves black_hair black_horns blue_fire breasts colored_inner_hair crow demon_girl demon_horns demon_tail dress fire flower full_body gloves hair_between_eyes hat hat_flower high_heels holding holding_flower horns long_hair mismatched_gloves multicolored_hair purple_eyes shoes smile solo standing standing_on_one_leg sun_hat tail transparent_background two-tone_hair very_long_hair white_dress white_gloves white_hat white_shoes,highres official_art third-party_source,cc41fbeaa25f34a1aeff52748578621b
the_dahlia_(honkai:_star_rail),2026-09-18T18:47:25.788-04:00,asset_no_post_tags,asset,40398959,The Dahlia (Recollection) (Honkai: Star Rail),Recollection,https://danbooru.donmai.us/wiki_pages/the_dahlia_(honkai%3A_star_rail),https://danbooru.donmai.us/wiki_pages/The_Dahlia_(Recollection)_(Honkai%3A_Star_Rail),found,2025-12-30T08:00:40.531-05:00,"An [[official alternate costume|official costume]] of [[Honkai: Star Rail]]'s [[The Dahlia (honkai: star rail)|]], exclusive to the 3.8 Nameless Honor set.

She is portrayed with a [[feather boa]] paired to a [[strapless dress|strapless]] [[black dress]], [[pearl necklace]]s, [[black hat|black]] [[mini hat]] to her left, [[black gloves|black]] [[elbow gloves]], and [[pearl earrings]].",https://danbooru.donmai.us/media_assets/40398959,,,,,,
the_herta_(honkai:_star_rail),2026-09-04T18:32:32.866-04:00,candidate,post,8704047,The Herta (Honkai: Star Rail),Default,https://danbooru.donmai.us/wiki_pages/the_herta_(honkai%3A_star_rail),https://danbooru.donmai.us/wiki_pages/The_Herta_(Honkai%3A_Star_Rail),found,2026-09-04T18:32:32.866-04:00,"The five-star rarity and the real human form of [[Honkai: Star Rail]]'s [[Herta (honkai: star rail)|]]. Referred to as [b]Madam Herta[/b] in the JP version. Like her puppet version, she is voiced by [[Yamazaki Haruka|]] (JP) and PJ Mattson (EN).

She has [[very long hair|very long]] [[grey hair|grey]] to ash [[brown hair]] and is [[flat chest|flat]]/[[small breasts|small chested]]. Her outfit consists of a [[black_hat|black]] [[witch hat]] with a purple inner brim, black [[detached collar]] with a [[white ascot]], [[strapless dress|strapless]] [[black dress]] with [[long sleeves|long]] [[detac",https://danbooru.donmai.us/posts/8704047,assets/asbres/spriteoutput/avatardrawcard/1401,herta_(honkai:_star_rail) the_herta_(honkai:_star_rail),honkai:_star_rail honkai_(series),1girl bare_shoulders black_boots black_dress black_sleeves boots brown_hair detached_sleeves dress flower from_behind full_body gears hat high_heel_boots high_heels holding holding_staff index_finger_raised keyhole knee_boots long_hair looking_at_viewer picture_frame purple_eyes purple_flower solo staff transparent_background very_long_hair witch_hat,game_asset highres non-web_source official_art,3eceaccac7ca97e113f3bf548f3920db
the_herta_(honkai:_star_rail),2026-09-04T18:32:32.866-04:00,candidate,post,10058851,The Herta (Tea Break) (Honkai: Star Rail),Tea Break,https://danbooru.donmai.us/wiki_pages/the_herta_(honkai%3A_star_rail),https://danbooru.donmai.us/wiki_pages/The_Herta_(Tea_Break)_(Honkai%3A_Star_Rail),found,2025-10-03T11:41:56.019-04:00,"An [[official alternate costume]] of [[Honkai: Star Rail]]'s [[The Herta (honkai: star rail)|]], exclusive to the 3.0 Nameless Honor set.

Portrayed with a [[black dress]] and a [[bonnet]].",https://danbooru.donmai.us/posts/10058851,https://houkai-star-rail.fandom.com/wiki/File:Profile_Picture_The_Herta_-_Tea_Break.png,herta_(honkai:_star_rail) the_herta_(honkai:_star_rail) the_herta_(tea_break)_(honkai:_star_rail),honkai:_star_rail honkai_(series),1girl black_bonnet black_dress black_ribbon bonnet border brown_hair cup dress flower hair_flower hair_ornament holding holding_cup looking_at_viewer official_alternate_costume profile_picture purple_eyes purple_flower purple_ribbon ribbon round_border solo teacup transparent_background,lowres official_art,dd87022fd79922103a5ce19660ee29aa
the_herta_(honkai:_star_rail),2026-09-04T18:32:32.866-04:00,candidate,post,9062824,The Herta (Star Rail Live 2025) (Honkai: Star Rail),Star Rail Live 2025,https://danbooru.donmai.us/wiki_pages/the_herta_(honkai%3A_star_rail),https://danbooru.donmai.us/wiki_pages/The_Herta_(Star_Rail_Live_2025)_(Honkai%3A_Star_Rail),found,2025-09-16T10:36:15.986-04:00,An [[official alternate costume]] for [[The Herta (Honkai: Star Rail)|]] from [[Honkai: Star Rail]] (2025 Star Rail Live concert),https://danbooru.donmai.us/posts/9062824,https://x.com/honkaistarrail/status/1905603765518172236?s=46,herta_(honkai:_star_rail) the_herta_(honkai:_star_rail) the_herta_(star_rail_live_2025)_(honkai:_star_rail),honkai:_star_rail honkai_(series),1girl black_bridal_gauntlets black_shoes bridal_gauntlets brown_hair brown_pantyhose closed_mouth crossed_legs detached_sleeves dress dress_flower floating_hair flower french_horn high_heels holding holding_instrument instrument long_hair long_sleeves looking_at_viewer official_alternate_costume pantyhose purple_dress purple_eyes purple_flower shoes sitting smile solo thigh_strap very_long_hair,absurdres highres official_art,e2d55bd654b71c9ad3aeb247248fd618
the_herta_(honkai:_star_rail),2026-09-04T18:32:32.866-04:00,asset_no_post_tags,asset,32975370,The Herta (The Herta's Magic Kitchen) (Honkai: Star Rail),The Herta's Magic Kitchen,https://danbooru.donmai.us/wiki_pages/the_herta_(honkai%3A_star_rail),https://danbooru.donmai.us/wiki_pages/The_Herta_(The_Herta's_Magic_Kitchen)_(Honkai%3A_Star_Rail),found,2025-09-30T14:51:50.702-04:00,"An outfit worn by [[The Herta (Honkai: Star Rail)|]] in the animated short, ""T H E H E R T A'S M A G I C K I T C H E N"":[https://www.youtube.com/watch?v=P-kgat5C1JY].

It consists of a long white [[nightgown]] worn with a [[white bowtie]].

h4.Appearance
* !asset #32975357
* !asset #32975370",https://danbooru.donmai.us/media_assets/32975370,,,,,,
the_herta_(honkai:_star_rail),2026-09-04T18:32:32.866-04:00,asset_no_post_tags,asset,48826626,The Herta (Little Cat) (Honkai: Star Rail),Little Cat,https://danbooru.donmai.us/wiki_pages/the_herta_(honkai%3A_star_rail),https://danbooru.donmai.us/wiki_pages/The_Herta_(Little_Cat)_(Honkai%3A_Star_Rail),found,2026-06-19T09:19:40.206-04:00,"An [[aged down]] [[official alternate costume]] of [[Honkai: Star Rail|Honkai: Star Rail's]] [[The Herta (Honkai: Star Rail)|]], taken from the ""Little Cat Series"" of merchandise.",https://danbooru.donmai.us/media_assets/48826626,,,,,,
tingyun_(harmony)_(honkai:_star_rail),2025-03-01T18:11:23.533-05:00,candidate,post,7690421,,Splash art,https://danbooru.donmai.us/wiki_pages/tingyun_(harmony)_(honkai%3A_star_rail),,,,,https://danbooru.donmai.us/posts/7690421,assets/asbres/spriteoutput/avatardrawcard/1202,tingyun_(harmony)_(honkai:_star_rail) tingyun_(honkai:_star_rail),honkai:_star_rail honkai_(series),1girl armpits black_hair brown_dress changmingsuo chinese_clothes dress fox_girl fox_tail full_body greek_toe looking_at_viewer lying on_back short_dress sleeveless sleeveless_dress solo tail toenails toes transparent_background,game_asset highres non-web_source official_art,0edeb18f7e28afe8724a9ca43690fb28
tingyun_(harmony)_(honkai:_star_rail),2025-03-01T18:11:23.533-05:00,candidate,post,8768032,,"""Carve the Moon, Weave the Clouds"" light cone",https://danbooru.donmai.us/wiki_pages/tingyun_(harmony)_(honkai%3A_star_rail),,,,,https://danbooru.donmai.us/posts/8768032,"https://static.wikia.nocookie.net/houkai-star-rail/images/0/05/Light_Cone_Carve_the_Moon,_Weave_the_Clouds_Artwork.png?format=original",tingyun_(harmony)_(honkai:_star_rail) tingyun_(honkai:_star_rail),honkai:_star_rail honkai_(series),1girl animal_ear_fluff animal_ears blurry bokeh border bracelet brown_hair chinese_clothes collarbone depth_of_field diamond-shaped_pupils diamond_(shape) eyeshadow fox_ears green_eyes hair_between_eyes hand_up jewelry looking_at_viewer makeup medium_hair open_mouth ponytail red_eyeshadow smile solo symbol-shaped_pupils upper_body white_border,game_asset highres official_art third-party_source,6b15b227749eaa4f08c0e0fa4ca551e3
tingyun_(honkai:_star_rail),2026-09-06T11:37:20.986-04:00,candidate,post,7690421,Tingyun (Harmony) (Honkai: Star Rail),Harmony,https://danbooru.donmai.us/wiki_pages/tingyun_(honkai%3A_star_rail),https://danbooru.donmai.us/wiki_pages/Tingyun_(Harmony)_(Honkai%3A_Star_Rail),found,2025-03-01T18:11:23.533-05:00,"The default outfit and playable version of [[Honkai: Star Rail]]'s [[Tingyun (honkai: star rail)|]] when you first encounter her in-game.

Her default outfit consists of a [[brown dress|brown]]-[[black dress]], [[detached sleeves]], [[white shirt|white]] undershirt, short white [[pelvic curtain]], [[red sash]], [[white socks|white]] [[kneehighs]], [[sandals]], and a [[jade bracelet]] on her left wrist.",https://danbooru.donmai.us/posts/7690421,assets/asbres/spriteoutput/avatardrawcard/1202,tingyun_(harmony)_(honkai:_star_rail) tingyun_(honkai:_star_rail),honkai:_star_rail honkai_(series),1girl armpits black_hair brown_dress changmingsuo chinese_clothes dress fox_girl fox_tail full_body greek_toe looking_at_viewer lying on_back short_dress sleeveless sleeveless_dress solo tail toenails toes transparent_background,game_asset highres non-web_source official_art,0edeb18f7e28afe8724a9ca43690fb28
tingyun_(honkai:_star_rail),2026-09-06T11:37:20.986-04:00,candidate,post,8651422,Fugue (honkai: star rail),[[Fugue (honkai: star rail)|]],https://danbooru.donmai.us/wiki_pages/tingyun_(honkai%3A_star_rail),https://danbooru.donmai.us/wiki_pages/Fugue_(honkai%3A_star_rail),found,2026-09-06T11:38:22.662-04:00,"The five-star rarity version of [[Honkai: Star Rail]]'s [[Tingyun (honkai: star rail)|]]. Not to be confused with her original [[Tingyun (Harmony) (Honkai: Star Rail)|Harmony]] version.

She still has the same [[fox girl|Foxian]] attributes ([[fox ears]] and [[fox tail|tail]]) plus [[green eyes]], but now has [[multiple tails]] instead of one. Her new outfit consists of a [[floral print]] [[black dress]] with [[shoulder cutout]]s, [[yellow sash|golden sash]], and [[high heels]].",https://danbooru.donmai.us/posts/8651422,assets/asbres/spriteoutput/avatardrawcard/1225,fugue_(honkai:_star_rail) tingyun_(harmony)_(honkai:_star_rail) tingyun_(honkai:_star_rail),honkai:_star_rail honkai_(series),1girl animal_ears bare_legs bare_shoulders black_shoes breasts brown_hair chinese_clothes flower fox_ears fox_girl full_body green_eyes high_heels long_hair lotus medium_breasts nail_polish pink_flower pumps red_nails reflection shoes transparent_background,game_asset highres non-web_source official_art,c7c50f6e07b990eb5a57064253ef21c9
tingyun_(honkai:_star_rail),2026-09-06T11:37:20.986-04:00,asset_no_post_tags,asset,48747038,Fugue (Jiaduobao) (honkai: star rail),Jiaduobao,https://danbooru.donmai.us/wiki_pages/tingyun_(honkai%3A_star_rail),https://danbooru.donmai.us/wiki_pages/Fugue_(Jiaduobao)_(honkai%3A_star_rail),found,2026-09-06T12:26:34.645-04:00,[[Fugue (Honkai: Star Rail)|]] as she is portrayed in the collaboration with Chinese drink brand Jiaduobao.,https://danbooru.donmai.us/media_assets/48747038,,,,,,
topaz_(honkai:_star_rail),2026-09-04T18:44:39.718-04:00,candidate,post,7690037,,Splash art,https://danbooru.donmai.us/wiki_pages/topaz_(honkai%3A_star_rail),,,,,https://danbooru.donmai.us/posts/7690037,assets/asbres/spriteoutput/avatardrawcard/1112,numby_(honkai:_star_rail) topaz_(honkai:_star_rail) trotter_(honkai:_star_rail),honkai:_star_rail honkai_(series),1girl asymmetrical_footwear black_boots black_gloves boots breasts buttons coin colored_inner_hair full_body gloves hair_ornament hairclip medium_breasts medium_hair multicolored_hair streaked_hair thigh_strap thighs transparent_background white_hair,game_asset highres non-web_source official_art,9929cafaec98153944637df88a3326fa
topaz_(honkai:_star_rail),2026-09-04T18:44:39.718-04:00,asset_no_post_tags,asset,25872524,Topaz (Bullseye) (Honkai: Star Rail),Bullseye,https://danbooru.donmai.us/wiki_pages/topaz_(honkai%3A_star_rail),https://danbooru.donmai.us/wiki_pages/Topaz_(Bullseye)_(Honkai%3A_Star_Rail),found,2026-06-14T01:27:54.927-04:00,"An outfit worn by [[Topaz (Honkai: Star Rail)|]] in the Nameless Honor exclusive Profile Picture, ""Topaz: Bullseye"":[https://honkai-star-rail.fandom.com/wiki/Boothill:_Ambush_(Profile_Picture)].",https://danbooru.donmai.us/media_assets/25872524,,,,,,
topaz_(honkai:_star_rail),2026-09-04T18:44:39.718-04:00,candidate,post,7861771,Topaz (Stoneheart's Oath Ring) (Honkai: Star Rail),Stoneheart's Oath Ring,https://danbooru.donmai.us/wiki_pages/topaz_(honkai%3A_star_rail),https://danbooru.donmai.us/wiki_pages/Topaz_(Stoneheart's_Oath_Ring)_(Honkai%3A_Star_Rail),found,2024-08-20T04:22:59.966-04:00,"[[Topaz (Honkai: Star Rail)|]] from [[Honkai: Star Rail]] as seen in the ""Myriad Celestia Trailer: Stoneheart's Oath Ring: Both Ends of the Scale"":[https://youtu.be/C5YQEsZ-yWU].",https://danbooru.donmai.us/posts/7861771,https://arca.live/b/hkstarrail/111304385,topaz_(honkai:_star_rail) topaz_(stoneheart's_oath_ring)_(honkai:_star_rail),honkai:_star_rail honkai_(series),1girl black_gloves black_hat black_jacket black_vest blue_eyes gem gloves hair_between_eyes hat holding holding_gem jacket multicolored_hair shirt short_hair two-tone_hair upper_body vest white_background white_shirt,commentary_request korean_commentary,585ab7b009cc6835cad03c90ca587ca9
topaz_(honkai:_star_rail),2026-09-04T18:44:39.718-04:00,asset_no_post_tags,asset,48751528,Topaz (Little Cat) (Honkai: Star Rail),Little Cat,https://danbooru.donmai.us/wiki_pages/topaz_(honkai%3A_star_rail),https://danbooru.donmai.us/wiki_pages/Topaz_(Little_Cat)_(Honkai%3A_Star_Rail),found,2026-06-14T08:29:27.903-04:00,"An [[aged down]] [[official alternate costume]] of [[Honkai: Star Rail|Honkai: Star Rail's]] [[Topaz (Honkai: Star Rail)|]], taken from the ""Little Cat Series"" of merchandise.

Extremely similar visually to her default outfit, but with separate [[black shorts]] and a [[sleeveless jacket|sleeveless]] [[black jacket]] instead of a unitard.  To distinguish, also look for a [[red neckerchief]] and a cat [[lapel pin]].",https://danbooru.donmai.us/media_assets/48751528,,,,,,
tribbie_(honkai:_star_rail),2026-09-04T18:03:26.909-04:00,asset_no_post_tags,asset,40284640,,,https://danbooru.donmai.us/wiki_pages/tribbie_(honkai%3A_star_rail),,,,,https://danbooru.donmai.us/media_assets/40284640,,,,,,
tribbie_(honkai:_star_rail),2026-09-04T18:03:26.909-04:00,candidate,post,8911715,Trianne (Honkai: Star Rail),"Tribbie, [[Trianne (Honkai: Star Rail)|]], and [[Trinnon (Honkai: Star Rail)|]]",https://danbooru.donmai.us/wiki_pages/tribbie_(honkai%3A_star_rail),https://danbooru.donmai.us/wiki_pages/Trianne_(Honkai%3A_Star_Rail),found,2026-09-04T17:53:11.345-04:00,"A [[Honkai: Star Rail]] non-playable character. One of the triplets of [[Tribios (honkai: star rail)|]] and a member of the [[Chrysos Heirs (honkai: star rail)|]]. voiced by [[Toono Hikaru]] in Japanese and [[Hayden Daviau]] (EN).

She is one of a trio of characters, consisting of [[Tribbie (Honkai: Star Rail)|]], Trianne, and [[Trinnon (honkai: star rail)|]], all having [[red hair]], [[blue eyes]], and [[cross-shaped pupils]]. Their shared default outfit consists of [[white flower|white]] [[hair flower]]s, [[white dress]], [[black gloves]], golden [[angel wings]], and [[mismatched footwear|di",https://danbooru.donmai.us/posts/8911715,assets/asbres/spriteoutput/avatardrawcard/1403,trianne_(honkai:_star_rail) tribbie_(honkai:_star_rail) trinnon_(honkai:_star_rail),honkai:_star_rail honkai_(series),3girls asymmetrical_legwear bird black_boots blue_eyes boots box dress full_body gift gift_box gradient_eyes holding holding_letter letter mismatched_legwear moon multicolored_eyes multiple_girls open_mouth purple_eyes red_hair smile star_(symbol) star_balloon transparent_background two-tone_dress white_boots white_dress,game_asset highres non-web_source official_art,a49393503b83228dbb1d3cb7344be853
tribbie_(honkai:_star_rail),2026-09-04T18:03:26.909-04:00,candidate,post,9175510,Tribbie (mom's touch) (honkai: star rail),Mom's Touch,https://danbooru.donmai.us/wiki_pages/tribbie_(honkai%3A_star_rail),https://danbooru.donmai.us/wiki_pages/Tribbie_(mom's_touch)_(honkai%3A_star_rail),found,2025-05-16T21:30:07.101-04:00,"An [[official alternate costume]] of [[Honkai: Star Rail]]'s [[tribbie_(honkai:_star_rail)|Tribbie]] for a collaboration with [[Mom's Touch]].

* !post #9175510: [[Official Art]]",https://danbooru.donmai.us/posts/9175510,https://twitter.com/honkaisr_kr/status/1913155551225430115,aglaea_(honkai:_star_rail) aglaea_(mom's_touch)_(honkai:_star_rail) trianne_(honkai:_star_rail) tribbie_(honkai:_star_rail) tribbie_(mom's_touch)_(honkai:_star_rail) trinnon_(honkai:_star_rail),honkai:_star_rail honkai_(series) mom's_touch,2girls bag black_shoes blue_eyes character_charm charm_(object) closed_mouth cross-shaped_pupils detached_sleeves dress full_body grin hat high_heels long_sleeves looking_at_viewer mary_janes multiple_girls official_alternate_costume pointy_ears red_hair shoes short_hair shoulder_bag smile socks standing standing_on_one_leg sun_hat symbol-shaped_pupils white_bag white_dress white_hat white_socks,commentary_request official_art,22136f34c2ef1174b953036a1f70afb9
tribbie_(honkai:_star_rail),2026-09-04T18:03:26.909-04:00,candidate,post,8954995,Tribbie (Delicacies) (Honkai: Star Rail),Delicacies,https://danbooru.donmai.us/wiki_pages/tribbie_(honkai%3A_star_rail),https://danbooru.donmai.us/wiki_pages/Tribbie_(Delicacies)_(Honkai%3A_Star_Rail),found,2025-06-26T21:35:20.488-04:00,"An [[official alternate costume|official costume]] of [[Honkai: Star Rail]]'s [[Tribbie (honkai: star rail)|]], exclusive to the 3.1 Nameless Honor set.

She is portrayed with a [[white hat]] with a [[white dress]], usually [[holding_whisk|holding a whisk]].",https://danbooru.donmai.us/posts/8954995,https://twitter.com/marumaru_wanwan/status/1896136552172200007,trianne_(honkai:_star_rail) tribbie_(delicacies)_(honkai:_star_rail) tribbie_(honkai:_star_rail) trinnon_(honkai:_star_rail),honkai:_star_rail honkai_(series),1girl beads beret blue_eyes bowl cake cream cross-shaped_pupils dress food gloves hair_beads hair_ornament hat heart heart-shaped_cake heart-shaped_food holding holding_bowl holding_whisk looking_at_viewer maid medium_hair mixing_bowl open_mouth red_hair short_hair shorts smile solo symbol-shaped_pupils whisk white_dress white_gloves white_hat white_shorts,commentary_request highres,a30225d4c2d984064424cbcc65398c5c
tribbie_(honkai:_star_rail),2026-09-04T18:03:26.909-04:00,candidate,post,9190735,,Holiday Thermae Escapade (center),https://danbooru.donmai.us/wiki_pages/tribbie_(honkai%3A_star_rail),,,,,https://danbooru.donmai.us/posts/9190735,https://act-upload.mihoyo.com/sr-wiki/2025/04/01/324957497/68f2daa0705238e6aaafd1497ab0f0f4_3555996821425741109.jpg,aglaea_(honkai:_star_rail) hyacine_(holiday_thermae_escapade)_(honkai:_star_rail) hyacine_(honkai:_star_rail) tribbie_(honkai:_star_rail),honkai:_star_rail honkai_(series),3girls alcohol ancient_greek_clothes angel_wings armlet barefoot bath blonde_hair blue_hair blue_ribbon blue_sash blue_sky bow bracelet breasts choker cup dress drill_hair flower food frilled_dress frills fruit gradient_hair grapes greco-roman_clothes green_eyes hair_between_eyes hair_bow hair_flower hair_ornament hair_scrunchie holding holding_cup holding_food holding_fruit indoors jewelry large_breasts laurel_crown long_hair multicolored_hair multiple_girls neck_ribbon one_side_up open_mouth partially_submerged petals petals_on_liquid pink_hair purple_eyes ribbon same-sex_bathing sash scrunchie see-through_clothes shared_bathing short_hair sky sleeveless sleeveless_dress smile towel towel_on_head white_bow white_dress white_flower wine wings wrist_scrunchie yellow_sash,absurdres bad_link bad_miyoushe_link game_asset highres official_art,68f2daa0705238e6aaafd1497ab0f0f4
tribbie_(honkai:_star_rail),2026-09-04T18:03:26.909-04:00,asset_no_post_tags,asset,40237251,Tribbie (Chimerric Park Epilogue) (Honkai: Star Rail),Chimerric Park Epilogue,https://danbooru.donmai.us/wiki_pages/tribbie_(honkai%3A_star_rail),https://danbooru.donmai.us/wiki_pages/Tribbie_(Chimerric_Park_Epilogue)_(Honkai%3A_Star_Rail),found,2025-12-27T14:47:47.279-05:00,"A costume of [[Tribbie (Honkai: Star Rail)|]] from [[Honkai: Star Rail]] from the epilogue illustration for the [[HoyoFair]] 2025 ""Chimerric Park"" video.

She wears [[white pajamas]] with [[fake animal ears|fake]] [[rabbit ears]] on an [[animal ear hairband]].",https://danbooru.donmai.us/media_assets/40237251,,,,,,
tribbie_(honkai:_star_rail),2026-09-04T18:03:26.909-04:00,asset_no_post_tags,asset,40184488,Tribbie (Candied Apple) (Honkai: Star Rail),Candied Apple,https://danbooru.donmai.us/wiki_pages/tribbie_(honkai%3A_star_rail),https://danbooru.donmai.us/wiki_pages/Tribbie_(Candied_Apple)_(Honkai%3A_Star_Rail),found,2025-12-26T16:58:14.436-05:00,The [[chimera (honkai: star rail)|]] form of [[Tribbie (Honkai: Star Rail)|]] in [[Honkai: Star Rail]].,https://danbooru.donmai.us/media_assets/40184488,,,,,,
tribios_(honkai:_star_rail),2026-09-04T18:02:58.327-04:00,asset_no_post_tags,asset,40284454,,,https://danbooru.donmai.us/wiki_pages/tribios_(honkai%3A_star_rail),,,,,https://danbooru.donmai.us/media_assets/40284454,,,,,,
tribios_(honkai:_star_rail),2026-09-04T18:02:58.327-04:00,candidate,post,10345985,Tribios (Teacher) (Honkai: Star Rail),Teacher,https://danbooru.donmai.us/wiki_pages/tribios_(honkai%3A_star_rail),https://danbooru.donmai.us/wiki_pages/Tribios_(Teacher)_(Honkai%3A_Star_Rail),found,2026-04-02T19:22:27.326-04:00,"An [[official alternate costume]] of [[Tribios (Honkai: Star Rail)|]] from [[Honkai: Star Rail]], taken from a piece of promotional art and animated video for the end of the Amphoreus story.

She is portrayed as a [[teacher]] wearing a [[brown sweater]] and a [[flower choker]].",https://danbooru.donmai.us/posts/10345985,https://i.pximg.net/img-original/img/2025/11/28/20/05/44/137990796_p0.jpg,tribios_(honkai:_star_rail) tribios_(teacher)_(honkai:_star_rail),honkai:_star_rail honkai_(series),1girl alternate_costume bare_shoulders brown_sweater closed_mouth collared_sweater cross-shaped_pupils flower_hairclip hair_between_eyes hair_ornament hand_up long_hair long_sleeves nail_polish off-shoulder_sweater off_shoulder pointy_ears red_hair red_nails smile solo sweater symbol-shaped_pupils upper_body very_long_hair,absurdres commentary_request highres,bb4772e33cb437aa75c996ffde229452
xueyi_(honkai:_star_rail),2026-09-06T09:51:02.640-04:00,candidate,post,7691312,,Splash art,https://danbooru.donmai.us/wiki_pages/xueyi_(honkai%3A_star_rail),,,,,https://danbooru.donmai.us/posts/7691312,assets/asbres/spriteoutput/avatardrawcard/1214,xueyi_(honkai:_star_rail),honkai:_star_rail honkai_(series),1girl ahoge arm_up black_hair black_shoes closed_mouth colored_inner_hair feathers full_body lying multicolored_hair on_back pantyhose red_eyes robot shirt shoes short_hair solo transparent_background white_pantyhose white_shirt,game_asset highres non-web_source official_art,2a1f8d898ceb0180b53f27f08f7885b4
xueyi_(honkai:_star_rail),2026-09-06T09:51:02.640-04:00,candidate,post,8768560,,Original form,https://danbooru.donmai.us/wiki_pages/xueyi_(honkai%3A_star_rail),,,,,https://danbooru.donmai.us/posts/8768560,https://static.wikia.nocookie.net/houkai-star-rail/images/2/24/Light_Cone_Under_the_Blue_Sky_Artwork.png?format=original,hanya_(honkai:_star_rail) xueyi_(honkai:_star_rail),honkai:_star_rail honkai_(series),2girls :d aged_down bead_bracelet bead_necklace beads black_dress blue_hair blue_sky border bracelet child daisy_(flower) day double-parted_bangs dress falling_petals flower flower_wreath grass grey_eyes head_wreath jewelry long_hair multiple_girls necklace open_mouth outdoors petals pink_eyes shirt short_hair siblings sisters sky sleeveless sleeveless_dress smile white_border white_flower white_hair white_shirt,game_asset highres official_art third-party_source,d4a42501230b325d28772affbcc16cad
yao_guang_(honkai:_star_rail),2026-09-06T09:55:22.019-04:00,candidate,post,10569360,,Default,https://danbooru.donmai.us/wiki_pages/yao_guang_(honkai%3A_star_rail),,,,,https://danbooru.donmai.us/posts/10569360,https://hsr20.hakush.in/char/1502,yao_guang_(honkai:_star_rail),honkai:_star_rail honkai_(series),1girl arm_up armlet armpits blue_dress bracelet breasts dress fire from_above full_body green_nails hair_between_eyes hair_ornament high_heels holding jewelry large_breasts long_hair looking_at_viewer multicolored_dress nail_polish open-toe_shoes parted_lips pyrokinesis smile solo transparent_background two-tone_dress white_dress white_hair,highres official_art third-party_source,fca3a9426916c703103ad24872ab8255
yao_guang_(honkai:_star_rail),2026-09-06T09:55:22.019-04:00,asset_no_post_tags,asset,48747083,Yao Guang (Ethereal Dance) (Honkai: Star Rail),Ethereal Dance,https://danbooru.donmai.us/wiki_pages/yao_guang_(honkai%3A_star_rail),https://danbooru.donmai.us/wiki_pages/Yao_Guang_(Ethereal_Dance)_(Honkai%3A_Star_Rail),found,2026-06-14T02:27:30.232-04:00,"An [[official alternate costume]] of [[Honkai: Star Rail]]'s [[Yao Guang (Honkai: Star Rail)|]], exclusive to the 4.0 Nameless Honor set.

It is a [[long sleeves|long-sleeved]] [[two-tone dress|two-tone]] [[blue dress|blue]] and [[white dress]] with a triangle-shaped [[center opening]]/[[cleavage cutout]] with a red [[single earring]] on her left ear and a [[hair ornament]].",https://danbooru.donmai.us/media_assets/48747083,,,,,,
yao_guang_(honkai:_star_rail),2026-09-06T09:55:22.019-04:00,asset_no_post_tags,asset,48747042,Yao Guang (Chapanda) (Honkai: Star Rail),Chapanda,https://danbooru.donmai.us/wiki_pages/yao_guang_(honkai%3A_star_rail),https://danbooru.donmai.us/wiki_pages/Yao_Guang_(Chapanda)_(Honkai%3A_Star_Rail),found,2026-04-15T09:55:02.716-04:00,"An [[official alternate costume]] of [[Honkai: Star Rail|Honkai: Star Rail's]]  [[Yao Guang (Honkai: Star Rail)|Yao Guang]], from a collaboration with Chapanda.",https://danbooru.donmai.us/media_assets/48747042,,,,,,
yao_guang_(honkai:_star_rail),2026-09-06T09:55:22.019-04:00,asset_no_post_tags,asset,49479331,Yao Guang (White Jade Green Dumpling) (Honkai: Star Rail),White Jade Green Dumpling,https://danbooru.donmai.us/wiki_pages/yao_guang_(honkai%3A_star_rail),https://danbooru.donmai.us/wiki_pages/Yao_Guang_(White_Jade_Green_Dumpling)_(Honkai%3A_Star_Rail),found,2026-08-03T14:06:51.234-04:00,The [[Cake Cat (honkai: star rail)|]] version of [[Yao Guang (Honkai: Star Rail)|]] from [[Honkai: Star Rail]].,https://danbooru.donmai.us/media_assets/49479331,,,,,,
yukong_(honkai:_star_rail),2026-09-06T12:28:50.637-04:00,candidate,post,7690458,,,https://danbooru.donmai.us/wiki_pages/yukong_(honkai%3A_star_rail),,,,,https://danbooru.donmai.us/posts/7690458,assets/asbres/spriteoutput/avatardrawcard/1207,tingyun_(honkai:_star_rail) yukong_(honkai:_star_rail),honkai:_star_rail honkai_(series),2girls aged_down animal_ear_fluff animal_ears black_shoes breasts fox_ears fox_girl fox_tail full_body green_hair high_heels holding kite legs medium_breasts multiple_girls pumps purple_eyes shoes sitting smile tail transparent_background,game_asset highres non-web_source official_art,2b5d29d6151f0e2896097c913dc998b2
yunli_(honkai:_star_rail),2026-09-06T12:32:51.810-04:00,candidate,post,7732488,,Default,https://danbooru.donmai.us/wiki_pages/yunli_(honkai%3A_star_rail),,,,,https://danbooru.donmai.us/posts/7732488,assets/asbres/spriteoutput/avatardrawcard/1221,yunli_(honkai:_star_rail),honkai:_star_rail honkai_(series),1girl armpits barefoot broken broken_sword broken_weapon chain clothing_cutout detached_sleeves dress feet fire full_body medium_hair multiple_swords multiple_weapons nail_polish planted planted_sword pleated_dress short_dress solo stairs sword toes transparent_background weapon,game_asset highres non-web_source official_art,4007bf11ae2d1ad98d257f647e41b3c4
yunli_(honkai:_star_rail),2026-09-06T12:32:51.810-04:00,asset_no_post_tags,asset,48748368,Yunli (Emberblaze) (Honkai: Star Rail),Emberblaze,https://danbooru.donmai.us/wiki_pages/yunli_(honkai%3A_star_rail),https://danbooru.donmai.us/wiki_pages/Yunli_(Emberblaze)_(Honkai%3A_Star_Rail),found,2026-06-14T02:48:54.350-04:00,,https://danbooru.donmai.us/media_assets/48748368,,,,,,
yunli_(honkai:_star_rail),2026-09-06T12:32:51.810-04:00,candidate,post,9252535,Yunli (On the Journey) (Honkai: Star Rail),On the Journey,https://danbooru.donmai.us/wiki_pages/yunli_(honkai%3A_star_rail),https://danbooru.donmai.us/wiki_pages/Yunli_(On_the_Journey)_(Honkai%3A_Star_Rail),found,2025-04-27T15:11:17.190-04:00,"An outfit worn by [[Yunli (Honkai: Star Rail)|]] in ""Honkai: Star Rail Two-Year Anniversary Special Animation: On the Journey"":[https://www.youtube.com/watch?v=_OUWtPhDQpk].

h4.Appearance
* !asset #25664117",https://danbooru.donmai.us/posts/9252535,https://twitter.com/pianobat/status/1919015135055581282,huohuo_(honkai:_star_rail) huohuo_(on_the_journey)_(honkai:_star_rail) yunli_(honkai:_star_rail) yunli_(on_the_journey)_(honkai:_star_rail),honkai:_star_rail honkai_(series),2girls :d ahoge arm_up belt black_belt black_hair black_skirt brown_eyes crop_top green_hair grin hand_up hat long_hair long_sleeves looking_at_viewer midriff multiple_girls official_alternate_costume open_mouth shirt simple_background single_bare_shoulder skirt smile v very_long_hair white_background white_belt white_hat white_shirt,absurdres commentary english_commentary highres,a892e6f20592baa7ff2759ff96a87c71
yunli_(honkai:_star_rail),2026-09-06T12:32:51.810-04:00,asset_no_post_tags,asset,48826706,Yunli (Little Cat) (Honkai: Star Rail),Little Cat,https://danbooru.donmai.us/wiki_pages/yunli_(honkai%3A_star_rail),https://danbooru.donmai.us/wiki_pages/Yunli_(Little_Cat)_(Honkai%3A_Star_Rail),found,2026-06-19T09:28:02.128-04:00,"An [[aged down]] [[official alternate costume]] of [[Honkai: Star Rail|Honkai: Star Rail's]] [[Yunli (Honkai: Star Rail)|]], taken from the ""Little Cat Series"" of merchandise.",https://danbooru.donmai.us/media_assets/48826706,,,,,,
