pack,character,copyright,source,source_id,is_danbooru_tag
zenless_zone_zero,alexandrina_sebastiane,zenless_zone_zero,legacy_appearance_pack,,True
zenless_zone_zero,alice_thymefield,zenless_zone_zero,legacy_appearance_pack,,True
zenless_zone_zero,anby_demara,zenless_zone_zero,legacy_appearance_pack,,True
zenless_zone_zero,aria_(human)_(cuteness_loading)_(zenless_zone_zero),zenless_zone_zero,official_event+danbooru_tag,Aria: Cuteness Loading,True
zenless_zone_zero,aria_(human)_(discordant_note)_(zenless_zone_zero),zenless_zone_zero,legacy_appearance_pack,,True
zenless_zone_zero,aria_(human)_(zenless_zone_zero),zenless_zone_zero,legacy_appearance_pack,,True
zenless_zone_zero,aria_(robot)_(discordant_note)_(zenless_zone_zero),zenless_zone_zero,legacy_appearance_pack,,True
zenless_zone_zero,aria_(robot)_(zenless_zone_zero),zenless_zone_zero,legacy_appearance_pack,,True
zenless_zone_zero,aria_(zenless_zone_zero),zenless_zone_zero,legacy_appearance_pack,,True
zenless_zone_zero,astra_yao,zenless_zone_zero,legacy_appearance_pack,,True
zenless_zone_zero,beliora_vike,zenless_zone_zero,legacy_appearance_pack,,True
zenless_zone_zero,belle_(brilliance_of_stars)_(zenless_zone_zero),zenless_zone_zero,legacy_appearance_pack,,True
zenless_zone_zero,belle_(delicate_sunlight)_(zenless_zone_zero),zenless_zone_zero,legacy_appearance_pack,,True
zenless_zone_zero,belle_(summer_skies)_(zenless_zone_zero),zenless_zone_zero,legacy_appearance_pack,,True
zenless_zone_zero,belle_(zenless_zone_zero),zenless_zone_zero,legacy_appearance_pack,,True
zenless_zone_zero,burnice_white,zenless_zone_zero,legacy_appearance_pack,,True
zenless_zone_zero,caesar_king_(zenless_zone_zero),zenless_zone_zero,legacy_appearance_pack,,True
zenless_zone_zero,cissia_(zenless_zone_zero),zenless_zone_zero,legacy_appearance_pack,,True
zenless_zone_zero,claret_flint,zenless_zone_zero,legacy_appearance_pack,,True
zenless_zone_zero,corin_wickes,zenless_zone_zero,legacy_appearance_pack,,True
zenless_zone_zero,dialyn_(zenless_zone_zero),zenless_zone_zero,legacy_appearance_pack,,True
zenless_zone_zero,dracaene_sunbringer,zenless_zone_zero,legacy_appearance_pack,,True
zenless_zone_zero,drusilla_(zenless_zone_zero),zenless_zone_zero,legacy_appearance_pack,,True
zenless_zone_zero,eldreda_sunbringer,zenless_zone_zero,legacy_appearance_pack,,True
zenless_zone_zero,ellen_joe,zenless_zone_zero,legacy_appearance_pack,,True
zenless_zone_zero,evelyn_chevalier,zenless_zone_zero,legacy_appearance_pack,,True
zenless_zone_zero,grace_howard,zenless_zone_zero,legacy_appearance_pack,,True
zenless_zone_zero,hoshimi_miyabi,zenless_zone_zero,legacy_appearance_pack,,True
zenless_zone_zero,hu_wei_(zenless_zone_zero),zenless_zone_zero,legacy_appearance_pack,,True
zenless_zone_zero,jane_doe_(nocturne_of_light)_(zenless_zone_zero),zenless_zone_zero,legacy_appearance_pack,,True
zenless_zone_zero,jane_doe_(zenless_zone_zero),zenless_zone_zero,legacy_appearance_pack,,True
zenless_zone_zero,ju_fufu,zenless_zone_zero,legacy_appearance_pack,,True
zenless_zone_zero,kamanosuke_(zenless_zone_zero),zenless_zone_zero,legacy_appearance_pack,,True
zenless_zone_zero,koleda_belobog,zenless_zone_zero,legacy_appearance_pack,,True
zenless_zone_zero,lindverne_sunbringer,zenless_zone_zero,legacy_appearance_pack,,True
zenless_zone_zero,luciana_de_montefio,zenless_zone_zero,legacy_appearance_pack,,True
zenless_zone_zero,magus_(zenless_zone_zero),zenless_zone_zero,legacy_appearance_pack,,True
zenless_zone_zero,nangong_yu,zenless_zone_zero,legacy_appearance_pack,,True
zenless_zone_zero,nangong_yu_(heartfelt_support)_(zenless_zone_zero),zenless_zone_zero,official_event_name,Nangong Yu: Heartfelt Support,False
zenless_zone_zero,nekomiya_mana,zenless_zone_zero,legacy_appearance_pack,,True
zenless_zone_zero,nicole_demara,zenless_zone_zero,legacy_appearance_pack,,True
zenless_zone_zero,orphie_magnusson,zenless_zone_zero,legacy_appearance_pack,,True
zenless_zone_zero,phoenix_reffaella,zenless_zone_zero,legacy_appearance_pack,,True
zenless_zone_zero,piper_wheel,zenless_zone_zero,legacy_appearance_pack,,True
zenless_zone_zero,promeia_(zenless_zone_zero),zenless_zone_zero,legacy_appearance_pack,,True
zenless_zone_zero,pulchra_fellini,zenless_zone_zero,legacy_appearance_pack,,True
zenless_zone_zero,pyrois_(zenless_zone_zero),zenless_zone_zero,legacy_appearance_pack,,True
zenless_zone_zero,qingyi_(zenless_zone_zero),zenless_zone_zero,legacy_appearance_pack,,True
zenless_zone_zero,remielle_dan,zenless_zone_zero,legacy_appearance_pack,,True
zenless_zone_zero,roxy_ifrita_pryce,zenless_zone_zero,legacy_appearance_pack,,True
zenless_zone_zero,seed_(zenless_zone_zero),zenless_zone_zero,legacy_appearance_pack,,True
zenless_zone_zero,sigrid_de_l'azur,zenless_zone_zero,legacy_appearance_pack,,True
zenless_zone_zero,soldier_11_(zenless_zone_zero),zenless_zone_zero,legacy_appearance_pack,,True
zenless_zone_zero,soukaku_(zenless_zone_zero),zenless_zone_zero,legacy_appearance_pack,,True
zenless_zone_zero,sunbringer_(original)_(zenless_zone_zero),zenless_zone_zero,legacy_appearance_pack,,True
zenless_zone_zero,sunna_(afternoon_tea_break)_(zenless_zone_zero),zenless_zone_zero,legacy_appearance_pack,,True
zenless_zone_zero,sunna_(delusions_in_business)_(zenless_zone_zero),zenless_zone_zero,legacy_appearance_pack+official_event+danbooru_tag,Sunna: Delusions in Business,True
zenless_zone_zero,sunna_(zenless_zone_zero),zenless_zone_zero,legacy_appearance_pack,,True
zenless_zone_zero,trigger_(zenless_zone_zero),zenless_zone_zero,legacy_appearance_pack,,True
zenless_zone_zero,truvia_(zenless_zone_zero),zenless_zone_zero,legacy_appearance_pack,,True
zenless_zone_zero,tsukishiro_yanagi,zenless_zone_zero,legacy_appearance_pack,,True
zenless_zone_zero,twiggy_(zenless_zone_zero),zenless_zone_zero,legacy_appearance_pack,,True
zenless_zone_zero,ukinami_yuzuha,zenless_zone_zero,legacy_appearance_pack,,True
zenless_zone_zero,velina_airgid,zenless_zone_zero,legacy_appearance_pack,,True
zenless_zone_zero,vivian_banshee,zenless_zone_zero,legacy_appearance_pack,,True
zenless_zone_zero,yixuan_(trails_of_ink)_(zenless_zone_zero),zenless_zone_zero,legacy_appearance_pack,,True
zenless_zone_zero,yixuan_(zenless_zone_zero),zenless_zone_zero,legacy_appearance_pack,,True
zenless_zone_zero,zhao_(zenless_zone_zero),zenless_zone_zero,legacy_appearance_pack,,True
zenless_zone_zero,zhu_yuan,zenless_zone_zero,legacy_appearance_pack,,True
blue_archive,airi_(band)_(blue_archive),blue_archive,legacy_appearance_pack+released_student+danbooru_tag,16015,True
blue_archive,airi_(blue_archive),blue_archive,legacy_appearance_pack+released_student+danbooru_tag,23000,True
blue_archive,akane_(blue_archive),blue_archive,legacy_appearance_pack+released_student+danbooru_tag,13000,True
blue_archive,akane_(bunny)_(blue_archive),blue_archive,legacy_appearance_pack+released_student+danbooru_tag,20019,True
blue_archive,akane_(school_uniform)_(blue_archive),blue_archive,legacy_appearance_pack+released_student+danbooru_tag,20057,True
blue_archive,akari_(blue_archive),blue_archive,legacy_appearance_pack+released_student+danbooru_tag,13002,True
blue_archive,akari_(new_year)_(blue_archive),blue_archive,legacy_appearance_pack+released_student+danbooru_tag,20034,True
blue_archive,akemi_(blue_archive),blue_archive,legacy_appearance_pack,,True
blue_archive,akira_(blue_archive),blue_archive,legacy_appearance_pack,,True
blue_archive,ako_(blue_archive),blue_archive,legacy_appearance_pack+released_student+danbooru_tag,20008,True
blue_archive,ako_(dress)_(blue_archive),blue_archive,legacy_appearance_pack+released_student+danbooru_tag,10087,True
blue_archive,ako_(track)_(blue_archive),blue_archive,legacy_appearance_pack,,True
blue_archive,anna_(blue_archive),blue_archive,released_student+danbooru_tag,10151,True
blue_archive,aoba_(blue_archive),blue_archive,legacy_appearance_pack+released_student+danbooru_tag,16017,True
blue_archive,aoi_(blue_archive),blue_archive,legacy_appearance_pack,,True
blue_archive,aris_(armed)_(blue_archive),blue_archive,legacy_appearance_pack+released_student+danbooru_tag,10134,True
blue_archive,aris_(blue_archive),blue_archive,legacy_appearance_pack+released_student+danbooru_tag,10015,True
blue_archive,aris_(maid)_(blue_archive),blue_archive,legacy_appearance_pack+released_student+danbooru_tag,10066,True
blue_archive,arona_(blue_archive),blue_archive,legacy_appearance_pack,,True
blue_archive,aru_(blue_archive),blue_archive,legacy_appearance_pack+released_student+danbooru_tag,10000,True
blue_archive,aru_(dress)_(blue_archive),blue_archive,legacy_appearance_pack+released_student+danbooru_tag,10089,True
blue_archive,aru_(new_year)_(blue_archive),blue_archive,released_student+danbooru_tag,10031,True
blue_archive,asuna_(blue_archive),blue_archive,legacy_appearance_pack+released_student+danbooru_tag,16001,True
blue_archive,asuna_(bunny)_(blue_archive),blue_archive,legacy_appearance_pack+released_student+danbooru_tag,10028,True
blue_archive,asuna_(school_uniform)_(blue_archive),blue_archive,legacy_appearance_pack+released_student+danbooru_tag,10112,True
blue_archive,atsuko_(blue_archive),blue_archive,legacy_appearance_pack+released_student+danbooru_tag,10042,True
blue_archive,atsuko_(swimsuit)_(blue_archive),blue_archive,legacy_appearance_pack+released_student+danbooru_tag,26013,True
blue_archive,ayane_(blue_archive),blue_archive,legacy_appearance_pack+released_student+danbooru_tag,23005,True
blue_archive,ayane_(swimsuit)_(blue_archive),blue_archive,legacy_appearance_pack+released_student+danbooru_tag,26007,True
blue_archive,ayumu_(blue_archive),blue_archive,legacy_appearance_pack,,True
blue_archive,azusa_(blue_archive),blue_archive,legacy_appearance_pack+released_student+danbooru_tag,10019,True
blue_archive,azusa_(swimsuit)_(blue_archive),blue_archive,legacy_appearance_pack+released_student+danbooru_tag,10021,True
blue_archive,beatrice_(blue_archive),blue_archive,legacy_appearance_pack,,True
blue_archive,blonde_student_council_president_(blue_archive),blue_archive,legacy_appearance_pack,,True
blue_archive,cherino_(blue_archive),blue_archive,legacy_appearance_pack+released_student+danbooru_tag,10017,True
blue_archive,cherino_(hot_spring)_(blue_archive),blue_archive,released_student+danbooru_tag,20009,True
blue_archive,chiaki_(blue_archive),blue_archive,legacy_appearance_pack+released_student+danbooru_tag,10107,True
blue_archive,chiaki_(swimsuit)_(blue_archive),blue_archive,legacy_appearance_pack+released_student+danbooru_tag,26016,True
blue_archive,chihiro_(blue_archive),blue_archive,legacy_appearance_pack+released_student+danbooru_tag,20013,True
blue_archive,chinatsu_(blue_archive),blue_archive,legacy_appearance_pack+released_student+danbooru_tag,26000,True
blue_archive,chinatsu_(hot_spring)_(blue_archive),blue_archive,legacy_appearance_pack+released_student+danbooru_tag,10030,True
blue_archive,chise_(blue_archive),blue_archive,legacy_appearance_pack+released_student+danbooru_tag,13001,True
blue_archive,chise_(swimsuit)_(blue_archive),blue_archive,legacy_appearance_pack+released_student+danbooru_tag,10047,True
blue_archive,chlorella_observation_club_member_(blue_archive),blue_archive,legacy_appearance_pack,,True
blue_archive,eimi_(armed)_(blue_archive),blue_archive,legacy_appearance_pack+released_student+danbooru_tag,10136,True
blue_archive,eimi_(blue_archive),blue_archive,legacy_appearance_pack+released_student+danbooru_tag,10001,True
blue_archive,eimi_(swimsuit)_(blue_archive),blue_archive,legacy_appearance_pack+released_student+danbooru_tag,20032,True
blue_archive,ein_(blue_archive),blue_archive,legacy_appearance_pack,,True
blue_archive,eri_(blue_archive),blue_archive,legacy_appearance_pack+released_student+danbooru_tag,10125,True
blue_archive,erika_(blue_archive),blue_archive,legacy_appearance_pack+released_student+danbooru_tag,20058,True
blue_archive,erina_(blue_archive),blue_archive,released_student+danbooru_tag,20062,True
blue_archive,fubuki_(blue_archive),blue_archive,legacy_appearance_pack+released_student+danbooru_tag,16008,True
blue_archive,fubuki_(swimsuit)_(blue_archive),blue_archive,legacy_appearance_pack+released_student+danbooru_tag,20037,True
blue_archive,fuuka_(blue_archive),blue_archive,legacy_appearance_pack+released_student+danbooru_tag,23001,True
blue_archive,fuuka_(new_year)_(blue_archive),blue_archive,released_student+danbooru_tag,20022,True
blue_archive,fuyu_(blue_archive),blue_archive,legacy_appearance_pack+released_student+danbooru_tag,10128,True
blue_archive,general_student_council_president_(blue_archive),blue_archive,legacy_appearance_pack,,True
blue_archive,hanae_(blue_archive),blue_archive,legacy_appearance_pack+released_student+danbooru_tag,23002,True
blue_archive,hanae_(christmas)_(blue_archive),blue_archive,released_student+danbooru_tag,20021,True
blue_archive,hanako_(blue_archive),blue_archive,legacy_appearance_pack+released_student+danbooru_tag,23007,True
blue_archive,hanako_(swimsuit)_(blue_archive),blue_archive,legacy_appearance_pack+released_student+danbooru_tag,10074,True
blue_archive,hare_(blue_archive),blue_archive,legacy_appearance_pack+released_student+danbooru_tag,23003,True
blue_archive,hare_(camp)_(blue_archive),blue_archive,legacy_appearance_pack+released_student+danbooru_tag,10085,True
blue_archive,haruka_(blue_archive),blue_archive,legacy_appearance_pack+released_student+danbooru_tag,16000,True
blue_archive,haruka_(dress)_(blue_archive),blue_archive,legacy_appearance_pack+released_student+danbooru_tag,10141,True
blue_archive,haruka_(new_year)_(blue_archive),blue_archive,legacy_appearance_pack+released_student+danbooru_tag,20025,True
blue_archive,haruna_(blue_archive),blue_archive,legacy_appearance_pack+released_student+danbooru_tag,10002,True
blue_archive,haruna_(new_year)_(blue_archive),blue_archive,legacy_appearance_pack+released_student+danbooru_tag,10057,True
blue_archive,haruna_(track)_(blue_archive),blue_archive,legacy_appearance_pack+released_student+danbooru_tag,20030,True
blue_archive,hasumi_(blue_archive),blue_archive,legacy_appearance_pack+released_student+danbooru_tag,13003,True
blue_archive,hasumi_(swimsuit)_(blue_archive),blue_archive,legacy_appearance_pack+released_student+danbooru_tag,10124,True
blue_archive,hasumi_(track)_(blue_archive),blue_archive,legacy_appearance_pack+released_student+danbooru_tag,16011,True
blue_archive,hatsune_miku_(blue_archive),blue_archive,released_student+danbooru_tag,20007,True
blue_archive,hibiki_(blue_archive),blue_archive,legacy_appearance_pack+released_student+danbooru_tag,20000,True
blue_archive,hibiki_(cheer_squad)_(blue_archive),blue_archive,legacy_appearance_pack+released_student+danbooru_tag,16010,True
blue_archive,hifumi_(blue_archive),blue_archive,legacy_appearance_pack+released_student+danbooru_tag,10003,True
blue_archive,hifumi_(swimsuit)_(blue_archive),blue_archive,legacy_appearance_pack+released_student+danbooru_tag,20005,True
blue_archive,hikari_(blue_archive),blue_archive,legacy_appearance_pack+released_student+danbooru_tag,10117,True
blue_archive,himari_(armed)_(blue_archive),blue_archive,legacy_appearance_pack+released_student+danbooru_tag,20054,True
blue_archive,himari_(blue_archive),blue_archive,legacy_appearance_pack+released_student+danbooru_tag,20020,True
blue_archive,hina_(blue_archive),blue_archive,legacy_appearance_pack+released_student+danbooru_tag,10004,True
blue_archive,hina_(dress)_(blue_archive),blue_archive,legacy_appearance_pack+released_student+danbooru_tag,10086,True
blue_archive,hina_(pajamas)_(blue_archive),blue_archive,legacy_appearance_pack,,True
blue_archive,hina_(swimsuit)_(blue_archive),blue_archive,legacy_appearance_pack+released_student+danbooru_tag,10022,True
blue_archive,hinata_(blue_archive),blue_archive,legacy_appearance_pack+released_student+danbooru_tag,10036,True
blue_archive,hinata_(swimsuit)_(blue_archive),blue_archive,legacy_appearance_pack+released_student+danbooru_tag,20028,True
blue_archive,hiromi_(blue_archive),blue_archive,legacy_appearance_pack,,True
blue_archive,hiyori_(blue_archive),blue_archive,legacy_appearance_pack+released_student+danbooru_tag,20017,True
blue_archive,hiyori_(swimsuit)_(blue_archive),blue_archive,legacy_appearance_pack+released_student+danbooru_tag,10102,True
blue_archive,hoshino_(armed)_(blue_archive),blue_archive,legacy_appearance_pack+released_student+danbooru_tag,10098+10099,True
blue_archive,hoshino_(blue_archive),blue_archive,legacy_appearance_pack+released_student+danbooru_tag,10005,True
blue_archive,hoshino_(first_year)_(blue_archive),blue_archive,legacy_appearance_pack,,True
blue_archive,hoshino_(second_year)_(blue_archive),blue_archive,legacy_appearance_pack,,True
blue_archive,hoshino_(swimsuit)_(blue_archive),blue_archive,legacy_appearance_pack+released_student+danbooru_tag,10045,True
blue_archive,ibuki_(blue_archive),blue_archive,legacy_appearance_pack+released_student+danbooru_tag,16014,True
blue_archive,ibuki_(swimsuit)_(blue_archive),blue_archive,legacy_appearance_pack+released_student+danbooru_tag,20060,True
blue_archive,ichika_(blue_archive),blue_archive,legacy_appearance_pack+released_student+danbooru_tag,10077,True
blue_archive,ichika_(swimsuit)_(blue_archive),blue_archive,legacy_appearance_pack+released_student+danbooru_tag,26015,True
blue_archive,iori_(blue_archive),blue_archive,legacy_appearance_pack+released_student+danbooru_tag,10006,True
blue_archive,iori_(swimsuit)_(blue_archive),blue_archive,legacy_appearance_pack+released_student+danbooru_tag,10023,True
blue_archive,iroha_(blue_archive),blue_archive,legacy_appearance_pack+released_student+danbooru_tag,20016,True
blue_archive,iroha_(swimsuit)_(blue_archive),blue_archive,legacy_appearance_pack+released_student+danbooru_tag,10148,True
blue_archive,izumi_(blue_archive),blue_archive,legacy_appearance_pack+released_student+danbooru_tag,10009,True
blue_archive,izumi_(new_year)_(blue_archive),blue_archive,legacy_appearance_pack+released_student+danbooru_tag,20043,True
blue_archive,izumi_(swimsuit)_(blue_archive),blue_archive,released_student+danbooru_tag,16006,True
blue_archive,izuna_(blue_archive),blue_archive,legacy_appearance_pack+released_student+danbooru_tag,10014,True
blue_archive,izuna_(swimsuit)_(blue_archive),blue_archive,legacy_appearance_pack+released_student+danbooru_tag,10046,True
blue_archive,junko_(blue_archive),blue_archive,legacy_appearance_pack+released_student+danbooru_tag,13007,True
blue_archive,junko_(new_year)_(blue_archive),blue_archive,released_student+danbooru_tag,16012,True
blue_archive,juri_(blue_archive),blue_archive,legacy_appearance_pack+released_student+danbooru_tag,26002,True
blue_archive,juri_(part-timer)_(blue_archive),blue_archive,released_student_official_name,10114,False
blue_archive,justice_task_force_member_(blue_archive),blue_archive,legacy_appearance_pack,,True
blue_archive,kaede_(blue_archive),blue_archive,legacy_appearance_pack+released_student+danbooru_tag,20015,True
blue_archive,kaho_(blue_archive),blue_archive,legacy_appearance_pack+released_student+danbooru_tag,10065,True
blue_archive,kanna_(blue_archive),blue_archive,legacy_appearance_pack+released_student+danbooru_tag,20023,True
blue_archive,kanna_(swimsuit)_(blue_archive),blue_archive,legacy_appearance_pack+released_student+danbooru_tag,10096,True
blue_archive,kanoe_(blue_archive),blue_archive,legacy_appearance_pack+released_student+danbooru_tag,10126,True
blue_archive,karin_(blue_archive),blue_archive,legacy_appearance_pack+released_student+danbooru_tag,20001,True
blue_archive,karin_(bunny)_(blue_archive),blue_archive,legacy_appearance_pack+released_student+danbooru_tag,10027,True
blue_archive,karin_(school_uniform)_(blue_archive),blue_archive,legacy_appearance_pack+released_student+danbooru_tag,26014,True
blue_archive,kasumi_(blue_archive),blue_archive,legacy_appearance_pack+released_student+danbooru_tag,10078,True
blue_archive,kasumi_(swimsuit)_(blue_archive),blue_archive,released_student+danbooru_tag,20061,True
blue_archive,kaya_(blue_archive),blue_archive,legacy_appearance_pack,,True
blue_archive,kayoko_(blue_archive),blue_archive,legacy_appearance_pack+released_student+danbooru_tag,13005,True
blue_archive,kayoko_(dress)_(blue_archive),blue_archive,legacy_appearance_pack+released_student+danbooru_tag,10088,True
blue_archive,kayoko_(new_year)_(blue_archive),blue_archive,legacy_appearance_pack+released_student+danbooru_tag,10064,True
blue_archive,kazusa_(band)_(blue_archive),blue_archive,legacy_appearance_pack+released_student+danbooru_tag,10091,True
blue_archive,kazusa_(blue_archive),blue_archive,legacy_appearance_pack+released_student+danbooru_tag,10049,True
blue_archive,kazusa_(halloween)_(blue_archive),blue_archive,legacy_appearance_pack,,True
blue_archive,kei_(amas)_(blue_archive),blue_archive,legacy_appearance_pack,,True
blue_archive,kei_(aris)_(blue_archive),blue_archive,legacy_appearance_pack,,True
blue_archive,kei_(blue_archive),blue_archive,legacy_appearance_pack+released_student+danbooru_tag,10135,True
blue_archive,kei_(orange_robot)_(blue_archive),blue_archive,legacy_appearance_pack,,True
blue_archive,kei_(student)_(blue_archive),blue_archive,legacy_appearance_pack,,True
blue_archive,kikyou_(blue_archive),blue_archive,legacy_appearance_pack+released_student+danbooru_tag,10083,True
blue_archive,kikyou_(swimsuit)_(blue_archive),blue_archive,legacy_appearance_pack+released_student+danbooru_tag,20047,True
blue_archive,kirara_(blue_archive),blue_archive,legacy_appearance_pack+released_student+danbooru_tag,10093,True
blue_archive,kirino_(blue_archive),blue_archive,legacy_appearance_pack+released_student+danbooru_tag,13012,True
blue_archive,kirino_(swimsuit)_(blue_archive),blue_archive,legacy_appearance_pack+released_student+danbooru_tag,26012,True
blue_archive,kisaki_(blue_archive),blue_archive,legacy_appearance_pack+released_student+danbooru_tag,20039,True
blue_archive,kisaki_(kiki)_(blue_archive),blue_archive,legacy_appearance_pack,,True
blue_archive,kisaki_(kindergarten_uniform)_(blue_archive),blue_archive,legacy_appearance_pack,,True
blue_archive,kisaki_(school_uniform)_(blue_archive),blue_archive,legacy_appearance_pack,,True
blue_archive,kisaki_(swimsuit)_(blue_archive),blue_archive,legacy_appearance_pack+released_student+danbooru_tag,10145,True
blue_archive,koharu_(blue_archive),blue_archive,legacy_appearance_pack+released_student+danbooru_tag,10020,True
blue_archive,koharu_(swimsuit)_(blue_archive),blue_archive,legacy_appearance_pack+released_student+danbooru_tag,16013,True
blue_archive,kokona_(blue_archive),blue_archive,legacy_appearance_pack+released_student+danbooru_tag,10050,True
blue_archive,kokoro_(blue_archive),blue_archive,legacy_appearance_pack+released_student+danbooru_tag,10149,True
blue_archive,konoka_(blue_archive),blue_archive,legacy_appearance_pack+released_student+danbooru_tag,10137,True
blue_archive,kotama_(blue_archive),blue_archive,legacy_appearance_pack+released_student+danbooru_tag,26001,True
blue_archive,kotama_(camp)_(blue_archive),blue_archive,released_student+danbooru_tag,10084,True
blue_archive,kotone_(blue_archive),blue_archive,legacy_appearance_pack+released_student+danbooru_tag,10150,True
blue_archive,kotori_(blue_archive),blue_archive,legacy_appearance_pack+released_student+danbooru_tag,16002,True
blue_archive,kotori_(cheer_squad)_(blue_archive),blue_archive,legacy_appearance_pack+released_student+danbooru_tag,10076,True
blue_archive,koyuki_(blue_archive),blue_archive,legacy_appearance_pack+released_student+danbooru_tag,10063,True
blue_archive,koyuki_(pajamas)_(blue_archive),blue_archive,legacy_appearance_pack+released_student+danbooru_tag,20056,True
blue_archive,kurumi_(blue_archive),blue_archive,legacy_appearance_pack+released_student+danbooru_tag,10140,True
blue_archive,maia_(blue_archive),blue_archive,legacy_appearance_pack,,True
blue_archive,maki_(blue_archive),blue_archive,legacy_appearance_pack+released_student+danbooru_tag,10007,True
blue_archive,maki_(camp)_(blue_archive),blue_archive,legacy_appearance_pack+released_student+danbooru_tag,20042,True
blue_archive,makina_(blue_archive),blue_archive,legacy_appearance_pack,,True
blue_archive,makoto_(blue_archive),blue_archive,legacy_appearance_pack+released_student+danbooru_tag,20033,True
blue_archive,makoto_(swimsuit)_(blue_archive),blue_archive,released_student+danbooru_tag,10146,True
blue_archive,malkuth_(blue_archive),blue_archive,legacy_appearance_pack,,True
blue_archive,mari_(blue_archive),blue_archive,legacy_appearance_pack+released_student+danbooru_tag,23008,True
blue_archive,mari_(idol)_(blue_archive),blue_archive,legacy_appearance_pack+released_student+danbooru_tag,10105,True
blue_archive,mari_(track)_(blue_archive),blue_archive,legacy_appearance_pack+released_student+danbooru_tag,10054,True
blue_archive,marina_(blue_archive),blue_archive,legacy_appearance_pack+released_student+danbooru_tag,10037,True
blue_archive,marina_(qipao)_(blue_archive),blue_archive,released_student+danbooru_tag,10103,True
blue_archive,mashiro_(blue_archive),blue_archive,legacy_appearance_pack+released_student+danbooru_tag,20003,True
blue_archive,mashiro_(swimsuit)_(blue_archive),blue_archive,released_student+danbooru_tag,20004,True
blue_archive,megu_(blue_archive),blue_archive,legacy_appearance_pack+released_student+danbooru_tag,10060,True
blue_archive,meru_(blue_archive),blue_archive,legacy_appearance_pack+released_student+danbooru_tag,10075,True
blue_archive,michiru_(blue_archive),blue_archive,legacy_appearance_pack+released_student+danbooru_tag,16009,True
blue_archive,michiru_(dress)_(blue_archive),blue_archive,released_student+danbooru_tag,20053,True
blue_archive,midori_(blue_archive),blue_archive,legacy_appearance_pack+released_student+danbooru_tag,10016,True
blue_archive,midori_(maid)_(blue_archive),blue_archive,legacy_appearance_pack+released_student+danbooru_tag,10095,True
blue_archive,midori_(winter)_(blue_archive),blue_archive,legacy_appearance_pack,,True
blue_archive,mika_(blue_archive),blue_archive,legacy_appearance_pack+released_student+danbooru_tag,10059,True
blue_archive,mika_(swimsuit)_(blue_archive),blue_archive,legacy_appearance_pack+released_student+danbooru_tag,10122,True
blue_archive,mimori_(blue_archive),blue_archive,legacy_appearance_pack+released_student+danbooru_tag,10034,True
blue_archive,mimori_(swimsuit)_(blue_archive),blue_archive,released_student+danbooru_tag,20029,True
blue_archive,mina_(blue_archive),blue_archive,legacy_appearance_pack+released_student+danbooru_tag,10070,True
blue_archive,mine_(blue_archive),blue_archive,legacy_appearance_pack+released_student+danbooru_tag,10058,True
blue_archive,mine_(idol)_(blue_archive),blue_archive,released_student+danbooru_tag,16016,True
blue_archive,minori_(blue_archive),blue_archive,legacy_appearance_pack+released_student+danbooru_tag,20026,True
blue_archive,misaka_mikoto_(blue_archive),blue_archive,released_student_official_name,10079,False
blue_archive,misaki_(blue_archive),blue_archive,legacy_appearance_pack+released_student+danbooru_tag,10041,True
blue_archive,misaki_(swimsuit)_(blue_archive),blue_archive,legacy_appearance_pack+released_student+danbooru_tag,20049,True
blue_archive,miyako_(blue_archive),blue_archive,legacy_appearance_pack+released_student+danbooru_tag,10038,True
blue_archive,miyako_(swimsuit)_(blue_archive),blue_archive,legacy_appearance_pack+released_student+danbooru_tag,10071,True
blue_archive,miyo_(blue_archive),blue_archive,legacy_appearance_pack+released_student+danbooru_tag,10127,True
blue_archive,miyu_(blue_archive),blue_archive,legacy_appearance_pack+released_student+danbooru_tag,10039,True
blue_archive,miyu_(swimsuit)_(blue_archive),blue_archive,legacy_appearance_pack+released_student+danbooru_tag,26010,True
blue_archive,moe_(blue_archive),blue_archive,legacy_appearance_pack+released_student+danbooru_tag,20018,True
blue_archive,moe_(swimsuit)_(blue_archive),blue_archive,legacy_appearance_pack+released_student+danbooru_tag,10097,True
blue_archive,momiji_(blue_archive),blue_archive,legacy_appearance_pack+released_student+danbooru_tag,13013,True
blue_archive,momoi_(armed)_(blue_archive),blue_archive,legacy_appearance_pack,,True
blue_archive,momoi_(blue_archive),blue_archive,legacy_appearance_pack+released_student+danbooru_tag,13011,True
blue_archive,momoi_(maid)_(blue_archive),blue_archive,legacy_appearance_pack+released_student+danbooru_tag,10094,True
blue_archive,momoi_(winter)_(blue_archive),blue_archive,legacy_appearance_pack,,True
blue_archive,momoka_(blue_archive),blue_archive,legacy_appearance_pack,,True
blue_archive,mutsuki_(blue_archive),blue_archive,legacy_appearance_pack+released_student+danbooru_tag,13006,True
blue_archive,mutsuki_(dress)_(blue_archive),blue_archive,legacy_appearance_pack+released_student+danbooru_tag,20059,True
blue_archive,mutsuki_(new_year)_(blue_archive),blue_archive,legacy_appearance_pack+released_student+danbooru_tag,10032,True
blue_archive,nagisa_(blue_archive),blue_archive,legacy_appearance_pack+released_student+danbooru_tag,20024,True
blue_archive,nagisa_(swimsuit)_(blue_archive),blue_archive,legacy_appearance_pack+released_student+danbooru_tag,20048,True
blue_archive,nagusa_(blue_archive),blue_archive,legacy_appearance_pack+released_student+danbooru_tag,10119,True
blue_archive,nagusa_(swimsuit)_(blue_archive),blue_archive,legacy_appearance_pack+released_student+danbooru_tag,10142,True
blue_archive,natsu_(band)_(blue_archive),blue_archive,legacy_appearance_pack+released_student+danbooru_tag,10120,True
blue_archive,natsu_(blue_archive),blue_archive,legacy_appearance_pack+released_student+danbooru_tag,10029,True
blue_archive,neru_(blue_archive),blue_archive,legacy_appearance_pack+released_student+danbooru_tag,10008,True
blue_archive,neru_(bunny)_(blue_archive),blue_archive,legacy_appearance_pack+released_student+danbooru_tag,10026,True
blue_archive,neru_(school_uniform)_(blue_archive),blue_archive,legacy_appearance_pack+released_student+danbooru_tag,10111,True
blue_archive,niko_(blue_archive),blue_archive,legacy_appearance_pack+released_student+danbooru_tag,10139,True
blue_archive,niya_(blue_archive),blue_archive,legacy_appearance_pack+released_student+danbooru_tag,20046,True
blue_archive,noa_(blue_archive),blue_archive,legacy_appearance_pack+released_student+danbooru_tag,10052,True
blue_archive,noa_(pajamas)_(blue_archive),blue_archive,legacy_appearance_pack+released_student+danbooru_tag,10109,True
blue_archive,nodoka_(blue_archive),blue_archive,legacy_appearance_pack+released_student+danbooru_tag,26006,True
blue_archive,nodoka_(hot_spring)_(blue_archive),blue_archive,released_student+danbooru_tag,20010,True
blue_archive,nonomi_(blue_archive),blue_archive,legacy_appearance_pack+released_student+danbooru_tag,13004,True
blue_archive,nonomi_(first_year)_(blue_archive),blue_archive,legacy_appearance_pack,,True
blue_archive,nonomi_(swimsuit)_(blue_archive),blue_archive,legacy_appearance_pack+released_student+danbooru_tag,10044,True
blue_archive,nozomi_(blue_archive),blue_archive,legacy_appearance_pack+released_student+danbooru_tag,10118,True
blue_archive,nozomi_(kujibikido)_(blue_archive),blue_archive,legacy_appearance_pack,,True
blue_archive,otogi_(blue_archive),blue_archive,legacy_appearance_pack+released_student+danbooru_tag,16020,True
blue_archive,pina_(blue_archive),blue_archive,released_student+danbooru_tag,16004,True
blue_archive,pina_(guide)_(blue_archive),blue_archive,released_student+danbooru_tag,20045,True
blue_archive,plana_(blue_archive),blue_archive,legacy_appearance_pack,,True
blue_archive,professor_niyaniya_(blue_archive),blue_archive,legacy_appearance_pack,,True
blue_archive,rabu_(blue_archive),blue_archive,legacy_appearance_pack+released_student+danbooru_tag,16018,True
blue_archive,rei_(blue_archive),blue_archive,released_student+danbooru_tag,10115,True
blue_archive,reijo_(blue_archive),blue_archive,legacy_appearance_pack+released_student+danbooru_tag,10104,True
blue_archive,reisa_(blue_archive),blue_archive,legacy_appearance_pack+released_student+danbooru_tag,10068,True
blue_archive,reisa_(magical)_(blue_archive),blue_archive,legacy_appearance_pack+released_student+danbooru_tag,20051,True
blue_archive,rena_(blue_archive),blue_archive,legacy_appearance_pack+released_student+danbooru_tag,10138,True
blue_archive,renge_(blue_archive),blue_archive,legacy_appearance_pack+released_student+danbooru_tag,10082,True
blue_archive,renge_(swimsuit)_(blue_archive),blue_archive,released_student+danbooru_tag,13014,True
blue_archive,rin_(blue_archive),blue_archive,legacy_appearance_pack,,True
blue_archive,rio_(armed)_(blue_archive),blue_archive,legacy_appearance_pack+released_student+danbooru_tag,10133,True
blue_archive,rio_(blue_archive),blue_archive,legacy_appearance_pack+released_student+danbooru_tag,20041,True
blue_archive,ritsu_(blue_archive),blue_archive,released_student+danbooru_tag,20050,True
blue_archive,rumi_(blue_archive),blue_archive,legacy_appearance_pack+released_student+danbooru_tag,10069,True
blue_archive,rumi_(small)_(blue_archive),blue_archive,legacy_appearance_pack,,True
blue_archive,saki_(blue_archive),blue_archive,legacy_appearance_pack+released_student+danbooru_tag,20014,True
blue_archive,saki_(swimsuit)_(blue_archive),blue_archive,legacy_appearance_pack+released_student+danbooru_tag,10072,True
blue_archive,sakurako_(blue_archive),blue_archive,legacy_appearance_pack+released_student+danbooru_tag,10061,True
blue_archive,sakurako_(idol)_(blue_archive),blue_archive,legacy_appearance_pack+released_student+danbooru_tag,10106,True
blue_archive,sakurako_(justina_uniform)_(blue_archive),blue_archive,legacy_appearance_pack,,True
blue_archive,saori_(blue_archive),blue_archive,legacy_appearance_pack+released_student+danbooru_tag,10048,True
blue_archive,saori_(dress)_(blue_archive),blue_archive,legacy_appearance_pack+released_student+danbooru_tag,10116,True
blue_archive,saori_(swimsuit)_(blue_archive),blue_archive,legacy_appearance_pack+released_student+danbooru_tag,10101,True
blue_archive,saten_ruiko_(blue_archive),blue_archive,released_student_official_name,26011,False
blue_archive,satsuki_(blue_archive),blue_archive,legacy_appearance_pack+released_student+danbooru_tag,20040,True
blue_archive,satsuki_(swimsuit)_(blue_archive),blue_archive,legacy_appearance_pack+released_student+danbooru_tag,10147,True
blue_archive,saya_(blue_archive),blue_archive,legacy_appearance_pack+released_student+danbooru_tag,20002,True
blue_archive,saya_(casual)_(blue_archive),blue_archive,released_student+danbooru_tag,20006,True
blue_archive,sayuri_(blue_archive),blue_archive,legacy_appearance_pack,,True
blue_archive,seia_(blue_archive),blue_archive,legacy_appearance_pack+released_student+danbooru_tag,10110,True
blue_archive,seia_(swimsuit)_(blue_archive),blue_archive,legacy_appearance_pack+released_student+danbooru_tag,10123,True
blue_archive,sena_(blue_archive),blue_archive,legacy_appearance_pack+released_student+danbooru_tag,20012,True
blue_archive,sena_(casual)_(blue_archive),blue_archive,legacy_appearance_pack+released_student+danbooru_tag,10113,True
blue_archive,serika_(blue_archive),blue_archive,legacy_appearance_pack+released_student+danbooru_tag,13008,True
blue_archive,serika_(new_year)_(blue_archive),blue_archive,released_student+danbooru_tag,20011,True
blue_archive,serika_(swimsuit)_(blue_archive),blue_archive,legacy_appearance_pack+released_student+danbooru_tag,20036,True
blue_archive,serina_(blue_archive),blue_archive,legacy_appearance_pack+released_student+danbooru_tag,26003,True
blue_archive,serina_(christmas)_(blue_archive),blue_archive,legacy_appearance_pack+released_student+danbooru_tag,10056,True
blue_archive,shigure_(blue_archive),blue_archive,legacy_appearance_pack+released_student+danbooru_tag,10055,True
blue_archive,shigure_(hot_spring)_(blue_archive),blue_archive,legacy_appearance_pack+released_student+danbooru_tag,20031,True
blue_archive,shimiko_(blue_archive),blue_archive,legacy_appearance_pack+released_student+danbooru_tag,26004,True
blue_archive,shimiko_(magical)_(blue_archive),blue_archive,legacy_appearance_pack,,True
blue_archive,shiroko_(blue_archive),blue_archive,legacy_appearance_pack+released_student+danbooru_tag,10010,True
blue_archive,shiroko_(cycling)_(blue_archive),blue_archive,legacy_appearance_pack+released_student+danbooru_tag,10024,True
blue_archive,shiroko_(swimsuit)_(blue_archive),blue_archive,legacy_appearance_pack+released_student+danbooru_tag,20027,True
blue_archive,shiroko_(young)_(blue_archive),blue_archive,legacy_appearance_pack,,True
blue_archive,shiroko_terror_(blue_archive),blue_archive,legacy_appearance_pack+released_student+danbooru_tag,10100,True
blue_archive,shiroko_terror_(cycling)_(blue_archive),blue_archive,legacy_appearance_pack,,True
blue_archive,shizuko_(blue_archive),blue_archive,legacy_appearance_pack+released_student+danbooru_tag,23006,True
blue_archive,shizuko_(swimsuit)_(blue_archive),blue_archive,legacy_appearance_pack+released_student+danbooru_tag,26008,True
blue_archive,shokuhou_misaki_(blue_archive),blue_archive,released_student_official_name,10080,False
blue_archive,shun_(blue_archive),blue_archive,legacy_appearance_pack+released_student+danbooru_tag,10011,True
blue_archive,shun_(small)_(blue_archive),blue_archive,legacy_appearance_pack+released_student+danbooru_tag,10025,True
blue_archive,shun_(small)_(swimsuit)_(blue_archive),blue_archive,legacy_appearance_pack,,True
blue_archive,shun_(swimsuit)_(blue_archive),blue_archive,released_student+danbooru_tag,10143+10144,True
blue_archive,shuro_(blue_archive),blue_archive,legacy_appearance_pack,,True
blue_archive,sof_(blue_archive),blue_archive,legacy_appearance_pack,,True
blue_archive,sora_(blue_archive),blue_archive,legacy_appearance_pack,,True
blue_archive,subaru_(blue_archive),blue_archive,legacy_appearance_pack+released_student+danbooru_tag,10130,True
blue_archive,sukeban_(smg)_(blue_archive),blue_archive,legacy_appearance_pack,,True
blue_archive,sumire_(blue_archive),blue_archive,legacy_appearance_pack+released_student+danbooru_tag,10012,True
blue_archive,sumire_(part-timer)_(blue_archive),blue_archive,released_student_official_name,20044,False
blue_archive,suzumi_(blue_archive),blue_archive,legacy_appearance_pack+released_student+danbooru_tag,16003,True
blue_archive,suzumi_(magical)_(blue_archive),blue_archive,legacy_appearance_pack+released_student+danbooru_tag,10129,True
blue_archive,takane_(blue_archive),blue_archive,legacy_appearance_pack+released_student+danbooru_tag,10131,True
blue_archive,toki_(abi-eshuh)_(blue_archive),blue_archive,legacy_appearance_pack,,True
blue_archive,toki_(armed)_(blue_archive),blue_archive,released_student+danbooru_tag,16019,True
blue_archive,toki_(blue_archive),blue_archive,legacy_appearance_pack+released_student+danbooru_tag,10062,True
blue_archive,toki_(bunny)_(blue_archive),blue_archive,legacy_appearance_pack+released_student+danbooru_tag,10067,True
blue_archive,toki_(school_uniform)_(blue_archive),blue_archive,legacy_appearance_pack,,True
blue_archive,tomoe_(blue_archive),blue_archive,legacy_appearance_pack+released_student+danbooru_tag,16007,True
blue_archive,tomoe_(qipao)_(blue_archive),blue_archive,released_student+danbooru_tag,20038,True
blue_archive,tsubaki_(blue_archive),blue_archive,legacy_appearance_pack+released_student+danbooru_tag,13009,True
blue_archive,tsubaki_(guide)_(blue_archive),blue_archive,legacy_appearance_pack+released_student+danbooru_tag,20035,True
blue_archive,tsukuyo_(blue_archive),blue_archive,legacy_appearance_pack+released_student+danbooru_tag,10040,True
blue_archive,tsukuyo_(dress)_(blue_archive),blue_archive,released_student+danbooru_tag,10132,True
blue_archive,tsurugi_(blue_archive),blue_archive,legacy_appearance_pack+released_student+danbooru_tag,10013,True
blue_archive,tsurugi_(swimsuit)_(blue_archive),blue_archive,legacy_appearance_pack+released_student+danbooru_tag,16005,True
blue_archive,ui_(blue_archive),blue_archive,legacy_appearance_pack+released_student+danbooru_tag,10035,True
blue_archive,ui_(swimsuit)_(blue_archive),blue_archive,legacy_appearance_pack+released_student+danbooru_tag,10073,True
blue_archive,umika_(blue_archive),blue_archive,legacy_appearance_pack+released_student+danbooru_tag,10090,True
blue_archive,utaha_(blue_archive),blue_archive,legacy_appearance_pack+released_student+danbooru_tag,23004,True
blue_archive,utaha_(cheer_squad)_(blue_archive),blue_archive,released_student+danbooru_tag,10051,True
blue_archive,wakamo_(blue_archive),blue_archive,legacy_appearance_pack+released_student+danbooru_tag,10033,True
blue_archive,wakamo_(swimsuit)_(blue_archive),blue_archive,legacy_appearance_pack+released_student+danbooru_tag,10043,True
blue_archive,yakumo_(blue_archive),blue_archive,legacy_appearance_pack+released_student+danbooru_tag,20052,True
blue_archive,yoshimi_(band)_(blue_archive),blue_archive,legacy_appearance_pack+released_student+danbooru_tag,10092,True
blue_archive,yoshimi_(blue_archive),blue_archive,legacy_appearance_pack+released_student+danbooru_tag,26005,True
blue_archive,yoshimi_(halloween)_(blue_archive),blue_archive,legacy_appearance_pack,,True
blue_archive,yukari_(blue_archive),blue_archive,legacy_appearance_pack+released_student+danbooru_tag,10081,True
blue_archive,yukari_(swimsuit)_(blue_archive),blue_archive,released_student+danbooru_tag,10121,True
blue_archive,yukino_(blue_archive),blue_archive,legacy_appearance_pack,,True
blue_archive,yume_(blue_archive),blue_archive,legacy_appearance_pack,,True
blue_archive,yuuka_(blue_archive),blue_archive,legacy_appearance_pack+released_student+danbooru_tag,13010,True
blue_archive,yuuka_(pajamas)_(blue_archive),blue_archive,legacy_appearance_pack+released_student+danbooru_tag,10108,True
blue_archive,yuuka_(track)_(blue_archive),blue_archive,legacy_appearance_pack+released_student+danbooru_tag,10053,True
blue_archive,yuzu_(armed)_(blue_archive),blue_archive,released_student+danbooru_tag,20055,True
blue_archive,yuzu_(blue_archive),blue_archive,legacy_appearance_pack+released_student+danbooru_tag,10018,True
blue_archive,yuzu_(maid)_(blue_archive),blue_archive,legacy_appearance_pack+released_student+danbooru_tag,26009,True
azur_lane,2b_(azur_lane),azur_lane,released_skin_official_name,1170002/11700020,False
azur_lane,2b_(b_rief_respite)_(azur_lane),azur_lane,released_skin_official_name,1170002/11700021,False
azur_lane,a2_(azur_lane),azur_lane,released_skin_official_name,1170001/11700010,False
azur_lane,a2_(fruit_of_tempt_a_tion)_(azur_lane),azur_lane,released_skin_official_name,1170001/11700011,False
azur_lane,abercrombie_(azur_lane),azur_lane,released_skin+danbooru_tag,21304/213040,True
azur_lane,abercrombie_(hot_on_your_trail)_(azur_lane),azur_lane,released_skin+danbooru_tag,21304/213043,True
azur_lane,abercrombie_(mischief_on_the_rocks)_(azur_lane),azur_lane,released_skin+danbooru_tag,21304/213042,True
azur_lane,abercrombie_(pumpkin_blast)_(azur_lane),azur_lane,released_skin+danbooru_tag,21304/213041,True
azur_lane,abukuma_(azur_lane),azur_lane,released_skin+danbooru_tag,30209/302090,True
azur_lane,abukuma_(retrofit)_(azur_lane),azur_lane,released_skin+danbooru_tag,30209/302099,True
azur_lane,acasta_(azur_lane),azur_lane,released_skin+danbooru_tag,20102/201020,True
azur_lane,acasta_(fashionable_outing)_(azur_lane),azur_lane,released_skin+danbooru_tag,20102/201021,True
azur_lane,acasta_(lights_of_the_lantern_festival)_(azur_lane),azur_lane,released_skin+danbooru_tag,20102/201022,True
azur_lane,acasta_(monochromatic_marvel)_(azur_lane),azur_lane,released_skin+danbooru_tag,20102/201023,True
azur_lane,acasta_(retrofit)_(azur_lane),azur_lane,released_skin+danbooru_tag,20102/201029,True
azur_lane,achilles_(azur_lane),azur_lane,released_skin+danbooru_tag,20202/202020,True
azur_lane,achilles_(retrofit)_(azur_lane),azur_lane,released_skin+danbooru_tag,20202/202029,True
azur_lane,admiral_graf_spee_(a_novel_anniversary)_(azur_lane),azur_lane,released_skin+danbooru_tag,40305/403053,True
azur_lane,admiral_graf_spee_(azur_lane),azur_lane,legacy_appearance_pack+released_skin+danbooru_tag,40305/403050,True
azur_lane,admiral_graf_spee_(girl's_sunday)_(azur_lane),azur_lane,legacy_appearance_pack+released_skin+danbooru_tag,40305/403051,True
azur_lane,admiral_graf_spee_(peaceful_daily_life)_(azur_lane),azur_lane,legacy_appearance_pack+released_skin+danbooru_tag,40305/403052,True
azur_lane,admiral_graf_spee_(world's_cutest)_(azur_lane),azur_lane,released_skin+danbooru_tag,40305/403054,True
azur_lane,admiral_hipper_(azur_lane),azur_lane,legacy_appearance_pack+released_skin+danbooru_tag,40301/403010,True
azur_lane,admiral_hipper_(retrofit)_(azur_lane),azur_lane,released_skin+danbooru_tag,40301/403019,True
azur_lane,admiral_hipper_(sunshine_by_the_hot_spring)_(azur_lane),azur_lane,released_skin+danbooru_tag,40301/403012,True
azur_lane,admiral_hipper_meta_(azur_lane),azur_lane,released_skin_official_name,970305/9703050,False
azur_lane,admiral_hipper_μ_(azur_lane),azur_lane,released_skin_official_name,40307/403070,False
azur_lane,admiral_hipper_μ_(sunshine_by_the_hot_spring)_(azur_lane),azur_lane,released_skin_official_name,40307/403012,False
azur_lane,admiral_nakhimov_(a_fresh_green_day)_(azur_lane),azur_lane,released_skin+danbooru_tag,79902/799022,True
azur_lane,admiral_nakhimov_(azur_lane),azur_lane,legacy_appearance_pack+released_skin+danbooru_tag,79902/799020,True
azur_lane,admiral_nakhimov_(cheerleading_mechanic)_(azur_lane),azur_lane,released_skin_official_name,79902/799023,False
azur_lane,admiral_nakhimov_(first_time_in_the_limelight)_(azur_lane),azur_lane,released_skin+danbooru_tag,79902/799021,True
azur_lane,admiral_zenker_(azur_lane),azur_lane,legacy_appearance_pack+released_skin+danbooru_tag,40407/404070,True
azur_lane,admiral_zenker_(fun_with_interrogations)_(azur_lane),azur_lane,released_skin_official_name,40407/404071,False
azur_lane,adventure_(azur_lane),azur_lane,released_skin+danbooru_tag,960016/9600160,True
azur_lane,adventure_(master_of_the_safe_house)_(azur_lane),azur_lane,released_skin+danbooru_tag,960016/9600161,True
azur_lane,adventure_galley_(azur_lane),azur_lane,released_skin+danbooru_tag,960006/9600060,True
azur_lane,adventure_galley_(carnival_under_the_blood_moon)_(azur_lane),azur_lane,released_skin+danbooru_tag,960006/9600061,True
azur_lane,aegir_(azur_lane),azur_lane,legacy_appearance_pack,,True
azur_lane,aegir_(iron_blood's_dragon_maid)_(azur_lane),azur_lane,legacy_appearance_pack,,True
azur_lane,agano_(azur_lane),azur_lane,legacy_appearance_pack+released_skin+danbooru_tag,30220/302200,True
azur_lane,agano_(blue_butterfly's_confession)_(azur_lane),azur_lane,released_skin+danbooru_tag,30220/302203,True
azur_lane,agano_(christmas_eve_tease)_(azur_lane),azur_lane,released_skin+danbooru_tag,30220/302201,True
azur_lane,agano_(dating_game)_(azur_lane),azur_lane,released_skin_official_name,30220/302202,False
azur_lane,agir_(azur_lane),azur_lane,released_skin+danbooru_tag,49905/499050,True
azur_lane,agir_(golden_dragon_among_auspicious_clouds)_(azur_lane),azur_lane,released_skin_official_name,49905/499052,False
azur_lane,agir_(iron_blood's_dragon_maid)_(azur_lane),azur_lane,released_skin_official_name,49905/499051,False
azur_lane,agir_(one-on-one_leisure_time)_(azur_lane),azur_lane,released_skin_official_name,49905/499053,False
azur_lane,ajax_(azur_lane),azur_lane,legacy_appearance_pack+released_skin+danbooru_tag,20203/202030,True
azur_lane,ajax_(party_queen)_(azur_lane),azur_lane,released_skin+danbooru_tag,20203/202031,True
azur_lane,ajax_(retrofit)_(azur_lane),azur_lane,released_skin+danbooru_tag,20203/202039,True
azur_lane,ajax_(valentine's_reward)_(azur_lane),azur_lane,released_skin_official_name,20203/202032,False
azur_lane,akagi-chan_(azur_lane),azur_lane,legacy_appearance_pack+released_skin+danbooru_tag,30709/307090,True
azur_lane,akagi_(azur_lane),azur_lane,legacy_appearance_pack+released_skin+danbooru_tag,30701/307010,True
azur_lane,akagi_(dawn-phoenix's_summons)_(azur_lane),azur_lane,released_skin_official_name,30701/307014,False
azur_lane,akagi_(deep_crimson_poppy)_(azur_lane),azur_lane,released_skin+danbooru_tag,30701/307018,True
azur_lane,akagi_(paradise_amaryllis)_(azur_lane),azur_lane,released_skin+danbooru_tag,30701/307011,True
azur_lane,akagi_(plum_and_snow)_(azur_lane),azur_lane,released_skin+danbooru_tag,30701/307012,True
azur_lane,akagi_(precipice_of_sweetness)_(azur_lane),azur_lane,released_skin+danbooru_tag,30701/307015,True
azur_lane,akagi_(ruby-laced_beauty)_(azur_lane),azur_lane,legacy_appearance_pack+released_skin+danbooru_tag,30701/307013,True
azur_lane,akagi_μ_(azur_lane),azur_lane,released_skin_official_name,30710/307100,False
azur_lane,akagi_μ_(dawn-phoenix's_summons)_(azur_lane),azur_lane,released_skin_official_name,30710/307014,False
azur_lane,akagi_μ_(deep_crimson_poppy)_(azur_lane),azur_lane,released_skin_official_name,30710/307018,False
azur_lane,akagi_μ_(paradise_amaryllis)_(azur_lane),azur_lane,released_skin_official_name,30710/307011,False
azur_lane,akagi_μ_(plum_and_snow)_(azur_lane),azur_lane,released_skin_official_name,30710/307012,False
azur_lane,akagi_μ_(precipice_of_sweetness)_(azur_lane),azur_lane,released_skin_official_name,30710/307015,False
azur_lane,akagi_μ_(ruby-laced_beauty)_(azur_lane),azur_lane,released_skin_official_name,30710/307013,False
azur_lane,akane_shinjo_(a_vacation_just_for_two)_(azur_lane),azur_lane,released_skin_official_name,1080002/10800021,False
azur_lane,akane_shinjo_(azur_lane),azur_lane,released_skin_official_name,1080002/10800020,False
azur_lane,akane_shinjo_(room_of_secrets)_(azur_lane),azur_lane,released_skin_official_name,1080002/10800022,False
azur_lane,akashi_(akashi's_in_the_red_nya)_(azur_lane),azur_lane,released_skin_official_name,31201/312011,False
azur_lane,akashi_(azur_lane),azur_lane,legacy_appearance_pack+released_skin+danbooru_tag,31201/312010,True
azur_lane,akashi_(the_black_cat_cometh)_(azur_lane),azur_lane,released_skin_official_name,31201/312012,False
azur_lane,akashi_(welcome_to_azurcon)_(azur_lane),azur_lane,released_skin_official_name,31201/312013,False
azur_lane,akashi_(welcome_to_sofmap)_(azur_lane),azur_lane,released_skin_official_name,31201/312014,False
azur_lane,akashi_(white_cat's_repayment)_(azur_lane),azur_lane,released_skin+danbooru_tag,31201/312018,True
azur_lane,akatsuki_(akatsuki_goes_north)_(azur_lane),azur_lane,released_skin+danbooru_tag,30109/301091,True
azur_lane,akatsuki_(azur_lane),azur_lane,released_skin+danbooru_tag,30109/301090,True
azur_lane,akatsuki_(cirque_de_ninjutsu)_(azur_lane),azur_lane,released_skin_official_name,30109/301094,False
azur_lane,akatsuki_(motoninja_akatsuki)_(azur_lane),azur_lane,released_skin+danbooru_tag,30109/301092,True
azur_lane,akatsuki_(santa's_lost_helper)_(azur_lane),azur_lane,released_skin_official_name,30109/301093,False
azur_lane,alabama_(azur_lane),azur_lane,legacy_appearance_pack+released_skin+danbooru_tag,10520/105200,True
azur_lane,alabama_(through_your_lens_my_everything)_(azur_lane),azur_lane,released_skin+danbooru_tag,10520/105202,True
azur_lane,alabama_(untarnished_silver_silken_gold)_(azur_lane),azur_lane,released_skin+danbooru_tag,10520/105201,True
azur_lane,albacore_(a_catty_surprise)_(azur_lane),azur_lane,released_skin_official_name,10802/108022,False
azur_lane,albacore_(azur_lane),azur_lane,legacy_appearance_pack+released_skin+danbooru_tag,10802/108020,True
azur_lane,albacore_(beneath_the_black_dress)_(azur_lane),azur_lane,released_skin+danbooru_tag,10802/108021,True
azur_lane,albacore_μ_(a_catty_surprise)_(azur_lane),azur_lane,released_skin_official_name,10805/108022,False
azur_lane,albacore_μ_(azur_lane),azur_lane,released_skin_official_name,10805/108050,False
azur_lane,albacore_μ_(beneath_the_black_dress)_(azur_lane),azur_lane,released_skin_official_name,10805/108021,False
azur_lane,alberto_di_giussano_(a_magnificent_mistake)_(azur_lane),azur_lane,released_skin+danbooru_tag,60204/602041,True
azur_lane,alberto_di_giussano_(azur_lane),azur_lane,released_skin+danbooru_tag,60204/602040,True
azur_lane,albion_(a_fairy-tale_breakfast)_(azur_lane),azur_lane,legacy_appearance_pack+released_skin+danbooru_tag,20607/206073,True
azur_lane,albion_(azur_lane),azur_lane,legacy_appearance_pack+released_skin+danbooru_tag,20607/206070,True
azur_lane,albion_(scent_of_spring_in_the_red_pavilion)_(azur_lane),azur_lane,released_skin+danbooru_tag,20607/206072,True
azur_lane,albion_(silvermoon_faerie_princess)_(azur_lane),azur_lane,released_skin+danbooru_tag,20607/206071,True
azur_lane,alfredo_oriani_(azur_lane),azur_lane,released_skin+danbooru_tag,60108/601080,True
azur_lane,alfredo_oriani_(vivacious_vivace)_(azur_lane),azur_lane,released_skin+danbooru_tag,60108/601081,True
azur_lane,algerie_(azur_lane),azur_lane,legacy_appearance_pack+released_skin+danbooru_tag,90302/903020,True
azur_lane,algerie_(red_queen's_decree)_(azur_lane),azur_lane,released_skin+danbooru_tag,90302/903022,True
azur_lane,algerie_(white_sand_paradise)_(azur_lane),azur_lane,legacy_appearance_pack+released_skin+danbooru_tag,90302/903021,True
azur_lane,algerie_meta_(azur_lane),azur_lane,released_skin_official_name,970302/9703020,False
azur_lane,allen_m._sumner_(azur_lane),azur_lane,legacy_appearance_pack,,True
azur_lane,allen_m_sumner_(azur_lane),azur_lane,released_skin_official_name,10145/101450,False
azur_lane,allen_m_sumner_(charming_rabbit)_(azur_lane),azur_lane,released_skin_official_name,10145/101451,False
azur_lane,allen_m_sumner_(two_faces_of_justice)_(azur_lane),azur_lane,released_skin_official_name,10145/101452,False
azur_lane,alsace_(azur_lane),azur_lane,legacy_appearance_pack+released_skin+danbooru_tag,80503/805030,True
azur_lane,alsace_(heat-beating_summer_sacrament)_(azur_lane),azur_lane,released_skin_official_name,80503/805031,False
azur_lane,alsace_(heat_beating_summer_sacrament)_(azur_lane),azur_lane,legacy_appearance_pack,,True
azur_lane,alsace_(tipsy_oni_on_a_sacred_night)_(azur_lane),azur_lane,released_skin+danbooru_tag,80503/805032,True
azur_lane,alvitr_(azur_lane),azur_lane,legacy_appearance_pack+released_skin+danbooru_tag,40406/404060,True
azur_lane,alvitr_(muspel's_torrid_secrets)_(azur_lane),azur_lane,released_skin+danbooru_tag,40406/404061,True
azur_lane,amagi(cv)_(azur_lane),azur_lane,released_skin_official_name,30715/307150,False
azur_lane,amagi(cv)_(moonlit_blossom_on_placid_seas)_(azur_lane),azur_lane,released_skin_official_name,30715/307158,False
azur_lane,amagi(cv)_(the_mermaid_of_the_emerald_sea)_(azur_lane),azur_lane,released_skin_official_name,30715/307152,False
azur_lane,amagi(cv)_(throne_of_fallen_petals)_(azur_lane),azur_lane,released_skin_official_name,30715/307151,False
azur_lane,amagi-chan_(azur_lane),azur_lane,legacy_appearance_pack+released_skin+danbooru_tag,30407/304070,True
azur_lane,amagi_(azur_lane),azur_lane,legacy_appearance_pack+released_skin+danbooru_tag,30405/304050,True
azur_lane,amagi_(cv)_(azur_lane),azur_lane,legacy_appearance_pack,,True
azur_lane,amagi_(red_kite_respite)_(azur_lane),azur_lane,released_skin+danbooru_tag,30405/304052,True
azur_lane,amagi_(wending_waters_serene_lotus)_(azur_lane),azur_lane,legacy_appearance_pack+released_skin+danbooru_tag,30405/304051,True
azur_lane,amatsukaze_(azur_lane),azur_lane,released_skin+danbooru_tag,30119/301190,True
azur_lane,amatsukaze_(the_fox_spirit_descends_on_heavenly_winds)_(azur_lane),azur_lane,released_skin+danbooru_tag,30119/301191+30119/301192,True
azur_lane,amazon_(azur_lane),azur_lane,released_skin+danbooru_tag,20101/201010,True
azur_lane,amazon_(little_orchestra)_(azur_lane),azur_lane,released_skin+danbooru_tag,20101/201011,True
azur_lane,amazon_(retrofit)_(azur_lane),azur_lane,released_skin+danbooru_tag,20101/201019,True
azur_lane,ami_futami_(azur_lane),azur_lane,released_skin_official_name,1070006/10700060,False
azur_lane,ami_futami_(summer_flowers_and_sizzling_beats)_(azur_lane),azur_lane,released_skin_official_name,1070006/10700061,False
azur_lane,amity_(azur_lane),azur_lane,released_skin+danbooru_tag,960009/9600090,True
azur_lane,amity_(friendly_franken)_(azur_lane),azur_lane,released_skin+danbooru_tag,960009/9600091,True
azur_lane,an_shan_(azur_lane),azur_lane,released_skin+danbooru_tag,50101/501010,True
azur_lane,an_shan_(retrofit)_(azur_lane),azur_lane,released_skin+danbooru_tag,50101/501019,True
azur_lane,an_shan_(setting_sun_hearts_as_one)_(azur_lane),azur_lane,released_skin+danbooru_tag,50101/501012,True
azur_lane,anchorage_(azur_lane),azur_lane,legacy_appearance_pack+released_skin+danbooru_tag,19903/199030,True
azur_lane,anchorage_(dolphins_and_swim_lessons)_(azur_lane),azur_lane,legacy_appearance_pack+released_skin+danbooru_tag,19903/199031,True
azur_lane,anchorage_(moonlit_boat_ride)_(azur_lane),azur_lane,released_skin+danbooru_tag,19903/199032,True
azur_lane,anchorage_(oath_of_sunsets_and_fireworks)_(azur_lane),azur_lane,released_skin+danbooru_tag,19903/199038,True
azur_lane,anchorage_(sweet_evening_milk)_(azur_lane),azur_lane,released_skin+danbooru_tag,19903/199033,True
azur_lane,andrea_doria_(azur_lane),azur_lane,released_skin+danbooru_tag,60507/605070,True
azur_lane,andrea_doria_(have_a_safe_flight)_(azur_lane),azur_lane,released_skin+danbooru_tag,60507/605071,True
azur_lane,andrea_doria_meta_(azur_lane),azur_lane,released_skin_official_name,970508/9705080,False
azur_lane,anniversary_kizuna_ai_(azur_lane),azur_lane,released_skin_official_name,1040003/10400030,False
azur_lane,aoba_(azur_lane),azur_lane,released_skin+danbooru_tag,30303/303030,True
azur_lane,aquila_(a_sip_of_sardegnian_elegance)_(azur_lane),azur_lane,released_skin+danbooru_tag,60701/607012,True
azur_lane,aquila_(azur_lane),azur_lane,legacy_appearance_pack+released_skin+danbooru_tag,60701/607010,True
azur_lane,aquila_(sardegnian_shallows_and_sunshine)_(azur_lane),azur_lane,legacy_appearance_pack+released_skin+danbooru_tag,60701/607011,True
azur_lane,arashio_(azur_lane),azur_lane,released_skin+danbooru_tag,30166/301660,True
azur_lane,arashio_(the_gentlest_firework)_(azur_lane),azur_lane,released_skin+danbooru_tag,30166/301661,True
azur_lane,archerfish_(azur_lane),azur_lane,released_skin+danbooru_tag,10806/108060,True
azur_lane,archerfish_(coquettish_bunny)_(azur_lane),azur_lane,released_skin+danbooru_tag,10806/108061,True
azur_lane,archerfish_(the_devil_next_door)_(azur_lane),azur_lane,released_skin+danbooru_tag,10806/108062,True
azur_lane,ardent_(ardent_valentine)_(azur_lane),azur_lane,released_skin+danbooru_tag,20103/201031,True
azur_lane,ardent_(azur_lane),azur_lane,released_skin+danbooru_tag,20103/201030,True
azur_lane,ardent_(master_ardent)_(azur_lane),azur_lane,released_skin+danbooru_tag,20103/201032,True
azur_lane,ardent_(retrofit)_(azur_lane),azur_lane,released_skin+danbooru_tag,20103/201039,True
azur_lane,arethusa_(azur_lane),azur_lane,released_skin+danbooru_tag,20213/202130,True
azur_lane,argus_(a_hundred_sleepless_eyes)_(azur_lane),azur_lane,released_skin_official_name,20602/206021,False
azur_lane,argus_(azur_lane),azur_lane,legacy_appearance_pack+released_skin+danbooru_tag,20602/206020,True
azur_lane,argus_(cerulean_enthrallment)_(azur_lane),azur_lane,released_skin+danbooru_tag,20602/206022,True
azur_lane,argus_(dignified_swimsuit_training)_(azur_lane),azur_lane,released_skin+danbooru_tag,20602/206023,True
azur_lane,ariake_(azur_lane),azur_lane,released_skin+danbooru_tag,30125/301250,True
azur_lane,ariake_(retrofit)_(azur_lane),azur_lane,released_skin+danbooru_tag,30125/301259,True
azur_lane,ariake_(unending_friendship)_(azur_lane),azur_lane,released_skin+danbooru_tag,30125/301251,True
azur_lane,arizona_(azur_lane),azur_lane,legacy_appearance_pack+released_skin+danbooru_tag,10504/105040,True
azur_lane,arizona_(enchantress_from_afar)_(azur_lane),azur_lane,released_skin+danbooru_tag,10504/105041,True
azur_lane,arizona_meta_(azur_lane),azur_lane,released_skin_official_name,970503/9705030,False
azur_lane,ark_royal_(azur_lane),azur_lane,legacy_appearance_pack+released_skin+danbooru_tag,20702/207020,True
azur_lane,ark_royal_(cafe_lookout)_(azur_lane),azur_lane,released_skin+danbooru_tag,20702/207024,True
azur_lane,ark_royal_(coast_watcher)_(azur_lane),azur_lane,released_skin+danbooru_tag,20702/207021,True
azur_lane,ark_royal_(guardian_of_the_ball)_(azur_lane),azur_lane,released_skin+danbooru_tag,20702/207022,True
azur_lane,ark_royal_(new_year's_protectress)_(azur_lane),azur_lane,released_skin+danbooru_tag,20702/207023,True
azur_lane,ark_royal_(order_amidst_amusement)_(azur_lane),azur_lane,released_skin+danbooru_tag,20702/207025,True
azur_lane,ark_royal_(pure-white_protector)_(azur_lane),azur_lane,released_skin+danbooru_tag,20702/207028,True
azur_lane,ark_royal_(retrofit)_(azur_lane),azur_lane,released_skin+danbooru_tag,20702/207029,True
azur_lane,ark_royal_meta_(azur_lane),azur_lane,released_skin_official_name,970702/9707020,False
azur_lane,arkhangelsk_(azur_lane),azur_lane,released_skin+danbooru_tag,70506/705060,True
azur_lane,arkhangelsk_(grandiose_getaway)_(azur_lane),azur_lane,released_skin+danbooru_tag,70506/705061,True
azur_lane,arkhangelsk_(supporting_sorceress)_(azur_lane),azur_lane,released_skin+danbooru_tag,70506/705062,True
azur_lane,arromanches_(acrobatic_archery)_(azur_lane),azur_lane,released_skin+danbooru_tag,80602/806021,True
azur_lane,arromanches_(azur_lane),azur_lane,released_skin+danbooru_tag,80602/806020,True
azur_lane,asama_(azur_lane),azur_lane,released_skin+danbooru_tag,30320/303200,True
azur_lane,asama_(blooming_upon_a_bewitching_night)_(azur_lane),azur_lane,released_skin_official_name,30320/303201,False
azur_lane,asanagi_(azur_lane),azur_lane,legacy_appearance_pack+released_skin+danbooru_tag,30190/301900,True
azur_lane,asanagi_(lulled_by_rough_seas)_(azur_lane),azur_lane,released_skin+danbooru_tag,30190/301901,True
azur_lane,asashio_(azur_lane),azur_lane,released_skin+danbooru_tag,30163/301630,True
azur_lane,asashio_(robes_of_dancing_clouds)_(azur_lane),azur_lane,released_skin+danbooru_tag,30163/301633,True
azur_lane,asashio_(snow-dusted_lynx_tips)_(azur_lane),azur_lane,released_skin+danbooru_tag,30163/301632,True
azur_lane,asashio_(the_transfer_student_underneath_the_dancing_petals)_(azur_lane),azur_lane,released_skin+danbooru_tag,30163/301631,True
azur_lane,ashigara_(azur_lane),azur_lane,released_skin+danbooru_tag,30309/303090,True
azur_lane,ashigara_(brief_intermission)_(azur_lane),azur_lane,released_skin+danbooru_tag,30309/303091,True
azur_lane,ashigara_(kaleidoscopic_summer)_(azur_lane),azur_lane,released_skin+danbooru_tag,30309/303092,True
azur_lane,astoria_(azur_lane),azur_lane,released_skin+danbooru_tag,10308/103080,True
azur_lane,astoria_(black_bunny_carnival)_(azur_lane),azur_lane,released_skin+danbooru_tag,10308/103082,True
azur_lane,astoria_(pure_gurl)_(azur_lane),azur_lane,released_skin_official_name,10308/103081,False
azur_lane,asuka_(azur_lane),azur_lane,released_skin_official_name,1100001/11000010,False
azur_lane,asuka_(blue_oceans)_(azur_lane),azur_lane,released_skin_official_name,1100001/11000011,False
azur_lane,atago_(azur_lane),azur_lane,legacy_appearance_pack+released_skin+danbooru_tag,30312/303120,True
azur_lane,atago_(full_moon's_feral_wolf)_(azur_lane),azur_lane,released_skin+danbooru_tag,30312/303125,True
azur_lane,atago_(hallmarks_of_winter)_(azur_lane),azur_lane,released_skin+danbooru_tag,30312/303122,True
azur_lane,atago_(lily-white_vow)_(azur_lane),azur_lane,released_skin+danbooru_tag,30312/303128,True
azur_lane,atago_(school_traumerei)_(azur_lane),azur_lane,legacy_appearance_pack+released_skin+danbooru_tag,30312/303123,True
azur_lane,atago_(stunning_speedster)_(azur_lane),azur_lane,legacy_appearance_pack+released_skin+danbooru_tag,30312/303124,True
azur_lane,atago_(summer_march)_(azur_lane),azur_lane,legacy_appearance_pack+released_skin+danbooru_tag,30312/303121,True
azur_lane,atlanta_(azur_lane),azur_lane,released_skin+danbooru_tag,10206/102060,True
azur_lane,attilio_regolo_(angel_from_above)_(azur_lane),azur_lane,released_skin+danbooru_tag,60110/601102,True
azur_lane,attilio_regolo_(azur_lane),azur_lane,legacy_appearance_pack+released_skin+danbooru_tag,60110/601100,True
azur_lane,attilio_regolo_(castle_of_inspiration)_(azur_lane),azur_lane,released_skin+danbooru_tag,60110/601101,True
azur_lane,august_von_parseval_(azur_lane),azur_lane,legacy_appearance_pack+released_skin+danbooru_tag,49906/499060,True
azur_lane,august_von_parseval_(night_rendezvous_with_the_unhulde)_(azur_lane),azur_lane,released_skin+danbooru_tag,49906/499063,True
azur_lane,august_von_parseval_(the_conquered_unhulde)_(azur_lane),azur_lane,legacy_appearance_pack+released_skin+danbooru_tag,49906/499061,True
azur_lane,august_von_parseval_(the_unhulde's_midday_respite)_(azur_lane),azur_lane,legacy_appearance_pack+released_skin+danbooru_tag,49906/499062,True
azur_lane,aulick_(azur_lane),azur_lane,released_skin+danbooru_tag,10113/101130,True
azur_lane,aurora_(azur_lane),azur_lane,released_skin+danbooru_tag,20215/202150,True
azur_lane,aurora_(dawn's_paean)_(azur_lane),azur_lane,released_skin+danbooru_tag,20215/202152,True
azur_lane,aurora_(garb_of_eternal_prosperity)_(azur_lane),azur_lane,released_skin+danbooru_tag,20215/202158,True
azur_lane,aurora_(heritage_of_yu_city)_(azur_lane),azur_lane,released_skin+danbooru_tag,20215/202153,True
azur_lane,aurora_(the_tale_of_spring)_(azur_lane),azur_lane,released_skin+danbooru_tag,20215/202151,True
azur_lane,avrora_(azur_lane),azur_lane,legacy_appearance_pack+released_skin+danbooru_tag,70201/702010,True
azur_lane,avrora_(mellow_seaspray)_(azur_lane),azur_lane,released_skin+danbooru_tag,70201/702013,True
azur_lane,avrora_(not_cut_out_for_this)_(azur_lane),azur_lane,released_skin_official_name,70201/702012,False
azur_lane,avrora_(shackled_saule)_(azur_lane),azur_lane,released_skin+danbooru_tag,70201/702011,True
azur_lane,ayanami_(azur_lane),azur_lane,legacy_appearance_pack+released_skin+danbooru_tag,30105/301050,True
azur_lane,ayanami_(cola_fills_you_with_determination)_(azur_lane),azur_lane,released_skin+danbooru_tag,30105/331054,True
azur_lane,ayanami_(covert_ops_cloak)_(azur_lane),azur_lane,released_skin+danbooru_tag,30105/301056,True
azur_lane,ayanami_(demon's_finest_dress)_(azur_lane),azur_lane,released_skin+danbooru_tag,30105/301058,True
azur_lane,ayanami_(disarming_deep_blue)_(azur_lane),azur_lane,released_skin+danbooru_tag,30105/331056,True
azur_lane,ayanami_(dynamic_kick)_(azur_lane),azur_lane,released_skin_official_name,30105/331055,False
azur_lane,ayanami_(dynasty_shipgirl)_(azur_lane),azur_lane,released_skin+danbooru_tag,30105/331053,True
azur_lane,ayanami_(grade_a_sailor_uniform)_(azur_lane),azur_lane,released_skin+danbooru_tag,30105/301055,True
azur_lane,ayanami_(low-key_idol_confused)_(azur_lane),azur_lane,released_skin_official_name,30105/301057,False
azur_lane,ayanami_(lunar_demon)_(azur_lane),azur_lane,legacy_appearance_pack+released_skin+danbooru_tag,30105/301054,True
azur_lane,ayanami_(nightfall_raiment)_(azur_lane),azur_lane,legacy_appearance_pack+released_skin+danbooru_tag,30105/331051,True
azur_lane,ayanami_(off-duty_battle_station_gear)_(azur_lane),azur_lane,released_skin+danbooru_tag,30105/331052,True
azur_lane,ayanami_(pulse_of_the_new_year)_(azur_lane),azur_lane,released_skin+danbooru_tag,30105/331050,True
azur_lane,ayanami_(retrofit)_(azur_lane),azur_lane,legacy_appearance_pack+released_skin+danbooru_tag,30105/301059,True
azur_lane,ayanami_(rock_'n'_demon)_(azur_lane),azur_lane,legacy_appearance_pack+released_skin+danbooru_tag,30105/301053,True
azur_lane,ayanami_(witch_in_ambush)_(azur_lane),azur_lane,released_skin+danbooru_tag,30105/301051,True
azur_lane,ayase_(a_glimpse_of_the_moon_rabbit)_(azur_lane),azur_lane,released_skin+danbooru_tag,30226/302261,True
azur_lane,ayase_(azur_lane),azur_lane,released_skin+danbooru_tag,30226/302260,True
azur_lane,aylwin_(azur_lane),azur_lane,released_skin+danbooru_tag,10140/101400,True
azur_lane,aylwin_(sunday_aquarium_visit)_(azur_lane),azur_lane,released_skin+danbooru_tag,10140/101401,True
azur_lane,azuchi_(azur_lane),azur_lane,released_skin+danbooru_tag,30409/304090,True
azur_lane,azuchi_(testing_courage_in_crimson)_(azur_lane),azur_lane,released_skin+danbooru_tag,30409/304091+30409/304092,True
azur_lane,azuma_(azur_lane),azur_lane,legacy_appearance_pack+released_skin+danbooru_tag,39904/399040,True
azur_lane,azuma_(career_counseling_for_the_groom)_(azur_lane),azur_lane,released_skin+danbooru_tag,39904/399042,True
azur_lane,azuma_(lily-white_longing)_(azur_lane),azur_lane,released_skin+danbooru_tag,39904/399048,True
azur_lane,azuma_(soft_voice_of_spring)_(azur_lane),azur_lane,legacy_appearance_pack+released_skin+danbooru_tag,39904/399041,True
azur_lane,azusa_miura_(azur_lane),azur_lane,released_skin_official_name,1070004/10700040,False
azur_lane,azusa_miura_(midsummer_relaxation)_(azur_lane),azur_lane,released_skin_official_name,1070004/10700041,False
azur_lane,bache_(azur_lane),azur_lane,legacy_appearance_pack+released_skin+danbooru_tag,10135/101350,True
azur_lane,bache_(gorgeous_speed-star)_(azur_lane),azur_lane,released_skin+danbooru_tag,10135/101351,True
azur_lane,bache_(showy_sports_star)_(azur_lane),azur_lane,legacy_appearance_pack+released_skin+danbooru_tag,10135/101352,True
azur_lane,bailey_(azur_lane),azur_lane,released_skin+danbooru_tag,10127/101270,True
azur_lane,bailey_(jolly_saint_bunnylass)_(azur_lane),azur_lane,released_skin_official_name,10127/101272,False
azur_lane,bailey_(retrofit)_(azur_lane),azur_lane,released_skin+danbooru_tag,10127/101279,True
azur_lane,bailey_(trickster_black_rabbit)_(azur_lane),azur_lane,released_skin+danbooru_tag,10127/101271,True
azur_lane,baltimore_(ace's_travel_journal)_(azur_lane),azur_lane,released_skin+danbooru_tag,10316/103164,True
azur_lane,baltimore_(after-school_ace)_(azur_lane),azur_lane,legacy_appearance_pack+released_skin+danbooru_tag,10316/103161,True
azur_lane,baltimore_(azur_lane),azur_lane,legacy_appearance_pack+released_skin+danbooru_tag,10316/103160,True
azur_lane,baltimore_(black_ace)_(azur_lane),azur_lane,legacy_appearance_pack+released_skin+danbooru_tag,10316/103162,True
azur_lane,baltimore_(evening_breeze_minuet)_(azur_lane),azur_lane,released_skin+danbooru_tag,10316/103163,True
azur_lane,baltimore_(finish_line_flagbearer)_(azur_lane),azur_lane,legacy_appearance_pack+released_skin+danbooru_tag,10316/103165,True
azur_lane,baltimore_(when_the_breeze_blows)_(azur_lane),azur_lane,released_skin+danbooru_tag,10316/103168,True
azur_lane,baltimore_μ_(ace's_travel_journal)_(azur_lane),azur_lane,released_skin_official_name,10325/103164,False
azur_lane,baltimore_μ_(after-school_ace)_(azur_lane),azur_lane,released_skin_official_name,10325/103161,False
azur_lane,baltimore_μ_(azur_lane),azur_lane,released_skin_official_name,10325/103250,False
azur_lane,baltimore_μ_(black_ace)_(azur_lane),azur_lane,released_skin_official_name,10325/103162,False
azur_lane,baltimore_μ_(evening_breeze_minuet)_(azur_lane),azur_lane,released_skin_official_name,10325/103163,False
azur_lane,baltimore_μ_(finish_line_flagbearer)_(azur_lane),azur_lane,released_skin_official_name,10325/103165,False
azur_lane,baltimore_μ_(when_the_breeze_blows)_(azur_lane),azur_lane,released_skin_official_name,10325/103168,False
azur_lane,bartolomeo_colleoni_(azur_lane),azur_lane,released_skin+danbooru_tag,60203/602030,True
azur_lane,bartolomeo_colleoni_(the_empress'_romantic_ambush)_(azur_lane),azur_lane,released_skin+danbooru_tag,60203/602031,True
azur_lane,bataan_(azur_lane),azur_lane,legacy_appearance_pack+released_skin+danbooru_tag,10729/107290,True
azur_lane,bataan_(comfy_cotton_jammies)_(azur_lane),azur_lane,released_skin+danbooru_tag,10729/107291,True
azur_lane,bayard_(azur_lane),azur_lane,released_skin+danbooru_tag,89904/899040,True
azur_lane,bayard_(the_most_treacherous_trial)_(azur_lane),azur_lane,released_skin+danbooru_tag,89904/899041,True
azur_lane,beagle_(azur_lane),azur_lane,released_skin+danbooru_tag,20106/201060,True
azur_lane,bearn_(azur_lane),azur_lane,released_skin+danbooru_tag,80701/807010,True
azur_lane,bearn_(summer_lifeguard)_(azur_lane),azur_lane,released_skin+danbooru_tag,80701/807011,True
azur_lane,bearn_meta_(azur_lane),azur_lane,released_skin_official_name,970704/9707040,False
azur_lane,belfast_(azur_lane),azur_lane,legacy_appearance_pack+released_skin+danbooru_tag,20212/202120,True
azur_lane,belfast_(blissful_service)_(azur_lane),azur_lane,legacy_appearance_pack+released_skin+danbooru_tag,20212/202127,True
azur_lane,belfast_(folded_fascination)_(azur_lane),azur_lane,released_skin+danbooru_tag,20212/202126,True
azur_lane,belfast_(iridescent_rosa)_(azur_lane),azur_lane,released_skin+danbooru_tag,20212/202121,True
azur_lane,belfast_(piping-hot_perfection)_(azur_lane),azur_lane,legacy_appearance_pack+released_skin+danbooru_tag,20212/202125,True
azur_lane,belfast_(retrofit)_(azur_lane),azur_lane,released_skin+danbooru_tag,20212/202129,True
azur_lane,belfast_(serene_steel)_(azur_lane),azur_lane,released_skin+danbooru_tag,20212/202122,True
azur_lane,belfast_(shopping_with_the_head_maid)_(azur_lane),azur_lane,legacy_appearance_pack+released_skin+danbooru_tag,20212/202124,True
azur_lane,belfast_(the_noble_attendant)_(azur_lane),azur_lane,legacy_appearance_pack+released_skin+danbooru_tag,20212/202123,True
azur_lane,belfast_(the_pledge_of_claddagh)_(azur_lane),azur_lane,released_skin+danbooru_tag,20212/202128,True
azur_lane,bell_(azur_lane),azur_lane,released_skin+danbooru_tag,10152/101520,True
azur_lane,bell_(saloon_mishaps)_(azur_lane),azur_lane,released_skin+danbooru_tag,10152/101521,True
azur_lane,bellona_(armed_to_clean)_(azur_lane),azur_lane,released_skin+danbooru_tag,20231/202311,True
azur_lane,bellona_(azur_lane),azur_lane,legacy_appearance_pack+released_skin+danbooru_tag,20231/202310,True
azur_lane,bennington_(azur_lane),azur_lane,legacy_appearance_pack+released_skin+danbooru_tag,10720/107200,True
azur_lane,bennington_(sunshine_chaser)_(azur_lane),azur_lane,released_skin+danbooru_tag,10720/107201,True
azur_lane,benson_(azur_lane),azur_lane,released_skin+danbooru_tag,10116/101160,True
azur_lane,benson_(cutie_pumpkin_pie)_(azur_lane),azur_lane,released_skin+danbooru_tag,10116/101161,True
azur_lane,biloxi_(azur_lane),azur_lane,released_skin+danbooru_tag,10225/102250,True
azur_lane,biloxi_(dapper_gangstress)_(azur_lane),azur_lane,released_skin+danbooru_tag,10225/102251,True
azur_lane,biloxi_(empress_in_the_silk_seat)_(azur_lane),azur_lane,released_skin+danbooru_tag,10225/102252,True
azur_lane,biloxi_(night_sky's_brilliant_blue_blossoms)_(azur_lane),azur_lane,released_skin+danbooru_tag,10225/102253,True
azur_lane,biloxi_(romeo_or_juliet)_(azur_lane),azur_lane,released_skin_official_name,10225/102254,False
azur_lane,birmingham_(azur_lane),azur_lane,released_skin+danbooru_tag,10223/102230,True
azur_lane,birmingham_(briar_maid)_(azur_lane),azur_lane,released_skin+danbooru_tag,10223/102234,True
azur_lane,birmingham_(fruitful_snow_of_an_auspicious_year)_(azur_lane),azur_lane,released_skin+danbooru_tag,10223/102232,True
azur_lane,birmingham_(rider_of_red)_(azur_lane),azur_lane,released_skin+danbooru_tag,10223/102231,True
azur_lane,birmingham_(to_where_the_wind_blows)_(azur_lane),azur_lane,released_skin+danbooru_tag,10223/102233,True
azur_lane,bismarck_(azur_lane),azur_lane,legacy_appearance_pack+released_skin+danbooru_tag,40501/405010,True
azur_lane,bismarck_(bathed_in_brightness_and_spirit)_(azur_lane),azur_lane,released_skin_official_name,40501/405052,False
azur_lane,bismarck_(beacon_of_the_iron_blood)_(azur_lane),azur_lane,legacy_appearance_pack+released_skin+danbooru_tag,40501/405011,True
azur_lane,bismarck_(crystal-clear_holiday)_(azur_lane),azur_lane,released_skin_official_name,40501/405051,False
azur_lane,bismarck_(iron-black_elysium)_(azur_lane),azur_lane,released_skin_official_name,40501/405012,False
azur_lane,bismarck_(unpacked_surprise)_(azur_lane),azur_lane,released_skin+danbooru_tag,40501/405013,True
azur_lane,bismarck_(wedding_dominion)_(azur_lane),azur_lane,released_skin+danbooru_tag,40501/405018,True
azur_lane,bismarck_zwei_(azur_lane),azur_lane,legacy_appearance_pack+released_skin+danbooru_tag,40505/405050,True
azur_lane,bismarck_zwei_(bathed_in_brightness_and_spirit)_(azur_lane),azur_lane,released_skin+danbooru_tag,40505/405052,True
azur_lane,bismarck_zwei_(beacon_of_the_iron_blood)_(azur_lane),azur_lane,released_skin_official_name,40505/405011,False
azur_lane,bismarck_zwei_(crystal-clear_holiday)_(azur_lane),azur_lane,released_skin+danbooru_tag,40505/405051,True
azur_lane,bismarck_zwei_(iron-black_elysium)_(azur_lane),azur_lane,released_skin_official_name,40505/405012,False
azur_lane,bismarck_zwei_(unpacked_surprise)_(azur_lane),azur_lane,released_skin_official_name,40505/405013,False
azur_lane,bismarck_zwei_(wedding_dominion)_(azur_lane),azur_lane,released_skin_official_name,40505/405018,False
azur_lane,black_heart_(azur_lane),azur_lane,released_skin_official_name,1010006/10100060,False
azur_lane,black_heart_(goddesses'_smile)_(azur_lane),azur_lane,released_skin_official_name,1010006/10100061,False
azur_lane,black_prince_(addled_attendant)_(azur_lane),azur_lane,released_skin_official_name,20224/202244,False
azur_lane,black_prince_(azur_lane),azur_lane,legacy_appearance_pack+released_skin+danbooru_tag,20224/202240,True
azur_lane,black_prince_(fair_maid_spring)_(azur_lane),azur_lane,released_skin+danbooru_tag,20224/202242,True
azur_lane,black_prince_(love's_greeting)_(azur_lane),azur_lane,released_skin+danbooru_tag,20224/202248,True
azur_lane,black_prince_(pop_the_cork)_(azur_lane),azur_lane,released_skin+danbooru_tag,20224/202243,True
azur_lane,black_prince_(white_princess)_(azur_lane),azur_lane,released_skin+danbooru_tag,20224/202241,True
azur_lane,black_rock_shooter_(azur_lane),azur_lane,released_skin_official_name,1120001/11200010,False
azur_lane,black_rock_shooter_(goddess_in_black)_(azur_lane),azur_lane,released_skin_official_name,1120001/11200011,False
azur_lane,blanc_(azur_lane),azur_lane,released_skin_official_name,1010003/10100030,False
azur_lane,blucher_(azur_lane),azur_lane,released_skin+danbooru_tag,40302/403020+40302/403023,True
azur_lane,blucher_(high-altitude_head_over_heels)_(azur_lane),azur_lane,released_skin_official_name,40302/403021,False
azur_lane,blucher_(skyward_burning_love)_(azur_lane),azur_lane,released_skin_official_name,40302/403022,False
azur_lane,bluecher_(azur_lane),azur_lane,legacy_appearance_pack,,True
azur_lane,bluegill_(azur_lane),azur_lane,released_skin+danbooru_tag,10804/108040,True
azur_lane,bluegill_(up-and-coming_infielder)_(azur_lane),azur_lane,released_skin+danbooru_tag,10804/108041,True
azur_lane,bogatyr_(azur_lane),azur_lane,released_skin+danbooru_tag,70210/702100,True
azur_lane,bogatyr_(emotional_data_maintenance)_(azur_lane),azur_lane,released_skin+danbooru_tag,70210/702101,True
azur_lane,bogue_(azur_lane),azur_lane,released_skin+danbooru_tag,10602/106020,True
azur_lane,bogue_(retrofit)_(azur_lane),azur_lane,released_skin+danbooru_tag,10602/106029,True
azur_lane,bois_belleau_(azur_lane),azur_lane,legacy_appearance_pack+released_skin+danbooru_tag,80601/806010,True
azur_lane,bois_belleau_(steamy_therapy)_(azur_lane),azur_lane,released_skin+danbooru_tag,80601/806011,True
azur_lane,boise_(azur_lane),azur_lane,legacy_appearance_pack+released_skin+danbooru_tag,10229/102290,True
azur_lane,boise_(castle_tales)_(azur_lane),azur_lane,released_skin+danbooru_tag,10229/102292,True
azur_lane,boise_(flawed_but_delectable)_(azur_lane),azur_lane,released_skin+danbooru_tag,10229/102294,True
azur_lane,boise_(jade_mermaid)_(azur_lane),azur_lane,released_skin+danbooru_tag,10229/102293,True
azur_lane,boise_(sheepish_sapphire)_(azur_lane),azur_lane,released_skin+danbooru_tag,10229/102291,True
azur_lane,boise_meta_(azur_lane),azur_lane,released_skin_official_name,970208/9702080,False
azur_lane,boise_μ_(azur_lane),azur_lane,released_skin_official_name,10232/102320,False
azur_lane,boise_μ_(castle_tales)_(azur_lane),azur_lane,released_skin_official_name,10232/102292,False
azur_lane,boise_μ_(flawed_but_delectable)_(azur_lane),azur_lane,released_skin_official_name,10232/102294,False
azur_lane,boise_μ_(jade_mermaid)_(azur_lane),azur_lane,released_skin_official_name,10232/102293,False
azur_lane,boise_μ_(sheepish_sapphire)_(azur_lane),azur_lane,released_skin_official_name,10232/102291,False
azur_lane,bolzano_(a_flutter_in_the_moment)_(azur_lane),azur_lane,released_skin+danbooru_tag,60305/603051,True
azur_lane,bolzano_(a_special_night_just_for_us)_(azur_lane),azur_lane,released_skin+danbooru_tag,60305/603053,True
azur_lane,bolzano_(azur_lane),azur_lane,released_skin+danbooru_tag,60305/603050,True
azur_lane,bolzano_(tempting_treasure)_(azur_lane),azur_lane,released_skin+danbooru_tag,60305/603052,True
azur_lane,bolzano_meta_(azur_lane),azur_lane,released_skin_official_name,970306/9703060,False
azur_lane,bremerton_(azur_lane),azur_lane,legacy_appearance_pack+released_skin+danbooru_tag,10324/103240,True
azur_lane,bremerton_(day-off_date)_(azur_lane),azur_lane,legacy_appearance_pack+released_skin+danbooru_tag,10324/103243,True
azur_lane,bremerton_(joyride_of_love)_(azur_lane),azur_lane,released_skin+danbooru_tag,10324/103248,True
azur_lane,bremerton_(kung_fu_cruiser)_(azur_lane),azur_lane,legacy_appearance_pack+released_skin+danbooru_tag,10324/103242,True
azur_lane,bremerton_(pillowed_counseling)_(azur_lane),azur_lane,released_skin+danbooru_tag,10324/103245,True
azur_lane,bremerton_(relaxation_consultation)_(azur_lane),azur_lane,legacy_appearance_pack+released_skin+danbooru_tag,10324/103244,True
azur_lane,bremerton_(school)_(azur_lane),azur_lane,legacy_appearance_pack,,True
azur_lane,bremerton_(scorching-hot_training)_(azur_lane),azur_lane,legacy_appearance_pack+released_skin+danbooru_tag,10324/103241,True
azur_lane,brennus_(azur_lane),azur_lane,legacy_appearance_pack+released_skin+danbooru_tag,80302/803020,True
azur_lane,brennus_(musician_on_blade's_precipice)_(azur_lane),azur_lane,released_skin+danbooru_tag,80302/803021,True
azur_lane,brennus_(timeless_nocturne)_(azur_lane),azur_lane,released_skin+danbooru_tag,80302/803022,True
azur_lane,brest_(azur_lane),azur_lane,legacy_appearance_pack+released_skin+danbooru_tag,89903/899030,True
azur_lane,brest_(marine_muse)_(azur_lane),azur_lane,released_skin+danbooru_tag,89903/899031,True
azur_lane,brest_(moonlit_night's_spring_vista)_(azur_lane),azur_lane,released_skin+danbooru_tag,89903/899032,True
azur_lane,bristol_(azur_lane),azur_lane,released_skin+danbooru_tag,10149/101490,True
azur_lane,bristol_(head_investigator)_(azur_lane),azur_lane,released_skin+danbooru_tag,10149/101492,True
azur_lane,bristol_(tales_from_the_empery)_(azur_lane),azur_lane,released_skin+danbooru_tag,10149/101491,True
azur_lane,bristol_meta_(azur_lane),azur_lane,released_skin_official_name,970112/9701120,False
azur_lane,brooklyn_(azur_lane),azur_lane,released_skin+danbooru_tag,10203/102030,True
azur_lane,brunhilde_(azur_lane),azur_lane,released_skin+danbooru_tag,40405/404050,True
azur_lane,brunhilde_(grain-seizing_grani)_(azur_lane),azur_lane,released_skin_official_name,40405/404051,False
azur_lane,bulldog_(azur_lane),azur_lane,released_skin+danbooru_tag,20107/201070,True
azur_lane,bunker_hill_(azur_lane),azur_lane,legacy_appearance_pack+released_skin+danbooru_tag,10717/107170,True
azur_lane,bunker_hill_(mission_relaxation)_(azur_lane),azur_lane,released_skin+danbooru_tag,10717/107171,True
azur_lane,bush_(azur_lane),azur_lane,released_skin+danbooru_tag,10133/101330,True
azur_lane,bush_(budding_painter)_(azur_lane),azur_lane,released_skin+danbooru_tag,10133/101331,True
azur_lane,california_(azur_lane),azur_lane,legacy_appearance_pack+released_skin+danbooru_tag,10508/105080,True
azur_lane,carabiniere_(azur_lane),azur_lane,released_skin+danbooru_tag,60102/601020,True
azur_lane,carabiniere_(refreshing_sundress)_(azur_lane),azur_lane,released_skin+danbooru_tag,60102/601021,True
azur_lane,carabiniere_meta_(azur_lane),azur_lane,released_skin_official_name,970111/9701110,False
azur_lane,casablanca_(azur_lane),azur_lane,legacy_appearance_pack+released_skin+danbooru_tag,10655/106550,True
azur_lane,casablanca_(cheer_squad_on_break)_(azur_lane),azur_lane,released_skin+danbooru_tag,10655/106551,True
azur_lane,cassin_(azur_lane),azur_lane,legacy_appearance_pack+released_skin+danbooru_tag,10103/101030,True
azur_lane,cassin_(retrofit)_(azur_lane),azur_lane,released_skin+danbooru_tag,10103/101039,True
azur_lane,cassin_(shopping_carte_blanche)_(azur_lane),azur_lane,released_skin+danbooru_tag,10103/101031,True
azur_lane,cavalla_(azur_lane),azur_lane,released_skin+danbooru_tag,10803/108030,True
azur_lane,cavalla_(colorful_ceremony)_(azur_lane),azur_lane,released_skin+danbooru_tag,10803/108032,True
azur_lane,cavalla_(convenience_store_raid)_(azur_lane),azur_lane,released_skin_official_name,10803/108031,False
azur_lane,centaur_(azur_lane),azur_lane,released_skin+danbooru_tag,20604/206040,True
azur_lane,centaur_(beachside_undine)_(azur_lane),azur_lane,released_skin+danbooru_tag,20604/206041,True
azur_lane,centaur_(sprightly_spring_wind)_(azur_lane),azur_lane,released_skin+danbooru_tag,20604/206042,True
azur_lane,champagne_(adulation_eternal)_(azur_lane),azur_lane,released_skin+danbooru_tag,89902/899028,True
azur_lane,champagne_(azur_lane),azur_lane,released_skin+danbooru_tag,89902/899020,True
azur_lane,champagne_(lapis_lazuli's_first_dream)_(azur_lane),azur_lane,released_skin+danbooru_tag,89902/899021,True
azur_lane,chang_chun_(azur_lane),azur_lane,released_skin+danbooru_tag,50103/501030,True
azur_lane,chang_chun_(fortune_arrives_in_red)_(azur_lane),azur_lane,released_skin+danbooru_tag,50103/501032,True
azur_lane,chang_chun_(retrofit)_(azur_lane),azur_lane,released_skin+danbooru_tag,50103/501039,True
azur_lane,chang_chun_(the_joy_of_spring)_(azur_lane),azur_lane,released_skin+danbooru_tag,50103/501031,True
azur_lane,chang_feng_(a_sky_blue_eclipsing_jade)_(azur_lane),azur_lane,released_skin+danbooru_tag,50108/501082,True
azur_lane,chang_feng_(azur_lane),azur_lane,released_skin+danbooru_tag,50108/501080,True
azur_lane,chang_feng_(cozy_spring_cleaning)_(azur_lane),azur_lane,released_skin+danbooru_tag,50108/501081,True
azur_lane,chang_wu_(azur_lane),azur_lane,legacy_appearance_pack+released_skin+danbooru_tag,50302/503020,True
azur_lane,chang_wu_(in_full_glory_spring's_branch_blooms)_(azur_lane),azur_lane,released_skin+danbooru_tag,50302/503021,True
azur_lane,chao_ho_(azur_lane),azur_lane,legacy_appearance_pack+released_skin+danbooru_tag,50205/502050,True
azur_lane,chao_ho_(azure_ripples_shimmering_sun)_(azur_lane),azur_lane,released_skin_official_name,50205/502053,False
azur_lane,chao_ho_(frolicking_flowers_verse_ii)_(azur_lane),azur_lane,released_skin+danbooru_tag,50205/502052,True
azur_lane,chao_ho_(plum_blossom's_illumination)_(azur_lane),azur_lane,released_skin+danbooru_tag,50205/502051,True
azur_lane,chao_ho_(retrofit)_(azur_lane),azur_lane,released_skin+danbooru_tag,50205/502059,True
azur_lane,chapayev_(azur_lane),azur_lane,legacy_appearance_pack+released_skin+danbooru_tag,70203/702030,True
azur_lane,chapayev_(indigo_and_lantern-lit_summer_night)_(azur_lane),azur_lane,released_skin_official_name,70203/702033,False
azur_lane,chapayev_(melody_of_the_white_cavalier)_(azur_lane),azur_lane,released_skin+danbooru_tag,70203/702034,True
azur_lane,chapayev_(the_captive_cavalier)_(azur_lane),azur_lane,released_skin+danbooru_tag,70203/702031,True
azur_lane,chapayev_(white_cavalier's_respite)_(azur_lane),azur_lane,released_skin+danbooru_tag,70203/702032,True
azur_lane,charles_ausburne_(azur_lane),azur_lane,released_skin+danbooru_tag,10111/101110,True
azur_lane,charles_ausburne_(retrofit)_(azur_lane),azur_lane,released_skin+danbooru_tag,10111/101119,True
azur_lane,charybdis_(azur_lane),azur_lane,legacy_appearance_pack+released_skin+danbooru_tag,20230/202300,True
azur_lane,charybdis_(brilliant_belle)_(azur_lane),azur_lane,released_skin+danbooru_tag,20230/202302,True
azur_lane,charybdis_(prim_sea_breeze)_(azur_lane),azur_lane,released_skin+danbooru_tag,20230/202303,True
azur_lane,charybdis_(red_chamber_of_healing)_(azur_lane),azur_lane,released_skin+danbooru_tag,20230/202301,True
azur_lane,chaser_(azur_lane),azur_lane,released_skin+danbooru_tag,20605/206050,True
azur_lane,chaser_(gamer_style)_(azur_lane),azur_lane,released_skin+danbooru_tag,20605/206052,True
azur_lane,chaser_(the_way_of_the_dragon_empery)_(azur_lane),azur_lane,released_skin+danbooru_tag,20605/206051,True
azur_lane,chen_hai_(a_night_of_passion)_(azur_lane),azur_lane,released_skin+danbooru_tag,50601/506018,True
azur_lane,chen_hai_(azur_lane),azur_lane,legacy_appearance_pack+released_skin+danbooru_tag,50601/506010,True
azur_lane,chen_hai_(cerulean_ripples)_(azur_lane),azur_lane,released_skin+danbooru_tag,50601/506012,True
azur_lane,chen_hai_(retrofit)_(azur_lane),azur_lane,released_skin+danbooru_tag,50601/506019,True
azur_lane,chen_hai_(sylvan_garden's_embroidery)_(azur_lane),azur_lane,released_skin_official_name,50601/506013,False
azur_lane,chen_hai_(vestibule_of_wonders)_(azur_lane),azur_lane,legacy_appearance_pack+released_skin+danbooru_tag,50601/506011,True
azur_lane,cherbourg_(azur_lane),azur_lane,released_skin+danbooru_tag,81801/818010,True
azur_lane,cherbourg_(what's_inside_the_bear)_(azur_lane),azur_lane,released_skin+danbooru_tag,81801/818011,True
azur_lane,cheshire_(azur_lane),azur_lane,legacy_appearance_pack+released_skin+danbooru_tag,29903/299030,True
azur_lane,cheshire_(cait_sith_crooner)_(azur_lane),azur_lane,legacy_appearance_pack+released_skin+danbooru_tag,29903/299032,True
azur_lane,cheshire_(cheshire_cat's_fairytale_maze)_(azur_lane),azur_lane,released_skin+danbooru_tag,29903/299035,True
azur_lane,cheshire_(summery_date!)_(azur_lane),azur_lane,legacy_appearance_pack,,True
azur_lane,cheshire_(summery_date)_(azur_lane),azur_lane,released_skin_official_name,29903/299031,False
azur_lane,cheshire_(the_cat_and_the_white_steed)_(azur_lane),azur_lane,released_skin+danbooru_tag,29903/299033,True
azur_lane,cheshire_(the_cat_in_the_magic_hat)_(azur_lane),azur_lane,released_skin+danbooru_tag,29903/299034,True
azur_lane,cheshire_(white_seaside_melody)_(azur_lane),azur_lane,released_skin+danbooru_tag,29903/299038,True
azur_lane,chi_an_(azur_lane),azur_lane,released_skin+danbooru_tag,50209/502090,True
azur_lane,chi_an_(exotic_dreamland)_(azur_lane),azur_lane,released_skin+danbooru_tag,50209/502092,True
azur_lane,chi_an_(lanternlit_stroll)_(azur_lane),azur_lane,released_skin+danbooru_tag,50209/502091,True
azur_lane,chicago_(azur_lane),azur_lane,released_skin+danbooru_tag,10304/103040,True
azur_lane,chien_wu_(all-nighter_masterpiece)_(azur_lane),azur_lane,released_skin+danbooru_tag,50301/503013,True
azur_lane,chien_wu_(azur_lane),azur_lane,released_skin+danbooru_tag,50301/503010,True
azur_lane,chien_wu_(dressed_for_just_tonight)_(azur_lane),azur_lane,released_skin+danbooru_tag,50301/503011+50301/503012,True
azur_lane,chihaya_kisaragi_(azur_lane),azur_lane,released_skin_official_name,1070002/10700020,False
azur_lane,chihaya_kisaragi_(reflections_of_heavenly_flowers)_(azur_lane),azur_lane,released_skin_official_name,1070002/10700021,False
azur_lane,chikuma_(azur_lane),azur_lane,legacy_appearance_pack+released_skin+danbooru_tag,30306/303060,True
azur_lane,chikuma_(premium_prize_on_the_table)_(azur_lane),azur_lane,released_skin+danbooru_tag,30306/303061,True
azur_lane,chise_asukagawa_(azur_lane),azur_lane,released_skin_official_name,1080006/10800060,False
azur_lane,chise_asukagawa_(laundry_day)_(azur_lane),azur_lane,released_skin_official_name,1080006/10800062,False
azur_lane,chise_asukagawa_(together_swimming_through_the_sky)_(azur_lane),azur_lane,released_skin_official_name,1080006/10800061,False
azur_lane,chitose_(azur_lane),azur_lane,released_skin+danbooru_tag,30608/306080,True
azur_lane,chitose_(mosaic_of_blending_colors)_(azur_lane),azur_lane,released_skin+danbooru_tag,30608/306082,True
azur_lane,chitose_(summer_shine)_(azur_lane),azur_lane,released_skin+danbooru_tag,30608/306081,True
azur_lane,chitose_(tea_amidst_the_lotus)_(azur_lane),azur_lane,released_skin+danbooru_tag,30608/306083,True
azur_lane,chiyoda_(azur_lane),azur_lane,released_skin+danbooru_tag,30609/306090,True
azur_lane,chiyoda_(shimmering_surf)_(azur_lane),azur_lane,released_skin+danbooru_tag,30609/306091,True
azur_lane,chiyoda_(wine_amidst_the_leaves)_(azur_lane),azur_lane,released_skin+danbooru_tag,30609/306092,True
azur_lane,chkalov_(azur_lane),azur_lane,released_skin+danbooru_tag,79901/799010,True
azur_lane,chkalov_(seaside_sunset)_(azur_lane),azur_lane,released_skin+danbooru_tag,79901/799011,True
azur_lane,choukai_(azur_lane),azur_lane,legacy_appearance_pack+released_skin+danbooru_tag,30314/303140,True
azur_lane,choukai_(steal_your_heart)_(azur_lane),azur_lane,released_skin+danbooru_tag,30314/303142,True
azur_lane,choukai_(tidy_store_tidy_mind)_(azur_lane),azur_lane,released_skin+danbooru_tag,30314/303141,True
azur_lane,clarence_k_bronson_(azur_lane),azur_lane,released_skin_official_name,10155/101550,False
azur_lane,clarence_k_bronson_(special_functional_testing)_(azur_lane),azur_lane,released_skin_official_name,10155/101551,False
azur_lane,clemenceau_(azur_lane),azur_lane,legacy_appearance_pack+released_skin+danbooru_tag,90502/905020,True
azur_lane,clemenceau_(splendid_breeze)_(azur_lane),azur_lane,released_skin+danbooru_tag,90502/905021,True
azur_lane,cleopatra_(azur_lane),azur_lane,legacy_appearance_pack+released_skin+danbooru_tag,20235/202350,True
azur_lane,cleopatra_(stars_and_roses)_(azur_lane),azur_lane,released_skin+danbooru_tag,20235/202351,True
azur_lane,clevelad_(azur_lane),azur_lane,released_skin+danbooru_tag,10220/102200,True
azur_lane,cleveland_(azur_lane),azur_lane,legacy_appearance_pack+released_skin+danbooru_tag,10209/102090,True
azur_lane,cleveland_(gentry_knight)_(azur_lane),azur_lane,released_skin+danbooru_tag,10209/102092,True
azur_lane,cleveland_(golden_conductor)_(azur_lane),azur_lane,released_skin+danbooru_tag,10209/102096,True
azur_lane,cleveland_(heartfelt_moment)_(azur_lane),azur_lane,released_skin+danbooru_tag,10209/102098,True
azur_lane,cleveland_(knight_of_the_pop-up_shop)_(azur_lane),azur_lane,released_skin+danbooru_tag,10209/102097,True
azur_lane,cleveland_(new_year's_challenge)_(azur_lane),azur_lane,released_skin_official_name,10209/102094,False
azur_lane,cleveland_(reaper_fever)_(azur_lane),azur_lane,released_skin+danbooru_tag,10209/102091,True
azur_lane,cleveland_(road_trip)_(azur_lane),azur_lane,released_skin_official_name,10209/102093,False
azur_lane,cleveland_(southbound_journey)_(azur_lane),azur_lane,released_skin+danbooru_tag,10209/102095,True
azur_lane,cleveland_meta_(azur_lane),azur_lane,released_skin_official_name,970209/9702090,False
azur_lane,cleveland_μ_(azur_lane),azur_lane,released_skin_official_name,10224/102240,False
azur_lane,cleveland_μ_(gentry_knight)_(azur_lane),azur_lane,released_skin_official_name,10224/102092,False
azur_lane,cleveland_μ_(golden_conductor)_(azur_lane),azur_lane,released_skin_official_name,10224/102096,False
azur_lane,cleveland_μ_(heartfelt_moment)_(azur_lane),azur_lane,released_skin_official_name,10224/102098,False
azur_lane,cleveland_μ_(knight_of_the_pop-up_shop)_(azur_lane),azur_lane,released_skin_official_name,10224/102097,False
azur_lane,cleveland_μ_(new_year's_challenge)_(azur_lane),azur_lane,released_skin_official_name,10224/102094,False
azur_lane,cleveland_μ_(reaper_fever)_(azur_lane),azur_lane,released_skin_official_name,10224/102091,False
azur_lane,cleveland_μ_(road_trip)_(azur_lane),azur_lane,released_skin_official_name,10224/102093,False
azur_lane,cleveland_μ_(southbound_journey)_(azur_lane),azur_lane,released_skin_official_name,10224/102095,False
azur_lane,collett_(azur_lane),azur_lane,released_skin+danbooru_tag,10156/101560,True
azur_lane,collett_(full-auto_maintenance)_(azur_lane),azur_lane,released_skin+danbooru_tag,10156/101561,True
azur_lane,colorado_(azur_lane),azur_lane,legacy_appearance_pack+released_skin+danbooru_tag,10509/105090,True
azur_lane,colorado_(retrofit)_(azur_lane),azur_lane,released_skin+danbooru_tag,10509/105099,True
azur_lane,colorado_(sunset_cavatina)_(azur_lane),azur_lane,released_skin+danbooru_tag,10509/105093,True
azur_lane,colorado_(traveling_melody)_(azur_lane),azur_lane,released_skin+danbooru_tag,10509/105092,True
azur_lane,columbia_(across_the_vast_prairies)_(azur_lane),azur_lane,released_skin+danbooru_tag,10210/102102,True
azur_lane,columbia_(after-school_odette)_(azur_lane),azur_lane,released_skin+danbooru_tag,10210/102101,True
azur_lane,columbia_(azur_lane),azur_lane,legacy_appearance_pack+released_skin+danbooru_tag,10210/102100,True
azur_lane,comet_(azur_lane),azur_lane,released_skin+danbooru_tag,20108/201080,True
azur_lane,comet_(retrofit)_(azur_lane),azur_lane,released_skin+danbooru_tag,20108/201089,True
azur_lane,concord_(azur_lane),azur_lane,released_skin+danbooru_tag,10218/102180,True
azur_lane,concord_(red_apple_candy)_(azur_lane),azur_lane,released_skin+danbooru_tag,10218/102181,True
azur_lane,concord_(sweet_christmas)_(azur_lane),azur_lane,released_skin+danbooru_tag,10218/102182,True
azur_lane,constellation_(azur_lane),azur_lane,released_skin+danbooru_tag,10401/104010,True
azur_lane,constellation_(galaxy's_finest)_(azur_lane),azur_lane,released_skin+danbooru_tag,10401/104011,True
azur_lane,conte_di_cavour_(azur_lane),azur_lane,released_skin+danbooru_tag,60505/605050,True
azur_lane,conte_di_cavour_(fierce_beachside_battle)_(azur_lane),azur_lane,released_skin+danbooru_tag,60505/605051,True
azur_lane,cooper_(azur_lane),azur_lane,released_skin+danbooru_tag,10144/101440,True
azur_lane,cooper_(blazing_tennis_battle)_(azur_lane),azur_lane,released_skin+danbooru_tag,10144/101441,True
azur_lane,cooper_(heartwarming_holiday_hearth)_(azur_lane),azur_lane,released_skin+danbooru_tag,10144/101442,True
azur_lane,cowpens_(azur_lane),azur_lane,legacy_appearance_pack+released_skin+danbooru_tag,10725/107250,True
azur_lane,cowpens_(milky_ministrations)_(azur_lane),azur_lane,legacy_appearance_pack+released_skin+danbooru_tag,10725/107251,True
azur_lane,craven_(azur_lane),azur_lane,released_skin+danbooru_tag,10106/101060,True
azur_lane,craven_(cheerleader_on_the_playground)_(azur_lane),azur_lane,released_skin+danbooru_tag,10106/101061,True
azur_lane,crescent_(azur_lane),azur_lane,released_skin+danbooru_tag,20109/201090,True
azur_lane,crescent_(retrofit)_(azur_lane),azur_lane,released_skin+danbooru_tag,20109/201099,True
azur_lane,curacoa_(azur_lane),azur_lane,released_skin+danbooru_tag,20221/202210,True
azur_lane,curacoa_(eastern_grace)_(azur_lane),azur_lane,released_skin+danbooru_tag,20221/202211,True
azur_lane,curacoa_(retrofit)_(azur_lane),azur_lane,released_skin+danbooru_tag,20221/202219,True
azur_lane,curlew_(azur_lane),azur_lane,released_skin+danbooru_tag,20222/202220,True
azur_lane,curlew_(retrofit)_(azur_lane),azur_lane,released_skin+danbooru_tag,20222/202229,True
azur_lane,curlew_(rhythm_of_the_dragon_empery)_(azur_lane),azur_lane,released_skin+danbooru_tag,20222/202221,True
azur_lane,cygnet_(an_offer_to_be_maid)_(azur_lane),azur_lane,released_skin+danbooru_tag,20110/201104,True
azur_lane,cygnet_(azur_lane),azur_lane,legacy_appearance_pack+released_skin+danbooru_tag,20110/201100,True
azur_lane,cygnet_(holy_night's_hymn)_(azur_lane),azur_lane,released_skin+danbooru_tag,20110/201102,True
azur_lane,cygnet_(retrofit)_(azur_lane),azur_lane,legacy_appearance_pack+released_skin+danbooru_tag,20110/201109,True
azur_lane,cygnet_(royal_fanfare)_(azur_lane),azur_lane,released_skin+danbooru_tag,20110/201105,True
azur_lane,cygnet_(sea_star_on_shore)_(azur_lane),azur_lane,released_skin+danbooru_tag,20110/201101,True
azur_lane,cygnet_(winter_date)_(azur_lane),azur_lane,released_skin+danbooru_tag,20110/201103,True
azur_lane,dace_(azur_lane),azur_lane,released_skin+danbooru_tag,10801/108010,True
azur_lane,daisen_(azur_lane),azur_lane,released_skin+danbooru_tag,39907/399070,True
azur_lane,daisen_(bunny_priestess_in_prayer)_(azur_lane),azur_lane,released_skin+danbooru_tag,39907/399071,True
azur_lane,de_zeven_provincien_(azur_lane),azur_lane,legacy_appearance_pack+released_skin+danbooru_tag,110201/1102010,True
azur_lane,de_zeven_provincien_(snuggling_for_warmth)_(azur_lane),azur_lane,released_skin+danbooru_tag,110201/1102011,True
azur_lane,dead_master_(azur_lane),azur_lane,released_skin_official_name,1120002/11200020,False
azur_lane,dead_master_(warrior's_respite)_(azur_lane),azur_lane,released_skin_official_name,1120002/11200021,False
azur_lane,denver_(azur_lane),azur_lane,legacy_appearance_pack+released_skin+danbooru_tag,10215/102150,True
azur_lane,denver_(steam_dream)_(azur_lane),azur_lane,released_skin+danbooru_tag,10215/102151,True
azur_lane,deutschland_(azur_lane),azur_lane,legacy_appearance_pack+released_skin+danbooru_tag,40304/403040,True
azur_lane,deutschland_(dark_demon_princess)_(azur_lane),azur_lane,released_skin+danbooru_tag,40304/403041,True
azur_lane,deutschland_(demon_princess'_dark_hour_banquet)_(azur_lane),azur_lane,released_skin+danbooru_tag,40304/403043,True
azur_lane,deutschland_(lantern-lit_ruler)_(azur_lane),azur_lane,released_skin+danbooru_tag,40304/403044,True
azur_lane,deutschland_(service_time)_(azur_lane),azur_lane,released_skin_official_name,40304/403042,False
azur_lane,devonshire_(azur_lane),azur_lane,released_skin+danbooru_tag,20313/203130,True
azur_lane,devonshire_(sadistic_demon)_(azur_lane),azur_lane,released_skin+danbooru_tag,20313/203131,True
azur_lane,dewey_(a_christmas_thank-you)_(azur_lane),azur_lane,released_skin+danbooru_tag,10102/101022,True
azur_lane,dewey_(azur_lane),azur_lane,released_skin+danbooru_tag,10102/101020,True
azur_lane,dewey_(summer_longing)_(azur_lane),azur_lane,released_skin+danbooru_tag,10102/101021,True
azur_lane,dewey_meta_(azur_lane),azur_lane,released_skin_official_name,970110/9701100,False
azur_lane,dido_(anxious_bisque_doll)_(azur_lane),azur_lane,legacy_appearance_pack+released_skin+danbooru_tag,20204/202041,True
azur_lane,dido_(azur_lane),azur_lane,legacy_appearance_pack+released_skin+danbooru_tag,20204/202040,True
azur_lane,dido_(muse)_(azur_lane),azur_lane,legacy_appearance_pack,,True
azur_lane,dido_μ_(anxious_bisque_doll)_(azur_lane),azur_lane,released_skin_official_name,20228/202041,False
azur_lane,dido_μ_(azur_lane),azur_lane,released_skin_official_name,20228/202280,False
azur_lane,dmitri_donskoi_(azur_lane),azur_lane,released_skin+danbooru_tag,79903/799030,True
azur_lane,dmitri_donskoi_(bedside_bunny)_(azur_lane),azur_lane,released_skin+danbooru_tag,79903/799031,True
azur_lane,dolphin_(azur_lane),azur_lane,released_skin+danbooru_tag,960011/9600110,True
azur_lane,dolphin_(incantation_of_revival)_(azur_lane),azur_lane,released_skin+danbooru_tag,960011/9600111,True
azur_lane,dorsetshire_(azur_lane),azur_lane,released_skin+danbooru_tag,20306/203060,True
azur_lane,downes_(azur_lane),azur_lane,released_skin+danbooru_tag,10104/101040,True
azur_lane,downes_(part-time_bomber)_(azur_lane),azur_lane,released_skin+danbooru_tag,10104/101041,True
azur_lane,downes_(retrofit)_(azur_lane),azur_lane,released_skin+danbooru_tag,10104/101049,True
azur_lane,drake_(azur_lane),azur_lane,legacy_appearance_pack+released_skin+danbooru_tag,29904/299040,True
azur_lane,drake_(the_golden_hind's_respite)_(azur_lane),azur_lane,released_skin+danbooru_tag,29904/299041,True
azur_lane,duca_degli_abruzzi_(azur_lane),azur_lane,legacy_appearance_pack+released_skin+danbooru_tag,60201/602010,True
azur_lane,duca_degli_abruzzi_(lustrous_onyx_sirenetta)_(azur_lane),azur_lane,released_skin+danbooru_tag,60201/602011,True
azur_lane,duguay-trouin_(azur_lane),azur_lane,released_skin+danbooru_tag,80204/802040,True
azur_lane,duguay-trouin_(covetous_bathgoer)_(azur_lane),azur_lane,released_skin+danbooru_tag,80204/802041,True
azur_lane,duisburg_(azur_lane),azur_lane,legacy_appearance_pack+released_skin+danbooru_tag,40211/402110,True
azur_lane,duisburg_(endurance_training_(gone_wrong))_(azur_lane),azur_lane,released_skin+danbooru_tag,40211/402111,True
azur_lane,duke_of_york_(azur_lane),azur_lane,legacy_appearance_pack+released_skin+danbooru_tag,20507/205070,True
azur_lane,duke_of_york_(eternal_night's_carola)_(azur_lane),azur_lane,released_skin+danbooru_tag,20507/205072,True
azur_lane,duke_of_york_(prestige_of_the_glorious_formula)_(azur_lane),azur_lane,released_skin+danbooru_tag,20507/205073,True
azur_lane,duke_of_york_(the_chic_counselor)_(azur_lane),azur_lane,released_skin+danbooru_tag,20507/205074,True
azur_lane,duncan_(azur_lane),azur_lane,released_skin+danbooru_tag,29906/299060,True
azur_lane,dunkerque_(afternoon_venus)_(azur_lane),azur_lane,released_skin+danbooru_tag,90401/904012,True
azur_lane,dunkerque_(azur_lane),azur_lane,legacy_appearance_pack+released_skin+danbooru_tag,90401/904010,True
azur_lane,dunkerque_(summer_sucre)_(azur_lane),azur_lane,legacy_appearance_pack+released_skin+danbooru_tag,90401/904011,True
azur_lane,dunkerque_meta_(azur_lane),azur_lane,released_skin_official_name,970406/9704060,False
azur_lane,dupleix_(azur_lane),azur_lane,released_skin+danbooru_tag,90303/903030,True
azur_lane,dupleix_(final_check)_(azur_lane),azur_lane,released_skin+danbooru_tag,90303/903031,True
azur_lane,duquesne_(azur_lane),azur_lane,released_skin+danbooru_tag,80303/803030,True
azur_lane,duquesne_(wetness_of_a_crimson_night)_(azur_lane),azur_lane,released_skin+danbooru_tag,80303/803031,True
azur_lane,eagle_(azur_lane),azur_lane,released_skin+danbooru_tag,20701/207010,True
azur_lane,eagle_(eagle's_clinic)_(azur_lane),azur_lane,released_skin+danbooru_tag,20701/207011,True
azur_lane,echo_(azur_lane),azur_lane,released_skin+danbooru_tag,20129/201290,True
azur_lane,edinburgh_(azur_lane),azur_lane,legacy_appearance_pack+released_skin+danbooru_tag,20211/202110,True
azur_lane,edinburgh_(candy_maid)_(azur_lane),azur_lane,released_skin+danbooru_tag,20211/202112,True
azur_lane,edinburgh_(the_library_fairy)_(azur_lane),azur_lane,released_skin+danbooru_tag,20211/202111,True
azur_lane,elbe_(azur_lane),azur_lane,legacy_appearance_pack+released_skin+danbooru_tag,40602/406020,True
azur_lane,elbe_(pure-hearted_bad_girl)_(azur_lane),azur_lane,released_skin+danbooru_tag,40602/406022,True
azur_lane,elbe_(time_to_show_off)_(azur_lane),azur_lane,released_skin_official_name,40602/406021,False
azur_lane,elbe_meta_(azur_lane),azur_lane,released_skin_official_name,970605/9706050,False
azur_lane,elbing_(azur_lane),azur_lane,legacy_appearance_pack+released_skin+danbooru_tag,40208/402080,True
azur_lane,elbing_(beauty_beneath_the_spring_limelight)_(azur_lane),azur_lane,released_skin+danbooru_tag,40208/402083,True
azur_lane,elbing_(sleepless_night's_wishes)_(azur_lane),azur_lane,released_skin+danbooru_tag,40208/402082,True
azur_lane,elbing_(the_throne_of_misfortune)_(azur_lane),azur_lane,released_skin+danbooru_tag,40208/402081,True
azur_lane,eldridge_(after-school_good_girl)_(azur_lane),azur_lane,released_skin+danbooru_tag,10126/101266,True
azur_lane,eldridge_(afternoon_worship_in_the_woods)_(azur_lane),azur_lane,released_skin+danbooru_tag,10126/101268,True
azur_lane,eldridge_(azur_lane),azur_lane,legacy_appearance_pack+released_skin+danbooru_tag,10126/101260,True
azur_lane,eldridge_(electrifying_moon-viewing)_(azur_lane),azur_lane,released_skin+danbooru_tag,10126/101267,True
azur_lane,eldridge_(holy_night's_embrace)_(azur_lane),azur_lane,legacy_appearance_pack+released_skin+danbooru_tag,10126/101261,True
azur_lane,eldridge_(kitty_idol)_(azur_lane),azur_lane,released_skin+danbooru_tag,10126/101264,True
azur_lane,eldridge_(moon_festival_spacewalk)_(azur_lane),azur_lane,released_skin+danbooru_tag,10126/101265,True
azur_lane,eldridge_(new_year's_outing)_(azur_lane),azur_lane,released_skin+danbooru_tag,10126/101263,True
azur_lane,eldridge_(retrofit)_(azur_lane),azur_lane,released_skin+danbooru_tag,10126/101269,True
azur_lane,eldridge_(the_inquisitive_recluse)_(azur_lane),azur_lane,released_skin+danbooru_tag,10126/101262,True
azur_lane,elegant_kizuna_ai_(azur_lane),azur_lane,released_skin_official_name,1040002/10400020,False
azur_lane,elise_(azur_lane),azur_lane,released_skin_official_name,1060010/10600100,False
azur_lane,elise_(one_divine_afternoon)_(azur_lane),azur_lane,released_skin_official_name,1060010/10600101,False
azur_lane,emanuele_pessagno_(azur_lane),azur_lane,released_skin+danbooru_tag,60109/601090,True
azur_lane,emanuele_pessagno_(backstage_blunders)_(azur_lane),azur_lane,released_skin+danbooru_tag,60109/601091,True
azur_lane,emden_(azur_lane),azur_lane,released_skin+danbooru_tag,40207/402070,True
azur_lane,emden_(duet_of_guiding_stars)_(azur_lane),azur_lane,released_skin+danbooru_tag,40207/402073,True
azur_lane,emden_(moonsilver_union)_(azur_lane),azur_lane,released_skin+danbooru_tag,40207/402072,True
azur_lane,emden_(waterside_whispers_at_dusk)_(azur_lane),azur_lane,released_skin+danbooru_tag,40207/402074+40207/402075,True
azur_lane,emden_(white-black_partita)_(azur_lane),azur_lane,released_skin_official_name,40207/402071,False
azur_lane,emile_bertin_(azur_lane),azur_lane,released_skin+danbooru_tag,80201/802010,True
azur_lane,emile_bertin_(cote_d'azur)_(azur_lane),azur_lane,released_skin+danbooru_tag,80201/802011,True
azur_lane,emile_bertin_(eclat_magique)_(azur_lane),azur_lane,released_skin+danbooru_tag,80201/802014,True
azur_lane,emile_bertin_(gilded_dance)_(azur_lane),azur_lane,released_skin+danbooru_tag,80201/802013,True
azur_lane,emile_bertin_(maid_fantastique)_(azur_lane),azur_lane,released_skin+danbooru_tag,80201/802012,True
azur_lane,emile_bertin_(retrofit)_(azur_lane),azur_lane,released_skin+danbooru_tag,80201/802019,True
azur_lane,enterprise_(anniversary_ride)_(azur_lane),azur_lane,released_skin+danbooru_tag,10706/107063,True
azur_lane,enterprise_(azur_lane),azur_lane,legacy_appearance_pack+released_skin+danbooru_tag,10706/107060+20232/202320,True
azur_lane,enterprise_(bathing_under_sunny_skies)_(azur_lane),azur_lane,released_skin+danbooru_tag,10706/137061,True
azur_lane,enterprise_(blooming_peony)_(azur_lane),azur_lane,released_skin+danbooru_tag,10706/107062,True
azur_lane,enterprise_(bon_voyage)_(azur_lane),azur_lane,released_skin+danbooru_tag,10706/107067,True
azur_lane,enterprise_(diving_under_blue_skies)_(azur_lane),azur_lane,released_skin+danbooru_tag,10706/137060,True
azur_lane,enterprise_(heroic_finery)_(azur_lane),azur_lane,legacy_appearance_pack+released_skin+danbooru_tag,10706/107065,True
azur_lane,enterprise_(reindeer_master)_(azur_lane),azur_lane,released_skin+danbooru_tag,10706/107061,True
azur_lane,enterprise_(soaring_wings_of_freedom)_(azur_lane),azur_lane,released_skin+danbooru_tag,10706/107064,True
azur_lane,enterprise_(starlight_oath)_(azur_lane),azur_lane,released_skin+danbooru_tag,10706/107068,True
azur_lane,enterprise_(wind_catcher)_(azur_lane),azur_lane,legacy_appearance_pack+released_skin+danbooru_tag,10706/107066,True
azur_lane,epee_(azur_lane),azur_lane,released_skin+danbooru_tag,90106/901060,True
azur_lane,epee_(poor_lonely_knight)_(azur_lane),azur_lane,released_skin_official_name,90106/901061,False
azur_lane,erebus_(azur_lane),azur_lane,legacy_appearance_pack+released_skin+danbooru_tag,21301/213010,True
azur_lane,erebus_(illusory_happiness)_(azur_lane),azur_lane,released_skin+danbooru_tag,21301/213011,True
azur_lane,erebus_(wardrobe_witchery)_(azur_lane),azur_lane,released_skin+danbooru_tag,21301/213012,True
azur_lane,erebus_meta_(azur_lane),azur_lane,released_skin_official_name,971301/9713010,False
azur_lane,eskimo_(azur_lane),azur_lane,released_skin+danbooru_tag,20132/201320,True
azur_lane,eskimo_(parkaless_prankster)_(azur_lane),azur_lane,released_skin+danbooru_tag,20132/201321,True
azur_lane,essex_(a_trip_down_route_66)_(azur_lane),azur_lane,released_skin+danbooru_tag,10709/107091,True
azur_lane,essex_(azur_lane),azur_lane,legacy_appearance_pack+released_skin+danbooru_tag,10709/107090,True
azur_lane,essex_(brush_and_ink)_(azur_lane),azur_lane,released_skin+danbooru_tag,10709/107093,True
azur_lane,essex_(craft_fairytail)_(azur_lane),azur_lane,released_skin+danbooru_tag,10709/107092,True
azur_lane,essex_(crossbones_especial)_(azur_lane),azur_lane,released_skin+danbooru_tag,10709/107095,True
azur_lane,essex_(detective_essex)_(azur_lane),azur_lane,released_skin+danbooru_tag,10709/107094,True
azur_lane,essex_(retrofit)_(azur_lane),azur_lane,released_skin+danbooru_tag,10709/107099,True
azur_lane,essex_(start_line_splash)_(azur_lane),azur_lane,released_skin+danbooru_tag,10709/107097,True
azur_lane,essex_(telepathy_training)_(azur_lane),azur_lane,released_skin+danbooru_tag,10709/137090,True
azur_lane,essex_(the_gale_of_course_88)_(azur_lane),azur_lane,released_skin+danbooru_tag,10709/107096,True
azur_lane,evertsen_(azur_lane),azur_lane,released_skin+danbooru_tag,110101/1101010,True
azur_lane,evertsen_(basking_by_the_window)_(azur_lane),azur_lane,released_skin+danbooru_tag,110101/1101011,True
azur_lane,evertsen_(guardian_fae_of_the_mangroves)_(azur_lane),azur_lane,released_skin+danbooru_tag,110101/1101012,True
azur_lane,exeter_(a_glorious_toast)_(azur_lane),azur_lane,released_skin+danbooru_tag,20308/203081,True
azur_lane,exeter_(azur_lane),azur_lane,released_skin+danbooru_tag,20308/203080,True
azur_lane,exeter_(retrofit)_(azur_lane),azur_lane,released_skin+danbooru_tag,20308/203089,True
azur_lane,fancy_(azur_lane),azur_lane,legacy_appearance_pack+released_skin+danbooru_tag,960008/9600080,True
azur_lane,fancy_(grave_of_your_liking)_(azur_lane),azur_lane,released_skin+danbooru_tag,960008/9600081,True
azur_lane,fargo_(azur_lane),azur_lane,released_skin+danbooru_tag,10233/102330,True
azur_lane,fargo_(dairy_in_the_dreary_sun)_(azur_lane),azur_lane,released_skin+danbooru_tag,10233/102331,True
azur_lane,fei_yuen_(azur_lane),azur_lane,released_skin+danbooru_tag,50107/501070,True
azur_lane,fei_yuen_(flying_clouds_flailing_pranks)_(azur_lane),azur_lane,released_skin+danbooru_tag,50107/501071,True
azur_lane,fei_yuen_(lady_yuen's_sugary_artillery)_(azur_lane),azur_lane,released_skin+danbooru_tag,50107/501072,True
azur_lane,felix_schultz_(azur_lane),azur_lane,legacy_appearance_pack+released_skin+danbooru_tag,49908/499080,True
azur_lane,felix_schultz_(sweet_sleepy_revenge)_(azur_lane),azur_lane,released_skin_official_name,49908/499081,False
azur_lane,fiji_(azur_lane),azur_lane,released_skin+danbooru_tag,20216/202160,True
azur_lane,fiji_(trendy_and_vogue)_(azur_lane),azur_lane,released_skin_official_name,20216/202161,False
azur_lane,flandre_(azur_lane),azur_lane,released_skin+danbooru_tag,99902/999020,True
azur_lane,flandre_(if_love_is_a_sin_thou_art_forgiven)_(azur_lane),azur_lane,released_skin+danbooru_tag,99902/999021,True
azur_lane,flasher_(azur_lane),azur_lane,released_skin+danbooru_tag,10808/108080,True
azur_lane,flasher_(tearjerking_service)_(azur_lane),azur_lane,released_skin+danbooru_tag,10808/108081,True
azur_lane,fletcher_(azur_lane),azur_lane,released_skin+danbooru_tag,10109/101090,True
azur_lane,fleuret_(azur_lane),azur_lane,released_skin+danbooru_tag,90105/901050,True
azur_lane,fleuret_(up_all_knight_to_get_lucky)_(azur_lane),azur_lane,released_skin+danbooru_tag,90105/901051,True
azur_lane,foch_(azur_lane),azur_lane,released_skin+danbooru_tag,90301/903010,True
azur_lane,foch_(majestic_majordomo)_(azur_lane),azur_lane,released_skin+danbooru_tag,90301/903012,True
azur_lane,foch_(rainbow_rendezvous)_(azur_lane),azur_lane,released_skin+danbooru_tag,90301/903011,True
azur_lane,foch_meta_(azur_lane),azur_lane,released_skin_official_name,970303/9703030,False
azur_lane,foote_(azur_lane),azur_lane,released_skin+danbooru_tag,10114/101140,True
azur_lane,forbin_(azur_lane),azur_lane,released_skin+danbooru_tag,80102/801020,True
azur_lane,forbin_(ecole_de_chevalier)_(azur_lane),azur_lane,released_skin+danbooru_tag,80102/801022,True
azur_lane,forbin_(feast_of_champagne)_(azur_lane),azur_lane,released_skin+danbooru_tag,80102/801023,True
azur_lane,forbin_(fleur_blanche)_(azur_lane),azur_lane,released_skin+danbooru_tag,80102/801021,True
azur_lane,forbin_(fleur_de_mariee)_(azur_lane),azur_lane,released_skin+danbooru_tag,80102/801028,True
azur_lane,forbin_(retrofit)_(azur_lane),azur_lane,released_skin+danbooru_tag,80102/801029,True
azur_lane,formidable_(anniversary_memories)_(azur_lane),azur_lane,released_skin+danbooru_tag,20705/207055,True
azur_lane,formidable_(azur_lane),azur_lane,legacy_appearance_pack+released_skin+danbooru_tag,20705/207050,True
azur_lane,formidable_(rockin'_encore)_(azur_lane),azur_lane,released_skin+danbooru_tag,20705/207054,True
azur_lane,formidable_(the_lady_of_the_beach)_(azur_lane),azur_lane,legacy_appearance_pack+released_skin+danbooru_tag,20705/207051,True
azur_lane,formidable_(the_lover's_heart_flutters_on_duty)_(azur_lane),azur_lane,released_skin+danbooru_tag,20705/207053,True
azur_lane,formidable_(timeless_classics)_(azur_lane),azur_lane,legacy_appearance_pack+released_skin+danbooru_tag,20705/207052,True
azur_lane,formidable_μ_(anniversary_memories)_(azur_lane),azur_lane,released_skin_official_name,20714/207055,False
azur_lane,formidable_μ_(azur_lane),azur_lane,released_skin_official_name,20714/207140,False
azur_lane,formidable_μ_(rockin'_encore)_(azur_lane),azur_lane,released_skin_official_name,20714/207054,False
azur_lane,formidable_μ_(the_lady_of_the_beach)_(azur_lane),azur_lane,released_skin_official_name,20714/207051,False
azur_lane,formidable_μ_(the_lover's_heart_flutters_on_duty)_(azur_lane),azur_lane,released_skin_official_name,20714/207053,False
azur_lane,formidable_μ_(timeless_classics)_(azur_lane),azur_lane,released_skin_official_name,20714/207052,False
azur_lane,fortune_(azur_lane),azur_lane,released_skin+danbooru_tag,20112/201120,True
azur_lane,fortune_(retrofit)_(azur_lane),azur_lane,released_skin+danbooru_tag,20112/201129,True
azur_lane,fortune_(seraphic_sunshine)_(azur_lane),azur_lane,released_skin+danbooru_tag,20112/201121,True
azur_lane,fortune_meta_(azur_lane),azur_lane,released_skin_official_name,970102/9701020,False
azur_lane,foxhound_(azur_lane),azur_lane,released_skin+danbooru_tag,20111/201110,True
azur_lane,foxhound_(retrofit)_(azur_lane),azur_lane,released_skin+danbooru_tag,20111/201119,True
azur_lane,francesco_caracciolo_(azur_lane),azur_lane,legacy_appearance_pack+released_skin+danbooru_tag,60509/605090,True
azur_lane,francesco_caracciolo_(confession_under_the_spotlight)_(azur_lane),azur_lane,released_skin+danbooru_tag,60509/605091,True
azur_lane,franklin_(azur_lane),azur_lane,legacy_appearance_pack+released_skin+danbooru_tag,10713/107130,True
azur_lane,franklin_(heart-throbbing_records)_(azur_lane),azur_lane,legacy_appearance_pack+released_skin+danbooru_tag,10713/107131,True
azur_lane,friedrich_carl_(a_game_of_love)_(azur_lane),azur_lane,released_skin+danbooru_tag,40314/403141,True
azur_lane,friedrich_carl_(azur_lane),azur_lane,legacy_appearance_pack+released_skin+danbooru_tag,40314/403140,True
azur_lane,friedrich_carl_(tender_summer_care)_(azur_lane),azur_lane,released_skin+danbooru_tag,40314/403142,True
azur_lane,friedrich_carl_(the_midnight_channel)_(azur_lane),azur_lane,released_skin+danbooru_tag,40314/403143,True
azur_lane,friedrich_der_grosse_(azur_lane),azur_lane,legacy_appearance_pack+released_skin+danbooru_tag,49902/499020,True
azur_lane,friedrich_der_grosse_(boudoir's_lingering_flame)_(azur_lane),azur_lane,released_skin+danbooru_tag,49902/499023+49902/499024,True
azur_lane,friedrich_der_grosse_(dark_raiments_of_gagaku)_(azur_lane),azur_lane,released_skin+danbooru_tag,49902/499021,True
azur_lane,friedrich_der_grosse_(one_summer_night's_intimacy)_(azur_lane),azur_lane,released_skin+danbooru_tag,49902/499022,True
azur_lane,friedrich_der_grosse_(zeremonie_of_the_cradle)_(azur_lane),azur_lane,released_skin+danbooru_tag,49902/499028,True
azur_lane,fritz_rumey_(azur_lane),azur_lane,legacy_appearance_pack+released_skin+danbooru_tag,40704/407040,True
azur_lane,fritz_rumey_(schwarzes_kaninchen)_(azur_lane),azur_lane,legacy_appearance_pack+released_skin+danbooru_tag,40704/407041,True
azur_lane,fritz_rumey_(verabredung_in_the_night_breeze)_(azur_lane),azur_lane,released_skin+danbooru_tag,40704/407042,True
azur_lane,fu_po_(azur_lane),azur_lane,released_skin+danbooru_tag,50109/501090,True
azur_lane,fu_po_(mischievous_tidings)_(azur_lane),azur_lane,released_skin+danbooru_tag,50109/501091,True
azur_lane,fu_shun_(azur_lane),azur_lane,released_skin+danbooru_tag,50102/501020,True
azur_lane,fu_shun_(retrofit)_(azur_lane),azur_lane,released_skin+danbooru_tag,50102/501029,True
azur_lane,fu_shun_(the_unbreakable_baozi_heist)_(azur_lane),azur_lane,released_skin+danbooru_tag,50102/501021,True
azur_lane,fubuki_(5_minutes_till_i'm_late)_(azur_lane),azur_lane,released_skin+danbooru_tag,30101/301011,True
azur_lane,fubuki_(azur_lane),azur_lane,legacy_appearance_pack+released_skin+danbooru_tag,1100005/11000050+30101/301010,True
azur_lane,fubuki_(caught_under_the_lights)_(azur_lane),azur_lane,released_skin+danbooru_tag,30101/301016,True
azur_lane,fubuki_(fubuki_halation)_(azur_lane),azur_lane,released_skin_official_name,30101/301014,False
azur_lane,fubuki_(mascot_bucky)_(azur_lane),azur_lane,released_skin+danbooru_tag,30101/301012,True
azur_lane,fubuki_(music_pixy)_(azur_lane),azur_lane,released_skin+danbooru_tag,30101/301013,True
azur_lane,fubuki_(stormy_waitress-in-training)_(azur_lane),azur_lane,released_skin_official_name,30101/301015,False
azur_lane,fubuki_(sunset_witch)_(azur_lane),azur_lane,released_skin_official_name,1100005/11000051,False
azur_lane,fujinami_(azur_lane),azur_lane,released_skin+danbooru_tag,30194/301940,True
azur_lane,fujinami_(secret_fashion_show_for_you)_(azur_lane),azur_lane,released_skin+danbooru_tag,30194/301941,True
azur_lane,fumizuki_(azur_lane),azur_lane,legacy_appearance_pack+released_skin+danbooru_tag,30138/301380,True
azur_lane,fumizuki_(sleepy_fairy)_(azur_lane),azur_lane,released_skin+danbooru_tag,30138/301381,True
azur_lane,furutaka_(azur_lane),azur_lane,released_skin+danbooru_tag,30301/303010,True
azur_lane,furutaka_(retrofit)_(azur_lane),azur_lane,released_skin+danbooru_tag,30301/303019,True
azur_lane,fusou_(azur_lane),azur_lane,legacy_appearance_pack+released_skin+danbooru_tag,30501/305010,True
azur_lane,fusou_(perfect_partner)_(azur_lane),azur_lane,released_skin_official_name,30501/305012,False
azur_lane,fusou_(retrofit)_(azur_lane),azur_lane,released_skin+danbooru_tag,30501/305019,True
azur_lane,fusou_(the_celebration_of_spring)_(azur_lane),azur_lane,released_skin+danbooru_tag,30501/305011,True
azur_lane,fusou_(united_in_heart_and_soul)_(azur_lane),azur_lane,released_skin+danbooru_tag,30501/305018,True
azur_lane,fusou_meta_(azur_lane),azur_lane,released_skin_official_name,970501/9705010,False
azur_lane,galatea_(azur_lane),azur_lane,released_skin+danbooru_tag,20214/202140,True
azur_lane,gallant_(azur_lane),azur_lane,legacy_appearance_pack+released_skin+danbooru_tag,20139/201390,True
azur_lane,gallant_(express-ive_delivery)_(azur_lane),azur_lane,released_skin+danbooru_tag,20139/201391,True
azur_lane,gangut_(azur_lane),azur_lane,legacy_appearance_pack+released_skin+danbooru_tag,70501/705010,True
azur_lane,gangut_(imposing_warden)_(azur_lane),azur_lane,released_skin+danbooru_tag,70501/705011,True
azur_lane,gangut_(keeper_of_the_firewater)_(azur_lane),azur_lane,released_skin+danbooru_tag,70501/705012,True
azur_lane,gangut_meta_(azur_lane),azur_lane,released_skin_official_name,970510/9705100,False
azur_lane,ganj-i-sawai_(azur_lane),azur_lane,released_skin+danbooru_tag,960007/9600070,True
azur_lane,ganj-i-sawai_(mermaid_in_distress)_(azur_lane),azur_lane,released_skin+danbooru_tag,960007/9600071,True
azur_lane,ganj-i-sawai_(my_innermost_self)_(azur_lane),azur_lane,released_skin+danbooru_tag,960007/9600072,True
azur_lane,gascogne_(azur_lane),azur_lane,legacy_appearance_pack+released_skin+danbooru_tag,99901/999010,True
azur_lane,gascogne_(traveling_mood_mechanism)_(azur_lane),azur_lane,released_skin+danbooru_tag,99901/999012,True
azur_lane,gascogne_(tropical_environs_acclimation_service_equipment)_(azur_lane),azur_lane,released_skin+danbooru_tag,99901/999011,True
azur_lane,gascogne_μ_(azur_lane),azur_lane,released_skin_official_name,90503/905030,False
azur_lane,gascogne_μ_(traveling_mood_mechanism)_(azur_lane),azur_lane,released_skin_official_name,90503/999012,False
azur_lane,gascogne_μ_(tropical_environs_acclimation_service_equipment)_(azur_lane),azur_lane,released_skin_official_name,90503/999011,False
azur_lane,georgia_(azur_lane),azur_lane,released_skin+danbooru_tag,19902/199020,True
azur_lane,georgia_(exalted_vibrance)_(azur_lane),azur_lane,released_skin+danbooru_tag,19902/199023,True
azur_lane,georgia_(lanier_swan)_(azur_lane),azur_lane,released_skin+danbooru_tag,19902/199022,True
azur_lane,georgia_(south_town_pearl)_(azur_lane),azur_lane,released_skin+danbooru_tag,19902/199021,True
azur_lane,giosue_carducci_(azur_lane),azur_lane,released_skin+danbooru_tag,60111/601110,True
azur_lane,giosue_carducci_(verses_in_balance)_(azur_lane),azur_lane,released_skin+danbooru_tag,60111/601111,True
azur_lane,giulio_cesare_(azur_lane),azur_lane,released_skin+danbooru_tag,60506/605060,True
azur_lane,giulio_cesare_(fitness_master)_(azur_lane),azur_lane,released_skin+danbooru_tag,60506/605061,True
azur_lane,giulio_cesare_(high_tide_under_the_sunlight)_(azur_lane),azur_lane,released_skin+danbooru_tag,60506/605062,True
azur_lane,giulio_cesare_meta_(azur_lane),azur_lane,released_skin_official_name,970507/9705070,False
azur_lane,giuseppe_garibaldi_(azur_lane),azur_lane,legacy_appearance_pack+released_skin+danbooru_tag,60202/602020,True
azur_lane,giuseppe_garibaldi_(noble_ivory_plumes)_(azur_lane),azur_lane,released_skin+danbooru_tag,60202/602021,True
azur_lane,glasgow_(a_maid_in_class)_(azur_lane),azur_lane,released_skin+danbooru_tag,20226/202261,True
azur_lane,glasgow_(azur_lane),azur_lane,released_skin+danbooru_tag,20226/202260,True
azur_lane,glorious_(azur_lane),azur_lane,legacy_appearance_pack+released_skin+danbooru_tag,20706/207060,True
azur_lane,glorious_(glorious_school_life)_(azur_lane),azur_lane,released_skin+danbooru_tag,20706/207061,True
azur_lane,glorious_(pungent_plum)_(azur_lane),azur_lane,legacy_appearance_pack+released_skin+danbooru_tag,20706/207062,True
azur_lane,glorious_meta_(azur_lane),azur_lane,released_skin_official_name,970707/9707070,False
azur_lane,gloucester_(azur_lane),azur_lane,released_skin+danbooru_tag,20210/202100,True
azur_lane,gloucester_(brilliance_in_purple)_(azur_lane),azur_lane,released_skin+danbooru_tag,20210/202101,True
azur_lane,gloucester_(violet_enrapturement)_(azur_lane),azur_lane,released_skin+danbooru_tag,20210/202102,True
azur_lane,glowworm_(azur_lane),azur_lane,released_skin+danbooru_tag,20114/201140,True
azur_lane,glowworm_(jokey_adjudicator)_(azur_lane),azur_lane,released_skin+danbooru_tag,20114/201141,True
azur_lane,glowworm_(retrofit)_(azur_lane),azur_lane,released_skin+danbooru_tag,20114/201149,True
azur_lane,gneisenau_(azur_lane),azur_lane,legacy_appearance_pack+released_skin+danbooru_tag,40402/404020,True
azur_lane,gneisenau_(nightmarish_succubus)_(azur_lane),azur_lane,legacy_appearance_pack+released_skin+danbooru_tag,40402/404021,True
azur_lane,gneisenau_meta_(azur_lane),azur_lane,released_skin_official_name,970401/9704010,False
azur_lane,goetz_von_berlichingen_(azur_lane),azur_lane,legacy_appearance_pack,,True
azur_lane,golden_darkness_(azur_lane),azur_lane,released_skin_official_name,1110004/11100040,False
azur_lane,golden_darkness_(pajama_status_on)_(azur_lane),azur_lane,released_skin_official_name,1110004/11100041,False
azur_lane,golden_hind_(azur_lane),azur_lane,legacy_appearance_pack+released_skin+danbooru_tag,960003/9600030,True
azur_lane,golden_hind_(forlorn_femme_fatale)_(azur_lane),azur_lane,released_skin+danbooru_tag,960003/9600031,True
azur_lane,golden_hind_(the_pale_phantom's_smile)_(azur_lane),azur_lane,released_skin+danbooru_tag,960003/9600032+960003/9600033,True
azur_lane,gorizia_(azur_lane),azur_lane,released_skin+danbooru_tag,60306/603060,True
azur_lane,gorizia_(the_spy_who_crushed_on_me)_(azur_lane),azur_lane,released_skin+danbooru_tag,60306/603062,True
azur_lane,gorizia_(unrequited_office_love)_(azur_lane),azur_lane,released_skin_official_name,60306/603061,False
azur_lane,gotz_von_berlichingen_(azur_lane),azur_lane,released_skin_official_name,40507/405070,False
azur_lane,gotz_von_berlichingen_(rapture_beneath_the_blood_moon)_(azur_lane),azur_lane,released_skin_official_name,40507/405071,False
azur_lane,gouden_leeuw_(an_intimate_cleaning)_(azur_lane),azur_lane,released_skin+danbooru_tag,119901/1199011,True
azur_lane,gouden_leeuw_(azur_lane),azur_lane,legacy_appearance_pack+released_skin+danbooru_tag,119901/1199010,True
azur_lane,graf_zeppelin_(azur_lane),azur_lane,legacy_appearance_pack+released_skin+danbooru_tag,40701/407010,True
azur_lane,graf_zeppelin_(beachside_urd)_(azur_lane),azur_lane,legacy_appearance_pack+released_skin+danbooru_tag,40701/407011,True
azur_lane,graf_zeppelin_(intoxicating_crimson)_(azur_lane),azur_lane,released_skin+danbooru_tag,40701/407012,True
azur_lane,green_heart_(azur_lane),azur_lane,released_skin_official_name,1010008/10100080,False
azur_lane,green_heart_(goddesses'_moment)_(azur_lane),azur_lane,released_skin_official_name,1010008/10100081,False
azur_lane,gremyashchy_(a_daytime_delight_is_in_a_book)_(azur_lane),azur_lane,released_skin+danbooru_tag,70107/701071,True
azur_lane,gremyashchy_(azur_lane),azur_lane,released_skin+danbooru_tag,70107/701070,True
azur_lane,grenville_(azur_lane),azur_lane,legacy_appearance_pack+released_skin+danbooru_tag,20113/201130,True
azur_lane,grenville_meta_(azur_lane),azur_lane,released_skin_official_name,970107/9701070,False
azur_lane,gridley_(azur_lane),azur_lane,released_skin+danbooru_tag,10105/101050,True
azur_lane,gridley_(christmas_photoshoot)_(azur_lane),azur_lane,released_skin+danbooru_tag,10105/101051,True
azur_lane,griffin_(azur_lane),azur_lane,released_skin+danbooru_tag,20115/201150,True
azur_lane,griffin_(tensest_relaxation_therapy)_(azur_lane),azur_lane,released_skin+danbooru_tag,20115/201151,True
azur_lane,gromky_(azur_lane),azur_lane,released_skin+danbooru_tag,70108/701080,True
azur_lane,gromky_(morning's_beckoning)_(azur_lane),azur_lane,released_skin+danbooru_tag,70108/701081,True
azur_lane,grozny_(azur_lane),azur_lane,released_skin+danbooru_tag,70102/701020,True
azur_lane,grozny_(bad_bunny_behind_bars)_(azur_lane),azur_lane,released_skin+danbooru_tag,70102/701021,True
azur_lane,grozny_(bunny_in_the_banya)_(azur_lane),azur_lane,released_skin+danbooru_tag,70102/701025,True
azur_lane,grozny_(bunny_remodeling_plan)_(azur_lane),azur_lane,released_skin_official_name,70102/701022,False
azur_lane,grozny_(shadowy_syndicate_showdown)_(azur_lane),azur_lane,released_skin+danbooru_tag,70102/701023,True
azur_lane,grozny_(tea_party_with_krolik)_(azur_lane),azur_lane,released_skin+danbooru_tag,70102/701024,True
azur_lane,guam_(azur_lane),azur_lane,legacy_appearance_pack+released_skin+danbooru_tag,11802/118020,True
azur_lane,guam_(stage-setting_charmer)_(azur_lane),azur_lane,legacy_appearance_pack+released_skin+danbooru_tag,11802/118021,True
azur_lane,guam_(the_kunoichi's_dangerous_variety_show)_(azur_lane),azur_lane,released_skin+danbooru_tag,11802/118022,True
azur_lane,guichen_(azur_lane),azur_lane,released_skin+danbooru_tag,80203/802030,True
azur_lane,guichen_(milk_and_kisses)_(azur_lane),azur_lane,released_skin+danbooru_tag,80203/802032,True
azur_lane,guichen_(milkandkiss)_(azur_lane),azur_lane,released_skin_official_name,80203/802033,False
azur_lane,guichen_(sorciere_on_ice)_(azur_lane),azur_lane,released_skin+danbooru_tag,80203/802031,True
azur_lane,haguro_(a_blessing_in_disguise)_(azur_lane),azur_lane,released_skin_official_name,30310/303101,False
azur_lane,haguro_(azur_lane),azur_lane,released_skin+danbooru_tag,30310/303100,True
azur_lane,haguro_(caught_by_nightfall)_(azur_lane),azur_lane,released_skin+danbooru_tag,30310/303102,True
azur_lane,hai_chi_(a_dance_among_the_lotuses)_(azur_lane),azur_lane,released_skin+danbooru_tag,50208/502081,True
azur_lane,hai_chi_(azur_lane),azur_lane,released_skin+danbooru_tag,50208/502080,True
azur_lane,hai_chou_(aroma_of_awakening)_(azur_lane),azur_lane,released_skin+danbooru_tag,50212/502121+50212/502122,True
azur_lane,hai_chou_(azur_lane),azur_lane,released_skin+danbooru_tag,50212/502120,True
azur_lane,hai_tien_(autumn_night_of_wandering_spirits)_(azur_lane),azur_lane,released_skin+danbooru_tag,50207/502073,True
azur_lane,hai_tien_(azur_lane),azur_lane,released_skin+danbooru_tag,50207/502070,True
azur_lane,hai_tien_(baker_of_heart_into_sweets)_(azur_lane),azur_lane,released_skin+danbooru_tag,50207/502074,True
azur_lane,hai_tien_(luan-feng's_everlasting_duet)_(azur_lane),azur_lane,released_skin+danbooru_tag,50207/502078,True
azur_lane,hai_tien_(soaring_apsaras)_(azur_lane),azur_lane,released_skin+danbooru_tag,50207/502072,True
azur_lane,hai_tien_(verse-weaver_at_the_water's_edge)_(azur_lane),azur_lane,released_skin+danbooru_tag,50207/502071,True
azur_lane,hai_yung_(azur_lane),azur_lane,released_skin+danbooru_tag,50210/502100,True
azur_lane,hai_yung_(maple_impressions)_(azur_lane),azur_lane,released_skin+danbooru_tag,50210/502101,True
azur_lane,hakuhou_(azur_lane),azur_lane,legacy_appearance_pack+released_skin+danbooru_tag,30716/307160,True
azur_lane,hakuhou_(floral_ninja_roleplay)_(azur_lane),azur_lane,legacy_appearance_pack+released_skin+danbooru_tag,30716/307161,True
azur_lane,hakuhou_(sunshower_fox_bride)_(azur_lane),azur_lane,released_skin+danbooru_tag,30716/307162,True
azur_lane,hakuryuu_(azur_lane),azur_lane,legacy_appearance_pack+released_skin+danbooru_tag,39905/399050,True
azur_lane,hakuryuu_(flash_of_silk_and_strings)_(azur_lane),azur_lane,released_skin+danbooru_tag,39905/399052,True
azur_lane,hakuryuu_(folded_over_a_thousand_times)_(azur_lane),azur_lane,released_skin+danbooru_tag,39905/399053,True
azur_lane,hakuryuu_(four_fine_layers)_(azur_lane),azur_lane,released_skin+danbooru_tag,39905/399054,True
azur_lane,hakuryuu_(slice_dice_and_serve)_(azur_lane),azur_lane,released_skin+danbooru_tag,39905/399051,True
azur_lane,halford_(a_special_day_with_the_bunny_lord)_(azur_lane),azur_lane,released_skin+danbooru_tag,19905/199051,True
azur_lane,halford_(azur_lane),azur_lane,released_skin+danbooru_tag,19905/199050,True
azur_lane,halsey_powell_(azur_lane),azur_lane,released_skin+danbooru_tag,10143/101430,True
azur_lane,halsey_powell_(spring's_lucky_star)_(azur_lane),azur_lane,released_skin+danbooru_tag,10143/101431,True
azur_lane,hamakaze_(azur_lane),azur_lane,released_skin+danbooru_tag,30161/301610,True
azur_lane,hamakaze_(retrofit)_(azur_lane),azur_lane,released_skin+danbooru_tag,30161/301619,True
azur_lane,hamakaze_(the_honors_student)_(azur_lane),azur_lane,released_skin+danbooru_tag,30161/301611,True
azur_lane,hamakaze_(the_secret_ingredient_is_love)_(azur_lane),azur_lane,released_skin_official_name,30161/301612,False
azur_lane,hammann_(another_rebellious_summer)_(azur_lane),azur_lane,released_skin_official_name,10125/101501,False
azur_lane,hammann_(azur_lane),azur_lane,legacy_appearance_pack+released_skin+danbooru_tag,10125/101250,True
azur_lane,hammann_(blushing_fellow)_(azur_lane),azur_lane,released_skin+danbooru_tag,10125/101255,True
azur_lane,hammann_(hammann's_scrumptious_spells)_(azur_lane),azur_lane,released_skin_official_name,10125/101502,False
azur_lane,hammann_(hammanyan_pawnch)_(azur_lane),azur_lane,released_skin_official_name,10125/101253,False
azur_lane,hammann_(holy_night_surprise)_(azur_lane),azur_lane,released_skin_official_name,10125/101254,False
azur_lane,hammann_(prideful_fairy_of_the_ballroom)_(azur_lane),azur_lane,released_skin+danbooru_tag,10125/101252,True
azur_lane,hammann_(rebellious_summer)_(azur_lane),azur_lane,released_skin+danbooru_tag,10125/101251,True
azur_lane,hammann_(retrofit)_(azur_lane),azur_lane,legacy_appearance_pack+released_skin+danbooru_tag,10125/101259,True
azur_lane,hammann_ii_(another_rebellious_summer)_(azur_lane),azur_lane,released_skin+danbooru_tag,10150/101501,True
azur_lane,hammann_ii_(azur_lane),azur_lane,released_skin+danbooru_tag,10150/101500,True
azur_lane,hammann_ii_(blushing_fellow)_(azur_lane),azur_lane,released_skin_official_name,10150/101255,False
azur_lane,hammann_ii_(hammann's_scrumptious_spells)_(azur_lane),azur_lane,released_skin+danbooru_tag,10150/101502,True
azur_lane,hammann_ii_(hammanyan_pawnch)_(azur_lane),azur_lane,released_skin_official_name,10150/101253,False
azur_lane,hammann_ii_(holy_night_surprise)_(azur_lane),azur_lane,released_skin_official_name,10150/101254,False
azur_lane,hammann_ii_(prideful_fairy_of_the_ballroom)_(azur_lane),azur_lane,released_skin_official_name,10150/101252,False
azur_lane,hammann_ii_(rebellious_summer)_(azur_lane),azur_lane,released_skin_official_name,10150/101251,False
azur_lane,hanazuki_(azur_lane),azur_lane,legacy_appearance_pack+released_skin+danbooru_tag,30182/301820,True
azur_lane,hanazuki_(blossoming_spring_resplendent_moon)_(azur_lane),azur_lane,released_skin+danbooru_tag,30182/301822,True
azur_lane,hanazuki_(morning_moon_beachside_flower)_(azur_lane),azur_lane,released_skin+danbooru_tag,30182/301821,True
azur_lane,harbin_(azur_lane),azur_lane,released_skin+danbooru_tag,59901/599010,True
azur_lane,harbin_(red_paeonia)_(azur_lane),azur_lane,released_skin+danbooru_tag,59901/599018,True
azur_lane,harbin_(set_sail_for_summer_treasure)_(azur_lane),azur_lane,released_skin+danbooru_tag,59901/599012,True
azur_lane,harbin_(union_between_sea_and_sky)_(azur_lane),azur_lane,released_skin+danbooru_tag,59901/599011,True
azur_lane,hardy_(azur_lane),azur_lane,released_skin+danbooru_tag,20116/201160,True
azur_lane,hardy_(retrofit)_(azur_lane),azur_lane,released_skin+danbooru_tag,20116/201169,True
azur_lane,harrison_(accidental_pursuit_race)_(azur_lane),azur_lane,released_skin_official_name,10157/101571,False
azur_lane,harrison_(azur_lane),azur_lane,released_skin+danbooru_tag,10157/101570,True
azur_lane,haruka_amami_(a_taste_of_tranquility)_(azur_lane),azur_lane,released_skin_official_name,1070001/10700011,False
azur_lane,haruka_amami_(azur_lane),azur_lane,released_skin_official_name,1070001/10700010,False
azur_lane,haruna_(azur_lane),azur_lane,released_skin+danbooru_tag,30403/304030,True
azur_lane,haruna_(free_time_before_class)_(azur_lane),azur_lane,released_skin+danbooru_tag,30403/304031,True
azur_lane,haruna_(scarlet_innocence)_(azur_lane),azur_lane,released_skin+danbooru_tag,30403/304032,True
azur_lane,haruna_(the_elegant_lotus)_(azur_lane),azur_lane,released_skin+danbooru_tag,30403/304033,True
azur_lane,haruna_sairenji_(azur_lane),azur_lane,released_skin_official_name,1110005/11100050,False
azur_lane,haruna_sairenji_(on_one_serene_night)_(azur_lane),azur_lane,released_skin_official_name,1110005/11100051,False
azur_lane,harutsuki_(a_dance_for_the_coming_spring)_(azur_lane),azur_lane,released_skin+danbooru_tag,30157/301571,True
azur_lane,harutsuki_(azur_lane),azur_lane,released_skin+danbooru_tag,30157/301570,True
azur_lane,harutsuki_(little_steamy_sprite)_(azur_lane),azur_lane,released_skin+danbooru_tag,30157/301572,True
azur_lane,hass_(azur_lane),azur_lane,released_skin_official_name,1080003/10800030,False
azur_lane,hass_(seaside_scoop)_(azur_lane),azur_lane,released_skin_official_name,1080003/10800031,False
azur_lane,hasty_(azur_lane),azur_lane,released_skin+danbooru_tag,20140/201400,True
azur_lane,hasty_(sleepless_dollhouse)_(azur_lane),azur_lane,released_skin+danbooru_tag,20140/201401,True
azur_lane,hatakaze_(azur_lane),azur_lane,released_skin+danbooru_tag,30179/301790,True
azur_lane,hatakaze_meta_(azur_lane),azur_lane,released_skin_official_name,970103/9701030,False
azur_lane,hatsuharu_(azur_lane),azur_lane,released_skin+danbooru_tag,30121/301210,True
azur_lane,hatsuharu_(hatsuharu's_cat_cafe_caper)_(azur_lane),azur_lane,released_skin+danbooru_tag,30121/301213,True
azur_lane,hatsuharu_(hatsuharu_in_the_limelight)_(azur_lane),azur_lane,released_skin+danbooru_tag,30121/301212,True
azur_lane,hatsuharu_(retrofit)_(azur_lane),azur_lane,released_skin+danbooru_tag,30121/301219,True
azur_lane,hatsuharu_(snow_day_hatsuharu)_(azur_lane),azur_lane,released_skin+danbooru_tag,30121/301211,True
azur_lane,hatsushimo_(azur_lane),azur_lane,released_skin+danbooru_tag,30124/301240,True
azur_lane,hatsushimo_(perennial_joy)_(azur_lane),azur_lane,released_skin+danbooru_tag,30124/301242,True
azur_lane,hatsushimo_(retrofit)_(azur_lane),azur_lane,released_skin+danbooru_tag,30124/301249,True
azur_lane,hatsuzuki_(august's_first_romance)_(azur_lane),azur_lane,released_skin+danbooru_tag,30189/301891,True
azur_lane,hatsuzuki_(azur_lane),azur_lane,legacy_appearance_pack+released_skin+danbooru_tag,30189/301890,True
azur_lane,hatsuzuki_(luxurious_celebration_time)_(azur_lane),azur_lane,released_skin+danbooru_tag,30189/301892,True
azur_lane,hatsuzuki_(red_bridge_of_fate)_(azur_lane),azur_lane,released_skin+danbooru_tag,30189/301898,True
azur_lane,hazelwood_(azur_lane),azur_lane,released_skin+danbooru_tag,10134/101340,True
azur_lane,helena_(azur_lane),azur_lane,legacy_appearance_pack+released_skin+danbooru_tag,10205/102050,True
azur_lane,helena_(basking_in_the_cypress'_warmth)_(azur_lane),azur_lane,released_skin+danbooru_tag,10205/102054,True
azur_lane,helena_(may_i_have_this_dance)_(azur_lane),azur_lane,released_skin_official_name,10205/102052,False
azur_lane,helena_(miracle_in_white)_(azur_lane),azur_lane,released_skin+danbooru_tag,10205/102058,True
azur_lane,helena_(new_year's_bluebird)_(azur_lane),azur_lane,released_skin+danbooru_tag,10205/102051,True
azur_lane,helena_(retrofit)_(azur_lane),azur_lane,released_skin+danbooru_tag,10205/102059,True
azur_lane,helena_(shimmering_triangle_wave)_(azur_lane),azur_lane,legacy_appearance_pack+released_skin+danbooru_tag,10205/102053,True
azur_lane,helena_meta_(azur_lane),azur_lane,released_skin_official_name,970201/9702010,False
azur_lane,hermann_kunne_(z19)_(azur_lane),azur_lane,released_skin_official_name,40119/401190,False
azur_lane,hermes_(azur_lane),azur_lane,released_skin+danbooru_tag,20601/206010,True
azur_lane,hermes_(retrofit)_(azur_lane),azur_lane,released_skin+danbooru_tag,20601/206019,True
azur_lane,hermione_(azur_lane),azur_lane,legacy_appearance_pack+released_skin+danbooru_tag,20227/202270,True
azur_lane,hermione_(dawn's_oath)_(azur_lane),azur_lane,released_skin+danbooru_tag,20227/202278,True
azur_lane,hermione_(graceful_afternoon_tea)_(azur_lane),azur_lane,released_skin+danbooru_tag,20227/202273,True
azur_lane,hermione_(pristine_herbalist)_(azur_lane),azur_lane,released_skin+danbooru_tag,20227/202274,True
azur_lane,hermione_(pure_white_angel)_(azur_lane),azur_lane,released_skin+danbooru_tag,20227/202271,True
azur_lane,hermione_(pure_white_holiday)_(azur_lane),azur_lane,released_skin+danbooru_tag,20227/202272,True
azur_lane,hermione_(winter_dearest)_(azur_lane),azur_lane,released_skin+danbooru_tag,20227/202275,True
azur_lane,hero_(azur_lane),azur_lane,released_skin+danbooru_tag,20136/201360,True
azur_lane,hero_(the_devil_wears_knee-highs)_(azur_lane),azur_lane,released_skin+danbooru_tag,20136/201361,True
azur_lane,herring_(azur_lane),azur_lane,released_skin+danbooru_tag,10809/108090,True
azur_lane,herring_(the_town_with_no_shade)_(azur_lane),azur_lane,released_skin+danbooru_tag,10809/108091,True
azur_lane,hestia_(azur_lane),azur_lane,released_skin_official_name,1140001/11400010,False
azur_lane,hestia_(godly_vacation)_(azur_lane),azur_lane,released_skin_official_name,1140001/11400011,False
azur_lane,hibiki_(azur_lane),azur_lane,legacy_appearance_pack+released_skin+danbooru_tag,30110/301100,True
azur_lane,hibiki_(new_year's_little_imp)_(azur_lane),azur_lane,released_skin+danbooru_tag,30110/301101,True
azur_lane,hiei-chan_(azur_lane),azur_lane,released_skin+danbooru_tag,30406/304060,True
azur_lane,hiei_(azur_lane),azur_lane,legacy_appearance_pack+released_skin+danbooru_tag,30402/304020,True
azur_lane,hiei_(beauty_of_the_white_sands)_(azur_lane),azur_lane,released_skin+danbooru_tag,30402/304023,True
azur_lane,hiei_(fragrant_red_plum)_(azur_lane),azur_lane,released_skin+danbooru_tag,30402/304022,True
azur_lane,hiei_(moonlit_cruise)_(azur_lane),azur_lane,released_skin+danbooru_tag,30402/304021,True
azur_lane,hiei_meta_(azur_lane),azur_lane,released_skin_official_name,970405/9704050,False
azur_lane,hindenburg_(azur_lane),azur_lane,legacy_appearance_pack+released_skin+danbooru_tag,49909/499090,True
azur_lane,hindenburg_(dancer_of_the_deep_chamber)_(azur_lane),azur_lane,legacy_appearance_pack+released_skin+danbooru_tag,49909/499092,True
azur_lane,hindenburg_(delirious_duel)_(azur_lane),azur_lane,legacy_appearance_pack+released_skin+danbooru_tag,49909/499091,True
azur_lane,hiryuu_(after_school_bullies)_(azur_lane),azur_lane,released_skin+danbooru_tag,30704/307041,True
azur_lane,hiryuu_(azur_lane),azur_lane,legacy_appearance_pack+released_skin+danbooru_tag,30704/307040,True
azur_lane,hiryuu_(retrofit)_(azur_lane),azur_lane,released_skin+danbooru_tag,30704/307049,True
azur_lane,hiryuu_meta_(azur_lane),azur_lane,released_skin+danbooru_tag,970701/9707010,True
azur_lane,hiyou_(azur_lane),azur_lane,released_skin+danbooru_tag,30601/306010,True
azur_lane,hiyou_meta_(azur_lane),azur_lane,released_skin_official_name,970601/9706010,False
azur_lane,hobby_(azur_lane),azur_lane,legacy_appearance_pack+released_skin+danbooru_tag,10136/101360,True
azur_lane,hobby_(little_idol_schoolgirl)_(azur_lane),azur_lane,released_skin+danbooru_tag,10136/101361,True
azur_lane,homura_(azur_lane),azur_lane,released_skin_official_name,1100003/11000030,False
azur_lane,homura_(the_shinobi_angler)_(azur_lane),azur_lane,released_skin_official_name,1100003/11000031,False
azur_lane,honoka_(azur_lane),azur_lane,released_skin_official_name,1060002/10600020,False
azur_lane,honoka_(summer_angel_on_the_shore)_(azur_lane),azur_lane,released_skin_official_name,1060002/10600021,False
azur_lane,honolulu_(among_the_stalls)_(azur_lane),azur_lane,released_skin+danbooru_tag,10212/102124,True
azur_lane,honolulu_(azur_lane),azur_lane,legacy_appearance_pack+released_skin+danbooru_tag,10212/102120,True
azur_lane,honolulu_(manjuu_mischief)_(azur_lane),azur_lane,released_skin+danbooru_tag,10212/102123,True
azur_lane,honolulu_(summer_accident)_(azur_lane),azur_lane,released_skin_official_name,10212/102122,False
azur_lane,honolulu_(summer_accident?!)_(azur_lane),azur_lane,legacy_appearance_pack,,True
azur_lane,honolulu_(umbrella_girl)_(azur_lane),azur_lane,legacy_appearance_pack+released_skin+danbooru_tag,10212/102121,True
azur_lane,hood_(azur_lane),azur_lane,legacy_appearance_pack+released_skin+danbooru_tag,20403/204030,True
azur_lane,hood_(dawnlight's_dame)_(azur_lane),azur_lane,released_skin+danbooru_tag,20403/204033,True
azur_lane,hood_(elegance_meant_for_one)_(azur_lane),azur_lane,released_skin+danbooru_tag,20403/204035,True
azur_lane,hood_(gentlewoman_and_stallion)_(azur_lane),azur_lane,released_skin+danbooru_tag,20403/204034,True
azur_lane,hood_(lady_of_the_shining_sun)_(azur_lane),azur_lane,released_skin+danbooru_tag,20403/204031,True
azur_lane,hood_(porcelain_grace)_(azur_lane),azur_lane,released_skin+danbooru_tag,20403/204032,True
azur_lane,hood_(rosey_love_poem)_(azur_lane),azur_lane,released_skin+danbooru_tag,20403/204038,True
azur_lane,hornet_(azur_lane),azur_lane,legacy_appearance_pack+released_skin+danbooru_tag,10707/107070,True
azur_lane,hornet_(bubbly_anniversary)_(azur_lane),azur_lane,released_skin_official_name,10707/107071,False
azur_lane,hornet_(cheering_justice)_(azur_lane),azur_lane,released_skin_official_name,10707/107073,False
azur_lane,hornet_(freshly-baked_bonding)_(azur_lane),azur_lane,released_skin_official_name,10707/107072,False
azur_lane,hornet_(racing_across_the_waves)_(azur_lane),azur_lane,released_skin_official_name,10707/107121,False
azur_lane,hornet_ii_(azur_lane),azur_lane,released_skin+danbooru_tag,10712/107120,True
azur_lane,hornet_ii_(bubbly_anniversary)_(azur_lane),azur_lane,released_skin_official_name,10712/107071,False
azur_lane,hornet_ii_(cheering_justice)_(azur_lane),azur_lane,released_skin_official_name,10712/107073,False
azur_lane,hornet_ii_(freshly-baked_bonding)_(azur_lane),azur_lane,released_skin_official_name,10712/107072,False
azur_lane,hornet_ii_(racing_across_the_waves)_(azur_lane),azur_lane,released_skin+danbooru_tag,10712/107121,True
azur_lane,hornet_meta_(azur_lane),azur_lane,released_skin_official_name,970706/9707060,False
azur_lane,hostile_(azur_lane),azur_lane,released_skin+danbooru_tag,20119/201190,True
azur_lane,hostile_(coastal_vigil)_(azur_lane),azur_lane,released_skin+danbooru_tag,20119/201191,True
azur_lane,houshou_(azur_lane),azur_lane,released_skin+danbooru_tag,30603/306030,True
azur_lane,houshou_(the_dream_of_the_autumn_pillow)_(azur_lane),azur_lane,released_skin+danbooru_tag,30603/306031,True
azur_lane,houshou_meta_(azur_lane),azur_lane,released_skin_official_name,970604/9706040,False
azur_lane,houston_(azur_lane),azur_lane,released_skin+danbooru_tag,10305/103050,True
azur_lane,houston_(ready_to_serve)_(azur_lane),azur_lane,released_skin_official_name,10305/102311,False
azur_lane,houston_ii_(azur_lane),azur_lane,released_skin+danbooru_tag,10231/102310,True
azur_lane,houston_ii_(ready_to_serve)_(azur_lane),azur_lane,released_skin_official_name,10231/102311,False
azur_lane,howe_(azur_lane),azur_lane,released_skin+danbooru_tag,20509/205090,True
azur_lane,howe_(evening_marvels)_(azur_lane),azur_lane,released_skin+danbooru_tag,20509/205093,True
azur_lane,howe_(noble_rouge)_(azur_lane),azur_lane,released_skin+danbooru_tag,20509/205091,True
azur_lane,howe_(pastry_princess)_(azur_lane),azur_lane,released_skin+danbooru_tag,20509/205092,True
azur_lane,hu_pen_(azur_lane),azur_lane,released_skin+danbooru_tag,50106/501060,True
azur_lane,hu_pen_(prancing_tiger_welcomes_the_spring)_(azur_lane),azur_lane,released_skin+danbooru_tag,50106/501061,True
azur_lane,huan_ch'ang_(azur_lane),azur_lane,released_skin+danbooru_tag,50401/504010,True
azur_lane,huan_ch'ang_(dance_beneath_the_moonlight)_(azur_lane),azur_lane,released_skin+danbooru_tag,50401/504011,True
azur_lane,hunter_(azur_lane),azur_lane,released_skin+danbooru_tag,20120/201200,True
azur_lane,hunter_meta_(azur_lane),azur_lane,released_skin_official_name,970101/9701010,False
azur_lane,hwah_jah_(as_lustrous_as_lacquer)_(azur_lane),azur_lane,released_skin+danbooru_tag,50602/506022,True
azur_lane,hwah_jah_(azur_lane),azur_lane,released_skin+danbooru_tag,50602/506020,True
azur_lane,hwah_jah_(retrofit)_(azur_lane),azur_lane,released_skin+danbooru_tag,50602/506029,True
azur_lane,hwah_jah_(the_festive_undead)_(azur_lane),azur_lane,released_skin+danbooru_tag,50602/506021,True
azur_lane,hyuuga_(azur_lane),azur_lane,released_skin+danbooru_tag,30504/305040,True
azur_lane,hyuuga_(retrofit)_(azur_lane),azur_lane,released_skin+danbooru_tag,30504/305049,True
azur_lane,i-13_(after-school_observations)_(azur_lane),azur_lane,released_skin+danbooru_tag,31701/317011,True
azur_lane,i-13_(azur_lane),azur_lane,legacy_appearance_pack+released_skin+danbooru_tag,31701/317010,True
azur_lane,i-14_(azur_lane),azur_lane,released_skin+danbooru_tag,31703/317030,True
azur_lane,i-14_(thousand-faced_nothingness)_(azur_lane),azur_lane,released_skin+danbooru_tag,31703/317031,True
azur_lane,i-168_(azur_lane),azur_lane,released_skin+danbooru_tag,30806/308060,True
azur_lane,i-168_(festive_mood)_(azur_lane),azur_lane,released_skin_official_name,30806/308061,False
azur_lane,i-19_(azur_lane),azur_lane,legacy_appearance_pack+released_skin+danbooru_tag,30801/308010,True
azur_lane,i-19_(blossoming_bunny)_(azur_lane),azur_lane,released_skin+danbooru_tag,30801/308013,True
azur_lane,i-19_(departure's_gentle_breeze)_(azur_lane),azur_lane,released_skin+danbooru_tag,30801/308011,True
azur_lane,i-19_(pillowy_paradise)_(azur_lane),azur_lane,released_skin+danbooru_tag,30801/308012,True
azur_lane,i-25_(azur_lane),azur_lane,released_skin+danbooru_tag,30804/308040,True
azur_lane,i-25_(coral_reef_bunny)_(azur_lane),azur_lane,released_skin+danbooru_tag,30804/308041,True
azur_lane,i-25_(sweet_wine_of_celebration)_(azur_lane),azur_lane,released_skin+danbooru_tag,30804/308042,True
azur_lane,i-26_(azur_lane),azur_lane,legacy_appearance_pack+released_skin+danbooru_tag,30802/308020,True
azur_lane,i-26_(deep-sea_rabbit)_(azur_lane),azur_lane,released_skin+danbooru_tag,30802/308021,True
azur_lane,i-26_(shortly_before_the_fireworks)_(azur_lane),azur_lane,released_skin+danbooru_tag,30802/308022,True
azur_lane,i-404_(azur_lane),azur_lane,released_skin+danbooru_tag,31702/317020,True
azur_lane,i-404_(dance_of_crimson_strings)_(azur_lane),azur_lane,released_skin+danbooru_tag,31702/317021+31702/317022,True
azur_lane,i-56_(azur_lane),azur_lane,released_skin+danbooru_tag,30805/308050,True
azur_lane,i-56_(wallflower_in_the_corner)_(azur_lane),azur_lane,released_skin+danbooru_tag,30805/308051,True
azur_lane,i-58_(azur_lane),azur_lane,released_skin+danbooru_tag,30803/308030,True
azur_lane,ibuki_(arrival_of_spring)_(azur_lane),azur_lane,released_skin+danbooru_tag,39901/399013,True
azur_lane,ibuki_(azur_lane),azur_lane,legacy_appearance_pack+released_skin+danbooru_tag,39901/399010,True
azur_lane,ibuki_(snow_on_the_wind)_(azur_lane),azur_lane,released_skin+danbooru_tag,39901/399012,True
azur_lane,ibuki_(traces_of_summery_love)_(azur_lane),azur_lane,released_skin+danbooru_tag,39901/399015,True
azur_lane,ibuki_(tranquil_sunya)_(azur_lane),azur_lane,released_skin+danbooru_tag,39901/399014,True
azur_lane,ibuki_(winter_sylph's_reverie)_(azur_lane),azur_lane,released_skin+danbooru_tag,39901/399011,True
azur_lane,icarus_(at_your_service)_(azur_lane),azur_lane,released_skin+danbooru_tag,20133/201333,True
azur_lane,icarus_(azur_lane),azur_lane,released_skin+danbooru_tag,20133/201330,True
azur_lane,icarus_(nereid's_discovery)_(azur_lane),azur_lane,released_skin+danbooru_tag,20133/201332,True
azur_lane,icarus_(one-week_medical_experience)_(azur_lane),azur_lane,released_skin_official_name,20133/201331,False
azur_lane,ikaruga_(a_moment_of_peace)_(azur_lane),azur_lane,released_skin_official_name,1100002/11000021,False
azur_lane,ikaruga_(azur_lane),azur_lane,released_skin_official_name,1100002/11000020,False
azur_lane,ikazuchi_(azur_lane),azur_lane,legacy_appearance_pack+released_skin+danbooru_tag,30111/301110,True
azur_lane,ikazuchi_(courtyard_maid_ikazuchi)_(azur_lane),azur_lane,released_skin+danbooru_tag,30111/301114,True
azur_lane,ikazuchi_(dawn's_thunder)_(azur_lane),azur_lane,released_skin+danbooru_tag,30111/301113,True
azur_lane,ikazuchi_(sakura_tea)_(azur_lane),azur_lane,released_skin+danbooru_tag,30111/301111,True
azur_lane,ikazuchi_(thunderous_festival)_(azur_lane),azur_lane,released_skin+danbooru_tag,30111/301112,True
azur_lane,illustrious_(azur_lane),azur_lane,legacy_appearance_pack+released_skin+danbooru_tag,20703/207030,True
azur_lane,illustrious_(illustrious_ball)_(azur_lane),azur_lane,released_skin+danbooru_tag,20703/207032,True
azur_lane,illustrious_(lambent_melody)_(azur_lane),azur_lane,released_skin+danbooru_tag,20703/207036,True
azur_lane,illustrious_(maiden_lily's_radiance)_(azur_lane),azur_lane,legacy_appearance_pack+released_skin+danbooru_tag,20703/207035,True
azur_lane,illustrious_(morning_star_of_love_and_hope)_(azur_lane),azur_lane,legacy_appearance_pack+released_skin+danbooru_tag,20703/207038,True
azur_lane,illustrious_(muse)_(azur_lane),azur_lane,legacy_appearance_pack,,True
azur_lane,illustrious_(never-ending_tea_party)_(azur_lane),azur_lane,released_skin+danbooru_tag,20703/207031,True
azur_lane,illustrious_(our_private_study_session)_(azur_lane),azur_lane,released_skin_official_name,20703/207037,False
azur_lane,illustrious_(resplendent_hibiscus)_(azur_lane),azur_lane,released_skin+danbooru_tag,20703/207033,True
azur_lane,illustrious_(sweet_afternoon_teatime)_(azur_lane),azur_lane,released_skin+danbooru_tag,20703/237030,True
azur_lane,illustrious_(wandering_glow_of_midnight)_(azur_lane),azur_lane,released_skin+danbooru_tag,20703/237031,True
azur_lane,illustrious_μ_(azur_lane),azur_lane,released_skin_official_name,20711/207110,False
azur_lane,illustrious_μ_(illustrious_ball)_(azur_lane),azur_lane,released_skin_official_name,20711/207032,False
azur_lane,illustrious_μ_(lambent_melody)_(azur_lane),azur_lane,released_skin_official_name,20711/207036,False
azur_lane,illustrious_μ_(maiden_lily's_radiance)_(azur_lane),azur_lane,released_skin_official_name,20711/207035,False
azur_lane,illustrious_μ_(morning_star_of_love_and_hope)_(azur_lane),azur_lane,released_skin_official_name,20711/207038,False
azur_lane,illustrious_μ_(never-ending_tea_party)_(azur_lane),azur_lane,released_skin_official_name,20711/207031,False
azur_lane,illustrious_μ_(our_private_study_session)_(azur_lane),azur_lane,released_skin_official_name,20711/207037,False
azur_lane,illustrious_μ_(resplendent_hibiscus)_(azur_lane),azur_lane,released_skin_official_name,20711/207033,False
azur_lane,illustrious_μ_(sweet_afternoon_teatime)_(azur_lane),azur_lane,released_skin_official_name,20711/237030,False
azur_lane,illustrious_μ_(wandering_glow_of_midnight)_(azur_lane),azur_lane,released_skin_official_name,20711/237031,False
azur_lane,impero_(azur_lane),azur_lane,released_skin+danbooru_tag,60702/607020,True
azur_lane,impero_(drunken_drowsy_dreamer)_(azur_lane),azur_lane,released_skin+danbooru_tag,60702/607022,True
azur_lane,impero_(languid_librarian)_(azur_lane),azur_lane,released_skin+danbooru_tag,60702/607021,True
azur_lane,implacable_(azur_lane),azur_lane,legacy_appearance_pack+released_skin+danbooru_tag,20707/207070,True
azur_lane,implacable_(her_beauty_runneth_over)_(azur_lane),azur_lane,released_skin+danbooru_tag,20707/207072,True
azur_lane,"implacable_(shepherd_of_the_""lost"")_(azur_lane)",azur_lane,legacy_appearance_pack,,True
azur_lane,implacable_(shepherd_of_the_lost)_(azur_lane),azur_lane,released_skin_official_name,20707/207071,False
azur_lane,inazuma_(azur_lane),azur_lane,released_skin+danbooru_tag,30112/301120,True
azur_lane,inazuma_(dusk's_lightning)_(azur_lane),azur_lane,released_skin+danbooru_tag,30112/301123,True
azur_lane,inazuma_(flash_of_fireworks)_(azur_lane),azur_lane,released_skin+danbooru_tag,30112/301122,True
azur_lane,inazuma_(maid's_flower_offering)_(azur_lane),azur_lane,released_skin+danbooru_tag,30112/301124,True
azur_lane,inazuma_(vanilla_pudding)_(azur_lane),azur_lane,released_skin+danbooru_tag,30112/301121,True
azur_lane,independence_(aching_for_relaxation)_(azur_lane),azur_lane,released_skin+danbooru_tag,10722/107225,True
azur_lane,independence_(azur_lane),azur_lane,released_skin+danbooru_tag,10722/107220,True
azur_lane,independence_(liberty_and_leisure)_(azur_lane),azur_lane,released_skin+danbooru_tag,10722/107223,True
azur_lane,independence_(retrofit)_(azur_lane),azur_lane,released_skin+danbooru_tag,10722/107229,True
azur_lane,independence_(the_independent_line)_(azur_lane),azur_lane,released_skin+danbooru_tag,10722/107222,True
azur_lane,independence_(the_tailwind_of_opportunity)_(azur_lane),azur_lane,released_skin+danbooru_tag,10722/107224,True
azur_lane,independence_(transfer_student_from_afar)_(azur_lane),azur_lane,released_skin+danbooru_tag,10722/107221,True
azur_lane,indiana_(azur_lane),azur_lane,legacy_appearance_pack+released_skin+danbooru_tag,10515/105150,True
azur_lane,indiana_(high_noon_arrest)_(azur_lane),azur_lane,released_skin+danbooru_tag,10515/105151,True
azur_lane,indianapolis_(at_school_with_my_sister)_(azur_lane),azur_lane,released_skin_official_name,10307/103071,False
azur_lane,indianapolis_(azur_lane),azur_lane,legacy_appearance_pack+released_skin+danbooru_tag,10307/103070,True
azur_lane,indianapolis_(the_light_of_circle_city)_(azur_lane),azur_lane,released_skin+danbooru_tag,10307/103072,True
azur_lane,indomitable_(azur_lane),azur_lane,legacy_appearance_pack+released_skin+danbooru_tag,20712/207120,True
azur_lane,indomitable_(ms._motivationless_maid)_(azur_lane),azur_lane,legacy_appearance_pack,,True
azur_lane,indomitable_(ms_motivationless_maid)_(azur_lane),azur_lane,released_skin_official_name,20712/207121,False
azur_lane,indomitable_(the_laid-back_navigator)_(azur_lane),azur_lane,released_skin+danbooru_tag,20712/207122,True
azur_lane,ingraham_(azur_lane),azur_lane,released_skin+danbooru_tag,10148/101480,True
azur_lane,ingraham_(fixin'_for_a_mixin)_(azur_lane),azur_lane,released_skin_official_name,10148/101481,False
azur_lane,ingraham_(wanderer_in_a_miniature_world)_(azur_lane),azur_lane,released_skin+danbooru_tag,10148/101482,True
azur_lane,intrepid_(azur_lane),azur_lane,legacy_appearance_pack+released_skin+danbooru_tag,10711/107110,True
azur_lane,intrepid_(one_intrepid_pitch)_(azur_lane),azur_lane,released_skin+danbooru_tag,10711/107111,True
azur_lane,iori_minase_(a_little_evening_secret)_(azur_lane),azur_lane,released_skin_official_name,1070003/10700031,False
azur_lane,iori_minase_(azur_lane),azur_lane,released_skin_official_name,1070003/10700030,False
azur_lane,ise_(azur_lane),azur_lane,released_skin+danbooru_tag,30503/305030,True
azur_lane,ise_(retrofit)_(azur_lane),azur_lane,released_skin+danbooru_tag,30503/305039,True
azur_lane,isla_von_duerer_(azur_lane),azur_lane,released_skin_official_name,1130002/11300020,False
azur_lane,isla_von_duerer_(open-air_vacationeer)_(azur_lane),azur_lane,released_skin_official_name,1130002/11300021,False
azur_lane,isokaze_(azur_lane),azur_lane,legacy_appearance_pack+released_skin+danbooru_tag,30160/301600,True
azur_lane,isokaze_(new_year's_campaign)_(azur_lane),azur_lane,released_skin+danbooru_tag,30160/301601,True
azur_lane,isokaze_(sengoku_smasher)_(azur_lane),azur_lane,released_skin+danbooru_tag,30160/301602,True
azur_lane,isuzu_(accidental_overheat)_(azur_lane),azur_lane,released_skin_official_name,30205/302053,False
azur_lane,isuzu_(azur_lane),azur_lane,legacy_appearance_pack+released_skin+danbooru_tag,30205/302050,True
azur_lane,isuzu_(charge_my_trusty_steeds)_(azur_lane),azur_lane,released_skin_official_name,30205/302054,False
azur_lane,isuzu_(cozy_christmas_eve)_(azur_lane),azur_lane,released_skin+danbooru_tag,30205/302052,True
azur_lane,isuzu_(night_of_fairy_tale)_(azur_lane),azur_lane,released_skin+danbooru_tag,30205/302051,True
azur_lane,isuzu_(retrofit)_(azur_lane),azur_lane,released_skin+danbooru_tag,30205/302059,True
azur_lane,izumo_(azur_lane),azur_lane,legacy_appearance_pack+released_skin+danbooru_tag,39902/399020,True
azur_lane,izumo_(izumo's_thousand_cherry_trees)_(azur_lane),azur_lane,released_skin+danbooru_tag,39902/399021,True
azur_lane,izumo_(tail-stirred_cocktail)_(azur_lane),azur_lane,released_skin+danbooru_tag,39902/399022,True
azur_lane,jade_(a_good_girl's_magic)_(azur_lane),azur_lane,released_skin+danbooru_tag,40603/406032,True
azur_lane,jade_(a_lick_of_summer)_(azur_lane),azur_lane,released_skin+danbooru_tag,40603/406031,True
azur_lane,jade_(azur_lane),azur_lane,legacy_appearance_pack+released_skin+danbooru_tag,40603/406030,True
azur_lane,jamaica_(azur_lane),azur_lane,released_skin+danbooru_tag,20217/202170,True
azur_lane,jamaica_(dark_bolt)_(azur_lane),azur_lane,released_skin+danbooru_tag,20217/202171,True
azur_lane,jamaica_(highway_star)_(azur_lane),azur_lane,released_skin+danbooru_tag,20217/202172,True
azur_lane,janus_(a_lesson_in_billiards)_(azur_lane),azur_lane,released_skin+danbooru_tag,20135/201354,True
azur_lane,janus_(azur_lane),azur_lane,legacy_appearance_pack+released_skin+danbooru_tag,20135/201350,True
azur_lane,janus_(don't_turn_off_the_lights)_(azur_lane),azur_lane,released_skin+danbooru_tag,20135/201353,True
azur_lane,janus_(fear_of_changing_clothes)_(azur_lane),azur_lane,released_skin_official_name,20135/201352,False
azur_lane,janus_(fright-night_scaredy-cat)_(azur_lane),azur_lane,legacy_appearance_pack+released_skin+danbooru_tag,20135/201351,True
azur_lane,janus_(oath_under_the_morning_sun)_(azur_lane),azur_lane,released_skin+danbooru_tag,20135/201358,True
azur_lane,janus_(shimmering_splashes_above_the_clouds)_(azur_lane),azur_lane,released_skin+danbooru_tag,20135/201355,True
azur_lane,javelin_(a_different_dance)_(azur_lane),azur_lane,released_skin+danbooru_tag,20121/231210,True
azur_lane,javelin_(a_legend_is_born)_(azur_lane),azur_lane,released_skin_official_name,20121/201217,False
azur_lane,javelin_(azur_lane),azur_lane,legacy_appearance_pack+released_skin+danbooru_tag,20121/201210,True
azur_lane,javelin_(beach_picnic!)_(azur_lane),azur_lane,legacy_appearance_pack,,True
azur_lane,javelin_(beach_picnic)_(azur_lane),azur_lane,released_skin_official_name,20121/201212,False
azur_lane,javelin_(blissful_purity)_(azur_lane),azur_lane,released_skin+danbooru_tag,20121/201218,True
azur_lane,javelin_(energetic_idol_120%_motivation)_(azur_lane),azur_lane,released_skin_official_name,20121/201216,False
azur_lane,javelin_(let's_become_waitresses)_(azur_lane),azur_lane,released_skin_official_name,20121/201213,False
azur_lane,javelin_(operation_pillow_fight)_(azur_lane),azur_lane,released_skin_official_name,20121/201215,False
azur_lane,javelin_(pinklove_heart_lancer)_(azur_lane),azur_lane,released_skin+danbooru_tag,20121/231211,True
azur_lane,javelin_(retrofit)_(azur_lane),azur_lane,legacy_appearance_pack+released_skin+danbooru_tag,20121/201219,True
azur_lane,javelin_(slow_ahead!)_(azur_lane),azur_lane,legacy_appearance_pack,,True
azur_lane,javelin_(slow_ahead)_(azur_lane),azur_lane,released_skin_official_name,20121/201214,False
azur_lane,jean_bart_(azur_lane),azur_lane,legacy_appearance_pack+released_skin+danbooru_tag,90501/905010,True
azur_lane,jean_bart_(first_snow_upon_the_cutlass's_edge)_(azur_lane),azur_lane,released_skin+danbooru_tag,90501/905013,True
azur_lane,jean_bart_(private_apres_midi)_(azur_lane),azur_lane,legacy_appearance_pack+released_skin+danbooru_tag,90501/905012,True
azur_lane,jean_bart_(springlight_etoiles)_(azur_lane),azur_lane,released_skin+danbooru_tag,90501/905014,True
azur_lane,jean_bart_(uninhibited_bloodstone)_(azur_lane),azur_lane,legacy_appearance_pack+released_skin+danbooru_tag,90501/905011,True
azur_lane,jeanne_d'arc_(azur_lane),azur_lane,legacy_appearance_pack+released_skin+danbooru_tag,80202/802020,True
azur_lane,jeanne_d'arc_(patron_saintess_of_celebration)_(azur_lane),azur_lane,released_skin+danbooru_tag,80202/802022,True
azur_lane,jeanne_d'arc_(saintess_of_the_sea)_(azur_lane),azur_lane,released_skin+danbooru_tag,80202/802021,True
azur_lane,jenkins_(azur_lane),azur_lane,legacy_appearance_pack+released_skin+danbooru_tag,10130/101300,True
azur_lane,jenkins_(light_of_the_holiest_star)_(azur_lane),azur_lane,released_skin+danbooru_tag,10130/101301,True
azur_lane,jersey_(azur_lane),azur_lane,released_skin+danbooru_tag,20125/201250,True
azur_lane,jervis_(azur_lane),azur_lane,legacy_appearance_pack+released_skin+danbooru_tag,20134/201340,True
azur_lane,jervis_(fluttering_in_the_fair_breeze)_(azur_lane),azur_lane,released_skin+danbooru_tag,20134/201341,True
azur_lane,jintsuu_(azur_lane),azur_lane,legacy_appearance_pack+released_skin+danbooru_tag,30213/302130,True
azur_lane,jintsuu_(retrofit)_(azur_lane),azur_lane,released_skin+danbooru_tag,30213/302139,True
azur_lane,jintsuu_(the_gray_wolf's_ploy)_(azur_lane),azur_lane,released_skin+danbooru_tag,30213/302132,True
azur_lane,jintsuu_(the_tactician's_vacation)_(azur_lane),azur_lane,released_skin+danbooru_tag,30213/302131,True
azur_lane,jintsuu_meta_(azur_lane),azur_lane,released_skin_official_name,970205/9702050,False
azur_lane,joffre_(azur_lane),azur_lane,legacy_appearance_pack+released_skin+danbooru_tag,90701/907010,True
azur_lane,joffre_(blessings'_first_flight)_(azur_lane),azur_lane,released_skin+danbooru_tag,90701/907013,True
azur_lane,joffre_(ensorcelled_snow_white)_(azur_lane),azur_lane,released_skin+danbooru_tag,90701/907011,True
azur_lane,joffre_(sublime_elysium)_(azur_lane),azur_lane,released_skin+danbooru_tag,90701/907012,True
azur_lane,john_rodgers_(azur_lane),azur_lane,released_skin+danbooru_tag,10158/101580,True
azur_lane,john_rodgers_(grid_girl's_interval)_(azur_lane),azur_lane,released_skin_official_name,10158/101581,False
azur_lane,juneau_(azur_lane),azur_lane,released_skin+danbooru_tag,10207/102070,True
azur_lane,juneau_(in_the_swan_garden)_(azur_lane),azur_lane,released_skin+danbooru_tag,10207/102071,True
azur_lane,juneau_(retrofit)_(azur_lane),azur_lane,released_skin+danbooru_tag,10207/102079,True
azur_lane,juno_(azur_lane),azur_lane,released_skin+danbooru_tag,20122/201220,True
azur_lane,juno_(fairly_flavourful_festival)_(azur_lane),azur_lane,released_skin+danbooru_tag,20122/201221,True
azur_lane,junyou_(azur_lane),azur_lane,legacy_appearance_pack+released_skin+danbooru_tag,30602/306020,True
azur_lane,junyou_meta_(azur_lane),azur_lane,released_skin_official_name,970602/9706020,False
azur_lane,jupiter_(azur_lane),azur_lane,released_skin+danbooru_tag,20124/201240,True
azur_lane,jupiter_(fanclub_sleepover)_(azur_lane),azur_lane,released_skin+danbooru_tag,20124/201241,True
azur_lane,kaga(bb)_(azur_lane),azur_lane,released_skin_official_name,30507/305070,False
azur_lane,kaga_(azur_lane),azur_lane,legacy_appearance_pack+released_skin+danbooru_tag,30702/307020,True
azur_lane,kaga_(dusk-simurgh's_vigil)_(azur_lane),azur_lane,released_skin+danbooru_tag,30702/307025,True
azur_lane,kaga_(everlasting_killing_stone)_(azur_lane),azur_lane,released_skin+danbooru_tag,30702/307021,True
azur_lane,kaga_(exalted_white_wings)_(azur_lane),azur_lane,released_skin+danbooru_tag,30702/307023,True
azur_lane,kaga_(gentle_blossom's_sigh)_(azur_lane),azur_lane,released_skin+danbooru_tag,30702/307024,True
azur_lane,kaga_(sacred_blue_lily)_(azur_lane),azur_lane,released_skin+danbooru_tag,30702/307028,True
azur_lane,kaga_(snowsilk_fox_dance)_(azur_lane),azur_lane,released_skin+danbooru_tag,30702/307026,True
azur_lane,kaga_(white_fox's_new_year)_(azur_lane),azur_lane,released_skin+danbooru_tag,30702/307022,True
azur_lane,kagerou_(azur_lane),azur_lane,released_skin+danbooru_tag,30117/301170,True
azur_lane,kagerou_(pumpkins_and_festivities)_(azur_lane),azur_lane,released_skin_official_name,30117/301171,False
azur_lane,kagerou_(retrofit)_(azur_lane),azur_lane,released_skin+danbooru_tag,30117/301179,True
azur_lane,kaguya_yamai_yuzuru_yamai_(azur_lane),azur_lane,released_skin_official_name,1150006/11500060,False
azur_lane,kaguya_yamai_yuzuru_yamai_(blue_ocean_rendezvous)_(azur_lane),azur_lane,released_skin_official_name,1150006/11500061,False
azur_lane,kako_(azur_lane),azur_lane,released_skin+danbooru_tag,30302/303020,True
azur_lane,kako_(retrofit)_(azur_lane),azur_lane,released_skin+danbooru_tag,30302/303029,True
azur_lane,kala_ideas_(azur_lane),azur_lane,released_skin_official_name,1090006/10900060,False
azur_lane,kala_ideas_(chief_turned_chef)_(azur_lane),azur_lane,released_skin_official_name,1090006/10900061,False
azur_lane,kalk_(azur_lane),azur_lane,released_skin+danbooru_tag,10137/101370,True
azur_lane,kalk_(snow_fairy_schoolgirl)_(azur_lane),azur_lane,released_skin+danbooru_tag,10137/101371,True
azur_lane,kamikaze_(azur_lane),azur_lane,released_skin+danbooru_tag,30130/301300,True
azur_lane,kamikaze_(retrofit)_(azur_lane),azur_lane,released_skin+danbooru_tag,30130/301309,True
azur_lane,kansas_(azur_lane),azur_lane,legacy_appearance_pack+released_skin+danbooru_tag,19906/199060,True
azur_lane,kansas_(late-night_leisure)_(azur_lane),azur_lane,released_skin_official_name,19906/199061,False
azur_lane,karl_galster_(z20)_(azur_lane),azur_lane,released_skin_official_name,40120/401200,False
azur_lane,karlsruhe_(azur_lane),azur_lane,released_skin+danbooru_tag,40202/402020,True
azur_lane,karlsruhe_(retrofit)_(azur_lane),azur_lane,released_skin+danbooru_tag,40202/402029,True
azur_lane,kashino_(azur_lane),azur_lane,legacy_appearance_pack+released_skin+danbooru_tag,31901/319010,True
azur_lane,kashino_(fresh_and_sweet)_(azur_lane),azur_lane,legacy_appearance_pack+released_skin+danbooru_tag,31901/319014,True
azur_lane,kashino_(hot_springs_relaxation)_(azur_lane),azur_lane,legacy_appearance_pack+released_skin+danbooru_tag,31901/319011,True
azur_lane,kashino_(maid_for_mayhem)_(azur_lane),azur_lane,legacy_appearance_pack+released_skin+danbooru_tag,31901/319012,True
azur_lane,kashino_(robust_floral_strings)_(azur_lane),azur_lane,released_skin+danbooru_tag,31901/319013,True
azur_lane,kasumi_(at_school_with_foo)_(azur_lane),azur_lane,released_skin+danbooru_tag,30181/301812,True
azur_lane,kasumi_(azur_lane),azur_lane,legacy_appearance_pack+released_skin+danbooru_tag,1060003/10600030+30181/301810,True
azur_lane,kasumi_(new_year's_comfort)_(azur_lane),azur_lane,released_skin+danbooru_tag,30181/301811,True
azur_lane,kasumi_(retrofit)_(azur_lane),azur_lane,released_skin+danbooru_tag,30181/301819,True
azur_lane,kasumi_(springside_mist)_(azur_lane),azur_lane,released_skin_official_name,1060003/10600031,False
azur_lane,kasumi_meta_(azur_lane),azur_lane,released_skin_official_name,970106/9701060,False
azur_lane,katsuragi_(azur_lane),azur_lane,legacy_appearance_pack+released_skin+danbooru_tag,30712/307120,True
azur_lane,katsuragi_(night-illuminating_festival)_(azur_lane),azur_lane,released_skin+danbooru_tag,30712/307121,True
azur_lane,katsuragi_(shallow-water_leisure)_(azur_lane),azur_lane,released_skin+danbooru_tag,30712/307122,True
azur_lane,kawakaze_(azur_lane),azur_lane,legacy_appearance_pack+released_skin+danbooru_tag,30149/301490,True
azur_lane,kawakaze_(guardian_fox_forever_loyal)_(azur_lane),azur_lane,released_skin+danbooru_tag,30149/301492,True
azur_lane,kawakaze_(monochromatic_interlude)_(azur_lane),azur_lane,released_skin+danbooru_tag,30149/301491,True
azur_lane,kawakaze_(unsullied_white_fox)_(azur_lane),azur_lane,released_skin+danbooru_tag,30149/301498,True
azur_lane,kawakaze_meta_(azur_lane),azur_lane,released_skin_official_name,970108/9701080,False
azur_lane,kazagumo_(after-school_melody)_(azur_lane),azur_lane,released_skin+danbooru_tag,30186/301861,True
azur_lane,kazagumo_(azur_lane),azur_lane,released_skin+danbooru_tag,30186/301860,True
azur_lane,kazagumo_(diligent_domestic_discipline)_(azur_lane),azur_lane,released_skin+danbooru_tag,30186/301863,True
azur_lane,kazagumo_(placid_waves_passionate_heart)_(azur_lane),azur_lane,released_skin+danbooru_tag,30186/301862,True
azur_lane,kazan_(azur_lane),azur_lane,released_skin+danbooru_tag,70509/705090,True
azur_lane,kazan_(the_warm_morning_sunshine)_(azur_lane),azur_lane,released_skin+danbooru_tag,70509/705091,True
azur_lane,kearsarge_(all-night_charge)_(azur_lane),azur_lane,released_skin_official_name,19904/199041,False
azur_lane,kearsarge_(all_night_charge)_(azur_lane),azur_lane,legacy_appearance_pack,,True
azur_lane,kearsarge_(azur_lane),azur_lane,legacy_appearance_pack+released_skin+danbooru_tag,19904/199040,True
azur_lane,kearsarge_(code_oath)_(azur_lane),azur_lane,released_skin_official_name,19904/199048,False
azur_lane,kearsarge_(springtime_monitoring)_(azur_lane),azur_lane,legacy_appearance_pack+released_skin+danbooru_tag,19904/199042,True
azur_lane,kent_(azur_lane),azur_lane,released_skin+danbooru_tag,20303/203030,True
azur_lane,kersaint_(a_saint's_mercy_can_do_no_wrong)_(azur_lane),azur_lane,released_skin+danbooru_tag,90104/901042,True
azur_lane,kersaint_(azur_lane),azur_lane,legacy_appearance_pack+released_skin+danbooru_tag,90104/901040,True
azur_lane,kersaint_(reverent_runner)_(azur_lane),azur_lane,released_skin+danbooru_tag,90104/901041,True
azur_lane,kiev_(azur_lane),azur_lane,legacy_appearance_pack+released_skin+danbooru_tag,70110/701100,True
azur_lane,kiev_(backstreet_silver_sonata)_(azur_lane),azur_lane,released_skin+danbooru_tag,70110/701101,True
azur_lane,kiev_(vila_of_the_crystal_lake)_(azur_lane),azur_lane,released_skin+danbooru_tag,70110/701102,True
azur_lane,kii_(azur_lane),azur_lane,released_skin+danbooru_tag,30512/305120,True
azur_lane,kii_(poolside_persuasion)_(azur_lane),azur_lane,released_skin+danbooru_tag,30512/305121,True
azur_lane,kimberly_(azur_lane),azur_lane,released_skin+danbooru_tag,10138/101380,True
azur_lane,kimberly_(style_of_the_east)_(azur_lane),azur_lane,released_skin+danbooru_tag,10138/101382,True
azur_lane,kimberly_meta_(azur_lane),azur_lane,released_skin_official_name,970104/9701040,False
azur_lane,king_george_v_(azur_lane),azur_lane,legacy_appearance_pack+released_skin+danbooru_tag,20505/205050,True
azur_lane,king_george_v_(rose's_regalia)_(azur_lane),azur_lane,released_skin+danbooru_tag,20505/205051,True
azur_lane,kinu_(azur_lane),azur_lane,released_skin+danbooru_tag,30208/302080,True
azur_lane,kinu_(new_year's_blade_demon)_(azur_lane),azur_lane,released_skin+danbooru_tag,30208/302081,True
azur_lane,kinu_(retrofit)_(azur_lane),azur_lane,released_skin+danbooru_tag,30208/302089,True
azur_lane,kinu_(token_and_ghost)_(azur_lane),azur_lane,released_skin+danbooru_tag,30208/302082,True
azur_lane,kinugasa_(azur_lane),azur_lane,released_skin+danbooru_tag,30304/303040,True
azur_lane,kirishima_(after-school_cannon_time)_(azur_lane),azur_lane,released_skin+danbooru_tag,30404/304041,True
azur_lane,kirishima_(azur_lane),azur_lane,released_skin+danbooru_tag,30404/304040,True
azur_lane,kirishima_(casual_dazzle)_(azur_lane),azur_lane,released_skin+danbooru_tag,30404/304043,True
azur_lane,kirishima_(graceful_ink_incense)_(azur_lane),azur_lane,released_skin+danbooru_tag,30404/304044,True
azur_lane,kirishima_(summery_audacity)_(azur_lane),azur_lane,released_skin+danbooru_tag,30404/304042,True
azur_lane,kirov_(azur_lane),azur_lane,released_skin+danbooru_tag,70204/702040,True
azur_lane,kirov_(blend_r)_(azur_lane),azur_lane,released_skin+danbooru_tag,70204/702041,True
azur_lane,kirov_(drifting_justice)_(azur_lane),azur_lane,released_skin+danbooru_tag,70204/702042,True
azur_lane,kirov_(high_jump_star)_(azur_lane),azur_lane,released_skin+danbooru_tag,70204/702043,True
azur_lane,kirov_meta_(azur_lane),azur_lane,released_skin_official_name,970206/9702060,False
azur_lane,kisaragi_(azur_lane),azur_lane,legacy_appearance_pack+released_skin+danbooru_tag,30133/301330,True
azur_lane,kisaragi_(new_year's_wish)_(azur_lane),azur_lane,released_skin+danbooru_tag,30133/301331,True
azur_lane,kisaragi_(retrofit)_(azur_lane),azur_lane,released_skin+danbooru_tag,30133/301339,True
azur_lane,kitakaze_(azur_lane),azur_lane,released_skin+danbooru_tag,39903/399030,True
azur_lane,kitakaze_(celebration_conquest)_(azur_lane),azur_lane,released_skin_official_name,39903/399031,False
azur_lane,kitakaze_(night_of_doves_and_magic)_(azur_lane),azur_lane,released_skin+danbooru_tag,39903/399033,True
azur_lane,kiyonami_(azur_lane),azur_lane,released_skin+danbooru_tag,30154/301540,True
azur_lane,kiyonami_(festive_riding_hood)_(azur_lane),azur_lane,released_skin_official_name,30154/301541,False
azur_lane,kizu_(azur_lane),azur_lane,released_skin+danbooru_tag,30228/302280,True
azur_lane,kizu_(thunder_dragon_caught_in_a_web)_(azur_lane),azur_lane,released_skin+danbooru_tag,30228/302281,True
azur_lane,kizuna_ai_(azur_lane),azur_lane,released_skin_official_name,1040001/10400010,False
azur_lane,kizuna_ai_(festive_kizuna_ai)_(azur_lane),azur_lane,released_skin_official_name,1040001/10400011,False
azur_lane,klaudia_valentz_(azur_lane),azur_lane,released_skin_official_name,1090002/10900020,False
azur_lane,klaudia_valentz_(bedtime_memories)_(azur_lane),azur_lane,released_skin_official_name,1090002/10900021,False
azur_lane,koeln_(azur_lane),azur_lane,legacy_appearance_pack,,True
azur_lane,koln_(azur_lane),azur_lane,released_skin+danbooru_tag,40203/402030,True
azur_lane,koln_(retrofit)_(azur_lane),azur_lane,released_skin_official_name,40203/402039,False
azur_lane,koln_meta_(azur_lane),azur_lane,released_skin_official_name,970210/9702100,False
azur_lane,kongou_(azur_lane),azur_lane,legacy_appearance_pack+released_skin+danbooru_tag,30401/304010,True
azur_lane,kongou_(breezy_commute)_(azur_lane),azur_lane,released_skin+danbooru_tag,30401/304013,True
azur_lane,kongou_(hospital_talent)_(azur_lane),azur_lane,released_skin+danbooru_tag,30401/304012,True
azur_lane,kongou_(the_beauties_of_nature)_(azur_lane),azur_lane,released_skin+danbooru_tag,30401/304011,True
azur_lane,kongou_(troubled_seas)_(azur_lane),azur_lane,released_skin+danbooru_tag,30401/304014,True
azur_lane,kongou_μ_(azur_lane),azur_lane,released_skin_official_name,30408/304080,False
azur_lane,kongou_μ_(breezy_commute)_(azur_lane),azur_lane,released_skin_official_name,30408/304013,False
azur_lane,kongou_μ_(hospital_talent)_(azur_lane),azur_lane,released_skin_official_name,30408/304012,False
azur_lane,kongou_μ_(the_beauties_of_nature)_(azur_lane),azur_lane,released_skin_official_name,30408/304011,False
azur_lane,kongou_μ_(troubled_seas)_(azur_lane),azur_lane,released_skin_official_name,30408/304014,False
azur_lane,konigsberg_(azur_lane),azur_lane,released_skin+danbooru_tag,40201/402010,True
azur_lane,konigsberg_meta_(azur_lane),azur_lane,released_skin_official_name,970212/9702120,False
azur_lane,kotori_itsuka_(azur_lane),azur_lane,released_skin_official_name,1150003/11500030,False
azur_lane,kotori_itsuka_(waterside_goddess)_(azur_lane),azur_lane,released_skin_official_name,1150003/11500031,False
azur_lane,krasny_kavkaz_(azur_lane),azur_lane,released_skin+danbooru_tag,70209/702090,True
azur_lane,krasny_kavkaz_(playing_blind)_(azur_lane),azur_lane,released_skin+danbooru_tag,70209/702091,True
azur_lane,kronshtadt_(animal_agent)_(azur_lane),azur_lane,released_skin+danbooru_tag,71801/718012,True
azur_lane,kronshtadt_(azur_lane),azur_lane,legacy_appearance_pack+released_skin+danbooru_tag,71801/718010,True
azur_lane,kronshtadt_(begin_the_rush!)_(azur_lane),azur_lane,legacy_appearance_pack,,True
azur_lane,kronshtadt_(begin_the_rush)_(azur_lane),azur_lane,released_skin_official_name,71801/718011,False
azur_lane,kumano_(azur_lane),azur_lane,legacy_appearance_pack+released_skin+danbooru_tag,30318/303180,True
azur_lane,kumano_(fancy_waves)_(azur_lane),azur_lane,released_skin+danbooru_tag,30318/303181,True
azur_lane,kumano_(one_thousand_and_one_nights'_wishes)_(azur_lane),azur_lane,released_skin+danbooru_tag,30318/303183,True
azur_lane,kumano_(pj_poker_party)_(azur_lane),azur_lane,released_skin+danbooru_tag,30318/303182,True
azur_lane,kuroshio_(azur_lane),azur_lane,released_skin+danbooru_tag,30127/301270,True
azur_lane,kursk_(azur_lane),azur_lane,released_skin+danbooru_tag,70302/703020,True
azur_lane,kursk_(beauty_and_the_hunter)_(azur_lane),azur_lane,released_skin+danbooru_tag,70302/703022,True
azur_lane,kursk_(lone_wolf_amid_the_steam)_(azur_lane),azur_lane,released_skin+danbooru_tag,70302/703021,True
azur_lane,kurumi_tokisaki_(azur_lane),azur_lane,released_skin_official_name,1150005/11500050,False
azur_lane,kurumi_tokisaki_(twin_rose)_(azur_lane),azur_lane,released_skin_official_name,1150005/11500051,False
azur_lane,kuybyshev_(azur_lane),azur_lane,released_skin+danbooru_tag,70205/702050,True
azur_lane,kuybyshev_(maestro_of_sterling_strings)_(azur_lane),azur_lane,released_skin+danbooru_tag,70205/702051,True
azur_lane,kuybyshev_(rainy_day_blues)_(azur_lane),azur_lane,released_skin+danbooru_tag,70205/702052,True
azur_lane,l'audacieux_(azur_lane),azur_lane,released_skin+danbooru_tag,90114/901140,True
azur_lane,l'audacieux_(protector_beneath_the_parasol)_(azur_lane),azur_lane,released_skin+danbooru_tag,90114/901141,True
azur_lane,l'indomptable_(azur_lane),azur_lane,released_skin+danbooru_tag,90113/901130,True
azur_lane,l'indomptable_(little_red_riding_hood's_worries)_(azur_lane),azur_lane,released_skin+danbooru_tag,90113/901131,True
azur_lane,l'indomptable_(temp_in_low_temperatures)_(azur_lane),azur_lane,released_skin+danbooru_tag,90113/901132,True
azur_lane,l'indomptable_(the_covert_eavesdropper)_(azur_lane),azur_lane,released_skin_official_name,90113/901133,False
azur_lane,l'intrepide_(azur_lane),azur_lane,released_skin+danbooru_tag,80106/801060,True
azur_lane,l'intrepide_(blazing_dash)_(azur_lane),azur_lane,released_skin_official_name,80106/801061,False
azur_lane,l'opiniatre_(azur_lane),azur_lane,released_skin+danbooru_tag,80104/801040,True
azur_lane,l'opiniatre_(beachside_magician)_(azur_lane),azur_lane,released_skin+danbooru_tag,80104/801041,True
azur_lane,la_galissonniere_(azur_lane),azur_lane,released_skin+danbooru_tag,90201/902010,True
azur_lane,la_galissonniere_(black_cat_of_all_hallows'_eve)_(azur_lane),azur_lane,released_skin+danbooru_tag,90201/902013,True
azur_lane,la_galissonniere_(lush_spring_dreams)_(azur_lane),azur_lane,released_skin+danbooru_tag,90201/902012,True
azur_lane,la_galissonniere_(pristine_piscene)_(azur_lane),azur_lane,released_skin+danbooru_tag,90201/902011,True
azur_lane,la_galissonniere_meta_(azur_lane),azur_lane,released_skin_official_name,970204/9702040,False
azur_lane,laffey_(azur_lane),azur_lane,legacy_appearance_pack+released_skin+danbooru_tag,10117/101170,True
azur_lane,laffey_(bunny_clerk)_(azur_lane),azur_lane,released_skin_official_name,10117/101174,False
azur_lane,laffey_(bunny_idol_unmotivated)_(azur_lane),azur_lane,released_skin_official_name,10117/101176,False
azur_lane,laffey_(lady_laffey's_languid_tour)_(azur_lane),azur_lane,released_skin_official_name,10117/101512,False
azur_lane,laffey_(lazy_days)_(azur_lane),azur_lane,released_skin+danbooru_tag,10117/131172,True
azur_lane,laffey_(picnic_adventure)_(azur_lane),azur_lane,released_skin_official_name,10117/101175,False
azur_lane,laffey_(retrofit)_(azur_lane),azur_lane,legacy_appearance_pack+released_skin+danbooru_tag,10117/101179,True
azur_lane,laffey_(sleep_to_clean_another_day)_(azur_lane),azur_lane,released_skin+danbooru_tag,10117/101177,True
azur_lane,laffey_(sleepageddon)_(azur_lane),azur_lane,released_skin+danbooru_tag,10117/131171,True
azur_lane,laffey_(sleepy_on_a_busy_day)_(azur_lane),azur_lane,released_skin_official_name,10117/101511,False
azur_lane,laffey_(sleepy_teriyaki_twister)_(azur_lane),azur_lane,released_skin+danbooru_tag,10117/131170,True
azur_lane,laffey_(snow_rabbit_and_candy_apple)_(azur_lane),azur_lane,released_skin+danbooru_tag,10117/101172,True
azur_lane,laffey_(white_rabbit's_oath)_(azur_lane),azur_lane,released_skin+danbooru_tag,10117/101178,True
azur_lane,laffey_(white_rabbit_welcomes_the_spring)_(azur_lane),azur_lane,released_skin+danbooru_tag,10117/101173,True
azur_lane,laffey_ii_(azur_lane),azur_lane,legacy_appearance_pack+released_skin+danbooru_tag,10151/101510,True
azur_lane,laffey_ii_(bunny_clerk)_(azur_lane),azur_lane,released_skin_official_name,10151/101174,False
azur_lane,laffey_ii_(bunny_idol_unmotivated)_(azur_lane),azur_lane,released_skin_official_name,10151/101176,False
azur_lane,laffey_ii_(lady_laffey's_languid_tour)_(azur_lane),azur_lane,released_skin+danbooru_tag,10151/101512,True
azur_lane,laffey_ii_(lazy_days)_(azur_lane),azur_lane,released_skin_official_name,10151/131172,False
azur_lane,laffey_ii_(picnic_adventure)_(azur_lane),azur_lane,released_skin_official_name,10151/101175,False
azur_lane,laffey_ii_(sleep_to_clean_another_day)_(azur_lane),azur_lane,released_skin_official_name,10151/101177,False
azur_lane,laffey_ii_(sleepageddon)_(azur_lane),azur_lane,released_skin_official_name,10151/131171,False
azur_lane,laffey_ii_(sleepy_on_a_busy_day)_(azur_lane),azur_lane,released_skin+danbooru_tag,10151/101511,True
azur_lane,laffey_ii_(sleepy_teriyaki_twister)_(azur_lane),azur_lane,released_skin_official_name,10151/131170,False
azur_lane,laffey_ii_(snow_rabbit_and_candy_apple)_(azur_lane),azur_lane,released_skin_official_name,10151/101172,False
azur_lane,laffey_ii_(white_rabbit's_oath)_(azur_lane),azur_lane,released_skin_official_name,10151/101178,False
azur_lane,laffey_ii_(white_rabbit_welcomes_the_spring)_(azur_lane),azur_lane,released_skin_official_name,10151/101173,False
azur_lane,lala_satalin_deviluke_(a_princess_imprisoned)_(azur_lane),azur_lane,released_skin_official_name,1110001/11100011,False
azur_lane,lala_satalin_deviluke_(azur_lane),azur_lane,released_skin_official_name,1110001/11100010,False
azur_lane,langley_(azur_lane),azur_lane,released_skin+danbooru_tag,10701/107010,True
azur_lane,langley_(on-the-clock_vacation)_(azur_lane),azur_lane,released_skin_official_name,10701/107271,False
azur_lane,langley_(retrofit)_(azur_lane),azur_lane,released_skin+danbooru_tag,10701/107019,True
azur_lane,langley_ii_(azur_lane),azur_lane,released_skin+danbooru_tag,10727/107270,True
azur_lane,langley_ii_(on-the-clock_vacation)_(azur_lane),azur_lane,released_skin+danbooru_tag,10727/107271,True
azur_lane,le_hardi_(azur_lane),azur_lane,released_skin+danbooru_tag,80105/801050,True
azur_lane,le_hardi_(sticky_situation)_(azur_lane),azur_lane,released_skin+danbooru_tag,80105/801051,True
azur_lane,le_malin_(azur_lane),azur_lane,legacy_appearance_pack+released_skin+danbooru_tag,90111/901110,True
azur_lane,le_malin_(listless_lapin)_(azur_lane),azur_lane,legacy_appearance_pack+released_skin+danbooru_tag,90111/901113,True
azur_lane,le_malin_(mercredi_at_the_secret_base)_(azur_lane),azur_lane,legacy_appearance_pack+released_skin+danbooru_tag,90111/901112,True
azur_lane,le_malin_(muse)_(azur_lane),azur_lane,legacy_appearance_pack,,True
azur_lane,le_malin_(sleepy_sunday)_(azur_lane),azur_lane,legacy_appearance_pack+released_skin+danbooru_tag,90111/901111,True
azur_lane,le_malin_μ_(azur_lane),azur_lane,released_skin_official_name,90112/901120,False
azur_lane,le_malin_μ_(listless_lapin)_(azur_lane),azur_lane,released_skin_official_name,90112/901113,False
azur_lane,le_malin_μ_(mercredi_at_the_secret_base)_(azur_lane),azur_lane,released_skin_official_name,90112/901112,False
azur_lane,le_malin_μ_(sleepy_sunday)_(azur_lane),azur_lane,released_skin_official_name,90112/901111,False
azur_lane,le_mars_(azur_lane),azur_lane,released_skin+danbooru_tag,90101/901010,True
azur_lane,le_mars_(ecoliere_heureuse)_(azur_lane),azur_lane,released_skin+danbooru_tag,90101/901012,True
azur_lane,le_mars_(ete_brillant)_(azur_lane),azur_lane,released_skin+danbooru_tag,90101/901011,True
azur_lane,le_mars_(retrofit)_(azur_lane),azur_lane,released_skin+danbooru_tag,90101/901019,True
azur_lane,le_mars_(splendorous_debut)_(azur_lane),azur_lane,released_skin+danbooru_tag,90101/901013,True
azur_lane,le_temeraire_(azur_lane),azur_lane,legacy_appearance_pack+released_skin+danbooru_tag,80103/801030,True
azur_lane,le_temeraire_(cheering_star)_(azur_lane),azur_lane,released_skin+danbooru_tag,80103/801033,True
azur_lane,le_temeraire_(dreamy_dolce)_(azur_lane),azur_lane,released_skin+danbooru_tag,80103/801032,True
azur_lane,le_temeraire_(summery_temeraire)_(azur_lane),azur_lane,released_skin_official_name,80103/801031,False
azur_lane,le_temeraire_μ_(azur_lane),azur_lane,released_skin_official_name,80109/801090,False
azur_lane,le_temeraire_μ_(cheering_star)_(azur_lane),azur_lane,released_skin_official_name,80109/801033,False
azur_lane,le_temeraire_μ_(dreamy_dolce)_(azur_lane),azur_lane,released_skin_official_name,80109/801032,False
azur_lane,le_temeraire_μ_(summery_temeraire)_(azur_lane),azur_lane,released_skin_official_name,80109/801031,False
azur_lane,le_terrible_(azur_lane),azur_lane,legacy_appearance_pack+released_skin+danbooru_tag,80107/801070,True
azur_lane,le_terrible_(silence_slumber_and_solace)_(azur_lane),azur_lane,released_skin+danbooru_tag,80107/801071,True
azur_lane,le_terrible_(sunlight_seaspray_and_sanctity)_(azur_lane),azur_lane,released_skin+danbooru_tag,80107/801072,True
azur_lane,le_triomphant_(azur_lane),azur_lane,legacy_appearance_pack+released_skin+danbooru_tag,80101/801010,True
azur_lane,leander_(azur_lane),azur_lane,legacy_appearance_pack+released_skin+danbooru_tag,20201/202010,True
azur_lane,leander_(retrofit)_(azur_lane),azur_lane,released_skin+danbooru_tag,20201/202019,True
azur_lane,leberecht_maass_(z1)_(azur_lane),azur_lane,released_skin_official_name,40101/401010,False
azur_lane,leberecht_maass_(z1)_(rebellious_top_student)_(azur_lane),azur_lane,released_skin_official_name,40101/401011,False
azur_lane,leberecht_maass_(z1)_(z1_(retrofit))_(azur_lane),azur_lane,released_skin_official_name,40101/401019,False
azur_lane,leipzig_(azur_lane),azur_lane,legacy_appearance_pack+released_skin+danbooru_tag,40204/402040,True
azur_lane,leipzig_(retrofit)_(azur_lane),azur_lane,released_skin+danbooru_tag,40204/402049,True
azur_lane,leipzig_(storefront_training)_(azur_lane),azur_lane,released_skin+danbooru_tag,40204/402041,True
azur_lane,lena_(azur_lane),azur_lane,released_skin+danbooru_tag,10219/102190,True
azur_lane,lenja_(azur_lane),azur_lane,released_skin_official_name,1130004/11300040,False
azur_lane,lenja_(summer_vacation_time)_(azur_lane),azur_lane,released_skin_official_name,1130004/11300041,False
azur_lane,leonardo_da_vinci_(azur_lane),azur_lane,legacy_appearance_pack+released_skin+danbooru_tag,60802/608020,True
azur_lane,leonardo_da_vinci_(riverside_pirouette)_(azur_lane),azur_lane,released_skin+danbooru_tag,60802/608021,True
azur_lane,leonardo_da_vinci_(swinging_inventor_girl)_(azur_lane),azur_lane,released_skin+danbooru_tag,60802/608022,True
azur_lane,lexington_(azur_lane),azur_lane,released_skin+danbooru_tag,10702/107020,True
azur_lane,lexington_(the_beauty_of_spring)_(azur_lane),azur_lane,released_skin+danbooru_tag,10702/107021,True
azur_lane,lexington_(the_fluffiest_of_maids)_(azur_lane),azur_lane,released_skin_official_name,10702/107161,False
azur_lane,lexington_ii_(azur_lane),azur_lane,released_skin+danbooru_tag,10716/107160,True
azur_lane,lexington_ii_(the_beauty_of_spring)_(azur_lane),azur_lane,released_skin_official_name,10716/107021,False
azur_lane,lexington_ii_(the_fluffiest_of_maids)_(azur_lane),azur_lane,released_skin+danbooru_tag,10716/107161,True
azur_lane,li'l_sandy_(azur_lane),azur_lane,released_skin+danbooru_tag,10221/102210,True
azur_lane,libeccio_(azur_lane),azur_lane,legacy_appearance_pack+released_skin+danbooru_tag,60105/601050,True
azur_lane,libeccio_(beachbound_southwestern_wind)_(azur_lane),azur_lane,released_skin_official_name,60105/601051,False
azur_lane,lila_decyrus_(azur_lane),azur_lane,released_skin_official_name,1090004/10900040,False
azur_lane,lila_decyrus_(moonlit_encounter)_(azur_lane),azur_lane,released_skin_official_name,1090004/10900041,False
azur_lane,lion_(alleyway_temptress)_(azur_lane),azur_lane,released_skin+danbooru_tag,20516/205162,True
azur_lane,lion_(azur_lane),azur_lane,legacy_appearance_pack+released_skin+danbooru_tag,20516/205160,True
azur_lane,lion_(the_reclining_dandelion)_(azur_lane),azur_lane,released_skin+danbooru_tag,20516/205161,True
azur_lane,little_agir_(azur_lane),azur_lane,released_skin_official_name,40316/403160,False
azur_lane,little_anchorage_(azur_lane),azur_lane,released_skin+danbooru_tag,10329/103290,True
azur_lane,little_bel_(azur_lane),azur_lane,legacy_appearance_pack+released_skin+danbooru_tag,20218/202180,True
azur_lane,little_cheshire_(azur_lane),azur_lane,released_skin+danbooru_tag,20310/203100,True
azur_lane,little_enterprise_(azur_lane),azur_lane,released_skin+danbooru_tag,10799/107990,True
azur_lane,little_formidable_(azur_lane),azur_lane,released_skin+danbooru_tag,20713/207130,True
azur_lane,little_friedrich_(azur_lane),azur_lane,released_skin+danbooru_tag,40506/405060,True
azur_lane,little_illustrious_(azur_lane),azur_lane,released_skin+danbooru_tag,20709/207090,True
azur_lane,little_prinz_eugen_(azur_lane),azur_lane,released_skin+danbooru_tag,40312/403120,True
azur_lane,little_renown_(azur_lane),azur_lane,released_skin+danbooru_tag,20404/204040,True
azur_lane,little_spee_(azur_lane),azur_lane,released_skin+danbooru_tag,40313/403130,True
azur_lane,littorio_(azur_lane),azur_lane,legacy_appearance_pack+released_skin+danbooru_tag,60502/605020,True
azur_lane,littorio_(calabria_aurea)_(azur_lane),azur_lane,released_skin+danbooru_tag,60502/605022,True
azur_lane,littorio_(lounging_emerald)_(azur_lane),azur_lane,released_skin+danbooru_tag,60502/605023,True
azur_lane,littorio_(sitting_in_the_rain)_(azur_lane),azur_lane,released_skin+danbooru_tag,60502/605024,True
azur_lane,littorio_(the_glory_of_naples)_(azur_lane),azur_lane,released_skin+danbooru_tag,60502/605021,True
azur_lane,liverpool_(azur_lane),azur_lane,released_skin+danbooru_tag,20234/202340,True
azur_lane,liverpool_(breeze_of_blessings)_(azur_lane),azur_lane,released_skin_official_name,20234/202341,False
azur_lane,london_(azur_lane),azur_lane,legacy_appearance_pack+released_skin+danbooru_tag,20301/203010,True
azur_lane,london_(platinum_ceremony)_(azur_lane),azur_lane,released_skin+danbooru_tag,20301/203018,True
azur_lane,london_(retrofit)_(azur_lane),azur_lane,released_skin+danbooru_tag,20301/203019,True
azur_lane,london_(the_sterling_secretary)_(azur_lane),azur_lane,released_skin+danbooru_tag,20301/203011,True
azur_lane,long_island_(azur_lane),azur_lane,legacy_appearance_pack+released_skin+danbooru_tag,10601/106010,True
azur_lane,long_island_(bring_on_the_red_envelopes)_(azur_lane),azur_lane,released_skin_official_name,10601/106015,False
azur_lane,long_island_(ghostly_receptionist)_(azur_lane),azur_lane,released_skin+danbooru_tag,10601/106014,True
azur_lane,long_island_(long_island's_spooky_stream)_(azur_lane),azur_lane,released_skin+danbooru_tag,10601/106013,True
azur_lane,long_island_(long_island_-_indoor_slacker)_(azur_lane),azur_lane,released_skin+danbooru_tag,10601/106011,True
azur_lane,long_island_(retrofit)_(azur_lane),azur_lane,released_skin+danbooru_tag,10601/106019,True
azur_lane,louisville_(an_order_of_dreams)_(azur_lane),azur_lane,released_skin+danbooru_tag,10327/103271,True
azur_lane,louisville_(azur_lane),azur_lane,released_skin+danbooru_tag,10327/103270,True
azur_lane,luetzow_(azur_lane),azur_lane,legacy_appearance_pack,,True
azur_lane,luna_(azur_lane),azur_lane,released_skin_official_name,1060008/10600080,False
azur_lane,luna_(venus_of_the_beach)_(azur_lane),azur_lane,released_skin_official_name,1060008/10600081,False
azur_lane,lung_wu_(ascendant_dragon's_spring_feast)_(azur_lane),azur_lane,released_skin+danbooru_tag,50105/501051,True
azur_lane,lung_wu_(azur_lane),azur_lane,released_skin+danbooru_tag,50105/501050,True
azur_lane,lung_wu_(invitation_to_jade_seas)_(azur_lane),azur_lane,released_skin+danbooru_tag,50105/501052,True
azur_lane,lutzow_(azur_lane),azur_lane,released_skin+danbooru_tag,40404/404040,True
azur_lane,lutzow_(everlasting_blood_banquet)_(azur_lane),azur_lane,released_skin+danbooru_tag,40404/404041,True
azur_lane,lutzow_(sleeping_white_beauty)_(azur_lane),azur_lane,released_skin_official_name,40404/404048,False
azur_lane,lutzow_(steaming-hot_treat)_(azur_lane),azur_lane,released_skin_official_name,40404/404042,False
azur_lane,lyme_(azur_lane),azur_lane,released_skin+danbooru_tag,960013/9600130,True
azur_lane,lyme_(corrupting_trap)_(azur_lane),azur_lane,released_skin+danbooru_tag,960013/9600131,True
azur_lane,lyon_(azur_lane),azur_lane,released_skin+danbooru_tag,80502/805020,True
azur_lane,lyon_(paired_exercise)_(azur_lane),azur_lane,released_skin+danbooru_tag,80502/805021,True
azur_lane,maestrale_(azur_lane),azur_lane,legacy_appearance_pack+released_skin+danbooru_tag,60104/601040,True
azur_lane,maestrale_(lonesome_beachfarer)_(azur_lane),azur_lane,released_skin+danbooru_tag,60104/601041,True
azur_lane,magdeburg_(azur_lane),azur_lane,released_skin+danbooru_tag,40206/402060,True
azur_lane,magdeburg_(cat_cafe_cleanup)_(azur_lane),azur_lane,released_skin+danbooru_tag,40206/402061,True
azur_lane,magdeburg_(gone_fishing)_(azur_lane),azur_lane,released_skin+danbooru_tag,40206/402062,True
azur_lane,maggiore_baracca_(azur_lane),azur_lane,legacy_appearance_pack+released_skin+danbooru_tag,60803/608030,True
azur_lane,maggiore_baracca_(the_god_craves_punishment)_(azur_lane),azur_lane,released_skin+danbooru_tag,60803/608031,True
azur_lane,maille_breze_(azur_lane),azur_lane,released_skin_official_name,80108/801080,False
azur_lane,maille_breze_(sugary_sabbatical)_(azur_lane),azur_lane,released_skin_official_name,80108/801082,False
azur_lane,maille_breze_(the_noble_knight's_last_stand)_(azur_lane),azur_lane,released_skin_official_name,80108/801081,False
azur_lane,mainz_(a_blend_of_serenity)_(azur_lane),azur_lane,released_skin+danbooru_tag,49903/499033,True
azur_lane,mainz_(azur_lane),azur_lane,legacy_appearance_pack+released_skin+danbooru_tag,49903/499030,True
azur_lane,mainz_(the_silkiest_brew)_(azur_lane),azur_lane,released_skin+danbooru_tag,49903/499032,True
azur_lane,makinami_(azur_lane),azur_lane,released_skin+danbooru_tag,30180/301800,True
azur_lane,makinami_(time_for_school)_(azur_lane),azur_lane,released_skin_official_name,30180/301801,False
azur_lane,mami_futami_(alluring_festival)_(azur_lane),azur_lane,released_skin_official_name,1070007/10700071,False
azur_lane,mami_futami_(azur_lane),azur_lane,released_skin_official_name,1070007/10700070,False
azur_lane,manchester_(a_moment_in_the_shade)_(azur_lane),azur_lane,released_skin+danbooru_tag,20209/202092,True
azur_lane,manchester_(azur_lane),azur_lane,legacy_appearance_pack+released_skin+danbooru_tag,20209/202090,True
azur_lane,manchester_(midnight_devil_in_white)_(azur_lane),azur_lane,released_skin+danbooru_tag,20209/202091,True
azur_lane,marblehead_(azur_lane),azur_lane,legacy_appearance_pack+released_skin+danbooru_tag,10227/102270,True
azur_lane,marblehead_(boxing_girl)_(azur_lane),azur_lane,released_skin_official_name,10227/102271,False
azur_lane,marblehead_(charmer_in_the_snowy_reflection)_(azur_lane),azur_lane,released_skin+danbooru_tag,10227/102272,True
azur_lane,marblehead_(moongazing_on_the_291_2th)_(azur_lane),azur_lane,released_skin_official_name,10227/102273,False
azur_lane,marblehead_(not-so-serendipitous_rain)_(azur_lane),azur_lane,released_skin+danbooru_tag,10227/102274,True
azur_lane,marco_polo_(ambitious_showcase)_(azur_lane),azur_lane,released_skin+danbooru_tag,69901/699012,True
azur_lane,marco_polo_(azur_lane),azur_lane,legacy_appearance_pack+released_skin+danbooru_tag,69901/699010,True
azur_lane,marco_polo_(the_queen_of_hearts)_(azur_lane),azur_lane,released_skin+danbooru_tag,69901/699011,True
azur_lane,marie_rose_(azur_lane),azur_lane,released_skin_official_name,1060001/10600010,False
azur_lane,marie_rose_(devilish_servant_against_the_splashing_waves)_(azur_lane),azur_lane,released_skin_official_name,1060001/10600011,False
azur_lane,marie_rose_(steamy_venus)_(azur_lane),azur_lane,released_skin_official_name,1060001/10600012,False
azur_lane,marseillaise_(azur_lane),azur_lane,released_skin+danbooru_tag,90202/902020,True
azur_lane,marseillaise_(fighting_angel's_regimen)_(azur_lane),azur_lane,released_skin+danbooru_tag,90202/902021,True
azur_lane,mary_celeste_(azur_lane),azur_lane,released_skin+danbooru_tag,960004/9600040,True
azur_lane,mary_celeste_(grim_night's_reaper)_(azur_lane),azur_lane,released_skin+danbooru_tag,960004/9600041,True
azur_lane,maryland_(azur_lane),azur_lane,released_skin+danbooru_tag,10510/105100,True
azur_lane,maryland_(red-hot_drummer)_(azur_lane),azur_lane,released_skin+danbooru_tag,10510/105102,True
azur_lane,maryland_(retrofit)_(azur_lane),azur_lane,released_skin+danbooru_tag,10510/105109,True
azur_lane,massachusetts_(azur_lane),azur_lane,legacy_appearance_pack+released_skin+danbooru_tag,10519/105190,True
azur_lane,massachusetts_(dressed_to_impress)_(azur_lane),azur_lane,legacy_appearance_pack+released_skin+danbooru_tag,10519/105191,True
azur_lane,massena_(azur_lane),azur_lane,released_skin+danbooru_tag,80401/804010,True
azur_lane,massena_(sweetly_intoxicating_spring)_(azur_lane),azur_lane,released_skin+danbooru_tag,80401/804011,True
azur_lane,matchless_(azur_lane),azur_lane,released_skin+danbooru_tag,20126/201260,True
azur_lane,matchless_(escort_me_please)_(azur_lane),azur_lane,released_skin_official_name,20126/201261,False
azur_lane,matsukaze_(azur_lane),azur_lane,released_skin+danbooru_tag,30131/301310,True
azur_lane,matsukaze_(retrofit)_(azur_lane),azur_lane,released_skin+danbooru_tag,30131/301319,True
azur_lane,maury_(azur_lane),azur_lane,released_skin+danbooru_tag,10108/101080,True
azur_lane,maury_(retrofit)_(azur_lane),azur_lane,released_skin+danbooru_tag,10108/101089,True
azur_lane,max_immelmann_(azur_lane),azur_lane,released_skin+danbooru_tag,49911/499110,True
azur_lane,maya_(azur_lane),azur_lane,legacy_appearance_pack+released_skin+danbooru_tag,30313/303130,True
azur_lane,maya_(hunter_of_the_heart)_(azur_lane),azur_lane,released_skin+danbooru_tag,30313/303131,True
azur_lane,mccall_(azur_lane),azur_lane,released_skin+danbooru_tag,10107/101070,True
azur_lane,mecklenburg_(azur_lane),azur_lane,legacy_appearance_pack+released_skin+danbooru_tag,49910/499100,True
azur_lane,mecklenburg_(branding_witchcraft)_(azur_lane),azur_lane,released_skin+danbooru_tag,49910/499101,True
azur_lane,memphis_(a_breath_of_fresh_air)_(azur_lane),azur_lane,released_skin+danbooru_tag,10216/102163,True
azur_lane,memphis_(azur_lane),azur_lane,released_skin+danbooru_tag,10216/102160,True
azur_lane,memphis_(casual_vacation)_(azur_lane),azur_lane,released_skin+danbooru_tag,10216/102161,True
azur_lane,memphis_(mystical_night)_(azur_lane),azur_lane,released_skin+danbooru_tag,10216/102162,True
azur_lane,memphis_meta_(azur_lane),azur_lane,released_skin_official_name,970202/9702020,False
azur_lane,michishio_(azur_lane),azur_lane,released_skin+danbooru_tag,30165/301650,True
azur_lane,michishio_(fluttering_fanfare)_(azur_lane),azur_lane,released_skin+danbooru_tag,30165/301651,True
azur_lane,mikasa_(a_romantic_respite)_(azur_lane),azur_lane,released_skin+danbooru_tag,30511/305114,True
azur_lane,mikasa_(azur_lane),azur_lane,legacy_appearance_pack+released_skin+danbooru_tag,30511/305110,True
azur_lane,mikasa_(beauty_in_indigo)_(azur_lane),azur_lane,released_skin+danbooru_tag,30511/305115,True
azur_lane,mikasa_(blossom-viewing_season)_(azur_lane),azur_lane,released_skin+danbooru_tag,30511/305112,True
azur_lane,mikasa_(reverence_for_rest_and_relaxation)_(azur_lane),azur_lane,released_skin+danbooru_tag,30511/305113,True
azur_lane,mikasa_(style_of_the_sakura_capital)_(azur_lane),azur_lane,released_skin+danbooru_tag,30511/305111,True
azur_lane,mikasa_(untarnished_splendor)_(azur_lane),azur_lane,released_skin+danbooru_tag,30511/305118,True
azur_lane,mikazuki_(azur_lane),azur_lane,legacy_appearance_pack+released_skin+danbooru_tag,30141/301410,True
azur_lane,mikazuki_(sweet_zombie)_(azur_lane),azur_lane,released_skin+danbooru_tag,30141/301411,True
azur_lane,mikuma_(azur_lane),azur_lane,released_skin+danbooru_tag,30211/302110,True
azur_lane,mikuma_(offerings_of_floral_grace)_(azur_lane),azur_lane,released_skin+danbooru_tag,30211/302111,True
azur_lane,miller_(azur_lane),azur_lane,released_skin+danbooru_tag,10153/101530,True
azur_lane,miller_(miller_the_goat_guardian_of_the_bridge)_(azur_lane),azur_lane,released_skin+danbooru_tag,10153/101532,True
azur_lane,miller_(monster_experiment_m-01)_(azur_lane),azur_lane,released_skin+danbooru_tag,10153/101531,True
azur_lane,minase_(azur_lane),azur_lane,released_skin+danbooru_tag,30227/302270,True
azur_lane,minase_(maidenly_meditation)_(azur_lane),azur_lane,released_skin+danbooru_tag,30227/302271,True
azur_lane,minato_aqua_(azur_lane),azur_lane,released_skin+danbooru_tag,1050003/10500030,True
azur_lane,minato_aqua_(marine_maid)_(azur_lane),azur_lane,released_skin_official_name,1050003/10500031,False
azur_lane,minazuki_(azur_lane),azur_lane,released_skin+danbooru_tag,30137/301370,True
azur_lane,minneapolis_(azur_lane),azur_lane,legacy_appearance_pack+released_skin+danbooru_tag,10313/103130,True
azur_lane,minneapolis_(extreme_games)_(azur_lane),azur_lane,released_skin+danbooru_tag,10313/103132,True
azur_lane,minneapolis_(holy_night_ride)_(azur_lane),azur_lane,released_skin+danbooru_tag,10313/103133,True
azur_lane,minneapolis_(trapper_white)_(azur_lane),azur_lane,released_skin+danbooru_tag,10313/103138,True
azur_lane,minneapolis_(wild_huntress_schoolgirl)_(azur_lane),azur_lane,released_skin+danbooru_tag,10313/103131,True
azur_lane,minsk_(azur_lane),azur_lane,released_skin+danbooru_tag,70103/701030,True
azur_lane,minsk_(thunderous_jailor)_(azur_lane),azur_lane,released_skin+danbooru_tag,70103/701031,True
azur_lane,misaki_(azur_lane),azur_lane,released_skin+danbooru_tag,1060004/10600040,True
azur_lane,misaki_(blooms_in_the_night_sky)_(azur_lane),azur_lane,released_skin_official_name,1060004/10600042,False
azur_lane,misaki_(golden_photoshoot)_(azur_lane),azur_lane,released_skin_official_name,1060004/10600041,False
azur_lane,miyuki_(azur_lane),azur_lane,legacy_appearance_pack+released_skin+danbooru_tag,30104/301040,True
azur_lane,miyuki_(clear_skies_and_crepes)_(azur_lane),azur_lane,released_skin+danbooru_tag,30104/301042,True
azur_lane,miyuki_(mochi_mishaps)_(azur_lane),azur_lane,released_skin+danbooru_tag,30104/301043,True
azur_lane,miyuki_(shopping_rendezvous)_(azur_lane),azur_lane,released_skin+danbooru_tag,30104/301041,True
azur_lane,mogador_(azur_lane),azur_lane,legacy_appearance_pack+released_skin+danbooru_tag,90107/901070,True
azur_lane,mogador_(diving_for_desire)_(azur_lane),azur_lane,released_skin+danbooru_tag,90107/901073+90107/901074,True
azur_lane,mogador_(locker_room_lechery)_(azur_lane),azur_lane,legacy_appearance_pack+released_skin+danbooru_tag,90107/901071,True
azur_lane,mogador_(olfactory_nursery_call)_(azur_lane),azur_lane,legacy_appearance_pack+released_skin+danbooru_tag,90107/901072,True
azur_lane,mogami_(azur_lane),azur_lane,released_skin+danbooru_tag,30210/302100,True
azur_lane,mogami_(retrofit)_(azur_lane),azur_lane,released_skin+danbooru_tag,30210/302109,True
azur_lane,momo_belia_deviluke_(a_waking_dream)_(azur_lane),azur_lane,released_skin_official_name,1110003/11100031,False
azur_lane,momo_belia_deviluke_(azur_lane),azur_lane,released_skin_official_name,1110003/11100030,False
azur_lane,monarch_(azur_lane),azur_lane,legacy_appearance_pack+released_skin+danbooru_tag,29902/299020,True
azur_lane,monarch_(black_gerard)_(azur_lane),azur_lane,legacy_appearance_pack+released_skin+danbooru_tag,29902/299022,True
azur_lane,monarch_(detective_arriving_on_the_scene)_(azur_lane),azur_lane,legacy_appearance_pack+released_skin+danbooru_tag,29902/299023,True
azur_lane,monarch_(sovereign_of_the_beach)_(azur_lane),azur_lane,released_skin+danbooru_tag,29902/299024,True
azur_lane,monarch_(white_warrick)_(azur_lane),azur_lane,released_skin+danbooru_tag,29902/299021,True
azur_lane,monica_(azur_lane),azur_lane,released_skin_official_name,1060007/10600070,False
azur_lane,monica_(the_ace_of_hearts)_(azur_lane),azur_lane,released_skin_official_name,1060007/10600071,False
azur_lane,montpelier_(azur_lane),azur_lane,legacy_appearance_pack+released_skin+danbooru_tag,10214/102140+10214/102143,True
azur_lane,montpelier_(flower_of_the_snowy_night)_(azur_lane),azur_lane,released_skin+danbooru_tag,10214/102141,True
azur_lane,montpelier_(persephone's_throne)_(azur_lane),azur_lane,released_skin+danbooru_tag,10214/102142,True
azur_lane,morrison_(azur_lane),azur_lane,released_skin+danbooru_tag,10147/101470,True
azur_lane,morrison_(sleeping_bunny)_(azur_lane),azur_lane,released_skin+danbooru_tag,10147/101471,True
azur_lane,morrison_(technology_or_ninjutsu)_(azur_lane),azur_lane,released_skin+danbooru_tag,10147/101472,True
azur_lane,moskva_(awaiting_the_next_move)_(azur_lane),azur_lane,released_skin+danbooru_tag,70303/703031,True
azur_lane,moskva_(azur_lane),azur_lane,released_skin+danbooru_tag,70303/703030,True
azur_lane,mujina_(azur_lane),azur_lane,released_skin_official_name,1080007/10800070,False
azur_lane,mujina_(golden_promenade)_(azur_lane),azur_lane,released_skin_official_name,1080007/10800071,False
azur_lane,mullany_(azur_lane),azur_lane,released_skin+danbooru_tag,10139/101390,True
azur_lane,mullany_(eastern_etiquette)_(azur_lane),azur_lane,released_skin+danbooru_tag,10139/101392,True
azur_lane,murasaki_(azur_lane),azur_lane,released_skin_official_name,1100006/11000060,False
azur_lane,murasaki_(the_shut-in_princess's_lament)_(azur_lane),azur_lane,released_skin_official_name,1100006/11000061,False
azur_lane,murasaki_shion_(azur_lane),azur_lane,released_skin+danbooru_tag,1050006/10500060,True
azur_lane,murasaki_shion_(virtual_magician)_(azur_lane),azur_lane,released_skin_official_name,1050006/10500061,False
azur_lane,murmansk_(azur_lane),azur_lane,legacy_appearance_pack+released_skin+danbooru_tag,70206/702060,True
azur_lane,murmansk_(chamber_of_fragrance)_(azur_lane),azur_lane,released_skin+danbooru_tag,70206/702062,True
azur_lane,murmansk_(sceneries_of_pure_snow)_(azur_lane),azur_lane,released_skin+danbooru_tag,70206/702061,True
azur_lane,musashi-chan_(azur_lane),azur_lane,released_skin+danbooru_tag,30517/305170,True
azur_lane,musashi_(azur_lane),azur_lane,legacy_appearance_pack+released_skin+danbooru_tag,30510/305100,True
azur_lane,musashi_(cheering_for_you_alone)_(azur_lane),azur_lane,released_skin+danbooru_tag,30510/305103,True
azur_lane,musashi_(purest_wisteria)_(azur_lane),azur_lane,released_skin+danbooru_tag,30510/305108,True
azur_lane,musashi_(the_purple_rabbit's_marksmanship)_(azur_lane),azur_lane,legacy_appearance_pack+released_skin+danbooru_tag,30510/305102,True
azur_lane,musashi_(violet_moonglow)_(azur_lane),azur_lane,released_skin+danbooru_tag,30510/305101,True
azur_lane,musketeer_(azur_lane),azur_lane,released_skin+danbooru_tag,20127/201270,True
azur_lane,mutsu_(a_maid's_mis-service)_(azur_lane),azur_lane,released_skin_official_name,30506/305062,False
azur_lane,mutsu_(azur_lane),azur_lane,legacy_appearance_pack+released_skin+danbooru_tag,30506/305060,True
azur_lane,mutsu_(warring_states_warship)_(azur_lane),azur_lane,released_skin+danbooru_tag,30506/305061,True
azur_lane,mutsuki_(azur_lane),azur_lane,legacy_appearance_pack+released_skin+danbooru_tag,30132/301320,True
azur_lane,mutsuki_(candy_festival)_(azur_lane),azur_lane,released_skin_official_name,30132/301322,False
azur_lane,mutsuki_(cotton_candy_dreams)_(azur_lane),azur_lane,released_skin+danbooru_tag,30132/301324,True
azur_lane,mutsuki_(mr_reindeer_depart)_(azur_lane),azur_lane,released_skin_official_name,30132/301321,False
azur_lane,mutsuki_(retrofit)_(azur_lane),azur_lane,released_skin+danbooru_tag,30132/301329,True
azur_lane,mutsuki_(spring_festival_sweets)_(azur_lane),azur_lane,released_skin+danbooru_tag,30132/301323,True
azur_lane,myoukou_(azur_lane),azur_lane,released_skin+danbooru_tag,30307/303070,True
azur_lane,nachi_(azur_lane),azur_lane,released_skin+danbooru_tag,30308/303080,True
azur_lane,nachi_(retrofit)_(azur_lane),azur_lane,released_skin+danbooru_tag,30308/303089,True
azur_lane,naganami_(azur_lane),azur_lane,legacy_appearance_pack+released_skin+danbooru_tag,30183/301830,True
azur_lane,naganami_(heartmelting_warmth)_(azur_lane),azur_lane,released_skin+danbooru_tag,30183/301834,True
azur_lane,naganami_(long-awaited_warmth)_(azur_lane),azur_lane,released_skin+danbooru_tag,30183/301832,True
azur_lane,naganami_(long_waves_of_happiness)_(azur_lane),azur_lane,released_skin+danbooru_tag,30183/301831,True
azur_lane,naganami_(nestling_up_for_the_long_nights)_(azur_lane),azur_lane,released_skin+danbooru_tag,30183/301833,True
azur_lane,naganami_(waves_of_eternal_love)_(azur_lane),azur_lane,released_skin+danbooru_tag,30183/301838,True
azur_lane,nagara_(azur_lane),azur_lane,legacy_appearance_pack+released_skin+danbooru_tag,30204/302040,True
azur_lane,nagara_(spring_breeze_leisure)_(azur_lane),azur_lane,released_skin+danbooru_tag,30204/302041,True
azur_lane,nagato_(azur_lane),azur_lane,legacy_appearance_pack+released_skin+danbooru_tag,30505/305050,True
azur_lane,nagato_(great_fox's_respite)_(azur_lane),azur_lane,legacy_appearance_pack+released_skin+danbooru_tag,30505/305051,True
azur_lane,nagato_(great_fox's_white_gown)_(azur_lane),azur_lane,released_skin+danbooru_tag,30505/305058,True
azur_lane,nagato_(guardian_fox's_blessed_bonds)_(azur_lane),azur_lane,released_skin+danbooru_tag,30505/305055,True
azur_lane,nagato_(guardian_fox's_procession)_(azur_lane),azur_lane,released_skin+danbooru_tag,30505/305054,True
azur_lane,nagato_(guardian_fox's_shining_furisode)_(azur_lane),azur_lane,released_skin+danbooru_tag,30505/305052,True
azur_lane,nagato_(guardian_fox's_vacation)_(azur_lane),azur_lane,released_skin+danbooru_tag,30505/305053,True
azur_lane,nagato_meta_(azur_lane),azur_lane,released_skin_official_name,970506/9705060,False
azur_lane,nagatsuki_(azur_lane),azur_lane,released_skin+danbooru_tag,30139/301390,True
azur_lane,nagatsuki_(dangerous_kitty_maid)_(azur_lane),azur_lane,released_skin_official_name,30139/301391,False
azur_lane,nagisa_(azur_lane),azur_lane,released_skin_official_name,1060005/10600050,False
azur_lane,nagisa_(blue_skies_good_vibes)_(azur_lane),azur_lane,released_skin_official_name,1060005/10600051,False
azur_lane,naka_(azur_lane),azur_lane,released_skin+danbooru_tag,30214/302140,True
azur_lane,naka_(foxy_summer_surfer)_(azur_lane),azur_lane,released_skin+danbooru_tag,30214/302141,True
azur_lane,nakiri_ayame_(azur_lane),azur_lane,released_skin+danbooru_tag,1050005/10500050,True
azur_lane,nakiri_ayame_(summertime_nakiri)_(azur_lane),azur_lane,released_skin_official_name,1050005/10500051,False
azur_lane,namiko_(azur_lane),azur_lane,released_skin_official_name,1080004/10800040,False
azur_lane,namiko_(miss_street-wise)_(azur_lane),azur_lane,released_skin_official_name,1080004/10800041,False
azur_lane,nana_astar_deviluke_(azur_lane),azur_lane,released_skin_official_name,1110002/11100020,False
azur_lane,nana_astar_deviluke_(high_roller)_(azur_lane),azur_lane,released_skin_official_name,1110002/11100021,False
azur_lane,napoli_(azur_lane),azur_lane,released_skin+danbooru_tag,69902/699020,True
azur_lane,napoli_(dreamy_night)_(azur_lane),azur_lane,released_skin+danbooru_tag,69902/699021,True
azur_lane,natori_(azur_lane),azur_lane,released_skin+danbooru_tag,30206/302060,True
azur_lane,natori_(beach_paradise)_(azur_lane),azur_lane,released_skin+danbooru_tag,30206/302061,True
azur_lane,natori_(boisterous_night_on_the_cruise)_(azur_lane),azur_lane,released_skin+danbooru_tag,30206/302062,True
azur_lane,natsuiro_matsuri_(azur_lane),azur_lane,released_skin+danbooru_tag,1050004/10500040,True
azur_lane,natsuiro_matsuri_(matsuri's_day_off)_(azur_lane),azur_lane,released_skin_official_name,1050004/10500041,False
azur_lane,nautilus_(afternoon_stretches)_(azur_lane),azur_lane,released_skin+danbooru_tag,10807/108071,True
azur_lane,nautilus_(azur_lane),azur_lane,released_skin+danbooru_tag,10807/108070,True
azur_lane,nautilus_(shining_blossom_in_the_deep_blue)_(azur_lane),azur_lane,released_skin+danbooru_tag,10807/108072,True
azur_lane,nayoro_(azur_lane),azur_lane,released_skin+danbooru_tag,30229/302290,True
azur_lane,nayoro_(electric_affection)_(azur_lane),azur_lane,released_skin+danbooru_tag,30229/302291,True
azur_lane,nelson_(azur_lane),azur_lane,legacy_appearance_pack+released_skin+danbooru_tag,20503/205030,True
azur_lane,nelson_(azure_and_gold_summer_night)_(azur_lane),azur_lane,released_skin+danbooru_tag,20503/205032,True
azur_lane,nelson_(luna_witch)_(azur_lane),azur_lane,released_skin+danbooru_tag,20503/205031,True
azur_lane,nelson_(retrofit)_(azur_lane),azur_lane,released_skin+danbooru_tag,20503/205039,True
azur_lane,neptune_(azur_lane),azur_lane,legacy_appearance_pack+released_skin+danbooru_tag,1010001/10100010+29901/299010,True
azur_lane,neptune_(nereid's_invitation)_(azur_lane),azur_lane,released_skin+danbooru_tag,29901/299012,True
azur_lane,neptune_(officer_bunneptune_is_on_the_case)_(azur_lane),azur_lane,released_skin_official_name,29901/299013,False
azur_lane,neptune_(princess_of_the_reindeers)_(azur_lane),azur_lane,released_skin+danbooru_tag,29901/299011,True
azur_lane,nevada_(a_magnificent_banquet)_(azur_lane),azur_lane,released_skin+danbooru_tag,10501/105011,True
azur_lane,nevada_(azur_lane),azur_lane,released_skin+danbooru_tag,10501/105010,True
azur_lane,nevada_(retrofit)_(azur_lane),azur_lane,released_skin+danbooru_tag,10501/105019,True
azur_lane,nevada_meta_(azur_lane),azur_lane,released_skin_official_name,970509/9705090,False
azur_lane,new_jersey_(azur_lane),azur_lane,legacy_appearance_pack+released_skin+danbooru_tag,10517/105170,True
azur_lane,new_jersey_(black_blur_prelude)_(azur_lane),azur_lane,legacy_appearance_pack+released_skin+danbooru_tag,10517/105174,True
azur_lane,new_jersey_(dancing_in_the_moonlight)_(azur_lane),azur_lane,legacy_appearance_pack+released_skin+danbooru_tag,10517/105173,True
azur_lane,new_jersey_(exhilarating_steps!)_(azur_lane),azur_lane,legacy_appearance_pack,,True
azur_lane,new_jersey_(exhilarating_steps)_(azur_lane),azur_lane,released_skin_official_name,10517/105171,False
azur_lane,new_jersey_(midsummer_leisure)_(azur_lane),azur_lane,legacy_appearance_pack+released_skin+danbooru_tag,10517/105172,True
azur_lane,new_jersey_(snow-white_ceremony)_(azur_lane),azur_lane,released_skin+danbooru_tag,10517/105178,True
azur_lane,new_orleans_(azur_lane),azur_lane,released_skin+danbooru_tag,10312/103120,True
azur_lane,new_orleans_(evening_agricole)_(azur_lane),azur_lane,released_skin+danbooru_tag,10312/103121,True
azur_lane,newcastle_(azur_lane),azur_lane,legacy_appearance_pack+released_skin+danbooru_tag,20219/202190,True
azur_lane,newcastle_(hibiscus_garments)_(azur_lane),azur_lane,released_skin+danbooru_tag,20219/202191,True
azur_lane,newcastle_(retrofit)_(azur_lane),azur_lane,released_skin+danbooru_tag,20219/202199,True
azur_lane,nicholas_(after-school_promise)_(azur_lane),azur_lane,released_skin+danbooru_tag,10131/101314,True
azur_lane,nicholas_(azur_lane),azur_lane,released_skin+danbooru_tag,10131/101310,True
azur_lane,nicholas_(nurse_nicholas)_(azur_lane),azur_lane,released_skin+danbooru_tag,10131/101311,True
azur_lane,nicholas_(retrofit)_(azur_lane),azur_lane,released_skin+danbooru_tag,10131/101319,True
azur_lane,nicholas_(summer_cleaning_volunteer)_(azur_lane),azur_lane,released_skin+danbooru_tag,10131/101313,True
azur_lane,nicholas_(surprise)_(azur_lane),azur_lane,released_skin_official_name,10131/101312,False
azur_lane,nicoloso_da_recco_(azur_lane),azur_lane,released_skin+danbooru_tag,60106/601060,True
azur_lane,nicoloso_da_recco_(to_a_smashing_voyage)_(azur_lane),azur_lane,released_skin_official_name,60106/601061,False
azur_lane,niizuki_(azur_lane),azur_lane,released_skin+danbooru_tag,30156/301560,True
azur_lane,nina_friede_(azur_lane),azur_lane,released_skin_official_name,1130003/11300030,False
azur_lane,nina_friede_(cafe_and_diner_mode)_(azur_lane),azur_lane,released_skin_official_name,1130003/11300031,False
azur_lane,ning_hai_(azur_lane),azur_lane,legacy_appearance_pack+released_skin+danbooru_tag,50202/502020,True
azur_lane,ning_hai_(da_bao's_friend)_(azur_lane),azur_lane,released_skin+danbooru_tag,50202/502026,True
azur_lane,ning_hai_(dragon_sisters_-n)_(azur_lane),azur_lane,released_skin_official_name,50202/502023,False
azur_lane,ning_hai_(gorgeous_violet)_(azur_lane),azur_lane,released_skin+danbooru_tag,50202/502025,True
azur_lane,ning_hai_(hectic_kitchen)_(azur_lane),azur_lane,released_skin+danbooru_tag,50202/502027,True
azur_lane,ning_hai_(moon_palace_rabbit)_(azur_lane),azur_lane,released_skin+danbooru_tag,50202/502022,True
azur_lane,ning_hai_(retrofit)_(azur_lane),azur_lane,released_skin+danbooru_tag,50202/502029,True
azur_lane,ning_hai_(springtime_sojourn)_(azur_lane),azur_lane,released_skin+danbooru_tag,50202/502024,True
azur_lane,ning_hai_(summer_hunger)_(azur_lane),azur_lane,released_skin+danbooru_tag,50202/502021,True
azur_lane,noire_(azur_lane),azur_lane,released_skin_official_name,1010002/10100020,False
azur_lane,norfolk_(azur_lane),azur_lane,released_skin+danbooru_tag,20305/203050,True
azur_lane,north_carolina_(azur_lane),azur_lane,legacy_appearance_pack+released_skin+danbooru_tag,10512/105120,True
azur_lane,north_carolina_(the_heart's_desire)_(azur_lane),azur_lane,legacy_appearance_pack+released_skin+danbooru_tag,10512/105121,True
azur_lane,north_carolina_(unique_sunshine)_(azur_lane),azur_lane,released_skin+danbooru_tag,10512/105122,True
azur_lane,northampton_(azur_lane),azur_lane,released_skin+danbooru_tag,10303/103030,True
azur_lane,northampton_(comfy_crane_amidst_the_clouds)_(azur_lane),azur_lane,released_skin_official_name,10303/103262,False
azur_lane,northampton_(swimming_star)_(azur_lane),azur_lane,released_skin_official_name,10303/103261,False
azur_lane,northampton_ii_(azur_lane),azur_lane,released_skin+danbooru_tag,10326/103260,True
azur_lane,northampton_ii_(comfy_crane_amidst_the_clouds)_(azur_lane),azur_lane,released_skin+danbooru_tag,10326/103262,True
azur_lane,northampton_ii_(swimming_star)_(azur_lane),azur_lane,released_skin+danbooru_tag,10326/103261,True
azur_lane,noshiro_(a_dip_in_the_moonlight)_(azur_lane),azur_lane,released_skin+danbooru_tag,30221/332210,True
azur_lane,noshiro_(a_tale_of_two_lovers)_(azur_lane),azur_lane,released_skin+danbooru_tag,30221/302218,True
azur_lane,noshiro_(azur_lane),azur_lane,legacy_appearance_pack+released_skin+danbooru_tag,30221/302210,True
azur_lane,noshiro_(cozy_enclave)_(azur_lane),azur_lane,released_skin+danbooru_tag,30221/302214,True
azur_lane,noshiro_(dressed-up_date)_(azur_lane),azur_lane,released_skin+danbooru_tag,30221/302217,True
azur_lane,noshiro_(fragrance_of_the_eastern_snow)_(azur_lane),azur_lane,released_skin+danbooru_tag,30221/302213,True
azur_lane,noshiro_(hold_the_ice)_(azur_lane),azur_lane,released_skin+danbooru_tag,30221/302215,True
azur_lane,noshiro_(uncharted_festival_grounds)_(azur_lane),azur_lane,released_skin_official_name,30221/302211,False
azur_lane,noshiro_(unwinding_in_the_sunshine)_(azur_lane),azur_lane,released_skin+danbooru_tag,30221/302216,True
azur_lane,noshiro_(xanadu's_eventide)_(azur_lane),azur_lane,released_skin+danbooru_tag,30221/302212,True
azur_lane,noshiro_μ_(a_dip_in_the_moonlight)_(azur_lane),azur_lane,released_skin_official_name,30224/332210,False
azur_lane,noshiro_μ_(a_tale_of_two_lovers)_(azur_lane),azur_lane,released_skin_official_name,30224/302218,False
azur_lane,noshiro_μ_(azur_lane),azur_lane,released_skin_official_name,30224/302240,False
azur_lane,noshiro_μ_(cozy_enclave)_(azur_lane),azur_lane,released_skin_official_name,30224/302214,False
azur_lane,noshiro_μ_(dressed-up_date)_(azur_lane),azur_lane,released_skin_official_name,30224/302217,False
azur_lane,noshiro_μ_(fragrance_of_the_eastern_snow)_(azur_lane),azur_lane,released_skin_official_name,30224/302213,False
azur_lane,noshiro_μ_(hold_the_ice)_(azur_lane),azur_lane,released_skin_official_name,30224/302215,False
azur_lane,noshiro_μ_(uncharted_festival_grounds)_(azur_lane),azur_lane,released_skin_official_name,30224/302211,False
azur_lane,noshiro_μ_(unwinding_in_the_sunshine)_(azur_lane),azur_lane,released_skin_official_name,30224/302216,False
azur_lane,noshiro_μ_(xanadu's_eventide)_(azur_lane),azur_lane,released_skin_official_name,30224/302212,False
azur_lane,nowaki_(azur_lane),azur_lane,released_skin+danbooru_tag,30120/301200,True
azur_lane,nubian_(azur_lane),azur_lane,released_skin+danbooru_tag,20137/201370,True
azur_lane,nubian_(normal_potion_maker)_(azur_lane),azur_lane,released_skin+danbooru_tag,20137/201371,True
azur_lane,nubian_(the_modern-day_clumsy_maid_escapade)_(azur_lane),azur_lane,released_skin+danbooru_tag,20137/201372,True
azur_lane,nuernberg_(azur_lane),azur_lane,legacy_appearance_pack,,True
azur_lane,nurnberg_(azur_lane),azur_lane,released_skin+danbooru_tag,40205/402050,True
azur_lane,nurnberg_(spring_wanderer)_(azur_lane),azur_lane,released_skin+danbooru_tag,40205/402051,True
azur_lane,nurnberg_meta_(azur_lane),azur_lane,released_skin_official_name,970213/9702130,False
azur_lane,nyotengu_(azur_lane),azur_lane,released_skin_official_name,1060006/10600060,False
azur_lane,nyotengu_(scarlet-tinged_hot_spring_vacation)_(azur_lane),azur_lane,released_skin+danbooru_tag,1060006/10600061,True
azur_lane,observer_alpha_(azur_lane),azur_lane,legacy_appearance_pack,,True
azur_lane,odin_(azur_lane),azur_lane,legacy_appearance_pack+released_skin+danbooru_tag,49904/499040,True
azur_lane,odin_(black_strokes_upon_blank_snow)_(azur_lane),azur_lane,released_skin+danbooru_tag,49904/499041,True
azur_lane,ognevoy_(azur_lane),azur_lane,released_skin+danbooru_tag,70111/701110,True
azur_lane,ognevoy_(blue_nova)_(azur_lane),azur_lane,released_skin+danbooru_tag,70111/701111,True
azur_lane,oite_(azur_lane),azur_lane,released_skin+danbooru_tag,30185/301850,True
azur_lane,oite_(jet_ink_silver_quills)_(azur_lane),azur_lane,released_skin+danbooru_tag,30185/301852,True
azur_lane,oite_(summer_dedication)_(azur_lane),azur_lane,released_skin+danbooru_tag,30185/301851,True
azur_lane,oklahoma_(azur_lane),azur_lane,released_skin+danbooru_tag,10502/105020,True
azur_lane,oklahoma_(piratey_transformation)_(azur_lane),azur_lane,released_skin_official_name,10502/105021,False
azur_lane,oklahoma_(retrofit)_(azur_lane),azur_lane,released_skin+danbooru_tag,10502/105029,True
azur_lane,oleg_(azur_lane),azur_lane,released_skin+danbooru_tag,70208/702080,True
azur_lane,oleg_(repose_by_the_fireplace)_(azur_lane),azur_lane,released_skin+danbooru_tag,70208/702081,True
azur_lane,omaha_(azur_lane),azur_lane,released_skin+danbooru_tag,10201/102010,True
azur_lane,ookami_mio_(azur_lane),azur_lane,released_skin+danbooru_tag,1050007/10500070,True
azur_lane,ookami_mio_(summer_vacation)_(azur_lane),azur_lane,released_skin_official_name,1050007/10500071,False
azur_lane,ooshio_(azur_lane),azur_lane,legacy_appearance_pack+released_skin+danbooru_tag,30164/301640,True
azur_lane,ooshio_(bringer_of_fortunes)_(azur_lane),azur_lane,released_skin+danbooru_tag,30164/301643,True
azur_lane,ooshio_(let's_'ave_lunch)_(azur_lane),azur_lane,released_skin+danbooru_tag,30164/301644,True
azur_lane,ooshio_(the_reindeer's_present)_(azur_lane),azur_lane,released_skin+danbooru_tag,30164/301641,True
azur_lane,ooshio_(woozy_party)_(azur_lane),azur_lane,released_skin+danbooru_tag,30164/301642,True
azur_lane,orage_(azur_lane),azur_lane,released_skin+danbooru_tag,89905/899050,True
azur_lane,origami_tobiichi_(azur_lane),azur_lane,released_skin_official_name,1150002/11500020,False
azur_lane,origami_tobiichi_(the_spirit_of_allure)_(azur_lane),azur_lane,released_skin_official_name,1150002/11500021,False
azur_lane,otto_von_alvensleben_(azur_lane),azur_lane,released_skin+danbooru_tag,40199/401990,True
azur_lane,otto_von_alvensleben_(hunter_becomes_hunted)_(azur_lane),azur_lane,released_skin+danbooru_tag,40199/401991,True
azur_lane,otto_von_alvensleben_(the_clumsy_maid_is_in_a_bind)_(azur_lane),azur_lane,released_skin_official_name,40199/401992,False
azur_lane,oumi_(a_failed_escape)_(azur_lane),azur_lane,released_skin_official_name,30516/305161,False
azur_lane,oumi_(azur_lane),azur_lane,legacy_appearance_pack+released_skin+danbooru_tag,30516/305160,True
azur_lane,owari_(azur_lane),azur_lane,legacy_appearance_pack+released_skin+danbooru_tag,30513/305130,True
azur_lane,owari_(my_wish_is_for_love)_(azur_lane),azur_lane,legacy_appearance_pack+released_skin+danbooru_tag,30513/305132,True
azur_lane,owari_(now_my_heart_overflows_with_emotion)_(azur_lane),azur_lane,released_skin+danbooru_tag,30513/305138,True
azur_lane,owari_(shimmering_forsythia)_(azur_lane),azur_lane,legacy_appearance_pack+released_skin+danbooru_tag,30513/305131,True
azur_lane,oyashio_(azur_lane),azur_lane,released_skin+danbooru_tag,30128/301280,True
azur_lane,ozornoy_(azur_lane),azur_lane,released_skin+danbooru_tag,70113/701130,True
azur_lane,ozornoy_(the_white-robed_wind_rider_ascends)_(azur_lane),azur_lane,released_skin+danbooru_tag,70113/701131,True
azur_lane,painleve_(azur_lane),azur_lane,released_skin+danbooru_tag,80702/807020,True
azur_lane,painleve_(fresh_and_fortunate)_(azur_lane),azur_lane,released_skin+danbooru_tag,80702/807022,True
azur_lane,painleve_(team_stretching)_(azur_lane),azur_lane,released_skin+danbooru_tag,80702/807021,True
azur_lane,pamiat'_merkuria_(azur_lane),azur_lane,released_skin_official_name,70202/702020+70202/702025,False
azur_lane,pamiat'_merkuria_(caged_minx)_(azur_lane),azur_lane,released_skin_official_name,70202/702021,False
azur_lane,pamiat'_merkuria_(chic_and_cheeky)_(azur_lane),azur_lane,released_skin_official_name,70202/702023,False
azur_lane,pamiat'_merkuria_(mercurial_chocolate_love)_(azur_lane),azur_lane,released_skin_official_name,70202/702024,False
azur_lane,pamiat'_merkuria_(retrofit)_(azur_lane),azur_lane,released_skin_official_name,70202/702029,False
azur_lane,pamiat'_merkuria_(sweet_cherry_memories)_(azur_lane),azur_lane,released_skin_official_name,70202/702022,False
azur_lane,pamiat'_merkuria_meta_(azur_lane),azur_lane,released_skin_official_name,970207/9702070,False
azur_lane,pamiat_merkuria_(azur_lane),azur_lane,legacy_appearance_pack,,True
azur_lane,pasadena_(azur_lane),azur_lane,released_skin+danbooru_tag,10235/102350,True
azur_lane,pasadena_(surprising_game)_(azur_lane),azur_lane,released_skin+danbooru_tag,10235/102351,True
azur_lane,patricia_abelheim_(azur_lane),azur_lane,released_skin_official_name,1090003/10900030,False
azur_lane,patricia_abelheim_(rest_betwixt_dreams_and_reality)_(azur_lane),azur_lane,released_skin_official_name,1090003/10900031,False
azur_lane,patty_(azur_lane),azur_lane,released_skin_official_name,1060014/10600140,False
azur_lane,patty_(fluffy-wuffy_paradise)_(azur_lane),azur_lane,released_skin_official_name,1060014/10600141,False
azur_lane,pearl_(azur_lane),azur_lane,legacy_appearance_pack+released_skin+danbooru_tag,960014/9600140,True
azur_lane,pearl_(fallen_angel_in_the_dark_castle)_(azur_lane),azur_lane,released_skin+danbooru_tag,960014/9600141,True
azur_lane,penelope_(azur_lane),azur_lane,released_skin+danbooru_tag,20229/202290,True
azur_lane,penelope_(ruby-red_boudoir)_(azur_lane),azur_lane,released_skin+danbooru_tag,20229/202291,True
azur_lane,penelope_(salty_maid)_(azur_lane),azur_lane,released_skin+danbooru_tag,20229/202292,True
azur_lane,pennsylvania_(azur_lane),azur_lane,released_skin+danbooru_tag,10503/105030,True
azur_lane,pennsylvania_(the_keystone_general)_(azur_lane),azur_lane,released_skin+danbooru_tag,10503/105031,True
azur_lane,pensacola_(azur_lane),azur_lane,released_skin+danbooru_tag,10301/103010,True
azur_lane,perseus_(azur_lane),azur_lane,legacy_appearance_pack+released_skin+danbooru_tag,20606/206060,True
azur_lane,perseus_(spring's_lackadaisical_leisure)_(azur_lane),azur_lane,released_skin_official_name,20606/206062,False
azur_lane,perseus_(unfamiliar_duties)_(azur_lane),azur_lane,legacy_appearance_pack+released_skin+danbooru_tag,20606/206061,True
azur_lane,peter_strasser_(a_moment_frozen_in_pure_white)_(azur_lane),azur_lane,released_skin+danbooru_tag,40703/407032,True
azur_lane,peter_strasser_(azur_lane),azur_lane,legacy_appearance_pack+released_skin+danbooru_tag,40703/407030,True
azur_lane,peter_strasser_(chronos's_kalendae)_(azur_lane),azur_lane,released_skin+danbooru_tag,40703/407031,True
azur_lane,peter_strasser_(lustrous_jade_of_the_golden_house)_(azur_lane),azur_lane,released_skin+danbooru_tag,40703/407033,True
azur_lane,phoenix_(azur_lane),azur_lane,released_skin+danbooru_tag,10204/102040,True
azur_lane,ping_hai_(azur_lane),azur_lane,legacy_appearance_pack+released_skin+danbooru_tag,50203/502030,True
azur_lane,ping_hai_(baobao's_buddy)_(azur_lane),azur_lane,released_skin_official_name,50203/502036,False
azur_lane,ping_hai_(delicious_crimson)_(azur_lane),azur_lane,released_skin+danbooru_tag,50203/502035,True
azur_lane,ping_hai_(dragon_sisters_-p)_(azur_lane),azur_lane,released_skin_official_name,50203/502033,False
azur_lane,ping_hai_(great_gourmet_expedition)_(azur_lane),azur_lane,released_skin+danbooru_tag,50203/502034,True
azur_lane,ping_hai_(lively_banquet_preparations)_(azur_lane),azur_lane,released_skin+danbooru_tag,50203/502037,True
azur_lane,ping_hai_(osmanthus_moon_rabbit)_(azur_lane),azur_lane,released_skin+danbooru_tag,50203/502032,True
azur_lane,ping_hai_(retrofit)_(azur_lane),azur_lane,released_skin+danbooru_tag,50203/502039,True
azur_lane,ping_hai_(summer_vacation)_(azur_lane),azur_lane,legacy_appearance_pack+released_skin+danbooru_tag,50203/502031,True
azur_lane,pittsburgh_(azur_lane),azur_lane,released_skin+danbooru_tag,10328/103280,True
azur_lane,pittsburgh_(the_bartender's_gambit)_(azur_lane),azur_lane,released_skin+danbooru_tag,10328/103281,True
azur_lane,plymouth_(an_angelic_physical)_(azur_lane),azur_lane,legacy_appearance_pack+released_skin+danbooru_tag,29905/299052,True
azur_lane,plymouth_(azur_lane),azur_lane,legacy_appearance_pack+released_skin+danbooru_tag,29905/299050,True
azur_lane,plymouth_(heart-throbbing_refreshment)_(azur_lane),azur_lane,released_skin+danbooru_tag,29905/299051,True
azur_lane,pola_(azur_lane),azur_lane,legacy_appearance_pack+released_skin+danbooru_tag,60303/603030,True
azur_lane,pola_(seaside_coincidence)_(azur_lane),azur_lane,legacy_appearance_pack+released_skin+danbooru_tag,60303/603031,True
azur_lane,poltava_(azur_lane),azur_lane,released_skin+danbooru_tag,70508/705080,True
azur_lane,poltava_(meeting_the_mafia_queen)_(azur_lane),azur_lane,released_skin+danbooru_tag,70508/705081,True
azur_lane,pompeo_magno_(azur_lane),azur_lane,released_skin+danbooru_tag,60107/601070,True
azur_lane,pompeo_magno_(quaver_daydream)_(azur_lane),azur_lane,released_skin+danbooru_tag,60107/601071,True
azur_lane,portland_(at_school_with_indy)_(azur_lane),azur_lane,released_skin_official_name,10306/103061,False
azur_lane,portland_(azur_lane),azur_lane,legacy_appearance_pack+released_skin+danbooru_tag,10306/103060,True
azur_lane,portland_(retrofit)_(azur_lane),azur_lane,released_skin+danbooru_tag,10306/103069,True
azur_lane,portsmouth_adventure_(adventurous_surprise)_(azur_lane),azur_lane,released_skin+danbooru_tag,960010/9600101,True
azur_lane,portsmouth_adventure_(azur_lane),azur_lane,released_skin+danbooru_tag,960010/9600100,True
azur_lane,prince_of_wales_(a_knight's_song_a_lady's_night)_(azur_lane),azur_lane,released_skin+danbooru_tag,20506/205065,True
azur_lane,prince_of_wales_(azur_lane),azur_lane,legacy_appearance_pack+released_skin+danbooru_tag,20506/205060,True
azur_lane,prince_of_wales_(sakura_elegance)_(azur_lane),azur_lane,released_skin+danbooru_tag,20506/205062,True
azur_lane,prince_of_wales_(sun_shining_upon_windsor)_(azur_lane),azur_lane,released_skin+danbooru_tag,20506/205061,True
azur_lane,prince_of_wales_(the_laureate's_victory_lap)_(azur_lane),azur_lane,released_skin+danbooru_tag,20506/205064,True
azur_lane,princess_hime_(azur_lane),azur_lane,released_skin_official_name,1080009/10800090,False
azur_lane,princess_hime_(nightcap_time)_(azur_lane),azur_lane,released_skin_official_name,1080009/10800091,False
azur_lane,princeton_(azur_lane),azur_lane,released_skin+danbooru_tag,10723/107230,True
azur_lane,princeton_(gift-wrapped_reindeer)_(azur_lane),azur_lane,released_skin+danbooru_tag,10723/107233,True
azur_lane,princeton_(lolipop_paradise)_(azur_lane),azur_lane,released_skin+danbooru_tag,10723/107232,True
azur_lane,princeton_(seaside_training)_(azur_lane),azur_lane,released_skin+danbooru_tag,10723/107231,True
azur_lane,princeton_meta_(azur_lane),azur_lane,released_skin_official_name,970603/9706030,False
azur_lane,prinz_adalbert_(after-hours_service)_(azur_lane),azur_lane,released_skin+danbooru_tag,40310/403101,True
azur_lane,prinz_adalbert_(azur_lane),azur_lane,legacy_appearance_pack+released_skin+danbooru_tag,40310/403100,True
azur_lane,prinz_adalbert_(bathroom_slip-up)_(azur_lane),azur_lane,released_skin_official_name,40310/403102,False
azur_lane,prinz_adalbert_(the_black-and-white_magician)_(azur_lane),azur_lane,released_skin+danbooru_tag,40310/403103,True
azur_lane,prinz_eugen_(azur_lane),azur_lane,legacy_appearance_pack+released_skin+danbooru_tag,40303/403030,True
azur_lane,prinz_eugen_(between_tipsiness_and_a_wager)_(azur_lane),azur_lane,legacy_appearance_pack+released_skin+danbooru_tag,40303/403037,True
azur_lane,prinz_eugen_(brilliant_touchdown)_(azur_lane),azur_lane,released_skin+danbooru_tag,40303/403036,True
azur_lane,prinz_eugen_(cordial_cornflower)_(azur_lane),azur_lane,released_skin+danbooru_tag,40303/403033,True
azur_lane,prinz_eugen_(final_lap)_(azur_lane),azur_lane,legacy_appearance_pack+released_skin+danbooru_tag,40303/403034,True
azur_lane,prinz_eugen_(kindred_evening_spirits)_(azur_lane),azur_lane,released_skin+danbooru_tag,40303/403035,True
azur_lane,prinz_eugen_(profusion_of_flowers)_(azur_lane),azur_lane,released_skin+danbooru_tag,40303/403032,True
azur_lane,prinz_eugen_(symphonic_fate)_(azur_lane),azur_lane,legacy_appearance_pack+released_skin+danbooru_tag,40303/403038,True
azur_lane,prinz_eugen_(unfading_smile)_(azur_lane),azur_lane,legacy_appearance_pack+released_skin+danbooru_tag,40303/403031,True
azur_lane,prinz_eugen_μ_(azur_lane),azur_lane,released_skin_official_name,40315/403150,False
azur_lane,prinz_eugen_μ_(between_tipsiness_and_a_wager)_(azur_lane),azur_lane,released_skin_official_name,40315/403037,False
azur_lane,prinz_eugen_μ_(brilliant_touchdown)_(azur_lane),azur_lane,released_skin_official_name,40315/403036,False
azur_lane,prinz_eugen_μ_(cordial_cornflower)_(azur_lane),azur_lane,released_skin_official_name,40315/403033,False
azur_lane,prinz_eugen_μ_(final_lap)_(azur_lane),azur_lane,released_skin_official_name,40315/403034,False
azur_lane,prinz_eugen_μ_(kindred_evening_spirits)_(azur_lane),azur_lane,released_skin_official_name,40315/403035,False
azur_lane,prinz_eugen_μ_(profusion_of_flowers)_(azur_lane),azur_lane,released_skin_official_name,40315/403032,False
azur_lane,prinz_eugen_μ_(symphonic_fate)_(azur_lane),azur_lane,released_skin_official_name,40315/403038,False
azur_lane,prinz_eugen_μ_(unfading_smile)_(azur_lane),azur_lane,released_skin_official_name,40315/403031,False
azur_lane,prinz_heinrich_(azur_lane),azur_lane,legacy_appearance_pack+released_skin+danbooru_tag,40309/403090,True
azur_lane,prinz_heinrich_(fireworks_and_tapestries)_(azur_lane),azur_lane,released_skin+danbooru_tag,40309/403091,True
azur_lane,prinz_heinrich_(heinrich_on_stage)_(azur_lane),azur_lane,released_skin+danbooru_tag,40309/403094,True
azur_lane,prinz_heinrich_(rabbit_on_watch)_(azur_lane),azur_lane,released_skin+danbooru_tag,40309/403092,True
azur_lane,prinz_heinrich_(secret_boss_o'_the_underworld)_(azur_lane),azur_lane,released_skin_official_name,40309/403093,False
azur_lane,prinz_moritz_(azur_lane),azur_lane,released_skin+danbooru_tag,40317/403170,True
azur_lane,prinz_moritz_(the_genie's_game)_(azur_lane),azur_lane,released_skin+danbooru_tag,40317/403171,True
azur_lane,prinz_rupprecht_(azur_lane),azur_lane,legacy_appearance_pack+released_skin+danbooru_tag,49907/499070,True
azur_lane,prinz_rupprecht_(midnight_pearl)_(azur_lane),azur_lane,released_skin+danbooru_tag,49907/499072,True
azur_lane,prinz_rupprecht_(the_gate_dragon's_advent)_(azur_lane),azur_lane,released_skin_official_name,49907/499071,False
azur_lane,prototype_bulin_mkii_(azur_lane),azur_lane,released_skin+danbooru_tag,10001/100010,True
azur_lane,prototype_bulin_mkii_(prototype_advanced_weaponry_(prop))_(azur_lane),azur_lane,released_skin+danbooru_tag,10001/100011,True
azur_lane,purifier_(azur_lane),azur_lane,legacy_appearance_pack,,True
azur_lane,purple_heart_(azur_lane),azur_lane,released_skin_official_name,1010005/10100050,False
azur_lane,purple_heart_(goddesses'_promise)_(azur_lane),azur_lane,released_skin_official_name,1010005/10100051,False
azur_lane,queen_anne's_revenge_(azur_lane),azur_lane,legacy_appearance_pack+released_skin+danbooru_tag,960012/9600120,True
azur_lane,queen_anne's_revenge_(call_of_the_creeping_embrace)_(azur_lane),azur_lane,released_skin+danbooru_tag,960012/9600121,True
azur_lane,queen_elizabeth_(azur_lane),azur_lane,legacy_appearance_pack+released_skin+danbooru_tag,20501/205010,True
azur_lane,queen_elizabeth_(crown_jewel_of_the_royal_navy)_(azur_lane),azur_lane,released_skin+danbooru_tag,20501/205014,True
azur_lane,queen_elizabeth_(one_night_of_the_queen)_(azur_lane),azur_lane,released_skin+danbooru_tag,20501/205012,True
azur_lane,queen_elizabeth_(queen_of_the_campus)_(azur_lane),azur_lane,released_skin+danbooru_tag,20501/205013,True
azur_lane,queen_elizabeth_(seaside_orders)_(azur_lane),azur_lane,released_skin+danbooru_tag,20501/205016,True
azur_lane,queen_elizabeth_(the_queen's_ball)_(azur_lane),azur_lane,released_skin+danbooru_tag,20501/205011,True
azur_lane,queen_elizabeth_(yes_your_maidness)_(azur_lane),azur_lane,released_skin_official_name,20501/205015,False
azur_lane,queen_elizabeth_meta_(azur_lane),azur_lane,released_skin_official_name,970504/9705040,False
azur_lane,quincy_(azur_lane),azur_lane,released_skin+danbooru_tag,10309/103090,True
azur_lane,quincy_(extracurricular_tutoring)_(azur_lane),azur_lane,released_skin+danbooru_tag,10309/103092,True
azur_lane,quincy_(sizzling_summer_brisk_breeze)_(azur_lane),azur_lane,released_skin+danbooru_tag,10309/103091,True
azur_lane,radford_(azur_lane),azur_lane,released_skin+danbooru_tag,10129/101290,True
azur_lane,radford_(sweet_magic)_(azur_lane),azur_lane,released_skin+danbooru_tag,10129/101291,True
azur_lane,raffaello_(azur_lane),azur_lane,legacy_appearance_pack+released_skin+danbooru_tag,60508/605080,True
azur_lane,raffaello_(magical_combo_masterpiece)_(azur_lane),azur_lane,released_skin+danbooru_tag,60508/605082,True
azur_lane,raffaello_(protector_of_love_and_beauty)_(azur_lane),azur_lane,released_skin+danbooru_tag,60508/605081,True
azur_lane,raleigh_(azur_lane),azur_lane,released_skin+danbooru_tag,10202/102020,True
azur_lane,ranger_(azur_lane),azur_lane,released_skin+danbooru_tag,10704/107040,True
azur_lane,ranger_(retrofit)_(azur_lane),azur_lane,released_skin+danbooru_tag,10704/107049,True
azur_lane,regensburg_(azur_lane),azur_lane,legacy_appearance_pack+released_skin+danbooru_tag,40210/402100,True
azur_lane,regensburg_(dark_dragon_brilliant_beach)_(azur_lane),azur_lane,released_skin+danbooru_tag,40210/402101,True
azur_lane,regensburg_(the_dark_dragon's_dungeon)_(azur_lane),azur_lane,released_skin+danbooru_tag,40210/402102,True
azur_lane,regensburg_meta_(azur_lane),azur_lane,released_skin_official_name,970211/9702110,False
azur_lane,reisalin_stout,azur_lane,legacy_appearance_pack+released_skin+danbooru_tag,1090001/10900010,True
azur_lane,reisalin_stout_(late-night_alchemist)_(azur_lane),azur_lane,released_skin_official_name,1090001/10900011,False
azur_lane,reisalin_stout_(new_culinary_horizons)_(azur_lane),azur_lane,released_skin_official_name,1090001/10900012,False
azur_lane,reno_(azur_lane),azur_lane,legacy_appearance_pack+released_skin+danbooru_tag,10226/102260,True
azur_lane,reno_(biggest_little_cheerleader)_(azur_lane),azur_lane,released_skin+danbooru_tag,10226/102261,True
azur_lane,reno_(reno_bunnino)_(azur_lane),azur_lane,legacy_appearance_pack+released_skin+danbooru_tag,10226/102263,True
azur_lane,reno_(spring's_inspiration)_(azur_lane),azur_lane,released_skin+danbooru_tag,10226/102264,True
azur_lane,reno_(summer_spin-off)_(azur_lane),azur_lane,released_skin+danbooru_tag,10226/102262,True
azur_lane,renown_(azur_lane),azur_lane,legacy_appearance_pack+released_skin+danbooru_tag,20401/204010,True
azur_lane,renown_(graceful_royal_pride)_(azur_lane),azur_lane,released_skin+danbooru_tag,20401/204011,True
azur_lane,renown_meta_(azur_lane),azur_lane,released_skin_official_name,970404/9704040,False
azur_lane,repulse_(azur_lane),azur_lane,legacy_appearance_pack+released_skin+danbooru_tag,20402/204020,True
azur_lane,repulse_(dance_of_spring_blooms)_(azur_lane),azur_lane,released_skin+danbooru_tag,20402/204021,True
azur_lane,repulse_meta_(azur_lane),azur_lane,released_skin_official_name,970403/9704030,False
azur_lane,revenge_(azur_lane),azur_lane,released_skin+danbooru_tag,20511/205110,True
azur_lane,revenge_(the_maid-knight_charges_forth)_(azur_lane),azur_lane,released_skin_official_name,20511/205111,False
azur_lane,richelieu_(azur_lane),azur_lane,legacy_appearance_pack+released_skin+danbooru_tag,80501/805010,True
azur_lane,richelieu_(evergreen_prophecy)_(azur_lane),azur_lane,released_skin+danbooru_tag,80501/805012,True
azur_lane,richelieu_(fleuron_of_the_waves)_(azur_lane),azur_lane,legacy_appearance_pack+released_skin+danbooru_tag,80501/805011,True
azur_lane,richmond_(azur_lane),azur_lane,released_skin+danbooru_tag,10211/102110,True
azur_lane,rikka_takarada_(azur_lane),azur_lane,released_skin_official_name,1080001/10800010,False
azur_lane,rikka_takarada_(bedroom_attire)_(azur_lane),azur_lane,released_skin_official_name,1080001/10800012,False
azur_lane,rikka_takarada_(blue_sky_station)_(azur_lane),azur_lane,released_skin_official_name,1080001/10800011,False
azur_lane,ritsuko_akizuki_(azur_lane),azur_lane,released_skin_official_name,1070005/10700050,False
azur_lane,ritsuko_akizuki_(paddle_showdown_-_summer_formation)_(azur_lane),azur_lane,released_skin_official_name,1070005/10700051,False
azur_lane,rodney_(azur_lane),azur_lane,legacy_appearance_pack+released_skin+danbooru_tag,20504/205040,True
azur_lane,rodney_(future_seaside_admiral)_(azur_lane),azur_lane,released_skin+danbooru_tag,20504/205041,True
azur_lane,rodney_(immaculate_beauty)_(azur_lane),azur_lane,released_skin+danbooru_tag,20504/205043,True
azur_lane,rodney_(palace_of_blessings)_(azur_lane),azur_lane,released_skin+danbooru_tag,20504/205048,True
azur_lane,rodney_meta_(azur_lane),azur_lane,released_skin_official_name,970505/9705050,False
azur_lane,roma_(azur_lane),azur_lane,released_skin+danbooru_tag,60503/605030,True
azur_lane,roma_(vacation_upon_the_tiber)_(azur_lane),azur_lane,released_skin+danbooru_tag,60503/605032,True
azur_lane,roma_(white_heron_of_darkest_night)_(azur_lane),azur_lane,released_skin+danbooru_tag,60503/605031,True
azur_lane,roon_(azur_lane),azur_lane,legacy_appearance_pack+released_skin+danbooru_tag,49901/499010,True
azur_lane,roon_(dark_red_grin)_(azur_lane),azur_lane,legacy_appearance_pack+released_skin+danbooru_tag,49901/499011,True
azur_lane,roon_(enticement_in_the_indigo_darkness)_(azur_lane),azur_lane,released_skin+danbooru_tag,49901/499013,True
azur_lane,roon_(the_abyssal_embrace)_(azur_lane),azur_lane,released_skin+danbooru_tag,49901/499018,True
azur_lane,roon_(viridescent_lullaby)_(azur_lane),azur_lane,released_skin+danbooru_tag,49901/499012,True
azur_lane,roon_μ_(azur_lane),azur_lane,released_skin_official_name,40308/403080,False
azur_lane,roon_μ_(dark_red_grin)_(azur_lane),azur_lane,released_skin_official_name,40308/499011,False
azur_lane,roon_μ_(enticement_in_the_indigo_darkness)_(azur_lane),azur_lane,released_skin_official_name,40308/499013,False
azur_lane,roon_μ_(the_abyssal_embrace)_(azur_lane),azur_lane,released_skin_official_name,40308/499018,False
azur_lane,roon_μ_(viridescent_lullaby)_(azur_lane),azur_lane,released_skin_official_name,40308/499012,False
azur_lane,royal_fortune_(azur_lane),azur_lane,legacy_appearance_pack+released_skin+danbooru_tag,960001/9600010,True
azur_lane,royal_fortune_(eyes_on_the_prize)_(azur_lane),azur_lane,released_skin+danbooru_tag,960001/9600012,True
azur_lane,royal_fortune_(treats_from_the_deep)_(azur_lane),azur_lane,released_skin+danbooru_tag,960001/9600011,True
azur_lane,royal_james_(azur_lane),azur_lane,released_skin+danbooru_tag,960015/9600150,True
azur_lane,royal_james_(the_forbidden_slurp)_(azur_lane),azur_lane,released_skin+danbooru_tag,960015/9600151,True
azur_lane,royal_oak_(azur_lane),azur_lane,released_skin+danbooru_tag,20514/205140,True
azur_lane,royal_oak_(bashful_oak)_(azur_lane),azur_lane,released_skin+danbooru_tag,20514/205141,True
azur_lane,ryu_lion_(azur_lane),azur_lane,released_skin_official_name,1140002/11400020,False
azur_lane,ryu_lion_(night_at_the_pub)_(azur_lane),azur_lane,released_skin_official_name,1140002/11400021,False
azur_lane,ryuuhou_(azur_lane),azur_lane,legacy_appearance_pack+released_skin+danbooru_tag,30607/306070,True
azur_lane,ryuuhou_(firebird's_new_year_dance)_(azur_lane),azur_lane,released_skin+danbooru_tag,30607/306071,True
azur_lane,ryuujou_(azur_lane),azur_lane,legacy_appearance_pack+released_skin+danbooru_tag,30606/306060,True
azur_lane,ryuujou_(dragon_hunter_ryuujou's_rise)_(azur_lane),azur_lane,released_skin_official_name,30606/306062,False
azur_lane,ryuujou_(slacking_samurai)_(azur_lane),azur_lane,released_skin+danbooru_tag,30606/306061,True
azur_lane,ryuujou_(the_dragon_slides_in)_(azur_lane),azur_lane,released_skin_official_name,30606/306063,False
azur_lane,saint-louis_(azur_lane),azur_lane,legacy_appearance_pack,,True
azur_lane,saint-louis_(holy_knight's_resplendence)_(azur_lane),azur_lane,legacy_appearance_pack,,True
azur_lane,saint_louis_(alluring_administrator)_(azur_lane),azur_lane,released_skin_official_name,89901/899012,False
azur_lane,saint_louis_(azur_lane),azur_lane,released_skin_official_name,89901/899010,False
azur_lane,saint_louis_(holiness_to_haziness)_(azur_lane),azur_lane,released_skin_official_name,89901/899013,False
azur_lane,saint_louis_(holy_knight's_resplendence)_(azur_lane),azur_lane,released_skin_official_name,89901/899011,False
azur_lane,sakawa_(azur_lane),azur_lane,released_skin+danbooru_tag,30223/302230,True
azur_lane,sakawa_(icy_indulgence)_(azur_lane),azur_lane,released_skin+danbooru_tag,30223/302232,True
azur_lane,sakawa_(the_colors_of_love)_(azur_lane),azur_lane,released_skin+danbooru_tag,30223/302231,True
azur_lane,sakawa_(the_keys_of_love)_(azur_lane),azur_lane,released_skin+danbooru_tag,30223/302233,True
azur_lane,salt_lake_city_(azur_lane),azur_lane,released_skin+danbooru_tag,10302/103020,True
azur_lane,san_diego_(azur_lane),azur_lane,legacy_appearance_pack+released_skin+danbooru_tag,10208/102080,True
azur_lane,san_diego_(no_1_june_bride)_(azur_lane),azur_lane,released_skin_official_name,10208/102088,False
azur_lane,san_diego_(retrofit)_(azur_lane),azur_lane,released_skin+danbooru_tag,10208/102089,True
azur_lane,san_diego_(sandy_claus)_(azur_lane),azur_lane,released_skin+danbooru_tag,10208/102081,True
azur_lane,san_francisco_(azur_lane),azur_lane,legacy_appearance_pack+released_skin+danbooru_tag,10314/103140,True
azur_lane,san_francisco_(funny_bunny!)_(azur_lane),azur_lane,legacy_appearance_pack,,True
azur_lane,san_francisco_(funny_bunny)_(azur_lane),azur_lane,released_skin_official_name,10314/103141,False
azur_lane,san_francisco_(it's_showtime)_(azur_lane),azur_lane,released_skin_official_name,10314/103142,False
azur_lane,san_jacinto_(azur_lane),azur_lane,released_skin+danbooru_tag,10730/107300,True
azur_lane,san_jacinto_(flavor_of_the_day)_(azur_lane),azur_lane,released_skin+danbooru_tag,10730/107301,True
azur_lane,san_juan_(azur_lane),azur_lane,released_skin+danbooru_tag,10222/102220,True
azur_lane,san_juan_(the_longing_princess)_(azur_lane),azur_lane,released_skin+danbooru_tag,10222/102221,True
azur_lane,santa_fe_(azur_lane),azur_lane,released_skin+danbooru_tag,10234/102340,True
azur_lane,santa_fe_(the_rumor_mill_never_sleeps)_(azur_lane),azur_lane,released_skin+danbooru_tag,10234/102341,True
azur_lane,sao_martinho_(azur_lane),azur_lane,released_skin+danbooru_tag,960002/9600020,True
azur_lane,sao_martinho_(the_golden_shadow)_(azur_lane),azur_lane,released_skin+danbooru_tag,960002/9600021,True
azur_lane,saratoga_(azur_lane),azur_lane,legacy_appearance_pack+released_skin+danbooru_tag,10703/107030,True
azur_lane,saratoga_(cup_ramen_ambassador)_(azur_lane),azur_lane,released_skin_official_name,10703/137030,False
azur_lane,saratoga_(hibiscus-scented_idol)_(azur_lane),azur_lane,released_skin+danbooru_tag,10703/107032,True
azur_lane,saratoga_(morning_sun_over_azure_skies)_(azur_lane),azur_lane,released_skin_official_name,10703/137031,False
azur_lane,saratoga_(retrofit)_(azur_lane),azur_lane,released_skin+danbooru_tag,10703/107039,True
azur_lane,saratoga_(ring_the_bell_of_joy)_(azur_lane),azur_lane,released_skin+danbooru_tag,10703/107038,True
azur_lane,saratoga_(seven_seas_of_rest)_(azur_lane),azur_lane,released_skin+danbooru_tag,10703/107031,True
azur_lane,saratoga_(silent_night_songstress)_(azur_lane),azur_lane,released_skin+danbooru_tag,10703/107035,True
azur_lane,saratoga_(spring's_opening_act)_(azur_lane),azur_lane,released_skin_official_name,10703/107036,False
azur_lane,saratoga_(superstar_of_the_blue_seas)_(azur_lane),azur_lane,released_skin+danbooru_tag,10703/107034,True
azur_lane,saratoga_(the_sweetest_picnic)_(azur_lane),azur_lane,released_skin_official_name,10703/107037,False
azur_lane,saratoga_(virtual_idol)_(azur_lane),azur_lane,released_skin+danbooru_tag,10703/107033,True
azur_lane,saratoga_meta_(azur_lane),azur_lane,released_skin_official_name,970710/9707100,False
azur_lane,scharnhorst_(azur_lane),azur_lane,legacy_appearance_pack+released_skin+danbooru_tag,40401/404010,True
azur_lane,scharnhorst_(panther_und_pflaume)_(azur_lane),azur_lane,released_skin+danbooru_tag,40401/404011,True
azur_lane,scharnhorst_meta_(azur_lane),azur_lane,released_skin_official_name,970402/9704020,False
azur_lane,scylla_(a_maid's_judgment)_(azur_lane),azur_lane,released_skin+danbooru_tag,20233/202333,True
azur_lane,scylla_(azur_lane),azur_lane,legacy_appearance_pack+released_skin+danbooru_tag,20233/202330,True
azur_lane,scylla_(bathed_in_the_limelight)_(azur_lane),azur_lane,released_skin+danbooru_tag,20233/202332,True
azur_lane,scylla_(femme_fatale_fresher)_(azur_lane),azur_lane,released_skin+danbooru_tag,20233/202331,True
azur_lane,scylla_(pure_promise_amidst_a_sea_of_flowers)_(azur_lane),azur_lane,released_skin+danbooru_tag,20233/202338,True
azur_lane,seattle_(azur_lane),azur_lane,released_skin+danbooru_tag,19901/199010,True
azur_lane,seattle_(christmas_party_prep)_(azur_lane),azur_lane,released_skin+danbooru_tag,19901/199012,True
azur_lane,seattle_(gorgeous_party)_(azur_lane),azur_lane,released_skin+danbooru_tag,19901/199011,True
azur_lane,seattle_(sunfish_spell)_(azur_lane),azur_lane,released_skin_official_name,19901/199013,False
azur_lane,sendai_(azur_lane),azur_lane,released_skin+danbooru_tag,30212/302120,True
azur_lane,sendai_(retrofit)_(azur_lane),azur_lane,released_skin+danbooru_tag,30212/302129,True
azur_lane,serri_glaus_(azur_lane),azur_lane,released_skin_official_name,1090005/10900050,False
azur_lane,serri_glaus_(fairy_dreamer_beneath_the_starry_sky)_(azur_lane),azur_lane,released_skin_official_name,1090005/10900051,False
azur_lane,sevastopol_(azur_lane),azur_lane,released_skin+danbooru_tag,70507/705070,True
azur_lane,sevastopol_(more_than_a_little_drunk)_(azur_lane),azur_lane,released_skin+danbooru_tag,70507/705071,True
azur_lane,seydlitz_(an_officer's_streetwear)_(azur_lane),azur_lane,released_skin+danbooru_tag,40403/404033,True
azur_lane,seydlitz_(azur_lane),azur_lane,legacy_appearance_pack+released_skin+danbooru_tag,40403/404030,True
azur_lane,seydlitz_(double_the_danger)_(azur_lane),azur_lane,released_skin+danbooru_tag,40403/404034,True
azur_lane,seydlitz_(floral_liberation)_(azur_lane),azur_lane,released_skin+danbooru_tag,40403/404032,True
azur_lane,seydlitz_(heir_of_the_vampire_killer)_(azur_lane),azur_lane,released_skin+danbooru_tag,40403/404031,True
azur_lane,shandy_(an_enchanting_sip)_(azur_lane),azur_lane,released_skin_official_name,1060012/10600121,False
azur_lane,shandy_(azur_lane),azur_lane,released_skin_official_name,1060012/10600120,False
azur_lane,shangri-la_(azur_lane),azur_lane,legacy_appearance_pack+released_skin+danbooru_tag,10738/107380,True
azur_lane,shangri-la_(explorer_of_the_lost_world)_(azur_lane),azur_lane,released_skin+danbooru_tag,10738/107382,True
azur_lane,shangri-la_(utopia's_collector)_(azur_lane),azur_lane,released_skin+danbooru_tag,10738/107381,True
azur_lane,sheffield_(a_moment's_respite)_(azur_lane),azur_lane,released_skin+danbooru_tag,20208/202082,True
azur_lane,sheffield_(azur_lane),azur_lane,legacy_appearance_pack+released_skin+danbooru_tag,20208/202080,True
azur_lane,sheffield_(black_crow's_finery)_(azur_lane),azur_lane,released_skin+danbooru_tag,20208/202083,True
azur_lane,sheffield_(bulletborne)_(azur_lane),azur_lane,released_skin+danbooru_tag,20208/202084,True
azur_lane,sheffield_(cloak_and_dagger)_(azur_lane),azur_lane,released_skin+danbooru_tag,20208/202081,True
azur_lane,sheffield_(occult_clash)_(azur_lane),azur_lane,released_skin+danbooru_tag,20208/202085,True
azur_lane,sheffield_meta_(azur_lane),azur_lane,released_skin_official_name,970203/9702030,False
azur_lane,sheffield_μ_(a_moment's_respite)_(azur_lane),azur_lane,released_skin_official_name,20225/202082,False
azur_lane,sheffield_μ_(azur_lane),azur_lane,released_skin_official_name,20225/202250,False
azur_lane,sheffield_μ_(black_crow's_finery)_(azur_lane),azur_lane,released_skin_official_name,20225/202083,False
azur_lane,sheffield_μ_(bulletborne)_(azur_lane),azur_lane,released_skin_official_name,20225/202084,False
azur_lane,sheffield_μ_(cloak_and_dagger)_(azur_lane),azur_lane,released_skin_official_name,20225/202081,False
azur_lane,sheffield_μ_(occult_clash)_(azur_lane),azur_lane,released_skin_official_name,20225/202085,False
azur_lane,shigure_(attack_i-490)_(azur_lane),azur_lane,released_skin_official_name,30115/301151,False
azur_lane,shigure_(azur_lane),azur_lane,legacy_appearance_pack+released_skin+danbooru_tag,30115/301150,True
azur_lane,shigure_(lucky_chocolate)_(azur_lane),azur_lane,released_skin+danbooru_tag,30115/301153,True
azur_lane,shigure_(retrofit)_(azur_lane),azur_lane,released_skin+danbooru_tag,30115/301159,True
azur_lane,shigure_(the_ballroom's_lucky_star)_(azur_lane),azur_lane,released_skin+danbooru_tag,30115/301152,True
azur_lane,shimakaze_(azur_lane),azur_lane,legacy_appearance_pack+released_skin+danbooru_tag,30129/301290,True
azur_lane,shimakaze_(clumsy_moon_rabbit)_(azur_lane),azur_lane,released_skin+danbooru_tag,30129/301294,True
azur_lane,shimakaze_(the_island_wind_rests)_(azur_lane),azur_lane,released_skin+danbooru_tag,30129/301293,True
azur_lane,shimakaze_(the_unmoving_rabbit)_(azur_lane),azur_lane,released_skin+danbooru_tag,30129/301295,True
azur_lane,shimakaze_(the_white_rabbit_of_wonderland)_(azur_lane),azur_lane,released_skin+danbooru_tag,30129/301292,True
azur_lane,shimakaze_(world's_speediest_bunny_waitress)_(azur_lane),azur_lane,released_skin+danbooru_tag,30129/301291,True
azur_lane,shimanto_(azur_lane),azur_lane,legacy_appearance_pack+released_skin+danbooru_tag,39906/399060,True
azur_lane,shimanto_(the_comfy_dragon_god)_(azur_lane),azur_lane,released_skin+danbooru_tag,39906/399061,True
azur_lane,shimanto_(the_relaxing_dragon_god)_(azur_lane),azur_lane,released_skin+danbooru_tag,39906/399062+39906/399063,True
azur_lane,shinano-chan_(azur_lane),azur_lane,released_skin+danbooru_tag,30714/307140,True
azur_lane,shinano_(azur_lane),azur_lane,legacy_appearance_pack+released_skin+danbooru_tag,30708/307080,True
azur_lane,shinano_(dreams_of_the_hazy_moon)_(azur_lane),azur_lane,legacy_appearance_pack+released_skin+danbooru_tag,30708/307081,True
azur_lane,shinano_(dreamy_white_sands)_(azur_lane),azur_lane,legacy_appearance_pack+released_skin+danbooru_tag,30708/307083,True
azur_lane,shinano_(embrace_upon_a_melted_dream)_(azur_lane),azur_lane,released_skin+danbooru_tag,30708/307085,True
azur_lane,shinano_(moonlit_chrome)_(azur_lane),azur_lane,legacy_appearance_pack+released_skin+danbooru_tag,30708/307082,True
azur_lane,shinano_(visions_of_fantasy)_(azur_lane),azur_lane,legacy_appearance_pack+released_skin+danbooru_tag,30708/307084,True
azur_lane,shinano_(vow_of_blossoms_and_dreams)_(azur_lane),azur_lane,released_skin+danbooru_tag,30708/307088,True
azur_lane,shirakami_fubuki_(azur_lane),azur_lane,released_skin+danbooru_tag,1050001/10500010,True
azur_lane,shirakami_fubuki_(beachside_fox)_(azur_lane),azur_lane,released_skin_official_name,1050001/10500011,False
azur_lane,shiranui_(azur_lane),azur_lane,legacy_appearance_pack+released_skin+danbooru_tag,30118/301180,True
azur_lane,shiranui_(mooncake_merchant)_(azur_lane),azur_lane,released_skin+danbooru_tag,30118/301181,True
azur_lane,shiranui_(retrofit)_(azur_lane),azur_lane,released_skin+danbooru_tag,30118/301189,True
azur_lane,shiratsuyu_(azur_lane),azur_lane,legacy_appearance_pack+released_skin+danbooru_tag,30113/301130,True
azur_lane,shiratsuyu_(is_the_order_a_torpedo)_(azur_lane),azur_lane,released_skin_official_name,30113/301131,False
azur_lane,shiratsuyu_(retrofit)_(azur_lane),azur_lane,released_skin+danbooru_tag,30113/301139,True
azur_lane,shiratsuyu_(thawing_snow_fireworks_alight)_(azur_lane),azur_lane,released_skin+danbooru_tag,30113/301132,True
azur_lane,shirayuki_(azur_lane),azur_lane,released_skin+danbooru_tag,30102/301020,True
azur_lane,shirayuki_(bunny_breeder)_(azur_lane),azur_lane,released_skin+danbooru_tag,30102/301021,True
azur_lane,shizuku_(azur_lane),azur_lane,released_skin+danbooru_tag,1060011/10600110,True
azur_lane,shizuku_(frolicking_in_the_tide)_(azur_lane),azur_lane,released_skin_official_name,1060011/10600111,False
azur_lane,shouhou_(azur_lane),azur_lane,legacy_appearance_pack+released_skin+danbooru_tag,30605/306050,True
azur_lane,shouhou_(patrolling_witch)_(azur_lane),azur_lane,released_skin+danbooru_tag,30605/306051,True
azur_lane,shouhou_(retrofit)_(azur_lane),azur_lane,released_skin+danbooru_tag,30605/306059,True
azur_lane,shoukaku_(azur_lane),azur_lane,legacy_appearance_pack+released_skin+danbooru_tag,30705/307050,True
azur_lane,shoukaku_(sororal_wings)_(azur_lane),azur_lane,legacy_appearance_pack+released_skin+danbooru_tag,30705/307052,True
azur_lane,shoukaku_(the_crane's_gratitude)_(azur_lane),azur_lane,released_skin+danbooru_tag,30705/307053,True
azur_lane,shoukaku_(the_crane_that_dances_with_the_wind)_(azur_lane),azur_lane,released_skin+danbooru_tag,30705/307051,True
azur_lane,shoukaku_(white_crane_of_domestic_bliss)_(azur_lane),azur_lane,released_skin+danbooru_tag,30705/307058,True
azur_lane,shropshire_(azur_lane),azur_lane,released_skin+danbooru_tag,20302/203020,True
azur_lane,shropshire_(retrofit)_(azur_lane),azur_lane,released_skin+danbooru_tag,20302/203029,True
azur_lane,sims_(azur_lane),azur_lane,legacy_appearance_pack+released_skin+danbooru_tag,10124/101240,True
azur_lane,sims_(retrofit)_(azur_lane),azur_lane,released_skin+danbooru_tag,10124/101249,True
azur_lane,sirius_(alba_sirius)_(azur_lane),azur_lane,released_skin+danbooru_tag,20220/202208,True
azur_lane,sirius_(azur_lane),azur_lane,legacy_appearance_pack+released_skin+danbooru_tag,20220/202200,True
azur_lane,sirius_(azure_horizons)_(azur_lane),azur_lane,legacy_appearance_pack+released_skin+danbooru_tag,20220/202203,True
azur_lane,sirius_(rabbit_of_paradise)_(azur_lane),azur_lane,legacy_appearance_pack+released_skin+danbooru_tag,20220/202204,True
azur_lane,sirius_(scorching-hot_seirios)_(azur_lane),azur_lane,legacy_appearance_pack+released_skin+danbooru_tag,20220/202202,True
azur_lane,sirius_(white_rose)_(azur_lane),azur_lane,released_skin+danbooru_tag,20220/202201,True
azur_lane,smalley_(azur_lane),azur_lane,released_skin+danbooru_tag,10142/101420,True
azur_lane,smalley_(candy_courier)_(azur_lane),azur_lane,released_skin+danbooru_tag,10142/101421,True
azur_lane,soobrazitelny_(azur_lane),azur_lane,released_skin+danbooru_tag,70109/701090,True
azur_lane,soobrazitelny_(the_machinery_of_life)_(azur_lane),azur_lane,released_skin+danbooru_tag,70109/701091,True
azur_lane,soobrazitelny_meta_(azur_lane),azur_lane,released_skin_official_name,970113/9701130,False
azur_lane,souryuu_(azur_lane),azur_lane,released_skin+danbooru_tag,30703/307030,True
azur_lane,souryuu_(retrofit)_(azur_lane),azur_lane,released_skin+danbooru_tag,30703/307039,True
azur_lane,souryuu_(the_counselor_girl)_(azur_lane),azur_lane,released_skin+danbooru_tag,30703/307032,True
azur_lane,souryuu_(the_crane_amidst_the_pines)_(azur_lane),azur_lane,released_skin+danbooru_tag,30703/307031,True
azur_lane,souryuu_meta_(azur_lane),azur_lane,released_skin_official_name,970703/9707030,False
azur_lane,south_dakota_(azur_lane),azur_lane,legacy_appearance_pack+released_skin+danbooru_tag,10514/105140,True
azur_lane,south_dakota_(solo_concert)_(azur_lane),azur_lane,legacy_appearance_pack+released_skin+danbooru_tag,10514/105141,True
azur_lane,southampton_(a_dazzling_departure)_(azur_lane),azur_lane,released_skin+danbooru_tag,20207/202078,True
azur_lane,southampton_(afternoon_impromptu)_(azur_lane),azur_lane,released_skin+danbooru_tag,20207/202072,True
azur_lane,southampton_(azur_lane),azur_lane,released_skin+danbooru_tag,20207/202070,True
azur_lane,southampton_(new_year's_little_knight)_(azur_lane),azur_lane,released_skin+danbooru_tag,20207/202071,True
azur_lane,sovetskaya_belorussiya_(azur_lane),azur_lane,legacy_appearance_pack+released_skin+danbooru_tag,70504/705040,True
azur_lane,sovetskaya_belorussiya_(relaxation_stratagem)_(azur_lane),azur_lane,released_skin+danbooru_tag,70504/705041,True
azur_lane,sovetskaya_belorussiya_(ripples_and_a_fluttering_veil)_(azur_lane),azur_lane,released_skin+danbooru_tag,70504/705042,True
azur_lane,sovetskaya_rossiya_(azur_lane),azur_lane,legacy_appearance_pack+released_skin+danbooru_tag,70505/705050,True
azur_lane,sovetskaya_rossiya_(the_lackadaisical_lookout)_(azur_lane),azur_lane,legacy_appearance_pack+released_skin+danbooru_tag,70505/705051,True
azur_lane,sovetsky_soyuz_(azur_lane),azur_lane,legacy_appearance_pack+released_skin+danbooru_tag,70502/705020,True
azur_lane,sovetsky_soyuz_(skyfall_agent)_(azur_lane),azur_lane,released_skin+danbooru_tag,70502/705021,True
azur_lane,sovetsky_soyuz_(stringed_interrogation)_(azur_lane),azur_lane,released_skin+danbooru_tag,70502/705022+70502/705023,True
azur_lane,specialized_bulin_custom_mkiii_(azur_lane),azur_lane,released_skin_official_name,10002/100020,False
azur_lane,specialized_bulin_custom_mkiii_(the_bulin_bringer_of_justice)_(azur_lane),azur_lane,released_skin_official_name,10002/100021,False
azur_lane,spence_(azur_lane),azur_lane,released_skin+danbooru_tag,10115/101150,True
azur_lane,st._louis_(an_afternoon_on_the_lido_deck)_(azur_lane),azur_lane,legacy_appearance_pack,,True
azur_lane,st._louis_(azur_lane),azur_lane,legacy_appearance_pack,,True
azur_lane,st._louis_(blue_and_white_pottery)_(azur_lane),azur_lane,legacy_appearance_pack,,True
azur_lane,st._louis_(luxurious_wheels)_(azur_lane),azur_lane,legacy_appearance_pack,,True
azur_lane,st_louis_(an_afternoon_on_the_lido_deck)_(azur_lane),azur_lane,released_skin_official_name,10213/102134,False
azur_lane,st_louis_(azur_lane),azur_lane,released_skin_official_name,10213/102130,False
azur_lane,st_louis_(blue_and_white_pottery)_(azur_lane),azur_lane,released_skin_official_name,10213/102131,False
azur_lane,st_louis_(luxurious_wheels)_(azur_lane),azur_lane,released_skin_official_name,10213/102133,False
azur_lane,st_louis_(spirits_in_the_snow)_(azur_lane),azur_lane,released_skin_official_name,10213/102132,False
azur_lane,stanly_(azur_lane),azur_lane,released_skin+danbooru_tag,10141/101410,True
azur_lane,stephen_potter_(azur_lane),azur_lane,released_skin+danbooru_tag,10146/101460,True
azur_lane,stephen_potter_(chillaxation_station)_(azur_lane),azur_lane,released_skin+danbooru_tag,10146/101461,True
azur_lane,strasbourg_(azur_lane),azur_lane,legacy_appearance_pack+released_skin+danbooru_tag,90402/904020,True
azur_lane,strasbourg_(faerie_of_the_race_circuit)_(azur_lane),azur_lane,released_skin+danbooru_tag,90402/904021,True
azur_lane,stremitelny_(azur_lane),azur_lane,released_skin+danbooru_tag,70106/701060,True
azur_lane,stremitelny_(no_snow_no_life)_(azur_lane),azur_lane,released_skin+danbooru_tag,70106/701061,True
azur_lane,stremitelny_(nurse_on_the_night_shift)_(azur_lane),azur_lane,released_skin+danbooru_tag,70106/701062,True
azur_lane,suffolk_(azur_lane),azur_lane,legacy_appearance_pack+released_skin+danbooru_tag,20304/203040,True
azur_lane,suffolk_(retrofit)_(azur_lane),azur_lane,released_skin+danbooru_tag,20304/203049,True
azur_lane,suffren_(azur_lane),azur_lane,legacy_appearance_pack+released_skin+danbooru_tag,80301/803010,True
azur_lane,suffren_(impulsive_incident)_(azur_lane),azur_lane,released_skin+danbooru_tag,80301/803011,True
azur_lane,suffren_(unrivaled_winsomeness)_(azur_lane),azur_lane,released_skin+danbooru_tag,80301/803012,True
azur_lane,super_gamer_kizuna_ai_(azur_lane),azur_lane,released_skin_official_name,1040004/10400040,False
azur_lane,superb_(azur_lane),azur_lane,released_skin+danbooru_tag,20237/202370,True
azur_lane,superb_(superb_dentistry)_(azur_lane),azur_lane,released_skin+danbooru_tag,20237/202371,True
azur_lane,surcouf_(azur_lane),azur_lane,legacy_appearance_pack+released_skin+danbooru_tag,80801/808010,True
azur_lane,surcouf_(loisirs_balneaires)_(azur_lane),azur_lane,legacy_appearance_pack+released_skin+danbooru_tag,80801/808012,True
azur_lane,surcouf_(shopping_time)_(azur_lane),azur_lane,released_skin_official_name,80801/808011,False
azur_lane,surrey_(azur_lane),azur_lane,released_skin+danbooru_tag,20314/203140,True
azur_lane,surrey_(feverish_and_disheveled)_(azur_lane),azur_lane,released_skin+danbooru_tag,20314/203141,True
azur_lane,suruga_(azur_lane),azur_lane,released_skin+danbooru_tag,30514/305140,True
azur_lane,suruga_(hundred_flowers'_auspice)_(azur_lane),azur_lane,released_skin_official_name,30514/305141,False
azur_lane,suruga_(straightfaced_model_student)_(azur_lane),azur_lane,released_skin+danbooru_tag,30514/305142,True
azur_lane,suruga_(uneventful_holiday_greetings)_(azur_lane),azur_lane,released_skin+danbooru_tag,30514/305143,True
azur_lane,sussex_(azur_lane),azur_lane,released_skin+danbooru_tag,20309/203090,True
azur_lane,sussex_(sunlit_tulips)_(azur_lane),azur_lane,released_skin+danbooru_tag,20309/203091,True
azur_lane,sussex_(wine_and_red_roses)_(azur_lane),azur_lane,released_skin+danbooru_tag,20309/203092,True
azur_lane,suzunami_(azur_lane),azur_lane,released_skin+danbooru_tag,30191/301910,True
azur_lane,suzunami_(winter_beauty's_ball_gown)_(azur_lane),azur_lane,released_skin+danbooru_tag,30191/301911,True
azur_lane,suzutsuki_(azur_lane),azur_lane,legacy_appearance_pack+released_skin+danbooru_tag,30184/301840,True
azur_lane,suzutsuki_(suzutsuki_beachside_attendant)_(azur_lane),azur_lane,released_skin_official_name,30184/301841,False
azur_lane,suzutsuki_(suzutsuki_hanetsuki_adept)_(azur_lane),azur_lane,released_skin_official_name,30184/301842,False
azur_lane,suzuya_(azur_lane),azur_lane,legacy_appearance_pack+released_skin+danbooru_tag,30317/303170,True
azur_lane,suzuya_(midnight_care)_(azur_lane),azur_lane,released_skin+danbooru_tag,30317/303172,True
azur_lane,svirepy_(azur_lane),azur_lane,released_skin+danbooru_tag,70112/701120,True
azur_lane,svirepy_(rebellious_artist)_(azur_lane),azur_lane,released_skin+danbooru_tag,70112/701121,True
azur_lane,swiftsure_(azur_lane),azur_lane,legacy_appearance_pack+released_skin+danbooru_tag,20223/202230,True
azur_lane,swiftsure_(beauty_of_white_jade)_(azur_lane),azur_lane,released_skin+danbooru_tag,20223/202232,True
azur_lane,swiftsure_(midsummer_special_service)_(azur_lane),azur_lane,legacy_appearance_pack+released_skin+danbooru_tag,20223/202233,True
azur_lane,swiftsure_(study_hall_cyclamen)_(azur_lane),azur_lane,released_skin+danbooru_tag,20223/202231,True
azur_lane,taekaze_(azur_lane),azur_lane,released_skin+danbooru_tag,30192/301920,True
azur_lane,taekaze_(kunoichi's_emergency_landing)_(azur_lane),azur_lane,released_skin+danbooru_tag,30192/301921,True
azur_lane,tai_yuan_(azur_lane),azur_lane,released_skin+danbooru_tag,50104/501040,True
azur_lane,tai_yuan_(retrofit)_(azur_lane),azur_lane,released_skin+danbooru_tag,50104/501049,True
azur_lane,tai_yuan_(the_golden_dragon's_festivities)_(azur_lane),azur_lane,released_skin+danbooru_tag,50104/501041,True
azur_lane,tai_yuan_(two_hearts_one_cushion)_(azur_lane),azur_lane,released_skin+danbooru_tag,50104/501042,True
azur_lane,taihou-chan_(azur_lane),azur_lane,released_skin+danbooru_tag,30713/307130,True
azur_lane,taihou_(azur_lane),azur_lane,legacy_appearance_pack+released_skin+danbooru_tag,30707/307070,True
azur_lane,taihou_(enraptured_companion)_(azur_lane),azur_lane,legacy_appearance_pack+released_skin+danbooru_tag,30707/307073,True
azur_lane,taihou_(forbidden_fruit)_(azur_lane),azur_lane,legacy_appearance_pack+released_skin+danbooru_tag,30707/307071,True
azur_lane,taihou_(fun_on_the_baize)_(azur_lane),azur_lane,legacy_appearance_pack+released_skin+danbooru_tag,30707/307076,True
azur_lane,taihou_(muse)_(azur_lane),azur_lane,legacy_appearance_pack,,True
azur_lane,taihou_(phoenix's_spring_song)_(azur_lane),azur_lane,legacy_appearance_pack+released_skin+danbooru_tag,30707/307072,True
azur_lane,taihou_(seaside_daydreams)_(azur_lane),azur_lane,legacy_appearance_pack+released_skin+danbooru_tag,30707/307075,True
azur_lane,taihou_(sweet_time_after_school)_(azur_lane),azur_lane,legacy_appearance_pack+released_skin+danbooru_tag,30707/307074,True
azur_lane,taihou_(temptation_on_the_sea_breeze)_(azur_lane),azur_lane,legacy_appearance_pack+released_skin+danbooru_tag,30707/307078,True
azur_lane,taihou_meta_(azur_lane),azur_lane,released_skin_official_name,970705/9707050,False
azur_lane,taihou_μ_(azur_lane),azur_lane,released_skin_official_name,30711/307110,False
azur_lane,taihou_μ_(enraptured_companion)_(azur_lane),azur_lane,released_skin_official_name,30711/307073,False
azur_lane,taihou_μ_(forbidden_fruit)_(azur_lane),azur_lane,released_skin_official_name,30711/307071,False
azur_lane,taihou_μ_(fun_on_the_baize)_(azur_lane),azur_lane,released_skin_official_name,30711/307076,False
azur_lane,taihou_μ_(phoenix's_spring_song)_(azur_lane),azur_lane,released_skin_official_name,30711/307072,False
azur_lane,taihou_μ_(seaside_daydreams)_(azur_lane),azur_lane,released_skin_official_name,30711/307075,False
azur_lane,taihou_μ_(sweet_time_after_school)_(azur_lane),azur_lane,released_skin_official_name,30711/307074,False
azur_lane,taihou_μ_(temptation_on_the_sea_breeze)_(azur_lane),azur_lane,released_skin_official_name,30711/307078,False
azur_lane,takahashi_(azur_lane),azur_lane,released_skin+danbooru_tag,39908/399080,True
azur_lane,takao_(azur_lane),azur_lane,legacy_appearance_pack+released_skin+danbooru_tag,30311/303110,True
azur_lane,takao_(beach_rhapsody)_(azur_lane),azur_lane,legacy_appearance_pack+released_skin+danbooru_tag,30311/303112,True
azur_lane,takao_(divine_exorcist's_blade)_(azur_lane),azur_lane,released_skin+danbooru_tag,30311/303116,True
azur_lane,takao_(full_throttle_charmer)_(azur_lane),azur_lane,legacy_appearance_pack+released_skin+danbooru_tag,30311/303115,True
azur_lane,takao_(inner_cultivation)_(azur_lane),azur_lane,released_skin+danbooru_tag,30311/303117,True
azur_lane,takao_(sakura_hanami)_(azur_lane),azur_lane,released_skin+danbooru_tag,30311/303118,True
azur_lane,takao_(school_romanza)_(azur_lane),azur_lane,legacy_appearance_pack+released_skin+danbooru_tag,30311/303114,True
azur_lane,takao_(the_lessons_of_spring)_(azur_lane),azur_lane,released_skin+danbooru_tag,30311/303113,True
azur_lane,tallinn_(as_you_say_ma'am)_(azur_lane),azur_lane,released_skin_official_name,70301/703012,False
azur_lane,tallinn_(azur_lane),azur_lane,released_skin+danbooru_tag,70301/703010,True
azur_lane,tallinn_(night_of_full_moon_and_overflowing_love)_(azur_lane),azur_lane,released_skin+danbooru_tag,70301/703013,True
azur_lane,tallinn_(nostalgic_pilsner)_(azur_lane),azur_lane,released_skin+danbooru_tag,70301/703011,True
azur_lane,tamaki_(azur_lane),azur_lane,released_skin_official_name,1060009/10600090,False
azur_lane,tamaki_(doa),azur_lane,legacy_appearance_pack,,True
azur_lane,tamaki_(venus_shower_time)_(azur_lane),azur_lane,released_skin_official_name,1060009/10600091,False
azur_lane,tanikaze_(azur_lane),azur_lane,released_skin+danbooru_tag,30162/301620,True
azur_lane,tanikaze_(lost_girl_and_labyrinth_butterfly)_(azur_lane),azur_lane,released_skin+danbooru_tag,30162/301621,True
azur_lane,tanikaze_(retrofit)_(azur_lane),azur_lane,released_skin+danbooru_tag,30162/301629,True
azur_lane,tanikaze_(sparkly-clean)_(azur_lane),azur_lane,released_skin+danbooru_tag,30162/301622,True
azur_lane,tartu_(azur_lane),azur_lane,legacy_appearance_pack+released_skin+danbooru_tag,90102/901020,True
azur_lane,tartu_(overthinking_summer)_(azur_lane),azur_lane,released_skin+danbooru_tag,90102/901021,True
azur_lane,tashkent_(azur_lane),azur_lane,legacy_appearance_pack+released_skin+danbooru_tag,70104/701040,True
azur_lane,tashkent_(the_blue_snoozer)_(azur_lane),azur_lane,released_skin+danbooru_tag,70104/701042,True
azur_lane,tashkent_(the_bound_cruiser)_(azur_lane),azur_lane,legacy_appearance_pack+released_skin+danbooru_tag,70104/701041,True
azur_lane,tashkent_(the_sprite's_snapshot)_(azur_lane),azur_lane,released_skin+danbooru_tag,70104/701043,True
azur_lane,tashkent_μ_(azur_lane),azur_lane,released_skin_official_name,70105/701050,False
azur_lane,tashkent_μ_(the_blue_snoozer)_(azur_lane),azur_lane,released_skin_official_name,70105/701042,False
azur_lane,tashkent_μ_(the_bound_cruiser)_(azur_lane),azur_lane,released_skin_official_name,70105/701041,False
azur_lane,tashkent_μ_(the_sprite's_snapshot)_(azur_lane),azur_lane,released_skin_official_name,70105/701043,False
azur_lane,tb_(azur_lane),azur_lane,legacy_appearance_pack,,True
azur_lane,tb_(type-s)_(azur_lane),azur_lane,legacy_appearance_pack,,True
azur_lane,tennessee_(azur_lane),azur_lane,legacy_appearance_pack+released_skin+danbooru_tag,10507/105070,True
azur_lane,terror_(azur_lane),azur_lane,legacy_appearance_pack+released_skin+danbooru_tag,21302/213020,True
azur_lane,terror_(halloween_terror)_(azur_lane),azur_lane,released_skin+danbooru_tag,21302/213021,True
azur_lane,thatcher_(azur_lane),azur_lane,released_skin+danbooru_tag,10112/101120,True
azur_lane,the_2nd_(azur_lane),azur_lane,released_skin_official_name,1080008/10800080,False
azur_lane,the_2nd_(private_time)_(azur_lane),azur_lane,released_skin_official_name,1080008/10800081,False
azur_lane,theseus_(azur_lane),azur_lane,released_skin+danbooru_tag,20608/206080,True
azur_lane,theseus_(new_year's_white_plumage)_(azur_lane),azur_lane,released_skin+danbooru_tag,20608/206081,True
azur_lane,thuringen_(azur_lane),azur_lane,released_skin+danbooru_tag,40504/405040,True
azur_lane,thuringen_(tidying_in_the_moonlight)_(azur_lane),azur_lane,released_skin_official_name,40504/405041,False
azur_lane,ticonderoga_(azur_lane),azur_lane,released_skin+danbooru_tag,10714/107140,True
azur_lane,ticonderoga_(show_stopper)_(azur_lane),azur_lane,released_skin_official_name,10714/107141,False
azur_lane,ticonderoga_(sunshine_princess)_(azur_lane),azur_lane,released_skin+danbooru_tag,10714/107142,True
azur_lane,tiger_(azur_lane),azur_lane,released_skin+danbooru_tag,20238/202380,True
azur_lane,tiger_(maiden_of_the_stars)_(azur_lane),azur_lane,released_skin+danbooru_tag,20238/202381+20238/202382,True
azur_lane,ting_an_(azur_lane),azur_lane,legacy_appearance_pack+released_skin+danbooru_tag,51901/519010,True
azur_lane,ting_an_(tender_white_jade)_(azur_lane),azur_lane,released_skin+danbooru_tag,51901/519011,True
azur_lane,ting_an_(undercover_or_uncovered)_(azur_lane),azur_lane,released_skin_official_name,51901/519012,False
azur_lane,tirpitz_(a_vase_for_the_frost_flower)_(azur_lane),azur_lane,released_skin+danbooru_tag,40502/405024,True
azur_lane,tirpitz_(azur_lane),azur_lane,legacy_appearance_pack+released_skin+danbooru_tag,40502/405020,True
azur_lane,tirpitz_(iron_blood_snowstorm)_(azur_lane),azur_lane,released_skin+danbooru_tag,40502/405022,True
azur_lane,tirpitz_(pit_stop_standby)_(azur_lane),azur_lane,released_skin+danbooru_tag,40502/405025,True
azur_lane,tirpitz_(seasonal_pine_and_the_frost_flower)_(azur_lane),azur_lane,released_skin+danbooru_tag,40502/405023,True
azur_lane,tirpitz_(snow-melting_summer)_(azur_lane),azur_lane,released_skin+danbooru_tag,40502/405021,True
azur_lane,tohka_yatogami_(azur_lane),azur_lane,released_skin_official_name,1150001/11500010,False
azur_lane,tohka_yatogami_(break_time)_(azur_lane),azur_lane,released_skin_official_name,1150001/11500011,False
azur_lane,tokino_sora_(azur_lane),azur_lane,released_skin+danbooru_tag,1050002/10500020,True
azur_lane,tokino_sora_(under_the_clear_sky)_(azur_lane),azur_lane,released_skin_official_name,1050002/10500021,False
azur_lane,torricelli_(azur_lane),azur_lane,legacy_appearance_pack+released_skin+danbooru_tag,60801/608010,True
azur_lane,torricelli_(shady_seaside)_(azur_lane),azur_lane,released_skin+danbooru_tag,60801/608011,True
azur_lane,tosa_(a_glimpse_of_greatness)_(azur_lane),azur_lane,released_skin+danbooru_tag,30508/305082,True
azur_lane,tosa_(azur_lane),azur_lane,legacy_appearance_pack+released_skin+danbooru_tag,30508/305080,True
azur_lane,tosa_(hometown_zest)_(azur_lane),azur_lane,legacy_appearance_pack+released_skin+danbooru_tag,30508/305081,True
azur_lane,trafalgar_(azur_lane),azur_lane,legacy_appearance_pack+released_skin+danbooru_tag,20138/201380,True
azur_lane,trafalgar_(sea_breeze_moonlit_talks)_(azur_lane),azur_lane,released_skin+danbooru_tag,20138/201381,True
azur_lane,trento_(azur_lane),azur_lane,legacy_appearance_pack+released_skin+danbooru_tag,60301/603010,True
azur_lane,trento_(summer's_hotness)_(azur_lane),azur_lane,released_skin_official_name,60301/603011,False
azur_lane,trento_meta_(azur_lane),azur_lane,released_skin_official_name,970301/9703010,False
azur_lane,trieste_(a_brush_of_springtime_ink)_(azur_lane),azur_lane,released_skin+danbooru_tag,60304/603043,True
azur_lane,trieste_(amore_termico)_(azur_lane),azur_lane,released_skin+danbooru_tag,60304/603042,True
azur_lane,trieste_(azur_lane),azur_lane,legacy_appearance_pack+released_skin+danbooru_tag,60304/603040,True
azur_lane,trieste_(rooftop_lunch_break)_(azur_lane),azur_lane,released_skin+danbooru_tag,60304/603041,True
azur_lane,trinidad_(azur_lane),azur_lane,released_skin+danbooru_tag,20236/202360,True
azur_lane,trinidad_(trapper_in_the_changing_room)_(azur_lane),azur_lane,released_skin+danbooru_tag,20236/202361,True
azur_lane,tsukushi_(azur_lane),azur_lane,released_skin_official_name,1060013/10600130,False
azur_lane,tsukushi_(dream_machine)_(azur_lane),azur_lane,released_skin_official_name,1060013/10600131,False
azur_lane,u-101_(azur_lane),azur_lane,released_skin+danbooru_tag,40806/408060,True
azur_lane,u-101_(ironbrass_trombonist)_(azur_lane),azur_lane,released_skin+danbooru_tag,40806/408061,True
azur_lane,u-110_(a_cute_sharky_reverie)_(azur_lane),azur_lane,released_skin+danbooru_tag,40808/408082,True
azur_lane,u-110_(azur_lane),azur_lane,legacy_appearance_pack+released_skin+danbooru_tag,40808/408080,True
azur_lane,u-110_(garnished_supershark)_(azur_lane),azur_lane,released_skin+danbooru_tag,40808/408083,True
azur_lane,u-110_(kleiner_hai)_(azur_lane),azur_lane,released_skin+danbooru_tag,40808/408081,True
azur_lane,u-110_(new_year_small_shark)_(azur_lane),azur_lane,released_skin+danbooru_tag,40808/408084,True
azur_lane,u-110_(springtime_shark)_(azur_lane),azur_lane,released_skin+danbooru_tag,40808/408085,True
azur_lane,u-1206_(azur_lane),azur_lane,released_skin+danbooru_tag,40812/408120,True
azur_lane,u-1206_(maid_just_for_you)_(azur_lane),azur_lane,released_skin+danbooru_tag,40812/408121,True
azur_lane,u-2501_(azur_lane),azur_lane,legacy_appearance_pack+released_skin+danbooru_tag,40815/408150,True
azur_lane,u-2501_(treasure_behind_the_water_curtain)_(azur_lane),azur_lane,released_skin+danbooru_tag,40815/408151,True
azur_lane,u-31_(azur_lane),azur_lane,released_skin+danbooru_tag,40813/408130,True
azur_lane,u-31_(let's_go_home)_(azur_lane),azur_lane,released_skin+danbooru_tag,40813/408131,True
azur_lane,u-37_(azur_lane),azur_lane,released_skin+danbooru_tag,40810/408100,True
azur_lane,u-37_(keeping_peace_in_the_streets)_(azur_lane),azur_lane,released_skin_official_name,40810/408102,False
azur_lane,u-37_(new_year's_nightingale)_(azur_lane),azur_lane,released_skin+danbooru_tag,40810/408101,True
azur_lane,u-410_(azur_lane),azur_lane,released_skin+danbooru_tag,40811/408110,True
azur_lane,u-410_(practice_makes_perfect)_(azur_lane),azur_lane,released_skin+danbooru_tag,40811/408112,True
azur_lane,u-410_(spring_festival_scheme)_(azur_lane),azur_lane,released_skin+danbooru_tag,40811/408111,True
azur_lane,u-47_(azur_lane),azur_lane,legacy_appearance_pack+released_skin+danbooru_tag,40802/408020,True
azur_lane,u-47_(eigenen_raum)_(azur_lane),azur_lane,released_skin+danbooru_tag,40802/408022,True
azur_lane,u-47_(hook_line_and_sinker)_(azur_lane),azur_lane,released_skin+danbooru_tag,40802/408025,True
azur_lane,u-47_(rookie_rider)_(azur_lane),azur_lane,legacy_appearance_pack+released_skin+danbooru_tag,40802/408021,True
azur_lane,u-47_(sanguine_moon_sojourn)_(azur_lane),azur_lane,released_skin+danbooru_tag,40802/408024,True
azur_lane,u-47_(urban_maid)_(azur_lane),azur_lane,released_skin+danbooru_tag,40802/408023,True
azur_lane,u-522_(azur_lane),azur_lane,released_skin+danbooru_tag,40807/408070,True
azur_lane,u-552_(azur_lane),azur_lane,released_skin+danbooru_tag,40814/408140,True
azur_lane,u-552_(special_sightseeing_service)_(azur_lane),azur_lane,released_skin+danbooru_tag,40814/408141,True
azur_lane,u-556_(azur_lane),azur_lane,legacy_appearance_pack+released_skin+danbooru_tag,40804/408040,True
azur_lane,u-556_(party_knight)_(azur_lane),azur_lane,released_skin_official_name,40804/408041,False
azur_lane,u-556_(prairie_knight)_(azur_lane),azur_lane,released_skin+danbooru_tag,40804/408042,True
azur_lane,u-556_meta_(azur_lane),azur_lane,released_skin_official_name,970801/9708010,False
azur_lane,u-557_(azur_lane),azur_lane,released_skin+danbooru_tag,40803/408030,True
azur_lane,u-73_(azur_lane),azur_lane,released_skin+danbooru_tag,40805/408050,True
azur_lane,u-73_(new_year's_chemistry)_(azur_lane),azur_lane,released_skin+danbooru_tag,40805/408052,True
azur_lane,u-73_(science_rules)_(azur_lane),azur_lane,released_skin_official_name,40805/408051,False
azur_lane,u-81_(azur_lane),azur_lane,legacy_appearance_pack+released_skin+danbooru_tag,40801/408010,True
azur_lane,u-81_(lantern-lit_full_moon)_(azur_lane),azur_lane,released_skin_official_name,40801/408012,False
azur_lane,u-81_(soft_serenade)_(azur_lane),azur_lane,released_skin+danbooru_tag,40801/408011,True
azur_lane,u-96_(azur_lane),azur_lane,released_skin+danbooru_tag,40809/408090,True
azur_lane,u-96_(how_heavy_are_those_barbells)_(azur_lane),azur_lane,released_skin_official_name,40809/408092,False
azur_lane,u-96_(secret_gaming_session)_(azur_lane),azur_lane,released_skin+danbooru_tag,40809/408091,True
azur_lane,u-96_(wolfen_dolly)_(azur_lane),azur_lane,released_skin+danbooru_tag,40809/408093,True
azur_lane,ugolino_vivaldi_(an_unexpected_catch)_(azur_lane),azur_lane,released_skin+danbooru_tag,60112/601121,True
azur_lane,ugolino_vivaldi_(azur_lane),azur_lane,released_skin+danbooru_tag,60112/601120,True
azur_lane,ulrich_von_hutten_(azur_lane),azur_lane,legacy_appearance_pack+released_skin+danbooru_tag,40503/405030,True
azur_lane,ulrich_von_hutten_(ignition_matrician)_(azur_lane),azur_lane,released_skin+danbooru_tag,40503/405032,True
azur_lane,ulrich_von_hutten_(liebestrank)_(azur_lane),azur_lane,released_skin+danbooru_tag,40503/405038,True
azur_lane,ulrich_von_hutten_(mayhem_maid)_(azur_lane),azur_lane,legacy_appearance_pack+released_skin+danbooru_tag,40503/405031,True
azur_lane,ulrich_von_hutten_(what_comes_after_the_bell)_(azur_lane),azur_lane,released_skin+danbooru_tag,40503/405033,True
azur_lane,umikaze_(azur_lane),azur_lane,released_skin+danbooru_tag,30147/301470,True
azur_lane,umikaze_(baby_steps)_(azur_lane),azur_lane,released_skin+danbooru_tag,30147/301472,True
azur_lane,umikaze_(soft_and_fluffy_therapy)_(azur_lane),azur_lane,released_skin+danbooru_tag,30147/301471,True
azur_lane,unicorn_(a_dream_of_pure_vows)_(azur_lane),azur_lane,released_skin+danbooru_tag,20603/206038,True
azur_lane,unicorn_(angelic_night)_(azur_lane),azur_lane,released_skin+danbooru_tag,20603/206035,True
azur_lane,unicorn_(angelic_nurse)_(azur_lane),azur_lane,released_skin+danbooru_tag,20603/206037,True
azur_lane,unicorn_(azur_lane),azur_lane,legacy_appearance_pack+released_skin+danbooru_tag,20603/206030,True
azur_lane,unicorn_(blissful_movement)_(azur_lane),azur_lane,released_skin+danbooru_tag,20603/236030,True
azur_lane,unicorn_(champion_of_unicorn)_(azur_lane),azur_lane,released_skin+danbooru_tag,20603/236032,True
azur_lane,unicorn_(icy-sweet_storytime)_(azur_lane),azur_lane,released_skin+danbooru_tag,20603/206036,True
azur_lane,unicorn_(little_star_songstress)_(azur_lane),azur_lane,released_skin+danbooru_tag,20603/206031,True
azur_lane,unicorn_(long-awaited_date)_(azur_lane),azur_lane,legacy_appearance_pack+released_skin+danbooru_tag,20603/206033,True
azur_lane,unicorn_(prayer_of_plum_and_snow)_(azur_lane),azur_lane,released_skin+danbooru_tag,20603/206034,True
azur_lane,unicorn_(retrofit)_(azur_lane),azur_lane,released_skin+danbooru_tag,20603/206039,True
azur_lane,unicorn_(snow_white_guardian_angel)_(azur_lane),azur_lane,released_skin+danbooru_tag,20603/236031,True
azur_lane,unicorn_(the_gift_of_spring)_(azur_lane),azur_lane,legacy_appearance_pack+released_skin+danbooru_tag,20603/206032,True
azur_lane,universal_bulin_(azur_lane),azur_lane,legacy_appearance_pack+released_skin+danbooru_tag,10000/100000,True
azur_lane,universal_bulin_(transform_magical_girl_bulin)_(azur_lane),azur_lane,released_skin_official_name,10000/100002,False
azur_lane,universal_bulin_(universal_enhanced_rigging_(experimental)_α)_(azur_lane),azur_lane,released_skin_official_name,10000/100001,False
azur_lane,unryuu_(azur_lane),azur_lane,released_skin+danbooru_tag,30717/307170,True
azur_lane,unryuu_(mirage_in_the_night)_(azur_lane),azur_lane,released_skin+danbooru_tag,30717/307171+30717/307172,True
azur_lane,unzen-chan_(azur_lane),azur_lane,released_skin+danbooru_tag,30321/303210,True
azur_lane,unzen_(arcane_ninja_knowledge)_(azur_lane),azur_lane,released_skin+danbooru_tag,30319/303192,True
azur_lane,unzen_(azur_lane),azur_lane,legacy_appearance_pack+released_skin+danbooru_tag,30319/303190,True
azur_lane,unzen_(sojourn_through_clear_seas)_(azur_lane),azur_lane,legacy_appearance_pack+released_skin+danbooru_tag,30319/303191,True
azur_lane,urakaze_(azur_lane),azur_lane,released_skin+danbooru_tag,30159/301590,True
azur_lane,urakaze_(seasonal_shogun)_(azur_lane),azur_lane,released_skin+danbooru_tag,30159/301591,True
azur_lane,urakaze_(sengoku_shredder)_(azur_lane),azur_lane,released_skin_official_name,30159/301592,False
azur_lane,uranami_(azur_lane),azur_lane,released_skin+danbooru_tag,30172/301720,True
azur_lane,uranami_(snow_vanguard)_(azur_lane),azur_lane,released_skin+danbooru_tag,30172/301721,True
azur_lane,uzuki_(azur_lane),azur_lane,released_skin+danbooru_tag,30135/301350,True
azur_lane,uzuki_(sleepy_uzuki)_(azur_lane),azur_lane,released_skin+danbooru_tag,30135/301351,True
azur_lane,valiant_(azur_lane),azur_lane,released_skin+danbooru_tag,20510/205100,True
azur_lane,valiant_(mischievous_little_nurse)_(azur_lane),azur_lane,released_skin+danbooru_tag,20510/205101,True
azur_lane,valiant_(queen_valiant_i)_(azur_lane),azur_lane,released_skin+danbooru_tag,20510/205102,True
azur_lane,valparaiso_(azur_lane),azur_lane,released_skin+danbooru_tag,129901/1299010,True
azur_lane,vampire_(azur_lane),azur_lane,legacy_appearance_pack+released_skin+danbooru_tag,20123/201230,True
azur_lane,vampire_(eloi's_blessing)_(azur_lane),azur_lane,released_skin+danbooru_tag,20123/201238,True
azur_lane,vampire_(little_devil_in_white)_(azur_lane),azur_lane,legacy_appearance_pack+released_skin+danbooru_tag,20123/201232,True
azur_lane,vampire_(night_princess's_festive_feast)_(azur_lane),azur_lane,released_skin+danbooru_tag,20123/201235,True
azur_lane,vampire_(night_princess's_regalia)_(azur_lane),azur_lane,released_skin+danbooru_tag,20123/201233,True
azur_lane,vampire_(night_princess_idol)_(azur_lane),azur_lane,released_skin+danbooru_tag,20123/201234,True
azur_lane,vampire_(the_breath_of_spring)_(azur_lane),azur_lane,released_skin+danbooru_tag,20123/201231,True
azur_lane,vampire_meta_(azur_lane),azur_lane,released_skin_official_name,970105/9701050,False
azur_lane,vanguard_(azur_lane),azur_lane,legacy_appearance_pack+released_skin+danbooru_tag,20513/205130,True
azur_lane,vanguard_(half-hearted_masquerade)_(azur_lane),azur_lane,released_skin+danbooru_tag,20513/205131,True
azur_lane,vauquelin_(azur_lane),azur_lane,released_skin+danbooru_tag,90103/901030,True
azur_lane,vauquelin_(innocent_summer_knight)_(azur_lane),azur_lane,released_skin+danbooru_tag,90103/901031,True
azur_lane,vauquelin_(one-girl_orchestra)_(azur_lane),azur_lane,released_skin+danbooru_tag,90103/901032,True
azur_lane,vauquelin_(otherworldly_adventure)_(azur_lane),azur_lane,released_skin+danbooru_tag,90103/901033,True
azur_lane,vert_(azur_lane),azur_lane,released_skin_official_name,1010004/10100040,False
azur_lane,vestal_(azur_lane),azur_lane,released_skin+danbooru_tag,11201/112010,True
azur_lane,vestal_(revigorating_hestia)_(azur_lane),azur_lane,released_skin+danbooru_tag,11201/112011,True
azur_lane,vestal_meta_(azur_lane),azur_lane,released_skin_official_name,971201/9712010,False
azur_lane,vicksburg_(azur_lane),azur_lane,released_skin+danbooru_tag,10236/102360,True
azur_lane,vicksburg_(dazzling_diva_of_the_raceway)_(azur_lane),azur_lane,released_skin+danbooru_tag,10236/102361+10236/102362,True
azur_lane,victorious_(azur_lane),azur_lane,legacy_appearance_pack+released_skin+danbooru_tag,20704/207040,True
azur_lane,victorious_(guidance_of_the_spring_goddess)_(azur_lane),azur_lane,released_skin+danbooru_tag,20704/207042,True
azur_lane,victorious_(the_goddess'_day_off)_(azur_lane),azur_lane,released_skin+danbooru_tag,20704/207041,True
azur_lane,victorious_(upon_nights_brisk_and_beautiful)_(azur_lane),azur_lane,released_skin+danbooru_tag,20704/207043,True
azur_lane,victorious_meta_(azur_lane),azur_lane,released_skin_official_name,970709/9707090,False
azur_lane,vincennes_(azur_lane),azur_lane,released_skin+danbooru_tag,10310/103100,True
azur_lane,vincennes_(leisurely_abc's)_(azur_lane),azur_lane,released_skin+danbooru_tag,10310/103102,True
azur_lane,vincennes_(sweet_dreams)_(azur_lane),azur_lane,released_skin+danbooru_tag,10310/103101,True
azur_lane,vincenzo_gioberti_(azur_lane),azur_lane,released_skin+danbooru_tag,60103/601030,True
azur_lane,vincenzo_gioberti_(fair_lady's_invitation)_(azur_lane),azur_lane,released_skin+danbooru_tag,60103/601032,True
azur_lane,vittorio_cuniberti_(azur_lane),azur_lane,released_skin+danbooru_tag,69903/699030,True
azur_lane,vittorio_cuniberti_(on_the_habits_of_cats)_(azur_lane),azur_lane,released_skin+danbooru_tag,69903/699031,True
azur_lane,vittorio_veneto_(azur_lane),azur_lane,legacy_appearance_pack+released_skin+danbooru_tag,60501/605010,True
azur_lane,vittorio_veneto_(the_flower_of_la_spezia)_(azur_lane),azur_lane,released_skin+danbooru_tag,60501/605011,True
azur_lane,volga_(an_irresistible_ar_adventure)_(azur_lane),azur_lane,released_skin+danbooru_tag,70701/707011,True
azur_lane,volga_(azur_lane),azur_lane,released_skin+danbooru_tag,70701/707010,True
azur_lane,voroshilov_(azur_lane),azur_lane,legacy_appearance_pack+released_skin+danbooru_tag,70207/702070,True
azur_lane,voroshilov_(devoted_as_the_warm_snow)_(azur_lane),azur_lane,released_skin+danbooru_tag,70207/702071,True
azur_lane,voroshilov_(the_nurse's_special_rehearsal)_(azur_lane),azur_lane,released_skin+danbooru_tag,70207/702072,True
azur_lane,wakaba_(a_healthy_dose_of_sunshine)_(azur_lane),azur_lane,released_skin_official_name,30123/301232,False
azur_lane,wakaba_(azur_lane),azur_lane,released_skin+danbooru_tag,30123/301230,True
azur_lane,wakaba_(holiday_special_wakaba)_(azur_lane),azur_lane,released_skin_official_name,30123/301231,False
azur_lane,wakatsuki_(azur_lane),azur_lane,released_skin+danbooru_tag,30188/301880,True
azur_lane,wakatsuki_(blue_sparrow_heralding_spring)_(azur_lane),azur_lane,released_skin+danbooru_tag,30188/301882,True
azur_lane,wakatsuki_(slapdash_blue_sparrow)_(azur_lane),azur_lane,released_skin+danbooru_tag,30188/301881,True
azur_lane,warspite_(azur_lane),azur_lane,legacy_appearance_pack+released_skin+danbooru_tag,20502/205020,True
azur_lane,warspite_(christmas_warrior)_(azur_lane),azur_lane,released_skin+danbooru_tag,20502/205021,True
azur_lane,warspite_(retrofit)_(azur_lane),azur_lane,released_skin+danbooru_tag,20502/205029,True
azur_lane,warspite_(the_grand_old_lady_sunders_all)_(azur_lane),azur_lane,released_skin+danbooru_tag,20502/205023,True
azur_lane,warspite_(under_pleasure)_(azur_lane),azur_lane,released_skin+danbooru_tag,20502/205022,True
azur_lane,washington_(azur_lane),azur_lane,legacy_appearance_pack+released_skin+danbooru_tag,10513/105130,True
azur_lane,washington_(jubilant_smile)_(azur_lane),azur_lane,released_skin+danbooru_tag,10513/105131,True
azur_lane,washington_(making_the_rounds)_(azur_lane),azur_lane,released_skin+danbooru_tag,10513/105132,True
azur_lane,wasp_(azur_lane),azur_lane,released_skin+danbooru_tag,10708/107080,True
azur_lane,watarase_(azur_lane),azur_lane,released_skin+danbooru_tag,30225/302250,True
azur_lane,watarase_(garments_of_everlasting_magic)_(azur_lane),azur_lane,released_skin+danbooru_tag,30225/302251,True
azur_lane,weser_(azur_lane),azur_lane,released_skin+danbooru_tag,40601/406010,True
azur_lane,weser_(obsidian_elegance)_(azur_lane),azur_lane,released_skin+danbooru_tag,40601/406011,True
azur_lane,weser_(offtime_cafe)_(azur_lane),azur_lane,released_skin+danbooru_tag,40601/406014,True
azur_lane,weser_(urbane_onyx)_(azur_lane),azur_lane,released_skin+danbooru_tag,40601/406012,True
azur_lane,weser_(wave-washed_paradise)_(azur_lane),azur_lane,released_skin+danbooru_tag,40601/406013,True
azur_lane,west_virginia_(azur_lane),azur_lane,legacy_appearance_pack+released_skin+danbooru_tag,10511/105110,True
azur_lane,west_virginia_(retrofit)_(azur_lane),azur_lane,released_skin+danbooru_tag,10511/105119,True
azur_lane,west_virginia_(scenic_rhapsody)_(azur_lane),azur_lane,released_skin+danbooru_tag,10511/105112,True
azur_lane,white_heart_(azur_lane),azur_lane,released_skin_official_name,1010007/10100070,False
azur_lane,white_heart_(goddesses'_humility)_(azur_lane),azur_lane,released_skin_official_name,1010007/10100071,False
azur_lane,whydah_(azur_lane),azur_lane,released_skin+danbooru_tag,960005/9600050,True
azur_lane,whydah_(lazy_pirate_angel)_(azur_lane),azur_lane,released_skin+danbooru_tag,960005/9600051,True
azur_lane,wichita_(azur_lane),azur_lane,released_skin+danbooru_tag,10311/103110,True
azur_lane,wichita_(domineering_witchita)_(azur_lane),azur_lane,released_skin+danbooru_tag,10311/103112,True
azur_lane,wichita_(the_general's_banquet)_(azur_lane),azur_lane,released_skin+danbooru_tag,10311/103111,True
azur_lane,wichita_meta_(azur_lane),azur_lane,released_skin_official_name,970304/9703040,False
azur_lane,wilhelm_heidkamp_(z21)_(azur_lane),azur_lane,released_skin_official_name,40121/401210,False
azur_lane,william_d_porter_(azur_lane),azur_lane,released_skin_official_name,10110/101100,False
azur_lane,william_d_porter_(the_daredevil's_maidly_service)_(azur_lane),azur_lane,released_skin_official_name,10110/101101,False
azur_lane,yamakaze_(azur_lane),azur_lane,released_skin+danbooru_tag,30148/301480,True
azur_lane,yamakaze_(now_for_a_magic_trick)_(azur_lane),azur_lane,released_skin_official_name,30148/301481,False
azur_lane,yamashiro_(azur_lane),azur_lane,legacy_appearance_pack+released_skin+danbooru_tag,30502/305020,True
azur_lane,yamashiro_(bridal_attack)_(azur_lane),azur_lane,released_skin_official_name,30502/305028,False
azur_lane,yamashiro_(dressy_black_cat)_(azur_lane),azur_lane,released_skin+danbooru_tag,30502/305023,True
azur_lane,yamashiro_(holiday_offensive)_(azur_lane),azur_lane,released_skin+danbooru_tag,30502/305022,True
azur_lane,yamashiro_(retrofit)_(azur_lane),azur_lane,legacy_appearance_pack+released_skin+danbooru_tag,30502/305029,True
azur_lane,yamashiro_(sales_clerk_offensive)_(azur_lane),azur_lane,released_skin_official_name,30502/305024,False
azur_lane,yamashiro_(street_corner_offensive)_(azur_lane),azur_lane,released_skin_official_name,30502/305026,False
azur_lane,yamashiro_(summer_offensive)_(azur_lane),azur_lane,released_skin_official_name,30502/305021,False
azur_lane,yamashiro_(vacation_offensive)_(azur_lane),azur_lane,released_skin_official_name,30502/305025,False
azur_lane,yamashiro_meta_(azur_lane),azur_lane,released_skin_official_name,970502/9705020,False
azur_lane,yat_sen_(azur_lane),azur_lane,legacy_appearance_pack+released_skin+danbooru_tag,50201/502010,True
azur_lane,yat_sen_(coronal_afterglow)_(azur_lane),azur_lane,released_skin+danbooru_tag,50201/502018,True
azur_lane,yat_sen_(paragon_of_celestial_grace)_(azur_lane),azur_lane,released_skin+danbooru_tag,50201/502011,True
azur_lane,yat_sen_(pristine_leaves_rich_warmth)_(azur_lane),azur_lane,released_skin+danbooru_tag,50201/502012,True
azur_lane,yat_sen_(pristine_waves_embrace_the_wind)_(azur_lane),azur_lane,released_skin+danbooru_tag,50201/502013,True
azur_lane,yat_sen_(retrofit)_(azur_lane),azur_lane,released_skin+danbooru_tag,50201/502019,True
azur_lane,ying_swei_(azur_lane),azur_lane,legacy_appearance_pack+released_skin+danbooru_tag,50204/502040,True
azur_lane,ying_swei_(blue_waves_limpid_summer)_(azur_lane),azur_lane,released_skin+danbooru_tag,50204/502043,True
azur_lane,ying_swei_(frolicking_flowers_verse_i)_(azur_lane),azur_lane,released_skin+danbooru_tag,50204/502042,True
azur_lane,ying_swei_(retrofit)_(azur_lane),azur_lane,released_skin+danbooru_tag,50204/502049,True
azur_lane,ying_swei_(snowy_pine's_warmth)_(azur_lane),azur_lane,released_skin+danbooru_tag,50204/502041,True
azur_lane,yoizuki_(azur_lane),azur_lane,released_skin+danbooru_tag,30158/301580,True
azur_lane,yoizuki_(firecrackers_and_steamed_buns)_(azur_lane),azur_lane,released_skin+danbooru_tag,30158/301582,True
azur_lane,yoizuki_(sports_festival_preparations)_(azur_lane),azur_lane,released_skin+danbooru_tag,30158/301581,True
azur_lane,yorck_(azur_lane),azur_lane,released_skin+danbooru_tag,40311/403110,True
azur_lane,yorck_(breaker_under_the_blood_moon)_(azur_lane),azur_lane,released_skin+danbooru_tag,40311/403111,True
azur_lane,yorck_(late-night_companion)_(azur_lane),azur_lane,released_skin+danbooru_tag,40311/403112,True
azur_lane,yorck_(phantasmagoric_night_dancer)_(azur_lane),azur_lane,released_skin+danbooru_tag,40311/403113,True
azur_lane,york_(azur_lane),azur_lane,released_skin+danbooru_tag,20307/203070,True
azur_lane,york_(oath_of_purity)_(azur_lane),azur_lane,released_skin+danbooru_tag,20307/203078,True
azur_lane,york_(retrofit)_(azur_lane),azur_lane,released_skin+danbooru_tag,20307/203079,True
azur_lane,york_(summoner_from_the_azure_depths)_(azur_lane),azur_lane,released_skin+danbooru_tag,20307/203072,True
azur_lane,york_(truth_seeker)_(azur_lane),azur_lane,released_skin+danbooru_tag,20307/203071,True
azur_lane,yorktown_(an_evening's_companionship)_(azur_lane),azur_lane,released_skin_official_name,10705/107102+10705/107103,False
azur_lane,yorktown_(azur_lane),azur_lane,legacy_appearance_pack+released_skin+danbooru_tag,10705/107050,True
azur_lane,yorktown_(bright-sky_mermaid)_(azur_lane),azur_lane,released_skin_official_name,10705/107101,False
azur_lane,yorktown_(evening_i_can't_remember)_(azur_lane),azur_lane,released_skin+danbooru_tag,10705/107051,True
azur_lane,yorktown_(saintly_wings)_(azur_lane),azur_lane,released_skin+danbooru_tag,10705/107052,True
azur_lane,yorktown_(towards_tomorrow's_brilliant_breeze)_(azur_lane),azur_lane,released_skin+danbooru_tag,10705/107058,True
azur_lane,yorktown_ii_(an_evening's_companionship)_(azur_lane),azur_lane,released_skin+danbooru_tag,10710/107102+10710/107103,True
azur_lane,yorktown_ii_(azur_lane),azur_lane,legacy_appearance_pack+released_skin+danbooru_tag,10710/107100,True
azur_lane,yorktown_ii_(bright-sky_mermaid)_(azur_lane),azur_lane,released_skin+danbooru_tag,10710/107101,True
azur_lane,yorktown_ii_(evening_i_can't_remember)_(azur_lane),azur_lane,released_skin_official_name,10710/107051,False
azur_lane,yorktown_ii_(saintly_wings)_(azur_lane),azur_lane,released_skin_official_name,10710/107052,False
azur_lane,yorktown_ii_(towards_tomorrow's_brilliant_breeze)_(azur_lane),azur_lane,released_skin_official_name,10710/107058,False
azur_lane,yorktown_meta_(azur_lane),azur_lane,released_skin_official_name,970708/9707080,False
azur_lane,yoshino_(azur_lane),azur_lane,released_skin_official_name,1150004/11500040,False
azur_lane,yoshino_(secret_base)_(azur_lane),azur_lane,released_skin_official_name,1150004/11500041,False
azur_lane,yui_kotegawa_(azur_lane),azur_lane,released_skin_official_name,1110006/11100060,False
azur_lane,yui_kotegawa_(the_disciplinarian's_day_off)_(azur_lane),azur_lane,released_skin_official_name,1110006/11100061,False
azur_lane,yukikaze_(azur_lane),azur_lane,legacy_appearance_pack+released_skin+danbooru_tag,30116/301160,True
azur_lane,yukikaze_(sovereign_of_the_swing)_(azur_lane),azur_lane,released_skin+danbooru_tag,30116/301161,True
azur_lane,yukikaze_(the_warmth_of_spring)_(azur_lane),azur_lane,released_skin+danbooru_tag,30116/301168,True
azur_lane,yukikaze_(winter's_snowy_wind)_(azur_lane),azur_lane,released_skin+danbooru_tag,30116/301162,True
azur_lane,yukino_(azur_lane),azur_lane,released_skin+danbooru_tag,1060015/10600150,True
azur_lane,yukino_(charming_beast)_(azur_lane),azur_lane,released_skin_official_name,1060015/10600151,False
azur_lane,yume_minami_(a_dream_upon_an_open_windowsill)_(azur_lane),azur_lane,released_skin_official_name,1080005/10800051,False
azur_lane,yume_minami_(azur_lane),azur_lane,released_skin_official_name,1080005/10800050,False
azur_lane,yume_minami_(morning_routine)_(azur_lane),azur_lane,released_skin_official_name,1080005/10800052,False
azur_lane,yumi_(afternoon_teatime)_(azur_lane),azur_lane,released_skin_official_name,1100004/11000041,False
azur_lane,yumi_(azur_lane),azur_lane,released_skin_official_name,1100004/11000040,False
azur_lane,yumia_liessfeldt_(azur_lane),azur_lane,released_skin_official_name,1130001/11300010,False
azur_lane,yumia_liessfeldt_(everyone's_favorite_patissier)_(azur_lane),azur_lane,released_skin_official_name,1130001/11300011,False
azur_lane,yura_(azur_lane),azur_lane,released_skin+danbooru_tag,30207/302070,True
azur_lane,yura_(we_are_succubi)_(azur_lane),azur_lane,released_skin_official_name,30207/302071,False
azur_lane,yuubari_(azur_lane),azur_lane,released_skin+danbooru_tag,30201/302010,True
azur_lane,yuubari_(retrofit)_(azur_lane),azur_lane,released_skin+danbooru_tag,30201/302019,True
azur_lane,yuudachi_(azur_lane),azur_lane,legacy_appearance_pack+released_skin+danbooru_tag,30114/301140,True
azur_lane,yuudachi_(carnivore_carnival)_(azur_lane),azur_lane,released_skin_official_name,30114/301143,False
azur_lane,yuudachi_(retrofit)_(azur_lane),azur_lane,released_skin+danbooru_tag,30114/301149,True
azur_lane,yuudachi_(shogun_of_snowballs)_(azur_lane),azur_lane,legacy_appearance_pack+released_skin+danbooru_tag,30114/301141,True
azur_lane,yuudachi_(the_bride_of_solomon)_(azur_lane),azur_lane,released_skin+danbooru_tag,30114/301148,True
azur_lane,yuudachi_(woofy_floofy_christmas_night)_(azur_lane),azur_lane,released_skin+danbooru_tag,30114/301144,True
azur_lane,yuudachi_meta_(azur_lane),azur_lane,released_skin_official_name,970109/9701090,False
azur_lane,yuugure_(azur_lane),azur_lane,released_skin+danbooru_tag,30126/301260,True
azur_lane,yuugure_(evening_flower)_(azur_lane),azur_lane,released_skin+danbooru_tag,30126/301263,True
azur_lane,yuugure_(fun_in_the_sun)_(azur_lane),azur_lane,released_skin+danbooru_tag,30126/301265,True
azur_lane,yuugure_(maid-in-training)_(azur_lane),azur_lane,released_skin_official_name,30126/301261,False
azur_lane,yuugure_(retrofit)_(azur_lane),azur_lane,released_skin+danbooru_tag,30126/301269,True
azur_lane,yuugure_(summer_festival_shopping)_(azur_lane),azur_lane,released_skin+danbooru_tag,30126/301264,True
azur_lane,yuugure_(twilight_blossom)_(azur_lane),azur_lane,released_skin+danbooru_tag,30126/301262,True
azur_lane,yuyaki_(azur_lane),azur_lane,released_skin_official_name,1100007/11000070,False
azur_lane,yuyaki_(blue_sky_lagoon)_(azur_lane),azur_lane,released_skin_official_name,1100007/11000071,False
azur_lane,z11_(azur_lane),azur_lane,legacy_appearance_pack+released_skin+danbooru_tag,40111/401110,True
azur_lane,z11_(cheer_up_ms_nurse)_(azur_lane),azur_lane,released_skin_official_name,40111/401112,False
azur_lane,z11_(service_sincerity_and_insolvency)_(azur_lane),azur_lane,legacy_appearance_pack+released_skin+danbooru_tag,40111/401111,True
azur_lane,z13_(azur_lane),azur_lane,released_skin+danbooru_tag,40113/401130,True
azur_lane,z13_(strategic_date_solution)_(azur_lane),azur_lane,released_skin+danbooru_tag,40113/401131,True
azur_lane,z14_(azur_lane),azur_lane,released_skin+danbooru_tag,40114/401140,True
azur_lane,z14_(lost_in_the_summer_sun)_(azur_lane),azur_lane,released_skin+danbooru_tag,40114/401141,True
azur_lane,z15_(azur_lane),azur_lane,released_skin+danbooru_tag,40115/401150,True
azur_lane,z15_(dancing_diver)_(azur_lane),azur_lane,released_skin+danbooru_tag,40115/401151,True
azur_lane,z16_(azur_lane),azur_lane,released_skin+danbooru_tag,40116/401160,True
azur_lane,z16_(guaranteed_grand_slam)_(azur_lane),azur_lane,released_skin+danbooru_tag,40116/401161,True
azur_lane,z18_(azur_lane),azur_lane,released_skin+danbooru_tag,40118/401180,True
azur_lane,z1_leberecht_maass_(azur_lane),azur_lane,legacy_appearance_pack,,True
azur_lane,z23_(azur_lane),azur_lane,legacy_appearance_pack+released_skin+danbooru_tag,40123/401230,True
azur_lane,z23_(breezy_doubles)_(azur_lane),azur_lane,released_skin+danbooru_tag,40123/401232,True
azur_lane,z23_(cafe_trainee_new_base)_(azur_lane),azur_lane,released_skin_official_name,40123/401235,False
azur_lane,z23_(inky_antics)_(azur_lane),azur_lane,released_skin+danbooru_tag,40123/431234,True
azur_lane,z23_(keeper_of_the_comf-fort)_(azur_lane),azur_lane,released_skin+danbooru_tag,40123/431230,True
azur_lane,z23_(perfect_smile)_(azur_lane),azur_lane,released_skin_official_name,40123/401233,False
azur_lane,z23_(philosophy_sensei)_(azur_lane),azur_lane,released_skin+danbooru_tag,40123/401231,True
azur_lane,z23_(retrofit)_(azur_lane),azur_lane,released_skin+danbooru_tag,40123/401239,True
azur_lane,z23_(schwarze_hochzeit)_(azur_lane),azur_lane,released_skin+danbooru_tag,40123/401238,True
azur_lane,z23_(serious_idol_acting_manager)_(azur_lane),azur_lane,released_skin_official_name,40123/401236,False
azur_lane,z23_(tanz_der_blumen)_(azur_lane),azur_lane,released_skin+danbooru_tag,40123/431233,True
azur_lane,z23_(the_banquet's_honor_student)_(azur_lane),azur_lane,released_skin+danbooru_tag,40123/401234,True
azur_lane,z23_(the_eyecatch_in_the_rye)_(azur_lane),azur_lane,released_skin+danbooru_tag,40123/401237,True
azur_lane,z23_(upgrade_failure)_(azur_lane),azur_lane,released_skin_official_name,40123/431232,False
azur_lane,z24_(azur_lane),azur_lane,released_skin+danbooru_tag,40124/401240,True
azur_lane,z24_(blood-red_dance_beneath_the_moon)_(azur_lane),azur_lane,released_skin+danbooru_tag,40124/401243,True
azur_lane,z24_(festival-going_fiend)_(azur_lane),azur_lane,released_skin+danbooru_tag,40124/401241,True
azur_lane,z24_(the_devil_on_the_court)_(azur_lane),azur_lane,released_skin+danbooru_tag,40124/401242,True
azur_lane,z25_(azur_lane),azur_lane,released_skin+danbooru_tag,40125/401250,True
azur_lane,z25_(hot_summer's_cool_breeze)_(azur_lane),azur_lane,released_skin+danbooru_tag,40125/401251,True
azur_lane,z26_(azur_lane),azur_lane,released_skin+danbooru_tag,40126/401260,True
azur_lane,z26_(sharing_is_caring)_(azur_lane),azur_lane,released_skin+danbooru_tag,40126/401261,True
azur_lane,z28_(azur_lane),azur_lane,released_skin+danbooru_tag,40128/401280,True
azur_lane,z28_(new_year_smorgasbord)_(azur_lane),azur_lane,released_skin_official_name,40128/401281,False
azur_lane,z28_(sylvan_celebration)_(azur_lane),azur_lane,released_skin+danbooru_tag,40128/401282,True
azur_lane,z2_(azur_lane),azur_lane,released_skin_official_name,40102/401020,False
azur_lane,z2_(high-rise_high-style)_(azur_lane),azur_lane,released_skin_official_name,40102/401021,False
azur_lane,z2_(of_koi_and_evening_hues)_(azur_lane),azur_lane,released_skin_official_name,40102/401022,False
azur_lane,z35_(azur_lane),azur_lane,released_skin+danbooru_tag,40135/401350,True
azur_lane,z35_(himmel_beyond_love's_boundaries)_(azur_lane),azur_lane,released_skin_official_name,40135/401353,False
azur_lane,z35_(liebender_engel)_(azur_lane),azur_lane,released_skin+danbooru_tag,40135/401352,True
azur_lane,z35_(projekt_kirschblute)_(azur_lane),azur_lane,released_skin+danbooru_tag,40135/401351,True
azur_lane,z36_(azur_lane),azur_lane,released_skin+danbooru_tag,40136/401360,True
azur_lane,z43_(a_secret_base_for_two)_(azur_lane),azur_lane,released_skin+danbooru_tag,40143/401431,True
azur_lane,z43_(azur_lane),azur_lane,released_skin+danbooru_tag,40143/401430,True
azur_lane,z46_(azur_lane),azur_lane,legacy_appearance_pack+released_skin+danbooru_tag,40146/401460,True
azur_lane,z46_(chronicles_of_the_dust_wars)_(azur_lane),azur_lane,released_skin+danbooru_tag,40146/401465,True
azur_lane,z46_(girls'_relay)_(azur_lane),azur_lane,released_skin+danbooru_tag,40146/401462,True
azur_lane,z46_(her_first_summer)_(azur_lane),azur_lane,released_skin+danbooru_tag,40146/401461,True
azur_lane,z46_(jianzhi_fantasia)_(azur_lane),azur_lane,released_skin+danbooru_tag,40146/401464,True
azur_lane,z46_(star-lit_chocolate)_(azur_lane),azur_lane,released_skin+danbooru_tag,40146/401463,True
azur_lane,z46_(the_bard_of_hamelin)_(azur_lane),azur_lane,released_skin+danbooru_tag,40146/401466,True
azur_lane,z47_(azur_lane),azur_lane,released_skin+danbooru_tag,40147/401470,True
azur_lane,z47_(batter_home_run)_(azur_lane),azur_lane,released_skin+danbooru_tag,40147/401472,True
azur_lane,z47_(young-again_filter)_(azur_lane),azur_lane,released_skin_official_name,40147/401471,False
azur_lane,z52_(azur_lane),azur_lane,legacy_appearance_pack+released_skin+danbooru_tag,40152/401520,True
azur_lane,z52_(sprintender_sommer)_(azur_lane),azur_lane,released_skin_official_name,40152/401522,False
azur_lane,z52_(the_rapid_rabbit)_(azur_lane),azur_lane,released_skin+danbooru_tag,40152/401521,True
azur_lane,z9_(azur_lane),azur_lane,released_skin+danbooru_tag,40109/401090,True
azur_lane,z9_(teary_cocktail)_(azur_lane),azur_lane,released_skin+danbooru_tag,40109/401091,True
azur_lane,zara_(azur_lane),azur_lane,legacy_appearance_pack+released_skin+danbooru_tag,60302/603020,True
azur_lane,zara_(poolside_coincidence)_(azur_lane),azur_lane,legacy_appearance_pack+released_skin+danbooru_tag,60302/603021,True
azur_lane,zeppy_(azur_lane),azur_lane,released_skin+danbooru_tag,40702/407020,True
azur_lane,zuihou_(azur_lane),azur_lane,released_skin+danbooru_tag,30604/306040,True
azur_lane,zuihou_(joy_comes_on_fledgling_wings)_(azur_lane),azur_lane,released_skin+danbooru_tag,30604/306041,True
azur_lane,zuikaku_(azur_lane),azur_lane,legacy_appearance_pack+released_skin+danbooru_tag,30706/307060,True
azur_lane,zuikaku_(ceremonial_crane)_(azur_lane),azur_lane,released_skin+danbooru_tag,30706/307061,True
azur_lane,zuikaku_(the_wind's_true_name)_(azur_lane),azur_lane,released_skin+danbooru_tag,30706/307062,True
azur_lane,zuikaku_(zoom_like_the_wind)_(azur_lane),azur_lane,released_skin+danbooru_tag,30706/307063,True
genshin_impact,aino_(genshin_impact),genshin_impact,legacy_appearance_pack+released_outfit+danbooru_tag,212100,True
genshin_impact,alice_(genshin_impact),genshin_impact,legacy_appearance_pack,,True
genshin_impact,amber_(100%_outrider)_(genshin_impact),genshin_impact,legacy_appearance_pack+released_outfit+danbooru_tag,202101,True
genshin_impact,amber_(genshin_impact),genshin_impact,legacy_appearance_pack+released_outfit+danbooru_tag,202100,True
genshin_impact,anastasya_feodorovna_snezhnaya,genshin_impact,legacy_appearance_pack,,True
genshin_impact,arlecchino_(genshin_impact),genshin_impact,legacy_appearance_pack+released_outfit+danbooru_tag,209600,True
genshin_impact,barbara_(genshin_impact),genshin_impact,legacy_appearance_pack+released_outfit+danbooru_tag,201400,True
genshin_impact,barbara_(summertime_sparkle)_(genshin_impact),genshin_impact,legacy_appearance_pack+released_outfit+danbooru_tag,201401,True
genshin_impact,beidou_(genshin_impact),genshin_impact,legacy_appearance_pack+released_outfit+danbooru_tag,202400,True
genshin_impact,candace_(genshin_impact),genshin_impact,legacy_appearance_pack+released_outfit+danbooru_tag,207200,True
genshin_impact,charlotte_(genshin_impact),genshin_impact,legacy_appearance_pack+released_outfit+danbooru_tag,208800,True
genshin_impact,charlotte_(hurlock_variations)_(genshin_impact),genshin_impact,released_outfit+danbooru_tag,208801,True
genshin_impact,chasca_(genshin_impact),genshin_impact,legacy_appearance_pack+released_outfit+danbooru_tag,210400,True
genshin_impact,chevreuse_(genshin_impact),genshin_impact,legacy_appearance_pack+released_outfit+danbooru_tag,209000,True
genshin_impact,chiori_(genshin_impact),genshin_impact,legacy_appearance_pack+released_outfit+danbooru_tag,209400,True
genshin_impact,cicin_mage_(genshin_impact),genshin_impact,legacy_appearance_pack,,True
genshin_impact,citlali_(genshin_impact),genshin_impact,legacy_appearance_pack+released_outfit+danbooru_tag,210700,True
genshin_impact,citlali_(whispers_of_stars_and_smoke)_(genshin_impact),genshin_impact,legacy_appearance_pack+released_outfit+danbooru_tag,210701,True
genshin_impact,clorinde_(genshin_impact),genshin_impact,legacy_appearance_pack+released_outfit+danbooru_tag,209800,True
genshin_impact,cloud_retainer_(genshin_impact),genshin_impact,legacy_appearance_pack,,True
genshin_impact,collei_(genshin_impact),genshin_impact,legacy_appearance_pack+released_outfit+danbooru_tag,206700,True
genshin_impact,columbina_(genshin_impact),genshin_impact,legacy_appearance_pack+released_outfit+danbooru_tag,212500,True
genshin_impact,dehya_(genshin_impact),genshin_impact,legacy_appearance_pack+released_outfit+danbooru_tag,207900,True
genshin_impact,diona_(genshin_impact),genshin_impact,legacy_appearance_pack+released_outfit+danbooru_tag,203900,True
genshin_impact,dori_(genshin_impact),genshin_impact,legacy_appearance_pack+released_outfit+danbooru_tag,206800,True
genshin_impact,dunyarzad_(genshin_impact),genshin_impact,legacy_appearance_pack,,True
genshin_impact,emilie_(genshin_impact),genshin_impact,legacy_appearance_pack+released_outfit+danbooru_tag,209900,True
genshin_impact,escoffier_(genshin_impact),genshin_impact,legacy_appearance_pack+released_outfit+danbooru_tag,211200,True
genshin_impact,eula_(genshin_impact),genshin_impact,legacy_appearance_pack+released_outfit+danbooru_tag,205100,True
genshin_impact,eula_(pizza_hut)_(genshin_impact),genshin_impact,legacy_appearance_pack,,True
genshin_impact,faruzan_(genshin_cafe_in_seoul)_(genshin_impact),genshin_impact,legacy_appearance_pack,,True
genshin_impact,faruzan_(genshin_impact),genshin_impact,legacy_appearance_pack+released_outfit+danbooru_tag,207600,True
genshin_impact,fischl_(ein_immernachtstraum)_(genshin_impact),genshin_impact,legacy_appearance_pack+released_outfit+danbooru_tag,203101,True
genshin_impact,fischl_(genshin_impact),genshin_impact,legacy_appearance_pack+released_outfit+danbooru_tag,203100,True
genshin_impact,furina_(genshin_impact),genshin_impact,legacy_appearance_pack+released_outfit+danbooru_tag,208900,True
genshin_impact,ganyu_(genshin_impact),genshin_impact,legacy_appearance_pack+released_outfit+danbooru_tag,203700,True
genshin_impact,ganyu_(twilight_blossom)_(genshin_impact),genshin_impact,legacy_appearance_pack+released_outfit+danbooru_tag,203701,True
genshin_impact,hu_tao_(cherries_snow-laden)_(genshin_impact),genshin_impact,legacy_appearance_pack+released_outfit+danbooru_tag,204601,True
genshin_impact,hu_tao_(genshin_impact),genshin_impact,legacy_appearance_pack+released_outfit+danbooru_tag,204600,True
genshin_impact,iansan_(genshin_impact),genshin_impact,legacy_appearance_pack+released_outfit+danbooru_tag,211000,True
genshin_impact,ineffa_(genshin_impact),genshin_impact,legacy_appearance_pack+released_outfit+danbooru_tag,211600,True
genshin_impact,istaroth_(genshin_impact),genshin_impact,legacy_appearance_pack,,True
genshin_impact,jahoda_(genshin_impact),genshin_impact,legacy_appearance_pack+released_outfit+danbooru_tag,212400,True
genshin_impact,jean_(genshin_impact),genshin_impact,legacy_appearance_pack+released_outfit+danbooru_tag,200300,True
genshin_impact,jean_(gunnhildr's_legacy)_(genshin_impact),genshin_impact,legacy_appearance_pack+released_outfit+danbooru_tag,200302,True
genshin_impact,jean_(sea_breeze_dandelion)_(genshin_impact),genshin_impact,legacy_appearance_pack+released_outfit+danbooru_tag,200301,True
genshin_impact,kamisato_ayaka,genshin_impact,legacy_appearance_pack+released_outfit+danbooru_tag,200200,True
genshin_impact,kamisato_ayaka_(springbloom_missive),genshin_impact,legacy_appearance_pack+released_outfit+danbooru_tag,200201,True
genshin_impact,keqing_(genshin_impact),genshin_impact,legacy_appearance_pack+released_outfit+danbooru_tag,204200,True
genshin_impact,keqing_(opulent_splendor)_(genshin_impact),genshin_impact,legacy_appearance_pack+released_outfit+danbooru_tag,204201,True
genshin_impact,kirara_(genshin_impact),genshin_impact,legacy_appearance_pack+released_outfit+danbooru_tag,206100,True
genshin_impact,kirara_(phantom_in_boots)_(genshin_impact),genshin_impact,released_outfit+danbooru_tag,206101,True
genshin_impact,klee_(blossoming_starlight)_(genshin_impact),genshin_impact,legacy_appearance_pack+released_outfit+danbooru_tag,202901,True
genshin_impact,klee_(genshin_impact),genshin_impact,legacy_appearance_pack+released_outfit+danbooru_tag,202900,True
genshin_impact,kujou_sara,genshin_impact,legacy_appearance_pack+released_outfit+danbooru_tag,205600,True
genshin_impact,kuki_shinobu,genshin_impact,legacy_appearance_pack+released_outfit+danbooru_tag,206500,True
genshin_impact,lan_yan_(genshin_impact),genshin_impact,legacy_appearance_pack+released_outfit+danbooru_tag,210800,True
genshin_impact,lauma_(genshin_impact),genshin_impact,legacy_appearance_pack+released_outfit+danbooru_tag,211900,True
genshin_impact,layla_(genshin_impact),genshin_impact,legacy_appearance_pack+released_outfit+danbooru_tag,207400,True
genshin_impact,linnea_(genshin_impact),genshin_impact,legacy_appearance_pack+released_outfit+danbooru_tag,213000,True
genshin_impact,lisa_(a_sobriquet_under_shade)_(genshin_impact),genshin_impact,released_outfit+danbooru_tag,200601,True
genshin_impact,lisa_(genshin_impact),genshin_impact,legacy_appearance_pack+released_outfit+danbooru_tag,200600,True
genshin_impact,lumine_(as_heaven_and_earth_are_made_anew)_(genshin_impact),genshin_impact,legacy_appearance_pack+released_outfit+danbooru_tag,200701,True
genshin_impact,lumine_(genshin_impact),genshin_impact,legacy_appearance_pack+released_outfit+danbooru_tag,200700,True
genshin_impact,lynette_(genshin_impact),genshin_impact,legacy_appearance_pack+released_outfit+danbooru_tag,208300,True
genshin_impact,mavuika_(genshin_impact),genshin_impact,legacy_appearance_pack+released_outfit+danbooru_tag,210600,True
genshin_impact,mona_(genshin_impact),genshin_impact,legacy_appearance_pack+released_outfit+danbooru_tag,204100,True
genshin_impact,mona_(pact_of_stars_and_moon)_(genshin_impact),genshin_impact,released_outfit+danbooru_tag,204101,True
genshin_impact,mualani_(genshin_impact),genshin_impact,legacy_appearance_pack+released_outfit+danbooru_tag,210200,True
genshin_impact,nahida_(genshin_impact),genshin_impact,legacy_appearance_pack+released_outfit+danbooru_tag,207300,True
genshin_impact,navia_(genshin_impact),genshin_impact,legacy_appearance_pack+released_outfit+danbooru_tag,209100,True
genshin_impact,nefer_(genshin_impact),genshin_impact,legacy_appearance_pack+released_outfit+danbooru_tag,212200,True
genshin_impact,nicole_(genshin_impact),genshin_impact,legacy_appearance_pack+released_outfit+danbooru_tag,213100,True
genshin_impact,nilou_(breeze_of_sabaa)_(genshin_impact),genshin_impact,legacy_appearance_pack+released_outfit+danbooru_tag,207001,True
genshin_impact,nilou_(genshin_impact),genshin_impact,legacy_appearance_pack+released_outfit+danbooru_tag,207000,True
genshin_impact,ningguang_(genshin_impact),genshin_impact,legacy_appearance_pack+released_outfit+danbooru_tag,202700,True
genshin_impact,ningguang_(orchid's_evening_gown)_(genshin_impact),genshin_impact,legacy_appearance_pack+released_outfit+danbooru_tag,202701,True
genshin_impact,noelle_(genshin_impact),genshin_impact,legacy_appearance_pack+released_outfit+danbooru_tag,203400,True
genshin_impact,odette_(genshin_impact),genshin_impact,legacy_appearance_pack+released_outfit+danbooru_tag,215000,True
genshin_impact,paimon_(genshin_impact),genshin_impact,legacy_appearance_pack,,True
genshin_impact,qiqi_(genshin_impact),genshin_impact,legacy_appearance_pack+released_outfit+danbooru_tag,203500,True
genshin_impact,raiden_shogun,genshin_impact,legacy_appearance_pack+released_outfit+danbooru_tag,205200,True
genshin_impact,raiden_shogun_(2nd_anniversary),genshin_impact,legacy_appearance_pack,,True
genshin_impact,rhinedottir_(genshin_impact),genshin_impact,legacy_appearance_pack,,True
genshin_impact,ronova_(genshin_impact),genshin_impact,legacy_appearance_pack,,True
genshin_impact,rosaria_(genshin_impact),genshin_impact,legacy_appearance_pack+released_outfit+danbooru_tag,204500,True
genshin_impact,rosaria_(to_the_church's_free_spirit)_(genshin_impact),genshin_impact,legacy_appearance_pack+released_outfit+danbooru_tag,204501,True
genshin_impact,sandrone_(genshin_impact),genshin_impact,legacy_appearance_pack+released_outfit+danbooru_tag,213300,True
genshin_impact,sandrone_(the_final_gift)_(genshin_impact),genshin_impact,legacy_appearance_pack,,True
genshin_impact,sangonomiya_kokomi,genshin_impact,legacy_appearance_pack+released_outfit+danbooru_tag,205400,True
genshin_impact,sayu_(genshin_impact),genshin_impact,legacy_appearance_pack+released_outfit+danbooru_tag,205300,True
genshin_impact,shenhe_(frostflower_dew)_(genshin_impact),genshin_impact,legacy_appearance_pack+released_outfit+danbooru_tag,206301,True
genshin_impact,shenhe_(genshin_impact),genshin_impact,legacy_appearance_pack+released_outfit+danbooru_tag,206300,True
genshin_impact,sigewinne_(genshin_impact),genshin_impact,legacy_appearance_pack+released_outfit+danbooru_tag,209500,True
genshin_impact,signora_(genshin_impact),genshin_impact,legacy_appearance_pack,,True
genshin_impact,skirk_(genshin_impact),genshin_impact,legacy_appearance_pack+released_outfit+danbooru_tag,211400,True
genshin_impact,sucrose_(genshin_impact),genshin_impact,legacy_appearance_pack+released_outfit+danbooru_tag,204300,True
genshin_impact,varesa_(genshin_impact),genshin_impact,legacy_appearance_pack+released_outfit+danbooru_tag,211100,True
genshin_impact,vesna_(genshin_impact),genshin_impact,legacy_appearance_pack+released_outfit+danbooru_tag,214300,True
genshin_impact,vodyanitsa_(genshin_impact),genshin_impact,legacy_appearance_pack+released_outfit+danbooru_tag,214000,True
genshin_impact,xiangling_(genshin_impact),genshin_impact,legacy_appearance_pack+released_outfit+danbooru_tag,202300,True
genshin_impact,xiangling_(new_year's_cheer)_(genshin_impact),genshin_impact,released_outfit+danbooru_tag,202301,True
genshin_impact,xianyun_(genshin_impact),genshin_impact,legacy_appearance_pack+released_outfit+danbooru_tag,209300,True
genshin_impact,xilonen_(genshin_impact),genshin_impact,legacy_appearance_pack+released_outfit+danbooru_tag,210300,True
genshin_impact,xinyan_(genshin_impact),genshin_impact,legacy_appearance_pack+released_outfit+danbooru_tag,204400,True
genshin_impact,yae_miko,genshin_impact,legacy_appearance_pack+released_outfit+danbooru_tag,205800,True
genshin_impact,yae_miko_(2nd_anniversary),genshin_impact,legacy_appearance_pack,,True
genshin_impact,yanfei_(genshin_impact),genshin_impact,legacy_appearance_pack+released_outfit+danbooru_tag,204800,True
genshin_impact,yaoyao_(genshin_impact),genshin_impact,legacy_appearance_pack+released_outfit+danbooru_tag,207700,True
genshin_impact,yaoyao_(rainlit_bamboo_reverie)_(genshin_impact),genshin_impact,released_outfit+danbooru_tag,207701,True
genshin_impact,yelan_(genshin_impact),genshin_impact,legacy_appearance_pack+released_outfit+danbooru_tag,206000,True
genshin_impact,yelan_(tranquil_banquet)_(genshin_impact),genshin_impact,released_outfit+danbooru_tag,206001,True
genshin_impact,yoimiya_(genshin_impact),genshin_impact,legacy_appearance_pack+released_outfit+danbooru_tag,204900,True
genshin_impact,yumemizuki_mizuki,genshin_impact,legacy_appearance_pack+released_outfit+danbooru_tag,210900,True
genshin_impact,yun_jin_(genshin_impact),genshin_impact,legacy_appearance_pack+released_outfit+danbooru_tag,206400,True
genshin_impact,zibai_(genshin_impact),genshin_impact,legacy_appearance_pack+released_outfit+danbooru_tag,212600,True
honkai_star_rail,acheron_(honkai:_star_rail),honkai:_star_rail,legacy_appearance_pack,,True
honkai_star_rail,acheron_(izumo)_(honkai:_star_rail),honkai:_star_rail,legacy_appearance_pack,,True
honkai_star_rail,acheron_(slashed_dream)_(honkai:_star_rail),honkai:_star_rail,legacy_appearance_pack,,True
honkai_star_rail,aglaea_(honkai:_star_rail),honkai:_star_rail,legacy_appearance_pack,,True
honkai_star_rail,asta_(honkai:_star_rail),honkai:_star_rail,legacy_appearance_pack,,True
honkai_star_rail,bailu_(honkai:_star_rail),honkai:_star_rail,legacy_appearance_pack,,True
honkai_star_rail,black_swan_(honkai:_star_rail),honkai:_star_rail,legacy_appearance_pack,,True
honkai_star_rail,bronya_rand,honkai:_star_rail,legacy_appearance_pack,,True
honkai_star_rail,castorice_(gossamer_flutter)_(honkai:_star_rail),honkai:_star_rail,official_update+danbooru_tag,https://www.hoyolab.com/article/44742273,True
honkai_star_rail,castorice_(honkai:_star_rail),honkai:_star_rail,legacy_appearance_pack,,True
honkai_star_rail,cerydra_(honkai:_star_rail),honkai:_star_rail,legacy_appearance_pack,,True
honkai_star_rail,cipher_(atticus)_(honkai:_star_rail),honkai:_star_rail,legacy_appearance_pack,,True
honkai_star_rail,cipher_(honkai:_star_rail),honkai:_star_rail,legacy_appearance_pack,,True
honkai_star_rail,clara_(honkai:_star_rail),honkai:_star_rail,legacy_appearance_pack,,True
honkai_star_rail,cyrene_(demiurge)_(honkai:_star_rail),honkai:_star_rail,legacy_appearance_pack,,True
honkai_star_rail,cyrene_(demiurge)_(wonderful_holiday)_(honkai:_star_rail),honkai:_star_rail,legacy_appearance_pack,,True
honkai_star_rail,cyrene_(honkai:_star_rail),honkai:_star_rail,legacy_appearance_pack,,True
honkai_star_rail,cyrene_(philia093)_(honkai:_star_rail),honkai:_star_rail,legacy_appearance_pack,,True
honkai_star_rail,evanescia_(honkai:_star_rail),honkai:_star_rail,legacy_appearance_pack,,True
honkai_star_rail,evernight_(honkai:_star_rail),honkai:_star_rail,legacy_appearance_pack,,True
honkai_star_rail,feixiao_(honkai:_star_rail),honkai:_star_rail,legacy_appearance_pack,,True
honkai_star_rail,firefly_(ar-26710)_(honkai:_star_rail),honkai:_star_rail,legacy_appearance_pack,,True
honkai_star_rail,firefly_(birefly)_(honkai:_star_rail),honkai:_star_rail,legacy_appearance_pack,,True
honkai_star_rail,firefly_(honkai:_star_rail),honkai:_star_rail,legacy_appearance_pack,,True
honkai_star_rail,firefly_(jepella_rebellion)_(honkai:_star_rail),honkai:_star_rail,legacy_appearance_pack,,True
honkai_star_rail,firefly_(spring_missive)_(honkai:_star_rail),honkai:_star_rail,legacy_appearance_pack,,True
honkai_star_rail,fu_xuan_(honkai:_star_rail),honkai:_star_rail,legacy_appearance_pack,,True
honkai_star_rail,fugue_(honkai:_star_rail),honkai:_star_rail,legacy_appearance_pack,,True
honkai_star_rail,guinaifen_(honkai:_star_rail),honkai:_star_rail,legacy_appearance_pack,,True
honkai_star_rail,hanya_(honkai:_star_rail),honkai:_star_rail,legacy_appearance_pack,,True
honkai_star_rail,herta_(honkai:_star_rail),honkai:_star_rail,legacy_appearance_pack,,True
honkai_star_rail,herta_(puppet)_(honkai:_star_rail),honkai:_star_rail,legacy_appearance_pack,,True
honkai_star_rail,himeko_(honkai:_star_rail),honkai:_star_rail,legacy_appearance_pack,,True
honkai_star_rail,himeko_(nova)_(honkai:_star_rail),honkai:_star_rail,legacy_appearance_pack,,True
honkai_star_rail,himeko_(young)_(honkai:_star_rail),honkai:_star_rail,legacy_appearance_pack,,True
honkai_star_rail,hook_(honkai:_star_rail),honkai:_star_rail,legacy_appearance_pack,,True
honkai_star_rail,huohuo_(honkai:_star_rail),honkai:_star_rail,legacy_appearance_pack,,True
honkai_star_rail,hyacine_(honkai:_star_rail),honkai:_star_rail,legacy_appearance_pack,,True
honkai_star_rail,hysilens_(honkai:_star_rail),honkai:_star_rail,legacy_appearance_pack,,True
honkai_star_rail,jade_(honkai:_star_rail),honkai:_star_rail,legacy_appearance_pack,,True
honkai_star_rail,jingliu_(honkai:_star_rail),honkai:_star_rail,legacy_appearance_pack,,True
honkai_star_rail,kafka_(honkai:_star_rail),honkai:_star_rail,legacy_appearance_pack,,True
honkai_star_rail,lingsha_(honkai:_star_rail),honkai:_star_rail,legacy_appearance_pack,,True
honkai_star_rail,lynx_landau,honkai:_star_rail,legacy_appearance_pack,,True
honkai_star_rail,march_7th_(honkai:_star_rail),honkai:_star_rail,legacy_appearance_pack,,True
honkai_star_rail,march_7th_(hunt)_(honkai:_star_rail),honkai:_star_rail,legacy_appearance_pack,,True
honkai_star_rail,march_7th_(nascent_spring)_(honkai:_star_rail),honkai:_star_rail,official_update+danbooru_tag,https://www.hoyolab.com/article/36260996,True
honkai_star_rail,march_7th_(preservation)_(honkai:_star_rail),honkai:_star_rail,legacy_appearance_pack,,True
honkai_star_rail,nihilux_(blurry_qr_colt)_(honkai:_star_rail),honkai:_star_rail,legacy_appearance_pack,,True
honkai_star_rail,nihilux_(honkai:_star_rail),honkai:_star_rail,legacy_appearance_pack,,True
honkai_star_rail,pearl_(honkai:_star_rail),honkai:_star_rail,legacy_appearance_pack,,True
honkai_star_rail,pela_(honkai:_star_rail),honkai:_star_rail,legacy_appearance_pack,,True
honkai_star_rail,qingque_(honkai:_star_rail),honkai:_star_rail,legacy_appearance_pack,,True
honkai_star_rail,rappa_(honkai:_star_rail),honkai:_star_rail,legacy_appearance_pack,,True
honkai_star_rail,robin_(fanta)_(honkai:_star_rail),honkai:_star_rail,legacy_appearance_pack,,True
honkai_star_rail,robin_(honkai:_star_rail),honkai:_star_rail,legacy_appearance_pack,,True
honkai_star_rail,robin_(summeretto)_(honkai:_star_rail),honkai:_star_rail,legacy_appearance_pack,,True
honkai_star_rail,ruan_mei_(honkai:_star_rail),honkai:_star_rail,legacy_appearance_pack,,True
honkai_star_rail,ruan_mei_(plumblossom_letter)_(honkai:_star_rail),honkai:_star_rail,legacy_appearance_pack,,True
honkai_star_rail,sam_(honkai:_star_rail),honkai:_star_rail,legacy_appearance_pack,,True
honkai_star_rail,seele_(honkai:_star_rail),honkai:_star_rail,legacy_appearance_pack,,True
honkai_star_rail,serval_landau,honkai:_star_rail,legacy_appearance_pack,,True
honkai_star_rail,silver_wolf_(honkai:_star_rail),honkai:_star_rail,legacy_appearance_pack,,True
honkai_star_rail,silver_wolf_(lv.999)_(honkai:_star_rail),honkai:_star_rail,legacy_appearance_pack,,True
honkai_star_rail,sparkle_(honkai:_star_rail),honkai:_star_rail,legacy_appearance_pack,,True
honkai_star_rail,sparxie_(honkai:_star_rail),honkai:_star_rail,legacy_appearance_pack,,True
honkai_star_rail,stelle_(honkai:_star_rail),honkai:_star_rail,legacy_appearance_pack,,True
honkai_star_rail,sushang_(honkai:_star_rail),honkai:_star_rail,legacy_appearance_pack,,True
honkai_star_rail,the_dahlia_(honkai:_star_rail),honkai:_star_rail,legacy_appearance_pack,,True
honkai_star_rail,the_herta_(honkai:_star_rail),honkai:_star_rail,legacy_appearance_pack,,True
honkai_star_rail,tingyun_(harmony)_(honkai:_star_rail),honkai:_star_rail,legacy_appearance_pack,,True
honkai_star_rail,tingyun_(honkai:_star_rail),honkai:_star_rail,legacy_appearance_pack,,True
honkai_star_rail,topaz_(honkai:_star_rail),honkai:_star_rail,legacy_appearance_pack,,True
honkai_star_rail,tribbie_(honkai:_star_rail),honkai:_star_rail,legacy_appearance_pack,,True
honkai_star_rail,tribios_(honkai:_star_rail),honkai:_star_rail,legacy_appearance_pack,,True
honkai_star_rail,xueyi_(honkai:_star_rail),honkai:_star_rail,legacy_appearance_pack,,True
honkai_star_rail,yao_guang_(honkai:_star_rail),honkai:_star_rail,legacy_appearance_pack,,True
honkai_star_rail,yukong_(honkai:_star_rail),honkai:_star_rail,legacy_appearance_pack,,True
honkai_star_rail,yunli_(honkai:_star_rail),honkai:_star_rail,legacy_appearance_pack,,True
arknights,absinthe_(arknights),arknights,legacy_appearance_pack+released_skin+danbooru_tag,char_405_absin#1+char_405_absin#2,True
arknights,absinthe_(noon_twilight)_(arknights),arknights,released_skin+danbooru_tag,char_405_absin@epoque#28,True
arknights,aciddrop_(afternoon_teatime)_(arknights),arknights,released_skin+danbooru_tag,char_366_acdrop@whirlwind#4,True
arknights,aciddrop_(arknights),arknights,legacy_appearance_pack+released_skin+danbooru_tag,char_366_acdrop#1+char_366_acdrop#2,True
arknights,aciddrop_(holiday_hd75)_(arknights),arknights,released_skin_official_name,char_366_acdrop@summer#21,False
arknights,alina_(arknights),arknights,legacy_appearance_pack,,True
arknights,ambriel_(arknights),arknights,legacy_appearance_pack+released_skin+danbooru_tag,char_302_glaze#1+char_302_glaze#2,True
arknights,ambriel_(holiday_hd29)_(arknights),arknights,released_skin_official_name,char_302_glaze@summer#11,False
arknights,amiya_(arknights),arknights,legacy_appearance_pack+released_skin+danbooru_tag,char_002_amiya#1+char_002_amiya#1++char_002_amiya#2+char_1001_amiya2#2+char_1037_amiya3#2,True
arknights,amiya_(fresh_fastener)_(arknights),arknights,released_skin+danbooru_tag,char_002_amiya@epoque#4,True
arknights,amiya_(guard)_(arknights),arknights,legacy_appearance_pack,,True
arknights,amiya_(guard)_(in_a_myriad_of_universes)_(arknights),arknights,legacy_appearance_pack,,True
arknights,amiya_(in_a_myriad_of_universes)_(arknights),arknights,released_skin_official_name,char_1001_amiya2@sale#16,False
arknights,amiya_(medic)_(arknights),arknights,legacy_appearance_pack,,True
arknights,amiya_(medic)_(solo_around_the_world)_(arknights),arknights,legacy_appearance_pack,,True
arknights,amiya_(newsgirl)_(arknights),arknights,legacy_appearance_pack+released_skin+danbooru_tag,char_002_amiya@winter#1,True
arknights,amiya_(seedsower)_(arknights),arknights,released_skin+danbooru_tag,char_002_amiya@test#1,True
arknights,amiya_(solo_around_the_world)_(arknights),arknights,released_skin_official_name,char_1037_amiya3@sale#13,False
arknights,amiya_(young)_(arknights),arknights,legacy_appearance_pack,,True
arknights,amiya_(触及星辰)_(arknights),arknights,released_skin_official_name,char_1001_amiya2@casc#1,False
arknights,angelina_(arknights),arknights,legacy_appearance_pack+released_skin+danbooru_tag,char_291_aglina#1+char_291_aglina#2,True
arknights,angelina_(distinguished_visitor)_(arknights),arknights,released_skin+danbooru_tag,char_291_aglina@boc#1,True
arknights,angelina_(summer_flower)_(arknights),arknights,legacy_appearance_pack,,True
arknights,angelina_(summer_flowers_fa017)_(arknights),arknights,released_skin_official_name,char_291_aglina@summer#5,False
arknights,angelina_the_mellow_wish_(arknights),arknights,legacy_appearance_pack,,True
arknights,april_(arknights),arknights,legacy_appearance_pack+released_skin+danbooru_tag,char_365_aprl#1+char_365_aprl#2,True
arknights,april_(faraway_gaze)_(arknights),arknights,released_skin+danbooru_tag,char_365_aprl@wild#3,True
arknights,archetto_(arknights),arknights,legacy_appearance_pack+released_skin+danbooru_tag,char_332_archet#1+char_332_archet#2,True
arknights,archetto_(glory_of_the_devout)_(arknights),arknights,released_skin+danbooru_tag,char_332_archet@sale#14,True
arknights,archetto_(publicity_strategy)_(arknights),arknights,legacy_appearance_pack+released_skin+danbooru_tag,char_332_archet@shining#1,True
arknights,aroma_(arknights),arknights,legacy_appearance_pack+released_skin+danbooru_tag,char_446_aroma#1+char_446_aroma#2,True
arknights,aroma_(舒心野趣)_(arknights),arknights,released_skin_official_name,char_446_aroma@epoque#54,False
arknights,asbestos_(arknights),arknights,legacy_appearance_pack+released_skin+danbooru_tag,char_378_asbest#1+char_378_asbest#2,True
arknights,asbestos_(glen_sonata)_(arknights),arknights,released_skin+danbooru_tag,char_378_asbest@whirlwind#3,True
arknights,ascalon_(arknights),arknights,legacy_appearance_pack+released_skin+danbooru_tag,char_4132_ascln#1+char_4132_ascln#2,True
arknights,ascalon_(phototaxis)_(arknights),arknights,released_skin+danbooru_tag,char_4132_ascln@iteration#4,True
arknights,ashlock_(arknights),arknights,legacy_appearance_pack+released_skin+danbooru_tag,char_431_ashlok#1+char_431_ashlok#2,True
arknights,ashlock_(lances_of_kaliskas)_(arknights),arknights,released_skin+danbooru_tag,char_431_ashlok@epoque#28,True
arknights,astesia_(arknights),arknights,legacy_appearance_pack+released_skin+danbooru_tag,char_274_astesi#1+char_274_astesi#2,True
arknights,astesia_(fantastic_crafts)_(arknights),arknights,released_skin+danbooru_tag,char_274_astesi@epoque#23,True
arknights,astesia_(frlibe_on_the_palace)_(arknights),arknights,legacy_appearance_pack+released_skin+danbooru_tag,char_274_astesi@shining#1,True
arknights,astesia_(starseeker)_(arknights),arknights,released_skin+danbooru_tag,char_274_astesi@epoque#5,True
arknights,astgenne_(arknights),arknights,legacy_appearance_pack+released_skin+danbooru_tag,char_135_halo#1+char_135_halo#2,True
arknights,astgenne_(her_aspiration)_(arknights),arknights,released_skin+danbooru_tag,char_135_halo@epoque#25,True
arknights,aurora_(arknights),arknights,legacy_appearance_pack+released_skin+danbooru_tag,char_422_aurora#1+char_422_aurora#2,True
arknights,aurora_(polar_catcher)_(arknights),arknights,released_skin+danbooru_tag,char_422_aurora@boc#4,True
arknights,bagpipe_(arknights),arknights,legacy_appearance_pack+released_skin+danbooru_tag,char_222_bpipe#1+char_222_bpipe#2,True
arknights,bagpipe_(echo_of_bagpipes)_(arknights),arknights,released_skin+danbooru_tag,char_222_bpipe@epoque#40,True
arknights,bagpipe_(queen_no._1)_(arknights),arknights,legacy_appearance_pack+released_skin_official_name,char_222_bpipe@race#1,True
arknights,bagpipe_(royal_guardswoman)_(arknights),arknights,released_skin+danbooru_tag,char_222_bpipe@epoque#28,True
arknights,beagle_(arknights),arknights,legacy_appearance_pack+released_skin+danbooru_tag,char_122_beagle#1,True
arknights,beagle_(dreadnaught)_(arknights),arknights,released_skin+danbooru_tag,char_122_beagle@boc#1,True
arknights,beanstalk_(arknights),arknights,legacy_appearance_pack+released_skin+danbooru_tag,char_452_bstalk#1+char_452_bstalk#2,True
arknights,beanstalk_(gift_uncompleted)_(arknights),arknights,released_skin+danbooru_tag,char_452_bstalk@snow#4,True
arknights,beanstalk_(ribbons_of_promise)_(arknights),arknights,released_skin+danbooru_tag,char_452_bstalk@unveiling#4,True
arknights,beeswax_(arknights),arknights,legacy_appearance_pack+released_skin+danbooru_tag,char_344_beewax#1+char_344_beewax#2,True
arknights,beeswax_(holiday_hd61)_(arknights),arknights,released_skin_official_name,char_344_beewax@summer#11,False
arknights,beeswax_(weisser_sand)_(arknights),arknights,legacy_appearance_pack+released_skin+danbooru_tag,char_344_beewax@epoque#9,True
arknights,blaze_(arknights),arknights,legacy_appearance_pack+released_skin+danbooru_tag,char_017_huang#1+char_017_huang#2,True
arknights,blaze_(burst_feline)_(arknights),arknights,released_skin+danbooru_tag,char_017_huang@as#1,True
arknights,blaze_(explosive_blue_flame)_(arknights),arknights,released_skin+danbooru_tag,char_017_huang@witch#5,True
arknights,blaze_the_igniting_spark_(arknights),arknights,legacy_appearance_pack+released_skin+danbooru_tag,char_1040_blaze2#1+char_1040_blaze2#2,True
arknights,blaze_the_igniting_spark_(homecoming_night)_(arknights),arknights,released_skin+danbooru_tag,char_1040_blaze2@winter#5,True
arknights,blemishine_(arknights),arknights,legacy_appearance_pack+released_skin+danbooru_tag,char_423_blemsh#1+char_423_blemsh#2,True
arknights,blemishine_(moon_catastrborn)_(arknights),arknights,legacy_appearance_pack+released_skin+danbooru_tag,char_423_blemsh@witch#2,True
arknights,blemishine_(善良坚强之心)_(arknights),arknights,released_skin_official_name,char_423_blemsh@littlePony#1,False
arknights,blue_poison_(arknights),arknights,legacy_appearance_pack+released_skin+danbooru_tag,char_129_bluep#1+char_129_bluep#2,True
arknights,blue_poison_(nocturne_of_elysia)_(arknights),arknights,released_skin+danbooru_tag,char_129_bluep@iteration#2,True
arknights,blue_poison_(shoal_beat)_(arknights),arknights,legacy_appearance_pack+released_skin+danbooru_tag,char_129_bluep@marthe#3,True
arknights,caper_(arknights),arknights,legacy_appearance_pack+released_skin+danbooru_tag,char_4100_caper#1+char_4100_caper#2,True
arknights,caper_(summer_flowers_fa083)_(arknights),arknights,released_skin_official_name,char_4100_caper@summer#18,False
arknights,cardigan_(arknights),arknights,legacy_appearance_pack+released_skin+danbooru_tag,char_209_ardign#1,True
arknights,cardigan_(cheerful_guardian)_(arknights),arknights,released_skin+danbooru_tag,char_209_ardign@snow#1,True
arknights,cardigan_(sunny_day)_(arknights),arknights,released_skin+danbooru_tag,char_209_ardign@epoque#26,True
arknights,carnelian_(arknights),arknights,legacy_appearance_pack+released_skin+danbooru_tag,char_426_billro#1+char_426_billro#2,True
arknights,carnelian_(hohenlohe_chillysand)_(arknights),arknights,released_skin+danbooru_tag,char_426_billro@snow#3,True
arknights,carnelian_(shimmering_dew)_(arknights),arknights,legacy_appearance_pack,,True
arknights,carnelian_(shining_dew_sd08)_(arknights),arknights,released_skin_official_name,char_426_billro@summer#8,False
arknights,ceobe_(arknights),arknights,legacy_appearance_pack+released_skin+danbooru_tag,char_2013_cerber#1+char_2013_cerber#2,True
arknights,ceobe_(summer_flowers)_(arknights),arknights,legacy_appearance_pack,,True
arknights,ceobe_(summer_flowers_fa333)_(arknights),arknights,released_skin_official_name,char_2013_cerber@summer#4,False
arknights,ceobe_(unfettered)_(arknights),arknights,legacy_appearance_pack+released_skin+danbooru_tag,char_2013_cerber@whirlwind#2,True
arknights,ceylon_(arknights),arknights,legacy_appearance_pack+released_skin+danbooru_tag,char_348_ceylon#1+char_348_ceylon#2,True
arknights,ceylon_(holiday)_(arknights),arknights,legacy_appearance_pack,,True
arknights,ceylon_(holiday_hd49)_(arknights),arknights,released_skin_official_name,char_348_ceylon@summer#13,False
arknights,ch'en_(after_storm)_(arknights),arknights,released_skin+danbooru_tag,char_010_chen@sale#10,True
arknights,ch'en_(ageless_afterglow)_(arknights),arknights,legacy_appearance_pack+released_skin+danbooru_tag,char_010_chen@nian#2,True
arknights,ch'en_(arknights),arknights,legacy_appearance_pack+released_skin+danbooru_tag,char_010_chen#1+char_010_chen#2,True
arknights,ch'en_(summer)_(arknights),arknights,legacy_appearance_pack,,True
arknights,ch'en_the_holungday_(arknights),arknights,legacy_appearance_pack+released_skin+danbooru_tag,char_1013_chen2#1+char_1013_chen2#2,True
arknights,ch'en_the_holungday_(holiday_hd79)_(arknights),arknights,released_skin_official_name,char_1013_chen2@summer#20,False
arknights,ch'en_the_holungday_(ten_thousand_mountains)_(arknights),arknights,released_skin+danbooru_tag,char_1013_chen2@boc#6,True
arknights,click_(arknights),arknights,legacy_appearance_pack+released_skin+danbooru_tag,char_328_cammou#1+char_328_cammou#2,True
arknights,click_(grave_thief)_(arknights),arknights,released_skin+danbooru_tag,char_328_cammou@witch#2,True
arknights,click_(悠然假日_hd59)_(arknights),arknights,released_skin_official_name,char_328_cammou@summer#22,False
arknights,cliffheart_(arknights),arknights,legacy_appearance_pack+released_skin+danbooru_tag,char_173_slchan#1+char_173_slchan#2,True
arknights,cliffheart_(highlands_visitor)_(arknights),arknights,released_skin+danbooru_tag,char_173_slchan@wwf#1,True
arknights,cliffheart_(lone_climber)_(arknights),arknights,released_skin+danbooru_tag,char_173_slchan@wild#1,True
arknights,closure_(arknights),arknights,legacy_appearance_pack,,True
arknights,croissant_(arknights),arknights,legacy_appearance_pack+released_skin+danbooru_tag,char_201_moeshd#1+char_201_moeshd#2,True
arknights,croissant_(seeker_sk03)_(arknights),arknights,released_skin_official_name,char_201_moeshd@summer#4,False
arknights,croissant_(seven_in_the_morning)_(arknights),arknights,released_skin+danbooru_tag,char_201_moeshd@kfc#1,True
arknights,crownslayer_(arknights),arknights,legacy_appearance_pack+released_skin+danbooru_tag,char_1502_crosly#1+char_1502_crosly#2,True
arknights,crownslayer_(the_dark_night_terminator)_(arknights),arknights,released_skin+danbooru_tag,char_1502_crosly@iteration#5,True
arknights,cutter_(arknights),arknights,legacy_appearance_pack+released_skin+danbooru_tag,char_301_cutter#1+char_301_cutter#2,True
arknights,cutter_(wiping_knife)_(arknights),arknights,released_skin+danbooru_tag,char_301_cutter@marthe#8,True
arknights,dagda_(arknights),arknights,legacy_appearance_pack+released_skin+danbooru_tag,char_157_dagda#1+char_157_dagda#2,True
arknights,deepcolor_(arknights),arknights,legacy_appearance_pack+released_skin+danbooru_tag,char_110_deepcl#1+char_110_deepcl#2,True
arknights,deepcolor_(melodic_portrayal)_(arknights),arknights,released_skin+danbooru_tag,char_110_deepcl@winter#3,True
arknights,degenbrecher_(arknights),arknights,legacy_appearance_pack+released_skin+danbooru_tag,char_4116_blkkgt#1+char_4116_blkkgt#2,True
arknights,degenbrecher_(the_shadow_of_the_dark_moon)_(arknights),arknights,released_skin+danbooru_tag,char_4116_blkkgt@witch#5,True
arknights,dobermann_(arknights),arknights,legacy_appearance_pack+released_skin+danbooru_tag,char_130_doberm#1+char_130_doberm#2,True
arknights,dobermann_(lieutenant)_(arknights),arknights,released_skin+danbooru_tag,char_130_doberm@epoque#7,True
arknights,dorothy_(arknights),arknights,legacy_appearance_pack+released_skin+danbooru_tag,char_4048_doroth#1+char_4048_doroth#2,True
arknights,dorothy_(hand_of_destiny)_(arknights),arknights,legacy_appearance_pack+released_skin+danbooru_tag,char_4048_doroth@witch#4,True
arknights,dur-nar_(arknights),arknights,legacy_appearance_pack+released_skin+danbooru_tag,char_260_durnar#1+char_260_durnar#2,True
arknights,dur-nar_(plush_cake)_(arknights),arknights,released_skin+danbooru_tag,char_260_durnar@epoque#42,True
arknights,durin_(arknights),arknights,legacy_appearance_pack+released_skin+danbooru_tag,char_501_durin#1,True
arknights,dusk_(arknights),arknights,legacy_appearance_pack+released_skin+danbooru_tag,char_2015_dusk#1+char_2015_dusk#2,True
arknights,dusk_(everything_is_a_miracle)_(arknights),arknights,legacy_appearance_pack+released_skin+danbooru_tag,char_2015_dusk@nian#7,True
arknights,dusk_(hazy_jade)_(arknights),arknights,released_skin+danbooru_tag,char_2015_dusk@nian#12,True
arknights,earthspirit_(arknights),arknights,legacy_appearance_pack+released_skin+danbooru_tag,char_183_skgoat#1+char_183_skgoat#2,True
arknights,earthspirit_(major_field)_(arknights),arknights,released_skin+danbooru_tag,char_183_skgoat@epoque#30,True
arknights,entelechia_(arknights),arknights,legacy_appearance_pack+released_skin+danbooru_tag,char_4010_etlchi#1+char_4010_etlchi#2,True
arknights,entelechia_(dazzling_blue)_(arknights),arknights,released_skin+danbooru_tag,char_4010_etlchi@winter#5,True
arknights,eunectes_(arknights),arknights,legacy_appearance_pack+released_skin+danbooru_tag,char_416_zumama#1+char_416_zumama#2,True
arknights,eunectes_(forgemaster)_(arknights),arknights,legacy_appearance_pack+released_skin+danbooru_tag,char_416_zumama@boc#3,True
arknights,exusiai_(arknights),arknights,legacy_appearance_pack+released_skin+danbooru_tag,char_103_angel#1+char_103_angel#2,True
arknights,exusiai_(city_rider)_(arknights),arknights,legacy_appearance_pack+released_skin+danbooru_tag,char_103_angel@kfc#1,True
arknights,exusiai_(midnight_delivery)_(arknights),arknights,released_skin+danbooru_tag,char_103_angel@sale#8,True
arknights,exusiai_(wild_operation)_(arknights),arknights,released_skin+danbooru_tag,char_103_angel@wild#1,True
arknights,exusiai_the_new_covenant_(arknights),arknights,legacy_appearance_pack+released_skin+danbooru_tag,char_1041_angel2#1+char_1041_angel2#2,True
arknights,exusiai_the_new_covenant_(寻翼之歌)_(arknights),arknights,released_skin_official_name,char_1041_angel2@iteration#6,False
arknights,eyjafjalla_(arknights),arknights,legacy_appearance_pack+released_skin+danbooru_tag,char_180_amgoat#1+char_180_amgoat#2,True
arknights,eyjafjalla_(fluffy_little_witch)_(arknights),arknights,released_skin+danbooru_tag,char_180_amgoat@sanrio#2,True
arknights,eyjafjalla_(summer_flower)_(arknights),arknights,legacy_appearance_pack,,True
arknights,eyjafjalla_(summer_flowers_fa018)_(arknights),arknights,released_skin_official_name,char_180_amgoat@summer#5,False
arknights,eyjafjalla_the_hvit_aska_(a_picnic_before_a_long_trip)_(arknights),arknights,released_skin+danbooru_tag,char_1016_agoat2@epoque#34,True
arknights,eyjafjalla_the_hvit_aska_(arknights),arknights,legacy_appearance_pack+released_skin+danbooru_tag,char_1016_agoat2#1+char_1016_agoat2#2,True
arknights,eyjafjalla_the_hvit_aska_(后来的故事)_(arknights),arknights,released_skin_official_name,char_1016_agoat2@epoque#57,False
arknights,fang_(arknights),arknights,legacy_appearance_pack+released_skin+danbooru_tag,char_123_fang#1,True
arknights,fang_(cruciata)_(arknights),arknights,released_skin+danbooru_tag,char_123_fang@winter#1,True
arknights,fartooth_(arknights),arknights,legacy_appearance_pack+released_skin+danbooru_tag,char_430_fartth#1+char_430_fartth#2,True
arknights,fartooth_(hear_the_wind_sing)_(arknights),arknights,released_skin+danbooru_tag,char_430_fartth@whirlwind#5,True
arknights,feater_(arknights),arknights,legacy_appearance_pack+released_skin+danbooru_tag,char_241_panda#1+char_241_panda#2,True
arknights,feater_(dojo_star)_(arknights),arknights,released_skin+danbooru_tag,char_241_panda@marthe#1,True
arknights,feater_(gourmet)_(arknights),arknights,released_skin+danbooru_tag,char_241_panda@nian#7,True
arknights,fiammetta_(arknights),arknights,legacy_appearance_pack+released_skin+danbooru_tag,char_300_phenxi#1+char_300_phenxi#2,True
arknights,fiammetta_(divine_oath)_(arknights),arknights,released_skin+danbooru_tag,char_300_phenxi@witch#4,True
arknights,fiammetta_(judgment_day)_(arknights),arknights,released_skin+danbooru_tag,char_300_phenxi@boc#9,True
arknights,firewatch_(arknights),arknights,legacy_appearance_pack+released_skin+danbooru_tag,char_158_milu#1+char_158_milu#2,True
arknights,firewatch_(snowywatch)_(arknights),arknights,released_skin+danbooru_tag,char_158_milu@snow#2,True
arknights,firewatch_(wilted_cypress)_(arknights),arknights,released_skin+danbooru_tag,char_158_milu@wild#2,True
arknights,flametail_(arknights),arknights,legacy_appearance_pack+released_skin+danbooru_tag,char_420_flamtl#1+char_420_flamtl#2,True
arknights,flametail_(sport_for_all)_(arknights),arknights,released_skin+danbooru_tag,char_420_flamtl@game#2,True
arknights,flint_(arknights),arknights,legacy_appearance_pack+released_skin+danbooru_tag,char_415_flint#1+char_415_flint#2,True
arknights,flint_(gorgeous_flower)_(arknights),arknights,released_skin+danbooru_tag,char_415_flint@boc#3,True
arknights,folinic_(arknights),arknights,legacy_appearance_pack+released_skin+danbooru_tag,char_345_folnic#1+char_345_folnic#2,True
arknights,folinic_(lasting_arrowroot)_(arknights),arknights,released_skin+danbooru_tag,char_345_folnic@wild#4,True
arknights,franka_(arknights),arknights,legacy_appearance_pack+released_skin+danbooru_tag,char_106_franka#1+char_106_franka#2,True
arknights,franka_(rainforest_me_rainbow)_(arknights),arknights,released_skin+danbooru_tag,char_106_franka@ncg#1,True
arknights,frostleaf_(arknights),arknights,legacy_appearance_pack+released_skin+danbooru_tag,char_193_frostl#1+char_193_frostl#2,True
arknights,frostleaf_(breaking_the_ice)_(arknights),arknights,released_skin+danbooru_tag,char_193_frostl@boc#4,True
arknights,frostnova_(arknights),arknights,legacy_appearance_pack,,True
arknights,gavial_(arknights),arknights,legacy_appearance_pack+released_skin+danbooru_tag,char_187_ccheal#1+char_187_ccheal#2,True
arknights,gavial_(combat_medic)_(arknights),arknights,released_skin+danbooru_tag,char_187_ccheal@epoque#2,True
arknights,gavial_(summer)_(arknights),arknights,legacy_appearance_pack,,True
arknights,gavial_the_invincible_(arknights),arknights,legacy_appearance_pack+released_skin+danbooru_tag,char_1026_gvial2#1+char_1026_gvial2#2,True
arknights,gavial_the_invincible_(holiday_hd26)_(arknights),arknights,released_skin_official_name,char_1026_gvial2@summer#12,False
arknights,gitano_(arknights),arknights,legacy_appearance_pack+released_skin+danbooru_tag,char_109_fmout#1+char_109_fmout#2,True
arknights,gitano_(unknown_journey)_(arknights),arknights,released_skin+danbooru_tag,char_109_fmout@epoque#2,True
arknights,gladiia_(arknights),arknights,legacy_appearance_pack+released_skin+danbooru_tag,char_474_glady#1+char_474_glady#2,True
arknights,gladiia_(i_am_the_tides)_(arknights),arknights,legacy_appearance_pack+released_skin+danbooru_tag,char_474_glady@epoque#33,True
arknights,gladiia_(return)_(arknights),arknights,released_skin+danbooru_tag,char_474_glady@boc#5,True
arknights,glaucus_(arknights),arknights,legacy_appearance_pack+released_skin+danbooru_tag,char_326_glacus#1+char_326_glacus#2,True
arknights,glaucus_(exterminator_in_the_square)_(arknights),arknights,released_skin+danbooru_tag,char_326_glacus@ghost#1,True
arknights,goldenglow_(arknights),arknights,legacy_appearance_pack+released_skin+danbooru_tag,char_377_gdglow#1+char_377_gdglow#2,True
arknights,goldenglow_(maiden_for_the_bright_night)_(arknights),arknights,legacy_appearance_pack+released_skin+danbooru_tag,char_377_gdglow@snow#5,True
arknights,goldenglow_(party_in_the_garden)_(arknights),arknights,released_skin+danbooru_tag,char_377_gdglow@sanrio#1,True
arknights,goldenglow_(summer_flowers)_(arknights),arknights,legacy_appearance_pack,,True
arknights,goldenglow_(summer_flowers_fa394)_(arknights),arknights,released_skin_official_name,char_377_gdglow@summer#12,False
arknights,grain_buds_(arknights),arknights,legacy_appearance_pack+released_skin+danbooru_tag,char_4122_grabds#1+char_4122_grabds#2,True
arknights,grain_buds_(fragrant_pace)_(arknights),arknights,released_skin+danbooru_tag,char_4122_grabds@yun#3,True
arknights,grani_(arknights),arknights,legacy_appearance_pack+released_skin+danbooru_tag,char_220_grani#1+char_220_grani#2,True
arknights,grani_(miraculous_moment)_(arknights),arknights,released_skin+danbooru_tag,char_220_grani@epoque#6,True
arknights,gravel_(arknights),arknights,legacy_appearance_pack+released_skin+danbooru_tag,char_237_gravel#1+char_237_gravel#2,True
arknights,gravel_(modeling_night)_(arknights),arknights,released_skin+danbooru_tag,char_237_gravel@winter#2,True
arknights,greythroat_(arknights),arknights,legacy_appearance_pack+released_skin+danbooru_tag,char_367_swllow#1+char_367_swllow#2,True
arknights,greythroat_(homecoming)_(arknights),arknights,released_skin+danbooru_tag,char_367_swllow@boc#1,True
arknights,gummy_(arknights),arknights,legacy_appearance_pack,,True
arknights,gummy_(summer_flowers)_(arknights),arknights,legacy_appearance_pack,,True
arknights,harmonie_(arknights),arknights,legacy_appearance_pack+released_skin+danbooru_tag,char_297_hamoni#1+char_297_hamoni#2,True
arknights,harmonie_(decoration)_(arknights),arknights,released_skin+danbooru_tag,char_297_hamoni@unveiling#1,True
arknights,harmonie_(invitation)_(arknights),arknights,legacy_appearance_pack+released_skin+danbooru_tag,char_297_hamoni@epoque#24,True
arknights,haruka_(arknights),arknights,legacy_appearance_pack+released_skin+danbooru_tag,char_4202_haruka#1+char_4202_haruka#2,True
arknights,haruka_(常世之幻)_(arknights),arknights,released_skin_official_name,char_4202_haruka@iteration#6,False
arknights,heavyrain_(arknights),arknights,legacy_appearance_pack+released_skin+danbooru_tag,char_304_zebra#1+char_304_zebra#2,True
arknights,heavyrain_(tranquil_moss)_(arknights),arknights,released_skin+danbooru_tag,char_304_zebra@wild#6,True
arknights,heidi_(a_thousand_correspondences)_(arknights),arknights,released_skin+danbooru_tag,char_4045_heidi@epoque#24,True
arknights,heidi_(arknights),arknights,legacy_appearance_pack+released_skin+danbooru_tag,char_4045_heidi#1+char_4045_heidi#2,True
arknights,hibiscus_(arknights),arknights,legacy_appearance_pack+released_skin+danbooru_tag,char_120_hibisc#1,True
arknights,hibiscus_(night_watcher)_(arknights),arknights,released_skin+danbooru_tag,char_120_hibisc@nian#1,True
arknights,hibiscus_the_purifier_(arknights),arknights,legacy_appearance_pack+released_skin+danbooru_tag,char_1024_hbisc2#1+char_1024_hbisc2#2,True
arknights,hibiscus_the_purifier_(romance_overflow)_(arknights),arknights,released_skin+danbooru_tag,char_1024_hbisc2@unveiling#2,True
arknights,hierda_(arknights),arknights,legacy_appearance_pack,,True
arknights,highmore_(arknights),arknights,legacy_appearance_pack+released_skin+danbooru_tag,char_4066_highmo#1+char_4066_highmo#2,True
arknights,highmore_(stranded)_(arknights),arknights,released_skin+danbooru_tag,char_4066_highmo@epoque#45,True
arknights,highmore_(the_land_with_me)_(arknights),arknights,released_skin+danbooru_tag,char_4066_highmo@nian#10,True
arknights,ho'olheyak_(arknights),arknights,legacy_appearance_pack+released_skin+danbooru_tag,char_4027_heyak#1+char_4027_heyak#2,True
arknights,ho'olheyak_(carriage_of_the_winds_of_time)_(arknights),arknights,legacy_appearance_pack+released_skin+danbooru_tag,char_4027_heyak@ambienceSynesthesia#4,True
arknights,ho'olheyak_(ritual_of_immortality)_(arknights),arknights,released_skin+danbooru_tag,char_4027_heyak@epoque#50,True
arknights,horn_(arknights),arknights,legacy_appearance_pack+released_skin+danbooru_tag,char_4039_horn#1+char_4039_horn#2,True
arknights,horn_(to_effloresce_whitely)_(arknights),arknights,released_skin+danbooru_tag,char_4039_horn@epoque#24,True
arknights,hoshiguma_(arknights),arknights,legacy_appearance_pack+released_skin+danbooru_tag,char_136_hsguma#1+char_136_hsguma#2,True
arknights,hoshiguma_(ronin_huntress)_(arknights),arknights,legacy_appearance_pack+released_skin+danbooru_tag,char_136_hsguma@nian#3,True
arknights,hoshiguma_(seeker_sk97)_(arknights),arknights,released_skin+danbooru_tag,char_136_hsguma@summer#16,True
arknights,hoshiguma_(summer)_(arknights),arknights,legacy_appearance_pack,,True
arknights,hoshiguma_the_breacher_(arknights),arknights,legacy_appearance_pack+released_skin+danbooru_tag,char_1044_hsgma2#1+char_1044_hsgma2#2,True
arknights,hoshiguma_the_breacher_(一闪极意)_(arknights),arknights,released_skin_official_name,char_1044_hsgma2@whirlwind#11,False
arknights,ifrit_(arknights),arknights,legacy_appearance_pack+released_skin+danbooru_tag,char_134_ifrit#1+char_134_ifrit#2,True
arknights,ifrit_(children's_party)_(arknights),arknights,released_skin+danbooru_tag,char_134_ifrit@kfc#1,True
arknights,ifrit_(relaxing_trip)_(arknights),arknights,released_skin+danbooru_tag,char_134_ifrit@rilakkuma#1,True
arknights,ifrit_(sunburn_ss_sp)_(arknights),arknights,released_skin_official_name,char_134_ifrit@summer#1,False
arknights,indigo_(arknights),arknights,legacy_appearance_pack+released_skin+danbooru_tag,char_469_indigo#1+char_469_indigo#2,True
arknights,indigo_(serene_day)_(arknights),arknights,released_skin+danbooru_tag,char_469_indigo@nian#7,True
arknights,indra_(arknights),arknights,legacy_appearance_pack+released_skin+danbooru_tag,char_155_tiger#1+char_155_tiger#2,True
arknights,indra_(valiant_general)_(arknights),arknights,released_skin+danbooru_tag,char_155_tiger@striker#2,True
arknights,ines_(arknights),arknights,legacy_appearance_pack+released_skin+danbooru_tag,char_4087_ines#1+char_4087_ines#2,True
arknights,ines_(melodic_flutter)_(arknights),arknights,released_skin+danbooru_tag,char_4087_ines@ambienceSynesthesia#5,True
arknights,ines_(under_the_flaming_dome)_(arknights),arknights,released_skin+danbooru_tag,char_4087_ines@boc#8,True
arknights,irene_(arknights),arknights,legacy_appearance_pack+released_skin+danbooru_tag,char_4009_irene#1+char_4009_irene#2,True
arknights,irene_(the_adjudicatrix_and_her_resolve)_(arknights),arknights,legacy_appearance_pack+released_skin+danbooru_tag,char_4009_irene@game#3,True
arknights,irene_(voyage_of_feathers)_(arknights),arknights,legacy_appearance_pack+released_skin+danbooru_tag,char_4009_irene@ambienceSynesthesia#3,True
arknights,istina_(arknights),arknights,legacy_appearance_pack,,True
arknights,istina_(bibliosmia)_(arknights),arknights,legacy_appearance_pack,,True
arknights,jacinta_(arknights),arknights,legacy_appearance_pack,,True
arknights,jessica_(arknights),arknights,legacy_appearance_pack+released_skin+danbooru_tag,char_235_jesica#1+char_235_jesica#2,True
arknights,jessica_(ash)_(arknights),arknights,released_skin+danbooru_tag,char_235_jesica@wild#2,True
arknights,jessica_(clivia)_(arknights),arknights,released_skin+danbooru_tag,char_235_jesica@nian#2,True
arknights,jessica_(iron_block)_(arknights),arknights,released_skin+danbooru_tag,char_235_jesica@sweep#1,True
arknights,jessica_the_liberated_(arknights),arknights,legacy_appearance_pack+released_skin+danbooru_tag,char_1034_jesca2#1+char_1034_jesca2#2,True
arknights,jessica_the_liberated_(ride_to_davistown)_(arknights),arknights,released_skin+danbooru_tag,char_1034_jesca2@cfa#1,True
arknights,jie_(arknights),arknights,legacy_appearance_pack,,True
arknights,jun_(arknights),arknights,legacy_appearance_pack,,True
arknights,kafka_(arknights),arknights,legacy_appearance_pack+released_skin+danbooru_tag,char_214_kafka#1+char_214_kafka#2,True
arknights,kafka_(cardboard_fairy)_(arknights),arknights,released_skin+danbooru_tag,char_214_kafka@snow#3,True
arknights,kal'tsit_(arknights),arknights,legacy_appearance_pack+released_skin+danbooru_tag,char_003_kalts#1+char_003_kalts#2,True
arknights,kal'tsit_(formal)_(arknights),arknights,legacy_appearance_pack,,True
arknights,kal'tsit_(remnant)_(arknights),arknights,released_skin+danbooru_tag,char_003_kalts@boc#6,True
arknights,kal'tsit_(the_remains_of_time)_(arknights),arknights,legacy_appearance_pack+released_skin+danbooru_tag,char_003_kalts@sale#14,True
arknights,kal'tsit_esperanta_(arknights),arknights,legacy_appearance_pack,,True
arknights,kazemaru_(arknights),arknights,legacy_appearance_pack+released_skin+danbooru_tag,char_4016_kazema#1+char_4016_kazema#2,True
arknights,kazemaru_(like_illusion)_(arknights),arknights,released_skin+danbooru_tag,char_4016_kazema@witch#3,True
arknights,kirara_(arknights),arknights,legacy_appearance_pack+released_skin+danbooru_tag,char_478_kirara#1+char_478_kirara#2,True
arknights,kirara_(trendsetting_player)_(arknights),arknights,released_skin+danbooru_tag,char_478_kirara@game#2,True
arknights,kirara_(轻闲快照)_(arknights),arknights,released_skin_official_name,char_478_kirara@epoque#57,False
arknights,kirin_r_yato_(arknights),arknights,legacy_appearance_pack+released_skin+danbooru_tag,char_1029_yato2#1+char_1029_yato2#2,True
arknights,kjera_(arknights),arknights,legacy_appearance_pack+released_skin+danbooru_tag,char_4013_kjera#1+char_4013_kjera#2,True
arknights,kjera_(ingenious_servant)_(arknights),arknights,released_skin+danbooru_tag,char_4013_kjera@epoque#18,True
arknights,kristen_(arknights),arknights,legacy_appearance_pack,,True
arknights,kroos_(arknights),arknights,legacy_appearance_pack+released_skin+danbooru_tag,char_124_kroos#1,True
arknights,kroos_(moonlit_voyage)_(arknights),arknights,released_skin+danbooru_tag,char_124_kroos@sale#14,True
arknights,kroos_(the_mag)_(arknights),arknights,released_skin+danbooru_tag,char_124_kroos@witch#1,True
arknights,kroos_the_keen_glint_(along_the_corridor)_(arknights),arknights,released_skin+danbooru_tag,char_1021_kroos2@nian#8,True
arknights,kroos_the_keen_glint_(arknights),arknights,legacy_appearance_pack+released_skin+danbooru_tag,char_1021_kroos2#1+char_1021_kroos2#2,True
arknights,kroos_the_keen_glint_(the_apprentice_and_her_aura)_(arknights),arknights,released_skin+danbooru_tag,char_1021_kroos2@game#3,True
arknights,la_pluma_(arknights),arknights,legacy_appearance_pack+released_skin+danbooru_tag,char_421_crow#1+char_421_crow#2,True
arknights,la_pluma_(summer_flowers)_(arknights),arknights,legacy_appearance_pack,,True
arknights,la_pluma_(summer_flowers_fa210)_(arknights),arknights,released_skin_official_name,char_421_crow@summer#9,False
arknights,lappland_(ambience_synesthesia_2021)_(arknights),arknights,legacy_appearance_pack,,True
arknights,lappland_(arknights),arknights,legacy_appearance_pack+released_skin+danbooru_tag,char_140_whitew#1+char_140_whitew#2,True
arknights,lappland_(refined_horrormare)_(arknights),arknights,legacy_appearance_pack+released_skin+danbooru_tag,char_140_whitew@boc#1,True
arknights,lappland_the_decadenza_(arknights),arknights,legacy_appearance_pack+released_skin+danbooru_tag,char_1038_whitw2#1+char_1038_whitw2#2,True
arknights,lappland_the_decadenza_(unruly_humbleness)_(arknights),arknights,released_skin+danbooru_tag,char_1038_whitw2@sale#15,True
arknights,lava_(arknights),arknights,legacy_appearance_pack+released_skin+danbooru_tag,char_121_lava#1,True
arknights,lava_(bunch_of_sunlight)_(arknights),arknights,released_skin+danbooru_tag,char_121_lava@sale#9,True
arknights,lava_the_purgatory_(arknights),arknights,legacy_appearance_pack+released_skin+danbooru_tag,char_1011_lava2#1+char_1011_lava2#2,True
arknights,lava_the_purgatory_(dusk_wisteria)_(arknights),arknights,released_skin+danbooru_tag,char_1011_lava2@nian#6,True
arknights,lava_the_purgatory_(purifying_flame)_(arknights),arknights,released_skin+danbooru_tag,char_1011_lava2@whirlwind#9,True
arknights,leizi_(arknights),arknights,legacy_appearance_pack+released_skin+danbooru_tag,char_306_leizi#1+char_306_leizi#2,True
arknights,leizi_(the_archivist_and_her_pilgrimage)_(arknights),arknights,released_skin+danbooru_tag,char_306_leizi@game#3,True
arknights,leizi_the_thunderbringer_(arknights),arknights,legacy_appearance_pack+released_skin+danbooru_tag,char_1043_leizi2#1+char_1043_leizi2#2,True
arknights,leizi_the_thunderbringer_(the_bloodwing_rose)_(arknights),arknights,released_skin+danbooru_tag,char_1043_leizi2@game#8,True
arknights,lemuen_(arknights),arknights,legacy_appearance_pack+released_skin+danbooru_tag,char_4193_lemuen#1+char_4193_lemuen#2,True
arknights,lemuen_(requiem_vesperis)_(arknights),arknights,legacy_appearance_pack+released_skin+danbooru_tag,char_4193_lemuen@ambienceSynesthesia#7,True
arknights,lin_(arknights),arknights,legacy_appearance_pack+released_skin+danbooru_tag,char_4080_lin#1+char_4080_lin#2,True
arknights,lin_(heavenly_mirage)_(arknights),arknights,released_skin+danbooru_tag,char_4080_lin@nian#10,True
arknights,lin_(summer)_(arknights),arknights,legacy_appearance_pack,,True
arknights,lin_(summer_flowers_fa137)_(arknights),arknights,released_skin_official_name,char_4080_lin@summer#19,False
arknights,lin_(求知的魔法)_(arknights),arknights,released_skin_official_name,char_4080_lin@littlePony#1,False
arknights,ling_(a_gallant_dream)_(arknights),arknights,released_skin+danbooru_tag,char_2023_ling@nian#12,True
arknights,ling_(arknights),arknights,legacy_appearance_pack+released_skin+danbooru_tag,char_2023_ling#1+char_2023_ling#2,True
arknights,ling_(it_does_wash_the_strings)_(arknights),arknights,released_skin+danbooru_tag,char_2023_ling@nian#9,True
arknights,ling_(towering_is_cliff_of_nostalgia)_(arknights),arknights,released_skin+danbooru_tag,char_2023_ling@ncg#1,True
arknights,liskarm_(arknights),arknights,legacy_appearance_pack+released_skin+danbooru_tag,char_107_liskam#1+char_107_liskam#2,True
arknights,liskarm_(overload)_(arknights),arknights,released_skin+danbooru_tag,char_107_liskam@striker#1,True
arknights,liskarm_(spring_vouivre)_(arknights),arknights,released_skin+danbooru_tag,char_107_liskam@nian#2,True
arknights,magallan_(arknights),arknights,legacy_appearance_pack+released_skin+danbooru_tag,char_248_mgllan#1+char_248_mgllan#2,True
arknights,magallan_(shaved-ice_memories)_(arknights),arknights,released_skin+danbooru_tag,char_248_mgllan@kitchen#1,True
arknights,mandragora_(arknights),arknights,legacy_appearance_pack,,True
arknights,manticore_(arknights),arknights,legacy_appearance_pack+released_skin+danbooru_tag,char_215_mantic#1+char_215_mantic#2,True
arknights,manticore_(invisible_dirge)_(arknights),arknights,released_skin+danbooru_tag,char_215_mantic@epoque#4,True
arknights,manticore_(under_a_veil)_(arknights),arknights,legacy_appearance_pack+released_skin+danbooru_tag,char_215_mantic@epoque#19,True
arknights,mantra_(arknights),arknights,legacy_appearance_pack+released_skin+danbooru_tag,char_4204_mantra#1+char_4204_mantra#2,True
arknights,marcille_donato,arknights,legacy_appearance_pack,,True
arknights,mayer_(arknights),arknights,legacy_appearance_pack+released_skin+danbooru_tag,char_242_otter#1+char_242_otter#2,True
arknights,mayer_(visionblazer_in_the_courtyard)_(arknights),arknights,released_skin+danbooru_tag,char_242_otter@ghost#1,True
arknights,melantha_(arknights),arknights,legacy_appearance_pack+released_skin+danbooru_tag,char_208_melan#1,True
arknights,melantha_(letters_from_wessex)_(arknights),arknights,released_skin+danbooru_tag,char_208_melan@epoque#1,True
arknights,meteor_(arknights),arknights,legacy_appearance_pack+released_skin+danbooru_tag,char_126_shotst#1+char_126_shotst#2,True
arknights,meteor_(bard's_holiday)_(arknights),arknights,released_skin+danbooru_tag,char_126_shotst@epoque#10,True
arknights,meteor_(gwiazdcytrony)_(arknights),arknights,released_skin+danbooru_tag,char_126_shotst@epoque#28,True
arknights,meteorite_(arknights),arknights,legacy_appearance_pack+released_skin+danbooru_tag,char_219_meteo#1+char_219_meteo#2,True
arknights,meteorite_(graphite)_(arknights),arknights,released_skin+danbooru_tag,char_219_meteo@sweep#1,True
arknights,meteorite_(夏卉_fa240)_(arknights),arknights,released_skin_official_name,char_219_meteo@summer#22,False
arknights,mint_(arknights),arknights,legacy_appearance_pack+released_skin+danbooru_tag,char_388_mint#1+char_388_mint#2,True
arknights,mint_(private_study)_(arknights),arknights,released_skin+danbooru_tag,char_388_mint@epoque#30,True
arknights,mint_(tsukiyoi)_(arknights),arknights,released_skin+danbooru_tag,char_388_mint@epoque#22,True
arknights,mio_(arknights),arknights,legacy_appearance_pack,,True
arknights,misumi_uika,arknights,legacy_appearance_pack+released_skin+danbooru_tag,char_4184_dolris#1+char_4184_dolris#2,True
arknights,misumi_uika_(caged_singer)_(arknights),arknights,released_skin_official_name,char_4184_dolris@avemujica#1,False
arknights,moira_(arknights),arknights,legacy_appearance_pack,,True
arknights,mon3tr_(arknights),arknights,legacy_appearance_pack+released_skin+danbooru_tag,char_4179_monstr#1+char_4179_monstr#2,True
arknights,mon3tr_(summon)_(arknights),arknights,legacy_appearance_pack,,True
arknights,mon3tr_(锋锐)_(arknights),arknights,released_skin_official_name,char_4179_monstr@boc#11,False
arknights,mostima_(arknights),arknights,legacy_appearance_pack+released_skin+danbooru_tag,char_213_mostma#1+char_213_mostma#2,True
arknights,mostima_(ethereal_harmony)_(arknights),arknights,released_skin+danbooru_tag,char_213_mostma@ambienceSynesthesia#6,True
arknights,mostima_(spellbreaker)_(arknights),arknights,released_skin+danbooru_tag,char_213_mostma@epoque#5,True
arknights,mousse_(arknights),arknights,legacy_appearance_pack+released_skin+danbooru_tag,char_185_frncat#1+char_185_frncat#2,True
arknights,mousse_(campfire_cooking_smoke)_(arknights),arknights,released_skin+danbooru_tag,char_185_frncat@wild#7,True
arknights,mousse_(hydration_time)_(arknights),arknights,released_skin+danbooru_tag,char_185_frncat@marthe#12,True
arknights,mudrock_(arknights),arknights,legacy_appearance_pack+released_skin+danbooru_tag,char_311_mudrok#1+char_311_mudrok#2,True
arknights,mudrock_(elite_ii)_(arknights),arknights,legacy_appearance_pack,,True
arknights,mudrock_(obsidian)_(arknights),arknights,legacy_appearance_pack+released_skin+danbooru_tag,char_311_mudrok@ambienceSynesthesia#2,True
arknights,mudrock_(rubble)_(arknights),arknights,released_skin+danbooru_tag,char_311_mudrok@wild#10,True
arknights,mudrock_(silent_night)_(arknights),arknights,legacy_appearance_pack,,True
arknights,mudrock_(silent_night_dn06)_(arknights),arknights,released_skin_official_name,char_311_mudrok@summer#6,False
arknights,muelsyse_(arknights),arknights,legacy_appearance_pack+released_skin+danbooru_tag,char_249_mlyss#1+char_249_mlyss#2,True
arknights,muelsyse_(golden_reverie)_(arknights),arknights,released_skin+danbooru_tag,char_249_mlyss@ambienceSynesthesia#6,True
arknights,muelsyse_(young_branch)_(arknights),arknights,released_skin+danbooru_tag,char_249_mlyss@boc#8,True
arknights,mulberry_(arknights),arknights,legacy_appearance_pack+released_skin+danbooru_tag,char_473_mberry#1+char_473_mberry#2,True
arknights,mulberry_(plant_crude_drug)_(arknights),arknights,released_skin+danbooru_tag,char_473_mberry@epoque#14,True
arknights,mulberry_(reflection_that_of_the_moons)_(arknights),arknights,released_skin+danbooru_tag,char_473_mberry@nian#9,True
arknights,myrtle_(arknights),arknights,legacy_appearance_pack+released_skin+danbooru_tag,char_151_myrtle#1+char_151_myrtle#2,True
arknights,myrtle_(bustling_festival)_(arknights),arknights,released_skin+danbooru_tag,char_151_myrtle@taiko#1,True
arknights,myrtle_(light_gold_celebration)_(arknights),arknights,released_skin+danbooru_tag,char_151_myrtle@epoque#12,True
arknights,myrtle_(summer_flowers)_(arknights),arknights,legacy_appearance_pack,,True
arknights,myrtle_(summer_flowers_fa062)_(arknights),arknights,released_skin_official_name,char_151_myrtle@summer#12,False
arknights,nasti_(arknights),arknights,legacy_appearance_pack+released_skin+danbooru_tag,char_4212_nasti#1+char_4212_nasti#2,True
arknights,nearl_(arknights),arknights,legacy_appearance_pack+released_skin+danbooru_tag,char_148_nearl#1+char_148_nearl#2,True
arknights,nearl_(shining_dew_sd01)_(arknights),arknights,released_skin_official_name,char_148_nearl@summer#2,False
arknights,nearl_the_radiant_knight_(arknights),arknights,legacy_appearance_pack+released_skin+danbooru_tag,char_1014_nearl2#1+char_1014_nearl2#2,True
arknights,nearl_the_radiant_knight_(relight)_(arknights),arknights,released_skin+danbooru_tag,char_1014_nearl2@epoque#17,True
arknights,necrass_(arknights),arknights,legacy_appearance_pack+released_skin+danbooru_tag,char_450_necras#1+char_450_necras#2,True
arknights,necrass_(as_clear_as_crystal)_(arknights),arknights,released_skin+danbooru_tag,char_450_necras@ambienceSynesthesia#7,True
arknights,necrass_(summer_flowers_fa161)_(arknights),arknights,released_skin_official_name,char_450_necras@summer#20,False
arknights,nian_(arknights),arknights,legacy_appearance_pack+released_skin+danbooru_tag,char_2014_nian#1+char_2014_nian#2,True
arknights,nian_(thunderbolt_director)_(arknights),arknights,released_skin+danbooru_tag,char_2014_nian@cfa#1,True
arknights,nian_(unfettered_freedom)_(arknights),arknights,legacy_appearance_pack+released_skin+danbooru_tag,char_2014_nian@nian#4,True
arknights,nightingale_(an_elegy)_(arknights),arknights,released_skin+danbooru_tag,char_179_cgbird@witch#1,True
arknights,nightingale_(arknights),arknights,legacy_appearance_pack+released_skin+danbooru_tag,char_179_cgbird#1+char_179_cgbird#2,True
arknights,nightingale_(iakhu_of_flows)_(arknights),arknights,released_skin+danbooru_tag,char_179_cgbird@sightseer#1,True
arknights,nightmare_(arknights),arknights,legacy_appearance_pack+released_skin+danbooru_tag,char_164_nightm#1+char_164_nightm#2,True
arknights,nightmare_(light_and_shadow)_(arknights),arknights,released_skin+danbooru_tag,char_164_nightm@epoque#5,True
arknights,nightmare_(the_ferry_girl)_(arknights),arknights,released_skin+danbooru_tag,char_164_nightm@unveiling#2,True
arknights,nymph_(arknights),arknights,legacy_appearance_pack+released_skin+danbooru_tag,char_4146_nymph#1+char_4146_nymph#2,True
arknights,nymph_(blooming_reverie)_(arknights),arknights,released_skin+danbooru_tag,char_4146_nymph@ambienceSynesthesia#6,True
arknights,nymph_(sweetness_to_the_heart)_(arknights),arknights,released_skin+danbooru_tag,char_4146_nymph@epoque#42,True
arknights,orchid_(arknights),arknights,legacy_appearance_pack+released_skin+danbooru_tag,char_278_orchid#1,True
arknights,orchid_(twines_of_time)_(arknights),arknights,released_skin+danbooru_tag,char_278_orchid@boc#6,True
arknights,pallas_(a_drip_of_orea_and_potamous)_(arknights),arknights,released_skin+danbooru_tag,char_485_pallas@epoque#19,True
arknights,pallas_(arknights),arknights,legacy_appearance_pack+released_skin+danbooru_tag,char_485_pallas#1+char_485_pallas#2,True
arknights,pallas_(heritage)_(arknights),arknights,released_skin+danbooru_tag,char_485_pallas@epoque#12,True
arknights,papyrus_(arknights),arknights,legacy_appearance_pack+released_skin+danbooru_tag,char_4139_papyrs#1+char_4139_papyrs#2,True
arknights,papyrus_(the_next_side_quest)_(arknights),arknights,released_skin+danbooru_tag,char_4139_papyrs@game#8,True
arknights,penance_(ambience_synesthesia_2023)_(arknights),arknights,legacy_appearance_pack,,True
arknights,penance_(arknights),arknights,legacy_appearance_pack+released_skin+danbooru_tag,char_4065_judge#1+char_4065_judge#2,True
arknights,penance_(occasionally_flushed)_(arknights),arknights,released_skin+danbooru_tag,char_4065_judge@snow#6,True
arknights,penance_(scribing)_(arknights),arknights,released_skin+danbooru_tag,char_4065_judge@epoque#33,True
arknights,pepe_(arknights),arknights,legacy_appearance_pack+released_skin+danbooru_tag,char_4058_pepe#1+char_4058_pepe#2,True
arknights,pepe_(nuit_of_the_nightsky)_(arknights),arknights,released_skin+danbooru_tag,char_4058_pepe@sightseer#2,True
arknights,perfumer_(arknights),arknights,legacy_appearance_pack+released_skin+danbooru_tag,char_181_flower#1+char_181_flower#2,True
arknights,perfumer_(leisurely_afternoon)_(arknights),arknights,released_skin+danbooru_tag,char_181_flower@epoque#9,True
arknights,perfumer_(species_plantarum)_(arknights),arknights,released_skin+danbooru_tag,char_181_flower@daily#1,True
arknights,pinecone_(arknights),arknights,legacy_appearance_pack+released_skin+danbooru_tag,char_440_pinecn#1+char_440_pinecn#2,True
arknights,pinecone_(season_of_travel)_(arknights),arknights,released_skin+danbooru_tag,char_440_pinecn@epoque#31,True
arknights,pinecone_(sing_a_song)_(arknights),arknights,released_skin+danbooru_tag,char_440_pinecn@shining#1,True
arknights,platinum_(arknights),arknights,legacy_appearance_pack+released_skin+danbooru_tag,char_204_platnm#1+char_204_platnm#2,True
arknights,platinum_(shimmering_dew)_(arknights),arknights,legacy_appearance_pack,,True
arknights,platinum_(shining_dew_sd05)_(arknights),arknights,released_skin_official_name,char_204_platnm@summer#3,False
arknights,plume_(arknights),arknights,legacy_appearance_pack+released_skin+danbooru_tag,char_192_falco#1,True
arknights,plume_(easy_time)_(arknights),arknights,released_skin+danbooru_tag,char_192_falco@marthe#6,True
arknights,podenco_(arknights),arknights,legacy_appearance_pack+released_skin+danbooru_tag,char_258_podego#1+char_258_podego#2,True
arknights,podenco_(wake_up_from_a_nap)_(arknights),arknights,released_skin+danbooru_tag,char_258_podego@epoque#9,True
arknights,poncirus_(arknights),arknights,legacy_appearance_pack+released_skin+danbooru_tag,char_488_buildr#1+char_488_buildr#2,True
arknights,poncirus_(to_rest_in_night_breezes)_(arknights),arknights,released_skin+danbooru_tag,char_488_buildr@epoque#34,True
arknights,popukar_(arknights),arknights,legacy_appearance_pack+released_skin+danbooru_tag,char_281_popka#1,True
arknights,popukar_(witch's_swing)_(arknights),arknights,released_skin+danbooru_tag,char_281_popka@witch#5,True
arknights,popukar_(幽然灵竹)_(arknights),arknights,released_skin_official_name,char_281_popka@sale#18,False
arknights,pozyomka_(arknights),arknights,legacy_appearance_pack,,True
arknights,pramanix_(arknights),arknights,legacy_appearance_pack+released_skin+danbooru_tag,char_174_slbell#1+char_174_slbell#2,True
arknights,pramanix_(caster's_frost)_(arknights),arknights,released_skin+danbooru_tag,char_174_slbell@snow#1,True
arknights,pramanix_the_prerita_(arknights),arknights,legacy_appearance_pack+released_skin+danbooru_tag,char_1046_sbell2#1+char_1046_sbell2#2,True
arknights,pramanix_the_prerita_(曙光祝颂)_(arknights),arknights,released_skin_official_name,char_1046_sbell2@ambienceSynesthesia#8,False
arknights,priestess_(arknights),arknights,legacy_appearance_pack,,True
arknights,projekt_red_(arknights),arknights,legacy_appearance_pack+released_skin+danbooru_tag,char_144_red#1+char_144_red#2,True
arknights,projekt_red_(light_breeze)_(arknights),arknights,legacy_appearance_pack,,True
arknights,projekt_red_(light_breeze_lb01)_(arknights),arknights,released_skin_official_name,char_144_red@summer#6,False
arknights,provence_(arknights),arknights,legacy_appearance_pack+released_skin+danbooru_tag,char_145_prove#1+char_145_prove#2,True
arknights,provence_(casual_vacation)_(arknights),arknights,legacy_appearance_pack,,True
arknights,provence_(holiday_hd08)_(arknights),arknights,released_skin_official_name,char_145_prove@summer#3,False
arknights,provence_(wasteland_walker)_(arknights),arknights,released_skin+danbooru_tag,char_145_prove@wild#5,True
arknights,ptilopsis_(among_the_clouds)_(arknights),arknights,released_skin_official_name,char_128_plosis@yun#4,False
arknights,ptilopsis_(arknights),arknights,legacy_appearance_pack+released_skin+danbooru_tag,char_128_plosis#1+char_128_plosis#2,True
arknights,ptilopsis_(serenity)_(arknights),arknights,released_skin+danbooru_tag,char_128_plosis@epoque#3,True
arknights,qalaisa_(arknights),arknights,legacy_appearance_pack,,True
arknights,qiubai_(arknights),arknights,legacy_appearance_pack+released_skin+danbooru_tag,char_4082_qiubai#1+char_4082_qiubai#2,True
arknights,qiubai_(courtesy)_(arknights),arknights,released_skin+danbooru_tag,char_4082_qiubai@epoque#31,True
arknights,qiubai_(wine-flushed_is_woods_of_rime)_(arknights),arknights,released_skin+danbooru_tag,char_4082_qiubai@ncg#1,True
arknights,quercus_(arknights),arknights,legacy_appearance_pack+released_skin+danbooru_tag,char_492_quercu#1+char_492_quercu#2,True
arknights,quercus_(distant_home's_guide)_(arknights),arknights,released_skin+danbooru_tag,char_492_quercu@epoque#17,True
arknights,quercus_(the_bard's_tale)_(arknights),arknights,released_skin+danbooru_tag,char_492_quercu@witch#4,True
arknights,raidian_(arknights),arknights,legacy_appearance_pack+released_skin+danbooru_tag,char_4195_radian#1+char_4195_radian#2,True
arknights,raidian_(lorem_ipsum)_(arknights),arknights,released_skin+danbooru_tag,char_4195_radian@game#8,True
arknights,ray_(arknights),arknights,legacy_appearance_pack+released_skin+danbooru_tag,char_4117_ray#1+char_4117_ray#2,True
arknights,ray_(dreaming_high)_(arknights),arknights,legacy_appearance_pack+released_skin+danbooru_tag,char_4117_ray@shining#2,True
arknights,ray_(夏卉_fa098)_(arknights),arknights,released_skin_official_name,char_4117_ray@summer#22,False
arknights,reed_(arknights),arknights,legacy_appearance_pack+released_skin+danbooru_tag,char_261_sddrag#1+char_261_sddrag#2,True
arknights,reed_(emerald_holiday)_(arknights),arknights,released_skin+danbooru_tag,char_261_sddrag@ambienceSynesthesia#2,True
arknights,reed_(young)_(arknights),arknights,legacy_appearance_pack,,True
arknights,reed_the_flame_shadow_(arknights),arknights,legacy_appearance_pack+released_skin+danbooru_tag,char_1020_reed2#1+char_1020_reed2#2,True
arknights,reed_the_flame_shadow_(curator)_(arknights),arknights,released_skin+danbooru_tag,char_1020_reed2@epoque#30,True
arknights,reed_the_flame_shadow_(glowing_flame_in_the_night)_(arknights),arknights,released_skin+danbooru_tag,char_1020_reed2@snow#8,True
arknights,reed_the_flame_shadow_(summer_flowers_fa075)_(arknights),arknights,released_skin_official_name,char_1020_reed2@summer#17,False
arknights,roberta_(arknights),arknights,legacy_appearance_pack+released_skin+danbooru_tag,char_484_robrta#1+char_484_robrta#2,True
arknights,roberta_(granter_of_colors)_(arknights),arknights,released_skin+danbooru_tag,char_484_robrta@ambienceSynesthesia#3,True
arknights,roberta_(summer_flowers_fa374)_(arknights),arknights,released_skin_official_name,char_484_robrta@summer#10,False
arknights,robin_(arknights),arknights,legacy_appearance_pack+released_skin+danbooru_tag,char_451_robin#1+char_451_robin#2,True
arknights,robin_(gift_of_wild)_(arknights),arknights,released_skin+danbooru_tag,char_451_robin@epoque#13,True
arknights,rope_(arknights),arknights,legacy_appearance_pack+released_skin+danbooru_tag,char_236_rope#1+char_236_rope#2,True
arknights,rope_(imp's_house)_(arknights),arknights,released_skin+danbooru_tag,char_236_rope@witch#1,True
arknights,rope_(summer_flowers_fa008)_(arknights),arknights,released_skin_official_name,char_236_rope@summer#2,False
arknights,rosa_(arknights),arknights,legacy_appearance_pack,,True
arknights,rosa_(masterpiece)_(arknights),arknights,legacy_appearance_pack,,True
arknights,rosmontis_(an_airy_dream)_(arknights),arknights,released_skin+danbooru_tag,char_391_rosmon@sale#16,True
arknights,rosmontis_(arknights),arknights,legacy_appearance_pack+released_skin+danbooru_tag,char_391_rosmon#1+char_391_rosmon#2,True
arknights,rosmontis_(become_anew)_(arknights),arknights,released_skin+danbooru_tag,char_391_rosmon@epoque#17,True
arknights,saga_(arknights),arknights,legacy_appearance_pack+released_skin+danbooru_tag,char_362_saga#1+char_362_saga#2,True
arknights,saga_(there_they_be)_(arknights),arknights,released_skin+danbooru_tag,char_362_saga@sale#9,True
arknights,saileach_(appreciate_fragrance)_(arknights),arknights,released_skin+danbooru_tag,char_479_sleach@epoque#14,True
arknights,saileach_(arknights),arknights,legacy_appearance_pack+released_skin+danbooru_tag,char_479_sleach#1+char_479_sleach#2,True
arknights,saileach_(summer_flowers_fa317)_(arknights),arknights,released_skin_official_name,char_479_sleach@summer#11,False
arknights,saria_(arknights),arknights,legacy_appearance_pack+released_skin+danbooru_tag,char_202_demkni#1+char_202_demkni#2,True
arknights,saria_(stronghold)_(arknights),arknights,released_skin+danbooru_tag,char_202_demkni@boc#1,True
arknights,saria_(the_law)_(arknights),arknights,legacy_appearance_pack+released_skin+danbooru_tag,char_202_demkni@test#1,True
arknights,saria_(unstained_unshaken)_(arknights),arknights,released_skin+danbooru_tag,char_202_demkni@ambienceSynesthesia#7,True
arknights,savage_(300_metres_underground)_(arknights),arknights,released_skin+danbooru_tag,char_230_savage@boc#8,True
arknights,savage_(arknights),arknights,legacy_appearance_pack+released_skin+danbooru_tag,char_230_savage#1+char_230_savage#2,True
arknights,savage_(secret_family_recipe)_(arknights),arknights,released_skin+danbooru_tag,char_230_savage@kitchen#3,True
arknights,savage_(又一年秋季)_(arknights),arknights,released_skin_official_name,char_230_savage@sale#17,False
arknights,scavenger_(arknights),arknights,legacy_appearance_pack+released_skin+danbooru_tag,char_149_scave#1+char_149_scave#2,True
arknights,scavenger_(survive)_(arknights),arknights,released_skin+danbooru_tag,char_149_scave@striker#2,True
arknights,scene_(arknights),arknights,legacy_appearance_pack+released_skin+danbooru_tag,char_336_folivo#1+char_336_folivo#2,True
arknights,scene_(betsushi)_(arknights),arknights,released_skin+danbooru_tag,char_336_folivo@epoque#22,True
arknights,scene_(新地形)_(arknights),arknights,released_skin_official_name,char_336_folivo@wild#11,False
arknights,schwarz_(arknights),arknights,legacy_appearance_pack+released_skin+danbooru_tag,char_340_shwaz#1+char_340_shwaz#2,True
arknights,schwarz_(presents)_(arknights),arknights,legacy_appearance_pack+released_skin+danbooru_tag,char_340_shwaz@snow#1,True
arknights,schwarz_(skyline)_(arknights),arknights,legacy_appearance_pack+released_skin+danbooru_tag,char_340_shwaz@striker#1,True
arknights,shamare_(arknights),arknights,legacy_appearance_pack+released_skin+danbooru_tag,char_254_vodfox#1+char_254_vodfox#2,True
arknights,shamare_(celestial_crane)_(arknights),arknights,released_skin+danbooru_tag,char_254_vodfox@yun#8,True
arknights,shamare_(echo_of_the_horrorlair)_(arknights),arknights,released_skin+danbooru_tag,char_254_vodfox@witch#2,True
arknights,shaw_(arknights),arknights,legacy_appearance_pack+released_skin+danbooru_tag,char_277_sqrrel#1+char_277_sqrrel#2,True
arknights,shaw_(cleansweeper_in_the_castle)_(arknights),arknights,released_skin+danbooru_tag,char_277_sqrrel@ghost#1,True
arknights,shining_(arknights),arknights,legacy_appearance_pack+released_skin+danbooru_tag,char_147_shining#1+char_147_shining#2,True
arknights,shining_(silent_night)_(arknights),arknights,legacy_appearance_pack,,True
arknights,shining_(silent_night_dn02)_(arknights),arknights,released_skin_official_name,char_147_shining@summer#1,False
arknights,shu_(arknights),arknights,legacy_appearance_pack+released_skin+danbooru_tag,char_2025_shu#1+char_2025_shu#2,True
arknights,shu_(bingwenyuyou)_(arknights),arknights,legacy_appearance_pack,,True
arknights,shu_(spring_feast)_(arknights),arknights,legacy_appearance_pack+released_skin+danbooru_tag,char_2025_shu@nian#11,True
arknights,sideroca_(arknights),arknights,legacy_appearance_pack+released_skin+danbooru_tag,char_333_sidero#1+char_333_sidero#2,True
arknights,sideroca_(light_breeze)_(arknights),arknights,legacy_appearance_pack,,True
arknights,sideroca_(light_breeze_lb03)_(arknights),arknights,released_skin_official_name,char_333_sidero@summer#6,False
arknights,siege_(arknights),arknights,legacy_appearance_pack+released_skin+danbooru_tag,char_112_siege#1+char_112_siege#2,True
arknights,siege_(city_destroyer)_(arknights),arknights,released_skin+danbooru_tag,char_112_siege@striker#2,True
arknights,siege_(legacy)_(arknights),arknights,released_skin+danbooru_tag,char_112_siege@wild#2,True
arknights,silence_(arknights),arknights,legacy_appearance_pack+released_skin+danbooru_tag,char_108_silent#1+char_108_silent#2,True
arknights,silence_(frosted_breath)_(arknights),arknights,released_skin+danbooru_tag,char_108_silent@winter#2,True
arknights,silence_(lacquer)_(arknights),arknights,released_skin+danbooru_tag,char_108_silent@sweep#1,True
arknights,silence_the_paradigmatic_(arknights),arknights,legacy_appearance_pack+released_skin+danbooru_tag,char_1031_slent2#1+char_1031_slent2#2,True
arknights,silence_the_paradigmatic_(habitat)_(arknights),arknights,released_skin+danbooru_tag,char_1031_slent2@epoque#32,True
arknights,skadi_(arknights),arknights,legacy_appearance_pack+released_skin+danbooru_tag,char_263_skadi#1+char_263_skadi#2,True
arknights,skadi_(elite_ii)_(arknights),arknights,legacy_appearance_pack,,True
arknights,skadi_(the_next_afternoon_tea)_(arknights),arknights,legacy_appearance_pack+released_skin+danbooru_tag,char_263_skadi@marthe#5,True
arknights,skadi_(waverider)_(arknights),arknights,legacy_appearance_pack,,True
arknights,skadi_(waverider_wr04)_(arknights),arknights,released_skin_official_name,char_263_skadi@summer#3,False
arknights,skadi_the_corrupting_heart_(arknights),arknights,legacy_appearance_pack+released_skin+danbooru_tag,char_1012_skadi2#1+char_1012_skadi2#2,True
arknights,skadi_the_corrupting_heart_(red_countess)_(arknights),arknights,released_skin+danbooru_tag,char_1012_skadi2@iteration#2,True
arknights,skadi_the_corrupting_heart_(sublimation)_(arknights),arknights,released_skin+danbooru_tag,char_1012_skadi2@boc#4,True
arknights,skyfire_(arknights),arknights,legacy_appearance_pack+released_skin+danbooru_tag,char_166_skfire#1+char_166_skfire#2,True
arknights,skyfire_(temperature_difference_rt_rx01)_(arknights),arknights,released_skin_official_name,char_166_skfire@summer#1,False
arknights,snegurochka_(arknights),arknights,legacy_appearance_pack,,True
arknights,snowsant_(arknights),arknights,legacy_appearance_pack+released_skin+danbooru_tag,char_383_snsant#1+char_383_snsant#2,True
arknights,snowsant_(fated_hero)_(arknights),arknights,released_skin+danbooru_tag,char_383_snsant@witch#2,True
arknights,sora_(arknights),arknights,legacy_appearance_pack+released_skin+danbooru_tag,char_101_sora#1+char_101_sora#2,True
arknights,sora_(melodiosa)_(arknights),arknights,legacy_appearance_pack+released_skin+danbooru_tag,char_101_sora@epoque#17,True
arknights,sora_(summer_flowers)_(arknights),arknights,legacy_appearance_pack,,True
arknights,sora_(summer_flowers_fa361)_(arknights),arknights,released_skin_official_name,char_101_sora@summer#1,False
arknights,specter_(arknights),arknights,legacy_appearance_pack+released_skin+danbooru_tag,char_143_ghost#1+char_143_ghost#2,True
arknights,specter_(undercurrent)_(arknights),arknights,released_skin+danbooru_tag,char_143_ghost@winter#1,True
arknights,specter_the_unchained_(arknights),arknights,legacy_appearance_pack+released_skin+danbooru_tag,char_1023_ghost2#1+char_1023_ghost2#2,True
arknights,specter_the_unchained_(born_as_one)_(arknights),arknights,released_skin+danbooru_tag,char_1023_ghost2@boc#6,True
arknights,spuria_(arknights),arknights,legacy_appearance_pack+released_skin+danbooru_tag,char_4015_spuria#1+char_4015_spuria#2,True
arknights,surtr_(arknights),arknights,legacy_appearance_pack+released_skin+danbooru_tag,char_350_surtr#1+char_350_surtr#2,True
arknights,surtr_(colorful_wonderland)_(arknights),arknights,legacy_appearance_pack,,True
arknights,surtr_(colorful_wonderland_cw03)_(arknights),arknights,released_skin_official_name,char_350_surtr@summer#9,False
arknights,surtr_(liberte_echec)_(arknights),arknights,legacy_appearance_pack+released_skin+danbooru_tag,char_350_surtr@it#1,True
arknights,surtr_(prelude_to_transcendence)_(arknights),arknights,legacy_appearance_pack+released_skin+danbooru_tag,char_350_surtr@ambienceSynesthesia#6,True
arknights,sussurro_(arknights),arknights,legacy_appearance_pack+released_skin+danbooru_tag,char_298_susuro#1+char_298_susuro#2,True
arknights,sussurro_(summer_flower)_(arknights),arknights,legacy_appearance_pack,,True
arknights,sussurro_(summer_flowers_fa026)_(arknights),arknights,released_skin_official_name,char_298_susuro@summer#6,False
arknights,sussurro_(travel_freely)_(arknights),arknights,legacy_appearance_pack+released_skin+danbooru_tag,char_298_susuro@winter#4,True
arknights,suzuran_(arknights),arknights,legacy_appearance_pack+released_skin+danbooru_tag,char_358_lisa#1+char_358_lisa#2,True
arknights,suzuran_(lostlands_flowering)_(arknights),arknights,legacy_appearance_pack+released_skin+danbooru_tag,char_358_lisa@wild#3,True
arknights,suzuran_(spring_praise)_(arknights),arknights,legacy_appearance_pack+released_skin+danbooru_tag,char_358_lisa@lxh#1,True
arknights,suzuran_(yukibare)_(arknights),arknights,legacy_appearance_pack+released_skin+danbooru_tag,char_358_lisa@epoque#22,True
arknights,swire_(arknights),arknights,legacy_appearance_pack+released_skin+danbooru_tag,char_308_swire#1+char_308_swire#2,True
arknights,swire_(honor_and_splendor)_(arknights),arknights,legacy_appearance_pack+released_skin+danbooru_tag,char_308_swire@nian#2,True
arknights,swire_(summer)_(arknights),arknights,legacy_appearance_pack,,True
arknights,swire_the_elegant_wit_(arknights),arknights,legacy_appearance_pack+released_skin+danbooru_tag,char_1033_swire2#1+char_1033_swire2#2,True
arknights,swire_the_elegant_wit_(rhythmic_blocks)_(arknights),arknights,released_skin+danbooru_tag,char_1033_swire2@ambienceSynesthesia#4,True
arknights,talulah_(arknights),arknights,legacy_appearance_pack,,True
arknights,talulah_the_fighter_(arknights),arknights,legacy_appearance_pack,,True
arknights,texas_(arknights),arknights,legacy_appearance_pack+released_skin+danbooru_tag,char_102_texas#1+char_102_texas#2,True
arknights,texas_(willpower)_(arknights),arknights,legacy_appearance_pack+released_skin+danbooru_tag,char_102_texas@epoque#7,True
arknights,texas_(winter_messenger)_(arknights),arknights,legacy_appearance_pack+released_skin+danbooru_tag,char_102_texas@winter#1,True
arknights,texas_the_omertosa_(arknights),arknights,legacy_appearance_pack+released_skin+danbooru_tag,char_1028_texas2#1+char_1028_texas2#2,True
arknights,texas_the_omertosa_(il_segreto_della_notte)_(arknights),arknights,released_skin+danbooru_tag,char_1028_texas2@epoque#36,True
arknights,texas_the_omertosa_(wingbreaker)_(arknights),arknights,released_skin+danbooru_tag,char_1028_texas2@iteration#1,True
arknights,theresa_(arknights),arknights,legacy_appearance_pack,,True
arknights,thumpy_(arknights),arknights,legacy_appearance_pack,,True
arknights,timeslot_(arknights),arknights,legacy_appearance_pack,,True
arknights,tippi_(arknights),arknights,legacy_appearance_pack+released_skin+danbooru_tag,char_4191_tippi#1+char_4191_tippi#2,True
arknights,tippi_(清新布景)_(arknights),arknights,released_skin_official_name,char_4191_tippi@epoque#57,False
arknights,titi_(arknights),arknights,legacy_appearance_pack+released_skin+danbooru_tag,char_4056_titi#1+char_4056_titi#2,True
arknights,tomimi_(arknights),arknights,legacy_appearance_pack+released_skin+danbooru_tag,char_411_tomimi#1+char_411_tomimi#2,True
arknights,tomimi_(silent_night_dn04)_(arknights),arknights,released_skin_official_name,char_411_tomimi@summer#5,False
arknights,tuye_(arknights),arknights,legacy_appearance_pack+released_skin+danbooru_tag,char_402_tuye#1+char_402_tuye#2,True
arknights,tuye_(cultivate_vegetation)_(arknights),arknights,legacy_appearance_pack+released_skin+danbooru_tag,char_402_tuye@epoque#14,True
arknights,typhon_(arknights),arknights,legacy_appearance_pack+released_skin+danbooru_tag,char_2012_typhon#1+char_2012_typhon#2,True
arknights,typhon_(northern_pathfinder)_(arknights),arknights,released_skin+danbooru_tag,char_2012_typhon@wild#9,True
arknights,typhon_(temperature_difference_rt_rx07)_(arknights),arknights,released_skin_official_name,char_2012_typhon@summer#17,False
arknights,u-official_(arknights),arknights,legacy_appearance_pack+released_skin+danbooru_tag,char_4091_ulika#1,True
arknights,u-official_(stream_above_the_clouds)_(arknights),arknights,released_skin+danbooru_tag,char_4091_ulika@sanrio#1,True
arknights,utage_(arknights),arknights,legacy_appearance_pack+released_skin+danbooru_tag,char_337_utage#1+char_337_utage#2,True
arknights,utage_(disguise)_(arknights),arknights,legacy_appearance_pack+released_skin+danbooru_tag,char_337_utage@epoque#15,True
arknights,utage_(summer_flowers)_(arknights),arknights,legacy_appearance_pack,,True
arknights,utage_(summer_flowers_fa661)_(arknights),arknights,released_skin_official_name,char_337_utage@summer#4,False
arknights,vendela_(arknights),arknights,legacy_appearance_pack+released_skin+danbooru_tag,char_494_vendla#1+char_494_vendla#2,True
arknights,vendela_(蔷薇之谜)_(arknights),arknights,released_skin_official_name,char_494_vendla@game#10,False
arknights,vermeil_(arknights),arknights,legacy_appearance_pack+released_skin+danbooru_tag,char_190_clour#1+char_190_clour#2,True
arknights,vermeil_(playfellows)_(arknights),arknights,released_skin+danbooru_tag,char_190_clour@epoque#43,True
arknights,vigna_(arknights),arknights,legacy_appearance_pack+released_skin+danbooru_tag,char_290_vigna#1+char_290_vigna#2,True
arknights,vigna_(black_wave)_(arknights),arknights,released_skin+danbooru_tag,char_290_vigna@as#1,True
arknights,vigna_(holiday_hd01)_(arknights),arknights,released_skin_official_name,char_290_vigna@summer#1,False
arknights,virtuosa_(arknights),arknights,legacy_appearance_pack+released_skin+danbooru_tag,char_245_cello#1+char_245_cello#2,True
arknights,virtuosa_(diversity_oneness)_(arknights),arknights,legacy_appearance_pack+released_skin+danbooru_tag,char_245_cello@sale#12,True
arknights,virtuosa_(young)_(arknights),arknights,legacy_appearance_pack,,True
arknights,viviana_(arknights),arknights,legacy_appearance_pack+released_skin+danbooru_tag,char_4098_vvana#1+char_4098_vvana#2,True
arknights,viviana_(sent_from_ognisko)_(arknights),arknights,released_skin+danbooru_tag,char_4098_vvana@epoque#40,True
arknights,vulcan_(arknights),arknights,legacy_appearance_pack+released_skin+danbooru_tag,char_163_hpsts#1+char_163_hpsts#2,True
arknights,vulcan_(ignis)_(arknights),arknights,released_skin+danbooru_tag,char_163_hpsts@boc#10,True
arknights,vulpisfoglia_(arknights),arknights,legacy_appearance_pack+released_skin+danbooru_tag,char_4026_vulpis#1+char_4026_vulpis#2,True
arknights,vulpisfoglia_(out_of_focus)_(arknights),arknights,legacy_appearance_pack,,True
arknights,vulpisfoglia_(失焦)_(arknights),arknights,released_skin_official_name,char_4026_vulpis@epoque#55,False
arknights,w_(act_ii)_(arknights),arknights,legacy_appearance_pack,,True
arknights,w_(arknights),arknights,legacy_appearance_pack+released_skin+danbooru_tag,char_113_cqbw#1+char_113_cqbw#2,True
arknights,w_(fugue)_(arknights),arknights,released_skin+danbooru_tag,char_113_cqbw@epoque#7,True
arknights,w_(wanted)_(arknights),arknights,legacy_appearance_pack,,True
arknights,waai_fu_(arknights),arknights,legacy_appearance_pack+released_skin+danbooru_tag,char_243_waaifu#1+char_243_waaifu#2,True
arknights,waai_fu_(wild_flower_of_street)_(arknights),arknights,released_skin+danbooru_tag,char_243_waaifu@whirlwind#2,True
arknights,warfarin_(arknights),arknights,legacy_appearance_pack+released_skin+danbooru_tag,char_171_bldsk#1+char_171_bldsk#2,True
arknights,warfarin_(holiday_hd31)_(arknights),arknights,released_skin_official_name,char_171_bldsk@summer#7,False
arknights,warfarin_(the_feast)_(arknights),arknights,released_skin+danbooru_tag,char_171_bldsk@witch#1,True
arknights,warmy_(arknights),arknights,legacy_appearance_pack+released_skin+danbooru_tag,char_4081_warmy#1+char_4081_warmy#2,True
arknights,warmy_(warm_velvet_at_the_corner)_(arknights),arknights,released_skin+danbooru_tag,char_4081_warmy@winter#4,True
arknights,weedy_(arknights),arknights,legacy_appearance_pack+released_skin+danbooru_tag,char_400_weedy#1+char_400_weedy#2,True
arknights,weedy_(candy_cape)_(arknights),arknights,released_skin+danbooru_tag,char_400_weedy@snow#2,True
arknights,weedy_(sedjem)_(arknights),arknights,released_skin+danbooru_tag,char_400_weedy@sightseer#1,True
arknights,whislash_(arknights),arknights,legacy_appearance_pack+released_skin+danbooru_tag,char_265_sophia#1+char_265_sophia#2,True
arknights,whislash_(glory_purple)_(arknights),arknights,released_skin+danbooru_tag,char_265_sophia@epoque#11,True
arknights,whisperain_(arknights),arknights,legacy_appearance_pack+released_skin+danbooru_tag,char_436_whispr#1+char_436_whispr#2,True
arknights,whisperain_(priory_of_abyss)_(arknights),arknights,released_skin+danbooru_tag,char_436_whispr@witch#4,True
arknights,whisperain_(tremble_cold)_(arknights),arknights,released_skin+danbooru_tag,char_436_whispr@nian#4,True
arknights,wis'adel_(arknights),arknights,legacy_appearance_pack+released_skin+danbooru_tag,char_1035_wisdel#1+char_1035_wisdel#2,True
arknights,wis'adel_(supernova)_(arknights),arknights,released_skin+danbooru_tag,char_1035_wisdel@sale#14,True
arknights,wis'adel_(绝对主角)_(arknights),arknights,released_skin_official_name,char_1035_wisdel@game#9,False
arknights,wulfenite_(arknights),arknights,legacy_appearance_pack+released_skin+danbooru_tag,char_4171_wulfen#1+char_4171_wulfen#2,True
arknights,wulfenite_(跃动节拍)_(arknights),arknights,released_skin_official_name,char_4171_wulfen@marthe#14,False
arknights,yahata_umiri,arknights,legacy_appearance_pack+released_skin+danbooru_tag,char_4186_tmoris#1+char_4186_tmoris#2,True
arknights,yahata_umiri_(moonlight_executioner)_(arknights),arknights,released_skin_official_name,char_4186_tmoris@avemujica#1,False
arknights,yato_(arknights),arknights,legacy_appearance_pack+released_skin+danbooru_tag,char_502_nblade#1,True
arknights,zima_(arknights),arknights,legacy_appearance_pack,,True
endfield,akekuri_(arknights),arknights:_endfield,legacy_appearance_pack,,True
endfield,arcane_(arknights),arknights:_endfield,legacy_appearance_pack,,True
endfield,arclight_(arknights),arknights:_endfield,legacy_appearance_pack,,True
endfield,ardelia_(arknights),arknights:_endfield,legacy_appearance_pack,,True
endfield,avywenna_(arknights),arknights:_endfield,legacy_appearance_pack,,True
endfield,chen_qianyu_(arknights),arknights:_endfield,legacy_appearance_pack,,True
endfield,ember_(arknights),arknights:_endfield,legacy_appearance_pack,,True
endfield,estella_(arknights),arknights:_endfield,legacy_appearance_pack,,True
endfield,female_endministrator_(arknights),arknights:_endfield,legacy_appearance_pack,,True
endfield,fluorite_(arknights),arknights:_endfield,legacy_appearance_pack,,True
endfield,gilberta_(arknights),arknights:_endfield,legacy_appearance_pack,,True
endfield,laevatain_(arknights),arknights:_endfield,legacy_appearance_pack,,True
endfield,last_rite_(arknights),arknights:_endfield,legacy_appearance_pack,,True
endfield,liino_(arknights),arknights:_endfield,legacy_appearance_pack,,True
endfield,m3_(arknights),arknights:_endfield,legacy_appearance_pack,,True
endfield,mi_fu_(arknights),arknights:_endfield,legacy_appearance_pack,,True
endfield,nefarith_(arknights),arknights:_endfield,legacy_appearance_pack,,True
endfield,perlica_(arknights),arknights:_endfield,legacy_appearance_pack,,True
endfield,purrchena_(arknights),arknights:_endfield,legacy_appearance_pack,,True
endfield,rossi_(arknights),arknights:_endfield,legacy_appearance_pack,,True
endfield,si_(arknights),arknights:_endfield,legacy_appearance_pack,,True
endfield,snowshine_(arknights),arknights:_endfield,legacy_appearance_pack,,True
endfield,tangtang_(arknights),arknights:_endfield,legacy_appearance_pack,,True
endfield,typhoeus_(arknights),arknights:_endfield,legacy_appearance_pack,,True
endfield,xaihi_(arknights),arknights:_endfield,legacy_appearance_pack,,True
endfield,yvonne_(arknights),arknights:_endfield,legacy_appearance_pack,,True
endfield,zhuang_fangyi_(arknights),arknights:_endfield,legacy_appearance_pack,,True
fate_grand_order,abigail_williams_(fate),fate/grand_order,female_servant+danbooru_tag+legacy_appearance_pack,2500100,True
fate_grand_order,abigail_williams_(first_ascension)_(fate),fate/grand_order,legacy_appearance_pack,,True
fate_grand_order,abigail_williams_(santa)_(fate),fate/grand_order,female_servant+danbooru_tag,2800800,True
fate_grand_order,abigail_williams_(second_ascension)_(fate),fate/grand_order,legacy_appearance_pack,,True
fate_grand_order,abigail_williams_(summer)_(fate),fate/grand_order,female_servant_official_name,2500700,False
fate_grand_order,abigail_williams_(swimsuit_foreigner)_(first_ascension)_(fate),fate/grand_order,legacy_appearance_pack,,True
fate_grand_order,abigail_williams_(swimsuit_foreigner)_(third_ascension)_(fate),fate/grand_order,legacy_appearance_pack,,True
fate_grand_order,abigail_williams_(third_ascension)_(fate),fate/grand_order,legacy_appearance_pack,,True
fate_grand_order,abigail_williams_(traveling_outfit)_(fate),fate/grand_order,legacy_appearance_pack,,True
fate_grand_order,aesc_(fate),fate/grand_order,legacy_appearance_pack,,True
fate_grand_order,aesc_(rain_witch)_(fate),fate/grand_order,female_servant+danbooru_tag+legacy_appearance_pack,505300,True
fate_grand_order,altera_(fate),fate/grand_order,female_servant+danbooru_tag+legacy_appearance_pack,101800,True
fate_grand_order,altera_the_santa_(fate),fate/grand_order,female_servant+danbooru_tag,202200,True
fate_grand_order,altria_pendragon_(alter)_(fate),fate/grand_order,female_servant_official_name,100200+301900+402700,False
fate_grand_order,altria_pendragon_(lily)_(fate),fate/grand_order,female_servant_official_name,100300,False
fate_grand_order,altria_pendragon_(santa_alter)_(fate),fate/grand_order,female_servant_official_name,402200,False
fate_grand_order,amor_(caren)_(fate),fate/grand_order,female_servant_official_name,901100,False
fate_grand_order,anastasia_(fate),fate/grand_order,female_servant+danbooru_tag+legacy_appearance_pack,503500,True
fate_grand_order,anastasia_and_viy_(fate),fate/grand_order,female_servant_official_name,204400,False
fate_grand_order,andromeda_(fate),fate/grand_order,female_servant+danbooru_tag,405500,True
fate_grand_order,anne_bonny_(fate),fate/grand_order,legacy_appearance_pack,,True
fate_grand_order,anne_bonny_and_mary_read_(fate),fate/grand_order,female_servant_official_name,202500+400900,False
fate_grand_order,aozaki_aoko_(fate),fate/grand_order,female_servant_official_name,2501400,False
fate_grand_order,archetype_earth,fate/grand_order,female_servant+danbooru_tag+legacy_appearance_pack,2300500,True
fate_grand_order,arcueid_brunestud,fate/grand_order,legacy_appearance_pack,,True
fate_grand_order,arcueid_brunestud_(mooncancer),fate/grand_order,legacy_appearance_pack,,True
fate_grand_order,artoria_caster_(fate),fate/grand_order,female_servant+danbooru_tag+legacy_appearance_pack,504500+704700,True
fate_grand_order,artoria_pendragon_(fate),fate/grand_order,female_servant+danbooru_tag+legacy_appearance_pack,100100+202600+302000+900900,True
fate_grand_order,artoria_pendragon_(lancer)_(fate),fate/grand_order,legacy_appearance_pack,,True
fate_grand_order,artoria_pendragon_(lancer)_(third_ascension)_(fate),fate/grand_order,legacy_appearance_pack,,True
fate_grand_order,artoria_pendragon_(lancer_alter)_(fate),fate/grand_order,legacy_appearance_pack,,True
fate_grand_order,artoria_pendragon_(royal_icing)_(fate),fate/grand_order,legacy_appearance_pack,,True
fate_grand_order,artoria_pendragon_(swimsuit_ruler)_(fate),fate/grand_order,legacy_appearance_pack,,True
fate_grand_order,artoria_pendragon_(swimsuit_ruler)_(first_ascension)_(fate),fate/grand_order,legacy_appearance_pack,,True
fate_grand_order,asagami_fujino_(fate),fate/grand_order,female_servant_official_name,202900,False
fate_grand_order,assassin_(fate/zero),fate/grand_order,legacy_appearance_pack,,True
fate_grand_order,astraea_(fate),fate/grand_order,female_servant+danbooru_tag,900800,True
fate_grand_order,atalanta_(fate),fate/grand_order,female_servant+danbooru_tag+legacy_appearance_pack,200500,True
fate_grand_order,atalanta_alter_(fate),fate/grand_order,female_servant+danbooru_tag+legacy_appearance_pack,703000,True
fate_grand_order,baobhan_sith_(fate),fate/grand_order,female_servant+danbooru_tag+legacy_appearance_pack,204300,True
fate_grand_order,baobhan_sith_(first_ascension)_(fate),fate/grand_order,legacy_appearance_pack,,True
fate_grand_order,baobhan_sith_(swimsuit_pretender)_(first_ascension)_(fate),fate/grand_order,legacy_appearance_pack,,True
fate_grand_order,baobhan_sith_(swimsuit_pretender)_(third_ascension)_(fate),fate/grand_order,legacy_appearance_pack,,True
fate_grand_order,baobhan_sith_(third_ascension)_(fate),fate/grand_order,legacy_appearance_pack,,True
fate_grand_order,barghest_(fate),fate/grand_order,female_servant+danbooru_tag+legacy_appearance_pack,105000,True
fate_grand_order,bb_(fate),fate/grand_order,female_servant+danbooru_tag+legacy_appearance_pack,2300100+2300200,True
fate_grand_order,bb_(fate/extra),fate/grand_order,legacy_appearance_pack,,True
fate_grand_order,bb_(swimsuit_mooncancer)_(first_ascension)_(fate),fate/grand_order,legacy_appearance_pack,,True
fate_grand_order,bb_(swimsuit_mooncancer)_(second_ascension)_(fate),fate/grand_order,legacy_appearance_pack,,True
fate_grand_order,bb_(swimsuit_mooncancer)_(third_ascension)_(fate),fate/grand_order,legacy_appearance_pack,,True
fate_grand_order,bb_dubai_(fate),fate/grand_order,female_servant+danbooru_tag+legacy_appearance_pack,2300600,True
fate_grand_order,beast_iii_l_(fate),fate/grand_order,female_servant_official_name,9941730,False
fate_grand_order,beast_iii_r_(fate),fate/grand_order,female_servant_official_name,9939130,False
fate_grand_order,beast_iv_(fate),fate/grand_order,female_servant_official_name,9943610,False
fate_grand_order,beni-enma,fate/grand_order,female_servant+danbooru_tag+legacy_appearance_pack,103700+705300,True
fate_grand_order,beni-enma_(first_ascension),fate/grand_order,legacy_appearance_pack,,True
fate_grand_order,biscione_(fate),fate/grand_order,female_servant+danbooru_tag+legacy_appearance_pack,305700+506000,True
fate_grand_order,boudica_(fate),fate/grand_order,female_servant+danbooru_tag+legacy_appearance_pack,401100,True
fate_grand_order,boudica_(first_ascension)_(fate),fate/grand_order,legacy_appearance_pack,,True
fate_grand_order,bradamante_(fate),fate/grand_order,female_servant+danbooru_tag+legacy_appearance_pack,303600,True
fate_grand_order,bradamante_(third_ascension)_(fate),fate/grand_order,legacy_appearance_pack,,True
fate_grand_order,britomart_(fate),fate/grand_order,female_servant+danbooru_tag,305300,True
fate_grand_order,brynhild_(fate),fate/grand_order,female_servant+danbooru_tag+legacy_appearance_pack,301200+703800,True
fate_grand_order,caenis_(fate),fate/grand_order,legacy_appearance_pack,,True
fate_grand_order,caenis_(second_ascension)_(fate),fate/grand_order,legacy_appearance_pack,,True
fate_grand_order,cait_cu_cerpriestess_(fate),fate/grand_order,female_servant_official_name,2800600,False
fate_grand_order,calamity_jane_(fate),fate/grand_order,female_servant+danbooru_tag,203700,True
fate_grand_order,caren_hortensia,fate/grand_order,legacy_appearance_pack,,True
fate_grand_order,carmilla_(assassin)_(fate),fate/grand_order,legacy_appearance_pack,,True
fate_grand_order,carmilla_(fate),fate/grand_order,female_servant+danbooru_tag+legacy_appearance_pack,403600+601700,True
fate_grand_order,chacha_(fate),fate/grand_order,female_servant+danbooru_tag,702600,True
fate_grand_order,charlotte_corday_(fate),fate/grand_order,female_servant+danbooru_tag,504800+603800,True
fate_grand_order,chloe_von_einzbern,fate/grand_order,female_servant+danbooru_tag+legacy_appearance_pack,1101600+202700,True
fate_grand_order,chloe_von_einzbern_(archer_install),fate/grand_order,legacy_appearance_pack,,True
fate_grand_order,circe_(fate),fate/grand_order,female_servant+danbooru_tag+legacy_appearance_pack,503300,True
fate_grand_order,cleopatra_(fate),fate/grand_order,female_servant+danbooru_tag,600800,True
fate_grand_order,cnoc_na_riabh_(fate),fate/grand_order,female_servant+danbooru_tag,2501200,True
fate_grand_order,daedalus_(fate),fate/grand_order,female_servant+danbooru_tag,705400,True
fate_grand_order,daikokuten_(fate),fate/grand_order,female_servant+danbooru_tag,504700,True
fate_grand_order,demeter_(fate),fate/grand_order,female_servant+danbooru_tag+legacy_appearance_pack,306400,True
fate_grand_order,dobrynya_nikitich_(fate),fate/grand_order,female_servant+danbooru_tag+legacy_appearance_pack,305500+404400,True
fate_grand_order,durga_(fate),fate/grand_order,female_servant+danbooru_tag+legacy_appearance_pack,204800,True
fate_grand_order,durga_(first_ascension)_(fate),fate/grand_order,legacy_appearance_pack,,True
fate_grand_order,e-aqua_marie_(fate),fate/grand_order,female_servant_official_name,9945600,False
fate_grand_order,e-flare_marie_(fate),fate/grand_order,female_servant_official_name,9945590,False
fate_grand_order,e-grand_marie_(fate),fate/grand_order,female_servant_official_name,9946280,False
fate_grand_order,e-stellar_marie_(fate),fate/grand_order,female_servant_official_name,9946760,False
fate_grand_order,elizabeth_bathory_(brave)_(fate),fate/grand_order,female_servant+danbooru_tag+legacy_appearance_pack,101000,True
fate_grand_order,elizabeth_bathory_(cinderella)_(fate),fate/grand_order,female_servant+danbooru_tag,404600,True
fate_grand_order,elizabeth_bathory_(fate),fate/grand_order,female_servant+danbooru_tag+legacy_appearance_pack,300500+306200,True
fate_grand_order,elizabeth_bathory_(halloween)_(fate),fate/grand_order,female_servant+danbooru_tag,502600,True
fate_grand_order,elizabeth_bathory_(second_ascension)_(fate),fate/grand_order,legacy_appearance_pack,,True
fate_grand_order,elizabeth_of_the_end_(fate),fate/grand_order,female_servant+danbooru_tag,1102200,True
fate_grand_order,ereshkigal_(fate),fate/grand_order,female_servant+danbooru_tag+legacy_appearance_pack,303200+3300200,True
fate_grand_order,ereshkigal_(swimsuit_beast)_(fate),fate/grand_order,legacy_appearance_pack,,True
fate_grand_order,europa_(fate),fate/grand_order,female_servant+danbooru_tag,404000,True
fate_grand_order,euryale_(fate),fate/grand_order,female_servant+danbooru_tag+legacy_appearance_pack,201200,True
fate_grand_order,flora_(fate),fate/grand_order,female_servant+danbooru_tag,1002000,True
fate_grand_order,florence_nightingale_(berserker)_(fate),fate/grand_order,legacy_appearance_pack,,True
fate_grand_order,florence_nightingale_(fate),fate/grand_order,female_servant+danbooru_tag+legacy_appearance_pack,701400,True
fate_grand_order,florence_nightingale_(santa)_(fate),fate/grand_order,female_servant+danbooru_tag,203900,True
fate_grand_order,florence_nightingale_(trick_or_treatment)_(fate),fate/grand_order,legacy_appearance_pack,,True
fate_grand_order,francesca_prelati_(fate),fate/grand_order,legacy_appearance_pack,,True
fate_grand_order,francis_drake_(fate),fate/grand_order,female_servant+danbooru_tag+legacy_appearance_pack,400300,True
fate_grand_order,frankenstein's_monster_(fate),fate/grand_order,female_servant+danbooru_tag+legacy_appearance_pack,103100+700400,True
fate_grand_order,frankenstein's_monster_(swimsuit_saber)_(fate),fate/grand_order,legacy_appearance_pack,,True
fate_grand_order,fujimaru_ritsuka_(female),fate/grand_order,legacy_appearance_pack,,True
fate_grand_order,fujimaru_ritsuka_(female)_(brilliant_summer),fate/grand_order,legacy_appearance_pack,,True
fate_grand_order,fujimaru_ritsuka_(female)_(chaldea_combat_uniform),fate/grand_order,legacy_appearance_pack,,True
fate_grand_order,fujimaru_ritsuka_(female)_(decisive_battle_chaldea_uniform),fate/grand_order,legacy_appearance_pack,,True
fate_grand_order,fujimaru_ritsuka_(female)_(polar_chaldea_uniform),fate/grand_order,legacy_appearance_pack,,True
fate_grand_order,galatea_(fate),fate/grand_order,female_servant+danbooru_tag,703900,True
fate_grand_order,gareth_(fate),fate/grand_order,female_servant+danbooru_tag+legacy_appearance_pack,105400+303900,True
fate_grand_order,gorgon_(fate),fate/grand_order,female_servant+danbooru_tag+legacy_appearance_pack,1100400,True
fate_grand_order,gray_(fate),fate/grand_order,female_servant+danbooru_tag+legacy_appearance_pack,603900,True
fate_grand_order,gray_lily_(fate),fate/grand_order,female_servant+danbooru_tag,106700+306300,True
fate_grand_order,great_stone_statue_god_(fate),fate/grand_order,female_servant+danbooru_tag,2300300,True
fate_grand_order,habetrot_(fate),fate/grand_order,female_servant+danbooru_tag+legacy_appearance_pack,2801300+404200,True
fate_grand_order,hai_ba_trung_(fate),fate/grand_order,female_servant_official_name,105300,False
fate_grand_order,hassan_of_serenity_(fate),fate/grand_order,legacy_appearance_pack,,True
fate_grand_order,hassan_of_the_hundred_personas_(fate),fate/grand_order,female_servant_official_name,600300,False
fate_grand_order,hassan_of_the_serenity_(fate),fate/grand_order,female_servant_official_name,600900,False
fate_grand_order,hebi_nyobo_(fate),fate/grand_order,female_servant_official_name,605200,False
fate_grand_order,hebi_nyoubou_(fate),fate/grand_order,legacy_appearance_pack,,True
fate_grand_order,hebi_nyoubou_(second_ascension)_(fate),fate/grand_order,legacy_appearance_pack,,True
fate_grand_order,helena_blavatsky_(caster)_(fate),fate/grand_order,legacy_appearance_pack,,True
fate_grand_order,helena_blavatsky_(fate),fate/grand_order,female_servant+danbooru_tag+legacy_appearance_pack,202800+502300,True
fate_grand_order,hephaistion_(fate),fate/grand_order,female_servant_official_name,2800200,False
fate_grand_order,hildr_(fate),fate/grand_order,female_servant+danbooru_tag,604400,True
fate_grand_order,himiko_(fate),fate/grand_order,female_servant+danbooru_tag+legacy_appearance_pack,901000,True
fate_grand_order,himiko_(first_ascension)_(fate),fate/grand_order,legacy_appearance_pack,,True
fate_grand_order,hippolyta_(fate),fate/grand_order,female_servant+danbooru_tag,405600,True
fate_grand_order,huyan_zhuo_(fate),fate/grand_order,female_servant+danbooru_tag+legacy_appearance_pack,604600+705200,True
fate_grand_order,ibaraki_douji_(berserker)_(fate),fate/grand_order,legacy_appearance_pack,,True
fate_grand_order,ibaraki_douji_(fate),fate/grand_order,female_servant_official_name+legacy_appearance_pack,303400+702200,True
fate_grand_order,ibaraki_douji_(swimsuit_lancer)_(first_ascension)_(fate),fate/grand_order,legacy_appearance_pack,,True
fate_grand_order,ibaraki_douji_(third_ascension)_(fate),fate/grand_order,legacy_appearance_pack,,True
fate_grand_order,ibuki_douji_(fate),fate/grand_order,female_servant_official_name+legacy_appearance_pack,104600+704300,True
fate_grand_order,ibuki_douji_(swimsuit_berserker)_(fate),fate/grand_order,legacy_appearance_pack,,True
fate_grand_order,illyasviel_von_einzbern,fate/grand_order,female_servant+danbooru_tag+legacy_appearance_pack,204200+502800,True
fate_grand_order,illyasviel_von_einzbern_(swimsuit_archer)_(second_ascension),fate/grand_order,legacy_appearance_pack,,True
fate_grand_order,irisviel_(holy_grail)_(fate),fate/grand_order,female_servant_official_name,502000,False
fate_grand_order,irisviel_von_einzbern,fate/grand_order,legacy_appearance_pack,,True
fate_grand_order,ishtar_(fate),fate/grand_order,female_servant+danbooru_tag+legacy_appearance_pack,202000+402600,True
fate_grand_order,ishtar_(swimsuit_rider)_(fate),fate/grand_order,legacy_appearance_pack,,True
fate_grand_order,iyo_(fate),fate/grand_order,female_servant+danbooru_tag,901500,True
fate_grand_order,izumo-no-okuni_(fate),fate/grand_order,female_servant_official_name,504900,False
fate_grand_order,jack_the_ripper_(fate),fate/grand_order,female_servant+danbooru_tag,600500,True
fate_grand_order,jack_the_ripper_(fate/apocrypha),fate/grand_order,legacy_appearance_pack,,True
fate_grand_order,jacques_de_molay_(fate),fate/grand_order,female_servant+danbooru_tag,2501000,True
fate_grand_order,jacques_de_molay_(foreigner)_(fate),fate/grand_order,legacy_appearance_pack,,True
fate_grand_order,jade_rabbit_(fate),fate/grand_order,female_servant_official_name,2301100,False
fate_grand_order,jaguar_warrior_(fate),fate/grand_order,female_servant_official_name,302800,False
fate_grand_order,jaguarman_(fate),fate/grand_order,legacy_appearance_pack,,True
fate_grand_order,jeanne_d'arc_(fate),fate/grand_order,female_servant+danbooru_tag+legacy_appearance_pack,203200+900100,True
fate_grand_order,jeanne_d'arc_(ruler)_(fate),fate/grand_order,legacy_appearance_pack,,True
fate_grand_order,jeanne_d'arc_(swimsuit_archer)_(first_ascension)_(fate),fate/grand_order,legacy_appearance_pack,,True
fate_grand_order,jeanne_d'arc_(third_ascension)_(fate),fate/grand_order,legacy_appearance_pack,,True
fate_grand_order,jeanne_d'arc_alter_(avenger)_(fate),fate/grand_order,legacy_appearance_pack,,True
fate_grand_order,jeanne_d'arc_alter_(avenger)_(first_ascension)_(fate),fate/grand_order,legacy_appearance_pack,,True
fate_grand_order,jeanne_d'arc_alter_(avenger)_(third_ascension)_(fate),fate/grand_order,legacy_appearance_pack,,True
fate_grand_order,jeanne_d'arc_alter_(fate),fate/grand_order,female_servant+danbooru_tag+legacy_appearance_pack,1100300+703100,True
fate_grand_order,jeanne_d'arc_alter_(swimsuit_berserker)_(fate),fate/grand_order,legacy_appearance_pack,,True
fate_grand_order,jeanne_d'arc_alter_(ver._shinjuku_1999)_(fate),fate/grand_order,legacy_appearance_pack,,True
fate_grand_order,jeanne_d'arc_alter_santa_lily_(fate),fate/grand_order,female_servant+danbooru_tag+legacy_appearance_pack,302600,True
fate_grand_order,jeunesse_crane_(fate),fate/grand_order,female_servant+danbooru_tag,1001900,True
fate_grand_order,jing_ke_(fate),fate/grand_order,female_servant+danbooru_tag,601100,True
fate_grand_order,kama_(adult)_(fate),fate/grand_order,legacy_appearance_pack,,True
fate_grand_order,kama_(assassin)_(first_ascension)_(fate),fate/grand_order,legacy_appearance_pack,,True
fate_grand_order,kama_(assassin)_(second_ascension)_(fate),fate/grand_order,legacy_appearance_pack,,True
fate_grand_order,kama_(assassin)_(third_ascension)_(fate),fate/grand_order,legacy_appearance_pack,,True
fate_grand_order,kama_(fate),fate/grand_order,female_servant+danbooru_tag+legacy_appearance_pack,1101100+603700,True
fate_grand_order,kama_(swimsuit_avenger)_(first_ascension)_(fate),fate/grand_order,legacy_appearance_pack,,True
fate_grand_order,kama_(swimsuit_avenger)_(second_ascension)_(fate),fate/grand_order,legacy_appearance_pack,,True
fate_grand_order,kama_(teenager)_(fate),fate/grand_order,legacy_appearance_pack,,True
fate_grand_order,kama_(young)_(fate),fate/grand_order,legacy_appearance_pack,,True
fate_grand_order,katou_black_kite_danzo_(fate),fate/grand_order,female_servant_official_name,603000,False
fate_grand_order,katou_danzou_(fate),fate/grand_order,legacy_appearance_pack,,True
fate_grand_order,katsushika_hokusai_(fate),fate/grand_order,female_servant+danbooru_tag+legacy_appearance_pack,104000+2500200,True
fate_grand_order,katsushika_hokusai_(first_ascension)_(fate),fate/grand_order,legacy_appearance_pack,,True
fate_grand_order,katsushika_hokusai_(swimsuit_saber)_(fate),fate/grand_order,legacy_appearance_pack,,True
fate_grand_order,kawakami_gensai_(fate),fate/grand_order,female_servant+danbooru_tag+legacy_appearance_pack,605100,True
fate_grand_order,kawakami_gensai_(first_ascension)_(fate),fate/grand_order,legacy_appearance_pack,,True
fate_grand_order,kazuradrop_(fate),fate/grand_order,female_servant+danbooru_tag+legacy_appearance_pack,1001800,True
fate_grand_order,kijyo_koyo_(fate),fate/grand_order,female_servant+danbooru_tag,703700,True
fate_grand_order,kingprotea_(fate),fate/grand_order,female_servant+danbooru_tag+legacy_appearance_pack,1000900+2301200,True
fate_grand_order,kingprotea_alter_(fate),fate/grand_order,female_servant+danbooru_tag,1102300,True
fate_grand_order,kishinami_hakuno_(fate),fate/grand_order,female_servant_official_name,2300800,False
fate_grand_order,kishinami_hakuno_(female),fate/grand_order,legacy_appearance_pack,,True
fate_grand_order,kiyohime_(fate),fate/grand_order,female_servant+danbooru_tag+legacy_appearance_pack,302500+701300,True
fate_grand_order,kiyohime_(first_ascension)_(fate),fate/grand_order,legacy_appearance_pack,,True
fate_grand_order,kiyohime_(second_ascension)_(fate),fate/grand_order,legacy_appearance_pack,,True
fate_grand_order,kiyohime_(swimsuit_lancer)_(first_ascension)_(fate),fate/grand_order,legacy_appearance_pack,,True
fate_grand_order,koyanskaya_(assassin)_(first_ascension)_(fate),fate/grand_order,legacy_appearance_pack,,True
fate_grand_order,koyanskaya_(fate),fate/grand_order,legacy_appearance_pack,,True
fate_grand_order,koyanskaya_(foreigner)_(first_ascension)_(fate),fate/grand_order,legacy_appearance_pack,,True
fate_grand_order,koyanskaya_of_dark_(fate),fate/grand_order,female_servant_official_name,2500900,False
fate_grand_order,koyanskaya_of_light_(fate),fate/grand_order,female_servant_official_name,604200,False
fate_grand_order,kriemhild_(fate),fate/grand_order,female_servant+danbooru_tag+legacy_appearance_pack,405800+704200,True
fate_grand_order,kukulcan_(fate),fate/grand_order,female_servant_official_name,2501100,False
fate_grand_order,kukulkan_(fate),fate/grand_order,legacy_appearance_pack,,True
fate_grand_order,kukulkan_(second_ascension)_(fate),fate/grand_order,legacy_appearance_pack,,True
fate_grand_order,kuonji_alice_(fate),fate/grand_order,female_servant_official_name,505500,False
fate_grand_order,kurohime_(fate),fate/grand_order,female_servant+danbooru_tag,106200,True
fate_grand_order,kyokutei_bakin_(fate),fate/grand_order,female_servant+danbooru_tag,404800,True
fate_grand_order,lady_avalon_(fate),fate/grand_order,female_servant+danbooru_tag+legacy_appearance_pack,2800300,True
fate_grand_order,lakshmi_bai_(fate),fate/grand_order,female_servant_official_name,103900,False
fate_grand_order,larva_tiamat_(fate),fate/grand_order,female_servant+danbooru_tag,1001600+205400,True
fate_grand_order,lavinia_whateley_(fate),fate/grand_order,legacy_appearance_pack,,True
fate_grand_order,leonardo_da_vinci_(caster)_(fate),fate/grand_order,legacy_appearance_pack,,True
fate_grand_order,leonardo_da_vinci_(fate),fate/grand_order,female_servant+danbooru_tag+legacy_appearance_pack,403500+500900+901200,True
fate_grand_order,leonardo_da_vinci_(rider)_(fate),fate/grand_order,legacy_appearance_pack,,True
fate_grand_order,leonardo_da_vinci_(rider)_(first_ascension)_(fate),fate/grand_order,legacy_appearance_pack,,True
fate_grand_order,lilith_(fate),fate/grand_order,female_servant+danbooru_tag+legacy_appearance_pack,405900+705100,True
fate_grand_order,lilith_(second_ascension)_(fate),fate/grand_order,legacy_appearance_pack,,True
fate_grand_order,lilith_(swimsuit_rider)_(first_ascension)_(fate),fate/grand_order,legacy_appearance_pack,,True
fate_grand_order,locusta_(fate),fate/grand_order,female_servant+danbooru_tag+legacy_appearance_pack,604800,True
fate_grand_order,lord_logres_(fate),fate/grand_order,female_servant+danbooru_tag,106500,True
fate_grand_order,louhi_(fate),fate/grand_order,female_servant+danbooru_tag,705000,True
fate_grand_order,manannan_mac_lir_(bazett)_(fate),fate/grand_order,female_servant_official_name,1001100,False
fate_grand_order,marie_antoinette_(alter)_(fate),fate/grand_order,female_servant+danbooru_tag,1101300,True
fate_grand_order,marie_antoinette_(fate),fate/grand_order,female_servant+danbooru_tag+legacy_appearance_pack,401700+502700,True
fate_grand_order,martha_(fate),fate/grand_order,female_servant+danbooru_tag+legacy_appearance_pack,401900+900400,True
fate_grand_order,martha_(rider)_(fate),fate/grand_order,legacy_appearance_pack,,True
fate_grand_order,martha_(santa)_(fate),fate/grand_order,female_servant+danbooru_tag,505000,True
fate_grand_order,martha_(swimsuit_ruler)_(fate),fate/grand_order,legacy_appearance_pack,,True
fate_grand_order,martha_(swimsuit_ruler)_(third_ascension)_(fate),fate/grand_order,legacy_appearance_pack,,True
fate_grand_order,mary_anning_(fate),fate/grand_order,female_servant+danbooru_tag,304900,True
fate_grand_order,mash_kyrielight,fate/grand_order,female_servant+danbooru_tag+legacy_appearance_pack,800100,True
fate_grand_order,mash_kyrielight_(chaldea_uniform),fate/grand_order,legacy_appearance_pack,,True
fate_grand_order,mash_kyrielight_(dangerous_beast),fate/grand_order,legacy_appearance_pack,,True
fate_grand_order,mash_kyrielight_(demi-servant),fate/grand_order,legacy_appearance_pack,,True
fate_grand_order,mash_kyrielight_(ortenaus),fate/grand_order,legacy_appearance_pack,,True
fate_grand_order,mash_kyrielight_(paladin),fate/grand_order,legacy_appearance_pack,,True
fate_grand_order,mash_kyrielight_(swimsuit_of_perpetual_summer),fate/grand_order,legacy_appearance_pack,,True
fate_grand_order,mash_kyrielight_(swimsuit_of_perpetual_summer_ver.02),fate/grand_order,legacy_appearance_pack,,True
fate_grand_order,mata_hari_(fate),fate/grand_order,female_servant+danbooru_tag+legacy_appearance_pack,601400,True
fate_grand_order,matou_sakura,fate/grand_order,legacy_appearance_pack,,True
fate_grand_order,mecha_eli-chan_(fate),fate/grand_order,female_servant+danbooru_tag,1000400,True
fate_grand_order,mecha_eli-chan_mk_ii_(fate),fate/grand_order,female_servant_official_name,1000500,False
fate_grand_order,medb_(fate),fate/grand_order,legacy_appearance_pack,,True
fate_grand_order,medb_(third_ascension)_(fate),fate/grand_order,legacy_appearance_pack,,True
fate_grand_order,medea_(caster)_(fate),fate/grand_order,legacy_appearance_pack,,True
fate_grand_order,medea_(fate),fate/grand_order,female_servant+danbooru_tag+legacy_appearance_pack,500100,True
fate_grand_order,medea_lily_(fate),fate/grand_order,female_servant+danbooru_tag+legacy_appearance_pack,501700,True
fate_grand_order,medusa_(fate),fate/grand_order,female_servant+danbooru_tag+legacy_appearance_pack,105600+302700+400100,True
fate_grand_order,medusa_(lancer)_(fate),fate/grand_order,legacy_appearance_pack,,True
fate_grand_order,medusa_(rider)_(fate),fate/grand_order,legacy_appearance_pack,,True
fate_grand_order,medusa_(rider)_(third_ascension)_(fate),fate/grand_order,legacy_appearance_pack,,True
fate_grand_order,meltryllis_(fate),fate/grand_order,female_servant+danbooru_tag+legacy_appearance_pack,1000200,True
fate_grand_order,meltryllis_(swimsuit_lancer)_(fate),fate/grand_order,legacy_appearance_pack,,True
fate_grand_order,meltryllis_(swimsuit_lancer)_(first_ascension)_(fate),fate/grand_order,legacy_appearance_pack,,True
fate_grand_order,meltryllis_(third_ascension)_(fate),fate/grand_order,legacy_appearance_pack,,True
fate_grand_order,melusine_(fate),fate/grand_order,female_servant+danbooru_tag+legacy_appearance_pack,304800+901700,True
fate_grand_order,melusine_(second_ascension)_(fate),fate/grand_order,legacy_appearance_pack,,True
fate_grand_order,melusine_(swimsuit_ruler)_(fate),fate/grand_order,legacy_appearance_pack,,True
fate_grand_order,melusine_(swimsuit_ruler)_(first_ascension)_(fate),fate/grand_order,legacy_appearance_pack,,True
fate_grand_order,merlin_(caster)_(fate/prototype),fate/grand_order,legacy_appearance_pack,,True
fate_grand_order,merlin_(fate/prototype),fate/grand_order,legacy_appearance_pack,,True
fate_grand_order,metatron_jeanne_(fate),fate/grand_order,female_servant+danbooru_tag,901900,True
fate_grand_order,minamoto-no-raikou_ushi_gozen_(fate),fate/grand_order,female_servant_official_name,1101800,False
fate_grand_order,minamoto_no_raikou_(fate),fate/grand_order,female_servant_official_name+legacy_appearance_pack,302900+702300,True
fate_grand_order,minamoto_no_raikou_(first_ascension)_(fate),fate/grand_order,legacy_appearance_pack,,True
fate_grand_order,minamoto_no_raikou_(second_ascension)_(fate),fate/grand_order,legacy_appearance_pack,,True
fate_grand_order,minamoto_no_raikou_(swimsuit_lancer)_(fate),fate/grand_order,legacy_appearance_pack,,True
fate_grand_order,minamoto_no_raikou_(swimsuit_lancer)_(third_ascension)_(fate),fate/grand_order,legacy_appearance_pack,,True
fate_grand_order,miss_crane_(fate),fate/grand_order,female_servant+danbooru_tag+legacy_appearance_pack,504600,True
fate_grand_order,miyamoto_musashi_(fate),fate/grand_order,female_servant+danbooru_tag+legacy_appearance_pack,101700+703600,True
fate_grand_order,miyamoto_musashi_(first_ascension)_(fate),fate/grand_order,legacy_appearance_pack,,True
fate_grand_order,miyamoto_musashi_(second_ascension)_(fate),fate/grand_order,legacy_appearance_pack,,True
fate_grand_order,miyamoto_musashi_(swimsuit_berserker)_(fate),fate/grand_order,legacy_appearance_pack,,True
fate_grand_order,miyamoto_musashi_(swimsuit_berserker)_(first_ascension)_(fate),fate/grand_order,legacy_appearance_pack,,True
fate_grand_order,miyamoto_musashi_(swimsuit_berserker)_(second_ascension)_(fate),fate/grand_order,legacy_appearance_pack,,True
fate_grand_order,miyamoto_musashi_(swimsuit_berserker)_(third_ascension)_(fate),fate/grand_order,legacy_appearance_pack,,True
fate_grand_order,miyamoto_musashi_(third_ascension)_(fate),fate/grand_order,legacy_appearance_pack,,True
fate_grand_order,miyu_edelfelt,fate/grand_order,female_servant+danbooru_tag+legacy_appearance_pack,306000+504100,True
fate_grand_order,mochizuki_chiyome_(fate),fate/grand_order,female_servant+danbooru_tag,602900,True
fate_grand_order,mordred_(fate),fate/grand_order,female_servant+danbooru_tag+legacy_appearance_pack,100900+402400,True
fate_grand_order,mordred_(fate/apocrypha),fate/grand_order,legacy_appearance_pack,,True
fate_grand_order,mordred_(memories_at_trifas)_(fate),fate/grand_order,legacy_appearance_pack,,True
fate_grand_order,mordred_(swimsuit_rider)_(fate),fate/grand_order,legacy_appearance_pack,,True
fate_grand_order,mordred_(swimsuit_rider)_(first_ascension)_(fate),fate/grand_order,legacy_appearance_pack,,True
fate_grand_order,mordred_(third_ascension)_(fate),fate/grand_order,legacy_appearance_pack,,True
fate_grand_order,morgan_(fate),fate/grand_order,female_servant+danbooru_tag,704000,True
fate_grand_order,morgan_le_fay_(fate),fate/grand_order,legacy_appearance_pack,,True
fate_grand_order,morgan_le_fay_(queen_of_winter)_(fate),fate/grand_order,legacy_appearance_pack,,True
fate_grand_order,morgan_le_fay_(second_ascension)_(fate),fate/grand_order,legacy_appearance_pack,,True
fate_grand_order,morgan_le_fay_(third_ascension)_(fate),fate/grand_order,legacy_appearance_pack,,True
fate_grand_order,morgan_le_fay_(water_princess)_(fate),fate/grand_order,legacy_appearance_pack,,True
fate_grand_order,murasaki_shikibu_(fate),fate/grand_order,female_servant+danbooru_tag+legacy_appearance_pack,404100+504200,True
fate_grand_order,murasaki_shikibu_(first_ascension)_(fate),fate/grand_order,legacy_appearance_pack,,True
fate_grand_order,mysterious_alter_ego_λ_(fate),fate/grand_order,female_servant_official_name,304000,False
fate_grand_order,mysterious_executor_c_i_e_l_(fate),fate/grand_order,female_servant_official_name,2300900,False
fate_grand_order,mysterious_heroine_x_(fate),fate/grand_order,female_servant+danbooru_tag+legacy_appearance_pack,601800,True
fate_grand_order,mysterious_heroine_x_alter_(fate),fate/grand_order,female_servant+danbooru_tag+legacy_appearance_pack,702400,True
fate_grand_order,mysterious_heroine_xx_(alter)_(fate),fate/grand_order,female_servant_official_name,2501600,False
fate_grand_order,mysterious_heroine_xx_(fate),fate/grand_order,female_servant+danbooru_tag+legacy_appearance_pack,2500300,True
fate_grand_order,mysterious_idol_x_(alter)_(fate),fate/grand_order,female_servant+danbooru_tag,2500800,True
fate_grand_order,mysterious_ranmaru_x_(fate),fate/grand_order,legacy_appearance_pack,,True
fate_grand_order,nagao_kagetora_(fate),fate/grand_order,female_servant+danbooru_tag+legacy_appearance_pack,303800,True
fate_grand_order,nero_claudius_(bride)_(fate),fate/grand_order,female_servant+danbooru_tag+legacy_appearance_pack,100600,True
fate_grand_order,nero_claudius_(fate),fate/grand_order,female_servant+danbooru_tag+legacy_appearance_pack,100500+503200,True
fate_grand_order,nero_claudius_(fate/extra),fate/grand_order,legacy_appearance_pack,,True
fate_grand_order,nero_claudius_(olympian_bloomers)_(fate),fate/grand_order,legacy_appearance_pack,,True
fate_grand_order,nero_claudius_(swimsuit_caster)_(fate),fate/grand_order,legacy_appearance_pack,,True
fate_grand_order,nezha_(fate),fate/grand_order,female_servant+danbooru_tag,303100,True
fate_grand_order,nine-tattoo_dragon_elisa_(fate),fate/grand_order,female_servant_official_name,2800400,False
fate_grand_order,nitocris_(caster)_(fate),fate/grand_order,legacy_appearance_pack,,True
fate_grand_order,nitocris_(fate),fate/grand_order,female_servant+danbooru_tag+legacy_appearance_pack,501200+602800,True
fate_grand_order,nitocris_(swimsuit_assassin)_(fate),fate/grand_order,legacy_appearance_pack,,True
fate_grand_order,nitocris_alter_(fate),fate/grand_order,female_servant_official_name+legacy_appearance_pack,1101500,True
fate_grand_order,nursery_rhyme_(fate),fate/grand_order,female_servant+danbooru_tag+legacy_appearance_pack,500400,True
fate_grand_order,nursery_rhyme_(third_ascension)_(fate),fate/grand_order,legacy_appearance_pack,,True
fate_grand_order,oda_nobunaga_(fate),fate/grand_order,female_servant+danbooru_tag+legacy_appearance_pack,202400+702900,True
fate_grand_order,oda_nobunaga_(koha-ace),fate/grand_order,legacy_appearance_pack,,True
fate_grand_order,oda_nobunaga_(maou_avenger)_(fate),fate/grand_order,legacy_appearance_pack,,True
fate_grand_order,oda_nobunaga_(swimsuit_berserker)_(fate),fate/grand_order,legacy_appearance_pack,,True
fate_grand_order,oda_nobunaga_(swimsuit_berserker)_(first_ascension)_(fate),fate/grand_order,legacy_appearance_pack,,True
fate_grand_order,okita_j_souji_(fate),fate/grand_order,female_servant_official_name,604000,False
fate_grand_order,okita_souji_(fate),fate/grand_order,female_servant+danbooru_tag+legacy_appearance_pack,102700,True
fate_grand_order,okita_souji_(first_ascension)_(fate),fate/grand_order,legacy_appearance_pack,,True
fate_grand_order,okita_souji_(koha-ace),fate/grand_order,legacy_appearance_pack,,True
fate_grand_order,okita_souji_(second_ascension)_(fate),fate/grand_order,legacy_appearance_pack,,True
fate_grand_order,okita_souji_(third_ascension)_(fate),fate/grand_order,legacy_appearance_pack,,True
fate_grand_order,okita_souji_alter_(fate),fate/grand_order,legacy_appearance_pack,,True
fate_grand_order,olga_marie_animusphere,fate/grand_order,legacy_appearance_pack,,True
fate_grand_order,olga_marie_animusphere_(unbeast),fate/grand_order,legacy_appearance_pack,,True
fate_grand_order,ono-no-komachi_(fate),fate/grand_order,female_servant_official_name,205600+505800,False
fate_grand_order,ortlinde_(fate),fate/grand_order,female_servant+danbooru_tag,604300,True
fate_grand_order,oryou_(fate),fate/grand_order,legacy_appearance_pack,,True
fate_grand_order,osakabehime_(fate),fate/grand_order,female_servant+danbooru_tag+legacy_appearance_pack,203600+603100,True
fate_grand_order,parvati_(fate),fate/grand_order,female_servant+danbooru_tag+legacy_appearance_pack,303000,True
fate_grand_order,passionlip_(fate),fate/grand_order,female_servant+danbooru_tag+legacy_appearance_pack,1000100+106300,True
fate_grand_order,passionlip_(swimsuit_saber)_(first_ascension)_(fate),fate/grand_order,legacy_appearance_pack,,True
fate_grand_order,paul_bunyan_(fate),fate/grand_order,female_servant+danbooru_tag+legacy_appearance_pack,702800,True
fate_grand_order,paul_bunyan_(third_ascension)_(fate),fate/grand_order,legacy_appearance_pack,,True
fate_grand_order,penthesilea_(fate),fate/grand_order,female_servant+danbooru_tag,702700,True
fate_grand_order,phantas-moon,fate/grand_order,legacy_appearance_pack,,True
fate_grand_order,phantasmoon_(fate),fate/grand_order,female_servant_official_name,2800900,False
fate_grand_order,pollux_(fate),fate/grand_order,legacy_appearance_pack,,True
fate_grand_order,pope_johanna_(fate),fate/grand_order,female_servant_official_name,901600,False
fate_grand_order,prisma_illya,fate/grand_order,legacy_appearance_pack,,True
fate_grand_order,qin_liangyu_(fate),fate/grand_order,female_servant+danbooru_tag+legacy_appearance_pack,303500,True
fate_grand_order,queen_draco_(fate),fate/grand_order,legacy_appearance_pack,,True
fate_grand_order,queen_medb_(fate),fate/grand_order,female_servant_official_name,103400+401300,False
fate_grand_order,queen_of_sheba_(fate),fate/grand_order,female_servant+danbooru_tag+legacy_appearance_pack,503400,True
fate_grand_order,quetzalcoatl_(fate),fate/grand_order,female_servant+danbooru_tag+legacy_appearance_pack,401800,True
fate_grand_order,quetzalcoatl_(samba_santa)_(fate),fate/grand_order,female_servant+danbooru_tag,900700,True
fate_grand_order,reines_el-melloi_archisorte,fate/grand_order,legacy_appearance_pack,,True
fate_grand_order,ryougi_shiki,fate/grand_order,female_servant+danbooru_tag+legacy_appearance_pack,102800+602300,True
fate_grand_order,saber_alter,fate/grand_order,legacy_appearance_pack,,True
fate_grand_order,saber_lily,fate/grand_order,legacy_appearance_pack,,True
fate_grand_order,saika_magoichi_(fate),fate/grand_order,female_servant+danbooru_tag,205200,True
fate_grand_order,salome_(fate),fate/grand_order,female_servant+danbooru_tag,703400,True
fate_grand_order,scathach-skadi_(fate),fate/grand_order,female_servant+danbooru_tag+legacy_appearance_pack,503900+901400,True
fate_grand_order,scathach_(fate),fate/grand_order,female_servant+danbooru_tag+legacy_appearance_pack,301300+602400,True
fate_grand_order,scathach_(lancer)_(fate),fate/grand_order,legacy_appearance_pack,,True
fate_grand_order,scathach_(loungewear_mode)_(fate),fate/grand_order,legacy_appearance_pack,,True
fate_grand_order,scathach_(piercing_bunny)_(fate),fate/grand_order,legacy_appearance_pack,,True
fate_grand_order,scathach_(swimsuit_assassin)_(fate),fate/grand_order,legacy_appearance_pack,,True
fate_grand_order,scathach_(third_ascension)_(fate),fate/grand_order,legacy_appearance_pack,,True
fate_grand_order,scheherazade_(fate),fate/grand_order,female_servant+danbooru_tag+legacy_appearance_pack,503000,True
fate_grand_order,sei_shounagon_(fate),fate/grand_order,female_servant+danbooru_tag+legacy_appearance_pack,204000+704100,True
fate_grand_order,sei_shounagon_(first_ascension)_(fate),fate/grand_order,legacy_appearance_pack,,True
fate_grand_order,semiramis_(fate),fate/grand_order,female_servant+danbooru_tag,603200,True
fate_grand_order,sen_no_rikyu_(fate),fate/grand_order,female_servant_official_name+legacy_appearance_pack,704400,True
fate_grand_order,sessyoin_kiara,fate/grand_order,female_servant+danbooru_tag+legacy_appearance_pack,1000300+2300400,True
fate_grand_order,sessyoin_kiara_(heaven's_hole),fate/grand_order,legacy_appearance_pack,,True
fate_grand_order,sessyoin_kiara_(lily),fate/grand_order,legacy_appearance_pack,,True
fate_grand_order,sessyoin_kiara_(swimsuit_mooncancer)_(first_ascension),fate/grand_order,legacy_appearance_pack,,True
fate_grand_order,shuten_douji_(fate),fate/grand_order,female_servant_official_name+legacy_appearance_pack,504000+602100,True
fate_grand_order,shuten_douji_(first_ascension)_(fate),fate/grand_order,legacy_appearance_pack,,True
fate_grand_order,shuten_douji_(halloween_caster)_(fate),fate/grand_order,legacy_appearance_pack,,True
fate_grand_order,sima_yi_(reines)_(fate),fate/grand_order,female_servant_official_name,403200,False
fate_grand_order,sion_eltnam_sokaris,fate/grand_order,legacy_appearance_pack,,True
fate_grand_order,sitonai_(fate),fate/grand_order,female_servant+danbooru_tag+legacy_appearance_pack,1000800,True
fate_grand_order,sodom's_beast_draco_(fate),fate/grand_order,female_servant_official_name,3300100,False
fate_grand_order,space_ishtar_(fate),fate/grand_order,female_servant+danbooru_tag,1100900,True
fate_grand_order,stheno_(fate),fate/grand_order,female_servant+danbooru_tag+legacy_appearance_pack,601000,True
fate_grand_order,super_bunyan_(fate),fate/grand_order,female_servant+danbooru_tag,1001300,True
fate_grand_order,suzuka_gozen_(fate),fate/grand_order,female_servant+danbooru_tag+legacy_appearance_pack,103000,True
fate_grand_order,suzuka_gozen_(summer_vacation)_(fate),fate/grand_order,female_servant+danbooru_tag,405000,True
fate_grand_order,tamamo_cat_(fate),fate/grand_order,female_servant+danbooru_tag+legacy_appearance_pack,701600,True
fate_grand_order,tamamo_cat_(first_ascension)_(fate),fate/grand_order,legacy_appearance_pack,,True
fate_grand_order,tamamo_cat_(second_ascension)_(fate),fate/grand_order,legacy_appearance_pack,,True
fate_grand_order,tamamo_cat_(third_ascension)_(fate),fate/grand_order,legacy_appearance_pack,,True
fate_grand_order,tamamo_no_mae_(fate),fate/grand_order,female_servant_official_name+legacy_appearance_pack,302400+500300,True
fate_grand_order,tamamo_no_mae_(swimsuit_lancer)_(fate),fate/grand_order,legacy_appearance_pack,,True
fate_grand_order,tamamo_no_mae_(swimsuit_lancer)_(third_ascension)_(fate),fate/grand_order,legacy_appearance_pack,,True
fate_grand_order,tamamo_no_mae_(third_ascension)_(fate),fate/grand_order,legacy_appearance_pack,,True
fate_grand_order,tenochtitlan_(fate),fate/grand_order,female_servant+danbooru_tag+legacy_appearance_pack,2301000,True
fate_grand_order,thrud_(fate),fate/grand_order,female_servant+danbooru_tag+legacy_appearance_pack,604500,True
fate_grand_order,tiamat_(fate),fate/grand_order,female_servant+danbooru_tag+legacy_appearance_pack,9935400,True
fate_grand_order,tlaloc_(fate),fate/grand_order,female_servant+danbooru_tag,2800500,True
fate_grand_order,tohsaka_rin,fate/grand_order,legacy_appearance_pack,,True
fate_grand_order,tomoe_gozen_(fate),fate/grand_order,female_servant+danbooru_tag+legacy_appearance_pack,104500+202100,True
fate_grand_order,tomoe_gozen_(first_ascension)_(fate),fate/grand_order,legacy_appearance_pack,,True
fate_grand_order,tomoe_gozen_(swimsuit_saber)_(first_ascension)_(fate),fate/grand_order,legacy_appearance_pack,,True
fate_grand_order,trung_nhi_(fate),fate/grand_order,legacy_appearance_pack,,True
fate_grand_order,trung_trac_(fate),fate/grand_order,legacy_appearance_pack,,True
fate_grand_order,trung_trac_(second_ascension)_(fate),fate/grand_order,legacy_appearance_pack,,True
fate_grand_order,typhon_ephemeros_(fate),fate/grand_order,female_servant+danbooru_tag+legacy_appearance_pack,2801100,True
fate_grand_order,u-olga_marie,fate/grand_order,female_servant+danbooru_tag+legacy_appearance_pack,4000100,True
fate_grand_order,udk-barghest_(fate),fate/grand_order,female_servant_official_name,204900,False
fate_grand_order,uesugi_kenshin_(fate),fate/grand_order,female_servant+danbooru_tag,901800,True
fate_grand_order,urd_(fate),fate/grand_order,legacy_appearance_pack,,True
fate_grand_order,urðr_(fate),fate/grand_order,female_servant_official_name,205500,False
fate_grand_order,ushiwakamaru_(fate),fate/grand_order,female_servant+danbooru_tag+legacy_appearance_pack,401400+603400,True
fate_grand_order,ushiwakamaru_(second_ascension)_(fate),fate/grand_order,legacy_appearance_pack,,True
fate_grand_order,utsumi_erice,fate/grand_order,female_servant+danbooru_tag+legacy_appearance_pack,1101400+304300,True
fate_grand_order,utsumi_erice_(lancer),fate/grand_order,legacy_appearance_pack,,True
fate_grand_order,valkyrie_(fate),fate/grand_order,female_servant+danbooru_tag,303300,True
fate_grand_order,van_gogh_(fate),fate/grand_order,female_servant+danbooru_tag+legacy_appearance_pack,2500600,True
fate_grand_order,van_gogh_(first_ascension)_(fate),fate/grand_order,legacy_appearance_pack,,True
fate_grand_order,van_gogh_(miner)_(fate),fate/grand_order,female_servant+danbooru_tag,305600,True
fate_grand_order,vritra_(fate),fate/grand_order,female_servant+danbooru_tag+legacy_appearance_pack,304600,True
fate_grand_order,wu_zetian_(fate),fate/grand_order,female_servant+danbooru_tag+legacy_appearance_pack,505200+602700,True
fate_grand_order,wu_zetian_(first_ascension)_(fate),fate/grand_order,legacy_appearance_pack,,True
fate_grand_order,xu_fu_(fate),fate/grand_order,female_servant+danbooru_tag+legacy_appearance_pack,1001400+1101900,True
fate_grand_order,xuangzang_sanzang_(fate),fate/grand_order,legacy_appearance_pack,,True
fate_grand_order,xuanzang_sanzang_(fate),fate/grand_order,female_servant_official_name,502200,False
fate_grand_order,yang_guifei_(fate),fate/grand_order,female_servant+danbooru_tag+legacy_appearance_pack,2500400,True
fate_grand_order,yang_guifei_(first_ascension)_(fate),fate/grand_order,legacy_appearance_pack,,True
fate_grand_order,yang_guifei_(second_ascension)_(fate),fate/grand_order,legacy_appearance_pack,,True
fate_grand_order,yu_mei-ren_(fate),fate/grand_order,female_servant+danbooru_tag+legacy_appearance_pack,304400+603500,True
fate_grand_order,yu_mei-ren_(first_ascension)_(fate),fate/grand_order,legacy_appearance_pack,,True
fate_grand_order,yu_mei-ren_(swimsuit_lancer)_(fate),fate/grand_order,legacy_appearance_pack,,True
fate_grand_order,yu_mei-ren_(third_ascension)_(fate),fate/grand_order,legacy_appearance_pack,,True
fate_grand_order,yui_shousetsu_(fate),fate/grand_order,female_servant+danbooru_tag,505400,True
fate_grand_order,zenobia_(fate),fate/grand_order,female_servant+danbooru_tag+legacy_appearance_pack,204500,True
vocaloid,25-ji_miku,vocaloid,legacy_appearance_pack,,True
vocaloid,batsu_miku,vocaloid,legacy_appearance_pack,,True
vocaloid,bug_miku_(project_voltage),vocaloid,legacy_appearance_pack,,True
vocaloid,dark_miku_(project_voltage),vocaloid,legacy_appearance_pack,,True
vocaloid,expo_miku,vocaloid,legacy_appearance_pack,,True
vocaloid,fairy_miku_(project_voltage),vocaloid,legacy_appearance_pack,,True
vocaloid,fighting_miku_(project_voltage),vocaloid,legacy_appearance_pack,,True
vocaloid,fire_miku_(project_voltage),vocaloid,legacy_appearance_pack,,True
vocaloid,flower_(vocaloid),vocaloid,legacy_appearance_pack,,True
vocaloid,flower_(vocaloid3),vocaloid,legacy_appearance_pack,,True
vocaloid,flower_(vocaloid4),vocaloid,legacy_appearance_pack,,True
vocaloid,flying_miku_(project_voltage),vocaloid,legacy_appearance_pack,,True
vocaloid,galaco,vocaloid,legacy_appearance_pack,,True
vocaloid,ghost_miku_(project_voltage),vocaloid,legacy_appearance_pack,,True
vocaloid,gumi,vocaloid,legacy_appearance_pack,,True
vocaloid,gumi_(ai_megpoid),vocaloid,legacy_appearance_pack,,True
vocaloid,gumi_(v3_megpoid),vocaloid,legacy_appearance_pack,,True
vocaloid,hachune_miku,vocaloid,legacy_appearance_pack,,True
vocaloid,hatsune_miku,vocaloid,legacy_appearance_pack,,True
vocaloid,hatsune_miku_(append),vocaloid,legacy_appearance_pack,,True
vocaloid,hatsune_miku_(blue_archive),vocaloid,legacy_appearance_pack,,True
vocaloid,hatsune_miku_(nt),vocaloid,legacy_appearance_pack,,True
vocaloid,hatsune_miku_(supreme),vocaloid,legacy_appearance_pack,,True
vocaloid,hatsune_miku_(vocaloid3),vocaloid,legacy_appearance_pack,,True
vocaloid,hatsune_miku_(vocaloid4),vocaloid,legacy_appearance_pack,,True
vocaloid,hatsune_miku_(vocaloid6),vocaloid,legacy_appearance_pack,,True
vocaloid,hiramado_miku,vocaloid,legacy_appearance_pack,,True
vocaloid,ia_(vocaloid),vocaloid,legacy_appearance_pack,,True
vocaloid,kaai_yuki,vocaloid,legacy_appearance_pack,,True
vocaloid,kagamine_rin,vocaloid,legacy_appearance_pack,,True
vocaloid,kagamine_rin_(append),vocaloid,legacy_appearance_pack,,True
vocaloid,kagamine_rin_(nt),vocaloid,legacy_appearance_pack,,True
vocaloid,kagamine_rin_(vocaloid4),vocaloid,legacy_appearance_pack,,True
vocaloid,kizuna_akari,vocaloid,legacy_appearance_pack,,True
vocaloid,leo/need_miku,vocaloid,legacy_appearance_pack,,True
vocaloid,lily_(vocaloid),vocaloid,legacy_appearance_pack,,True
vocaloid,luo_tianyi,vocaloid,legacy_appearance_pack,,True
vocaloid,luo_tianyi_(vocaloid3),vocaloid,legacy_appearance_pack,,True
vocaloid,magical_mirai_miku,vocaloid,legacy_appearance_pack,,True
vocaloid,mayu_(vocaloid),vocaloid,legacy_appearance_pack,,True
vocaloid,megurine_luka,vocaloid,legacy_appearance_pack,,True
vocaloid,meiko_(vocaloid),vocaloid,legacy_appearance_pack,,True
vocaloid,meiko_(vocaloid3),vocaloid,legacy_appearance_pack,,True
vocaloid,mikudayo,vocaloid,legacy_appearance_pack,,True
vocaloid,more_more_jump!_miku,vocaloid,legacy_appearance_pack,,True
vocaloid,normal_miku_(project_voltage),vocaloid,legacy_appearance_pack,,True
vocaloid,otomachi_una,vocaloid,legacy_appearance_pack,,True
vocaloid,otomachi_una_(sugar),vocaloid,legacy_appearance_pack,,True
vocaloid,otomachi_una_(talkex),vocaloid,legacy_appearance_pack,,True
vocaloid,poison_miku_(project_voltage),vocaloid,legacy_appearance_pack,,True
vocaloid,psychic_miku_(project_voltage),vocaloid,legacy_appearance_pack,,True
vocaloid,racing_miku,vocaloid,legacy_appearance_pack,,True
vocaloid,rana_(vocaloid),vocaloid,legacy_appearance_pack,,True
vocaloid,rock_miku_(project_voltage),vocaloid,legacy_appearance_pack,,True
vocaloid,sakura_miku,vocaloid,legacy_appearance_pack,,True
vocaloid,seeu,vocaloid,legacy_appearance_pack,,True
vocaloid,sf-a2_miki,vocaloid,legacy_appearance_pack,,True
vocaloid,steel_miku_(project_voltage),vocaloid,legacy_appearance_pack,,True
vocaloid,vivid_bad_squad_meiko,vocaloid,legacy_appearance_pack,,True
vocaloid,vivid_bad_squad_miku,vocaloid,legacy_appearance_pack,,True
vocaloid,water_miku_(project_voltage),vocaloid,legacy_appearance_pack,,True
vocaloid,wonderlands_x_showtime_miku,vocaloid,legacy_appearance_pack,,True
vocaloid,xingchen,vocaloid,legacy_appearance_pack,,True
vocaloid,yuezheng_ling,vocaloid,legacy_appearance_pack,,True
vocaloid,yuki_miku,vocaloid,legacy_appearance_pack,,True
vocaloid,yuzuki_yukari,vocaloid,legacy_appearance_pack,,True
touhou,aki_minoriko,touhou,legacy_appearance_pack,,True
touhou,aki_shizuha,touhou,legacy_appearance_pack,,True
touhou,alice_margatroid,touhou,legacy_appearance_pack,,True
touhou,alice_margatroid_(pc-98),touhou,legacy_appearance_pack,,True
touhou,chen,touhou,legacy_appearance_pack,,True
touhou,cirno,touhou,legacy_appearance_pack,,True
touhou,clownpiece,touhou,legacy_appearance_pack,,True
touhou,daiyousei,touhou,legacy_appearance_pack,,True
touhou,doremy_sweet,touhou,legacy_appearance_pack,,True
touhou,eternity_larva,touhou,legacy_appearance_pack,,True
touhou,ex-keine,touhou,legacy_appearance_pack,,True
touhou,ex-rumia,touhou,legacy_appearance_pack,,True
touhou,flandre_scarlet,touhou,legacy_appearance_pack,,True
touhou,fujiwara_no_mokou,touhou,legacy_appearance_pack,,True
touhou,futatsuiwa_mamizou,touhou,legacy_appearance_pack,,True
touhou,futatsuiwa_mamizou_(human),touhou,legacy_appearance_pack,,True
touhou,goutokuji_mike,touhou,legacy_appearance_pack,,True
touhou,hakurei_reimu,touhou,legacy_appearance_pack,,True
touhou,hakurei_reimu_(pc-98),touhou,legacy_appearance_pack,,True
touhou,haniyasushin_keiki,touhou,legacy_appearance_pack,,True
touhou,hata_no_kokoro,touhou,legacy_appearance_pack,,True
touhou,hecatia_lapislazuli,touhou,legacy_appearance_pack,,True
touhou,hieda_no_akyuu,touhou,legacy_appearance_pack,,True
touhou,hijiri_byakuren,touhou,legacy_appearance_pack,,True
touhou,himekaidou_hatate,touhou,legacy_appearance_pack,,True
touhou,himemushi_momoyo,touhou,legacy_appearance_pack,,True
touhou,hinanawi_tenshi,touhou,legacy_appearance_pack,,True
touhou,hong_meiling,touhou,legacy_appearance_pack,,True
touhou,horikawa_raiko,touhou,legacy_appearance_pack,,True
touhou,hoshiguma_yuugi,touhou,legacy_appearance_pack,,True
touhou,hoshiguma_yuugi_(kimono),touhou,legacy_appearance_pack,,True
touhou,houjuu_nue,touhou,legacy_appearance_pack,,True
touhou,houraisan_kaguya,touhou,legacy_appearance_pack,,True
touhou,ibaraki_kasen,touhou,legacy_appearance_pack,,True
touhou,ibuki_suika,touhou,legacy_appearance_pack,,True
touhou,iizunamaru_megumu,touhou,legacy_appearance_pack,,True
touhou,imaizumi_kagerou,touhou,legacy_appearance_pack,,True
touhou,inaba_mob_(touhou),touhou,legacy_appearance_pack,,True
touhou,inaba_tewi,touhou,legacy_appearance_pack,,True
touhou,inubashiri_momiji,touhou,legacy_appearance_pack,,True
touhou,iwanaga_ariya,touhou,legacy_appearance_pack,,True
touhou,izayoi_sakuya,touhou,legacy_appearance_pack,,True
touhou,joutouguu_mayumi,touhou,legacy_appearance_pack,,True
touhou,junko_(touhou),touhou,legacy_appearance_pack,,True
touhou,kaenbyou_rin,touhou,legacy_appearance_pack,,True
touhou,kagiyama_hina,touhou,legacy_appearance_pack,,True
touhou,kaku_seiga,touhou,legacy_appearance_pack,,True
touhou,kamishirasawa_keine,touhou,legacy_appearance_pack,,True
touhou,kana_anaberal,touhou,legacy_appearance_pack,,True
touhou,kasodani_kyouko,touhou,legacy_appearance_pack,,True
touhou,kawashiro_nitori,touhou,legacy_appearance_pack,,True
touhou,kazami_yuuka,touhou,legacy_appearance_pack,,True
touhou,kazami_yuuka_(pc-98),touhou,legacy_appearance_pack,,True
touhou,kicchou_yachie,touhou,legacy_appearance_pack,,True
touhou,kijin_seija,touhou,legacy_appearance_pack,,True
touhou,kirisame_marisa,touhou,legacy_appearance_pack,,True
touhou,kirisame_marisa_(pc-98),touhou,legacy_appearance_pack,,True
touhou,kishin_sagume,touhou,legacy_appearance_pack,,True
touhou,kisume,touhou,legacy_appearance_pack,,True
touhou,kitashirakawa_chiyuri,touhou,legacy_appearance_pack,,True
touhou,koakuma,touhou,legacy_appearance_pack,,True
touhou,kochiya_sanae,touhou,legacy_appearance_pack,,True
touhou,komano_aunn,touhou,legacy_appearance_pack,,True
touhou,komeiji_koishi,touhou,legacy_appearance_pack,,True
touhou,komeiji_satori,touhou,legacy_appearance_pack,,True
touhou,konpaku_youmu,touhou,legacy_appearance_pack,,True
touhou,konpaku_youmu_(ghost),touhou,legacy_appearance_pack,,True
touhou,kudamaki_tsukasa,touhou,legacy_appearance_pack,,True
touhou,kumoi_ichirin,touhou,legacy_appearance_pack,,True
touhou,kurodani_yamame,touhou,legacy_appearance_pack,,True
touhou,kurokoma_saki,touhou,legacy_appearance_pack,,True
touhou,letty_whiterock,touhou,legacy_appearance_pack,,True
touhou,lily_white,touhou,legacy_appearance_pack,,True
touhou,luna_child,touhou,legacy_appearance_pack,,True
touhou,lunasa_prismriver,touhou,legacy_appearance_pack,,True
touhou,lyrica_prismriver,touhou,legacy_appearance_pack,,True
touhou,maribel_hearn,touhou,legacy_appearance_pack,,True
touhou,matara_okina,touhou,legacy_appearance_pack,,True
touhou,medicine_melancholy,touhou,legacy_appearance_pack,,True
touhou,merlin_prismriver,touhou,legacy_appearance_pack,,True
touhou,michigami_nareko,touhou,legacy_appearance_pack,,True
touhou,mima_(touhou),touhou,legacy_appearance_pack,,True
touhou,mitsugashira_enoko,touhou,legacy_appearance_pack,,True
touhou,miyako_yoshika,touhou,legacy_appearance_pack,,True
touhou,mizuhashi_parsee,touhou,legacy_appearance_pack,,True
touhou,mononobe_no_futo,touhou,legacy_appearance_pack,,True
touhou,moriya_suwako,touhou,legacy_appearance_pack,,True
touhou,motoori_kosuzu,touhou,legacy_appearance_pack,,True
touhou,murasa_minamitsu,touhou,legacy_appearance_pack,,True
touhou,mystia_lorelei,touhou,legacy_appearance_pack,,True
touhou,nagae_iku,touhou,legacy_appearance_pack,,True
touhou,nazrin,touhou,legacy_appearance_pack,,True
touhou,nishida_satono,touhou,legacy_appearance_pack,,True
touhou,niwatari_kutaka,touhou,legacy_appearance_pack,,True
touhou,okamisty,touhou,legacy_appearance_pack,,True
touhou,okazaki_yumemi,touhou,legacy_appearance_pack,,True
touhou,onozuka_komachi,touhou,legacy_appearance_pack,,True
touhou,patchouli_knowledge,touhou,legacy_appearance_pack,,True
touhou,reisen_(touhou_bougetsushou),touhou,legacy_appearance_pack,,True
touhou,reisen_udongein_inaba,touhou,legacy_appearance_pack,,True
touhou,reiuji_utsuho,touhou,legacy_appearance_pack,,True
touhou,remilia_scarlet,touhou,legacy_appearance_pack,,True
touhou,ringo_(touhou),touhou,legacy_appearance_pack,,True
touhou,rumia,touhou,legacy_appearance_pack,,True
touhou,saigyouji_yuyuko,touhou,legacy_appearance_pack,,True
touhou,sakata_nemuno,touhou,legacy_appearance_pack,,True
touhou,seiran_(touhou),touhou,legacy_appearance_pack,,True
touhou,sekibanki,touhou,legacy_appearance_pack,,True
touhou,shameimaru_aya,touhou,legacy_appearance_pack,,True
touhou,shameimaru_aya_(newsboy),touhou,legacy_appearance_pack,,True
touhou,shiki_eiki,touhou,legacy_appearance_pack,,True
touhou,shinki_(touhou),touhou,legacy_appearance_pack,,True
touhou,soga_no_tojiko,touhou,legacy_appearance_pack,,True
touhou,son_biten,touhou,legacy_appearance_pack,,True
touhou,star_sapphire,touhou,legacy_appearance_pack,,True
touhou,sukuna_shinmyoumaru,touhou,legacy_appearance_pack,,True
touhou,sunny_milk,touhou,legacy_appearance_pack,,True
touhou,tatara_kogasa,touhou,legacy_appearance_pack,,True
touhou,teireida_mai,touhou,legacy_appearance_pack,,True
touhou,tenkyuu_chimata,touhou,legacy_appearance_pack,,True
touhou,toramaru_shou,touhou,legacy_appearance_pack,,True
touhou,toutetsu_yuuma,touhou,legacy_appearance_pack,,True
touhou,toyosatomimi_no_miko,touhou,legacy_appearance_pack,,True
touhou,tsukumo_benben,touhou,legacy_appearance_pack,,True
touhou,tsukumo_yatsuhashi,touhou,legacy_appearance_pack,,True
touhou,usami_renko,touhou,legacy_appearance_pack,,True
touhou,usami_sumireko,touhou,legacy_appearance_pack,,True
touhou,ushizaki_urumi,touhou,legacy_appearance_pack,,True
touhou,wakasagihime,touhou,legacy_appearance_pack,,True
touhou,watatsuki_no_toyohime,touhou,legacy_appearance_pack,,True
touhou,watatsuki_no_yorihime,touhou,legacy_appearance_pack,,True
touhou,wriggle_nightbug,touhou,legacy_appearance_pack,,True
touhou,yagokoro_eirin,touhou,legacy_appearance_pack,,True
touhou,yakumo_ran,touhou,legacy_appearance_pack,,True
touhou,yakumo_yukari,touhou,legacy_appearance_pack,,True
touhou,yamashiro_takane,touhou,legacy_appearance_pack,,True
touhou,yasaka_kanako,touhou,legacy_appearance_pack,,True
touhou,yatadera_narumi,touhou,legacy_appearance_pack,,True
touhou,yorigami_jo'on,touhou,legacy_appearance_pack,,True
touhou,yorigami_shion,touhou,legacy_appearance_pack,,True
touhou,yuiman_asama,touhou,legacy_appearance_pack,,True
