character,in_name_pack,released_student,status,candidate_count,score,post_id,wiki_title,label,source_tier,source,url,visual_tags,character_tags,meta_tags,form_description
airi_(band)_(blue_archive),True,True,candidate_released,1,13,8302979,airi_(blue_archive),Band,publisher,https://twitter.com/en_bluearchive/status/1846846112327766062,https://danbooru.donmai.us/posts/8302979,brown_hair aqua_eyes white_halo blue_jacket open_jacket pleated_skirt white_shirt white_skirt long_hair,airi_(band)_(blue_archive) airi_(blue_archive),absurdres commentary english_commentary highres official_art promotional_art second-party_source,[[Official alternate costume]] for [[Airi (blue archive)|]] from [[Blue Archive]].  It is her when [[After-School Sweets club (blue archive)|]] acted as the band called [b]Sugar Rush[/b] for Trinity's school festival.  Voiced by: Chikako Sugimura Costume artist: [[mx2j]]
airi_(blue_archive),True,True,candidate_released,3,18,11382308,airi_(blue_archive),Default,game_asset,https://bluearchive.wiki/wiki/File:Airi_00.png,https://danbooru.donmai.us/posts/11382308,brown_hair green_eyes halo blue_sailor_collar frilled_skirt green_bowtie pleated_skirt school_uniform long_hair,airi_(blue_archive),game_asset highres large_variant_set official_art third-party_source variant_set,
airi_(halloween)_(blue_archive),False,False,candidate_npc_or_story,1,13,11861103,airi_(blue_archive),Halloween,game_asset,https://bluearchive.wiki/wiki/File:Airi_(School_Festival)_00.png,https://danbooru.donmai.us/posts/11861103,brown_hair green_eyes halo black_gloves black_shirt brown_boots green_jacket green_pants long_hair,airi_(blue_archive) airi_(halloween)_(blue_archive),game_asset highres large_variant_set official_art third-party_source variant_set,"The [[halloween costume]] worn by [[Airi (Blue Archive)|Airi]] from [[Blue Archive]]. Unsubtly themed after [[Jason Voorhees]], complete with [[hockey mask]]."
akane_(blue_archive),True,True,candidate_released,7,18,11389273,akane_(blue_archive),Default,game_asset,https://bluearchive.wiki/wiki/File:Akane_00.png,https://danbooru.donmai.us/posts/11389273,brown_hair grey_eyes yellow_halo black_dress blue_necktie frilled_apron long_dress maid_apron long_hair,akane_(blue_archive),game_asset highres large_variant_set official_art third-party_source variant_set,
akane_(bunny)_(blue_archive),True,True,candidate_released,2,13,5913058,akane_(blue_archive),Bunny,game_asset,https://static.miraheze.org/bluearchivewiki/d/d3/Akane_(Bunny_Girl)_full.png,https://danbooru.donmai.us/posts/5913058,brown_hair brown_eyes rabbit_ears halo aqua_bowtie brown_scarf highleg_leotard plaid_scarf strapless_leotard very_long_hair,akane_(blue_archive) akane_(bunny)_(blue_archive),game_asset highres official_art third-party_source,"The [[playboy bunny]] [[official alternate costume|costume]] of [[Blue Archive]]'s [[Akane (blue archive)|]].  In this costume, Akane wears the typical [[playboy bunny]] outfit that consist of [[white leotard|white]] [[highleg leotard]] with [[white pantyhose]] and her trademark [[brown shawl]] just"
akane_(school_uniform)_(blue_archive),True,True,candidate_released,4,6,11928554,akane_(school_uniform)_(blue_archive),supplemental search,publisher,https://jarvis.dn.nexoncdn.co.kr/bluearchive/gb/20260804/20260804083148838-0c3bd5f341894257ba664a33da0b00be.png,https://danbooru.donmai.us/posts/11928554,brown_hair brown_eyes halo blue_bowtie pleated_skirt school_uniform white_shirt shoes long_hair,akane_(blue_archive) akane_(school_uniform)_(blue_archive),absurdres highres official_art,
akari_(blue_archive),True,True,candidate_released,4,18,11389544,akari_(blue_archive),Default,game_asset,https://bluearchive.wiki/wiki/File:Akari_01.png,https://danbooru.donmai.us/posts/11389544,blonde_hair blue_eyes blue_halo black_dress black_gloves black_thighhighs frilled_gloves two-sided_dress braid very_long_hair,akari_(blue_archive),absurdres game_asset highres large_variant_set official_art third-party_source variant_set,
akari_(new_year)_(blue_archive),True,True,candidate_released,2,6,7286493,akari_(new_year)_(blue_archive),supplemental search,publisher,https://twitter.com/Blue_ArchiveJP/status/1764124018746306575,https://danbooru.donmai.us/posts/7286493,blonde_hair blue_eyes halo black_boots gloves kimono twintails long_hair,akari_(blue_archive) akari_(new_year)_(blue_archive),commentary_request highres official_art promotional_art,
akemi_(blue_archive),True,False,candidate_npc_or_story,2,17,7919987,akemi_(blue_archive),Default,game_mirror,https://static.wikia.nocookie.net/blue-archive/images/1/1e/Akemi_Portrait.png?format=original,https://danbooru.donmai.us/posts/7919987,blonde_hair grey_eyes red_halo fingerless_gloves long_skirt pleated_skirt red_gloves red_jacket long_hair,akemi_(blue_archive),absurdres commentary english_commentary highres official_art translated,
akira_(blue_archive),True,False,needs_source_or_visual_review,1,2,6257783,akira_(blue_archive),supplemental search,source_unverified,file://akira.png,https://danbooru.donmai.us/posts/6257783,pink_hair red_eyes cat_ears halo black_choker collared_shirt dress_shirt high-waist_pants white_gloves long_hair,akira_(blue_archive),absurdres highres non-web_source official_art resized upscaled,
ako_(blue_archive),True,True,candidate_released,7,17,5484525,ako_(blue_archive),Default,publisher,https://twitter.com/EN_BlueArchive/status/1539896039204966400,https://danbooru.donmai.us/posts/5484525,blue_hair blue_eyes blue_halo black_skirt black_thighhighs blue_gloves blue_hairband blue_jacket medium_hair,ako_(blue_archive),commentary english_commentary highres official_art promotional_art,
ako_(dress)_(blue_archive),True,True,candidate_released,3,12,7873022,ako_(blue_archive),Dress,publisher,https://x.com/EN_BlueArchive/status/1813865040652701701,https://danbooru.donmai.us/posts/7873022,blue_hair blue_halo backless_dress blue_dress sideless_dress sleeveless_dress short_hair,ako_(blue_archive) ako_(dress)_(blue_archive),absurdres commentary english_commentary highres official_art promotional_art,"The [[evening gown]] [[official alternate costume]] of [[Blue Archive]]'s [[Ako (blue archive)|]].  It consists of a [[blue dress|blue]] evening gown with a very noticeable [[plunging neckline]], and [[strappy heels]].  Costume artist: [[DoReMi_(doremi4704)]]"
ako_(track)_(blue_archive),True,False,candidate_npc_or_story,2,13,11678745,ako_(blue_archive),Track,game_asset,https://bluearchive.wiki/wiki/File:Ako_(Sportswear)_00.png,https://danbooru.donmai.us/posts/11678745,blue_hair blue_eyes blue_halo gym_uniform open_jacket red_hairband red_jacket track_jacket long_hair,ako_(blue_archive) ako_(track)_(blue_archive),game_asset highres large_variant_set official_art third-party_source variant_set,"The [[gym uniform]] [[official alternate costume]] of [[Blue Archive]]'s [[Ako (blue archive)|]], released during the [i]Get Set, Go! Kivotos Halo Games[/i] event."
anna_(blue_archive),True,True,candidate_released,2,5,12225150,anna_(blue_archive),supplemental search,publisher,https://x.com/Blue_ArchiveJP/status/2101507177118892342,https://danbooru.donmai.us/posts/12225150,grey_hair grey_eyes purple_halo black_boots black_pantyhose hat long_hair,anna_(blue_archive),commentary_request highres official_art promotional_art weapon_request,
aoba_(blue_archive),True,True,candidate_released,7,7,10022066,aoba_(blue_archive),supplemental search,game_asset,https://dszw1qtcnsa5e.cloudfront.net/community/20250918/279084be-cabc-46b1-a968-2ba8e9472c91/CH0288aobaognemoga.png,https://danbooru.donmai.us/posts/10022066,blonde_hair red_eyes yellow_halo black_hat white_skirt jacket twintails long_hair,aoba_(blue_archive),bad_link game_asset highres official_art,
aoba_(j_league)_(blue_archive),False,False,excluded_external_collaboration,2,1,11871077,aoba_(blue_archive),J League,source_unverified,https://content-central.rakuten.net/collection/feature/bluearchive_jleague_2026-27/img/modal_assets/04ichihara_member.png,https://danbooru.donmai.us/posts/11871077,blonde_hair red_eyes yellow_halo green_shorts short_shorts yellow_shirt yellow_shoes,aoba_(blue_archive) aoba_(j_league)_(blue_archive),official_art,An [[official alternate costume]] of [[Aoba (Blue Archive)|]] for the [[Blue Archive]] x J.League collab.  Costume artist: [[toshizou (0714)]]
aoba_(mom's_touch)_(blue_archive),False,False,excluded_external_collaboration,1,5,10624396,aoba_(blue_archive),Mom's Touch,publisher,https://nxm-clw-cdn.dn.nexoncdn.co.kr/ba/events/2025/09/momstouch_32e1u89/goods-figure-pc.png,https://danbooru.donmai.us/posts/10624396,red_eyes halo black_pantyhose brown_skirt grey_hat plaid_shirt pleated_skirt twintails,aoba_(blue_archive) aoba_(mom's_touch)_(blue_archive),highres official_art,An [[official alternate costume]] for [[Aoba (Blue Archive)|]] from the [[Mom's Touch]]/[[Blue Archive]] collab.
aoi_(blue_archive),True,False,candidate_npc_or_story,4,6,12025376,aoi_(blue_archive),supplemental search,publisher,https://jarvis.dn.nexoncdn.co.kr/bluearchive/gb/20260818/20260818100232576-efafe0130d9b4274a0a443c46aeffb23.png,https://danbooru.donmai.us/posts/12025376,blue_hair blue_eyes blue_halo pointy_ears adjusting_gloves blue_necktie cropped_jacket long_skirt ribbed_skirt short_hair,aoi_(blue_archive),absurdres bad_link highres official_art,
aoi_(j_league)_(blue_archive),False,False,excluded_external_collaboration,1,1,11871069,aoi_(blue_archive),J League,source_unverified,https://content-central.rakuten.net/collection/feature/bluearchive_jleague_2026-27/img/modal_assets/02mito_member.png,https://danbooru.donmai.us/posts/11871069,blue_eyes blue_halo pointy_ears black_shirt blue_shirt blue_skirt brown_pantyhose pencil_skirt short_hair,aoi_(blue_archive) aoi_(j_league)_(blue_archive),official_art,An [[official alternate costume]] of [[Aoi (Blue Archive)|]] for the [[Blue Archive]] x J.League collab.  Costume artist: [[momoshiki tsubaki]]
aris_(armed)_(blue_archive),True,True,candidate_released,3,5,10679475,aris_(armed)_(blue_archive),supplemental search,publisher,https://twitter.com/Blue_ArchiveJP/status/2015983618125099430,https://danbooru.donmai.us/posts/10679475,blue_hair blue_eyes halo very_long_hair,aris_(armed)_(blue_archive) aris_(blue_archive),commentary_request highres official_art promotional_art,
aris_(blue_archive),True,True,candidate_released,10,17,4447168,aris_(blue_archive),Default,game_mirror,https://bluearchive.wikiru.jp/attach2/E382A2E383AAE382B9_E382A2E383AAE382B976322E706E67.png,https://danbooru.donmai.us/posts/4447168,blue_hair blue_eyes black_hairband school_uniform boots jacket necktie very_long_hair,aris_(blue_archive),commentary_request official_art,
aris_(maid)_(blue_archive),True,True,candidate_released,3,7,7047654,kei_(orange_robot)_(blue_archive),supplemental search,game_asset,Self Extracted,https://danbooru.donmai.us/posts/7047654,black_hair blue_hair blue_eyes aqua_halo blue_necktie frilled_apron maid_apron maid_headdress white_apron ponytail,aris_(blue_archive) aris_(maid)_(blue_archive) kei_(orange_robot)_(blue_archive),absurdres game_asset highres non-web_source official_art,
aris_(moon_rabbit)_(blue_archive),False,False,needs_in_work_release_review,1,9,10875513,aris_(blue_archive),Moon Rabbit,source_unverified,https://www.bilibili.com/h5/mall/digital-card/home?act_id=109970,https://danbooru.donmai.us/posts/10875513,black_hair blue_eyes rabbit_ears halo strapless_dress white_dress white_pantyhose very_long_hair,aris_(blue_archive) aris_(moon_rabbit)_(blue_archive),bad_source highres official_art,[[Official alternate costume]] of [[Aris (Blue Archive)|]].
aris_(winter)_(blue_archive),False,False,candidate_npc_or_story,1,13,11460939,aris_(blue_archive),Winter,game_asset,https://bluearchive.wiki/wiki/File:Arisu_(Winter)_00.png,https://danbooru.donmai.us/posts/11460939,black_hair blue_eyes aqua_halo black_pantyhose blue_scarf brown_boots brown_coat brown_gloves braid very_long_hair,aris_(blue_archive) aris_(winter)_(blue_archive),absurdres game_asset highres large_variant_set official_art third-party_source variant_set,"Non-playable [[winter clothes|winter]] [[official alternate costume]] of [[Aris (Blue Archive)|]], as seen in the game's latest Decagrammaton episode."
arona_(blue_archive),True,False,candidate_npc_or_story,1,19,11913732,arona_(blue_archive),Default,game_asset,https://bluearchive.wiki/wiki/File:Arona_00.png,https://danbooru.donmai.us/posts/11913732,blue_hair pink_hair blue_eyes blue_halo blue_shirt bow_hairband pleated_skirt school_uniform white_choker braid,arona_(blue_archive),game_asset highres official_art,
aru_(blue_archive),True,True,candidate_released,11,18,11310151,aru_(blue_archive),Default,game_asset,https://bluearchive.wiki/wiki/File:Aru_00.png,https://danbooru.donmai.us/posts/11310151,red_hair orange_eyes red_halo black_skirt collared_shirt fur-trimmed_coat high-waist_skirt pencil_skirt long_hair,aru_(blue_archive),game_asset highres large_variant_set official_art third-party_source variant_set,
aru_(dress)_(blue_archive),True,True,candidate_released,3,7,7250436,aru_(dress)_(blue_archive),supplemental search,game_asset,Game Extracted,https://danbooru.donmai.us/posts/7250436,orange_hair red_hair pink_halo red_dress strapless_dress long_hair,aru_(blue_archive) aru_(dress)_(blue_archive),absurdres game_asset highres non-web_source official_art,
aru_(flowery_charms)_(blue_archive),False,False,excluded_external_collaboration,2,1,7897021,aru_(blue_archive),Flowery Charms,source_unverified,https://e-hentai.org/s/c54d5d8efb/2894383-363,https://danbooru.donmai.us/posts/7897021,pink_hair yellow_eyes halo black_dress short_dress hair_bun medium_hair,aru_(blue_archive) aru_(flowery_charms)_(blue_archive),artist_request highres official_art,An [[official alternate costume]] of [[Blue Archive]]'s [[Aru (blue archive)|]] in collaboration with [[Mahjong Soul]].
aru_(j_league)_(blue_archive),False,False,excluded_external_collaboration,1,1,11871071,aru_(blue_archive),J League,source_unverified,https://content-central.rakuten.net/collection/feature/bluearchive_jleague_2026-27/img/modal_assets/03urawa_member.png,https://danbooru.donmai.us/posts/11871071,red_hair yellow_eyes pink_halo black_boots black_shorts red_shirt short_shorts,aru_(blue_archive) aru_(j_league)_(blue_archive),official_art,An [[official alternate costume]] of [[Aru (Blue Archive)|]] for the [[Blue Archive]] x J.League collab.  Costume artist: [[usuke (u skeeep)]]
aru_(new_year)_(blue_archive),True,True,candidate_released,1,13,11779983,aru_(blue_archive),New Year,game_asset,https://bluearchive.wiki/wiki/File:Aru_(New_Year)_00.png,https://danbooru.donmai.us/posts/11779983,pink_hair yellow_eyes halo black_gloves floral_print_kimono fur-trimmed_kimono lace_gloves red_kimono hair_bun short_hair,aru_(blue_archive) aru_(new_year)_(blue_archive),game_asset highres large_variant_set official_art third-party_source variant_set,New Year [[official alternate costume]] of [[Aru (blue archive)|]].  Costume artist: [[DoReMi (doremi4704)]]
asuna_(blue_archive),True,True,candidate_released,4,18,11437436,asuna_(blue_archive),Default,game_asset,https://bluearchive.wiki/wiki/File:Asuna_00.png,https://danbooru.donmai.us/posts/11437436,brown_hair blue_eyes blue_halo black_dress blue_bowtie blue_choker elbow_gloves frilled_apron braid hair_bun,asuna_(blue_archive),game_asset highres large_variant_set official_art third-party_source variant_set,
asuna_(bunny)_(blue_archive),True,True,candidate_released,1,13,11575883,asuna_(blue_archive),Bunny,game_asset,https://bluearchive.wiki/wiki/File:Asuna_(Bunny_Girl)_00.png,https://danbooru.donmai.us/posts/11575883,blonde_hair blue_eyes blue_halo rabbit_ears animal_ear_hairband black_pantyhose blue_bowtie blue_leotard strapless_leotard very_long_hair,asuna_(blue_archive) asuna_(bunny)_(blue_archive),game_asset highres large_variant_set official_art third-party_source variant_set,"The [[playboy bunny]] [[official alternate costume]] and an alternate playable variant of [[Blue Archive]]'s [[Asuna (blue archive)|]].  Asuna wears the typical playboy bunny set, with [[blue leotard|turqoise leotard]] and a set of [[thighband pantyhose]]. She also wears some attributes from her mai"
asuna_(school_uniform)_(blue_archive),True,True,candidate_released,2,9,5828043,asuna_(blue_archive),School Uniform,social_unverified,https://twitter.com/apple54385842/status/1592730844825026562,https://danbooru.donmai.us/posts/5828043,grey_hair blue_eyes blue_halo black_choker black_socks blue_bowtie blue_skirt collared_shirt very_long_hair,asuna_(blue_archive) asuna_(school_uniform)_(blue_archive),commentary highres official_art third-party_source,"An [[official alternate costume]] of [[Blue Archive]]'s [[Asuna (Blue Archive)|]].  Asuna wears a [[white shirt|white]] Millennium Science School [[school uniform]] with the [[sleeves rolled up]] and the standard [[black skirt|black]] [[pleated skirt]] like her fellow C&C mates, albeit without the s"
atsuko_(blue_archive),True,True,candidate_released,4,17,6355952,atsuko_(blue_archive),Default,publisher,https://twitter.com/EN_BlueArchive/status/1608387480281124865,https://danbooru.donmai.us/posts/6355952,purple_hair red_eyes halo black_boots black_gloves frilled_socks hooded_jacket lace-up_boots braid,atsuko_(blue_archive),absurdres commentary english_commentary highres official_art promotional_art,
atsuko_(leotard)_(blue_archive),False,False,candidate_npc_or_story,1,13,11873278,atsuko_(blue_archive),Leotard,game_asset,https://bluearchive.wiki/wiki/File:Atsuko_(Leotard)_00.png,https://danbooru.donmai.us/posts/11873278,purple_hair red_eyes white_halo black_leotard turtleneck_leotard white_socks long_hair,atsuko_(blue_archive) atsuko_(leotard)_(blue_archive),game_asset highres large_variant_set official_art third-party_source variant_set,"[[Official alternate costume]] of [[Blue Archive]]'s [[Atsuko (Blue Archive)|]]. In Volume 3, [spoiler]she, as a sacrifice, was wearing this during [[Beatrice (Blue Archive)|]]'s ritual to summon the Chroma.[/spoiler]  Costume artist: [[9ml]]"
atsuko_(swimsuit)_(blue_archive),True,True,candidate_released,2,12,8347931,atsuko_(blue_archive),Swimsuit,publisher,https://www.youtube.com/post/Ugkxquaih560RBRvlR0cfq7aGwGPycOKAVEY,https://danbooru.donmai.us/posts/8347931,purple_hair red_eyes halo frilled_bikini open_dress sun_hat white_bikini white_dress long_hair,atsuko_(blue_archive) atsuko_(swimsuit)_(blue_archive),commentary_request highres official_art promotional_art second-party_source,[[Official alternate costume|Official]] [[swimsuit]] variant of [[Atsuko (Blue Archive)|]] from [[Blue Archive]].  Voiced by: [[Hanazawa Kana]] Costume artist: [[paruru (nexon)|]]
ayane_(blue_archive),True,True,candidate_released,7,18,11390477,ayane_(blue_archive),Default,game_asset,https://bluearchive.wiki/wiki/File:Ayane_00.png,https://danbooru.donmai.us/posts/11390477,black_hair yellow_eyes pointy_ears red_halo black_skirt black_socks blue_jacket blue_necktie collared_shirt braid,ayane_(blue_archive),game_asset highres large_variant_set official_art third-party_source variant_set,
ayane_(idol)_(blue_archive),False,False,candidate_npc_or_story,1,13,12180217,ayane_(blue_archive),Idol,game_asset,https://bluearchive.wiki/wiki/File:Ayane_(Idol)_00.png,https://danbooru.donmai.us/posts/12180217,black_hair yellow_eyes pointy_ears red_halo black_boots black_gloves black_hat black_jacket black_shorts short_hair,ayane_(blue_archive) ayane_(idol)_(blue_archive),game_asset highres official_art third-party_source,The [[idol]] [[official alternate costume]] for [[Ayane (blue archive)|]] from [[Blue Archive]].
ayane_(swimsuit)_(blue_archive),True,True,candidate_released,2,13,11974798,ayane_(blue_archive),Swimsuit,game_asset,https://bluearchive.wiki/wiki/File:Ayane_(Swimsuit)_diorama_00.png,https://danbooru.donmai.us/posts/11974798,black_hair yellow_eyes pointy_ears red_halo blue_bikini open_hoodie short_shorts striped_bikini white_hoodie braid,ayane_(blue_archive) ayane_(swimsuit)_(blue_archive),game_asset highres large_variant_set official_art third-party_source variant_set,[[Official alternate costume|Official]] summer variant of [[Ayane (blue archive)|]].  Voiced by: [[Harada Sayaka]] Costume artist: [[7peach]]
ayumu_(blue_archive),True,False,candidate_npc_or_story,2,18,11841848,ayumu_(blue_archive),Default,game_asset,https://bluearchive.wiki/wiki/File:Ayumu_00.png,https://danbooru.donmai.us/posts/11841848,blonde_hair green_eyes yellow_halo blue_dress blue_necktie collared_dress half_gloves multicolored_dress very_long_hair,ayumu_(blue_archive),game_asset highres official_art third-party_source,
azusa_(blue_archive),True,True,candidate_released,5,18,11493312,azusa_(blue_archive),Default,game_asset,https://bluearchive.wiki/wiki/File:Azusa_00.png,https://danbooru.donmai.us/posts/11493312,white_hair purple_eyes yellow_halo black_dress black_sailor_collar black_socks frilled_dress frilled_sailor_collar long_hair,azusa_(blue_archive),game_asset highres large_variant_set official_art third-party_source variant_set,
azusa_(swimsuit)_(blue_archive),True,True,candidate_released,2,13,11499808,azusa_(blue_archive),Swimsuit,game_asset,https://bluearchive.wiki/wiki/File:Azusa_(Swimsuit)_diorama_00.png,https://danbooru.donmai.us/posts/11499808,white_hair purple_eyes yellow_halo bow_bikini frilled_bikini ruffle_bikini strapless_bikini swimsuit very_long_hair,azusa_(blue_archive) azusa_(swimsuit)_(blue_archive) peroro_(blue_archive),game_asset highres large_variant_set official_art third-party_source variant_set,"A [[swimsuit]] [[official alternate costume|costume]] for [[Azusa (blue archive)|]].  In this costume, Azusa tied her long hair into a [[two side up]]. Azusa wears a fancy pink-and-purple [[ruffle bikini]] with a [[pink bowtie]] on the chest.  Voiced by: [[Taneda Risa]] Costume artist: [[NAMYO]]"
beatrice_(blue_archive),True,False,candidate_npc_or_story,2,5,7179609,beatrice_(blue_archive),supplemental search,publisher,https://webusstatic.yo-star.com/bluearchive_jp_web/fankit/170606786871111606/01.png,https://danbooru.donmai.us/posts/7179609,black_bowtie black_gloves black_jacket black_necktie black_pants,beatrice_(blue_archive) black_suit_(blue_archive) francis_(blue_archive) golconda_&_decalcomania_(blue_archive) maestro_(blue_archive),highres official_art second-party_source translated,
blonde_student_council_president_(blue_archive),True,False,candidate_npc_or_story,1,14,11258976,blonde_student_council_president_(blue_archive),Default,source_unverified,Game files,https://danbooru.donmai.us/posts/11258976,blonde_hair purple_eyes halo white_coat white_hat white_skirt pantyhose long_hair,blonde_student_council_president_(blue_archive),absurdres artist_request highres non-web_source official_art resized upscaled,
cherino_(blue_archive),True,True,candidate_released,3,14,11475263,cherino_(blue_archive),,game_asset,https://bluearchive.wiki/wiki/File:Cherino_00.png,https://danbooru.donmai.us/posts/11475263,white_hair blue_eyes blue_halo black_pantyhose black_shirt collared_shirt fur-trimmed_boots fur-trimmed_coat very_long_hair,cherino_(blue_archive),game_asset highres large_variant_set official_art third-party_source variant_set,
cherino_(hot_spring)_(blue_archive),True,True,candidate_released,2,13,11705792,cherino_(blue_archive),Hot Spring,game_asset,https://bluearchive.wiki/wiki/File:Cherino_(Hot_Spring)_diorama_00.png,https://danbooru.donmai.us/posts/11705792,grey_hair blue_eyes blue_halo open_kimono pink_kimono school_swimsuit striped_kimono white_one-piece_swimsuit braid long_hair,cherino_(blue_archive) cherino_(hot_spring)_(blue_archive),game_asset highres large_variant_set official_art third-party_source variant_set,[[Official alternate costume|Official]] [[onsen]] costume of [[Cherino (blue archive)|]] from [[Blue Archive]].  Voiced by: [[Tange Sakura]] Costume artist: [[kokosando]]
chiaki_(blue_archive),True,True,candidate_released,9,7,9299552,chiaki_(blue_archive),supplemental search,game_asset,https://dszw1qtcnsa5e.cloudfront.net/community/20250512/d08d70bc-78e8-424d-ab6c-bb69eb77f591/CH0238Chiakiogdydldidl.png,https://danbooru.donmai.us/posts/9299552,black_hair purple_eyes pointy_ears yellow_halo black_boots black_choker black_skirt pencil_skirt red_necktie very_long_hair,chiaki_(blue_archive),bad_link game_asset highres official_art,
chiaki_(swimsuit)_(blue_archive),True,True,candidate_released,2,7,11912097,chiaki_(blue_archive),supplemental search,game_asset,Extracted from game,https://danbooru.donmai.us/posts/11912097,black_hair red_eyes pointy_ears red_halo white_bikini swimsuit hair_bun long_hair,chiaki_(blue_archive) chiaki_(swimsuit)_(blue_archive),absurdres game_asset highres non-web_source official_art self-datamine,
chihiro_(blue_archive),True,True,candidate_released,1,18,11887133,chihiro_(blue_archive),Default,game_asset,https://bluearchive.wiki/wiki/File:Chihiro_00.png,https://danbooru.donmai.us/posts/11887133,black_hair green_eyes blue_halo mechanical_halo black_skirt black_socks blue_necktie collared_shirt open_jacket short_hair,chihiro_(blue_archive),game_asset highres large_variant_set official_art third-party_source variant_set,
chinatsu_(blue_archive),True,True,candidate_released,3,18,11437684,chinatsu_(blue_archive),Default,game_asset,https://bluearchive.wiki/wiki/File:Chinatsu_00.png,https://danbooru.donmai.us/posts/11437684,brown_hair yellow_eyes pointy_ears red_halo black_boots black_hairband black_skirt collared_shirt high-waist_skirt,chinatsu_(blue_archive),game_asset highres large_variant_set official_art third-party_source translation_request variant_set,
chinatsu_(hot_spring)_(blue_archive),True,True,candidate_released,2,13,11720265,chinatsu_(blue_archive),Hot Spring,game_asset,https://bluearchive.wiki/wiki/File:Chinatsu_(Hot_Spring)_diorama_00.png,https://danbooru.donmai.us/posts/11720265,brown_hair yellow_eyes pointy_ears red_halo black_hairband white_kimono long_hair,chinatsu_(blue_archive) chinatsu_(hot_spring)_(blue_archive),game_asset highres large_variant_set official_art third-party_source variant_set,An [[official alternate costume]] of [[Blue Archive]]'s [[Chinatsu (blue archive)|]].  Costume artist: [[mx2j]]
chise_(blue_archive),True,True,candidate_released,21,18,11396557,chise_(blue_archive),Default,game_asset,https://bluearchive.wiki/wiki/File:Chise_00.png,https://danbooru.donmai.us/posts/11396557,blue_hair pink_eyes blue_halo black_socks blue_bowtie short_kimono sleeveless_kimono white_kimono braid twintails,chise_(blue_archive),game_asset highres large_variant_set official_art third-party_source variant_set,
chise_(j_league)_(blue_archive),False,False,excluded_external_collaboration,1,1,11871093,chise_(blue_archive),J League,source_unverified,https://content-central.rakuten.net/collection/feature/bluearchive_jleague_2026-27/img/modal_assets/09kawasaki_member.png,https://danbooru.donmai.us/posts/11871093,blue_hair red_eyes blue_halo black_shirt blue_shirt short_shorts striped_shirt two-tone_shirt braid,chise_(blue_archive) chise_(j_league)_(blue_archive),official_art,An [[official alternate costume]] of [[Chise (Blue Archive)|]] for the [[Blue Archive]] x J.League collab.  Costume artist: [[usuke (u skeeep)]]
chise_(swimsuit)_(blue_archive),True,True,candidate_released,19,7,7626458,chise_(swimsuit)_(blue_archive),supplemental search,game_asset,Extracted from the Game,https://danbooru.donmai.us/posts/7626458,blue_hair red_eyes blue_halo pointy_ears blue_bikini loose_bikini sailor_bikini striped_bikini wet_swimsuit side_ponytail,chise_(blue_archive) chise_(swimsuit)_(blue_archive),absurdres game_asset highres non-web_source official_art,
chlorella_observation_club_member_(blue_archive),True,False,no_tagged_post,0,,,,,,,,,,,
eimi_(armed)_(blue_archive),True,True,candidate_released,1,13,11478602,eimi_(blue_archive),Armed,game_asset,https://bluearchive.wiki/wiki/File:Eimi_(Battle)_00.png,https://danbooru.donmai.us/posts/11478602,pink_hair pink_eyes halo grey_boots grey_gloves very_long_hair,eimi_(armed)_(blue_archive) eimi_(blue_archive),game_asset highres large_variant_set official_art third-party_source variant_set,"The battlesuit [[official alternate costume]] of [[Blue Archive]]'s [[Eimi (blue archive)|]] as seen in the game's ""sixth PV"":[https://youtube.com/watch?v=URR7yQayl1Q] for Decagrammaton's episode."
eimi_(blue_archive),True,True,candidate_released,3,18,7311466,eimi_(blue_archive),Default,publisher,https://webusstatic.yo-star.com/bluearchive_jp_web/img/c14.5ff810be.png,https://danbooru.donmai.us/posts/7311466,pink_hair purple_eyes pink_halo black_bikini black_jacket black_socks dress_shirt open_jacket very_long_hair,eimi_(blue_archive),highres large_variant_set official_art variant_set,
eimi_(swimsuit)_(blue_archive),True,True,candidate_released,1,12,11448863,eimi_(blue_archive),Swimsuit,game_asset,https://static.wikitide.net/bluearchivewiki/f/fc/Eimi_(Swimsuit)_diorama_00.png,https://danbooru.donmai.us/posts/11448863,pink_hair purple_eyes pink_halo black_bikini down_jacket jacket_over_swimsuit open_jacket pink_jacket ponytail very_long_hair,eimi_(blue_archive) eimi_(swimsuit)_(blue_archive),game_asset highres large_variant_set official_art third-party_source variant_set,"[[Swimsuit]] [[official alternate costume]] for [[eimi_(blue_archive)|Eimi]] from [[Blue Archive]]. Peculiarly, the skin was released in the middle of winter 2023, and as such Eimi is depicted wearing a mismatched outfit featuring winter-themed attire alongside a [[bikini]]."
ein_(blue_archive),True,False,no_tagged_post,0,,,,,,,,,,,
eri_(blue_archive),True,True,candidate_released,1,19,10600083,eri_(blue_archive),Default,game_asset,https://bluearchive.nexon.com/user/myoffice,https://danbooru.donmai.us/posts/10600083,grey_hair orange_eyes halo black_jacket black_skirt black_socks collared_shirt diagonal-striped_bowtie braid very_long_hair,eri_(blue_archive),absurdres game_asset highres official_art,
erika_(blue_archive),True,True,candidate_released,1,18,11849169,erika_(blue_archive),Default,game_asset,https://bluearchive.wiki/wiki/File:Erika_00.png,https://danbooru.donmai.us/posts/11849169,white_hair blue_eyes white_halo black_gloves black_jacket black_shirt black_skirt collared_shirt short_hair,erika_(blue_archive),game_asset highres official_art third-party_source,
erina_(blue_archive),True,True,candidate_released,2,5,12249997,erina_(blue_archive),supplemental search,publisher,https://x.com/Blue_ArchiveJP/status/2102956854381007356,https://danbooru.donmai.us/posts/12249997,brown_hair purple_halo red_halo black_gloves black_hat black_necktie lab_coat red_scarf long_hair,erina_(blue_archive),commentary_request highres official_art second-party_source translation_request,
fubuki_(blue_archive),True,True,candidate_released,2,17,6496549,fubuki_(blue_archive),Default,publisher,https://twitter.com/EN_BlueArchive/status/1565232997107908611,https://danbooru.donmai.us/posts/6496549,blue_hair grey_hair red_eyes halo black_pantyhose blue_hat blue_necktie police_hat police_uniform twintails,fubuki_(blue_archive),absurdres commentary english_commentary highres official_art promotional_art,
fubuki_(swimsuit)_(blue_archive),True,True,candidate_released,1,12,8584900,fubuki_(blue_archive),Swimsuit,publisher,https://twitter.com/EN_BlueArchive/status/1869672771824791928,https://danbooru.donmai.us/posts/8584900,blue_hair white_hair pink_eyes pink_halo old_school_swimsuit white_jacket white_one-piece_swimsuit hair_bun,fubuki_(blue_archive) fubuki_(swimsuit)_(blue_archive),absurdres commentary english_commentary highres official_art promotional_art second-party_source,[[Official alternate costume|Official]] summer variant of [[Fubuki_(blue archive)|]].  * !post #8584900
fuuka_(blue_archive),True,True,candidate_released,3,18,11396907,fuuka_(blue_archive),Default,game_asset,https://bluearchive.wiki/wiki/File:Fuuka_00.png,https://danbooru.donmai.us/posts/11396907,purple_hair red_eyes red_halo frilled_apron frilled_dress purple_dress red_socks two-tone_necktie twintails long_hair,fuuka_(blue_archive),game_asset highres large_variant_set official_art third-party_source variant_set,
fuuka_(casual)_(blue_archive),False,False,candidate_npc_or_story,1,13,11848803,fuuka_(blue_archive),Casual,game_asset,https://bluearchive.wiki/wiki/File:Fuuka_(Casual)_00.png,https://danbooru.donmai.us/posts/11848803,black_hair red_eyes red_halo ankle_socks blue_dress short_dress sleeveless_dress white_hat very_long_hair,fuuka_(blue_archive) fuuka_(casual)_(blue_archive),absurdres game_asset highres official_art third-party_source,Unplayable [[official_alternate_costume|costume]] for [[fuuka (blue archive)|Fuuka]] from [[Blue Archive]].
fuuka_(new_year)_(blue_archive),True,True,candidate_released,1,12,6496227,fuuka_(blue_archive),New Year,publisher,https://twitter.com/EN_BlueArchive/status/1671807738568134656,https://danbooru.donmai.us/posts/6496227,black_hair red_eyes halo white_kimono hair_bun,fuuka_(blue_archive) fuuka_(new_year)_(blue_archive),absurdres commentary english_commentary highres official_art promotional_art,[[Official alternate costume|Official]] [[New Year]]'s costume of [[Fuuka (blue archive)|]].  Voiced by: [[Fairouz Ai]] Costume artist: [[7peach]]
fuyu_(blue_archive),True,True,candidate_released,1,18,9997011,fuyu_(blue_archive),Default,publisher,https://twitter.com/Blue_ArchiveJP/status/1969612624662053082,https://danbooru.donmai.us/posts/9997011,green_hair green_eyes halo black_boots black_choker blue_jacket blue_necktie knee_boots short_hair,fuyu_(blue_archive),commentary_request highres official_art promotional_art second-party_source,
general_student_council_president_(blue_archive),True,False,candidate_npc_or_story,7,7,10401637,general_student_council_president_(blue_archive),supplemental search,game_asset,https://static.wikia.nocookie.net/legendsofthemultiuniverse/images/c/ce/GSC_President_Portrait.png?format=original,https://danbooru.donmai.us/posts/10401637,aqua_hair blue_eyes halo lace-up_boots school_uniform white_shirt white_skirt braid very_long_hair,general_student_council_president_(blue_archive),game_asset highres official_art source_request,
hanae_(blue_archive),True,True,candidate_released,2,18,11397140,hanae_(blue_archive),Default,game_asset,https://bluearchive.wiki/wiki/File:Hanae_01.png,https://danbooru.donmai.us/posts/11397140,purple_hair blue_eyes pink_halo black_dress frilled_dress impossible_dress open_jacket pink_bowtie twintails long_hair,hanae_(blue_archive),game_asset highres large_variant_set official_art third-party_source variant_set,
hanae_(christmas)_(blue_archive),True,True,candidate_released,1,13,5912868,hanae_(blue_archive),Christmas,game_asset,https://static.wikia.nocookie.net/blue-archive/images/6/60/Hanae_Christmas_Portrait.png/revision/latest?cb=20221215162958,https://danbooru.donmai.us/posts/5912868,purple_hair blue_eyes halo brown_boots fur-trimmed_boots plaid_skirt red_sweater ribbed_sweater twintails very_long_hair,hanae_(blue_archive) hanae_(christmas)_(blue_archive),game_asset official_art third-party_source,"The [[Christmas]] [[official alternate costume|costume]] of [[Blue Archive]]'s [[Hanae (blue archive)|]].  It consists of a [[red headwear|red]] [[santa hat]] with [[fake antlers]], a [[red sweater|red]]  [[ribbed_sweater|ribbed]] [[turtleneck sweater]] with [[long_sleeves|long]] [[fur-trimmed sleev"
hanako_(blue_archive),True,True,candidate_released,6,18,11494410,hanako_(blue_archive),Default,game_asset,https://bluearchive.wiki/wiki/File:Hanako_00.png,https://danbooru.donmai.us/posts/11494410,pink_hair green_eyes pink_halo blue_sailor_collar pink_bowtie pleated_skirt school_uniform white_shirt braid very_long_hair,hanako_(blue_archive),game_asset highres large_variant_set official_art third-party_source variant_set,
hanako_(swimsuit)_(blue_archive),True,True,candidate_released,2,13,11860707,hanako_(blue_archive),Swimsuit,game_asset,https://bluearchive.wiki/wiki/File:Hanako_(Swimsuit)_00.png,https://danbooru.donmai.us/posts/11860707,pink_hair green_eyes pink_halo collared_shirt oversized_shirt pink_bikini see-through_shirt wet_shirt braid very_long_hair,hanako_(blue_archive) hanako_(swimsuit)_(blue_archive),game_asset highres large_variant_set official_art third-party_source variant_set,"A [[swimsuit]] [[official alternate costume]] for [[Blue Archive]]'s [[Hanako (blue archive)|]].  In this costume, Hanako's [[ahoge]] is [[huge ahoge|much larger]] compared to her standard costume. She wears simple set of [[pink bikini]] with blue outlines and strings, an [[oversized shirt|oversized"
hare_(blue_archive),True,True,candidate_released,2,18,11403761,hare_(blue_archive),Default,game_asset,https://bluearchive.wiki/wiki/File:Hare_00.png,https://danbooru.donmai.us/posts/11403761,grey_hair green_eyes yellow_halo blue_dress hooded_dress lab_coat open_coat short_dress ponytail long_hair,hare_(blue_archive),absurdres game_asset highres large_variant_set official_art third-party_source variant_set,
hare_(camp)_(blue_archive),True,True,candidate_released,1,13,7838006,hare_(blue_archive),Camp,publisher,https://x.com/EN_BlueArchive/status/1803714414249681245,https://danbooru.donmai.us/posts/7838006,grey_hair green_eyes halo black_scarf open_jacket white_hat pantyhose ponytail long_hair,hare_(blue_archive) hare_(camp)_(blue_archive),absurdres commentary english_commentary highres official_art promotional_art,The [[camping]] [[official alternate costume|costume]] of [[Blue Archive]]'s [[Hare (Blue Archive)|]].
haruka_(blue_archive),True,True,candidate_released,5,18,11438032,haruka_(blue_archive),Default,game_asset,https://bluearchive.wiki/wiki/File:Haruka_00.png,https://danbooru.donmai.us/posts/11438032,purple_hair purple_eyes purple_halo black_boots black_hat black_jacket black_skirt knee_boots long_hair,haruka_(blue_archive),game_asset highres large_variant_set official_art third-party_source variant_set,
haruka_(dress)_(blue_archive),True,True,candidate_released,1,13,11843053,haruka_(blue_archive),Dress,game_asset,https://bluearchive.wiki/wiki/File:Haruka_(Dress)_00.png,https://danbooru.donmai.us/posts/11843053,black_hair purple_hair purple_eyes purple_halo black_dress purple_dress short_dress pantyhose long_hair,haruka_(blue_archive) haruka_(dress)_(blue_archive),game_asset highres official_art third-party_source,The [[dress]] [[official alternate costume]] for [[Haruka (Blue Archive)|]] from [[Blue Archive]].  Costume artist: [[DoReMi (doremi4704)]]
haruka_(new_year)_(blue_archive),True,True,candidate_released,2,13,11806091,haruka_(blue_archive),New Year,game_asset,https://bluearchive.wiki/wiki/File:Haruka_(New_Year)_00.png,https://danbooru.donmai.us/posts/11806091,purple_hair purple_eyes purple_halo floral_print_kimono frilled_kimono purple_hairband purple_kimono short_kimono medium_hair,haruka_(blue_archive) haruka_(new_year)_(blue_archive),game_asset highres large_variant_set official_art third-party_source variant_set,[[official_alternate_costume|Official]] New Year's costume for [[Haruka (Blue Archive)|]] from [[Blue Archive]].  Costume artist: [[DoReMi (doremi4704)]]
haruka_(suit)_(blue_archive),False,False,candidate_npc_or_story,1,13,11843074,haruka_(blue_archive),Suit,game_asset,https://bluearchive.wiki/wiki/File:Haruka_(Suit)_00.png,https://danbooru.donmai.us/posts/11843074,black_hair purple_hair purple_eyes purple_halo black_jacket black_pants collared_shirt purple_necktie suit_jacket,haruka_(blue_archive) haruka_(suit)_(blue_archive),game_asset highres official_art third-party_source,"An [[official alternate costume]] for [[Haruka (Blue Archive)|]] from [[Blue Archive]] wherein she sports a black [[lapels|lapelled]] [[vest]] with a [[pocket square]] and red [[necktie]]. Though she carries an [[unworn jacket]], her outfit focuses upon the vest layer. She wears black [[oxfords]]."
haruna_(blue_archive),True,True,candidate_released,3,18,11310752,haruna_(blue_archive),Default,game_asset,https://bluearchive.wiki/wiki/File:Haruna_00.png,https://danbooru.donmai.us/posts/11310752,grey_hair red_eyes demon_wings halo black_coat black_hat black_necktie black_pantyhose black_skirt braid,haruna_(blue_archive),game_asset highres large_variant_set official_art third-party_source variant_set,
haruna_(new_year)_(blue_archive),True,True,candidate_released,1,13,6496282,haruna_(blue_archive),New Year,publisher,https://twitter.com/EN_BlueArchive/status/1671805227517788161,https://danbooru.donmai.us/posts/6496282,grey_hair red_eyes halo fur-trimmed_kimono purple_kimono braid hair_bun,haruna_(blue_archive) haruna_(new_year)_(blue_archive),absurdres commentary english_commentary highres official_art promotional_art,[[Official alternate costume|Official]] New Year variant of [[Haruna (Blue Archive)|]] from [[Blue Archive]].  Voiced by: [[Tadokoro Azusa]] Costume artist: [[whoisshe]]
haruna_(track)_(blue_archive),True,True,candidate_released,1,12,7343220,haruna_(blue_archive),Track,publisher,https://twitter.com/EN_BlueArchive/status/1769287564467302879,https://danbooru.donmai.us/posts/7343220,white_hair demon_wings red_halo gym_shirt gym_uniform red_shorts track_jacket white_shirt braid long_hair,haruna_(blue_archive) haruna_(track)_(blue_archive),absurdres commentary english_commentary highres official_art promotional_art,[[Official alternate costume|Official]] Track variant of [[Haruna (Blue Archive)|]] from [[Blue Archive]].
hasumi_(blue_archive),True,True,candidate_released,3,18,11404002,hasumi_(blue_archive),Default,game_asset,https://bluearchive.wiki/wiki/File:Hasumi_00.png,https://danbooru.donmai.us/posts/11404002,black_hair red_eyes red_halo black_choker black_gloves black_shirt black_skirt black_thighhighs very_long_hair,hasumi_(blue_archive),game_asset highres large_variant_set official_art third-party_source variant_set,
hasumi_(swimsuit)_(blue_archive),True,True,candidate_released,1,13,11448610,hasumi_(blue_archive),Swimsuit,game_asset,https://static.wikitide.net/bluearchivewiki/b/b6/Hasumi_(Swimsuit)_00.png,https://danbooru.donmai.us/posts/11448610,black_hair red_eyes red_halo black_bikini black_choker highleg_bikini swimsuit hair_bun ponytail,hasumi_(blue_archive) hasumi_(swimsuit)_(blue_archive),game_asset highres large_variant_set official_art third-party_source variant_set,The [[swimsuit]] [[official alternate costume]] of [[Blue Archive]]'s [[Hasumi (blue archive)|]].  Hasumi stylized her hair by compressing it into a standard [[hair bun]]-[[ponytail]] combo. She wears a simple [[black bikini]] with [[front-tie bikini top]] and [[highleg bikini|highleg]] [[side-tie b
hasumi_(track)_(blue_archive),True,True,candidate_released,1,12,6496307,hasumi_(blue_archive),Track,publisher,https://twitter.com/EN_BlueArchive/status/1648979819689029633,https://danbooru.donmai.us/posts/6496307,black_hair red_eyes red_halo bike_shorts black_choker blue_jacket blue_shorts gym_shorts ponytail very_long_hair,hasumi_(blue_archive) hasumi_(track)_(blue_archive),commentary english_commentary highres official_art promotional_art,"A [[gym uniform]] [[official alternate costume]] of [[Blue Archive]]'s [[Hasumi (blue archive)|]]. Costume artist: [[mx2j]]  In this outfit, Hasumi tied her hair into a simple [[ponytail]] and wears the standard Trinity General School [[gym uniform]] that consists of [[partially unzipped|partially]]"
hatsune_miku_(blue_archive),True,True,candidate_released,1,14,11650134,hatsune_miku_(blue_archive),,game_asset,https://bluearchive.wiki/wiki/File:Hatsune_Miku_00.png,https://danbooru.donmai.us/posts/11650134,blue_hair blue_eyes blue_halo blue_sailor_collar blue_skirt frilled_shirt frilled_skirt high-waist_skirt twintails very_long_hair,hatsune_miku hatsune_miku_(blue_archive),game_asset highres large_variant_set official_art third-party_source variant_set,
hibiki_(blue_archive),True,True,candidate_released,3,18,11311510,hibiki_(blue_archive),Default,game_asset,https://bluearchive.wiki/wiki/File:Hibiki_00.png,https://danbooru.donmai.us/posts/11311510,black_hair blue_eyes yellow_halo animal_ears black_boots black_pantyhose black_shirt black_shorts fishnet_pantyhose twintails,hibiki_(blue_archive),game_asset highres large_variant_set official_art third-party_source variant_set,
hibiki_(cheer_squad)_(blue_archive),True,True,candidate_released,2,14,5708858,hibiki_(blue_archive),Cheer Squad,game_asset,https://cdn.discordapp.com/attachments/1024509266507337778/1024512106776772697/ch0181--00.png,https://danbooru.donmai.us/posts/5708858,black_hair blue_eyes yellow_halo animal_ears blue_skirt two-tone_skirt white_skirt white_shoes ponytail long_hair,hibiki_(blue_archive) hibiki_(cheer_squad)_(blue_archive),bad_discord_link bad_link game_asset official_art,The [[cheerleader]] [[official alternate costume|costume]] of [[Blue Archive]]'s [[Hibiki (blue archive)|]].
hifumi_(blue_archive),True,True,candidate_released,7,18,4348261,hifumi_(blue_archive),Default,publisher,https://webusstatic.yo-star.com/bluearchive_jp_web/img/c8.23c6c134.png,https://danbooru.donmai.us/posts/4348261,brown_hair yellow_eyes halo school_uniform pantyhose shoes twintails,hifumi_(blue_archive) peroro_(blue_archive),highres large_variant_set official_art variant_set,
hifumi_(swimsuit)_(blue_archive),True,True,candidate_released,2,13,11500823,hifumi_(blue_archive),Swimsuit,game_asset,https://bluearchive.wiki/wiki/File:Hifumi_(Swimsuit)_diorama_00.png,https://danbooru.donmai.us/posts/11500823,blonde_hair yellow_eyes yellow_halo frilled_bikini ribbon-trimmed_bikini ruffle_bikini white_bikini swimsuit twintails long_hair,angry_adelie_(blue_archive) big_brother_(blue_archive) hifumi_(blue_archive) hifumi_(swimsuit)_(blue_archive) mr._nicholai_(blue_archive) peroro_(blue_archive) pinky-paca_(blue_archive) wavecat_(blue_archive),game_asset highres large_variant_set official_art third-party_source variant_set,"A [[swimsuit]] [[official alternate costume|costume]] for [[Hifumi (blue archive)|]].  In this costume, Hifumi is wearing the standard white [[frilled bikini]] with blue string and [[ribbon trim]] and a pair of [[white sandals]].  Costume artist: [[yutokamizu]]"
hikari_(blue_archive),True,True,candidate_released,2,15,8304087,hikari_(blue_archive),,game_asset,https://cdnimg-v2.gamekee.com/wiki2.0/images/w_456/h_1017/829/399789/2024/4/14/269353.png,https://danbooru.donmai.us/posts/8304087,green_hair yellow_eyes pointy_ears halo blue_boots blue_hat blue_jacket blue_skirt military_hat very_long_hair,hikari_(blue_archive),game_asset official_art,
hikari_(mom's_touch)_(blue_archive),False,False,excluded_external_collaboration,1,5,10624398,hikari_(blue_archive),Mom's Touch,publisher,https://nxm-clw-cdn.dn.nexoncdn.co.kr/ba/events/2025/09/momstouch_32e1u89/schedule-figure-pc.png,https://danbooru.donmai.us/posts/10624398,green_hair yellow_eyes halo bow_hairband orange_hairband white_socks skirt shoes very_long_hair,hikari_(blue_archive) hikari_(mom's_touch)_(blue_archive),absurdres highres official_art,An [[official alternate costume]] for [[Hikari (Blue Archive)|]] from the [[Mom's Touch]]/[[Blue Archive]] collab.
himari_(armed)_(blue_archive),True,True,candidate_released,2,12,10679599,himari_(blue_archive),Armed,publisher,https://www.youtube.com/post/UgkxuVNKmMngjTx2YFaa3rgpAj5RpufAgv1A,https://danbooru.donmai.us/posts/10679599,grey_hair pointy_ears halo cropped_jacket open_jacket twintails very_long_hair,himari_(armed)_(blue_archive) himari_(blue_archive),absurdres commentary_request highres official_art promotional_art,"The combat [[official alternate costume]] of [[Blue Archive]]'s [[Himari (Blue Archive)|]].  In this form, she rides a [[hover bike]], which she insists is a [[wheelchair]]."
himari_(blue_archive),True,True,candidate_released,3,13,6355954,himari_(blue_archive),,publisher,https://twitter.com/EN_BlueArchive/status/1656584939893321729,https://danbooru.donmai.us/posts/6355954,white_hair purple_eyes pointy_ears halo black_gloves striped_hairband white_jacket shoes,himari_(blue_archive),absurdres commentary english_commentary highres official_art promotional_art,
hina_(blue_archive),True,True,candidate_released,10,18,11312971,hina_(blue_archive),Default,game_asset,https://bluearchive.wiki/wiki/File:Hina_00.png,https://danbooru.donmai.us/posts/11312971,white_hair purple_eyes demon_wings purple_halo adjusting_gloves black_boots black_gloves black_skirt blue_jacket very_long_hair,hina_(blue_archive),game_asset highres large_variant_set official_art third-party_source variant_set,
hina_(dress)_(blue_archive),True,True,candidate_released,3,12,8024215,hina_(blue_archive),Dress,publisher,https://x.com/EN_BlueArchive/status/1816397986118983866,https://danbooru.donmai.us/posts/8024215,purple_eyes black_halo demon_wings cocktail_dress elbow_gloves frilled_dress medium_dress purple_dress ponytail,hina_(blue_archive) hina_(dress)_(blue_archive),absurdres commentary english_commentary highres official_art promotional_art,"[[Official alternate costume|Official]] [[cocktail dress]] variant of [[Hina (Blue Archive)|]] from [[Blue Archive]].  In this outfit, Hina compresses her long hair into a large knot, leaving a [[single sidelock]] on her left hair. She wears a purple [[medium dress]] with a purple [[elbow gloves]] a"
hina_(j_league)_(blue_archive),False,False,excluded_external_collaboration,2,1,11871142,hina_(blue_archive),J League,source_unverified,https://content-central.rakuten.net/collection/feature/bluearchive_jleague_2026-27/img/modal_assets/20nasgasaki_member.png,https://danbooru.donmai.us/posts/11871142,purple_eyes demon_wings purple_halo ankle_socks black_shorts black_socks blue_shirt short_shorts braid very_long_hair,hina_(blue_archive) hina_(j_league)_(blue_archive),official_art,An [[official alternate costume]] of [[Hina (Blue Archive)|]] for the [[Blue Archive]] x J.League collab.  Costume artist: [[toshizou (0714)]]
hina_(pajamas)_(blue_archive),True,False,candidate_npc_or_story,1,13,11313188,hina_(blue_archive),Pajamas,game_asset,https://bluearchive.wiki/wiki/File:Hina_(Nightwear)_00.png,https://danbooru.donmai.us/posts/11313188,white_hair purple_eyes demon_wings purple_halo yellow_coat very_long_hair,hina_(blue_archive) hina_(pajamas)_(blue_archive),game_asset highres large_variant_set official_art third-party_source variant_set,"Non-playable [[pajamas]] [[official alternate costume|costume]] of [[Blue Archive]]'s [[Hina (Blue Archive)|]], as seen in the third volume of the main story.  Costume artist: [[DoReMi (doremi4704)]]"
hina_(swimsuit)_(blue_archive),True,True,candidate_released,2,13,11501148,hina_(blue_archive),Swimsuit,game_asset,https://bluearchive.wiki/wiki/File:Hina_(Swimsuit)_diorama_00.png,https://danbooru.donmai.us/posts/11501148,white_hair purple_eyes demon_wings purple_halo adjusting_swimsuit blue_one-piece_swimsuit school_swimsuit very_long_hair,hina_(blue_archive) hina_(swimsuit)_(blue_archive),game_asset highres large_variant_set official_art third-party_source variant_set,"[[Official alternate costume|Official]] summer variant of [[Hina (blue archive)|]].  Hina stylized her hair into a simple [[side ponytail]]. She forgoes her Prefect Team uniform in favor of a simple [[old school swimsuit]], a red [[whistle around neck]] and a pair of black [[sports sandals]] . She a"
hinata_(blue_archive),True,True,candidate_released,2,18,11927977,hinata_(blue_archive),Default,game_asset,https://bluearchive.wiki/wiki/File:Hinata_00.png,https://danbooru.donmai.us/posts/11927977,black_hair red_eyes yellow_halo black_dress brown_boots high_heel_boots nun_headdress turtleneck_shirt very_long_hair,hinata_(blue_archive),game_asset highres large_variant_set official_art third-party_source variant_set,
hinata_(swimsuit)_(blue_archive),True,True,candidate_released,1,12,7138276,hinata_(blue_archive),Swimsuit,publisher,https://twitter.com/EN_BlueArchive/status/1750447163862372754,https://danbooru.donmai.us/posts/7138276,black_hair red_eyes yellow_halo black_bikini black_choker casual_one-piece_swimsuit cross-laced_bikini layered_swimsuit braid very_long_hair,hinata_(blue_archive) hinata_(swimsuit)_(blue_archive),absurdres commentary english_commentary highres official_art promotional_art,The [[summer]] [[official alternate costume|costume]] for [[Hinata (blue archive)|]] from [[Blue Archive]].  Voiced by: [[Hidaka Rina]] Designed by [[kokosando]]
hiromi_(blue_archive),True,False,no_tagged_post,0,,,,,,,,,,,
hiyori_(blue_archive),True,True,candidate_released,3,17,5371282,hiyori_(blue_archive),Default,publisher,https://twitter.com/Blue_ArchiveJP/status/1528209196214554624,https://danbooru.donmai.us/posts/5371282,blue_hair green_eyes halo black_hat black_socks black_sweater white_cape white_scarf side_ponytail long_hair,hiyori_(blue_archive),commentary highres official_art promotional_art,
hiyori_(swimsuit)_(blue_archive),True,True,candidate_released,2,12,8760561,hiyori_(blue_archive),Swimsuit,publisher,https://twitter.com/EN_BlueArchive/status/1883081123036889600,https://danbooru.donmai.us/posts/8760561,aqua_hair halo orange_bikini swimsuit side_ponytail long_hair,hiyori_(blue_archive) hiyori_(swimsuit)_(blue_archive),absurdres commentary english_commentary highres official_art promotional_art,[[Official alternate costume|Official]] [[swimsuit]] costume of [[Hiyori (blue archive)|]] from [[Blue Archive]].
hoshino_(armed)_(blue_archive),True,True,candidate_released,1,13,11842414,hoshino_(blue_archive),Armed,game_asset,https://bluearchive.wiki/wiki/File:Hoshino_(Battle)_00.png,https://danbooru.donmai.us/posts/11842414,pink_hair blue_eyes yellow_eyes pink_halo black_gloves black_skirt blue_necktie collared_shirt plaid_skirt ponytail,hoshino_(armed)_(blue_archive) hoshino_(blue_archive),game_asset highres official_art third-party_source,An [[official alternate costume]] of [[Blue Archive]]'s [[Hoshino (blue archive)|]].  Hoshino's armed design differs from her [[Hoshino (First Year) (Blue Archive)|First Year]] design in that she does not have short hair and her standard outfit features a holster for her pistol worn atop the chest.
hoshino_(blue_archive),True,True,candidate_released,16,18,4301865,hoshino_(blue_archive),Default,publisher,https://webusstatic.yo-star.com/bluearchive_jp_web/img/c2.d55bf5c5.png,https://danbooru.donmai.us/posts/4301865,pink_hair yellow_eyes pink_halo fingerless_gloves plaid_skirt pleated_skirt school_uniform necktie very_long_hair,hoshino_(blue_archive),highres large_variant_set official_art variant_set,
hoshino_(first_year)_(blue_archive),True,False,candidate_npc_or_story,2,13,11321455,hoshino_(blue_archive),First Year,game_asset,https://bluearchive.wiki/wiki/File:Hoshino_(1st_grade)_00.png,https://danbooru.donmai.us/posts/11321455,pink_hair blue_eyes orange_eyes pink_halo black_gloves black_skirt blue_necktie collared_shirt fingerless_gloves short_hair,hoshino_(blue_archive) hoshino_(first_year)_(blue_archive),game_asset highres large_variant_set official_art third-party_source variant_set,"A non-playable alternate design of [[Hoshino (Blue Archive)|]]'s shown in flashbacks in the [[Blue Archive]] story.  Unlike her standard design, she has [[short hair]], and most often has an angry or serious expression. She normally wears a [[bulletproof vest]] and an [[armband]] over her Abydos sch"
hoshino_(flowery_charms)_(blue_archive),False,False,excluded_external_collaboration,2,1,7897022,hoshino_(blue_archive),Flowery Charms,source_unverified,https://e-hentai.org/s/10e0aa0c29/2894383-364,https://danbooru.donmai.us/posts/7897022,pink_hair blue_eyes yellow_eyes halo short_dress white_dress hair_bun long_hair,hoshino_(blue_archive) hoshino_(flowery_charms)_(blue_archive),artist_request official_art,An [[official alternate costume]] of [[Blue Archive]]'s [[Hoshino (blue archive)|]] in collaboration with [[Mahjong Soul]].
hoshino_(j_league)_(blue_archive),False,False,excluded_external_collaboration,2,1,11871079,hoshino_(blue_archive),J League,source_unverified,https://content-central.rakuten.net/collection/feature/bluearchive_jleague_2026-27/img/modal_assets/05kashiwa_member.png,https://danbooru.donmai.us/posts/11871079,pink_hair blue_eyes yellow_eyes pink_halo black_boots black_shorts high_heel_boots short_shorts yellow_shirt ponytail,hoshino_(blue_archive) hoshino_(j_league)_(blue_archive),official_art,An [[official alternate costume]] of [[Hoshino (Blue Archive)|]] for the [[Blue Archive]] x J.League collab.  Costume artist: [[toshizou (0714)]]
hoshino_(second_year)_(blue_archive),True,False,candidate_npc_or_story,1,13,11327881,hoshino_(blue_archive),Second Year,game_asset,https://bluearchive.wiki/wiki/File:Hoshino_(2nd_grade)_00.png,https://danbooru.donmai.us/posts/11327881,pink_hair blue_eyes orange_eyes pink_halo black_pantyhose black_skirt blue_coat blue_necktie blue_scarf ponytail,hoshino_(blue_archive) hoshino_(second_year)_(blue_archive),game_asset highres large_variant_set official_art third-party_source variant_set,"A non-playable alternate design of [[Hoshino (Blue Archive)|]]'s shown in flashbacks in the [[Blue Archive]] story.  Unlike her standard design, she wears her hair in a [[ponytail]] that [[long hair|reaches to her shoulders]]. She normally wears a [[grey sweater]] and [[pantyhose]], and will sometim"
hoshino_(swimsuit)_(blue_archive),True,True,candidate_released,1,6,11842371,hoshino_(swimsuit)_(blue_archive),,game_asset,https://bluearchive.wiki/wiki/File:Hoshino_(Swimsuit)_diorama_00.png,https://danbooru.donmai.us/posts/11842371,pink_hair blue_eyes yellow_eyes pink_halo blue_jacket frilled_bikini white_bikini swimsuit twintails long_hair,hoshino_(blue_archive) hoshino_(swimsuit)_(blue_archive),game_asset highres official_art third-party_source,
hoshino_terror_(blue_archive),False,False,candidate_npc_or_story,2,6,11842511,hoshino_(blue_archive),[[Hoshino Terror (blue archive)|]],game_asset,https://bluearchive.wiki/wiki/File:Hoshino_(Terror)_00.png,https://danbooru.donmai.us/posts/11842511,pink_hair halo black_dress black_gloves black_pantyhose black_shoes short_hair,hoshino_(blue_archive) hoshino_terror_(blue_archive),absurdres game_asset highres official_art spoilers third-party_source,"An alternate version of [[Blue Archive]]'s [[Hoshino (blue archive)|]]. [spoiler]Her transformation into a ""Terror"" form was not triggered by exposure to the Chroma, but rather the compounding trauma and guilt of her past pushing her to a despair-filled breaking point. Unlike Shiroko*Terror, her tra"
ibuki_(blue_archive),True,True,candidate_released,5,18,4669104,ibuki_(blue_archive),Default,game_asset,https://cdn.discordapp.com/attachments/733526156330008659/870163685589544980/ibuki--00.png,https://danbooru.donmai.us/posts/4669104,blonde_hair yellow_eyes demon_wings yellow_halo black_coat black_hat blue_dress collared_shirt military_hat medium_hair,ibuki_(blue_archive),bad_discord_link bad_link game_asset highres official_art third-party_source,
ibuki_(dress)_(blue_archive),False,False,candidate_npc_or_story,1,13,11842744,ibuki_(blue_archive),Dress,game_asset,https://bluearchive.wiki/wiki/File:Ibuki_(Dress)_00.png,https://danbooru.donmai.us/posts/11842744,blonde_hair yellow_eyes demon_wings pointy_ears black_dress black_gloves cocktail_dress pantyhose long_hair,ibuki_(blue_archive) ibuki_(dress)_(blue_archive),game_asset highres official_art third-party_source,Non-playable [[official alternate costume|official]] [[cocktail dress]] variant of [[Ibuki (Blue Archive)|]] from [[Blue Archive]].
ibuki_(swimsuit)_(blue_archive),True,True,candidate_released,2,7,11938350,ibuki_(swimsuit)_(blue_archive),supplemental search,game_asset,Extracted from game,https://danbooru.donmai.us/posts/11938350,blonde_hair yellow_eyes pointy_ears yellow_halo casual_one-piece_swimsuit pink_one-piece_swimsuit print_swimsuit braid long_hair,ibuki_(blue_archive) ibuki_(swimsuit)_(blue_archive),game_asset highres non-web_source official_art self-datamine,
ichika_(blue_archive),True,True,candidate_released,3,17,7386876,ichika_(blue_archive),Default,publisher,https://twitter.com/EN_BlueArchive/status/1773273833924886637,https://danbooru.donmai.us/posts/7386876,black_hair grey_eyes red_halo black_choker black_gloves black_sailor_collar black_shirt black_skirt long_hair,ichika_(blue_archive),absurdres commentary english_commentary highres official_art promotional_art,
ichika_(suit)_(blue_archive),False,False,candidate_npc_or_story,1,13,11860439,ichika_(blue_archive),Suit,game_asset,https://bluearchive.wiki/wiki/File:Ichika_(Stage)_00.png,https://danbooru.donmai.us/posts/11860439,black_hair red_halo black_boots black_shirt knee_boots suit_pants white_gloves ponytail long_hair,ichika_(blue_archive) ichika_(suit)_(blue_archive),game_asset highres official_art third-party_source,Currently unplayable [[suit]] [[official alternate costume|costume]] of [[Blue Archive]]'s [[Ichika (Blue Archive)|]].
ichika_(swimsuit)_(blue_archive),True,True,candidate_released,1,12,9659169,ichika_(blue_archive),Swimsuit,publisher,https://twitter.com/blue_archivejp/status/1946812397542629400,https://danbooru.donmai.us/posts/9659169,black_hair grey_eyes red_halo bikini_bottom_under_shorts black_bikini o-ring_bikini open_jacket swimsuit long_hair,ichika_(blue_archive) ichika_(swimsuit)_(blue_archive),commentary_request highres official_art promotional_art translation_request,"The [[swimsuit]] [[official alternate costume]] of [[Blue Archive]]'s [[Ichika (Blue Archive)|]].  In this costume, Ichika wears a simple black [[o-ring bikini]] with a black [[open jacket]], [[black shorts]] and [[black sandals]]. She also has [[eyewear on head|sunglasses on her head]].  Costume ar"
iori_(blue_archive),True,True,candidate_released,3,18,11329109,iori_(blue_archive),Default,game_asset,https://bluearchive.wiki/wiki/File:Iori_00.png,https://danbooru.donmai.us/posts/11329109,grey_hair red_eyes pointy_ears purple_halo black_boots black_gloves black_necktie black_skirt black_socks twintails,iori_(blue_archive),game_asset highres large_variant_set official_art third-party_source variant_set,
iori_(swimsuit)_(blue_archive),True,True,candidate_released,1,6,5442580,iori_(swimsuit)_(blue_archive),,publisher,https://twitter.com/EN_BlueArchive/status/1504019650060857345,https://danbooru.donmai.us/posts/5442580,white_hair red_eyes pointy_ears halo black_bikini black_gloves choker swimsuit twintails very_long_hair,iori_(blue_archive) iori_(swimsuit)_(blue_archive),absurdres commentary english_commentary highres official_art promotional_art,
iroha_(blue_archive),True,True,candidate_released,4,18,5915597,iroha_(blue_archive),Default,game_asset,https://static.wikia.nocookie.net/blue-archive/images/e/ed/Iroha_Portrait.png/revision/latest?cb=20220423233114,https://danbooru.donmai.us/posts/5915597,red_hair blue_halo purple_halo black_boots black_hat military_hat pencil_skirt red_necktie long_hair,iroha_(blue_archive),game_asset official_art third-party_source,
iroha_(j_league)_(blue_archive),False,False,excluded_external_collaboration,1,1,11871051,iroha_(blue_archive),J League,source_unverified,https://content-central.rakuten.net/collection/feature/bluearchive_jleague_2026-27/img/modal_assets/01kashima_member.png,https://danbooru.donmai.us/posts/11871051,red_hair blue_eyes blue_halo purple_halo black_shirt black_skirt red_shirt white_socks grey_shoes very_long_hair,iroha_(blue_archive) iroha_(j_league)_(blue_archive),official_art,An [[official alternate costume]] of [[Iroha (Blue Archive)|]] for the [[Blue Archive]] x J.League collab.  Costume artist: [[misyune]]
iroha_(swimsuit)_(blue_archive),True,True,candidate_released,2,7,11936653,iroha_(swimsuit)_(blue_archive),supplemental search,game_asset,Extracted from game,https://danbooru.donmai.us/posts/11936653,red_hair blue_eyes blue_halo frilled_one-piece_swimsuit pink_one-piece_swimsuit straw_hat sun_hat long_hair,iroha_(blue_archive) iroha_(swimsuit)_(blue_archive),game_asset highres non-web_source official_art self-datamine,
izumi_(blue_archive),True,True,candidate_released,5,18,11341043,izumi_(blue_archive),Default,game_asset,https://bluearchive.wiki/wiki/File:Izumi_00.png,https://danbooru.donmai.us/posts/11341043,grey_hair yellow_eyes yellow_halo black_coat black_gloves collared_shirt grey_coat multicolored_coat twintails long_hair,izumi_(blue_archive),game_asset highres large_variant_set official_art third-party_source variant_set,
izumi_(new_year)_(blue_archive),True,True,candidate_released,2,12,11227391,izumi_(blue_archive),New Year,publisher,https://www.youtube.com/post/UgkxVyMBnxksgOMhlZGkFAUvuP5HmRaNG6uy,https://danbooru.donmai.us/posts/11227391,grey_hair yellow_eyes halo floral_print_kimono red_kimono white_socks long_hair,izumi_(blue_archive) izumi_(new_year)_(blue_archive),absurdres commentary_request highres official_art promotional_art,An [[Official alternate costume|official costume]] of [[Blue Archive]]'s [[Izumi (blue archive)|]].
izumi_(swimsuit)_(blue_archive),True,True,candidate_released,1,13,4615773,izumi_(blue_archive),Swimsuit,game_asset,https://boards.4chan.org/vg/thread/341584496/#341585215,https://danbooru.donmai.us/posts/4615773,white_hair yellow_eyes halo o-ring_bikini red_bikini straw_hat yellow_hat swimsuit very_long_hair,izumi_(blue_archive) izumi_(swimsuit)_(blue_archive),bad_id game_asset official_art third-party_source,The [[swimsuit]] [[official alternate costume|costume]] of [[Blue Archive]]'s [[Izumi (blue archive)|]].
izumi_(track)_(blue_archive),False,False,candidate_npc_or_story,1,13,11343878,izumi_(blue_archive),Track,game_asset,https://bluearchive.wiki/wiki/File:Izumi_(Sportswear)_00.png,https://danbooru.donmai.us/posts/11343878,grey_hair yellow_eyes yellow_halo gym_uniform open_jacket red_jacket track_jacket white_shirt twintails long_hair,izumi_(blue_archive) izumi_(track)_(blue_archive),game_asset highres large_variant_set official_art third-party_source variant_set,The [[track]] [[official alternate costume|costume]] of [[Blue Archive]]'s [[Izumi (blue archive)|]].
izuna_(blue_archive),True,True,candidate_released,3,18,11453282,izuna_(blue_archive),Default,game_asset,https://bluearchive.wiki/wiki/File:Izuna_00.png,https://danbooru.donmai.us/posts/11453282,brown_hair yellow_eyes fox_ears pink_halo black_gloves black_socks black_thighhighs blue_skirt fishnet_thighhighs short_hair,izuna_(blue_archive),game_asset highres large_variant_set official_art third-party_source variant_set,
izuna_(dress)_(blue_archive),False,False,candidate_npc_or_story,1,13,11468404,izuna_(blue_archive),Dress,game_asset,https://bluearchive.wiki/wiki/File:Izuna_(Dress)_00.png,https://danbooru.donmai.us/posts/11468404,brown_hair orange_eyes fox_ears pink_halo frilled_dress fur_capelet pink_choker pink_dress long_hair,izuna_(blue_archive) izuna_(dress)_(blue_archive),absurdres game_asset highres large_variant_set official_art third-party_source variant_set,An [[official alternate costume]] of [[Blue Archive]]'s [[Izuna (Blue Archive)|]].
izuna_(swimsuit)_(blue_archive),True,True,candidate_released,1,13,11455022,izuna_(blue_archive),Swimsuit,game_asset,https://bluearchive.wiki/wiki/File:Izuna_(Swimsuit)_diorama_00.png,https://danbooru.donmai.us/posts/11455022,brown_hair brown_eyes yellow_eyes fox_ears pink_halo blue_shorts denim_shorts highleg_bikini micro_shorts string_bikini,izuna_(blue_archive) izuna_(swimsuit)_(blue_archive),game_asset highres large_variant_set official_art third-party_source variant_set,A [[swimsuit]] [[official alternate costume]] for [[Izuna (blue archive)|]] from [[Blue Archive]].  Costume artist: [[hanekoto]]
junko_(blue_archive),True,True,candidate_released,3,18,4301876,junko_(blue_archive),Default,publisher,https://webusstatic.yo-star.com/bluearchive_jp_web/img/c7.31dd1a62.png,https://danbooru.donmai.us/posts/4301876,red_hair purple_eyes demon_wings pointy_ears black_boots pleated_skirt school_uniform necktie twintails very_long_hair,junko_(blue_archive),highres large_variant_set official_art variant_set,
junko_(new_year)_(blue_archive),True,True,candidate_released,1,12,6496220,junko_(blue_archive),New Year,publisher,https://twitter.com/EN_BlueArchive/status/1671810255209021440,https://danbooru.donmai.us/posts/6496220,red_hair purple_eyes demon_wings pointy_ears black_boots hakama_skirt meiji_schoolgirl_uniform open_kimono yellow_kimono twintails,junko_(blue_archive) junko_(new_year)_(blue_archive),absurdres commentary english_commentary highres official_art promotional_art,[[Official alternate costume|Official]] New Year variant of [[Junko (Blue Archive)|]].  Voiced by: [[Kanemoto Hisako]] Costume artist: [[DoReMi]]
juri_(blue_archive),True,True,candidate_released,2,18,11438394,juri_(blue_archive),Default,game_asset,https://bluearchive.wiki/wiki/File:Juri_00.png,https://danbooru.donmai.us/posts/11438394,pink_hair green_eyes blue_halo pointy_ears black_pantyhose blue_jacket blue_skirt frilled_apron pleated_skirt very_long_hair,juri_(blue_archive),absurdres game_asset highres large_variant_set official_art third-party_source variant_set,
juri_(part-time)_(blue_archive),False,False,candidate_npc_or_story,1,13,9718652,juri_(blue_archive),Part-time,publisher,https://twitter.com/EN_BlueArchive/status/1950851431390700013,https://danbooru.donmai.us/posts/9718652,pink_hair green_eyes pointy_ears halo black_dress black_pantyhose frilled_dress maid_apron black_shoes,juri_(blue_archive) juri_(part-time)_(blue_archive),absurdres commentary english_commentary highres official_art promotional_art,An [[official alternate costume|official costume]] of [[Blue Archive]]'s [[Juri (blue archive)|]].  Costume artist: [[gom (kooskoo)]]
juri_(part-timer)_(blue_archive),True,True,no_tagged_post,0,,,,,,,,,,,
justice_task_force_member_(blue_archive),True,False,candidate_npc_or_story,23,7,5785311,justice_task_force_member_(blue_archive),supplemental search,game_asset,https://cdn.discordapp.com/attachments/1035433299625132073/1035435614029479987/np0060--00.png,https://danbooru.donmai.us/posts/5785311,black_hair red_halo white_socks hat shirt shorts long_hair,justice_task_force_member_(blue_archive),bad_discord_link bad_link game_asset official_art,
justice_task_force_member_(maid)_(blue_archive),False,False,candidate_npc_or_story,3,6,9154938,justice_task_force_member_(blue_archive),supplemental search,publisher,https://webusstatic.yo-star.com/bluearchive-jp/ba-jp-aprilfools-minigame/prod/minigame-2025/toschool/CG/D_CG08_3.jpg,https://danbooru.donmai.us/posts/9154938,black_hair red_eyes cat_ears red_halo maid_apron maid_headdress pink_dress waist_apron white_apron very_long_hair,justice_task_force_member_(blue_archive) justice_task_force_member_(maid)_(blue_archive),absurdres highres official_art,
kaede_(blue_archive),True,True,candidate_released,1,18,6496343,kaede_(blue_archive),Default,publisher,https://twitter.com/EN_BlueArchive/status/1595703770100416513,https://danbooru.donmai.us/posts/6496343,brown_hair yellow_eyes animal_ears halo hakama_short_skirt hakama_skirt red_sailor_collar ribbon-trimmed_thighhighs school_uniform hair_bun,kaede_(blue_archive),absurdres commentary english_commentary highres official_art promotional_art,
kaho_(blue_archive),True,True,candidate_released,1,18,6792506,kaho_(blue_archive),Default,publisher,https://twitter.com/EN_BlueArchive/status/1714929386552791531,https://danbooru.donmai.us/posts/6792506,blonde_hair yellow_eyes fox_ears yellow_halo sideless_kimono sleeveless_kimono two-tone_kimono yellow_hairband very_long_hair,kaho_(blue_archive),absurdres highres official_art promotional_art,
kanna_(blue_archive),True,True,candidate_released,2,17,6586947,kanna_(blue_archive),Default,publisher,https://twitter.com/EN_BlueArchive/status/1684491313746530304,https://danbooru.donmai.us/posts/6586947,blonde_hair blue_halo animal_ears black_jacket pencil_skirt police_uniform necktie pantyhose long_hair,kanna_(blue_archive),absurdres commentary english_commentary highres official_art promotional_art,
kanna_(swimsuit)_(blue_archive),True,True,candidate_released,1,12,8584891,kanna_(blue_archive),Swimsuit,publisher,https://twitter.com/EN_BlueArchive/status/1869669011962626205,https://danbooru.donmai.us/posts/8584891,blonde_hair blue_eyes blue_halo animal_ears blue_jacket competition_swimsuit cropped_jacket highleg_one-piece_swimsuit open_jacket ponytail,kanna_(blue_archive) kanna_(swimsuit)_(blue_archive),absurdres commentary english_commentary highres official_art promotional_art second-party_source,"A [[one-piece swimsuit|one-piece]] [[impossible swimsuit]] [[official alternate costume]] of [[Blue Archive]]'s [[Kanna (blue archive)|]].  In this outfit, Kanna tied her hair to a [[ponytail]], and the bang that covers her right eye is [[crossed bangs|crossed left-and-right]]. She wears the standar"
kanoe_(blue_archive),True,True,candidate_released,1,18,9817172,kanoe_(blue_archive),Default,publisher,https://twitter.com/Blue_ArchiveJP/status/1957306689608413449,https://danbooru.donmai.us/posts/9817172,grey_hair white_hair brown_eyes halo black_dress black_pantyhose grey_dress white_shirt black_shoes very_long_hair,kanoe_(blue_archive),commentary_request highres official_art promotional_art,
karin_(blue_archive),True,True,candidate_released,4,18,11344146,karin_(blue_archive),Default,game_asset,https://bluearchive.wiki/wiki/File:Karin_00.png,https://danbooru.donmai.us/posts/11344146,black_hair purple_hair yellow_eyes purple_halo black_dress frilled_apron frilled_dress maid_apron maid_headdress very_long_hair,karin_(blue_archive),game_asset highres large_variant_set official_art third-party_source variant_set,
karin_(bunny)_(blue_archive),True,True,candidate_released,1,13,11550176,karin_(blue_archive),Bunny,game_asset,https://bluearchive.wiki/wiki/File:Karin_(Bunny_Girl)_00.png,https://danbooru.donmai.us/posts/11550176,black_hair purple_hair yellow_eyes purple_halo rabbit_ears black_leotard black_pantyhose blue_bowtie fishnet_pantyhose highleg_leotard,karin_(blue_archive) karin_(bunny)_(blue_archive),game_asset highres large_variant_set official_art third-party_source variant_set,"The [[playboy bunny]] [[official alternate costume]] of [[Blue Archive]]'s [[Karin (blue archive)|]].  In this costume, she wears [[fake animal ears|fake]] [[rabbit ears]] and a [[fake tail|fake]] [[rabbit tail]], worn with a [[black leotard|black]] [[strapless leotard|strapless]] [[highleg leotard]"
karin_(school_uniform)_(blue_archive),True,True,candidate_released,2,13,9604029,karin_(blue_archive),School Uniform,publisher,https://twitter.com/EN_BlueArchive/status/1942871349141311633,https://danbooru.donmai.us/posts/9604029,black_hair purple_hair black_halo black_socks blue_bowtie blue_skirt blue_sweater collared_shirt very_long_hair,karin_(blue_archive) karin_(school_uniform)_(blue_archive),absurdres commentary english_commentary highres official_art promotional_art,"[[official alternate costume]] of [[Blue Archive]]'s [[Karin (blue archive)|]].  In this costume, Karin wears the standard Millennium Science School [[school uniform|uniform]] comprised of a [[white shirt|white]] [[collared shirt]] underneath the [[blue cardigan|standard blue school cardigan]] with"
kasumi_(blue_archive),True,True,candidate_released,7,7,11857809,kasumi_(blue_archive),supplemental search,game_asset,Extracted from game (Blue Archive),https://danbooru.donmai.us/posts/11857809,brown_hair yellow_eyes white_halo black_shorts collared_shirt lab_coat red_shirt short_shorts long_hair,kasumi_(blue_archive),game_asset highres non-web_source official_art self-datamine,
kasumi_(swimsuit)_(blue_archive),True,True,candidate_released,5,11,9714372,kasumi_(blue_archive),Swimsuit,game_mirror,https://static.wikitide.net/bluearchivewiki/b/b7/Kasumi_(Swimsuit)_00.png?download,https://danbooru.donmai.us/posts/9714372,black_hair yellow_eyes red_halo black_bikini lab_coat striped_bikini swimsuit twintails very_long_hair,kasumi_(blue_archive) kasumi_(swimsuit)_(blue_archive),artist_request highres official_art third-party_source,The [[swimsuit]] [[official alternate costume|costume]] of [[Blue Archive]]'s [[Kasumi (blue archive)|]].
kaya_(blue_archive),True,False,candidate_npc_or_story,2,18,11841915,kaya_(blue_archive),Default,game_asset,https://bluearchive.wiki/wiki/File:Kaya_00.png,https://danbooru.donmai.us/posts/11841915,pink_hair yellow_halo blue_dress blue_necktie collared_jacket half_gloves multicolored_dress braid hair_bun,kaya_(blue_archive),game_asset highres official_art tall_image third-party_source,
kaya_(prison)_(blue_archive),False,False,candidate_npc_or_story,1,13,11841929,kaya_(blue_archive),Prison,game_asset,https://bluearchive.wiki/wiki/File:Kaya_(Prisoner)_00.png,https://danbooru.donmai.us/posts/11841929,pink_hair yellow_halo green_pants green_shirt white_shirt green_shoes long_hair,kaya_(blue_archive) kaya_(prison)_(blue_archive),game_asset highres official_art third-party_source,The [[prison clothes|prison]] [[official alternate costume]] of [[Blue Archive]]'s [[Kaya (Blue Archive)|]].
kayoko_(blue_archive),True,True,candidate_released,6,18,11411296,kayoko_(blue_archive),Default,game_asset,https://bluearchive.wiki/wiki/File:Kayoko_00.png,https://danbooru.donmai.us/posts/11411296,black_hair white_hair red_eyes demon_wings white_halo black_choker black_shirt black_sweater hooded_sweater plaid_skirt,kayoko_(blue_archive),game_asset highres large_variant_set official_art third-party_source variant_set,
kayoko_(dress)_(blue_archive),True,True,candidate_released,1,5,8024231,kayoko_(dress)_(blue_archive),,publisher,https://x.com/EN_BlueArchive/status/1824011900243333552,https://danbooru.donmai.us/posts/8024231,black_hair grey_hair red_eyes demon_wings halo black_choker black_dress o-ring_dress pendant_choker short_dress,kayoko_(blue_archive) kayoko_(dress)_(blue_archive),absurdres commentary english_commentary highres official_art promotional_art,
kayoko_(muninsa)_(blue_archive),False,False,excluded_external_collaboration,1,5,11705833,kayoko_(blue_archive),Muninsa,publisher,https://nxm-clw-cdn.dn.nexoncdn.co.kr/ba/events/2026/06/musinsa_3ii1oclk/home-figure-6.png,https://danbooru.donmai.us/posts/11705833,black_hair white_hair red_eyes halo laddered_pantyhose single_leg_pantyhose torn_pantyhose white_shirt hat braid,kayoko_(blue_archive) kayoko_(muninsa)_(blue_archive),official_art,Promotional collaboration [[official alternate costume]] for [[Kayoko (Blue Archive)|]] from [[Blue Archive]].
kayoko_(new_year)_(blue_archive),True,True,candidate_released,2,11,5915674,kayoko_(blue_archive),New Year,game_mirror,https://static.wikia.nocookie.net/blue-archive/images/9/98/Kayoko_New_Year_Portrait.png/revision/latest?cb=20220429103545,https://danbooru.donmai.us/posts/5915674,black_hair white_hair red_eyes halo choker kimono long_hair,kayoko_(blue_archive) kayoko_(new_year)_(blue_archive),highres official_art third-party_source,The [[New Year]]'s [[official alternate costume]] for [[Kayoko (blue archive)|]] from [[Blue Archive]].  Costume artist: [[DoReMi_(doremi4704)]]
kazusa_(band)_(blue_archive),True,True,candidate_released,2,12,12056913,kazusa_(blue_archive),Band,game_asset,https://bluearchive.wiki/wiki/File:Kazusa_(Band)_00.png,https://danbooru.donmai.us/posts/12056913,black_hair pink_hair pink_eyes cat_ears pink_halo black_choker black_jacket black_socks pleated_skirt print_shirt,kazusa_(band)_(blue_archive) kazusa_(blue_archive),game_asset highres large_variant_set official_art third-party_source variant_set,The [[band (music)|]] [[official alternate costume|costume]] of [[Blue Archive]]'s [[Kazusa (blue archive)|]].  It is her when [[After-School Sweets Club (blue archive)|]] acted as the band called [b]Sugar Rush[/b] for Trinity's school festival.  Voiced by: [[Natsuyoshi Yuuko]] Costume artist: [[mx2
kazusa_(blue_archive),True,True,candidate_released,24,17,6496330,kazusa_(blue_archive),Default,publisher,https://twitter.com/EN_BlueArchive/status/1628683582435905538,https://danbooru.donmai.us/posts/6496330,pink_eyes cat_ears halo black_choker black_jacket black_pantyhose green_sailor_collar hooded_jacket short_hair,kazusa_(blue_archive),absurdres commentary english_commentary highres official_art promotional_art,
kazusa_(halloween)_(blue_archive),True,False,candidate_npc_or_story,21,6,12082972,kazusa_(halloween)_(blue_archive),supplemental search,game_asset,https://bluearchive.wiki/wiki/File:Kazusa_(School_Festival)_99.png,https://danbooru.donmai.us/posts/12082972,black_hair cat_ears halo black_skirt black_socks fur-trimmed_gloves fur-trimmed_socks fur_scarf short_hair,kazusa_(blue_archive) kazusa_(halloween)_(blue_archive),game_asset highres large_variant_set official_art third-party_source variant_set,
kei_(amas)_(blue_archive),True,False,no_tagged_post,0,,,,,,,,,,,
kei_(aris)_(blue_archive),True,False,candidate_npc_or_story,15,7,5869355,kei_(aris)_(blue_archive),supplemental search,game_asset,https://cdn.discordapp.com/attachments/1047350404662448219/1047350972441174086/BG_CS_Millenium_50.jpg,https://danbooru.donmai.us/posts/5869355,black_hair blue_eyes red_eyes halo black_hairband school_uniform jacket necktie long_hair,kei_(aris)_(blue_archive) kei_(blue_archive),bad_discord_link bad_link game_asset highres official_art spoilers,
kei_(blue_archive),True,True,needs_source_or_visual_review,32,-1,12095520,kei_(blue_archive),supplemental search,game_asset,BA official data,https://danbooru.donmai.us/posts/12095520,white_hair pink_halo black_boots black_hairband black_jacket black_skirt black_thighhighs very_long_hair,kei_(blue_archive) kei_(student)_(blue_archive),game_asset highres large_variant_set non-web_source official_art self-datamine variant_set,
kei_(orange_robot)_(blue_archive),True,False,candidate_npc_or_story,3,7,9580882,kei_(orange_robot)_(blue_archive),supplemental search,game_asset,Extracted from game files.,https://danbooru.donmai.us/posts/9580882,black_hair blue_eyes aqua_halo blue_halo black_hairband white_jacket long_hair,aris_(blue_archive) kei_(orange_robot)_(blue_archive),game_asset highres non-web_source official_art,
kei_(student)_(blue_archive),True,False,candidate_npc_or_story,17,13,11524389,kei_(blue_archive),Student,publisher,https://jarvis.dn.nexoncdn.co.kr/bluearchive/gb/20260528/20260528021015094-0c63a66353d74be1ab745e10a463bd79.png,https://danbooru.donmai.us/posts/11524389,white_hair pink_eyes pink_halo black_boots black_hairband black_jacket black_skirt black_thighhighs very_long_hair,kei_(blue_archive) kei_(student)_(blue_archive),highres official_art,"[[Kei (Blue Archive)|Kei's]] humanoid form, which is used as her playable student form in [[Blue Archive]]. It first appears in Steel Continent Story Episode ""Uniform"":[https://bluearchive.wiki/wiki/Steel_Continent_Assault/Story/4] [spoiler]And she fully transforms into it during the events of episo"
kikyou_(blue_archive),True,True,candidate_released,3,17,7675044,kikyou_(blue_archive),Default,publisher,https://x.com/EN_BlueArchive/status/1793570061904707594,https://danbooru.donmai.us/posts/7675044,black_eyes blue_halo cat_ears black_sailor_collar medium_skirt pleated_skirt ribbon_choker school_uniform short_hair,kikyou_(blue_archive),absurdres english_commentary highres official_art promotional_art,
kikyou_(swimsuit)_(blue_archive),True,True,candidate_released,2,12,10270891,kikyou_(blue_archive),Swimsuit,publisher,https://twitter.com/EN_BlueArchive/status/1988894616184082805,https://danbooru.donmai.us/posts/10270891,cat_ears halo black_choker bikini swimsuit,kikyou_(blue_archive) kikyou_(swimsuit)_(blue_archive),absurdres commentary english_commentary highres official_art promotional_art second-party_source,The [[swimsuit]] [[official alternate costume|costume]] of [[Blue Archive]]'s [[Kikyou (blue archive)|]].
kirara_(blue_archive),True,True,candidate_released,1,17,7539628,kirara_(blue_archive),Default,publisher,https://twitter.com/Blue_ArchiveJP/status/1786954329762783733,https://danbooru.donmai.us/posts/7539628,pink_hair red_eyes pink_halo black_choker black_hairband black_skirt high-waist_skirt pencil_skirt hair_bun very_long_hair,kirara_(blue_archive),commentary_request highres official_art promotional_art,
kirino_(blue_archive),True,True,candidate_released,3,18,5444033,kirino_(blue_archive),Default,publisher,https://twitter.com/EN_BlueArchive/status/1514528888394723330,https://danbooru.donmai.us/posts/5444033,white_hair blue_eyes halo ankle_boots black_pantyhose school_uniform white_boots white_gloves braid twintails,kirino_(blue_archive),absurdres commentary english_commentary highres official_art promotional_art,
kirino_(swimsuit)_(blue_archive),True,True,candidate_released,2,12,8584927,kirino_(blue_archive),Swimsuit,publisher,https://twitter.com/EN_BlueArchive/status/1869676548766228482,https://danbooru.donmai.us/posts/8584927,white_hair blue_eyes blue_halo purple_bikini tied_shirt white_shirt swimsuit braid long_hair,kirino_(blue_archive) kirino_(swimsuit)_(blue_archive),absurdres commentary english_commentary highres official_art promotional_art second-party_source,The [[swimsuit]] [[official alternate costume|costume]] of [[Blue Archive]]'s [[Kirino (Blue Archive)|]].
kisaki_(blue_archive),True,True,candidate_released,27,7,8212422,kisaki_(blue_archive),supplemental search,game_asset,Extracted from the Game,https://danbooru.donmai.us/posts/8212422,black_hair grey_eyes halo black_dress black_gloves grey_coat pinstripe_jacket print_dress braid hair_bun,kisaki_(blue_archive),absurdres game_asset highres non-web_source official_art,
kisaki_(j_league)_(blue_archive),False,False,excluded_external_collaboration,1,1,11871139,kisaki_(blue_archive),J League,source_unverified,https://content-central.rakuten.net/collection/feature/bluearchive_jleague_2026-27/img/modal_assets/19fukuoka_member.png,https://danbooru.donmai.us/posts/11871139,black_hair grey_eyes halo black_skirt blue_shirt high-waist_skirt white_socks black_shoes twintails long_hair,kisaki_(blue_archive) kisaki_(j_league)_(blue_archive),official_art,An [[official alternate costume]] of [[Kisaki (Blue Archive)|]] for the [[Blue Archive]] x J.League collab.  Costume artist: [[misyune]]
kisaki_(kiki)_(blue_archive),True,False,candidate_npc_or_story,3,6,11633349,kisaki_(kiki)_(blue_archive),supplemental search,publisher,https://www.youtube.com/post/UgkxHsuyIHUYXTLrWIOxKraEcX1HrYw82TLU,https://danbooru.donmai.us/posts/11633349,black_hair halo black_bikini o-ring_bikini swimsuit braid very_long_hair,kisaki_(blue_archive) kisaki_(kiki)_(blue_archive) kisaki_(swimsuit)_(blue_archive),absurdres commentary_request highres official_art promotional_art translation_request,
kisaki_(kindergarten_swimsuit)_(blue_archive),False,False,candidate_npc_or_story,1,11,11753242,kisaki_(blue_archive),Kindergarten Swimsuit,game_mirror,"https://static.wikitide.net/bluearchivewiki/e/e8/Kisaki_(Kindergarten,_swimsuit)_00.png",https://danbooru.donmai.us/posts/11753242,black_hair grey_eyes halo one-piece_swimsuit swimsuit_skirt twintails very_long_hair,kisaki_(blue_archive) kisaki_(kindergarten_swimsuit)_(blue_archive),highres official_art third-party_source,"[[Official alternate costume]] of [[Kisaki (Blue Archive)|Kisaki]] from [[Blue Archive]].  This alternate [[swimsuit]] costume was released as a variant of [[Kisaki (Swimsuit) (Blue Archive)]]. She is known as ""Kiki"" (キキ) when disguised as a kindergartener.  See [[Kisaki (Kiki) (Blue Archive)|]] for"
kisaki_(kindergarten_uniform)_(blue_archive),True,False,candidate_npc_or_story,3,14,8206558,kisaki_(blue_archive),Kindergarten Uniform,game_asset,,https://danbooru.donmai.us/posts/8206558,black_hair grey_eyes halo blue_skirt kindergarten_uniform pink_shirt pleated_skirt school_hat twintails very_long_hair,kisaki_(blue_archive) kisaki_(kindergarten_uniform)_(blue_archive),game_asset highres official_art,"[[Kisaki (blue archive)|]]'s [[official alternate costume]] which debuted during her release event in [[Blue Archive]]. She is known as ""Kiki"" (キキ) when disguised as a kindergartener."
kisaki_(school_uniform)_(blue_archive),True,False,needs_source_or_visual_review,1,2,10822917,kisaki_(school_uniform)_(blue_archive),,source_unverified,https://t.bilibili.com/1170309877334016050?spm_id_from=333.1387.0.0,https://danbooru.donmai.us/posts/10822917,black_hair halo black_coat black_gloves black_skirt collared_shirt open_coat hair_bun,kisaki_(blue_archive) kisaki_(school_uniform)_(blue_archive),chinese_commentary commentary_request highres official_art,
kisaki_(swimsuit)_(blue_archive),True,True,candidate_released,3,7,11863239,kisaki_(swimsuit)_(blue_archive),supplemental search,game_asset,Extracted from game (Blue Archive),https://danbooru.donmai.us/posts/11863239,black_hair grey_eyes halo black_bikini swimsuit braid long_hair,kisaki_(blue_archive) kisaki_(swimsuit)_(blue_archive),absurdres game_asset highres non-web_source official_art self-datamine,
koharu_(blue_archive),True,True,candidate_released,4,18,11496192,koharu_(blue_archive),Default,game_asset,https://bluearchive.wiki/wiki/File:Koharu_00.png,https://danbooru.donmai.us/posts/11496192,pink_hair pink_eyes pink_halo black_hat black_shirt loose_socks oversized_shirt pleated_skirt twintails long_hair,koharu_(blue_archive),game_asset highres large_variant_set official_art third-party_source variant_set,
koharu_(swimsuit)_(blue_archive),True,True,candidate_released,1,13,11860811,koharu_(blue_archive),Swimsuit,game_asset,https://bluearchive.wiki/wiki/File:Koharu_(Swimsuit)_00.png,https://danbooru.donmai.us/posts/11860811,pink_hair pink_eyes pink_halo black_bikini floral_print_bikini hat swimsuit twintails long_hair,koharu_(blue_archive) koharu_(swimsuit)_(blue_archive),game_asset highres large_variant_set official_art third-party_source variant_set,"A [[swimsuit]] [[official alternate costume|costume]] for [[Koharu (blue archive)|]].  In this costume, Koharu wears a simple [[black bikini]] with a white [[floral print]] and a [[front-tie bikini top]]. She also wears a white and pink [[scarf]] wrapped around her lower leg, and brown and white [[f"
kokona_(blue_archive),True,True,candidate_released,6,7,7048024,kokona_(blue_archive),supplemental search,game_asset,Self Extracted,https://danbooru.donmai.us/posts/7048024,black_hair grey_hair orange_eyes blue_halo animal_ears black_dress black_jacket striped_dress,kokona_(blue_archive),absurdres game_asset highres non-web_source official_art,
kokoro_(blue_archive),True,True,candidate_released,1,18,12046990,kokoro_(blue_archive),Default,publisher,https://x.com/Blue_ArchiveJP/status/2090997894904177050,https://danbooru.donmai.us/posts/12046990,pink_hair red_eyes blue_halo brown_gloves,kokoro_(blue_archive),commentary_request highres official_art promotional_art,
konoka_(blue_archive),True,True,candidate_released,9,6,11874612,konoka_(blue_archive),supplemental search,publisher,https://jarvis.dn.nexoncdn.co.kr/bluearchive/gb/20260722/20260722052207326-0e1ddeeb93a042068649c37d4c2c5a4b.png,https://danbooru.donmai.us/posts/11874612,grey_hair grey_eyes halo black_socks blue_shirt blue_skirt floral_print_shirt grey_jacket long_hair,konoka_(blue_archive),absurdres highres official_art,
konoka_(j_league)_(blue_archive),False,False,excluded_external_collaboration,1,1,11871090,konoka_(blue_archive),J League,source_unverified,https://content-central.rakuten.net/collection/feature/bluearchive_jleague_2026-27/img/modal_assets/08machida_member.png,https://danbooru.donmai.us/posts/11871090,grey_hair grey_eyes halo black_skirt blue_shirt white_shoes long_hair,konoka_(blue_archive) konoka_(j_league)_(blue_archive),official_art,An [[official alternate costume]] of [[Konoka (Blue Archive)|]] for the [[Blue Archive]] x J.League collab.  Costume artist: [[momoshiki tsubaki]]
kotama_(blue_archive),True,True,candidate_released,2,18,11438679,kotama_(blue_archive),Default,game_asset,https://bluearchive.wiki/wiki/File:Kotama_00.png,https://danbooru.donmai.us/posts/11438679,blonde_hair purple_eyes purple_halo black_boots black_choker black_coat black_gloves blue_necktie braid long_hair,kotama_(blue_archive),absurdres game_asset highres large_variant_set official_art third-party_source variant_set,
kotama_(camp)_(blue_archive),True,True,candidate_released,1,12,7018624,kotama_(blue_archive),Camp,publisher,https://twitter.com/Blue_ArchiveJP/status/1739179461051064402,https://danbooru.donmai.us/posts/7018624,purple_eyes halo winter_coat gloves pantyhose scarf shoes ponytail very_long_hair,kotama_(blue_archive) kotama_(camp)_(blue_archive),commentary_request highres official_art promotional_art translation_request,[[official alternate costume|Official]] camping outfit for [[Kotama (Blue Archive)|]].
kotone_(blue_archive),True,True,candidate_released,3,13,12050161,kotone_(blue_archive),,publisher,https://www.youtube.com/post/Ugkx0LJnJB-BoignwlzisZb778y5Jjt-Ae--,https://danbooru.donmai.us/posts/12050161,grey_hair halo black_choker white_one-piece_swimsuit grey_shoes socks short_hair,kotone_(blue_archive),absurdres artist_request commentary_request highres official_art promotional_art,
kotori_(blue_archive),True,True,candidate_released,3,18,11440021,kotori_(blue_archive),Default,game_asset,https://bluearchive.wiki/wiki/File:Kotori_02.png,https://danbooru.donmai.us/posts/11440021,blonde_hair red_eyes yellow_halo black_coat black_skirt blue_necktie collared_shirt fur-trimmed_coat braid short_hair,kotori_(blue_archive),game_asset highres large_variant_set official_art third-party_source variant_set,
kotori_(cheer_squad)_(blue_archive),True,True,candidate_released,1,13,11843664,kotori_(blue_archive),Cheer Squad,game_asset,https://bluearchive.wiki/wiki/File:Kotori_(Cheerleader)_diorama_00.png,https://danbooru.donmai.us/posts/11843664,blonde_hair red_eyes halo loose_socks white_socks shoes,kotori_(blue_archive) kotori_(cheer_squad)_(blue_archive),game_asset highres official_art third-party_source,The [[cheerleader]] [[official alternate costume]] of [[Blue Archive]]'s [[Kotori (blue archive)|]].
koyuki_(blue_archive),True,True,candidate_released,18,18,6022814,koyuki_(blue_archive),Default,game_asset,https://twitter.com/skabjh01471/status/1619223962629861381,https://danbooru.donmai.us/posts/6022814,pink_hair halo blue_skirt fingerless_gloves school_uniform white_jacket white_thighhighs twintails very_long_hair,koyuki_(blue_archive),commentary_request game_asset highres korean_commentary official_art third-party_source,
koyuki_(bunny)_(blue_archive),False,False,needs_in_work_release_review,16,9,4810992,koyuki_(blue_archive),Bunny,source_unverified,https://boards.4chan.org/vg/thread/353293731#p353508370,https://danbooru.donmai.us/posts/4810992,blonde_hair pink_hair pink_eyes rabbit_ears halo aqua_necktie black_hat black_jacket black_leotard loose_necktie,koyuki_(blue_archive) koyuki_(bunny)_(blue_archive),bad_id official_art,"The  [[playboy bunny]] [[official alternate costume]] of [[Blue Archive]]'s [[Koyuki (Blue Archive)|]]. Was the outfit displayed during her initial debut in the event [b]Bunny Chaser on Board[/b].  In this costume, she wears a [[white jacket]] on top of her standard [[playboy bunny]] getup of a [[bl"
koyuki_(pajamas)_(blue_archive),True,True,candidate_released,1,13,11757379,koyuki_(blue_archive),Pajamas,publisher,https://x.com/en_bluearchive/status/2075142916314665407,https://danbooru.donmai.us/posts/11757379,pink_hair halo twintails very_long_hair,koyuki_(blue_archive) koyuki_(pajamas)_(blue_archive),absurdres commentary english_commentary highres official_art,The [[pajamas]] [[official alternate costume]] of [[Blue Archive]]'s [[Koyuki (Blue Archive)|]].  Costume artist: Owa (original design) / [[blanchat]] (in-game art)
kurumi_(blue_archive),True,True,candidate_released,6,7,11954275,kurumi_(blue_archive),supplemental search,game_asset,Extracted from game,https://danbooru.donmai.us/posts/11954275,blonde_hair green_eyes fox_ears halo black_choker black_gloves black_sailor_collar black_skirt black_socks very_long_hair,angry_adelie_(blue_archive) big_brother_(blue_archive) kurumi_(blue_archive) peroro_(blue_archive) skullman_(blue_archive) wavecat_(blue_archive),absurdres game_asset highres non-web_source official_art self-datamine,
maia_(blue_archive),True,False,candidate_npc_or_story,1,3,10949641,maia_(blue_archive),supplemental search,social_unverified,https://x.com/ginggu_/status/2013846224135143767,https://danbooru.donmai.us/posts/10949641,white_hair halo black_skirt pleated_skirt white_coat white_socks braid twintails,maia_(blue_archive),commentary highres official_art promotional_art translated untranslatable_commentary,
maki_(blue_archive),True,True,candidate_released,8,18,11344486,maki_(blue_archive),Default,game_asset,https://bluearchive.wiki/wiki/File:Maki_00.png,https://danbooru.donmai.us/posts/11344486,red_hair blue_eyes red_halo black_jacket black_socks black_sweater blue_necktie collared_shirt hair_bun short_hair,maki_(blue_archive),game_asset highres large_variant_set official_art third-party_source variant_set,
maki_(camp)_(blue_archive),True,True,candidate_released,5,7,9669791,maki_(camp)_(blue_archive),supplemental search,game_asset,https://dszw1qtcnsa5e.cloudfront.net/community/20250721/43bb83bb-e2f9-4a1b-b953-6264e63fac0d/CH0235makicampingogGULIM.png,https://danbooru.donmai.us/posts/9669791,red_hair blue_eyes red_halo white_shirt braid long_hair,maki_(blue_archive) maki_(camp)_(blue_archive),bad_link game_asset highres official_art,
maki_(j_league)_(blue_archive),False,False,excluded_external_collaboration,1,1,11871106,maki_(blue_archive),J League,source_unverified,https://content-central.rakuten.net/collection/feature/bluearchive_jleague_2026-27/img/modal_assets/12nagoya_member.png,https://danbooru.donmai.us/posts/11871106,red_hair blue_eyes red_halo denim_shorts high-waist_skirt red_shirt short_shorts yellow_shoes side_ponytail long_hair,maki_(blue_archive) maki_(j_league)_(blue_archive),artist_request official_art,An [[official alternate costume]] of [[Maki (Blue Archive)|]] for the [[Blue Archive]] x J.League collab.  Costume artist: [[momomoi momoi]]
makina_(blue_archive),True,False,candidate_npc_or_story,1,6,12089941,makina_(blue_archive),supplemental search,game_asset,https://bluearchive.wiki/wiki/File:Makina_00.png,https://danbooru.donmai.us/posts/12089941,blue_hair yellow_eyes blue_halo blue_bikini blue_sailor_collar cropped_shirt lowleg_bikini micro_bikini short_hair,makina_(blue_archive),game_asset highres official_art third-party_source,
makoto_(blue_archive),True,True,candidate_released,6,16,10466926,makoto_(blue_archive),Default,game_mirror,https://static.wikitide.net/bluearchivewiki/7/73/Makoto_00.png,https://danbooru.donmai.us/posts/10466926,grey_hair aqua_eyes black_halo pink_halo black_boots black_necktie black_skirt brown_pantyhose collared_shirt very_long_hair,makoto_(blue_archive),commentary english_commentary highres official_art third-party_source,
makoto_(dress)_(blue_archive),False,False,candidate_npc_or_story,1,13,11841679,makoto_(blue_archive),Dress,game_asset,https://bluearchive.wiki/wiki/File:Makoto_(Dress)_00.png,https://danbooru.donmai.us/posts/11841679,black_hair grey_hair grey_eyes black_halo pointy_ears black_dress black_gloves elbow_gloves halter_dress black_shoes,makoto_(blue_archive) makoto_(dress)_(blue_archive),absurdres game_asset highres official_art third-party_source,Non-playable [[official alternate costume|official]] [[evening gown|evening dress]] variant of [[Makoto (Blue Archive)|]] from [[Blue Archive]].
makoto_(swimsuit)_(blue_archive),True,True,candidate_released,3,7,11890102,makoto_(swimsuit)_(blue_archive),supplemental search,game_asset,Extracted from game,https://danbooru.donmai.us/posts/11890102,grey_hair blue_eyes pointy_ears purple_halo frilled_bikini o-ring_bikini off-shoulder_bikini white_bikini white_choker ponytail,makoto_(blue_archive) makoto_(swimsuit)_(blue_archive),game_asset highres non-web_source official_art self-datamine,
malkuth_(blue_archive),True,False,candidate_npc_or_story,8,7,11648524,malkuth_(blue_archive),supplemental search,game_asset,"Extracted from game files ""BlueArchive\BlueArchive_Data\StreamingAssets\PUB\Resource\GameData\MediaResources\Scenario\Event\90002000_ED_Video_1.mp4""",https://danbooru.donmai.us/posts/11648524,white_hair yellow_eyes yellow_halo large_hat white_dress white_hat white_shoes very_long_hair,malkuth_(blue_archive),absurdres animated game_asset highres non-web_source official_art self-datamine sound spoilers video,
mari_(blue_archive),True,True,candidate_released,15,18,11637016,mari_(blue_archive),Default,game_asset,https://bluearchive.wiki/wiki/File:Mari_00.png,https://danbooru.donmai.us/posts/11637016,orange_hair blue_eyes yellow_halo animal_ears black_coat long_dress nun_headdress white_dress white_sailor_collar braid,mari_(blue_archive),game_asset highres large_variant_set official_art third-party_source variant_set,
mari_(idol)_(blue_archive),True,True,candidate_released,6,7,9162289,mari_(idol)_(blue_archive),supplemental search,game_asset,https://dszw1qtcnsa5e.cloudfront.net/community/20250411/179f1d8a-c341-43bd-860d-ad8fc671e7c4/CH0273mariidolog7peach.png,https://danbooru.donmai.us/posts/9162289,orange_hair blue_eyes fox_ears yellow_halo black_dress frilled_choker mini_hat mini_top_hat sleeveless_dress twintails,mari_(blue_archive) mari_(idol)_(blue_archive),bad_link game_asset highres official_art,
mari_(j_league)_(blue_archive),False,False,excluded_external_collaboration,1,1,11871102,mari_(blue_archive),J League,source_unverified,https://content-central.rakuten.net/collection/feature/bluearchive_jleague_2026-27/img/modal_assets/11shimizu_member.png,https://danbooru.donmai.us/posts/11871102,orange_hair blue_eyes cat_ears yellow_halo black_hairband black_skirt knee_boots lace-up_boots orange_shirt hair_bun,mari_(blue_archive) mari_(j_league)_(blue_archive),official_art,An [[official alternate costume]] of [[Mari (Blue Archive)|]] for the [[Blue Archive]] x J.League collab.  Costume artist: [[usuke (u skeeep)]]
mari_(old_design)_(blue_archive),False,False,needs_in_work_release_review,1,9,8214510,mari_(blue_archive),Old Design,social_unverified,https://twitter.com/vinokerplus/status/1839852926409552364,https://danbooru.donmai.us/posts/8214510,orange_hair yellow_halo hat shoes braid long_hair,mari_(blue_archive) mari_(old_design)_(blue_archive),bad_id bad_twitter_id commentary english_commentary highres official_art,"[[prototype design|Original]] sprite of [[Blue Archive]]'s [[Mari (Blue Archive)|]] by [[Vinoker]] that was used in beta versions of the game. While it's not any different from [[DoReMi (doremi4704)|]]'s in-game sprite design-wise, it gained [[meme|memetic status]] due to her expressionless stare."
mari_(track)_(blue_archive),True,True,candidate_released,6,5,6496312,mari_(track)_(blue_archive),supplemental search,publisher,https://twitter.com/EN_BlueArchive/status/1648977303693557760,https://danbooru.donmai.us/posts/6496312,orange_hair blue_eyes cat_ears yellow_halo black_jacket black_shorts gym_shorts gym_uniform short_shorts ponytail,mari_(blue_archive) mari_(track)_(blue_archive),absurdres commentary english_commentary highres official_art promotional_art,
marina_(blue_archive),True,True,candidate_released,2,18,11967584,marina_(blue_archive),Default,game_asset,https://bluearchive.wiki/wiki/File:Marina_00.png,https://danbooru.donmai.us/posts/11967584,blonde_hair yellow_eyes red_halo knee_boots lace-up_boots white_boots white_gloves white_jacket short_hair,marina_(blue_archive),game_asset highres large_variant_set official_art third-party_source variant_set,
marina_(qipao)_(blue_archive),True,True,candidate_released,1,12,8852354,marina_(blue_archive),Qipao,publisher,https://twitter.com/en_bluearchive/status/1889966492784943515,https://danbooru.donmai.us/posts/8852354,blonde_hair halo sleeveless_dress white_gloves short_hair,marina_(blue_archive) marina_(qipao)_(blue_archive),absurdres commentary english_commentary highres official_art promotional_art,
mashiro_(blue_archive),True,True,candidate_released,3,18,11448113,mashiro_(blue_archive),Default,game_asset,https://bluearchive.wiki/wiki/File:Mashiro_00.png,https://danbooru.donmai.us/posts/11448113,black_hair purple_eyes red_halo black_choker black_gloves black_sailor_collar black_shirt black_skirt short_hair,mashiro_(blue_archive),game_asset highres large_variant_set official_art third-party_source variant_set,
mashiro_(swimsuit)_(blue_archive),True,True,candidate_released,1,13,11500341,mashiro_(blue_archive),Swimsuit,game_asset,https://bluearchive.wiki/wiki/File:Mashiro_(Swimsuit)_diorama_00.png,https://danbooru.donmai.us/posts/11500341,black_hair purple_eyes red_halo black_bikini black_choker frilled_bikini open_jacket pink_jacket short_hair,mashiro_(blue_archive) mashiro_(swimsuit)_(blue_archive),game_asset highres large_variant_set official_art third-party_source variant_set,The [[swimsuit]] [[official alternate costume]] of [[Blue Archive]]'s [[Mashiro (Blue Archive)|]].  Costume artist: [[popqn]]
megu_(blue_archive),True,True,candidate_released,2,17,6587828,megu_(blue_archive),Default,publisher,https://twitter.com/EN_BlueArchive/status/1684488810384748544,https://danbooru.donmai.us/posts/6587828,red_hair halo ribbed_shirt white_thighhighs jacket ponytail,megu_(blue_archive),absurdres highres official_art promotional_art,
megu_(swimsuit)_(blue_archive),False,False,candidate_npc_or_story,1,11,9714470,megu_(blue_archive),Swimsuit,game_mirror,https://static.wikitide.net/bluearchivewiki/f/f2/Megu_(Swimsuit)_00.png,https://danbooru.donmai.us/posts/9714470,red_hair blue_eyes red_halo red_bikini straw_hat swimsuit long_hair,megu_(blue_archive) megu_(swimsuit)_(blue_archive),artist_request highres official_art third-party_source,The unplayable [[swimsuit]] [[official alternate costume|costume]] of [[Blue Archive]]'s [[Megu (blue archive)|]].
meru_(blue_archive),True,True,candidate_released,1,17,7249556,meru_(blue_archive),Default,publisher,https://twitter.com/EN_BlueArchive/status/1760590262005645706,https://danbooru.donmai.us/posts/7249556,green_hair halo black_pantyhose fur-trimmed_coat sailor_collar shoes,meru_(blue_archive),commentary english_commentary highres official_art promotional_art,
michiru_(blue_archive),True,True,candidate_released,2,19,5306421,michiru_(blue_archive),Default,game_asset,https://cdn.discordapp.com/attachments/968747240627794002/968747932323053618/ch0113--00.png,https://danbooru.donmai.us/posts/5306421,grey_hair pink_halo animal_ears black_pantyhose black_scarf blue_skirt pleated_skirt school_uniform twintails long_hair,michiru_(blue_archive),bad_discord_link bad_link game_asset official_art,
michiru_(dress)_(blue_archive),True,True,candidate_released,1,12,10465496,michiru_(blue_archive),Dress,publisher,https://twitter.com/Blue_ArchiveJP/status/2002589939108823545,https://danbooru.donmai.us/posts/10465496,grey_hair green_eyes yellow_eyes animal_ears halo elbow_gloves high_heel_boots purple_boots purple_dress sleeveless_dress,michiru_(blue_archive) michiru_(dress)_(blue_archive),commentary_request highres official_art promotional_art translation_request,An [[official alternate costume]] of [[Blue Archive]]'s [[Michiru (Blue Archive)|]].
midori_(armed)_(blue_archive),False,False,candidate_npc_or_story,1,13,11469028,midori_(blue_archive),Armed,game_asset,https://bluearchive.wiki/wiki/File:Midori_(Battle)_00.png,https://danbooru.donmai.us/posts/11469028,blonde_hair green_eyes animal_ears halo green_socks white_boots white_coat white_gloves,midori_(armed)_(blue_archive) midori_(blue_archive),absurdres game_asset highres large_variant_set official_art third-party_source variant_set,"An [[official alternate costume]] for [[Midori (Blue Archive)|]], seen in Decagrammaton episode 3."
midori_(blue_archive),True,True,candidate_released,4,14,11466497,midori_(blue_archive),,game_asset,https://bluearchive.wiki/wiki/File:Midori_00.png,https://danbooru.donmai.us/posts/11466497,blonde_hair green_eyes cat_ears halo black_shorts black_thighhighs blue_necktie collared_shirt green_boots short_hair,midori_(blue_archive),game_asset highres large_variant_set official_art third-party_source variant_set,
midori_(maid)_(blue_archive),True,True,candidate_released,1,12,8432474,midori_(blue_archive),Maid,publisher,https://twitter.com/en_bluearchive/status/1856989197023744493,https://danbooru.donmai.us/posts/8432474,blonde_hair cat_ears halo black_boots maid_headdress white_apron pantyhose shoes,midori_(blue_archive) midori_(maid)_(blue_archive),absurdres bad_id bad_twitter_id commentary english_commentary highres official_art promotional_art,"[[official alternate costume|Official]] [[maid]] variant of [[Midori (blue archive)|]]. An ""alternate"" concept also appears in Volume 2 Artworks.  Voiced by: [[Takada Yuuki]] Costume artist: [[kokosando]]"
midori_(winter)_(blue_archive),True,False,candidate_npc_or_story,1,13,11468164,midori_(blue_archive),Winter,game_asset,https://bluearchive.wiki/wiki/File:Midori_(Winter)_00.png,https://danbooru.donmai.us/posts/11468164,blonde_hair green_eyes cat_ears halo blue_coat fur_boots green_gloves grey_boots grey_pantyhose short_hair,midori_(blue_archive) midori_(winter)_(blue_archive),game_asset highres large_variant_set official_art third-party_source variant_set,"Non-playable [[official alternate costume|official]] [[winter clothes|winter]] costume of [[Midori (Blue Archive)|]], as seen in [[Blue Archive]]'s Decagrammaton episode 2."
mika_(blue_archive),True,True,candidate_released,25,7,9579957,mika_(blue_archive),supplemental search,game_asset,Extracted from game files.,https://danbooru.donmai.us/posts/9579957,pink_hair white_dress hair_bun long_hair,mika_(blue_archive),game_asset highres non-web_source official_art,
mika_(swimsuit)_(blue_archive),True,True,candidate_released,7,6,10449942,mika_(swimsuit)_(blue_archive),,publisher,https://twitter.com/en_bluearchive/status/2001589504310939791,https://danbooru.donmai.us/posts/10449942,blue_hair pink_hair yellow_eyes angel_wings blue_halo frilled_bikini highleg_bikini string_bikini white_bikini white_choker,mika_(blue_archive) mika_(swimsuit)_(blue_archive),absurdres commentary english_commentary highres official_art promotional_art,
mika_(track)_(blue_archive),False,False,candidate_npc_or_story,1,13,11849344,mika_(blue_archive),Track,game_asset,https://bluearchive.wiki/wiki/File:Mika_(Sportswear)_00.png,https://danbooru.donmai.us/posts/11849344,pink_hair yellow_eyes angel_wings pink_halo gym_shorts gym_uniform short_shorts track_jacket shoes hair_bun,mika_(blue_archive) mika_(track)_(blue_archive),absurdres game_asset highres official_art third-party_source,"An unplayable [[gym uniform]] [[official alternate costume]] of [[Blue Archive]]'s [[Mika (Blue Archive)|]].  It consists of a [[blue jacket|blue]] [[track jacket]] and [[blue shorts|blue]] [[short shorts]], and has an [[alternate hairstyle]] with her [[long hair|long]] [[pink hair]] tied up in a [["
mimori_(blue_archive),True,True,candidate_released,3,17,6496536,mimori_(blue_archive),Default,publisher,https://twitter.com/EN_BlueArchive/status/1569974245127557120,https://danbooru.donmai.us/posts/6496536,pink_hair blue_eyes halo hakama_skirt red_sailor_collar school_uniform socks_over_pantyhose cape braid hair_bun,mimori_(blue_archive),absurdres commentary english_commentary highres official_art promotional_art,
mimori_(swimsuit)_(blue_archive),True,True,candidate_released,2,7,7024425,mimori_(swimsuit)_(blue_archive),supplemental search,game_asset,Self Extracted,https://danbooru.donmai.us/posts/7024425,pink_hair purple_eyes pink_halo white_bikini swimsuit braid hair_bun,mimori_(blue_archive) mimori_(swimsuit)_(blue_archive),absurdres game_asset highres non-web_source official_art,
mina_(blue_archive),True,True,candidate_released,1,16,10466988,mina_(blue_archive),Default,game_mirror,https://static.wikitide.net/bluearchivewiki/8/80/Mina_00.png,https://danbooru.donmai.us/posts/10466988,aqua_hair grey_hair red_eyes halo black_boots black_gloves black_necktie green_scarf high-waist_pants braid,mina_(blue_archive),highres official_art third-party_source,
mine_(blue_archive),True,True,candidate_released,2,18,6496216,mine_(blue_archive),Default,publisher,https://twitter.com/EN_BlueArchive/status/1676878653463093248,https://danbooru.donmai.us/posts/6496216,blue_hair green_eyes pointy_ears halo white_gloves hat pantyhose braid long_hair,mine_(blue_archive),absurdres commentary english_commentary highres official_art promotional_art,
mine_(idol)_(blue_archive),True,True,candidate_released,1,12,9130391,mine_(blue_archive),Idol,publisher,https://twitter.com/en_bluearchive/status/1910267762666090805,https://danbooru.donmai.us/posts/9130391,blue_hair green_eyes pointy_ears yellow_halo black_boots black_dress black_gloves black_hat black_thighhighs very_long_hair,mine_(blue_archive) mine_(idol)_(blue_archive),absurdres commentary english_commentary highres official_art promotional_art translation_request,An [[idol]] [[official alternate costume|costume]] of [[Blue Archive]]'s [[Mine (Blue Archive)|]] as a member of [[Antique Seraphim (blue archive)|]].  Voiced by: [[Horie Yui]] Costume artist: [[dydldidl]]
minori_(blue_archive),True,True,candidate_released,1,12,10467016,minori_(blue_archive),,game_mirror,https://static.wikitide.net/bluearchivewiki/c/cc/Minori_00.png,https://danbooru.donmai.us/posts/10467016,black_hair green_eyes halo grey_shirt hard_hat white_jacket white_scarf white_shirt long_hair,minori_(blue_archive),commentary_request highres korean_commentary official_art third-party_source,
misaka_mikoto_(blue_archive),True,True,no_tagged_post,0,,,,,,,,,,,
misaki_(blue_archive),True,True,candidate_released,3,17,6355918,misaki_(blue_archive),Default,publisher,https://twitter.com/EN_BlueArchive/status/1603313916955836417,https://danbooru.donmai.us/posts/6355918,black_hair red_eyes halo black_hoodie black_pants torn_pants white_coat boots short_hair,misaki_(blue_archive),absurdres commentary english_commentary highres official_art promotional_art,
misaki_(swimsuit)_(blue_archive),True,True,candidate_released,2,13,9884765,misaki_(blue_archive),Swimsuit,publisher,https://twitter.com/Blue_ArchiveJP/status/1961987833058709896,https://danbooru.donmai.us/posts/9884765,black_hair brown_eyes pink_eyes red_halo black_bikini black_choker brown_shirt striped_shirt vertical-striped_shirt short_hair,misaki_(blue_archive) misaki_(swimsuit)_(blue_archive),commentary_request highres official_art promotional_art,A [[swimsuit]] costume for [[Misaki (Blue Archive)|]].  Costume artist: [[dydldidl]]
miyako_(blue_archive),True,True,candidate_released,4,17,6496366,miyako_(blue_archive),Default,publisher,https://twitter.com/EN_BlueArchive/status/1585194531724570625,https://danbooru.donmai.us/posts/6496366,white_hair purple_eyes rabbit_ears halo multicolored_gloves studded_gloves tactical_school_uniform two-tone_gloves boots braid,miyako_(blue_archive),absurdres commentary english_commentary highres official_art promotional_art,
miyako_(swimsuit)_(blue_archive),True,True,candidate_released,3,7,6428654,miyako_(swimsuit)_(blue_archive),supplemental search,game_asset,Self Extracted,https://danbooru.donmai.us/posts/6428654,white_hair blue_eyes blue_halo blue_one-piece_swimsuit casual_one-piece_swimsuit frilled_one-piece_swimsuit off-shoulder_one-piece_swimsuit two-tone_one-piece_swimsuit ponytail very_long_hair,miyako_(blue_archive) miyako_(swimsuit)_(blue_archive),absurdres game_asset highres non-web_source official_art,
miyo_(blue_archive),True,True,candidate_released,2,18,10771911,miyo_(blue_archive),Default,publisher,https://jarvis.dn.nexoncdn.co.kr/bluearchive/gb/20260210/20260210021609671-9d5f18796d5c4a4f89865e60555da397.png,https://danbooru.donmai.us/posts/10771911,grey_hair yellow_eyes halo diagonal-striped_bowtie green_jacket plaid_skirt striped_bowtie white_shirt braid long_hair,miyo_(blue_archive),absurdres highres official_art,
miyo_(j_league)_(blue_archive),False,False,excluded_external_collaboration,1,1,11871086,miyo_(blue_archive),J League,source_unverified,https://content-central.rakuten.net/collection/feature/bluearchive_jleague_2026-27/img/modal_assets/07tokyo_member.png,https://danbooru.donmai.us/posts/11871086,grey_hair halo black_shorts green_shirt layered_shorts short_shorts green_shoes braid very_long_hair,miyo_(blue_archive) miyo_(j_league)_(blue_archive),official_art,An [[official alternate costume]] of [[Miyo (Blue Archive)|]] for the [[Blue Archive]] x J.League collab.  Costume artist: [[misyune]]
miyu_(blue_archive),True,True,candidate_released,2,18,12038117,miyu_(blue_archive),Default,game_asset,https://bluearchive.wiki/wiki/File:Miyu_diorama_00.png,https://danbooru.donmai.us/posts/12038117,black_hair red_eyes rabbit_ears halo animal_ear_hairband black_gloves blue_shirt blue_skirt pleated_skirt long_hair,miyu_(blue_archive),game_asset highres large_variant_set official_art third-party_source variant_set,
miyu_(swimsuit)_(blue_archive),True,True,candidate_released,1,12,12114329,miyu_(blue_archive),Swimsuit,game_asset,https://bluearchive.wiki/wiki/File:Miyu_(Swimsuit)_00.png,https://danbooru.donmai.us/posts/12114329,black_hair red_eyes halo straw_hat black_shoes bikini swimsuit braid long_hair,miyu_(blue_archive) miyu_(swimsuit)_(blue_archive),game_asset highres large_variant_set official_art third-party_source variant_set,A summer [[Official alternate costume|costume]] for [[Miyu (blue archive)|]] from [[Blue Archive]].  The outfit consists of a [[leaf print]] [[print bikini|bikini]] with a frilled [[ribbon choker]] and black [[crocs]]. Her hair is worn in [[twin braids]] and she carries a [[weapon case]].  Frequentl
moe_(blue_archive),True,True,candidate_released,3,18,6496332,moe_(blue_archive),Default,publisher,https://twitter.com/EN_BlueArchive/status/1628681065903669251,https://danbooru.donmai.us/posts/6496332,brown_hair yellow_eyes rabbit_ears yellow_halo blue_sweater cropped_sweater school_uniform pantyhose twintails long_hair,moe_(blue_archive),absurdres commentary english_commentary highres official_art promotional_art,
moe_(swimsuit)_(blue_archive),True,True,candidate_released,2,12,8667656,moe_(blue_archive),Swimsuit,publisher,https://x.com/EN_BlueArchive/status/1875784297237328152,https://danbooru.donmai.us/posts/8667656,brown_hair yellow_eyes yellow_halo black_bikini blue_hoodie cropped_hoodie swimsuit twintails,moe_(blue_archive) moe_(swimsuit)_(blue_archive),absurdres commentary english_commentary highres official_art promotional_art,A summer [[official alternate costume]] variant of [[Moe (blue archive)|]] from [[Blue Archive]].  The outfit consists of a [[cropped jacket|cropped]] [[blue jacket|blue]] [[hooded jacket]] with a  [[black bikini bottom|black]] [[side-tie bikini bottom]] and black [[sports sandals]]. Her glasses are
momiji_(blue_archive),True,True,candidate_released,1,17,7249575,momiji_(blue_archive),Default,publisher,https://twitter.com/EN_BlueArchive/status/1760594023981707684,https://danbooru.donmai.us/posts/7249575,green_hair blue_halo coat_dress fur-trimmed_coat hooded_coat white_coat boots twintails long_hair,momiji_(blue_archive),absurdres commentary english_commentary highres official_art promotional_art second-party_source,
momoi_(armed)_(blue_archive),True,False,candidate_npc_or_story,1,13,11474874,momoi_(blue_archive),Armed,game_asset,https://bluearchive.wiki/wiki/File:Momoi_(Battle)_00.png,https://danbooru.donmai.us/posts/11474874,blonde_hair red_eyes pink_halo animal_ears pink_socks white_boots white_coat white_gloves white_pantyhose short_hair,momoi_(armed)_(blue_archive) momoi_(blue_archive),game_asset highres large_variant_set official_art third-party_source variant_set,"An [[official alternate costume]] for [[Momoi (Blue Archive)|]], seen in Decagrammaton episode 3."
momoi_(blue_archive),True,True,candidate_released,4,14,11473459,momoi_(blue_archive),,game_asset,https://bluearchive.wiki/wiki/File:Momoi_00.png,https://danbooru.donmai.us/posts/11473459,blonde_hair red_eyes cat_ears pink_halo black_skirt black_thighhighs blue_necktie collared_shirt frilled_coat short_hair,momoi_(blue_archive),game_asset highres large_variant_set official_art third-party_source variant_set,
momoi_(maid)_(blue_archive),True,True,candidate_released,1,12,8432427,momoi_(blue_archive),Maid,publisher,https://twitter.com/en_bluearchive/status/1856985435102482644,https://danbooru.donmai.us/posts/8432427,blonde_hair pink_eyes cat_ears halo black_dress black_pantyhose white_apron black_shoes twintails,momoi_(blue_archive) momoi_(maid)_(blue_archive),absurdres commentary english_commentary highres official_art promotional_art,[[official alternate costume|Official]] [[maid]] variant of [[Momoi (blue archive)|]].  Voiced by: [[Tokui Sora]] Costume artist: [[kokosando]]
momoi_(winter)_(blue_archive),True,False,candidate_npc_or_story,1,13,11474089,momoi_(blue_archive),Winter,game_asset,https://bluearchive.wiki/wiki/File:Momoi_(Winter)_00.png,https://danbooru.donmai.us/posts/11474089,blonde_hair red_eyes cat_ears pink_halo black_pantyhose fur_boots grey_boots hooded_coat lace-up_boots short_hair,momoi_(blue_archive) momoi_(winter)_(blue_archive),game_asset highres large_variant_set official_art third-party_source variant_set,"Non-playable [[official alternate costume|official]] [[winter clothes|winter]] costume of [[Momoi (Blue Archive)|]], as seen in [[Blue Archive]]'s Decagrammaton episode 2."
momoka_(blue_archive),True,False,candidate_npc_or_story,2,18,5442136,momoka_(blue_archive),Default,publisher,https://twitter.com/EN_BlueArchive/status/1454734896044417034,https://danbooru.donmai.us/posts/5442136,pink_hair blue_eyes pointy_ears halo blue_necktie jacket socks uniform shoes twintails,momoka_(blue_archive),absurdres commentary english_commentary highres official_art promotional_art,
mutsuki_(blue_archive),True,True,candidate_released,8,18,11416184,mutsuki_(blue_archive),Default,game_asset,https://bluearchive.wiki/wiki/File:Mutsuki_00.png,https://danbooru.donmai.us/posts/11416184,grey_hair purple_eyes pointy_ears red_halo black_boots black_jacket cropped_jacket frilled_skirt high-waist_skirt side_ponytail,mutsuki_(blue_archive),game_asset highres large_variant_set official_art third-party_source variant_set,
mutsuki_(dress)_(blue_archive),True,True,candidate_released,1,13,11843002,mutsuki_(blue_archive),Dress,game_asset,https://bluearchive.wiki/wiki/File:Mutsuki_(Dress)_00.png,https://danbooru.donmai.us/posts/11843002,white_hair purple_eyes pointy_ears red_halo black_hairband bow_choker cocktail_dress fishnet_pantyhose red_dress long_hair,mutsuki_(blue_archive) mutsuki_(dress)_(blue_archive),game_asset highres official_art third-party_source,"An [[official alternate costume]] of [[Blue Archive]]'s [[Mutsuki (blue archive)|]].  In this costume, she wears a [[red dress|red]] [[sleeveless dress|sleeveless]] [[frilled dress]] with [[fishnet pantyhose]] and [[black footwear|black]] [[high heels]].  Costume artist: [[DoReMi (doremi4704)]]"
mutsuki_(flowery_charms)_(blue_archive),False,False,excluded_external_collaboration,2,1,7897019,mutsuki_(blue_archive),Flowery Charms,source_unverified,https://e-hentai.org/s/77f4b7bba4/2894383-360,https://danbooru.donmai.us/posts/7897019,white_hair purple_eyes pointy_ears halo green_dress white_thighhighs twintails long_hair,mutsuki_(blue_archive) mutsuki_(flowery_charms)_(blue_archive),artist_request official_art,An [[official alternate costume]] of [[Blue Archive]]'s [[Mutsuki (blue archive)|]].  It appeared in a collaboration with [[Mahjong Soul]].
mutsuki_(new_year)_(blue_archive),True,True,candidate_released,2,13,11793711,mutsuki_(blue_archive),New Year,game_asset,https://bluearchive.wiki/wiki/File:Mutsuki_(New_Year)_00.png,https://danbooru.donmai.us/posts/11793711,white_hair pink_eyes pink_halo pointy_ears floral_print_kimono fur-trimmed_kimono white_kimono white_socks hair_bun long_hair,mutsuki_(blue_archive) mutsuki_(new_year)_(blue_archive),game_asset highres large_variant_set official_art third-party_source variant_set,The New Year [[official alternate costume]] of [[Blue Archive]]'s [[Mutsuki (blue archive)|]].  Costume artist: [[DoReMi_(doremi4704)]]
mutsuki_(suit)_(blue_archive),False,False,candidate_npc_or_story,1,13,11843016,mutsuki_(blue_archive),Suit,game_asset,https://bluearchive.wiki/wiki/File:Mutsuki_(Suit)_00.png,https://danbooru.donmai.us/posts/11843016,white_hair purple_eyes pointy_ears red_halo black_jacket black_shorts collared_shirt red_necktie suit_jacket ponytail,mutsuki_(blue_archive) mutsuki_(suit)_(blue_archive),game_asset highres official_art third-party_source,"An [[official alternate costume]] of [[Blue Archive]]'s [[Mutsuki (blue archive)|]]  In this costume, she wears a [[black suit]] worn over a [[white shirt|white]] [[collared shirt]], a [[red necktie]], [[black shorts]], [[white socks]] and [[black shoes]].  Costume artist: [[DoReMi (doremi4704)]]"
nagisa_(blue_archive),True,True,candidate_released,2,17,6608785,nagisa_(blue_archive),Default,publisher,https://twitter.com/EN_BlueArchive/status/1692101459054113147,https://danbooru.donmai.us/posts/6608785,brown_hair angel_wings halo black_pantyhose school_uniform white_capelet white_sailor_collar white_shoes long_hair,nagisa_(blue_archive),absurdres commentary english_commentary highres official_art promotional_art,
nagisa_(swimsuit)_(blue_archive),True,True,candidate_released,1,13,11462150,nagisa_(blue_archive),Swimsuit,game_asset,https://bluearchive.wiki/wiki/File:Nagisa_(Swimsuit)_00.png,https://danbooru.donmai.us/posts/11462150,halo black_one-piece_swimsuit ponytail very_long_hair,nagisa_(blue_archive) nagisa_(swimsuit)_(blue_archive),game_asset highres large_variant_set official_art third-party_source variant_set,The [[swimsuit]] [[official alternate costume]] of [[Blue Archive]]'s [[Nagisa (Blue Archive)|]].  Costume artist: [[kokosando]]
nagusa_(blue_archive),True,True,candidate_released,18,18,10262300,nagusa_(blue_archive),Default,publisher,https://twitter.com/EN_BlueArchive/status/1978751520133796103,https://danbooru.donmai.us/posts/10262300,white_hair white_eyes halo blue_bowtie long_skirt school_uniform white_sailor_collar very_long_hair,nagusa_(blue_archive),absurdres commentary english_commentary highres official_art promotional_art,
nagusa_(swimsuit)_(blue_archive),True,True,candidate_released,17,7,11865067,nagusa_(swimsuit)_(blue_archive),supplemental search,game_asset,Extracted from game (Blue Archive),https://danbooru.donmai.us/posts/11865067,white_hair white_eyes white_halo white_bikini swimsuit braid very_long_hair,nagusa_(blue_archive) nagusa_(swimsuit)_(blue_archive),game_asset highres non-web_source official_art self-datamine,
natsu_(band)_(blue_archive),True,True,candidate_released,8,13,9395962,natsu_(blue_archive),Band,publisher,https://twitter.com/Blue_ArchiveJP/status/1929010072388251739,https://danbooru.donmai.us/posts/9395962,pink_hair red_eyes pink_halo black_skirt open_jacket pleated_skirt print_shirt white_shirt hair_bun medium_hair,natsu_(band)_(blue_archive) natsu_(blue_archive),commentary_request highres official_art promotional_art second-party_source,[[Official alternate costume]] for [[Natsu (blue archive)|]] from [[Blue Archive]].  It is her when [[After-School Sweets club (blue archive)|]] acted as the band Called [b]Sugar Rush[/b] for Trinity's school festival.  Voiced by: [[Naganawa Maria]] Costume artist: [[mx2j]]
natsu_(blue_archive),True,True,candidate_released,19,7,10057450,natsu_(blue_archive),supplemental search,game_asset,Extracted from game data,https://danbooru.donmai.us/posts/10057450,pink_hair red_eyes pink_halo black_skirt black_thighhighs pleated_skirt white_shirt sailor_collar side_ponytail long_hair,natsu_(blue_archive),absurdres game_asset highres non-web_source official_art,
natsu_(halloween)_(blue_archive),False,False,candidate_npc_or_story,1,13,11868816,natsu_(blue_archive),Halloween,game_asset,https://bluearchive.wiki/wiki/File:Natsu_(School_Festival)_00.png,https://danbooru.donmai.us/posts/11868816,pink_hair red_eyes pink_halo black_jacket black_sweater open_jacket side_ponytail long_hair,natsu_(blue_archive) natsu_(halloween)_(blue_archive),game_asset highres official_art third-party_source,The [[Frankenstein's Monster]] [[halloween costume]] worn by [[Natsu (Blue Archive)|Natsu]] from [[Blue Archive]].
neru_(blue_archive),True,True,candidate_released,5,18,11358031,neru_(blue_archive),Default,game_asset,https://bluearchive.wiki/wiki/File:Neru_00.png,https://danbooru.donmai.us/posts/11358031,orange_hair red_eyes black_halo black_skirt collared_shirt frilled_apron maid_headdress open_jacket braid medium_hair,neru_(blue_archive),game_asset highres large_variant_set official_art third-party_source variant_set,
neru_(bunny)_(blue_archive),True,True,candidate_released,2,13,11560802,neru_(blue_archive),Bunny,game_asset,https://bluearchive.wiki/wiki/File:Neru_(Bunny_Girl)_00.png,https://danbooru.donmai.us/posts/11560802,orange_hair red_eyes black_halo rabbit_ears animal_ear_hairband black_jacket floral_print_jacket open_jacket red_bowtie braid,neru_(blue_archive) neru_(bunny)_(blue_archive),game_asset highres large_variant_set official_art third-party_source variant_set,The [[playboy bunny]] [[official alternate costume]] of [[Blue Archive]]'s [[Neru (blue archive)|]].  Neru wears the typical [[playboy bunny]] set that consists of [[red leotard]] with the [[detached collar]] and [[red bowtie]] and [[red shoes]]. She also wears her trademark [[sukajan]] on top of it
neru_(j_league)_(blue_archive),False,False,excluded_external_collaboration,1,1,11871121,neru_(blue_archive),J League,source_unverified,https://content-central.rakuten.net/collection/feature/bluearchive_jleague_2026-27/img/modal_assets/16kobe_member.png,https://danbooru.donmai.us/posts/11871121,red_hair red_eyes black_halo ankle_socks black_jacket black_shorts red_shirt short_shorts braid short_hair,neru_(blue_archive) neru_(j_league)_(blue_archive),official_art,An [[official alternate costume]] of [[Neru (Blue Archive)|]] for the [[Blue Archive]] x J.League collab.  Costume artist: [[misyune]]
neru_(school_uniform)_(blue_archive),True,True,candidate_released,1,12,8760081,neru_(blue_archive),School Uniform,publisher,https://twitter.com/Blue_ArchiveJP/status/1883017017147666833,https://danbooru.donmai.us/posts/8760081,red_hair red_eyes halo black_jacket black_shirt blue_skirt open_shirt white_shirt braid long_hair,neru_(blue_archive) neru_(school_uniform)_(blue_archive),commentary_request highres official_art promotional_art,"An [[official alternate costume]] of [[Blue Archive]]'s [[Neru (blue archive)|]].  Neru wears a [[black shirt]] with flower pattern underneath her [[school uniform]], which left [[partially unbuttoned]] and its [[sleeves rolled up]]. She wears a [[blue skirt|blue]] [[pleated skirt]] and a [[black ja"
niko_(blue_archive),True,True,candidate_released,2,19,5254458,niko_(blue_archive),Default,game_asset,https://cdn.discordapp.com/attachments/961135679943901204/961137378049814578/ch0172--00.png,https://danbooru.donmai.us/posts/5254458,pink_hair blue_eyes fox_ears halo tactical_school_uniform pantyhose shoes medium_hair,niko_(blue_archive),bad_discord_link bad_link game_asset highres official_art,
niko_(j_league)_(blue_archive),False,False,excluded_external_collaboration,1,1,11871118,niko_(blue_archive),J League,source_unverified,https://content-central.rakuten.net/collection/feature/bluearchive_jleague_2026-27/img/modal_assets/15osaka_member.png,https://danbooru.donmai.us/posts/11871118,pink_hair blue_eyes blue_halo fox_ears black_skirt layered_skirt pleated_skirt red_shirt black_shoes short_hair,niko_(blue_archive) niko_(j_league)_(blue_archive),official_art,An [[official alternate costume]] of [[Niko (Blue Archive)|]] for the [[Blue Archive]] x J.League collab.  Costume artist: [[momoshiki tsubaki]]
niya_(blue_archive),True,True,candidate_released,1,18,11455541,niya_(blue_archive),Default,game_asset,https://bluearchive.wiki/wiki/File:Niya_00.png,https://danbooru.donmai.us/posts/11455541,black_hair white_halo black_skirt pleated_skirt sideless_kimono sleeveless_kimono white_kimono short_hair,niya_(blue_archive),game_asset highres large_variant_set official_art third-party_source variant_set,
noa_(blue_archive),True,True,candidate_released,3,19,5708857,noa_(blue_archive),Default,game_asset,https://cdn.discordapp.com/attachments/1024509266507337778/1024512042889138256/ch0095--00.png,https://danbooru.donmai.us/posts/5708857,grey_hair white_hair purple_eyes mechanical_halo white_halo black_pantyhose blue_necktie collared_shirt high_heel_boots open_jacket,noa_(blue_archive),bad_discord_link bad_link game_asset highres official_art,
noa_(pajamas)_(blue_archive),True,True,candidate_released,1,12,9468792,noa_(blue_archive),Pajamas,publisher,https://twitter.com/EN_BlueArchive/status/1930557710979981786,https://danbooru.donmai.us/posts/9468792,grey_hair purple_eyes mechanical_halo long_dress purple_scarf white_dress ponytail very_long_hair,noa_(blue_archive) noa_(pajamas)_(blue_archive),absurdres commentary english_commentary highres official_art promotional_art,"The [[pajamas]] [[official alternate costume|costume]] of [[Noa (blue archive)|]] from [[Blue Archive]].  In this costume, Noa tied her hair into a simple [[ponytail]]. She wears a [[long dress]]-styled [[white pajamas]], a dark [[purple shawl]] on her back, and a pair of [[white slippers]].  Costum"
nodoka_(blue_archive),True,True,candidate_released,2,14,11480800,nodoka_(blue_archive),,game_asset,https://bluearchive.wiki/wiki/File:Nodoka_00.png,https://danbooru.donmai.us/posts/11480800,blonde_hair red_eyes halo black_pantyhose blue_socks collared_shirt fur-trimmed_boots fur-trimmed_coat braid very_long_hair,nodoka_(blue_archive),game_asset highres large_variant_set official_art third-party_source variant_set,
nodoka_(hot_spring)_(blue_archive),True,True,candidate_released,1,12,5536045,nodoka_(blue_archive),Hot Spring,publisher,https://twitter.com/EN_BlueArchive/status/1550042902138601472,https://danbooru.donmai.us/posts/5536045,blonde_hair pink_hair pink_eyes red_eyes halo grey_kimono striped_kimono vertical-striped_kimono white_socks hair_bun,nodoka_(blue_archive) nodoka_(hot_spring)_(blue_archive),absurdres commentary english_commentary highres official_art promotional_art,[[Official alternate costume|Official]] [[onsen]] costume of [[Nodoka (blue archive)|]].  Voiced by: [[Satou Satomi]] Costume artist: [[9ml]]
nonomi_(blue_archive),True,True,candidate_released,7,18,4419465,nonomi_(blue_archive),Default,publisher,https://webusstatic.yo-star.com/bluearchive_jp_web/img/c4.e6262261.png,https://danbooru.donmai.us/posts/4419465,brown_hair green_eyes halo ankle_socks black_gloves black_skirt black_socks collared_shirt long_hair,nonomi_(blue_archive),cropped highres official_art,
nonomi_(first_year)_(blue_archive),True,False,candidate_npc_or_story,1,13,11418974,nonomi_(blue_archive),First Year,game_asset,https://bluearchive.wiki/wiki/File:Nonomi_(1st_year)_00.png,https://danbooru.donmai.us/posts/11418974,blonde_hair green_eyes halo black_pantyhose black_skirt blue_jacket blue_necktie collared_shirt long_hair,nonomi_(blue_archive) nonomi_(first_year)_(blue_archive),game_asset highres large_variant_set official_art third-party_source variant_set,"A non-playable alternate design for [[Nonomi (Blue Archive)|Nonomi]] during her first year in Abydos High School. Shown in flashbacks in [[Blue Archive]]'s main story.  Wears a [[white shirt|white]] [[collared shirt]], [[blue jacket|blue]] [[blazer]], [[blue necktie]], a [[plaid skirt|plaid]] [[blac"
nonomi_(middle_school)_(blue_archive),False,False,candidate_npc_or_story,1,13,11418906,nonomi_(blue_archive),Middle School,game_asset,https://bluearchive.wiki/wiki/File:Nonomi_(Middle_school)_00.png,https://danbooru.donmai.us/posts/11418906,blonde_hair green_eyes halo black_pantyhose white_scarf winter_coat grey_shoes long_hair,nonomi_(blue_archive) nonomi_(middle_school)_(blue_archive),game_asset highres large_variant_set official_art third-party_source variant_set,"A non-playable alternate design for [[Nonomi (Blue Archive)|Nonomi]], before she enrolled in Abydos High School. Shown in flashbacks in [[Blue Archive]]'s main story.  Wears a [[brown coat]], [[white scarf]] and [[black pantyhose]]."
nonomi_(swimsuit)_(blue_archive),True,True,candidate_released,2,13,11953383,nonomi_(blue_archive),Swimsuit,game_asset,https://bluearchive.wiki/wiki/File:Nonomi_(Swimsuit)_diorama_00.png,https://danbooru.donmai.us/posts/11953383,brown_hair green_eyes halo see-through_jacket string_bikini sun_hat white_hat yellow_bikini very_long_hair,nonomi_(blue_archive) nonomi_(swimsuit)_(blue_archive),game_asset highres large_variant_set official_art third-party_source variant_set,The [[swimsuit]]/summer [[official alternate costume]] of [[Nonomi (blue archive)|]] from [[Blue Archive]].  Costume artist: [[9ml]]
nozomi_(blue_archive),True,True,candidate_released,2,15,8304088,nozomi_(blue_archive),,game_asset,https://cdnimg-v2.gamekee.com/wiki2.0/images/w_526/h_1020/829/399789/2024/4/14/274760.png,https://danbooru.donmai.us/posts/8304088,green_hair yellow_eyes pointy_ears halo blue_boots blue_hat blue_jacket blue_shorts military_hat twintails,nozomi_(blue_archive),game_asset official_art,
nozomi_(kujibikido)_(blue_archive),True,False,no_tagged_post,0,,,,,,,,,,,
nozomi_(mom's_touch)_(blue_archive),False,False,excluded_external_collaboration,1,5,10624397,nozomi_(blue_archive),Mom's Touch,publisher,https://nxm-clw-cdn.dn.nexoncdn.co.kr/ba/events/2025/09/momstouch_32e1u89/menu-figure-pc.png,https://danbooru.donmai.us/posts/10624397,green_hair yellow_eyes pointy_ears halo blue_jacket white_socks hoodie skirt twintails long_hair,nozomi_(blue_archive) nozomi_(mom's_touch)_(blue_archive),absurdres highres official_art,An [[official alternate costume]] for [[Nozomi (Blue Archive)|]] from the [[Mom's Touch]]/[[Blue Archive]] collab.
otogi_(blue_archive),True,True,candidate_released,1,19,6020820,otogi_(blue_archive),Default,game_asset,https://cdn.discordapp.com/attachments/902425505012273172/1068154676454887494/ch0174--03.png,https://danbooru.donmai.us/posts/6020820,green_eyes fox_ears halo bike_shorts bike_shorts_under_skirt black_shorts combat_boots tactical_school_uniform short_hair,otogi_(blue_archive),bad_discord_link bad_link game_asset highres official_art,
pina_(blue_archive),True,True,candidate_released,3,18,11440631,pina_(blue_archive),Default,game_asset,https://bluearchive.wiki/wiki/File:Pina_00.png,https://danbooru.donmai.us/posts/11440631,blonde_hair blue_eyes halo black_skirt pleated_skirt ribbon-trimmed_thighhighs short_kimono white_thighhighs ponytail long_hair,pina_(blue_archive),absurdres game_asset highres large_variant_set official_art third-party_source variant_set,
pina_(guide)_(blue_archive),True,True,candidate_released,2,12,10090404,pina_(blue_archive),Guide,publisher,https://twitter.com/en_bluearchive/status/1976211043404652655,https://danbooru.donmai.us/posts/10090404,blonde_hair blue_eyes halo black_hat black_jacket black_skirt collared_shirt pencil_skirt very_long_hair,pina_(blue_archive) pina_(guide)_(blue_archive),absurdres highres official_art promotional_art,A [[tour guide]] [[official alternate costume|costume]] of [[Blue Archive]]'s [[Pina (blue archive)|]].
plana_(blue_archive),True,False,candidate_npc_or_story,3,18,11849704,plana_(blue_archive),Default,game_asset,https://bluearchive.wiki/wiki/File:Plana_00.png,https://danbooru.donmai.us/posts/11849704,pink_hair white_hair black_eyes red_halo black_choker black_coat black_hairband black_pantyhose black_sailor_collar braid,plana_(blue_archive),game_asset highres official_art third-party_source,
plana_(dress)_(blue_archive),False,False,needs_in_work_release_review,1,10,9164995,plana_(blue_archive),Dress,social_unverified,https://www.youtube.com/watch?v=MZS0epPoPzc,https://danbooru.donmai.us/posts/9164995,white_hair grey_eyes red_halo black_choker black_dress black_hairband cocktail_dress off-shoulder_dress braid long_hair,plana_(blue_archive) plana_(dress)_(blue_archive),commentary english_commentary jpeg_artifacts official_art video_thumbnail,"An [[official alternate costume|official costume]] of [[Blue Archive]]'s [[Plana (Blue Archive)|]]. First appeared in ""Blue Archive Global CM Arcie livestream"":[https://www.youtube.com/watch?v=MZS0epPoPzc] on August 22nd, 2024.  In this outfit, she wears a [[black dress|black]] [[evening gown|evenin"
plana_(qipao)_(blue_archive),False,False,needs_in_work_release_review,1,10,9165027,plana_(blue_archive),Qipao,social_unverified,https://www.youtube.com/watch?v=pR09J4qTOpE,https://danbooru.donmai.us/posts/9165027,white_hair grey_eyes halo black_dress brown_pantyhose print_dress sleeveless_dress braid very_long_hair,plana_(blue_archive) plana_(qipao)_(blue_archive),commentary english_commentary official_art video_thumbnail,"An [[official alternate costume|official costume]] of [[Blue Archive]]'s [[Plana (Blue Archive)|]].  In this costume, she wears a [[black dress|black]] [[sleeveless dress|sleeveless]] [[qipao]]."
professor_niyaniya_(blue_archive),True,False,candidate_npc_or_story,1,15,8784556,professor_niyaniya_(blue_archive),,game_asset,Extracted from game files,https://danbooru.donmai.us/posts/8784556,blonde_hair green_eyes yellow_halo black_boots black_coat black_hat black_pantyhose,professor_niyaniya_(blue_archive),game_asset highres non-web_source official_art,
rabu_(blue_archive),True,True,candidate_released,1,18,5550886,rabu_(blue_archive),Default,game_asset,https://cdn.discordapp.com/attachments/989037445628706927/989038756940095528/ch0166--00.png,https://danbooru.donmai.us/posts/5550886,red_hair red_eyes halo fingerless_gloves long_skirt school_uniform boots very_long_hair,rabu_(blue_archive),bad_discord_link bad_link game_asset highres official_art third-party_source,
rei_(blue_archive),True,True,candidate_released,1,17,9832531,rei_(blue_archive),Default,publisher,https://twitter.com/en_bluearchive/status/1958461577180623274,https://danbooru.donmai.us/posts/9832531,red_hair pink_eyes halo black_socks blue_hat open_jacket white_hoodie shoes,rei_(blue_archive),absurdres commentary english_commentary highres official_art promotional_art,
reijo_(blue_archive),True,True,candidate_released,1,17,8182256,reijo_(blue_archive),Default,publisher,https://twitter.com/Blue_ArchiveJP/status/1837341013012271113,https://danbooru.donmai.us/posts/8182256,red_hair red_eyes halo black_choker black_jacket black_socks floral_print_dress floral_print_jacket hair_bun,reijo_(blue_archive),commentary_request official_art promotional_art,
reisa_(blue_archive),True,True,candidate_released,11,7,10061603,reisa_(blue_archive),supplemental search,game_asset,Extracted from game files,https://danbooru.donmai.us/posts/10061603,blue_hair pink_hair purple_eyes halo grey_jacket school_uniform sailor_collar twintails long_hair,reisa_(blue_archive),absurdres game_asset highres non-web_source official_art,
reisa_(j_league)_(blue_archive),False,False,excluded_external_collaboration,2,1,11871084,reisa_(blue_archive),J League,source_unverified,https://content-central.rakuten.net/collection/feature/bluearchive_jleague_2026-27/img/modal_assets/06tokyo_member.png,https://danbooru.donmai.us/posts/11871084,blue_hair pink_hair purple_halo blue_skirt purple_shirt white_shoes hair_bun short_hair,reisa_(blue_archive) reisa_(j_league)_(blue_archive),official_art,An [[official alternate costume]] of [[Reisa (Blue Archive)|]] for the [[Blue Archive]] x J.League collab.  Costume artist: [[toshizou (0714)]]
reisa_(magical)_(blue_archive),True,True,candidate_released,5,6,10927508,reisa_(magical)_(blue_archive),supplemental search,publisher,https://nxm-clw-cdn.dn.nexoncdn.co.kr/ba/events/2026/03/update_ee9vex/story_figure.png,https://danbooru.donmai.us/posts/10927508,pink_hair purple_hair purple_eyes halo purple_bowtie purple_pantyhose striped_pantyhose white_gloves white_pantyhose drill_hair,reisa_(blue_archive) reisa_(magical)_(blue_archive),highres official_art,
rena_(blue_archive),True,True,candidate_released,1,18,11944563,rena_(blue_archive),Default,game_asset,https://static.wikitide.net/bluearchivewiki/d/d5/Rena_00.png,https://danbooru.donmai.us/posts/11944563,brown_hair yellow_halo ankle_socks black_skirt bobby_socks collared_shirt white_shirt twintails long_hair,rena_(blue_archive),game_asset highres large_variant_set official_art third-party_source variant_set,
renge_(blue_archive),True,True,candidate_released,2,17,7674750,renge_(blue_archive),Default,publisher,https://x.com/EN_BlueArchive/status/1793567557729005864/photo/1,https://danbooru.donmai.us/posts/7674750,red_hair red_halo pleated_skirt red_sailor_collar short_shorts sideless_leotard sideless_shirt ponytail,renge_(blue_archive),commentary english_commentary highres official_art promotional_art,
renge_(swimsuit)_(blue_archive),True,True,candidate_released,1,12,9512930,renge_(blue_archive),Swimsuit,publisher,https://twitter.com/Blue_ArchiveJP/status/1936650422892347530,https://danbooru.donmai.us/posts/9512930,red_hair red_eyes red_halo blue_shorts micro_shorts orange_bikini swimsuit very_long_hair,renge_(blue_archive) renge_(swimsuit)_(blue_archive),commentary_request highres official_art promotional_art translation_request,"The [[swimsuit]] [[official alternate costume|costume]] of [[Blue Archive]]'s [[Renge (blue archive)|]]. Her outfit consists of a [[orange bikini]], [[denim shorts]] and black [[flip-flops]]."
rin_(blue_archive),True,False,candidate_npc_or_story,3,18,5380536,rin_(blue_archive),Default,game_asset,https://bluearchive.fandom.com/wiki/Nanagami_Rin/Gallery?file=Rin_Portrait.png,https://danbooru.donmai.us/posts/5380536,black_hair blue_eyes pointy_ears halo half_gloves white_coat white_gloves necktie pantyhose very_long_hair,rin_(blue_archive),game_asset highres official_art third-party_source,
rin_(casual)_(blue_archive),False,False,candidate_npc_or_story,1,13,11841701,rin_(blue_archive),Casual,game_asset,https://bluearchive.wiki/wiki/File:Rin_(Casual)_00.png,https://danbooru.donmai.us/posts/11841701,black_hair blue_hair blue_eyes blue_halo pointy_ears ankle_boots black_boots black_pantyhose brown_jacket grey_skirt,rin_(blue_archive) rin_(casual)_(blue_archive),game_asset highres official_art third-party_source,Unplayable [[official alternate costume]] for [[Rin (Blue Archive)|]] from [[Blue Archive]].
rio_(armed)_(blue_archive),True,True,candidate_released,1,12,11427791,rio_(blue_archive),Armed,publisher,https://x.com/EN_BlueArchive/status/2057385923441283535,https://danbooru.donmai.us/posts/11427791,black_hair red_eyes black_halo red_halo ponytail very_long_hair,rio_(armed)_(blue_archive) rio_(blue_archive),absurdres artist_request commentary english_commentary highres official_art promotional_art,"The [[black bodysuit]] [[official alternate costume]] of [[Blue Archive]]'s [[Rio (blue archive)|]], as seen in the game's ""sixth PV"":[https://youtube.com/watch?v=URR7yQayl1Q] for Decagrammaton's episode.  The weapon shown in the image is [[M1911|Springfield Armory Mil-Spec M1911A1]].  Costume artis"
rio_(blue_archive),True,True,candidate_released,3,18,5913065,rio_(blue_archive),Default,game_asset,https://static.wikia.nocookie.net/blue-archive/images/c/c8/Rio_Portrait.png/revision/latest?cb=20221116150612,https://danbooru.donmai.us/posts/5913065,black_hair red_eyes halo black_jacket black_pantyhose black_skirt pleated_skirt taut_sweater very_long_hair,rio_(blue_archive),game_asset highres official_art third-party_source,
ritsu_(blue_archive),True,True,candidate_released,1,18,10273595,ritsu_(blue_archive),Default,publisher,https://twitter.com/Blue_ArchiveJP/status/1974308766482051552,https://danbooru.donmai.us/posts/10273595,green_hair green_eyes aqua_halo black_necktie collared_shirt diagonal-striped_necktie grey_jacket open_jacket,ritsu_(blue_archive),commentary_request highres official_art promotional_art second-party_source,
rumi_(blue_archive),True,True,candidate_released,2,17,6910914,rumi_(blue_archive),Default,publisher,https://twitter.com/EN_BlueArchive/status/1727612961550696879,https://danbooru.donmai.us/posts/6910914,brown_hair white_hair purple_eyes animal_ears halo ankle_boots black_boots black_pantyhose black_skirt lace-up_boots,rumi_(blue_archive),absurdres commentary english_commentary highres official_art promotional_art,
rumi_(small)_(blue_archive),True,False,candidate_npc_or_story,1,14,8212501,rumi_(blue_archive),Small,game_asset,Extracted from the game,https://danbooru.donmai.us/posts/8212501,brown_hair purple_eyes fox_ears red_halo red_dress white_socks skirt shoes braid,rumi_(blue_archive) rumi_(small)_(blue_archive),game_asset highres non-web_source official_art,
saki_(blue_archive),True,True,candidate_released,2,17,6496363,saki_(blue_archive),Default,publisher,https://twitter.com/EN_BlueArchive/status/1585556918034104321,https://danbooru.donmai.us/posts/6496363,purple_hair blue_eyes animal_ears halo black_boots black_gloves black_shirt blue_sailor_collar blue_shirt short_hair,saki_(blue_archive),absurdres commentary english_commentary highres official_art promotional_art,
saki_(swimsuit)_(blue_archive),True,True,candidate_released,1,12,7005150,saki_(blue_archive),Swimsuit,publisher,https://twitter.com/EN_BlueArchive/status/1737763588423680106,https://danbooru.donmai.us/posts/7005150,halo bucket_hat cropped_jacket swimsuit,saki_(blue_archive) saki_(swimsuit)_(blue_archive),absurdres commentary english_commentary highres official_art promotional_art,"The [[swimsuit]] [[Official alternate costume|costume]] of [[Blue Archive]]'s [[Saki (blue archive)|]]. Released in June 2023.  The outfit consists of a blue-and-white [[rash guard]] shirt, a blue bikini bottom, a [[bucket hat]], and white and black [[sports sandals]]."
sakurako_(blue_archive),True,True,candidate_released,3,18,10466912,sakurako_(blue_archive),Default,game_asset,https://bluearchive.wiki/wiki/File:Sakurako_00.png,https://danbooru.donmai.us/posts/10466912,grey_hair purple_eyes yellow_halo black_boots black_dress black_gloves black_thighhighs nun_headdress very_long_hair,sakurako_(blue_archive),game_asset highres official_art third-party_source,
sakurako_(idol)_(blue_archive),True,True,candidate_released,1,12,9130347,sakurako_(blue_archive),Idol,publisher,https://twitter.com/en_bluearchive/status/1910263988132458837,https://danbooru.donmai.us/posts/9130347,grey_hair purple_eyes white_halo black_dress black_gloves black_hairband black_hat black_pantyhose very_long_hair,sakurako_(blue_archive) sakurako_(idol)_(blue_archive),absurdres commentary english_commentary highres official_art promotional_art,An [[idol]] [[official alternate costume|costume]] of [[Blue Archive]]'s [[Sakurako (Blue Archive)|]] as a member of [[Antique Seraphim (blue archive)|]].  Costume artist: [[nemoga]]
sakurako_(justina_uniform)_(blue_archive),True,False,candidate_npc_or_story,1,11,11860617,sakurako_(blue_archive),Justina Uniform,game_mirror,https://bluearchive.wiki/wiki/File:Sakurako_(Sisterhood)_00.png,https://danbooru.donmai.us/posts/11860617,grey_hair purple_eyes yellow_halo black_boots black_leotard black_thighhighs highleg_leotard latex_leotard very_long_hair,sakurako_(blue_archive) sakurako_(justina_uniform)_(blue_archive),highres official_art third-party_source,[[Sakurako (Blue Archive)|]] in her uniform resembling that of [[Justina Follower (Blue Archive)|]]s.  Costume artist: [[mx2j]]
saori_(blue_archive),True,True,candidate_released,5,18,6496337,saori_(blue_archive),Default,publisher,https://twitter.com/EN_BlueArchive/status/1623607639434268672,https://danbooru.donmai.us/posts/6496337,black_hair blue_hair blue_eyes blue_halo black_boots black_hat black_pants open_coat white_coat long_hair,saori_(blue_archive),absurdres commentary english_commentary highres official_art promotional_art,
saori_(dress)_(blue_archive),True,True,candidate_released,2,13,8182336,saori_(blue_archive),Dress,game_asset,https://bluearchive.wiki/wiki/File:Saori_(Dress)_00.png,https://danbooru.donmai.us/posts/8182336,black_hair blue_hair blue_eyes blue_halo elbow_gloves long_dress strapless_dress white_bowtie white_choker ponytail,saori_(blue_archive) saori_(dress)_(blue_archive),absurdres game_asset highres official_art third-party_source variant_set,The playable [[evening gown|evening dress]] [[official alternate costume]] of [[Blue Archive]]'s [[Saori (Blue Archive)|]].  Costume design: [[mx2j]]
saori_(swimsuit)_(blue_archive),True,True,candidate_released,1,13,11467192,saori_(blue_archive),Swimsuit,game_asset,https://bluearchive.wiki/wiki/File:Saori_(Swimsuit)_00.png,https://danbooru.donmai.us/posts/11467192,blue_eyes blue_halo aqua_jacket denim_shorts white_hat ponytail long_hair,saori_(blue_archive) saori_(swimsuit)_(blue_archive),game_asset highres large_variant_set official_art third-party_source variant_set,"The [[swimsuit]] [[official alternate costume]] of [[Blue Archive]]'s [[Saori (blue archive)|]].  Despite the name, she's not wearing a swimsuit. Instead, she's wearing a [[black tank top]], a [[denim shorts]], a white [[baseball cap]], a [[green jacket]],  black [[sandals]], and having a pair of [["
saten_ruiko_(blue_archive),True,True,no_tagged_post,0,,,,,,,,,,,
satsuki_(blue_archive),True,True,candidate_released,5,18,6370653,satsuki_(blue_archive),Default,game_asset,https://static.wikia.nocookie.net/blue-archive/images/a/a5/Satsuki_Portrait.png/revision/latest?cb=20230126062325,https://danbooru.donmai.us/posts/6370653,pink_hair orange_eyes red_halo black_boots black_cape black_gloves black_skirt fold-over_boots long_hair,satsuki_(blue_archive),game_asset highres official_art third-party_source,
satsuki_(swimsuit)_(blue_archive),True,True,candidate_released,3,7,11906433,satsuki_(swimsuit)_(blue_archive),supplemental search,game_asset,Extracted from game,https://danbooru.donmai.us/posts/11906433,pink_hair orange_eyes red_halo red_bikini swimsuit ponytail long_hair,satsuki_(blue_archive) satsuki_(swimsuit)_(blue_archive),absurdres game_asset highres non-web_source official_art self-datamine,
saya_(blue_archive),True,True,candidate_released,2,18,11359334,saya_(blue_archive),Default,game_asset,https://bluearchive.wiki/wiki/File:Saya_00.png,https://danbooru.donmai.us/posts/11359334,blue_hair grey_hair red_eyes blue_halo animal_ears black_pantyhose black_shorts blue_dress short_dress short_shorts,nezusuke_(blue_archive) saya_(blue_archive),game_asset highres large_variant_set official_art third-party_source translation_request variant_set,
saya_(casual)_(blue_archive),True,True,candidate_released,1,13,11521367,saya_(blue_archive),Casual,game_asset,https://bluearchive.wiki/wiki/File:Saya_(Casual)_00.png,https://danbooru.donmai.us/posts/11521367,grey_hair red_eyes blue_halo animal_ears black_hat black_shirt black_socks black_thighhighs blue_shorts long_hair,nezusuke_(blue_archive) saya_(blue_archive) saya_(casual)_(blue_archive),game_asset highres large_variant_set official_art third-party_source variant_set,Official [[casual]] wear of [[Saya (blue archive)|]] from [[Blue Archive]].  Voiced by: [[Tamura Yukari]] Costume artist: [[whoisshe]]
sayuri_(blue_archive),True,False,no_tagged_post,0,,,,,,,,,,,
seia_(blue_archive),True,True,candidate_released,2,18,9572468,seia_(blue_archive),Default,publisher,https://twitter.com/en_bluearchive/status/1940704569819844773,https://danbooru.donmai.us/posts/9572468,blonde_hair orange_eyes yellow_eyes fox_ears yellow_halo sleeveless_dress striped_pantyhose vertical-striped_pantyhose white_dress white_pantyhose,seia_(blue_archive),absurdres commentary english_commentary highres official_art promotional_art,
seia_(swimsuit)_(blue_archive),True,True,candidate_released,1,13,10412629,seia_(blue_archive),Swimsuit,publisher,https://twitter.com/EN_BlueArchive/status/1999041465994133668,https://danbooru.donmai.us/posts/10412629,blonde_hair fox_ears halo highleg_one-piece_swimsuit turtleneck_one-piece_swimsuit white_one-piece_swimsuit yellow_jacket side_ponytail long_hair,seia_(blue_archive) seia_(swimsuit)_(blue_archive),absurdres commentary english_commentary highres official_art promotional_art,"The [[swimsuit]] [[official alternate costume|costume]] of [[Blue Archive]]'s [[Seia (blue archive)|]].  Seia [[side ponytail|tied her hair sideways into a ponytail]] and wearing a [[yellow visor cap|yellow]] [[visor cap]]. She wears a [[red choker]], highleg [[white one-piece swimsuit]] with a diam"
sena_(blue_archive),True,True,candidate_released,16,7,11350732,sena_(blue_archive),supplemental search,game_asset,Extracted from game,https://danbooru.donmai.us/posts/11350732,white_hair yellow_eyes halo blue_dress hat braid short_hair,sena_(blue_archive),game_asset highres non-web_source official_art self-datamine,
sena_(casual)_(blue_archive),True,True,candidate_released,4,7,9746519,sena_(blue_archive),supplemental search,game_asset,https://forum.nexon.com/bluearchive-en/board_view?board=3217&thread=3076247,https://danbooru.donmai.us/posts/9746519,white_hair yellow_eyes halo sun_hat white_dress white_hat short_hair,sena_(blue_archive) sena_(casual)_(blue_archive),game_asset highres official_art second-party_source,
serika_(blue_archive),True,True,candidate_released,8,18,4301855,serika_(blue_archive),Default,publisher,https://webusstatic.yo-star.com/bluearchive_jp_web/img/c3.153a4f1f.png,https://danbooru.donmai.us/posts/4301855,black_hair red_eyes cat_ears halo school_uniform gloves necktie socks shoes very_long_hair,serika_(blue_archive),highres large_variant_set official_art variant_set,
serika_(idol)_(blue_archive),False,False,candidate_npc_or_story,1,13,11842560,serika_(blue_archive),Idol,game_asset,https://bluearchive.wiki/wiki/File:Serika_(Idol)_00.png,https://danbooru.donmai.us/posts/11842560,black_hair red_eyes cat_ears pink_halo ankle_boots black_boots black_gloves black_hat black_shorts very_long_hair,serika_(blue_archive) serika_(idol)_(blue_archive),game_asset highres official_art third-party_source,The [[idol]] [[official alternate costume]] for [[Serika (blue archive)|]] from [[Blue Archive]].
serika_(new_year)_(blue_archive),True,True,candidate_released,1,13,11838701,serika_(blue_archive),New Year,game_asset,https://bluearchive.wiki/wiki/File:Serika_(New_Year)_00.png,https://danbooru.donmai.us/posts/11838701,black_hair red_eyes cat_ears pink_halo white_kimono white_socks ponytail very_long_hair,serika_(blue_archive) serika_(new_year)_(blue_archive),absurdres game_asset highres large_variant_set official_art third-party_source variant_set,The New Years [[Official alternate costume]] of [[Blue Archive]]'s [[Serika (blue archive)|]].  Costume artist: [[yutokamizu]]
serika_(swimsuit)_(blue_archive),True,True,candidate_released,2,13,11953492,serika_(blue_archive),Swimsuit,game_asset,https://bluearchive.wiki/wiki/File:Serika_(Swimsuit)_00.png,https://danbooru.donmai.us/posts/11953492,black_hair red_eyes cat_ears pink_halo bikini_skirt black_bikini frilled_bikini off-shoulder_bikini swimsuit twintails,serika_(blue_archive) serika_(swimsuit)_(blue_archive),game_asset highres official_art third-party_source,The summer [[Official alternate costume]] of [[Blue Archive]]'s [[Serika (blue archive)|]]. She rides on a [[banana boat]] that is actually a weapon.   Costume artist: [[mx2j]]
serika_(waitress)_(blue_archive),False,False,candidate_npc_or_story,1,13,11423673,serika_(blue_archive),Waitress,game_asset,https://bluearchive.wiki/wiki/File:Serika_(Shiba_Seki)_00.png,https://danbooru.donmai.us/posts/11423673,black_hair red_eyes cat_ears pink_halo black_shirt black_socks blue_apron collared_shirt waist_apron twintails,serika_(blue_archive) serika_(waitress)_(blue_archive),game_asset highres large_variant_set official_art third-party_source translation_request variant_set,An [[official alternate costume]] for [[Serika (Blue Archive)|]] from [[Blue Archive]].  The pistol seen was a [[Beretta 92]].  Costume artist: [[hwansang]]
serina_(blue_archive),True,True,candidate_released,3,18,11441019,serina_(blue_archive),Default,game_asset,https://bluearchive.wiki/wiki/File:Serina_00.png,https://danbooru.donmai.us/posts/11441019,pink_hair pink_eyes yellow_halo asymmetrical_shirt black_boots black_skirt lace-up_boots pleated_skirt short_hair,serina_(blue_archive),game_asset highres large_variant_set official_art third-party_source variant_set,
serina_(christmas)_(blue_archive),True,True,candidate_released,1,13,5922780,serina_(blue_archive),Christmas,game_asset,https://static.wikia.nocookie.net/blue-archive/images/c/cf/Serina_Christmas_Portrait.png/revision/latest?cb=20221215163123,https://danbooru.donmai.us/posts/5922780,pink_hair halo red_dress santa_hat white_boots gloves pantyhose,serina_(blue_archive) serina_(christmas)_(blue_archive),game_asset official_art third-party_source,The [[Christmas]] [[official alternate costume|costume]] of [[Blue Archive]]'s [[Serina (blue archive)|]].  Voiced by: [[Suzumoto Akiho]] Costume artist: [[CHILD (isoliya)]]
serina_(nurse)_(blue_archive),False,False,candidate_npc_or_story,1,14,5785278,serina_(blue_archive),Nurse,game_asset,https://cdn.discordapp.com/attachments/1035433299625132073/1035436184060575764/np0075--00.png,https://danbooru.donmai.us/posts/5785278,pink_hair brown_eyes yellow_halo pink_dress pink_hat short_dress shoes medium_hair,serina_(blue_archive) serina_(nurse)_(blue_archive),bad_discord_link bad_link game_asset official_art,"An unplayable [[nurse]] [[official alternate costume|costume]] of [[Blue Archive]]'s [[Serina (blue archive)|]] which appeared during the [b]Kivotos Halo Festival[/b].  Not to be confused with her normal appearance, which already has a [[nurse cap]] and similar colours."
shigure_(blue_archive),True,True,candidate_released,2,17,6496296,shigure_(blue_archive),Default,publisher,https://twitter.com/EN_BlueArchive/status/1661695795505295360,https://danbooru.donmai.us/posts/6496296,white_hair green_eyes pink_eyes animal_ears halo fur-trimmed_boots fur-trimmed_coat fur_hat grey_coat grey_gloves,shigure_(blue_archive),absurdres commentary english_commentary highres official_art promotional_art,
shigure_(hot_spring)_(blue_archive),True,True,candidate_released,1,12,7464297,shigure_(blue_archive),Hot Spring,publisher,https://twitter.com/EN_BlueArchive/status/1778347258091540568,https://danbooru.donmai.us/posts/7464297,blue_halo animal_ears grey_kimono,shigure_(blue_archive) shigure_(hot_spring)_(blue_archive),absurdres commentary english_commentary highres official_art promotional_art,Official [[onsen]] wear alternate for [[shigure (blue_archive)|Shigure]] from [[Blue Archive]].  Voiced by: [[Kawase Maki]] Costume artist: [[MIMITOKE]]
shimiko_(blue_archive),True,True,candidate_released,2,18,11441759,shimiko_(blue_archive),Default,game_asset,https://bluearchive.wiki/wiki/File:Shimiko_00.png,https://danbooru.donmai.us/posts/11441759,blonde_hair orange_hair blue_eyes yellow_halo pleated_skirt school_uniform white_jacket white_skirt white_socks very_long_hair,shimiko_(blue_archive),game_asset highres large_variant_set official_art third-party_source variant_set,
shimiko_(magical)_(blue_archive),True,False,candidate_npc_or_story,1,13,11442000,shimiko_(blue_archive),Magical,game_asset,https://static.wikitide.net/bluearchivewiki/d/d5/Shimiko_(Villain)_00.png,https://danbooru.donmai.us/posts/11442000,orange_hair blue_eyes yellow_halo black_gloves black_leotard black_thighhighs half_gloves high_heel_boots braid long_hair,shimiko_(blue_archive) shimiko_(magical)_(blue_archive),game_asset highres large_variant_set official_art third-party_source variant_set,"An [[official alternate costume]] of [[Blue Archive]]'s [[Shimiko (Blue Archive)|]], where she [[cosplay|cosplays]] as a villain from an in-universe [[magical girl]] show.  In this costume, Shimiko turns her [[twintails]] into large [[low twin braids]] and she now sports an [[ahoge]]. Shimiko wears"
shiroko_(blue_archive),True,True,candidate_released,11,18,4301860,shiroko_(blue_archive),Default,publisher,https://webusstatic.yo-star.com/bluearchive_jp_web/img/c1.902d2ae5.png,https://danbooru.donmai.us/posts/4301860,grey_hair wolf_ears halo green_gloves pleated_skirt school_uniform necktie scarf,shiroko_(blue_archive),highres large_variant_set official_art variant_set,
shiroko_(cycling)_(blue_archive),True,True,candidate_released,1,13,11508242,shiroko_(blue_archive),Cycling,game_asset,https://bluearchive.wiki/wiki/File:Shiroko_(Riding)_00.png,https://danbooru.donmai.us/posts/11508242,grey_hair blue_eyes blue_halo wolf_ears blue_bike_shorts green_gloves multicolored_shirt white_socks blue_shoes short_hair,shiroko_(blue_archive) shiroko_(cycling)_(blue_archive),game_asset highres large_variant_set official_art third-party_source variant_set,"[[Official alternate costume]] for [[Blue Archive]]'s [[Shiroko (blue archive)|]].  Shiroko forgoes her school uniform and replaces it with a white and blue [[bike jersey]] with Abydos High School cycling team marking around it, from which she's the only member (so far) in the group. She also includ"
shiroko_(flowery_charms)_(blue_archive),False,False,excluded_external_collaboration,2,1,7897020,shiroko_(blue_archive),Flowery Charms,source_unverified,https://e-hentai.org/s/bc6ebcc0db/2894383-361,https://danbooru.donmai.us/posts/7897020,grey_hair blue_eyes wolf_ears halo pink_skirt short_dress white_dress hair_bun medium_hair,shiroko_(blue_archive) shiroko_(flowery_charms)_(blue_archive),artist_request official_art,An [[official alternate costume]] of [[Blue Archive]]'s [[Shiroko (blue archive)|]] in collaboration with [[Mahjong Soul]].
shiroko_(j_league)_(blue_archive),False,False,excluded_external_collaboration,1,1,11871100,shiroko_(blue_archive),J League,source_unverified,https://content-central.rakuten.net/collection/feature/bluearchive_jleague_2026-27/img/modal_assets/10yokohama_member.png,https://danbooru.donmai.us/posts/11871100,grey_hair blue_eyes blue_halo wolf_ears blue_shirt grey_skirt white_socks white_shoes twintails short_hair,shiroko_(blue_archive) shiroko_(j_league)_(blue_archive),official_art,An [[official alternate costume]] of [[Shiroko (Blue Archive)|]] for the [[Blue Archive]] x J.League collab.  Costume artist: [[momomoi momoi]]
shiroko_(swimsuit)_(blue_archive),True,True,candidate_released,2,13,11953294,shiroko_(blue_archive),Swimsuit,game_asset,https://bluearchive.wiki/wiki/File:Shiroko_(Swimsuit)_00.png,https://danbooru.donmai.us/posts/11953294,grey_hair blue_eyes blue_halo wolf_ears black_one-piece_swimsuit competition_swimsuit highleg_one-piece_swimsuit multicolored_swimsuit two-tone_swimsuit ponytail,shiroko_(blue_archive) shiroko_(swimsuit)_(blue_archive),game_asset highres official_art third-party_source,"The summer [[official alternate costume]] of [[Blue Archive]]'s [[Shiroko (Blue Archive)|]].  In this costume, she has tied her hair into a simple [[ponytail]].  She wears a simple dark [[blue one-piece swimsuit]] and black [[sports sandals]], and she also brought her large bag from her cycling outf"
shiroko_(young)_(blue_archive),True,False,candidate_npc_or_story,1,13,11360359,shiroko_(blue_archive),Young,game_asset,https://bluearchive.wiki/wiki/File:Shiroko_(1st_year)_00.png,https://danbooru.donmai.us/posts/11360359,grey_hair blue_eyes blue_halo wolf_ears black_skirt blue_jacket blue_necktie blue_scarf plaid_skirt short_hair,shiroko_(blue_archive) shiroko_(young)_(blue_archive),game_asset highres large_variant_set official_art third-party_source variant_set,"Character tag for [[Shiroko (blue_archive)|]]'s First-Year self, marked by a [[short hair|notable difference in hairstyle]] and [[amnesia]]."
shiroko_terror_(blue_archive),True,True,candidate_released,1,17,8727368,shiroko_terror_(blue_archive),Default,publisher,https://twitter.com/EN_BlueArchive/status/1880544408082538695,https://danbooru.donmai.us/posts/8727368,blue_eyes wolf_ears halo black_choker black_dress black_gloves grey_shoes very_long_hair,shiroko_terror_(blue_archive),absurdres commentary english_commentary highres official_art promotional_art,
shiroko_terror_(cycling)_(blue_archive),True,False,no_tagged_post,0,,,,,,,,,,,
shizuko_(blue_archive),True,True,candidate_released,2,18,11453972,shizuko_(blue_archive),Default,game_asset,https://bluearchive.wiki/wiki/File:Shizuko_00.png,https://danbooru.donmai.us/posts/11453972,brown_hair purple_eyes pink_halo black_skirt floral_print_kimono frilled_apron frilled_kimono frilled_skirt very_long_hair,shizuko_(blue_archive),game_asset highres large_variant_set official_art third-party_source variant_set,
shizuko_(swimsuit)_(blue_archive),True,True,candidate_released,1,13,6339846,shizuko_(swimsuit)_(blue_archive),Swimsuit,publisher,https://twitter.com/EN_BlueArchive/status/1618536722173755392,https://danbooru.donmai.us/posts/6339846,brown_hair purple_eyes animal_ears halo bikini_skirt maid_headdress ruffle_bikini swimsuit twintails very_long_hair,shizuko_(blue_archive) shizuko_(swimsuit)_(blue_archive),absurdres commentary english_commentary highres official_art promotional_art,Official [[swimsuit]] outfit for [[Shizuko (blue_archive)|]] from [[Blue Archive]].  Voiced by: Morinaga Chitose Costume artist: [[whoisshe]]
shokuhou_misaki_(blue_archive),True,True,no_tagged_post,0,,,,,,,,,,,
shun_(blue_archive),True,True,candidate_released,5,18,11368007,shun_(blue_archive),Default,game_asset,https://bluearchive.wiki/wiki/File:Shun_00.png,https://danbooru.donmai.us/posts/11368007,black_hair blue_hair green_eyes blue_halo animal_ears black_coat black_dress fur_coat long_dress sleeveless_dress,shun_(blue_archive),game_asset highres large_variant_set official_art third-party_source variant_set,
shun_(small)_(blue_archive),True,True,candidate_released,4,13,11508715,shun_(blue_archive),Small,game_asset,https://bluearchive.wiki/wiki/File:Shun_(Kid)_diorama_00.png,https://danbooru.donmai.us/posts/11508715,black_hair green_eyes blue_halo animal_ears black_dress short_dress white_thighhighs black_shoes long_hair,shun_(blue_archive) shun_(small)_(blue_archive),game_asset highres large_variant_set official_art third-party_source variant_set,A character from [[Blue Archive]]. The younger version of [[Shun (blue archive)|]].  She uses a [[QBU-88]] [[bullpup]] designated marksman [[rifle]].  Voiced by: [[Itou Shizuka]] Original artist: [[9ml]]
shun_(small)_(swimsuit)_(blue_archive),True,False,candidate_npc_or_story,3,12,11633350,shun_(small)_(blue_archive),Swimsuit,publisher,https://www.youtube.com/post/Ugkx55_7LrFHotj53x_-oQNpNPQnn0rGCEAi,https://danbooru.donmai.us/posts/11633350,black_hair green_eyes blue_halo animal_ears black_bikini green_one-piece_swimsuit ponytail twintails,shun_(blue_archive) shun_(small)_(blue_archive) shun_(small)_(swimsuit)_(blue_archive) shun_(swimsuit)_(blue_archive),absurdres commentary_request highres official_art promotional_art translation_request,"The [[swimsuit]] [[official alternate costume]] of the [[Shun (Small) (Blue Archive)|younger Shun]] of [[Blue Archive]].  She wears a light [[green one-piece swimsuit|green]] [[polka dot one-piece swimsuit|polka-dot]] [[one-piece swimsuit]] with micro boyshorts, black [[flip-flops]] with red straps"
shun_(swimsuit)_(blue_archive),True,True,candidate_released,3,12,11633350,shun_(small)_(blue_archive),Swimsuit,publisher,https://www.youtube.com/post/Ugkx55_7LrFHotj53x_-oQNpNPQnn0rGCEAi,https://danbooru.donmai.us/posts/11633350,black_hair green_eyes blue_halo animal_ears black_bikini green_one-piece_swimsuit ponytail twintails,shun_(blue_archive) shun_(small)_(blue_archive) shun_(small)_(swimsuit)_(blue_archive) shun_(swimsuit)_(blue_archive),absurdres commentary_request highres official_art promotional_art translation_request,"The [[swimsuit]] [[official alternate costume]] of the [[Shun (Small) (Blue Archive)|younger Shun]] of [[Blue Archive]].  She wears a light [[green one-piece swimsuit|green]] [[polka dot one-piece swimsuit|polka-dot]] [[one-piece swimsuit]] with micro boyshorts, black [[flip-flops]] with red straps"
shuro_(blue_archive),True,False,candidate_npc_or_story,1,18,6941490,shuro_(blue_archive),Default,publisher,https://twitter.com/Blue_ArchiveJP/status/1731146353487851849,https://danbooru.donmai.us/posts/6941490,grey_hair purple_eyes pointy_ears purple_halo black_kimono grey_jacket short_kimono sideless_kimono long_hair,shuro_(blue_archive),artist_request commentary_request highres official_art promotional_art,
sof_(blue_archive),True,False,no_tagged_post,0,,,,,,,,,,,
sora_(blue_archive),True,False,candidate_npc_or_story,2,16,11932772,sora_(blue_archive),Default,game_mirror,https://bluearchive.wiki/wiki/File:Sora_00.png,https://danbooru.donmai.us/posts/11932772,blonde_hair blue_eyes white_halo blue_apron white_shirt white_socks white_shoes very_long_hair,sora_(blue_archive),highres official_art third-party_source,
subaru_(blue_archive),True,True,candidate_released,9,7,12014825,subaru_(blue_archive),supplemental search,game_asset,Extracted from game,https://danbooru.donmai.us/posts/12014825,black_hair purple_eyes purple_halo grey_shirt open_jacket purple_necktie white_jacket short_hair,subaru_(blue_archive),absurdres game_asset highres non-web_source official_art self-datamine spoilers,
subaru_(j_league)_(blue_archive),False,False,excluded_external_collaboration,1,1,11871136,subaru_(blue_archive),J League,source_unverified,https://content-central.rakuten.net/collection/feature/bluearchive_jleague_2026-27/img/modal_assets/18hiroshima_member.png,https://danbooru.donmai.us/posts/11871136,black_hair purple_hair purple_eyes purple_halo black_shirt grey_shorts high-waist_shorts short_shorts white_socks short_hair,subaru_(blue_archive) subaru_(j_league)_(blue_archive),official_art,An [[official alternate costume]] of [[Subaru (Blue Archive)|]] for the [[Blue Archive]] x J.League collab.  Costume artist: [[momoshiki tsubaki]]
sukeban_(smg)_(blue_archive),True,False,no_tagged_post,0,,,,,,,,,,,
sumire_(blue_archive),True,True,candidate_released,2,18,11377252,sumire_(blue_archive),Default,game_asset,https://bluearchive.wiki/wiki/File:Sumire_00.png,https://danbooru.donmai.us/posts/11377252,black_hair purple_eyes purple_halo green_choker cross-laced_shoes multicolored_shoes ponytail very_long_hair,sumire_(blue_archive),game_asset highres large_variant_set official_art third-party_source variant_set,
sumire_(part-time)_(blue_archive),False,False,candidate_npc_or_story,1,12,9832540,sumire_(blue_archive),Part-time,publisher,https://twitter.com/en_bluearchive/status/1958457800771981317,https://danbooru.donmai.us/posts/9832540,black_hair halo black_socks white_shorts cross-laced_shoes white_shoes hat ponytail very_long_hair,sumire_(blue_archive) sumire_(part-time)_(blue_archive),absurdres commentary english_commentary highres official_art promotional_art,A [[official alternate costume|costume]] of [[Blue Archive]]'s [[Sumire (blue archive)|]].
sumire_(part-timer)_(blue_archive),True,True,no_tagged_post,0,,,,,,,,,,,
suzumi_(blue_archive),True,True,candidate_released,16,7,7024490,suzumi_(blue_archive),supplemental search,game_asset,Self Extracted,https://danbooru.donmai.us/posts/7024490,grey_hair red_eyes white_halo collared_shirt frilled_skirt grey_jacket white_shirt thighhighs very_long_hair,suzumi_(blue_archive),absurdres game_asset highres non-web_source official_art,
suzumi_(magical)_(blue_archive),True,True,candidate_released,5,12,10140764,suzumi_(blue_archive),Magical,publisher,https://twitter.com/Blue_ArchiveJP/status/1979759492180189635,https://danbooru.donmai.us/posts/10140764,white_hair red_eyes white_halo frilled_dress pink_dress strapless_dress cross-laced_shoes thighhighs very_long_hair,suzumi_(blue_archive) suzumi_(magical)_(blue_archive),commentary_request highres official_art promotional_art,"The [[magical girl]] [[official alternate costume|costume]] of [[Blue Archive]]'s [[Suzumi (Blue Archive)|]], where she [[cosplay|cosplays]] as a character from an in-universe [[magical girl]] show.  Costume design: [[gom (kooskoo)]]"
takane_(blue_archive),True,True,candidate_released,6,6,10279945,takane_(blue_archive),supplemental search,publisher,https://twitter.com/Blue_ArchiveJP/status/1989543975699845158,https://danbooru.donmai.us/posts/10279945,red_hair yellow_eyes red_halo black_gloves black_hairband pleated_dress black_shoes very_long_hair,takane_(blue_archive),commentary_request highres official_art promotional_art,
takane_(j_league)_(blue_archive),False,False,excluded_external_collaboration,1,1,11871129,takane_(blue_archive),J League,source_unverified,https://content-central.rakuten.net/collection/feature/bluearchive_jleague_2026-27/img/modal_assets/17okayama_member.png,https://danbooru.donmai.us/posts/11871129,red_hair red_eyes yellow_eyes halo black_skirt grey_socks red_shirt black_shoes braid side_ponytail,takane_(blue_archive) takane_(j_league)_(blue_archive),official_art,An [[official alternate costume]] of [[Takane (Blue Archive)|]] for the [[Blue Archive]] x J.League collab.  Costume artist: [[momomoi momoi]]
toki_(abi-eshuh)_(blue_archive),True,False,candidate_npc_or_story,6,7,9580836,toki_(abi-eshuh)_(blue_archive),supplemental search,game_asset,Extracted from game files.,https://danbooru.donmai.us/posts/9580836,blonde_hair halo blue_leotard maid_headdress hair_bun,toki_(abi-eshuh)_(blue_archive) toki_(blue_archive),game_asset highres non-web_source official_art spoilers,
toki_(armed)_(blue_archive),True,True,candidate_released,1,12,11507685,toki_(blue_archive),Armed,publisher,https://jarvis.dn.nexoncdn.co.kr/bluearchive/gb/20260528/20260528020959472-36e2a98d2a1c437999b882ac6fc77e88.png,https://danbooru.donmai.us/posts/11507685,blonde_hair blue_eyes halo black_gloves hooded_jacket white_jacket very_long_hair,toki_(armed)_(blue_archive) toki_(blue_archive),absurdres highres official_art,"The [[blue bodysuit]] [[official alternate costume|costume]] of [[Blue Archive]]'s [[Toki (blue archive)|]], as seen in the game's ""sixth PV"":[https://youtube.com/watch?v=URR7yQayl1Q] for Decagrammaton's episode."
toki_(blue_archive),True,True,candidate_released,10,19,6079748,toki_(blue_archive),Default,game_asset,https://cdn.discordapp.com/attachments/1042318891684200458/1042319741626355742/ch0187--00.png,https://danbooru.donmai.us/posts/6079748,blonde_hair blue_eyes blue_halo fingerless_gloves frilled_apron high_heel_boots long_skirt maid_apron short_hair,toki_(blue_archive),bad_discord_link bad_link game_asset highres official_art,
toki_(bunny)_(blue_archive),True,True,candidate_released,1,12,6813998,toki_(blue_archive),Bunny,publisher,https://twitter.com/EN_BlueArchive/status/1717468609973473465,https://danbooru.donmai.us/posts/6813998,blonde_hair blue_eyes blue_halo mechanical_halo aqua_bowtie blue_hairband blue_leotard highleg_leotard strapless_leotard long_hair,toki_(blue_archive) toki_(bunny)_(blue_archive),absurdres commentary english_commentary highres official_art promotional_art,"The [[playboy bunny]] [[official alternate costume|costume]] of [[Blue Archive]]'s [[Toki (blue archive)|]].  In this costume, Toki wears the typical [[playboy bunny]] outfit with [[blue leotard|blue]] [[highleg leotard]] with [[white thighhighs]]. She also let her hair down whilst keeping the [[hal"
toki_(school_uniform)_(blue_archive),True,False,candidate_npc_or_story,1,5,10675623,toki_(school_uniform)_(blue_archive),supplemental search,game_mirror,https://static.wikia.nocookie.net/blue-archive/images/b/b6/Toki_Schoolgirl_Portrait.png?format=original,https://danbooru.donmai.us/posts/10675623,blonde_hair blue_eyes blue_halo blue_skirt collared_shirt pleated_skirt white_shirt white_socks braid long_hair,toki_(blue_archive) toki_(school_uniform)_(blue_archive),artist_request check_artist commentary english_commentary highres official_art,
tomoe_(blue_archive),True,True,candidate_released,2,18,11751157,tomoe_(blue_archive),Default,game_asset,https://bluearchive.wiki/wiki/File:Tomoe_00.png,https://danbooru.donmai.us/posts/11751157,purple_hair purple_eyes pink_halo black_gloves black_pantyhose black_shirt collared_shirt fur-trimmed_coat braid twintails,tomoe_(blue_archive),absurdres game_asset highres large_variant_set official_art third-party_source variant_set,
tomoe_(qipao)_(blue_archive),True,True,candidate_released,1,12,8852318,tomoe_(blue_archive),Qipao,publisher,https://twitter.com/en_bluearchive/status/1889970267319152867,https://danbooru.donmai.us/posts/8852318,pink_hair pink_eyes halo white_dress hair_bun long_hair,tomoe_(blue_archive) tomoe_(qipao)_(blue_archive),commentary english_commentary highres official_art promotional_art,
tsubaki_(blue_archive),True,True,candidate_released,2,19,4813755,tsubaki_(blue_archive),Default,game_asset,https://bluearchive.wiki/wiki/File:Tsubaki_full.png,https://danbooru.donmai.us/posts/4813755,black_hair black_eyes red_halo animal_ears elbow_gloves red_gloves red_sailor_collar red_skirt short_hair,tsubaki_(blue_archive),game_asset official_art,
tsubaki_(guide)_(blue_archive),True,True,candidate_released,1,12,8222116,tsubaki_(blue_archive),Guide,publisher,https://x.com/EN_BlueArchive/status/1836691709675380861,https://danbooru.donmai.us/posts/8222116,black_hair animal_ears halo black_jacket black_pantyhose black_skirt pencil_skirt red_bowtie short_hair,tsubaki_(blue_archive) tsubaki_(guide)_(blue_archive),absurdres highres official_art promotional_art,An [[official alternate costume|official costume]] of [[Blue Archive]]'s [[Tsubaki (blue archive)|]].
tsukuyo_(blue_archive),True,True,candidate_released,2,17,6355928,tsukuyo_(blue_archive),Default,publisher,https://twitter.com/EN_BlueArchive/status/1600384618544463872,https://danbooru.donmai.us/posts/6355928,purple_eyes rabbit_ears halo long_skirt school_uniform scarf shoes long_hair,tsukuyo_(blue_archive),absurdres commentary english_commentary highres official_art promotional_art,
tsukuyo_(dress)_(blue_archive),True,True,candidate_released,1,12,10464453,tsukuyo_(blue_archive),Dress,publisher,https://twitter.com/Blue_ArchiveJP/status/2002575219480039714,https://danbooru.donmai.us/posts/10464453,blonde_hair purple_hair purple_eyes halo kimono_dress white_socks,tsukuyo_(blue_archive) tsukuyo_(dress)_(blue_archive),commentary_request highres official_art promotional_art translation_request,The [[dress]] [[official alternate costume|costume]] of [[Blue Archive]]'s [[Tsukuyo (Blue Archive)|]].
tsurugi_(blue_archive),True,True,candidate_released,5,18,11380682,tsurugi_(blue_archive),Default,game_asset,https://bluearchive.wiki/wiki/File:Tsurugi_00.png,https://danbooru.donmai.us/posts/11380682,black_hair red_eyes red_halo black_boots black_shirt black_skirt lace-up_boots long_skirt very_long_hair,tsurugi_(blue_archive),game_asset highres large_variant_set official_art third-party_source variant_set,
tsurugi_(dress)_(blue_archive),False,False,candidate_npc_or_story,1,13,11853460,tsurugi_(blue_archive),Dress,game_asset,https://bluearchive.wiki/wiki/File:Tsurugi_(Stage)_00.png,https://danbooru.donmai.us/posts/11853460,black_hair red_eyes red_halo bow_choker pleated_dress wedding_dress white_choker white_dress long_hair,tsurugi_(blue_archive) tsurugi_(dress)_(blue_archive),artist_request game_asset highres official_art third-party_source,Currently unplayable [[dress]] [[official alternate costume|costume]] of [[Blue Archive]]'s [[Tsurugi (Blue Archive)|]].
tsurugi_(swimsuit)_(blue_archive),True,True,candidate_released,2,13,11500590,tsurugi_(blue_archive),Swimsuit,game_asset,https://bluearchive.wiki/wiki/File:Tsurugi_(Swimsuit)_diorama_00.png,https://danbooru.donmai.us/posts/11500590,black_hair red_eyes red_halo black_bikini swimsuit very_long_hair,tsurugi_(blue_archive) tsurugi_(swimsuit)_(blue_archive),game_asset highres large_variant_set official_art third-party_source variant_set,"The [[swimsuit]] [[official alternate costume|costume]] of [[Blue Archive]]'s [[Tsurugi (blue archive)|]].  In this costume, Tsurugi wears a [[black bikini]] with a [[criss-cross halter]], a [[side-tie bikini bottom|side tie for her bikini bottom]], and black [[sandals]]. She also tied her hair into"
ui_(blue_archive),True,True,candidate_released,4,18,11942961,ui_(blue_archive),Default,game_asset,https://bluearchive.wiki/wiki/File:Ui_00.png,https://danbooru.donmai.us/posts/11942961,black_hair purple_eyes halo black_pantyhose long_skirt pleated_skirt purple_hairband school_uniform very_long_hair,ui_(blue_archive),game_asset highres large_variant_set official_art third-party_source variant_set,
ui_(swimsuit)_(blue_archive),True,True,candidate_released,3,7,7647090,ui_(swimsuit)_(blue_archive),supplemental search,game_asset,Extracted from the game,https://danbooru.donmai.us/posts/7647090,black_hair blue_eyes yellow_halo black_bikini blue_hairband swimsuit ponytail very_long_hair,ui_(blue_archive) ui_(swimsuit)_(blue_archive),absurdres aliasing game_asset highres non-web_source official_art resized upscaled,
umika_(blue_archive),True,True,candidate_released,1,17,8222126,umika_(blue_archive),Default,publisher,https://x.com/EN_BlueArchive/status/1836695476193710554,https://danbooru.donmai.us/posts/8222126,grey_hair brown_eyes animal_ears halo white_apron long_hair,umika_(blue_archive),absurdres commentary english_commentary highres official_art promotional_art second-party_source,
utaha_(blue_archive),True,True,candidate_released,2,18,11424315,utaha_(blue_archive),Default,game_asset,https://bluearchive.wiki/wiki/File:Utaha_00.png,https://danbooru.donmai.us/posts/11424315,purple_hair purple_eyes pink_halo black_gloves black_pantyhose black_sweater collared_shirt open_coat very_long_hair,thundergun_(blue_archive) utaha_(blue_archive),game_asset highres large_variant_set official_art third-party_source variant_set,
utaha_(cheer_squad)_(blue_archive),True,True,candidate_released,1,14,5708862,utaha_(blue_archive),Cheer Squad,game_asset,https://cdn.discordapp.com/attachments/1024509266507337778/1024512186485313546/ch0182--00.png,https://danbooru.donmai.us/posts/5708862,purple_hair purple_eyes halo boots gloves pants ponytail,utaha_(blue_archive) utaha_(cheer_squad)_(blue_archive),bad_discord_link bad_link game_asset highres official_art,The [[ouendan]] [[official alternate costume]] for [[Utaha (blue archive)|]] from [[Blue Archive]].  Voiced by: Aochi Nozomi Costume artist: Samra
wakamo_(blue_archive),True,True,candidate_released,35,14,11852136,wakamo_(blue_archive),,game_asset,https://bluearchive.wiki/wiki/File:Wakamo_S2_01.png,https://danbooru.donmai.us/posts/11852136,black_hair yellow_eyes fox_ears red_halo black_boots black_gloves black_kimono black_sailor_collar fingerless_gloves long_hair,wakamo_(blue_archive),game_asset highres large_variant_set official_art third-party_source variant_set,
wakamo_(j_league)_(blue_archive),False,False,excluded_external_collaboration,1,1,11871112,wakamo_(blue_archive),J League,source_unverified,https://content-central.rakuten.net/collection/feature/bluearchive_jleague_2026-27/img/modal_assets/13kyoto_member.png,https://danbooru.donmai.us/posts/11871112,black_hair red_hair yellow_eyes fox_ears red_halo black_shorts purple_shirt short_shorts black_shoes braid,wakamo_(blue_archive) wakamo_(j_league)_(blue_archive),official_art,An [[official alternate costume]] of [[Wakamo (Blue Archive)|]] for the [[Blue Archive]] x J.League collab.  Costume artist: [[usuke (u skeeep)]]
wakamo_(swimsuit)_(blue_archive),True,True,candidate_released,24,7,8499742,wakamo_(swimsuit)_(blue_archive),supplemental search,game_asset,file://Screenshot_20241129_215716.png,https://danbooru.donmai.us/posts/8499742,brown_hair red_hair yellow_eyes fox_ears red_halo flower_bikini string_bikini white_bikini swimsuit ponytail,wakamo_(blue_archive) wakamo_(swimsuit)_(blue_archive),game_asset highres non-web_source official_art,
wakamo_(valentine)_(blue_archive),False,False,candidate_npc_or_story,9,12,10567002,wakamo_(blue_archive),Valentine,game_mirror,https://static.wikia.nocookie.net/blue-archive/images/8/8b/Wakamo_Kimono_Portrait.png?format=original,https://danbooru.donmai.us/posts/10567002,black_hair red_hair yellow_eyes fox_ears red_halo floral_print_kimono multicolored_kimono pink_hairband pink_kimono white_kimono,wakamo_(blue_archive) wakamo_(valentine)_(blue_archive),artist_request commentary english_commentary highres large_variant_set official_art variant_set,[[Official alternate costume]] of [[Wakamo (Blue Archive)|Wakamo]].
yakumo_(blue_archive),True,True,candidate_released,1,18,10285137,yakumo_(blue_archive),Default,publisher,https://twitter.com/Blue_ArchiveJP/status/1989891753294664178,https://danbooru.donmai.us/posts/10285137,green_hair green_eyes blue_halo animal_ears brown_hat brown_jacket open_jacket wide-leg_pants coat medium_hair,yakumo_(blue_archive),commentary_request highres official_art promotional_art,
yoshimi_(band)_(blue_archive),True,True,candidate_released,1,13,8302981,yoshimi_(blue_archive),Band,publisher,https://twitter.com/en_bluearchive/status/1846842336497881126,https://danbooru.donmai.us/posts/8302981,blonde_hair black_eyes yellow_halo open_jacket pink_skirt pleated_skirt red_jacket white_shirt twintails,yoshimi_(band)_(blue_archive) yoshimi_(blue_archive),absurdres commentary english_commentary highres official_art promotional_art second-party_source,[[Official alternate costume]] for [[Yoshimi (blue archive)|]] from [[Blue Archive]].  It is her when [[After-School Sweets Club (blue archive)|]] acted as the band called [b]Sugar Rush[/b] for Trinity's school festival.  Voiced by: Ayumi Mano Costume artist: [[mx2j]]
yoshimi_(blue_archive),True,True,candidate_released,3,18,11446707,yoshimi_(blue_archive),Default,game_asset,https://bluearchive.wiki/wiki/File:Yoshimi_00.png,https://danbooru.donmai.us/posts/11446707,blonde_hair brown_eyes yellow_halo black_thighhighs hooded_jacket red_jacket track_jacket white_shoes twintails long_hair,yoshimi_(blue_archive),game_asset highres large_variant_set official_art third-party_source variant_set,
yoshimi_(halloween)_(blue_archive),True,False,candidate_npc_or_story,1,11,8959709,yoshimi_(blue_archive),Halloween,game_mirror,https://static.wikitide.net/bluearchivewiki/c/c7/Yoshimi_(School_Festival)_00.png,https://danbooru.donmai.us/posts/8959709,blonde_hair green_eyes halo long_hair,yoshimi_(blue_archive) yoshimi_(halloween)_(blue_archive),highres official_art third-party_source,The [[official alternate costume|official]] [[mummy costume|mummy]] [[halloween costume]] worn by [[Yoshimi (Blue Archive)|]] from [[Blue Archive]]. Notable for the fact that she's [[naked bandage|only wearing bandages]].
yukari_(blue_archive),True,True,candidate_released,3,18,11862611,yukari_(blue_archive),Default,game_asset,https://bluearchive.wiki/wiki/Yukari/gallery#/media/File:Yukari_00.png,https://danbooru.donmai.us/posts/11862611,purple_hair purple_eyes purple_halo blue_skirt school_uniform white_sailor_collar white_socks very_long_hair,yukari_(blue_archive),game_asset highres large_variant_set official_art third-party_source variant_set,
yukari_(swimsuit)_(blue_archive),True,True,candidate_released,2,13,10376579,yukari_(blue_archive),Swimsuit,publisher,https://bluearchive.nexon.com/events/2025/11/summerrush,https://danbooru.donmai.us/posts/10376579,purple_eyes purple_halo black_bikini o-ring_bikini open_shirt white_shirt swimsuit very_long_hair,yukari_(blue_archive) yukari_(swimsuit)_(blue_archive),absurdres highres official_art,The [[swimsuit]] [[official alternate costume|costume]] of [[Blue Archive]]'s [[Yukari (blue archive)|]].
yukino_(blue_archive),True,False,candidate_npc_or_story,1,19,5254466,yukino_(blue_archive),Default,game_asset,https://cdn.discordapp.com/attachments/961135679943901204/961137350153478194/ch0171--00.png,https://danbooru.donmai.us/posts/5254466,black_hair fox_ears halo black_thighhighs school_uniform gloves shoes very_long_hair,yukino_(blue_archive),bad_discord_link bad_link game_asset highres official_art,
yume_(blue_archive),True,False,candidate_npc_or_story,1,18,7195180,yume_(blue_archive),Default,game_asset,https://static.wikia.nocookie.net/blue-archive/images/7/79/Yume_Portrait.png/revision/latest?cb=20240207123705,https://danbooru.donmai.us/posts/7195180,aqua_hair yellow_eyes yellow_halo aqua_necktie black_gloves black_skirt collared_shirt pleated_skirt very_long_hair,yume_(blue_archive),game_asset official_art third-party_source,
yuuka_(blue_archive),True,True,candidate_released,4,18,4369856,yuuka_(blue_archive),Default,publisher,https://webusstatic.yo-star.com/bluearchive_jp_web/img/c12.f9cd2f51.png,https://danbooru.donmai.us/posts/4369856,blue_hair blue_eyes black_halo mechanical_halo ankle_boots black_boots black_jacket black_skirt blue_necktie long_hair,yuuka_(blue_archive),highres official_art,
yuuka_(pajamas)_(blue_archive),True,True,candidate_released,1,5,9468804,yuuka_(pajamas)_(blue_archive),,publisher,https://twitter.com/EN_BlueArchive/status/1930553933665300903,https://danbooru.donmai.us/posts/9468804,purple_hair blue_eyes halo white_hairband shorts long_hair,yuuka_(blue_archive) yuuka_(pajamas)_(blue_archive),absurdres commentary english_commentary highres official_art promotional_art second-party_source,
yuuka_(track)_(blue_archive),True,True,candidate_released,1,14,5785246,yuuka_(blue_archive),Track,game_asset,https://cdn.discordapp.com/attachments/1035433299625132073/1035434453499125801/ch0184--00.png,https://danbooru.donmai.us/posts/5785246,blue_hair blue_eyes black_halo mechanical_halo black_shirt blue_jacket gym_uniform track_jacket black_shoes long_hair,yuuka_(blue_archive) yuuka_(track)_(blue_archive),bad_discord_link bad_link game_asset official_art,"The [[gym uniform]] [[official alternate costume|costume]] of [[Blue Archive]]'s [[Yuuka (blue archive)|]].  It consists of a [[black shirt|black]] [[t-shirt]], a [[blue jacket|blue]] [[partially unzipped]] [[track jacket]], [[blue buruma]] and [[black shoes|black]] [[sneakers]]. She has a [[star st"
yuzu_(armed)_(blue_archive),True,True,candidate_released,5,6,11673068,yuzu_(armed)_(blue_archive),supplemental search,publisher,https://jarvis.dn.nexoncdn.co.kr/bluearchive/gb/20260528/20260528021054091-e86a11a610584082b7c8c8edf30f3b25.png,https://danbooru.donmai.us/posts/11673068,red_hair purple_eyes halo red_gloves ponytail very_long_hair,yuzu_(armed)_(blue_archive) yuzu_(blue_archive),absurdres highres official_art,
yuzu_(blue_archive),True,True,candidate_released,8,18,11481036,yuzu_(blue_archive),Default,game_asset,https://bluearchive.wiki/wiki/File:Yuzu_00.png,https://danbooru.donmai.us/posts/11481036,red_hair blue_eyes halo hooded_coat white_coat braid very_long_hair,nyan_cat yuzu_(blue_archive),game_asset highres large_variant_set official_art third-party_source variant_set,
yuzu_(maid)_(blue_archive),True,True,candidate_released,1,12,6814099,yuzu_(blue_archive),Maid,publisher,https://twitter.com/EN_BlueArchive/status/1717471126232891871,https://danbooru.donmai.us/posts/6814099,red_hair yellow_halo black_dress blue_bowtie maid_apron maid_headdress white_apron ponytail long_hair,yuzu_(blue_archive) yuzu_(maid)_(blue_archive),absurdres commentary english_commentary highres official_art promotional_art,"The [[maid]] [[official alternate costume|costume]] of [[Blue Archive]] [[Yuzu (Blue Archive)|]].  Judging by the 00 mark printed on the dress, we know they may be [[borrowed clothes]] [s]or smuggled[/s] from [[Neru (blue archive)|]]."
yuzu_(winter)_(blue_archive),False,False,candidate_npc_or_story,1,13,11483279,yuzu_(blue_archive),Winter,game_asset,https://bluearchive.wiki/wiki/File:Yuzu_(Winter)_00.png,https://danbooru.donmai.us/posts/11483279,blue_eyes halo black_pantyhose brown_boots fur-trimmed_coat fur_boots grey_skirt braid,yuzu_(blue_archive) yuzu_(winter)_(blue_archive),absurdres game_asset highres large_variant_set official_art third-party_source variant_set,"A non-playable [[winter clothes|winter]] [[official alternate costume]] of [[Blue Archive]]'s [[Yuzu (Blue Archive)|]], as seen in the game's latest Decagrammaton episode."
