wiki_title,wiki_updated_at,status,image_type,image_id,form_title,label,wiki_url,form_wiki_url,form_wiki_status,form_wiki_updated_at,form_description,url,source,character_tags,copyright_tags,general_tags,meta_tags,md5
march_7th_(honkai:_star_rail),2026-09-06T12:44:27.603-04:00,candidate,post,7732499,March 7th (Preservation) (Honkai: Star Rail),Preservation,https://danbooru.donmai.us/wiki_pages/march_7th_(honkai%3A_star_rail),https://danbooru.donmai.us/wiki_pages/March_7th_(Preservation)_(Honkai%3A_Star_Rail),found,2026-09-06T12:45:02.463-04:00,"Initial costume and playable version of [[Honkai: Star Rail]]'s [[March 7th (honkai: star rail)|]] when you start the game.

Her Preservation outfit consists of a [[long sleeves|long-sleeved]] [[white shirt]], [[blue skirt|blue]] [[pleated skirt]], [[off-shoulder jacket|off-shoulder]] [[blue jacket|blue]]-[[gradient jacket|to]]-[[pink jacket|pink]] [[tied jacket]] forming an [[underbust]], [[black choker]] connecting to her [[bra strap|bra straps]], [[black gloves|black]] [[archery shooting glove]] on her right hand, [[black overskirt]] with the Nameless' badge (a stylized Astral Express at",https://danbooru.donmai.us/posts/7732499,assets/asbres/spriteoutput/avatardrawcard/1001,march_7th_(honkai:_star_rail) march_7th_(preservation)_(honkai:_star_rail),honkai:_star_rail honkai_(series),1girl acorn ankle_boots archery_shooting_glove arrow_(projectile) badge black_boots black_choker black_gloves black_overskirt blue_boots blue_eyes blue_jacket blue_skirt boots bow_(weapon) breasts button_badge buttons camera choker earrings flower flower_ornament fold-over_boots footwear_flower full_body gloves gradient_clothes gradient_jacket hand_up high_heel_boots high_heels holding holding_bow_(weapon) holding_weapon jacket jewelry leg_up long_sleeves medium_breasts medium_hair miniskirt multicolored_boots multicolored_eyes off-shoulder_jacket off_shoulder one_eye_closed open_hand open_mouth overskirt partially_fingerless_gloves pink_eyes pink_hair pink_jacket pink_pupils pleated_skirt shirt single_earring single_glove skirt smile solo thigh_strap tied_jacket transparent_background two-tone_boots two-tone_eyes weapon white_shirt,game_asset highres non-web_source official_art,231dc8795bd6bb577a8bc572fdc720f4
march_7th_(honkai:_star_rail),2026-09-06T12:44:27.603-04:00,candidate,post,8704009,March 7th (Nascent Spring) (Honkai: Star Rail),Nascent Spring,https://danbooru.donmai.us/wiki_pages/march_7th_(honkai%3A_star_rail),https://danbooru.donmai.us/wiki_pages/March_7th_(Nascent_Spring)_(Honkai%3A_Star_Rail),found,2025-06-14T08:49:52.803-04:00,"The [[official alternate costume]] of [[Honkai: Star Rail]]'s [[March 7th (honkai: star rail)|]] that first appeared in the 1.4 Trailblaze Continuance story ""Future Market"", 2.7 limited time event ""Between the Frames"", and later reappeared as a usable skin for the [[march 7th (preservation) (honkai: star rail)|Preservation]] path in version 3.0.

It is a [[two-tone dress]] with a [[white dress|white]] top part and [[detached sleeves]], and a [[blue dress|blue]] section for the lower part. She also wears a silver [[tiara]], [[white thighhighs]], and [[blue shoes|blue]] [[pumps]] with [[ankle ",https://danbooru.donmai.us/posts/8704009,assets/asbres/spriteoutput/avatardrawcard/avatarskin/1100101,march_7th_(honkai:_star_rail) march_7th_(nascent_spring)_(honkai:_star_rail) pom-pom_(honkai:_star_rail),honkai:_star_rail honkai_(series),1girl 1other :d bare_shoulders blue_bow blue_bowtie blue_dress blue_eyes blue_nails blue_shoes bow bowtie breasts clothing_cutout colored_tips crystal detached_sleeves diorama dot_nose dress dusk floating_clothes floating_hair food footwear_bow garter_straps hair_between_eyes hand_up hands_up high_heels holding jewelry leg_up looking_to_the_side medium_breasts medium_hair multicolored_eyes multicolored_hair multicolored_nails nail_polish official_alternate_costume open_hand open_mouth outdoors pink_eyes pink_hair pink_nails pleated_dress pumps purple_dress purple_sleeves rabbit shoes short_dress sideways_glance smile snowflakes solo stairs string_of_flags thighhighs tiara transparent_background two-tone_eyes two-tone_nails white_bow white_thighhighs zettai_ryouiki,game_asset highres non-web_source official_art,14605e169de324dec67143e602b0dd44
march_7th_(honkai:_star_rail),2026-09-06T12:44:27.603-04:00,candidate,post,7732510,March 7th (Hunt) (Honkai: Star Rail),Hunt,https://danbooru.donmai.us/wiki_pages/march_7th_(honkai%3A_star_rail),https://danbooru.donmai.us/wiki_pages/March_7th_(Hunt)_(Honkai%3A_Star_Rail),found,2026-09-06T12:45:50.139-04:00,"[[Official alternate costume]] of [[Honkai: Star Rail]]'s [[March 7th (Honkai: Star Rail)|]] that was revealed during the Summer Game Fest 2024.

Her Hunt/Xianzhou outfit consists of a [[black dress]] worn with a [[long sleeves|long-sleeved]] [[white dress]] layer, [[red jacket|red]] [[cropped jacket]], [[black gloves]], [[pink sash]], [[white bloomers]], [[white thighhighs]], and [[black boots|black]] [[high heel boots|high heel]] [[ankle boots]].

Her [[official alternate hairstyle]] in this outfit is a [[shuangyaji]].",https://danbooru.donmai.us/posts/7732510,assets/asbres/spriteoutput/avatardrawcard/1224,march_7th_(honkai:_star_rail) march_7th_(hunt)_(honkai:_star_rail),honkai:_star_rail honkai_(series),1girl ankle_boots bell black_boots black_dress black_gloves bloomers blue_eyes boots breasts chinese_clothes cropped_jacket dress dual_wielding earrings fingerless_gloves flower full_body gloves hair_ornament hairclip high_heel_boots high_heels holding holding_sword holding_weapon jacket jewelry jian_(weapon) jingle_bell long_sleeves looking_at_viewer mandarin_collar medium_breasts medium_hair official_alternate_costume official_alternate_hairstyle open_mouth peach_blossom petals pink_eyes pink_hair pink_pupils pink_sash puffy_long_sleeves puffy_sleeves purple_eyes red_jacket sash short-sleeved_jacket short_sleeves shuangyaji simple_background single_earring smile solo standing standing_on_one_leg sword thighhighs transparent_background weapon white_bloomers white_thighhighs,game_asset highres non-web_source official_art,959e79430516f590db9d74b38347ca7a
march_7th_(honkai:_star_rail),2026-09-06T12:44:27.603-04:00,candidate,post,10868436,Graphia Academy School Uniform,[[Graphia Academy School Uniform]],https://danbooru.donmai.us/wiki_pages/march_7th_(honkai%3A_star_rail),https://danbooru.donmai.us/wiki_pages/Graphia_Academy_School_Uniform,found,2026-06-01T04:26:52.540-04:00,"Graphia Academy uniform, a [[school uniform]] from [[Honkai: Star Rail]] worn at the Graphia Academy on Planarcadia.

For girls, it consists of a [[double-breasted]] [[white jacket|white]] [[blazer]] with a black [[contrast collar]], a [[blue bowtie]], and a [[pleated skirt]],

For boys, it consists of a [[black jacket|black]] [[blazer]] with [[white trim]] and [[black pants]].",https://danbooru.donmai.us/posts/10868436,https://x.com/jp4G6Kfhb842057/status/2027693124831809860,march_7th_(honkai:_star_rail),honkai:_star_rail honkai_(series),1girl black_skirt border breasts cowboy_shot double_v gradient_background graphia_academy_school_uniform large_breasts multicolored_eyes official_alternate_costume open_mouth pink_border pink_hair pleated_skirt school_uniform shirt short_hair skirt smile solo two-tone_eyes v white_shirt,commentary_request highres,4362f9580447f416ed30d2b94ddf8252
march_7th_(honkai:_star_rail),2026-09-06T12:44:27.603-04:00,candidate,post,9004769,March 7th (Kfc) (Honkai: Star Rail),KFC,https://danbooru.donmai.us/wiki_pages/march_7th_(honkai%3A_star_rail),https://danbooru.donmai.us/wiki_pages/March_7th_(Kfc)_(Honkai%3A_Star_Rail),found,2024-10-23T04:33:11.673-04:00,"An [[official alternate costume]] of [[Honkai: Star Rail]]'s [[march_7th_(honkai:_star_rail)|March 7th]] for [[KFC]]'s China-exclusive collaboration on September 22th, 2023.",https://danbooru.donmai.us/posts/9004769,Exported from ibisPaint X project file,march_7th_(honkai:_star_rail) march_7th_(kfc)_(honkai:_star_rail),honkai:_star_rail honkai_(series),1girl ankle_bow ankle_strap bag belt beret black_belt black_bow black_dress black_hat black_shoes blue_eyes bow breasts camera clenched_teeth collar detached_collar dress flower_ornament full_body hat high-waist_belt high_heels holding holding_camera jacket layered_dress light_blush looking_at_viewer medium_breasts multicolored_eyes multicolored_jacket off-shoulder_jacket off_shoulder official_alternate_costume pink_eyes pink_hair pink_pupils pumps red_dress red_jacket shoes short_dress shoulder_bag smile solo teeth two-tone_eyes white_background white_bow white_collar white_dress white_jacket wrist_bow,absurdres commission commissioner_upload highres ibispaint_(medium) non-web_source,623ff70d46d54cc8175845d46777bebb
march_7th_(honkai:_star_rail),2026-09-06T12:44:27.603-04:00,candidate,post,7157524,March 7th (Feast) (Honkai: Star Rail),Feast,https://danbooru.donmai.us/wiki_pages/march_7th_(honkai%3A_star_rail),https://danbooru.donmai.us/wiki_pages/March_7th_(Feast)_(Honkai%3A_Star_Rail),found,2026-08-05T15:52:16.495-04:00,"[[Official alternate costume]] of [[March 7th (honkai: star rail)|]] first used for ""a global collaboration of various food/drink shops/restaurants"":[https://hsr.hoyoverse.com/feast] starting from mid October, 2023.",https://danbooru.donmai.us/posts/7157524,https://i.pximg.net/img-original/img/2024/01/31/01/27/54/115627084_p8.jpg,march_7th_(feast)_(honkai:_star_rail) march_7th_(honkai:_star_rail),honkai:_star_rail honkai_(series),1girl >_< ankle_socks bare_shoulders belt blue_jacket blue_skirt brown_shoes character_name closed_mouth dress earrings flower_ornament full_body gradient_clothes gradient_jacket gradient_skirt hair_between_eyes high-waist_belt jacket jewelry layered_skirt loafers long_skirt looking_at_viewer medium_hair off_shoulder official_alternate_costume pink_hair purple_belt purple_jacket purple_skirt shoes simple_background single_earring skirt sleeveless sleeveless_sweater smile socks stretching sweater thigh_strap white_background white_dress white_skirt white_sleeves white_socks white_sweater,commentary_request highres translation_request,4f2759b14e5e2cfbb0b23c847a93e64a
march_7th_(honkai:_star_rail),2026-09-06T12:44:27.603-04:00,candidate,post,7614391,March 7th (impression) (honkai: star rail),Impression,https://danbooru.donmai.us/wiki_pages/march_7th_(honkai%3A_star_rail),https://danbooru.donmai.us/wiki_pages/March_7th_(impression)_(honkai%3A_star_rail),found,2025-12-15T06:46:58.164-05:00,Official [[march 7th (honkai: star_rail)|March 7th]]-themed clothing merchandise available on official [[miHoYo]] online stores.,https://danbooru.donmai.us/posts/7614391,https://twitter.com/_shichika_B/status/1793217799441223992,march_7th_(honkai:_star_rail) march_7th_(impression)_(honkai:_star_rail),honkai:_star_rail honkai_(series),1girl :d bag beret black_bow black_bowtie black_skirt blazer blue_eyes blue_hat blue_jacket bow bowtie buttoned_cuffs buttons cellphone collared_shirt cowboy_shot hair_between_eyes hand_up handbag hat holding holding_phone jacket layered_skirt legs_apart long_hair looking_at_phone miniskirt multicolored_eyes official_alternate_costume one_eye_closed open_clothes open_jacket open_mouth phone pink_eyes pink_hair pink_pupils pleated_skirt school_uniform selfie shirt sidelocks simple_background skirt smartphone smile solo teeth twitter_username two-tone_eyes upper_teeth_only v white_background white_shirt white_skirt,absurdres bad_id bad_twitter_id commentary highres revision untranslatable_commentary,9f77ee229760408eec971f0b3faa69c3
march_7th_(honkai:_star_rail),2026-09-06T12:44:27.603-04:00,asset_no_post_tags,asset,48652174,March 7Th (Little Cat) (Honkai: Star Rail),Little Cat,https://danbooru.donmai.us/wiki_pages/march_7th_(honkai%3A_star_rail),https://danbooru.donmai.us/wiki_pages/March_7Th_(Little_Cat)_(Honkai%3A_Star_Rail),found,2026-06-06T19:48:54.281-04:00,"An [[aged down]] [[official alternate costume]] of [[Honkai: Star Rail|Honkai: Star Rail's]] [[March 7th (Honkai: Star Rail)|]], taken from the ""Little Cat Series"" of merchandise.",https://danbooru.donmai.us/media_assets/48652174,,,,,,15d578024e20b12f0ea295fb05d20703
march_7th_(honkai:_star_rail),2026-09-06T12:44:27.603-04:00,asset_no_post_tags,asset,39608750,March 7th (Chimerric Park Countdown) (Honkai: Star Rail),Chimerric Park Countdown,https://danbooru.donmai.us/wiki_pages/march_7th_(honkai%3A_star_rail),https://danbooru.donmai.us/wiki_pages/March_7th_(Chimerric_Park_Countdown)_(Honkai%3A_Star_Rail),found,2025-12-17T10:04:16.341-05:00,"A costume of [[March 7th (Honkai: Star Rail)|]] from [[Honkai: Star Rail]] from the countdown art for the [[HoyoFair]] 2025 ""Chimerric Park"".

She wears a blue [[japanese clothes|Japanese-styled]] outfit.",https://danbooru.donmai.us/media_assets/39608750,,,,,,807ba5e30bef593f238b8d16e230a3f7
march_7th_(honkai:_star_rail),2026-09-06T12:44:27.603-04:00,candidate,post,9956177,Evernight (Honkai: Star Rail),[[Evernight (Honkai: Star Rail)|]] (Default),https://danbooru.donmai.us/wiki_pages/march_7th_(honkai%3A_star_rail),https://danbooru.donmai.us/wiki_pages/Evernight_(Honkai%3A_Star_Rail),found,2026-09-04T17:49:24.460-04:00,"A playable [[Official alternate costume|official alternate form]] of [[Honkai: Star Rail]]'s [[March 7th (Honkai: Star Rail)|]], intended as her [[Chrysos Heirs (honkai: star rail)|]] guise.

Her Amphoreus outfit consists of a [[black jacket|black]] [[half-jacket]] worn with a [[layered dress|layered]] [[black dress|black]]-[[white dress]] that [[single bare shoulder|exposes her right shoulder]], [[sleeve cuffs]], [[black gloves]], [[black flower|black]] [[hair flower]] plus [[parallel hairclips]], [[red flower]] on her dress, black [[thigh strap]] on her right leg, and [[black boots|black",https://danbooru.donmai.us/posts/9956177,https://act-upload.mihoyo.com/sr-wiki/2025/09/12/276833758/6b457fdb6f1abcef0d54b5c0079a3659_7512906109356721629.png,evernight_(honkai:_star_rail) evey_(honkai:_star_rail) march_7th_(honkai:_star_rail),honkai:_star_rail honkai_(series),1girl black_boots black_coat black_dress black_flower black_gloves boots breasts closed_mouth coat dress flower flower_ornament fold-over_boots gloves hair_flower hair_ornament half-jacket layered_dress long_hair long_sleeves medium_breasts memosprite off_shoulder official_alternate_costume official_alternate_eye_color pink_hair red_eyes red_flower shirt short_dress single_off_shoulder solo table thigh_strap transparent_background when_you_see_it white_shirt,bad_link bad_miyoushe_link highres official_art,6b457fdb6f1abcef0d54b5c0079a3659
march_7th_(honkai:_star_rail),2026-09-06T12:44:27.603-04:00,asset_no_post_tags,asset,33460473,Evernight (Lurking) (Honkai: Star Rail),Lurking,https://danbooru.donmai.us/wiki_pages/march_7th_(honkai%3A_star_rail),https://danbooru.donmai.us/wiki_pages/Evernight_(Lurking)_(Honkai%3A_Star_Rail),found,2025-10-11T08:59:35.165-04:00,"An [[official alternate costume|official costume]] of [[Honkai: Star Rail]]'s [[Evernight (Honkai: Star Rail)|]], exclusive to the 3.6 Nameless Honor set.

She is portrayed with a [[white coat]], [[sunglasses]] worn [[eyewear on head|on her head]], and holding a [[walkie-talkie]].",https://danbooru.donmai.us/media_assets/33460473,,,,,,9d3f1f3aa4e29a084323cc9da14c64fe
march_7th_(honkai:_star_rail),2026-09-06T12:44:27.603-04:00,candidate,post,10015346,Evernight (Alternate Spacetime) (Honkai: Star Rail),Alternate Spacetime,https://danbooru.donmai.us/wiki_pages/march_7th_(honkai%3A_star_rail),https://danbooru.donmai.us/wiki_pages/Evernight_(Alternate_Spacetime)_(Honkai%3A_Star_Rail),found,2026-02-07T22:23:31.353-05:00,"A costume of [[Evernight (Honkai: Star Rail)|]] from [[Honkai: Star Rail]] from the ""Alternate Spacetime Chronicles"":[/pools/26796] series of promotional arts.

She wears a [[two-tone dress|two-tone]] [[red dress|red]] and [[white dress]] with a [[black overskirt]], a [[black hairband|black]] [[flower hairband]], and a [[black choker]].",https://danbooru.donmai.us/posts/10015346,https://t.bilibili.com/1116030961091346464,evernight_(alternate_spacetime)_(honkai:_star_rail) evernight_(honkai:_star_rail) march_7th_(honkai:_star_rail) march_7th_(preservation)_(honkai:_star_rail),honkai:_star_rail honkai_(series),1girl alternate_costume black_choker black_hairband black_socks character_charm charm_(object) choker couch cup disposable_cup dress drinking_straw floating_hair hair_ornament hairband holding holding_cup holding_ticket kneehighs long_hair looking_at_viewer official_alternate_eye_color official_alternate_hair_length official_alternate_hairstyle on_couch parted_lips pink_hair red_eyes sitting smile socks solo ticket,absurdres commentary_request guest_art highres official_art second-party_source,70c04e33692bd98883f738ffb5cd07c8
march_7th_(honkai:_star_rail),2026-09-06T12:44:27.603-04:00,candidate,post,11185901,Evernight (Impression) (Honkai: Star Rail),Impression,https://danbooru.donmai.us/wiki_pages/march_7th_(honkai%3A_star_rail),https://danbooru.donmai.us/wiki_pages/Evernight_(Impression)_(Honkai%3A_Star_Rail),found,2026-05-29T20:54:05.183-04:00,"Official [[Evernight (Honkai: Star Rail)|]]-themed clothing merchandise available on official [[miHoYo]] online stores.

Consists of a [[white shirt]] with black buttons, optionally a [[black necktie]], a [[black skirt]] or [[black pants|black]] [[jeans]], and a [[black bag|black]] [[shoulder bag]].",https://danbooru.donmai.us/posts/11185901,https://x.com/qotassium/status/2045344519487451155,evernight_(honkai:_star_rail) evernight_(impression)_(honkai:_star_rail) march_7th_(honkai:_star_rail),honkai:_star_rail honkai_(series),2girls :d bag buttons dual_persona earrings flower frills full_body gloves hair_between_eyes hair_ornament hand_in_pocket happy holding_hands jacket jewelry long_hair looking_at_another medium_hair multiple_girls necktie official_alternate_costume open_clothes open_jacket outdoors pants pink_hair self-cosplay shirt shoes simple_background single_earring skirt smile socks very_long_hair,commentary english_commentary highres,ffd3daa87db64ba99fbe14d6017568a5
kafka_(honkai:_star_rail),2026-09-04T19:07:31.580-04:00,candidate,post,7689897,,Default,https://danbooru.donmai.us/wiki_pages/kafka_(honkai%3A_star_rail),,,,,https://danbooru.donmai.us/posts/7689897,assets/asbres/spriteoutput/avatardrawcard/1005,blade_(honkai:_star_rail) firefly_(honkai:_star_rail) firefly_(jepella_rebellion)_(honkai:_star_rail) kafka_(honkai:_star_rail) silver_wolf_(honkai:_star_rail),honkai:_star_rail honkai_(series),1boy 3girls 3others belt black_boots black_cat black_coat black_jacket black_skirt black_thighhighs black_umbrella boots cat coat coat_on_shoulders cropped_jacket eyewear_on_head full_body gloves jacket knee_boots long_hair long_sleeves looking_at_viewer multiple_girls multiple_others pantyhose parted_lips pencil_skirt purple_eyes purple_gloves purple_hair purple_pantyhose rain red_hair shirt skirt smile solo_focus stellaron_hunters_(honkai:_star_rail) teeth thigh_strap thighhighs tinted_eyewear transparent_background umbrella white_belt white_gloves white_shirt,game_asset highres non-web_source official_art,708b9a91903b3841cfa72ef0e4310d43
kafka_(honkai:_star_rail),2026-09-04T19:07:31.580-04:00,candidate,post,7755827,Kafka (Jepella Rebellion) (Honkai: Star Rail),Jepella Rebellion,https://danbooru.donmai.us/wiki_pages/kafka_(honkai%3A_star_rail),https://danbooru.donmai.us/wiki_pages/Kafka_(Jepella_Rebellion)_(Honkai%3A_Star_Rail),found,2025-12-14T01:15:40.583-05:00,"An [[official alternate costume]] worn by [[Kafka (Honkai: Star Rail)|]] during the events of the Jepella Rebellion, as depicted in ""Myriad Celestia Trailer: The Jepella Rebellion — Scene 47"":[https://www.youtube.com/watch?v=D9yIlGpgCus].

Can be distinguished from the superficially similar [[Kafka (impression) (honkai: star rail)|Kafka Impression costume]] by having a normal [[black necktie]], [[suspenders]], and lacking [[frills]] on the shirt.",https://danbooru.donmai.us/posts/7755827,https://i.pximg.net/img-original/img/2024/06/23/21/34/19/119909410_p0.jpg,kafka_(honkai:_star_rail) kafka_(jepella_rebellion)_(honkai:_star_rail),honkai:_star_rail honkai_(series),1girl adjusting_clothes adjusting_gloves belt black_belt black_gloves black_jacket black_necktie black_pants breasts collared_shirt cowboy_shot eyewear_on_head gloves hair_between_eyes hair_intakes jacket jacket_on_shoulders large_breasts long_hair necktie official_alternate_costume open_clothes open_jacket pants parted_lips pince-nez purple_eyes purple_hair round_eyewear shirt simple_background smile solo sunglasses suspenders white_background white_shirt,absurdres bad_id bad_pixiv_id commentary highres,4e98c5a28edc78e009242fdd628dcaf6
kafka_(honkai:_star_rail),2026-09-04T19:07:31.580-04:00,candidate,post,6641822,Kafka (Dinner Party) (Honkai: Star Rail),Dinner Party,https://danbooru.donmai.us/wiki_pages/kafka_(honkai%3A_star_rail),https://danbooru.donmai.us/wiki_pages/Kafka_(Dinner_Party)_(Honkai%3A_Star_Rail),found,2025-06-27T11:46:39.917-04:00,"An [[official alternate costume|official costume]] of [[Honkai: Star Rail]]'s [[Kafka (honkai: star rail)|]], exclusive to the 1.2 Nameless Honor set.

She is portrayed in a [[black dress]] with [[criss-cross straps]], usually with a [[pearl necklace]], [[black choker]], and a [[black jacket|black]] [[jacket on shoulders|jacket on her shoulders]].",https://danbooru.donmai.us/posts/6641822,https://twitter.com/To___e/status/1697149091795583186,kafka_(dinner_party)_(honkai:_star_rail) kafka_(honkai:_star_rail),honkai:_star_rail honkai_(series),1girl alcohol black_background black_dress black_jacket black_nails bracelet breasts chair character_name cleavage closed_mouth cup dress drinking_glass fingernails formal_clothes hair_between_eyes jacket jewelry large_breasts long_hair looking_at_viewer nail_polish official_alternate_costume on_chair petals purple_eyes purple_hair red_petals red_wine sidelocks simple_background sitting smile solo upper_body wine wine_glass,commentary english_commentary highres,70d55a1d1ae2863ad7375bc1f796427e
kafka_(honkai:_star_rail),2026-09-04T19:07:31.580-04:00,candidate,post,7484061,Kafka (Star Rail Live 2024) (Honkai: Star Rail),Star Rail Live 2024,https://danbooru.donmai.us/wiki_pages/kafka_(honkai%3A_star_rail),https://danbooru.donmai.us/wiki_pages/Kafka_(Star_Rail_Live_2024)_(Honkai%3A_Star_Rail),found,2024-06-02T15:22:30.578-04:00,"An [[official alternate costume]] for [[Kafka (Honkai: Star Rail)|]] from [[Honkai: Star Rail]], first seen in the 2024 Star Rail Live concert promotional material (see post #7484061).",https://danbooru.donmai.us/posts/7484061,https://act.mihoyo.com/puzzle/hkrpg/pz_stKK3ccUXV/index.html,kafka_(honkai:_star_rail) kafka_(star_rail_live_2024)_(honkai:_star_rail),honkai:_star_rail honkai_(series),1girl black_shirt black_shoes full_body high_heels holding holding_instrument holding_violin instrument long_hair looking_at_viewer off-shoulder_shirt off_shoulder playing_instrument purple_eyes purple_hair purple_skirt shirt shoes short_sleeves skirt smile solo thigh_strap thighs transparent_background violin,bad_source highres official_art,fadfc4af8a70e5e38ecf2e6d72e43604
kafka_(honkai:_star_rail),2026-09-04T19:07:31.580-04:00,asset_no_post_tags,asset,39904375,Kafka (Good Me) (Honkai: Star Rail),Good Me,https://danbooru.donmai.us/wiki_pages/kafka_(honkai%3A_star_rail),https://danbooru.donmai.us/wiki_pages/Kafka_(Good_Me)_(Honkai%3A_Star_Rail),found,2025-04-15T12:19:31.552-04:00,"An [[official alternate costume]] of [[Honkai: Star Rail]]'s [[kafka_(honkai:_star_rail)|Kafka]] for a collaboration with Good Me.

* !post #9062915: [[Official Art]]",https://danbooru.donmai.us/media_assets/39904375,,,,,,9a4fc68f4dfd45cf847e390c5a8e83b7
kafka_(honkai:_star_rail),2026-09-04T19:07:31.580-04:00,candidate,post,8390376,Kafka (impression) (honkai: star rail),Kafka Impression,https://danbooru.donmai.us/wiki_pages/kafka_(honkai%3A_star_rail),https://danbooru.donmai.us/wiki_pages/Kafka_(impression)_(honkai%3A_star_rail),found,2025-12-14T01:15:38.820-05:00,"Official [[Honkai: Star Rail]] merchandise that is themed after [[Kafka (Honkai: Star Rail)|]].  Consists of some combination of the following:

* A [[white shirt|white]] or [[purple shirt]] with [[spider web print]] on the shoulders and a [[frilled shirt|frill]] on the side.
* A black [[pinafore dress]] or [[suspender skirt]].
* A [[black cape]] styled to look like, and often drawn as, a [[jacket on shoulders]].
* A distinctive [[black necktie]] in two pieces connected by a metal ring.
* [[Black pants]] or a [[black skirt]].

In the most common combination, appears similar to the [[Ka",https://danbooru.donmai.us/posts/8390376,https://ffzero.lofter.com/post/1d0d5b0d_2bcfe1393,kafka_(honkai:_star_rail) kafka_(impression)_(honkai:_star_rail),honkai:_star_rail honkai_(series),1girl alternate_costume bag black_boots black_jacket black_necktie black_skirt boots breasts collared_shirt eyewear_on_head frilled_sleeves frills full_body gloves hair_between_eyes hand_up high-waist_skirt high_heel_boots high_heels jacket large_breasts long_sleeves looking_at_viewer necktie open_clothes open_jacket pantyhose pencil_skirt pince-nez purple_eyes purple_gloves purple_hair purple_pantyhose shirt shoulder_bag skirt smile solo standing white_background white_shirt,absurdres commentary_request highres,5214e14b17f11c76f4a2610322aa491f
kafka_(honkai:_star_rail),2026-09-04T19:07:31.580-04:00,candidate,post,9988022,Kafka (impression) (honkai: star rail),Kafka Impression,https://danbooru.donmai.us/wiki_pages/kafka_(honkai%3A_star_rail),https://danbooru.donmai.us/wiki_pages/Kafka_(impression)_(honkai%3A_star_rail),found,2025-12-14T01:15:38.820-05:00,"Official [[Honkai: Star Rail]] merchandise that is themed after [[Kafka (Honkai: Star Rail)|]].  Consists of some combination of the following:

* A [[white shirt|white]] or [[purple shirt]] with [[spider web print]] on the shoulders and a [[frilled shirt|frill]] on the side.
* A black [[pinafore dress]] or [[suspender skirt]].
* A [[black cape]] styled to look like, and often drawn as, a [[jacket on shoulders]].
* A distinctive [[black necktie]] in two pieces connected by a metal ring.
* [[Black pants]] or a [[black skirt]].

In the most common combination, appears similar to the [[Ka",https://danbooru.donmai.us/posts/9988022,https://twitter.com/ringeko_tan/status/1969046942123516033,kafka_(honkai:_star_rail) kafka_(impression)_(honkai:_star_rail),honkai:_star_rail honkai_(series),1girl alternate_costume artist_name ass black_dress black_shoes breasts dress fingernails full_body gradient_background hands_up high_heels large_breasts long_dress long_hair long_sleeves looking_at_viewer looking_to_the_side low_ponytail parted_lips ponytail purple_eyes purple_hair purple_shirt shirt shoes simple_background skindentation smile solo white_background,absurdres commentary highres,c0b4c4880f41e5c36a8e91e7e52b4f9a
kafka_(honkai:_star_rail),2026-09-04T19:07:31.580-04:00,asset_no_post_tags,asset,48718155,Kafka (Little Cat) (Honkai: Star Rail),Little Cat,https://danbooru.donmai.us/wiki_pages/kafka_(honkai%3A_star_rail),https://danbooru.donmai.us/wiki_pages/Kafka_(Little_Cat)_(Honkai%3A_Star_Rail),found,2026-06-11T20:45:36.698-04:00,"An [[aged down]] [[official alternate costume]] of [[Honkai: Star Rail|Honkai: Star Rail's]] [[Kafka (Honkai: Star Rail)|]], taken from the ""Little Cat Series"" of merchandise.",https://danbooru.donmai.us/media_assets/48718155,,,,,,c72fb9e7e8903c1ee8701ffa1dcb65d0
kafka_(honkai:_star_rail),2026-09-04T19:07:31.580-04:00,asset_no_post_tags,asset,48627925,Kafka_(girls' Dormitory) (Honkai: Star Rail),Girls' Dormitory,https://danbooru.donmai.us/wiki_pages/kafka_(honkai%3A_star_rail),https://danbooru.donmai.us/wiki_pages/Kafka_(girls'_Dormitory)_(Honkai%3A_Star_Rail),found,2026-06-06T20:38:47.173-04:00,"An [[official alternate costume]] of [[Honkai: Star Rail|Honkai: Star Rail's]] [[Kafka (Honkai: Star Rail)|]], taken from the ""Girls' Dormitory"" merchandise series.",https://danbooru.donmai.us/media_assets/48627925,,,,,,107b786a8075572b0d3f143c28c9b193
acheron_(honkai:_star_rail),2026-09-08T14:32:11.724-04:00,candidate,post,7691435,,Default,https://danbooru.donmai.us/wiki_pages/acheron_(honkai%3A_star_rail),,,,,https://danbooru.donmai.us/posts/7691435,Sprite #1308,acheron_(honkai:_star_rail),honkai:_star_rail honkai_(series),1girl arrow_(projectile) asymmetrical_footwear black_boots boots full_body hair_over_one_eye high_heel_boots high_heels holding holding_sword holding_umbrella holding_weapon knee_boots long_hair navel oil-paper_umbrella purple_hair short_shorts shorts single_knee_boot single_thigh_boot solo sword thigh_boots transparent_background umbrella weapon,game_asset highres non-web_source official_art,16760db3d4a94386653105029a17367b
acheron_(honkai:_star_rail),2026-09-08T14:32:11.724-04:00,candidate,post,7339400,Acheron (Slashed Dream) (Honkai: Star Rail),Slashed Dream,https://danbooru.donmai.us/wiki_pages/acheron_(honkai%3A_star_rail),https://danbooru.donmai.us/wiki_pages/Acheron_(Slashed_Dream)_(Honkai%3A_Star_Rail),found,2026-04-24T04:29:03.356-04:00,"An appearance used by [[Acheron (Honkai: Star Rail)|]] in [[Honkai: Star Rail]] while using her full power in combat.

Key differences from her base appearance include an overall change to a black-and-white palette with traces of red, a red arm ([[colored extremities]]) in place of her [[single elbow glove]], a reduction of her coat piece to just [[coattails]] and a [[single detached sleeve]] that is also [[single wide sleeve|wide]].

This tag may also be used with [[Acheron (Izumo) (Honkai: Star Rail)|]]. [[Red horns]], [[white hair]], [[colored extremities]] and [[red eyes]] are a key di",https://danbooru.donmai.us/posts/7339400,https://twitter.com/euneun_000/status/1769000065211711505,acheron_(honkai:_star_rail) acheron_(slashed_dream)_(honkai:_star_rail),honkai:_star_rail honkai_(series),1girl arm_tattoo asymmetrical_legwear belly belt black_choker black_gloves black_pantyhose black_shorts breasts bright_pupils choker chromatic_aberration cleavage colored_extremities dark_background detached_sleeves flower_ornament gloves greyscale hair_ornament hair_over_one_eye holding holding_sword holding_weapon katana large_breasts leg_tattoo long_bangs long_hair long_sleeves looking_at_viewer monochrome navel pantyhose red_eyes red_hands shorts sky solo_focus spot_color star_(sky) starry_sky starry_sky_background stomach sword tattoo weapon white_pupils,commentary_request,b69d0e26bfce5c17e7944bf120a45715
acheron_(honkai:_star_rail),2026-09-08T14:32:11.724-04:00,candidate,post,7853437,Acheron (Izumo) (Honkai: Star Rail),Izumo,https://danbooru.donmai.us/wiki_pages/acheron_(honkai%3A_star_rail),https://danbooru.donmai.us/wiki_pages/Acheron_(Izumo)_(Honkai%3A_Star_Rail),found,2026-01-23T02:04:18.804-05:00,"An [[official alternate costume]] worn by [[Acheron (Honkai: Star Rail)|]] during the events of the fall of Izumo.

Her outfit is officially revealed in [Myriad Celestia Trailer — ""Kyoden: A Cleave Across the Transient World""](https://youtu.be/Z3aWHMg92_U) and can be seen in-game twice in the Penacony main story. She is portrayed with a slightly darker shade for her long [[purple hair]], with the most obvious difference being the presence of [[red horns|red]] oni horns reminiscent of the [[Raiden Mei (Herrscher of Thunder)|Herrscher of Thunder]]. Her outfit consists of a [[white kimono]] wit",https://danbooru.donmai.us/posts/7853437,https://t.bilibili.com/953905364532723712,acheron_(honkai:_star_rail) acheron_(izumo)_(honkai:_star_rail),honkai:_star_rail honkai_(series),1girl brown_hair company_name copyright_name eyeshadow horns japanese_clothes kimono light_smile logo makeup official_alternate_costume official_alternate_hair_color purple_eyes red_eyeshadow red_horns robe smile solo upper_body white_kimono white_robe,chinese_commentary commentary_request highres official_art,e1a02fcb2af22e321d429cb7d9dd78be
acheron_(honkai:_star_rail),2026-09-08T14:32:11.724-04:00,asset_no_post_tags,asset,23789813,Acheron (Ambush) (Honkai: Star Rail),Ambush,https://danbooru.donmai.us/wiki_pages/acheron_(honkai%3A_star_rail),https://danbooru.donmai.us/wiki_pages/Acheron_(Ambush)_(Honkai%3A_Star_Rail),found,2026-06-14T01:31:25.410-04:00,"An [[official alternate costume]] for [[Honkai: Star Rail]]'s [[Acheron (Honkai: Star Rail)|]], exclusive to the 2.2 Nameless Honor set.",https://danbooru.donmai.us/media_assets/23789813,,,,,,e323199d5aff7b7d9c151d85ec0b32f6
acheron_(honkai:_star_rail),2026-09-08T14:32:11.724-04:00,candidate,post,7610066,Acheron (Boundless Choreo) (Honkai: Star Rail),Boundless Choreo,https://danbooru.donmai.us/wiki_pages/acheron_(honkai%3A_star_rail),https://danbooru.donmai.us/wiki_pages/Acheron_(Boundless_Choreo)_(Honkai%3A_Star_Rail),found,2025-12-01T09:30:56.406-05:00,"An [[official alternate costume|official costume]] of [[Honkai: Star Rail]]'s [[Acheron (Honkai: Star Rail)|]] in the Light Cone, ""Boundless Choreo"":[https://honkai-star-rail.fandom.com/wiki/Boundless_Choreo]. It consists of a [[white shirt]] worn under a [[black jacket]] [[suit]], and [[black pants]].",https://danbooru.donmai.us/posts/7610066,https://static.wikia.nocookie.net/houkai-star-rail/images/3/30/Light_Cone_Boundless_Choreo_Artwork.png/revision/latest?cb=20240508030648&format=original,acheron_(boundless_choreo)_(honkai:_star_rail) acheron_(honkai:_star_rail) black_swan_(boundless_choreo)_(honkai:_star_rail) black_swan_(honkai:_star_rail),honkai:_star_rail honkai_(series),2girls backless_dress backless_outfit black_jacket black_pants collarbone dancing diamond-shaped_pupils diamond_(shape) dress earrings eyes_visible_through_hair facing_another hair_between_eyes hair_intakes hair_ornament hair_over_one_eye holding_another's_arm holding_hands jacket jewelry long_hair looking_at_another multicolored_hair multiple_girls official_alternate_costume pants purple_dress purple_eyes purple_hair streaked_hair symbol-shaped_pupils very_long_hair yuri,commentary highres official_art third-party_source,44f9594b48145cfb4cbc3b3f08b28241
acheron_(honkai:_star_rail),2026-09-08T14:32:11.724-04:00,candidate,post,9066489,Acheron (Star Rail Live 2025) (Honkai: Star Rail),Star Rail Live 2025,https://danbooru.donmai.us/wiki_pages/acheron_(honkai%3A_star_rail),https://danbooru.donmai.us/wiki_pages/Acheron_(Star_Rail_Live_2025)_(Honkai%3A_Star_Rail),found,2025-03-28T12:11:14.170-04:00,"An [[official alternate costume]] for [[acheron (Honkai: Star Rail)|]] from [[Honkai: Star Rail]] (2025 Star Rail Live concert)

H4. Appearance

* !post #9062795",https://danbooru.donmai.us/posts/9066489,https://www.weibo.com/7817290049/PkFD3ekEd,acheron_(honkai:_star_rail) acheron_(star_rail_live_2025)_(honkai:_star_rail),honkai:_star_rail honkai_(series),1girl asymmetrical_gloves black_dress black_gloves dress earrings elbow_gloves electric_guitar gloves guitar hair_intakes hair_over_one_eye half_gloves holding holding_guitar holding_instrument holding_plectrum instrument jacket jacket_on_shoulders jewelry long_hair necklace official_alternate_costume parted_lips pearl_necklace plectrum purple_eyes purple_hair red_dress side_slit single_earring solo strapless strapless_dress two-tone_dress uneven_gloves very_long_hair,absurdres commentary_request highres official_art second-party_source,d301649b567cece1b2bbd674a75bde18
acheron_(honkai:_star_rail),2026-09-08T14:32:11.724-04:00,asset_no_post_tags,asset,48758001,Acheron (Little Cat) (Honkai: Star Rail),Little Cat,https://danbooru.donmai.us/wiki_pages/acheron_(honkai%3A_star_rail),https://danbooru.donmai.us/wiki_pages/Acheron_(Little_Cat)_(Honkai%3A_Star_Rail),found,2026-06-14T15:36:30.840-04:00,"An [[aged down]] [[official alternate costume]] of [[Honkai: Star Rail|Honkai: Star Rail's]] [[Acheron (Honkai: Star Rail)|]], taken from the ""Little Cat Series"" of merchandise.",https://danbooru.donmai.us/media_assets/48758001,,,,,,5a434caec24512505c6efb1e467ebad3
firefly_(honkai:_star_rail),2026-09-04T19:08:32.309-04:00,candidate,post,7726554,,Default (with SAM),https://danbooru.donmai.us/wiki_pages/firefly_(honkai%3A_star_rail),,,,,https://danbooru.donmai.us/posts/7726554,assets/asbres/spriteoutput/avatardrawcard/1310,firefly_(honkai:_star_rail) sam_(honkai:_star_rail),honkai:_star_rail honkai_(series),1girl ankle_boots armor black_boots black_bridal_gauntlets black_capelet black_headband black_thighhighs boots breasts bridal_gauntlets capelet dress floating_hair full_body gradient_thighhighs green_dress green_eyes green_thighhighs grey_hair hair_intakes headband holding holding_sword holding_weapon long_hair medium_breasts multicolored_boots multicolored_dress multicolored_eyes pink_eyes power_armor short_dress solo sword thighhighs transparent_background two-tone_eyes weapon white_boots white_dress,game_asset highres non-web_source official_art,56a69c1abd8d56a637544199d2148940
firefly_(honkai:_star_rail),2026-09-04T19:08:32.309-04:00,candidate,post,9556115,Firefly (Spring Missive) (honkai: star rail),Spring Missive,https://danbooru.donmai.us/wiki_pages/firefly_(honkai%3A_star_rail),https://danbooru.donmai.us/wiki_pages/Firefly_(Spring_Missive)_(honkai%3A_star_rail),found,2026-08-29T11:06:24.622-04:00,"An [[official alternate costume|official costume]] of [[Honkai: Star Rail]]'s [[Firefly (honkai: star rail)|]], released in the 3.4 patch.

It is [[serafuku]]-themed and consists of a [[long sleeves|long-sleeved]] [[double-breasted]] [[white shirt]] with a [[grey sailor collar]], a [[green bow|teal bow]], a [[grey skirt|grey]] [[pleated skirt|pleated]] [[plaid skirt]], [[white thighhighs]], and [[black shoes|black]] [[loafers]].",https://danbooru.donmai.us/posts/9556115,assets/asbres/spriteoutput/avatardrawcard/avatarskin/1131001,firefly_(honkai:_star_rail) firefly_(spring_missive)_(honkai:_star_rail) sam_(honkai:_star_rail),honkai:_star_rail honkai_(series),1girl bag black_hairband bouquet bow breasts brown_shoes colored_tips falling_petals gradient_hair green_bow green_hair grey_hair grey_sailor_collar grey_skirt hair_intakes hairband holding holding_bag holding_bouquet loafers long_hair long_sleeves medium_breasts miniskirt multicolored_hair official_alternate_costume open_mouth paper_bag penny_loafers petals sailor_collar school_uniform serafuku shirt shoes sign skirt smile solo teeth thighhighs transparent_background upper_teeth_only white_shirt white_thighhighs window zettai_ryouiki,game_asset highres non-web_source official_art,50c42f296a59909282e44f1773d4234d
firefly_(honkai:_star_rail),2026-09-04T19:08:32.309-04:00,candidate,post,7683192,Firefly (AR-26710) (honkai: star rail),AR-26710,https://danbooru.donmai.us/wiki_pages/firefly_(honkai%3A_star_rail),https://danbooru.donmai.us/wiki_pages/Firefly_(AR-26710)_(honkai%3A_star_rail),found,2025-11-17T12:24:08.740-05:00,"An [[official alternate costume|official costume]] of [[Honkai: Star Rail]]'s [[Firefly (Honkai: Star Rail)|]] in her past as [spoiler]a member of Glamoth's Iron Cavalry[/spoiler], with her [spoiler]serial number[/spoiler] being ""AR-26710"".",https://danbooru.donmai.us/posts/7683192,https://twitter.com/houkaistarrail/status/1799078132542275587,firefly_(ar-26710)_(honkai:_star_rail) firefly_(honkai:_star_rail),honkai:_star_rail honkai_(series),1girl black_bow black_hairband black_ribbon bodysuit bow breasts bug cloud firefly hair_bow hair_ribbon hairband long_hair mecha_pilot_suit night official_alternate_costume outdoors purple_eyes ribbon sky small_breasts solo upper_body very_long_hair white_bodysuit white_hair,commentary_request highres official_art,91be7e28fed5d1341fa39cf56b32d064
firefly_(honkai:_star_rail),2026-09-04T19:08:32.309-04:00,candidate,post,8035938,Firefly (Jepella Rebellion) (honkai: star rail),Jepella Rebellion,https://danbooru.donmai.us/wiki_pages/firefly_(honkai%3A_star_rail),https://danbooru.donmai.us/wiki_pages/Firefly_(Jepella_Rebellion)_(honkai%3A_star_rail),found,2025-11-17T12:23:48.085-05:00,"An [[official alternate costume|official costume]] of [[Honkai: Star Rail]]'s [[Firefly (Honkai: Star Rail)|]] during the events of the Jepella Rebellion.

Unlike her fellow Stellaron Hunters, her outfit isn't shown during ""Myriad Celestia Trailer: The Jepella Rebellion — Scene 47"":[https://www.youtube.com/watch?v=D9yIlGpgCus], due to not appearing as herself at any point during the video (she instead appears as [[SAM (honkai: star rail)|]]); her outfit during the rebellion is seen during a flashback CG during the Penacony story arc.

While her skirt is canonically a long black skirt, some",https://danbooru.donmai.us/posts/8035938,https://t.bilibili.com/944400829552525330,firefly_(honkai:_star_rail) firefly_(jepella_rebellion)_(honkai:_star_rail),honkai:_star_rail honkai_(series),1girl :d black_hairband black_jacket black_neckerchief breasts cityscape collared_shirt floating_hair grey_hair hair_between_eyes hair_intakes hair_ornament hairband jacket long_hair looking_at_viewer medium_breasts multicolored_eyes neckerchief official_alternate_costume shirt shooting_star smile star_(sky) two-tone_eyes upper_body,absurdres commentary_request highres official_art,46f74bb9cc71d1fecdc36b00ab19bd31
firefly_(honkai:_star_rail),2026-09-04T19:08:32.309-04:00,asset_no_post_tags,asset,33476671,Firefly (Vision) (Honkai: Star Rail),Vision,https://danbooru.donmai.us/wiki_pages/firefly_(honkai%3A_star_rail),https://danbooru.donmai.us/wiki_pages/Firefly_(Vision)_(Honkai%3A_Star_Rail),found,2025-11-17T12:23:20.664-05:00,"An [[official alternate costume|official costume]] of [[Honkai: Star Rail]]'s [[Firefly (Honkai: Star Rail)|]], exclusive to the 2.3 Nameless Honor set.",https://danbooru.donmai.us/media_assets/33476671,,,,,,057c1bf1fd337f9125556b85d541939d
firefly_(honkai:_star_rail),2026-09-04T19:08:32.309-04:00,candidate,post,9240494,Firefly (On the Journey) (honkai: star rail),On the Journey,https://danbooru.donmai.us/wiki_pages/firefly_(honkai%3A_star_rail),https://danbooru.donmai.us/wiki_pages/Firefly_(On_the_Journey)_(honkai%3A_star_rail),found,2025-11-17T12:22:58.819-05:00,"An [[official alternate costume|official costume]] of [[Honkai: Star Rail]]'s [[Firefly (Honkai: Star Rail)|]] in ""Honkai: Star Rail Two-Year Anniversary Special Animation: On the Journey"":[https://www.youtube.com/watch?v=_OUWtPhDQpk].",https://danbooru.donmai.us/posts/9240494,https://i.pximg.net/img-original/img/2025/05/02/19/51/07/129949904_p0.png,firefly_(honkai:_star_rail) firefly_(on_the_journey)_(honkai:_star_rail),honkai:_star_rail honkai_(series),1girl artist_name bare_shoulders black_dress black_hairband blue_pupils bracelet breasts character_name closed_mouth copyright_name cowboy_shot dress earrings elbow_gloves english_text eyewear_on_head glasses gloves gradient_background gradient_gloves grey_hair hair_intakes hairband hand_on_own_hip jewelry large_breasts long_hair looking_at_viewer multicolored_eyes official_alternate_costume purple_eyes semi-rimless_eyewear shadow shirt simple_background single_earring sleeveless sleeveless_turtleneck smile solo tinted_eyewear turtleneck turtleneck_shirt two-tone_eyes,absurdres commentary english_commentary highres,da920c35a85f680c12da2bb57f1b33b0
firefly_(honkai:_star_rail),2026-09-04T19:08:32.309-04:00,candidate,post,9262309,Firefly (Impression) (Honkai: Star Rail),Impression,https://danbooru.donmai.us/wiki_pages/firefly_(honkai%3A_star_rail),https://danbooru.donmai.us/wiki_pages/Firefly_(Impression)_(Honkai%3A_Star_Rail),found,2026-06-06T16:55:26.476-04:00,"Official [[Firefly (Honkai: Star Rail)|]]-themed clothing merchandise available on official online stores.

In most often drawn configuration, consists of a [[white jacket|]] to [[aqua jacket|aqua]] [[gradient jacket]] worn over a [[black shirt|black]] [[t-shirt]] with [[black shorts]] and [[sneakers]].",https://danbooru.donmai.us/posts/9262309,https://x.com/rio_773/status/1919754921835999626?s=46,firefly_(honkai:_star_rail) firefly_(impression)_(honkai:_star_rail),honkai:_star_rail honkai_(series),2girls aqua_hair black_hairband black_shorts full_body gradient_hair grey_hair hair_intakes hairband hand_up invisible_chair jacket long_hair long_sleeves looking_at_viewer multicolored_hair multiple_girls official_alternate_costume photo_inset reference_inset shoes shorts simple_background sitting smile sneakers socks white_background white_jacket white_shoes white_socks,commentary highres,6af4ed834d0a078eedffd928808af822
firefly_(honkai:_star_rail),2026-09-04T19:08:32.309-04:00,asset_no_post_tags,asset,48585571,Firefly (Little Cat) (honkai: star rail),Little Cat,https://danbooru.donmai.us/wiki_pages/firefly_(honkai%3A_star_rail),https://danbooru.donmai.us/wiki_pages/Firefly_(Little_Cat)_(honkai%3A_star_rail),found,2026-06-14T01:01:54.183-04:00,"An [[official alternate costume]] of [[Honkai: Star Rail|Honkai: Star Rail's]] [[Firefly (Honkai: Star Rail)|]], taken from the ""Little Cat Series"" of merchandise

Appears similar at first glance to her default outfit, but can be distinguished by a [[black hairband|black]] and [[white hairband|white]] [[two-tone hairband]] and a distinctive combined [[orange neckerchief]] and [[blue necktie]].",https://danbooru.donmai.us/media_assets/48585571,,,,,,bcefec00f025019bb045892e1bc11bec
firefly_(honkai:_star_rail),2026-09-04T19:08:32.309-04:00,asset_no_post_tags,asset,48627924,Firefly (Girls' Dormitory) (Honkai: Star Rail),Girls' Dormitory,https://danbooru.donmai.us/wiki_pages/firefly_(honkai%3A_star_rail),https://danbooru.donmai.us/wiki_pages/Firefly_(Girls'_Dormitory)_(Honkai%3A_Star_Rail),found,2026-06-06T19:47:20.198-04:00,"An [[official alternate costume]] of [[Honkai: Star Rail|Honkai: Star Rail's]] [[Firefly (Honkai: Star Rail)|]], taken from the ""Girls' Dormitory"" merchandise series.",https://danbooru.donmai.us/media_assets/48627924,,,,,,0df2fdea8b00e3b582ef492d665c316b
firefly_(honkai:_star_rail),2026-09-04T19:08:32.309-04:00,asset_no_post_tags,asset,46331721,Firefly (Chimerric Park Countdown) (Honkai: Star Rail),Chimerric Park Countdown,https://danbooru.donmai.us/wiki_pages/firefly_(honkai%3A_star_rail),https://danbooru.donmai.us/wiki_pages/Firefly_(Chimerric_Park_Countdown)_(Honkai%3A_Star_Rail),found,2026-03-12T21:22:27.930-04:00,"A costume of [[Firefly (Honkai: Star Rail)|]] from [[Honkai: Star Rail]] from the countdown art for the [[HoyoFair]] 2025 ""Chimerric Park"".

Similar to the more common [[Firefly (Ar-26710) (Honkai: Star Rail)|Ar-26710]], but the [[mecha pilot suit]] has green legs, [[armored boots]], and a [[helmet]] that appears similar to [[Sam (Honkai: Star Rail)|Sam's]].",https://danbooru.donmai.us/media_assets/46331721,,,,,,afb9d652bb2566b1a4eae65345665013
robin_(honkai:_star_rail),2026-09-25T13:38:28.842-04:00,candidate,post,7691440,,Default (Harmony),https://danbooru.donmai.us/wiki_pages/robin_(honkai%3A_star_rail),,,,,https://danbooru.donmai.us/posts/7691440,assets/asbres/spriteoutput/avatardrawcard/1309,robin_(honkai:_star_rail),honkai:_star_rail honkai_(series),1girl angel_wings bird blue_shoes dress full_body gloves halo high_heels long_hair multicolored_dress open_mouth pumps purple_dress shoes solo transparent_background very_long_hair white_dress white_gloves wings,game_asset highres non-web_source official_art,995dfdf3bab54d4fe627d9a4dca17fc3
robin_(honkai:_star_rail),2026-09-25T13:38:28.842-04:00,candidate,post,12258549,Robin (summeretto) (Honkai: Star Rail),Summeretto,https://danbooru.donmai.us/wiki_pages/robin_(honkai%3A_star_rail),https://danbooru.donmai.us/wiki_pages/Robin_(summeretto)_(Honkai%3A_Star_Rail),found,2026-09-25T13:38:46.848-04:00,"A playable [[official alternate costume]] for [[Robin (Honkai: Star Rail)|]] in [[Honkai: Star Rail]].

In this form, she has a [[white bikini]], [[white sarong]], and [[uneven footwear|uneven]] [[sandals|white sandals]].",https://danbooru.donmai.us/posts/12258549,https://act-webstatic.hoyoverse.com/puzzle/hkrpg/pz_0gxSMfsWEq/resource/puzzle/2026/08/04/92d1e73376016a78f4fd8561ec617385_6545718689427677686.png,robin_(honkai:_star_rail) robin_(summeretto)_(honkai:_star_rail),honkai:_star_rail honkai_(series),1girl bass_guitar bikini bird blue_hair breasts flower full_body green_eyes hair_between_eyes halo head_wings holding holding_bass_guitar holding_instrument holding_microphone innertube instrument jewelry large_breasts long_hair looking_at_viewer microphone musical_note navel necklace official_alternate_costume open_mouth partially_submerged sandals sarong single_hair_intake smile solo sunflower swim_ring swimsuit transparent_background very_long_hair white_bikini wings,official_art,92d1e73376016a78f4fd8561ec617385
robin_(honkai:_star_rail),2026-09-25T13:38:28.842-04:00,candidate,post,7484059,Robin (Star Rail Live 2024) (Honkai: Star Rail),Star Rail Live 2024,https://danbooru.donmai.us/wiki_pages/robin_(honkai%3A_star_rail),https://danbooru.donmai.us/wiki_pages/Robin_(Star_Rail_Live_2024)_(Honkai%3A_Star_Rail),found,2025-05-01T02:21:13.828-04:00,"[[Robin (Honkai: Star Rail)|]]'s [[official alternate costume]] in the 2024 Star Rail Live concert ""promotional art"":[https://t.bilibili.com/909483376802529286].",https://danbooru.donmai.us/posts/7484059,https://act.mihoyo.com/puzzle/hkrpg/pz_stKK3ccUXV/index.html,robin_(honkai:_star_rail) robin_(star_rail_live_2024)_(honkai:_star_rail),honkai:_star_rail honkai_(series),1girl :d bare_legs bare_shoulders blue_eyes blue_gloves blue_hair bow bowtie breasts full_body gloves green_eyes halo head_wings high_heels long_hair looking_at_viewer medium_breasts off-shoulder_shirt off_shoulder official_alternate_costume open_mouth purple_bow purple_bowtie purple_gloves purple_skirt shawl shirt shoes short_sleeves skirt smile solo tachi-e transparent_background very_long_hair white_shirt white_shoes wings,bad_source highres official_art,efe28ebbd149d7e22e432e3bbd39d8fb
robin_(honkai:_star_rail),2026-09-25T13:38:28.842-04:00,asset_no_post_tags,asset,48747689,Robin (Brilliant Youth) (Honkai: Star Rail),Brilliant Youth,https://danbooru.donmai.us/wiki_pages/robin_(honkai%3A_star_rail),https://danbooru.donmai.us/wiki_pages/Robin_(Brilliant_Youth)_(Honkai%3A_Star_Rail),found,2026-06-14T01:50:59.514-04:00,[[Robin (Honkai: Star Rail)|]] as she is portrayed in the 2.7 Nameless Honor icon. It is a school uniform and pairs with [[sunday (brilliant youth) (honkai: star rail)|Sunday]].,https://danbooru.donmai.us/media_assets/48747689,,,,,,b3fb25c34ce1fc24d397697168a9c1ff
robin_(honkai:_star_rail),2026-09-25T13:38:28.842-04:00,candidate,post,10642113,Robin (Origami Big Bird) (Honkai: Star Rail),Origami Big Bird,https://danbooru.donmai.us/wiki_pages/robin_(honkai%3A_star_rail),https://danbooru.donmai.us/wiki_pages/Robin_(Origami_Big_Bird)_(Honkai%3A_Star_Rail),found,2026-06-14T01:47:25.099-04:00,"An [[official alternate costume]] of [[Honkai: Star Rail|Honkai: Star Rail's]] [[Robin (Honkai: Star Rail)|]], taken from [[Sunday (Honkai: Star Rail)|Sunday's]] ""Keeping Up With Star Rail"":[https://www.youtube.com/watch?v=zl6MLsJdS5g] video.",https://danbooru.donmai.us/posts/10642113,https://i.pximg.net/img-original/img/2026/01/21/00/00/23/140183608_p0.jpg,robin_(honkai:_star_rail) robin_(origami_big_bird)_(honkai:_star_rail),honkai:_star_rail honkai_(series),1girl alternate_costume aqua_eyes black_boots blue_hair blue_scarf blush boots brown_coat closed_mouth coat cup disposable_coffee_cup disposable_cup earrings feathered_wings fingernails full_body hair_between_eyes halo hand_in_pocket hand_up head_wings high_heel_boots high_heels holding holding_cup jewelry long_hair long_sleeves looking_at_viewer nail_polish scarf shoes simple_background solo twitter_username very_long_hair white_background white_wings wings winter_clothes,absurdres commentary_request highres,24338b604d81db8834c6fb7d8416c71c
robin_(honkai:_star_rail),2026-09-25T13:38:28.842-04:00,candidate,post,8768186,Robin (Concert For Two) (Honkai: Star Rail),Concert for Two,https://danbooru.donmai.us/wiki_pages/robin_(honkai%3A_star_rail),https://danbooru.donmai.us/wiki_pages/Robin_(Concert_For_Two)_(Honkai%3A_Star_Rail),found,2025-09-01T14:46:12.134-04:00,"An [[aged down]] version of [[Robin (Honkai: Star Rail)|]] from [[Honkai: Star Rail]], as shown on the art for the light cone ""Concert For Two"".

Portrayed with a [[white dress]] with [[purple trim]].",https://danbooru.donmai.us/posts/8768186,https://static.wikia.nocookie.net/houkai-star-rail/images/9/9d/Light_Cone_Concert_for_Two_Artwork.png?format=original,robin_(concert_for_two)_(honkai:_star_rail) robin_(honkai:_star_rail) sunday_(concert_for_two)_(honkai:_star_rail) sunday_(honkai:_star_rail),honkai:_star_rail honkai_(series),1boy 1girl :d aged_down bird_wings border brother_and_sister child clapping feathered_wings from_above grey_hair hair_bun half_updo halo head_wings indoors long_hair medium_hair open_mouth purple_hair siblings single_hair_bun smile socks standing stuffed_animal stuffed_rabbit stuffed_toy teddy_bear white_border white_socks wings wooden_floor yellow_eyes,game_asset highres official_art third-party_source,2acc177d70e4c5b745826cbea4badcba
robin_(honkai:_star_rail),2026-09-25T13:38:28.842-04:00,candidate,post,7387331,Robin (Colors) (Honkai: Star Rail),Colors,https://danbooru.donmai.us/wiki_pages/robin_(honkai%3A_star_rail),https://danbooru.donmai.us/wiki_pages/Robin_(Colors)_(Honkai%3A_Star_Rail),found,2026-01-10T22:54:47.051-05:00,"An unplayable [[official alternate costume]] of [[Robin (Honkai: Star Rail)|]] from [[Honkai: Star Rail]] from the ""Mien of Vesper"":[https://www.youtube.com/watch?v=rvMxhJds3Ow] promotional video portraying an advertisement for in-universe [[cosmetics]] brand ""Colors"" starring her.

She wears a [[white kimono]], has [[official alternate hair color|dyed]] [[black hair]], [[red eyeliner]], and [[red lips|red]] [[lipstick]].",https://danbooru.donmai.us/posts/7387331,https://twitter.com/vivi_zerou/status/1773181779186164036,acheron_(honkai:_star_rail) robin_(colors)_(honkai:_star_rail) robin_(honkai:_star_rail),honkai:_star_rail honkai_(series),1girl asymmetrical_footwear black_hair black_shorts coat coattails detached_sleeves eyeshadow hand_up head_wings hime_cut holding holding_umbrella japanese_clothes lipstick long_hair makeup purple_hair red_umbrella screen short_shorts shorts single_bare_shoulder solo tailcoat umbrella white_coat wings,absurdres commentary english_commentary highres,b38adcb4be521f54268cbb364055f3a3
robin_(honkai:_star_rail),2026-09-25T13:38:28.842-04:00,candidate,post,9224183,Robin (On the Journey) (Honkai: Star Rail),On the Journey,https://danbooru.donmai.us/wiki_pages/robin_(honkai%3A_star_rail),https://danbooru.donmai.us/wiki_pages/Robin_(On_the_Journey)_(Honkai%3A_Star_Rail),found,2025-05-18T18:10:18.851-04:00,"The outfit worn by [[Robin_(Honkai: Star Rail)|]] in the Honkai: Star Rail official second anniversary animation ""On the Journey"":[https://www.youtube.com/watch?v=GdBLXGUy2C0].",https://danbooru.donmai.us/posts/9224183,https://i.pximg.net/img-original/img/2025/04/29/02/47/50/129817131_p0.jpg,robin_(honkai:_star_rail) robin_(on_the_journey)_(honkai:_star_rail),honkai:_star_rail honkai_(series),1girl collared_shirt face_jewel halo halo_behind_head head_wings jewel_under_eye necktie official_alternate_costume pants purple_hair purple_necktie shirt solo white_wings wings,commentary_request english_commentary highres mixed-language_commentary,9beb137b2ca0d98ee4678d39893ce80d
robin_(honkai:_star_rail),2026-09-25T13:38:28.842-04:00,candidate,post,12074691,Robin (Race) (Honkai: Star Rail),Race,https://danbooru.donmai.us/wiki_pages/robin_(honkai%3A_star_rail),https://danbooru.donmai.us/wiki_pages/Robin_(Race)_(Honkai%3A_Star_Rail),found,2026-08-27T14:18:58.779-04:00,"The [[race queen]] [[official alternate costume]] of [[Honkai: Star Rail]]'s [[Robin (Honkai: Star Rail)|]], exclusive to the 4.5 Nameless Honor set and nominally linked to her [[Robin (Summeretto) (Honkai: Star Rail)|Summeretto]] outfit.

It consists of a [[blue visor cap|blue]] [[visor cap]], [[white shirt|white]] [[crop top]] with [[long sleeves|long]] [[detached sleeves]], [[white gloves|white]] [[fingerless gloves]], [[pearl belt]], and [[purple skirt]]. Her [[official alternate hairstyle|hairstyle]] for this outfit is a [[double bun]] look.",https://danbooru.donmai.us/posts/12074691,https://x.com/Hyb__muyuu/status/2090397450943262829,robin_(honkai:_star_rail) robin_(race)_(honkai:_star_rail),honkai:_star_rail honkai_(series),1girl blue_eyes blue_hair blue_hat breasts cleavage crop_top fingerless_gloves gloves hat head_wings jacket long_sleeves looking_at_viewer official_alternate_costume official_art_inset open_mouth reference_inset simple_background solo visor_cap white_background white_gloves white_jacket white_wings wings,commentary_request highres,f5eb08ebfda9a5035d095811af12dab6
robin_(honkai:_star_rail),2026-09-25T13:38:28.842-04:00,asset_no_post_tags,asset,48848179,Robin (Little Cat) (Honkai: Star Rail),Little Cat,https://danbooru.donmai.us/wiki_pages/robin_(honkai%3A_star_rail),https://danbooru.donmai.us/wiki_pages/Robin_(Little_Cat)_(Honkai%3A_Star_Rail),found,2026-06-20T16:05:02.346-04:00,"An [[aged down]] [[official alternate costume]] of [[Honkai: Star Rail|Honkai: Star Rail's]] [[Robin (Honkai: Star Rail)|]], taken from the ""Little Cat Series"" of merchandise.

Very similar to her default outfit, but the dress is [[sleeveless dress|sleeveless]] instead of strapless.",https://danbooru.donmai.us/media_assets/48848179,,,,,,0816be9300c218a609cc04bd73daeab2
robin_(honkai:_star_rail),2026-09-25T13:38:28.842-04:00,asset_no_post_tags,asset,48627927,Robin (Girls' Dormitory) (Honkai: Star Rail),Girls' Dormitory,https://danbooru.donmai.us/wiki_pages/robin_(honkai%3A_star_rail),https://danbooru.donmai.us/wiki_pages/Robin_(Girls'_Dormitory)_(Honkai%3A_Star_Rail),found,2026-06-06T19:46:49.243-04:00,"An [[official alternate costume]] of [[Honkai: Star Rail|Honkai: Star Rail's]] [[Robin (Honkai: Star Rail)|]], taken from the ""Girls' Dormitory"" merchandise series.",https://danbooru.donmai.us/media_assets/48627927,,,,,,18a4716e490fd2ec9bd56731fb348f88
robin_(honkai:_star_rail),2026-09-25T13:38:28.842-04:00,candidate,post,11716723,Robin (Fanta) (Honkai: Star Rail),Fanta,https://danbooru.donmai.us/wiki_pages/robin_(honkai%3A_star_rail),https://danbooru.donmai.us/wiki_pages/Robin_(Fanta)_(Honkai%3A_Star_Rail),found,2026-07-30T18:49:02.225-04:00,"An [[official alternate costume]] of [[Honkai: Star Rail]]'s [[Robin (Honkai: Star Rail)|]] from a collaboration with [[Fanta]].

It consists of a [[crop top|cropped]] [[white shirt|white]] [[off-shoulder shirt|off-shoulder]] [[cropped shirt|shirt]], an [[orange skirt|orange]] [[miniskirt]], and a [[white belt]].",https://danbooru.donmai.us/posts/11716723,https://www.bilibili.com/opus/1220825143758028817,robin_(fanta)_(honkai:_star_rail) robin_(honkai:_star_rail) sunday_(fanta)_(honkai:_star_rail) sunday_(honkai:_star_rail),honkai:_star_rail honkai_(series),1boy 1girl aqua_eyes bag bare_shoulders blue_choker blue_hair bottle braid brother_and_sister can choker closed_mouth crop_top cropped_shirt drink_can earrings facial_mark fanta hair_between_eyes halo hand_up handbag head_wings holding holding_bottle holding_can hoop_earrings jewelry long_hair looking_at_viewer mark_under_eye midriff multicolored_hair navel official_alternate_costume orange_background orange_skirt orange_streaks ponytail shirt short_sleeves siblings single_bare_shoulder skirt smile soda_bottle soda_can stomach streaked_hair very_long_hair white_shirt wings,absurdres chinese_commentary commentary_request highres official_art,60d36263fc31dff133d5abe021fc8158
robin_(honkai:_star_rail),2026-09-25T13:38:28.842-04:00,candidate,post,11118655,Robin (Impression) (Honkai: Star Rail),Impression,https://danbooru.donmai.us/wiki_pages/robin_(honkai%3A_star_rail),https://danbooru.donmai.us/wiki_pages/Robin_(Impression)_(Honkai%3A_Star_Rail),found,2026-09-08T10:30:10.888-04:00,"Official [[Robin (Honkai: Star Rail)|]]-themed clothing merchandise available on official online stores.

Consists of two outfits:

* A [[casual]] outfit with a [[white skirt]] and a [[character print]] [[t-shirt]]
* A [[white dress]] with a [[shoulder cutout]]

Either outfit may be drawn with a distinctive [[shoulder bag]]",https://danbooru.donmai.us/posts/11118655,https://www.bilibili.com/opus/1188926881227866112,robin_(honkai:_star_rail) robin_(impression)_(honkai:_star_rail),honkai:_star_rail honkai_(series),1girl bag bandaid bandaid_on_leg blue_shirt border cat chibi closed_mouth earrings face_jewel full_body green_eyes hair_ornament halo hand_up head_wings holding holding_skateboard jewel_under_eye jewelry layered_sleeves leg_warmers long_hair long_sleeves looking_at_viewer official_alternate_costume open_mouth shirt shoes short_hair short_sleeves shoulder_bag simple_background skateboard skirt standing standing_on_one_leg star_(symbol) star_hair_ornament very_long_hair white_border white_leg_warmers white_shoes white_skirt white_wings wings,absurdres chinese_commentary commentary_request highres,15fd71004846f9b3bf6f10fda03d5b8e
herta_(honkai:_star_rail),2026-06-19T09:20:32.611-04:00,candidate,post,7689962,Herta (Puppet) (Honkai: Star Rail),Default,https://danbooru.donmai.us/wiki_pages/herta_(honkai%3A_star_rail),https://danbooru.donmai.us/wiki_pages/Herta_(Puppet)_(Honkai%3A_Star_Rail),found,2026-09-04T18:30:45.595-04:00,"The original 4-star playable version of [[Honkai: Star Rail]]'s [[Herta (honkai: star rail)|]] when you first encounter her in-game. Referred to as [b]Miss Herta[/b] in the JP version to differentiate her from the real [[the herta (honkai: star rail)|Madam Herta]].

As her puppet version is meant to represent her younger self, she is portrayed with [[long hair|long]] [[brown hair]] with [[hair intakes]], [[purple eyes]], and [[doll joints]]. Her outfit consists of a [[white dress]] worn under an outer layer [[black dress|black]] [[sailor dress]], [[black hat|black]] [[beret]] with a [[purpl",https://danbooru.donmai.us/posts/7689962,assets/asbres/spriteoutput/avatardrawcard/1013,caelus_(honkai:_star_rail) herta_(honkai:_star_rail) herta_(puppet)_(honkai:_star_rail) stelle_(honkai:_star_rail) trailblazer_(honkai:_star_rail),honkai:_star_rail honkai_(series),1girl ankle_boots beret black_boots black_hat boots brown_hair doll_joints door flower full_body hair_flower hair_ornament hair_spread_out hand_puppet hat high_heel_boots high_heels joints long_hair puppet sitting transparent_background very_long_hair wariza,game_asset highres non-web_source official_art,336790f9c753b47b69af1c8988eb443d
herta_(honkai:_star_rail),2026-06-19T09:20:32.611-04:00,candidate,post,10058848,Herta (Puppet) (Tea Break) (Honkai: Star Rail),Tea Break,https://danbooru.donmai.us/wiki_pages/herta_(honkai%3A_star_rail),https://danbooru.donmai.us/wiki_pages/Herta_(Puppet)_(Tea_Break)_(Honkai%3A_Star_Rail),found,2025-10-03T11:42:23.098-04:00,"An [[official alternate costume]] of [[Honkai: Star Rail]]'s [[herta_(puppet)_(honkai: star rail)|Herta puppet]], exclusive to the 3.0 Nameless Honor set.

Portrayed with a white [[frilled dress]].",https://danbooru.donmai.us/posts/10058848,https://houkai-star-rail.fandom.com/wiki/File:Profile_Picture_Herta_-_Tea_Break.png,herta_(honkai:_star_rail) herta_(puppet)_(honkai:_star_rail) herta_(puppet)_(tea_break)_(honkai:_star_rail) herta_(simulated_universe_avatar)_(honkai:_star_rail),honkai:_star_rail honkai_(series),border brown_hair dress flower fork frilled_dress frills holding holding_fork holding_tray looking_at_viewer profile_picture purple_eyes purple_flower purple_ribbon ribbon round_border transparent_background tray white_ribbon,lowres official_art,1ef349e679894fc28df83bdd6a19eb9b
herta_(honkai:_star_rail),2026-06-19T09:20:32.611-04:00,candidate,post,8704047,The Herta (Honkai: Star Rail),Default,https://danbooru.donmai.us/wiki_pages/herta_(honkai%3A_star_rail),https://danbooru.donmai.us/wiki_pages/The_Herta_(Honkai%3A_Star_Rail),found,2026-09-04T18:32:32.866-04:00,"The five-star rarity and the real human form of [[Honkai: Star Rail]]'s [[Herta (honkai: star rail)|]]. Referred to as [b]Madam Herta[/b] in the JP version. Like her puppet version, she is voiced by [[Yamazaki Haruka|]] (JP) and PJ Mattson (EN).

She has [[very long hair|very long]] [[grey hair|grey]] to ash [[brown hair]] and is [[flat chest|flat]]/[[small breasts|small chested]]. Her outfit consists of a [[black_hat|black]] [[witch hat]] with a purple inner brim, black [[detached collar]] with a [[white ascot]], [[strapless dress|strapless]] [[black dress]] with [[long sleeves|long]] [[det",https://danbooru.donmai.us/posts/8704047,assets/asbres/spriteoutput/avatardrawcard/1401,herta_(honkai:_star_rail) the_herta_(honkai:_star_rail),honkai:_star_rail honkai_(series),1girl bare_shoulders black_boots black_dress black_sleeves boots brown_hair detached_sleeves dress flower from_behind full_body gears hat high_heel_boots high_heels holding holding_staff index_finger_raised keyhole knee_boots long_hair looking_at_viewer picture_frame purple_eyes purple_flower solo staff transparent_background very_long_hair witch_hat,game_asset highres non-web_source official_art,3eceaccac7ca97e113f3bf548f3920db
herta_(honkai:_star_rail),2026-06-19T09:20:32.611-04:00,candidate,post,10058851,The Herta (Tea Break) (Honkai: Star Rail),Tea Break,https://danbooru.donmai.us/wiki_pages/herta_(honkai%3A_star_rail),https://danbooru.donmai.us/wiki_pages/The_Herta_(Tea_Break)_(Honkai%3A_Star_Rail),found,2025-10-03T11:41:56.019-04:00,"An [[official alternate costume]] of [[Honkai: Star Rail]]'s [[The Herta (honkai: star rail)|]], exclusive to the 3.0 Nameless Honor set.

Portrayed with a [[black dress]] and a [[bonnet]].",https://danbooru.donmai.us/posts/10058851,https://houkai-star-rail.fandom.com/wiki/File:Profile_Picture_The_Herta_-_Tea_Break.png,herta_(honkai:_star_rail) the_herta_(honkai:_star_rail) the_herta_(tea_break)_(honkai:_star_rail),honkai:_star_rail honkai_(series),1girl black_bonnet black_dress black_ribbon bonnet border brown_hair cup dress flower hair_flower hair_ornament holding holding_cup looking_at_viewer official_alternate_costume profile_picture purple_eyes purple_flower purple_ribbon ribbon round_border solo teacup transparent_background,lowres official_art,dd87022fd79922103a5ce19660ee29aa
herta_(honkai:_star_rail),2026-06-19T09:20:32.611-04:00,candidate,post,9062824,The Herta (Star Rail Live 2025) (Honkai: Star Rail),Star Rail Live 2025,https://danbooru.donmai.us/wiki_pages/herta_(honkai%3A_star_rail),https://danbooru.donmai.us/wiki_pages/The_Herta_(Star_Rail_Live_2025)_(Honkai%3A_Star_Rail),found,2025-09-16T10:36:15.986-04:00,An [[official alternate costume]] for [[The Herta (Honkai: Star Rail)|]] from [[Honkai: Star Rail]] (2025 Star Rail Live concert),https://danbooru.donmai.us/posts/9062824,https://x.com/honkaistarrail/status/1905603765518172236?s=46,herta_(honkai:_star_rail) the_herta_(honkai:_star_rail) the_herta_(star_rail_live_2025)_(honkai:_star_rail),honkai:_star_rail honkai_(series),1girl black_bridal_gauntlets black_shoes bridal_gauntlets brown_hair brown_pantyhose closed_mouth crossed_legs detached_sleeves dress dress_flower floating_hair flower french_horn high_heels holding holding_instrument instrument long_hair long_sleeves looking_at_viewer official_alternate_costume pantyhose purple_dress purple_eyes purple_flower shoes sitting smile solo thigh_strap very_long_hair,absurdres highres official_art,e2d55bd654b71c9ad3aeb247248fd618
herta_(honkai:_star_rail),2026-06-19T09:20:32.611-04:00,asset_no_post_tags,asset,32975370,The Herta (The Herta's Magic Kitchen) (Honkai: Star Rail),The Herta's Magic Kitchen,https://danbooru.donmai.us/wiki_pages/herta_(honkai%3A_star_rail),https://danbooru.donmai.us/wiki_pages/The_Herta_(The_Herta's_Magic_Kitchen)_(Honkai%3A_Star_Rail),found,2025-09-30T14:51:50.702-04:00,"An outfit worn by [[The Herta (Honkai: Star Rail)|]] in the animated short, ""T H E H E R T A'S M A G I C K I T C H E N"":[https://www.youtube.com/watch?v=P-kgat5C1JY].

It consists of a long white [[nightgown]] worn with a [[white bowtie]].

h4.Appearance
* !asset #32975357
* !asset #32975370",https://danbooru.donmai.us/media_assets/32975370,,,,,,3ec64c3f3099e174058261d603111b68
herta_(honkai:_star_rail),2026-06-19T09:20:32.611-04:00,asset_no_post_tags,asset,48826626,The Herta (Little Cat) (Honkai: Star Rail),Little Cat,https://danbooru.donmai.us/wiki_pages/herta_(honkai%3A_star_rail),https://danbooru.donmai.us/wiki_pages/The_Herta_(Little_Cat)_(Honkai%3A_Star_Rail),found,2026-06-19T09:19:40.206-04:00,"An [[aged down]] [[official alternate costume]] of [[Honkai: Star Rail|Honkai: Star Rail's]] [[The Herta (Honkai: Star Rail)|]], taken from the ""Little Cat Series"" of merchandise.",https://danbooru.donmai.us/media_assets/48826626,,,,,,90e9bf2e814701a6e45c7b6b602bd2c9
herta_(honkai:_star_rail),2026-06-19T09:20:32.611-04:00,candidate,post,10190517,Herta (Rubert III) (Honkai: Star Rail),Rubert III,https://danbooru.donmai.us/wiki_pages/herta_(honkai%3A_star_rail),https://danbooru.donmai.us/wiki_pages/Herta_(Rubert_III)_(Honkai%3A_Star_Rail),found,2025-12-09T02:48:54.166-05:00,"An [[alternate universe]] [[bad end]] version of [[Herta (Honkai: Star Rail)|]] from [[Honkai: Star Rail|]] where she fused with [[Irontomb]] to become the Third Mechanical Emperor, as portrayed in the ""Myriad Celestia Trailer — Exotale: Scene 8"":[https://www.youtube.com/watch?v=x3bRer52asE] video.",https://danbooru.donmai.us/posts/10190517,https://twitter.com/Hksi_47/status/1983082401581678605,herta_(honkai:_star_rail) herta_(rubert_iii)_(honkai:_star_rail),honkai:_star_rail honkai_(series),1girl alternate_skin_color alternate_universe bad_end colored_skin cross doll faceless flower head_ornament purple_flower purple_skin ribs skull white_hair,commentary highres,e9ef53e147aae7825485ccba724bbc68
herta_(honkai:_star_rail),2026-06-19T09:20:32.611-04:00,candidate,post,8699666,Herta (Stars Silent As Enigmas) (Honkai: Star Rail),Stars Silent As Enigmas,https://danbooru.donmai.us/wiki_pages/herta_(honkai%3A_star_rail),https://danbooru.donmai.us/wiki_pages/Herta_(Stars_Silent_As_Enigmas)_(Honkai%3A_Star_Rail),found,2025-06-28T09:16:54.923-04:00,"A [[aged down|young]] version of [[Honkai: Star Rail]]'s [[Herta (honkai: star rail)|]], as portrayed in the Myriad Celestia Trailer ""Stars, Silent As Enigmas"":[https://www.youtube.com/watch?v=mI876O5vaYc].  Appears similar to her [[herta_(puppet)_(honkai:_star_rail) |puppet form]], but can be distinguished by her [[short hair]] and lack of [[doll joints]].",https://danbooru.donmai.us/posts/8699666,https://twitter.com/m_op8_/status/1878050752360218890,herta_(honkai:_star_rail) herta_(stars_silent_as_enigmas)_(honkai:_star_rail),honkai:_star_rail honkai_(series),1girl alternate_hair_length alternate_hairstyle beret black_capelet black_hat book capelet chain choker closed_mouth collarbone dot_nose expressionless flower frilled_choker frilled_sleeves frills grey_hair hair_flower hair_intakes hair_ornament hat holding holding_book long_sleeves notice_lines purple_choker purple_eyes purple_flower simple_background solo sparkle twitter_username upper_body watermark white_background,commentary highres,d5862c5edabc83b7cb8c1f2e4e1faf84
herta_(honkai:_star_rail),2026-06-19T09:20:32.611-04:00,asset_no_post_tags,asset,23561803,Herta (Simulated Universe Avatar) (Honkai: Star Rail),Simulated Universe Avatar,https://danbooru.donmai.us/wiki_pages/herta_(honkai%3A_star_rail),https://danbooru.donmai.us/wiki_pages/Herta_(Simulated_Universe_Avatar)_(Honkai%3A_Star_Rail),found,2024-10-20T19:18:07.289-04:00,"[[Herta (Honkai: Star Rail)|Herta]]'s avatar used within Simulated Universe and related game modes such as Divergent Universe. It has the appearance of a ghost with its eyes and mouth consisting of pixels, typically making a [[jitome]]-like expression. It wears a purple flower similar to Herta's. At time of writing no official name has been given yet.

* !asset #23561803",https://danbooru.donmai.us/media_assets/23561803,,,,,,0d1a054304f73ae309b513f2d0c786a4
herta_(honkai:_star_rail),2026-06-19T09:20:32.611-04:00,candidate,post,7213219,Herta (Wisteria Cake) (Honkai: Star Rail),Wisteria Cake,https://danbooru.donmai.us/wiki_pages/herta_(honkai%3A_star_rail),https://danbooru.donmai.us/wiki_pages/Herta_(Wisteria_Cake)_(Honkai%3A_Star_Rail),found,2025-10-24T18:14:04.530-04:00,"A version of [[Herta (honkai: star rail)|]] first introduced in [[Honkai: Star Rail]]'s [[Cake Cat (honkai: star rail)|]] event.

Has the appearance of a small grey [[cat]]-like critter with [[purple eyes]], encased in a purple cake.",https://danbooru.donmai.us/posts/7213219,https://i.pximg.net/img-original/img/2024/01/23/23/13/07/115425528_p0.png,herta_(honkai:_star_rail) herta_(puppet)_(honkai:_star_rail) herta_(wisteria_cake)_(honkai:_star_rail),honkai:_star_rail honkai_(series),1girl :< animal beret black_hat cake_cat_(honkai:_star_rail) chain dress fingernails flower grey_hair hair_flower hair_intakes hair_ornament hands_up hat holding holding_animal lock long_fingernails long_hair nail_polish padlock purple_eyes purple_nails purple_ribbon ribbon sign solo sparkle sparkling_aura spoken_squiggle squiggle twitter_username upper_body,commentary_request highres,35387078b9c667db03af80bc3a068495
ruan_mei_(honkai:_star_rail),2026-09-18T14:37:52.935-04:00,candidate,post,7691377,,Default,https://danbooru.donmai.us/wiki_pages/ruan_mei_(honkai%3A_star_rail),,,,,https://danbooru.donmai.us/posts/7691377,assets/asbres/spriteoutput/avatardrawcard/1303,ruan_mei_(honkai:_star_rail),honkai:_star_rail honkai_(series),1girl black_hair blue_shoes breasts full_body gloves green_eyes green_gloves hair_intakes high_heels long_hair medium_breasts parted_lips pumps ruan shoes solo thigh_strap transparent_background under-elbow_gloves,game_asset highres non-web_source official_art,eabb19a655e3e7c87a670bb5e93a7e53
ruan_mei_(honkai:_star_rail),2026-09-18T14:37:52.935-04:00,candidate,post,10777843,Ruan Mei (Plumblossom Letter) (Honkai: Star Rail),Plumblossom Letter,https://danbooru.donmai.us/wiki_pages/ruan_mei_(honkai%3A_star_rail),https://danbooru.donmai.us/wiki_pages/Ruan_Mei_(Plumblossom_Letter)_(Honkai%3A_Star_Rail),found,2026-02-13T06:57:26.514-05:00,"An [[official alternate costume]] of [[Honkai: Star Rail]]'s [[Ruan Mei (Honkai: Star Rail)|]], released in version 4.0.

It consists of a [[two-tone dress]] with a [[white dress|white breast top]] and [[blue dress|blue for the rest]] including a [[pelvic curtain]], flowers on her dress sleeves, [[mismatched gloves]] (left is a [[blue gloves|blue]] [[single elbow glove]], right is a regular [[white gloves|white glove]]), [[hair flower]]s on her right side, pearl [[thigh strap]] on her right leg, and [[blue shoes]].",https://danbooru.donmai.us/posts/10777843,https://static.wikia.nocookie.net/houkai-star-rail/images/4/4a/Character_Ruan_Mei_Plumblossom_Letter_Splash_Art.png?format=original,ruan_mei_(honkai:_star_rail) ruan_mei_(plumblossom_letter)_(honkai:_star_rail),honkai:_star_rail honkai_(series),1girl asymmetrical_gloves bare_legs bare_shoulders black_hair blue_dress blue_gloves dress flower flower-shaped_food folding_fan full_body gloves grey_eyes hair_flower hair_ornament hand_fan holding holding_fan looking_at_viewer mismatched_gloves off-shoulder_dress off_shoulder official_alternate_costume peach_blossom_pastry short_sleeves simple_background sitting solo tassel transparent_background two-tone_dress white_dress white_gloves,commentary english_commentary highres official_art,37a478edb30f3d48897b2bc666721a5b
ruan_mei_(honkai:_star_rail),2026-09-18T14:37:52.935-04:00,asset_no_post_tags,asset,48747180,ruan_mei_(academia)_(honkai:_star_rail),Academia,https://danbooru.donmai.us/wiki_pages/ruan_mei_(honkai%3A_star_rail),https://danbooru.donmai.us/wiki_pages/ruan_mei_(academia)_(honkai%3A_star_rail),found,2026-06-14T01:21:03.204-04:00,"An [[official alternate costume]] of [[Honkai: Star Rail]]'s [[Ruan Mei (honkai: star rail)|]], exclusive to the 1.6 Nameless Honor set.

She is portrayed [[bespectacled|with]] [[glasses]] while her outfit consists of a [[brown sweater|brown]] [[ribbed sweater]] and a [[white coat|white]] [[lab coat]].",https://danbooru.donmai.us/media_assets/48747180,,,,,,9e22d07543734e5eedcf91045f47a263
ruan_mei_(honkai:_star_rail),2026-09-18T14:37:52.935-04:00,asset_no_post_tags,asset,48730176,Ruan Mei (Little Cat) (Honkai: Star Rail),Little Cat,https://danbooru.donmai.us/wiki_pages/ruan_mei_(honkai%3A_star_rail),https://danbooru.donmai.us/wiki_pages/Ruan_Mei_(Little_Cat)_(Honkai%3A_Star_Rail),found,2026-06-12T20:45:55.067-04:00,"An [[aged down]] [[official alternate costume]] of [[Honkai: Star Rail|Honkai: Star Rail's]] [[Ruan Mei (Honkai: Star Rail)|]], taken from the ""Little Cat Series"" of merchandise.",https://danbooru.donmai.us/media_assets/48730176,,,,,,c33aaf2c15b0ec9ae4bdeb166a12682e
ruan_mei_(honkai:_star_rail),2026-09-18T14:37:52.935-04:00,asset_no_post_tags,asset,48745632,Ruan Mei (Lambda's Friend) (Honkai: Star Rail),Lambda's Friend,https://danbooru.donmai.us/wiki_pages/ruan_mei_(honkai%3A_star_rail),https://danbooru.donmai.us/wiki_pages/Ruan_Mei_(Lambda's_Friend)_(Honkai%3A_Star_Rail),found,2026-06-13T21:30:09.070-04:00,"A version of [[Ruan Mei (honkai: star rail)|]] first introduced in [[Honkai: Star Rail]]'s [[Cake Cat (honkai: star rail)|]] event.

Has the appearance of a small black-and-white [[siamese cat]]-like critter with [[blue eyes]], encased in a blue cake.",https://danbooru.donmai.us/media_assets/48745632,,,,,,336a98b7c8b2ea5c8cf2bfc9e7ede088
silver_wolf_(honkai:_star_rail),2026-09-26T08:01:00.589-04:00,candidate,post,7689924,,Default,https://danbooru.donmai.us/wiki_pages/silver_wolf_(honkai%3A_star_rail),,,,,https://danbooru.donmai.us/posts/7689924,assets/asbres/spriteoutput/avatardrawcard/1006,silver_wolf_(honkai:_star_rail),honkai:_star_rail honkai_(series),1girl black_choker black_gloves black_jacket black_shoes breasts chibi choker drill_hair eyewear_on_head full_body gloves grey_eyes grey_hair jacket navel shoes short-sleeved_jacket short_shorts short_sleeves shorts small_breasts thigh_strap transparent_background weapon,game_asset highres non-web_source official_art,82f40c3bc5f9e2fadf58d35df349c73f
silver_wolf_(honkai:_star_rail),2026-09-26T08:01:00.589-04:00,candidate,post,11189802,Silver Wolf (lv.999) (honkai: star rail),Lv.999,https://danbooru.donmai.us/wiki_pages/silver_wolf_(honkai%3A_star_rail),https://danbooru.donmai.us/wiki_pages/Silver_Wolf_(lv.999)_(honkai%3A_star_rail),found,2026-09-04T19:12:20.367-04:00,"A playable [[official alternate costume|alternate]] form of [[Honkai: Star Rail]]'s [[Silver Wolf (Honkai: Star Rail)|]].

Her outfit changes the [[print shirt|print]] on her [[white shirt|white]] [[crop top]], while she gains [[mechanical gloves|mechanical]] [[gauntlets|gauntlet]] for her right hand, a [[gradient-tinted eyewear|gradient tint]] [[sunglasses]] with a [[hair ornament]] on her right side, mechanical/[[holographic wings]] reminiscent of the [[Bronya Zaychik (Herrscher Of Truth)|Herrscher of Truth]]'s, a new [[belt]] design, blue split [[waist cape]], and [[mismatched legwear]] (",https://danbooru.donmai.us/posts/11189802,https://act-upload.mihoyo.com/sr-wiki/2026/04/17/159300832/d6e17a88a4fc4d7fad4640b804f33332_2284950615105105299.png,silver_wolf_(honkai:_star_rail) silver_wolf_(lv.999)_(honkai:_star_rail),honkai:_star_rail honkai_(series),1girl >:) bare_shoulders black_boots black_gloves black_jacket black_shorts boots crop_top drill_hair eyewear_on_head fingerless_gloves fishnet_socks fishnets full_body gauntlets gloves gradient-tinted_eyewear gradient_hair grey_eyes grey_hair hair_ornament hand_up holographic_wings jacket knee_pads long_hair looking_at_viewer mechanical_tail midriff multicolored_hair navel off_shoulder ponytail purple_hair shirt short_shorts shorts single_fingerless_glove single_gauntlet single_knee_pad single_mechanical_glove socks solo stomach sunglasses tail thigh_strap thighs tinted_eyewear v-shaped_eyebrows very_long_hair white_shirt wings,bad_link highres official_art,d6e17a88a4fc4d7fad4640b804f33332
silver_wolf_(honkai:_star_rail),2026-09-26T08:01:00.589-04:00,candidate,post,7372135,Silver Wolf (Galaxy store) (honkai: star rail),Galaxy Store,https://danbooru.donmai.us/wiki_pages/silver_wolf_(honkai%3A_star_rail),https://danbooru.donmai.us/wiki_pages/Silver_Wolf_(Galaxy_store)_(honkai%3A_star_rail),found,2026-05-25T19:08:46.447-04:00,"An [[official alternate costume]] of [[Honkai: Star Rail]]'s [[Silver Wolf (honkai:_star_rail)|]] for the Korea-exclusive Samsung Galaxy collab.

It consists of a [[crop top|cropped]] [[white shirt|white]] [[print shirt|printed]] [[cropped shirt|shirt]], [[loose_belt|loose]] [[white belt]], half [[short shorts]] half [[miniskirt]], [[purple panties]], black [[headphones]] and a [[single braid|single]] [[side braid]].

Not to be confused with Silver Wolf's similar-looking [[Silver Wolf (Opening) (Honkai: Star Rail)|Opening]] outfit.",https://danbooru.donmai.us/posts/7372135,https://i.pximg.net/img-original/img/2024/03/17/18/00/51/117004190_p0.png,silver_wolf_(galaxy_store)_(honkai:_star_rail) silver_wolf_(honkai:_star_rail),honkai:_star_rail honkai_(series) samsung,1girl bandaid black_jacket black_shorts bow braid breasts closed_mouth fishnets full_body grey_eyes grey_hair hair_between_eyes hair_ornament hairclip headset jacket long_hair looking_at_viewer midriff multicolored_hair navel official_alternate_costume ponytail shirt shorts simple_background smile solo streaked_hair transparent_background white_shirt,absurdres commentary_request highres official_art resized third-party_edit third-party_source upscaled waifu2x,619bbd0519773db7aacc6d9e9b53d2e0
silver_wolf_(honkai:_star_rail),2026-09-26T08:01:00.589-04:00,candidate,post,7923516,Silver Wolf (Jepella rebellion) (honkai: star rail),Jepella Rebellion,https://danbooru.donmai.us/wiki_pages/silver_wolf_(honkai%3A_star_rail),https://danbooru.donmai.us/wiki_pages/Silver_Wolf_(Jepella_rebellion)_(honkai%3A_star_rail),found,2024-07-07T18:07:17.588-04:00,"An [[official alternate costume]] worn by [[Silver Wolf (Honkai: Star Rail)|]] during the events of the Jepella Rebellion, as depicted in ""Myriad Celestia Trailer: The Jepella Rebellion — Scene 47"":[https://www.youtube.com/watch?v=D9yIlGpgCus].",https://danbooru.donmai.us/posts/7923516,https://i.pximg.net/img-original/img/2024/07/29/22/03/40/120999480_p0.png,silver_wolf_(honkai:_star_rail) silver_wolf_(jepella_rebellion)_(honkai:_star_rail),honkai:_star_rail honkai_(series),1girl arm_strap black_gloves drill_hair gloves grey_hair grey_necktie grey_vest gun hair_ornament hairclip hand_up handgun holding holding_gun holding_weapon long_hair looking_at_viewer necktie official_alternate_costume ponytail purple_eyes revolver shirt solo upper_body vest weapon white_shirt,absurdres commentary_request highres,60e17995445e66ca97a3dcad81951b56
silver_wolf_(honkai:_star_rail),2026-09-26T08:01:00.589-04:00,asset_no_post_tags,asset,23789060,Silver Wolf (Opening) (honkai: star rail),Opening,https://danbooru.donmai.us/wiki_pages/silver_wolf_(honkai%3A_star_rail),https://danbooru.donmai.us/wiki_pages/Silver_Wolf_(Opening)_(honkai%3A_star_rail),found,2026-05-11T23:32:04.574-04:00,"An outfit worn by [[Silver Wolf (Honkai: Star Rail)|]] in the Nameless Honor exclusive Profile Picture, ""Silver Wolf: Opening"":[https://honkai-star-rail.fandom.com/wiki/Silver_Wolf:_Opening_(Profile_Picture)].

Not to be confused with Silver Wolf's similar-looking [[Silver Wolf (galaxy store) (honkai: star rail)|Samsung]] outfit; the main difference is that her ""Opening"" outfit has her hair done in [[twintails]], wears [[pixel sunglasses]] [[sunglasses]] [[eyewear on head|on her head]], has a [[bandaid on cheek|bandaid on her cheek]], and she does not wear a jacket,",https://danbooru.donmai.us/media_assets/23789060,,,,,,af4c7e4086ee94d28fe899e030da4e8f
silver_wolf_(honkai:_star_rail),2026-09-26T08:01:00.589-04:00,asset_no_post_tags,asset,48747573,Silver Wolf (Amusement) (Honkai: Star Rail),Amusement,https://danbooru.donmai.us/wiki_pages/silver_wolf_(honkai%3A_star_rail),https://danbooru.donmai.us/wiki_pages/Silver_Wolf_(Amusement)_(Honkai%3A_Star_Rail),found,2026-06-14T01:43:37.545-04:00,"An [[official alternate costume]] of [[Honkai: Star Rail]]'s [[Silver Wolf (Honkai: Star Rail)|]] in her [[Silver Wolf (Lv.999) (Honkai: Star Rail)|Lv.999]] form, exclusive to the 4.2 Nameless Honor set.

It consists of a [[black hoodie]] with [[animal ear hood|animal ears]], [[iridescent clothes|holographic]] pumpkin cutout [[sunglasses]], a [[crop top|cropped]], [[white shirt|white]] [[cropped shirt|shirt]], a [[black belt|black]] [[belt collar]], and [[paw print]] [[mismatched gloves|differently-colored gloves]] ([[purple gloves|purple left]] and [[blue gloves|blue right]]).",https://danbooru.donmai.us/media_assets/48747573,,,,,,1ea25ddc4c3566d19a62351687b576cb
silver_wolf_(honkai:_star_rail),2026-09-26T08:01:00.589-04:00,candidate,post,11196720,Silver Wolf (Beginner's Guide) (Honkai: Star Rail),Beginner's Guide,https://danbooru.donmai.us/wiki_pages/silver_wolf_(honkai%3A_star_rail),https://danbooru.donmai.us/wiki_pages/Silver_Wolf_(Beginner's_Guide)_(Honkai%3A_Star_Rail),found,2026-04-20T00:40:11.332-04:00,"The [[aged down|younger]] version of [[Honkai: Star Rail]]'s [[Silver Wolf (Honkai: Star Rail)|]], as seen in the trailer ""Beginner's Guide"":[https://www.youtube.com/watch?v=NEn6umYiiU8]. This is from her early days living in her home planet of Punklorde and closely resembles the [[Bronya Zaychik (Haxxor Bunny)|Haxxor Bunny outfit]].

Her Punklorde outfit consists of a [[black hood]] paired to a [[black coat]] with [[shoulder cutout]]s, with an opening on her hood for her [[drill ponytail]], [[purple-tinted eyewear|purple-tint]] [[sunglasses]] [[eyewear on head|on her head]], [[black belt|b",https://danbooru.donmai.us/posts/11196720,https://i.pximg.net/img-original/img/2026/04/18/22/26/44/143711074_p0.jpg,silver_wolf_(beginner's_guide)_(honkai:_star_rail) silver_wolf_(honkai:_star_rail),honkai:_star_rail honkai_(series),1girl abstract_background belt black_gloves black_hood black_shorts character_name drill_hair drill_ponytail feet_out_of_frame floating_hair gloves grey_eyes grey_hair hair_between_eyes hand_on_own_hip holographic_monitor looking_at_screen midriff navel official_alternate_costume pink_belt pouch short_sleeves shorts solo thigh_pouch thigh_strap,commentary english_commentary highres,38e204cb6d2beeef115853efb5f3c048
silver_wolf_(honkai:_star_rail),2026-09-26T08:01:00.589-04:00,candidate,post,11196658,Silver Wolf (Dark Zone Emperor) (Honkai: Star Rail),Dark Zone Emperor,https://danbooru.donmai.us/wiki_pages/silver_wolf_(honkai%3A_star_rail),https://danbooru.donmai.us/wiki_pages/Silver_Wolf_(Dark_Zone_Emperor)_(Honkai%3A_Star_Rail),found,2026-04-21T01:18:41.811-04:00,"An [[alternate universe]] version of [[Silver Wolf (Honkai: Star Rail)|]] from [[Honkai: Star Rail|]] where she founded a Dark Zone Empire and crushed the IPC,  as seen in the trailer ""Scene 999: GAME NOT OVER"":[https://www.youtube.com/watch?v=paFelc1vM1k].",https://danbooru.donmai.us/posts/11196658,https://i.pximg.net/img-original/img/2026/04/18/02/11/39/143678139_p0.jpg,silver_wolf_(dark_zone_emperor)_(honkai:_star_rail) silver_wolf_(honkai:_star_rail) silver_wolf_(lv.999)_(honkai:_star_rail),honkai:_star_rail honkai_(series),2girls abstract_background arm_up cropped_shirt drill_hair dual_persona duel eye_contact from_side glowing grey_eyes grey_hair jacket long_hair looking_at_another midriff multiple_girls official_alternate_costume scene_reference shirt very_long_hair,absurdres commentary english_commentary highres,8f176cfdace7e565f42da7dc6259c08e
silver_wolf_(honkai:_star_rail),2026-09-26T08:01:00.589-04:00,asset_no_post_tags,asset,48718324,Silver Wolf (Little Cat) (Honkai: Star Rail),Little Cat,https://danbooru.donmai.us/wiki_pages/silver_wolf_(honkai%3A_star_rail),https://danbooru.donmai.us/wiki_pages/Silver_Wolf_(Little_Cat)_(Honkai%3A_Star_Rail),found,2026-06-11T21:14:12.727-04:00,"An [[aged down]] [[official alternate costume]] of [[Honkai: Star Rail|Honkai: Star Rail's]] [[Silver Wolf (Honkai: Star Rail)|]], taken from the ""Little Cat Series"" of merchandise.

Not to be confused with her similar [[Silver Wolf (Girls' Dormitory) (Honkai: Star Rail)|Girls' Dormitory]] costume.  In her Little Cat costume, she wears her normal [[purple-tinted eyewear]] and a [[skirt]].",https://danbooru.donmai.us/media_assets/48718324,,,,,,1b081fcb1abf21d641bfbbb648b01594
silver_wolf_(honkai:_star_rail),2026-09-26T08:01:00.589-04:00,asset_no_post_tags,asset,48627926,Silver Wolf (Girls' Dormitory) (Honkai: Star Rail),Girls' Dormitory,https://danbooru.donmai.us/wiki_pages/silver_wolf_(honkai%3A_star_rail),https://danbooru.donmai.us/wiki_pages/Silver_Wolf_(Girls'_Dormitory)_(Honkai%3A_Star_Rail),found,2026-06-11T21:16:50.912-04:00,"An [[official alternate costume]] of [[Honkai: Star Rail|Honkai: Star Rail's]] [[Silver Wolf (Honkai: Star Rail)|]], taken from the ""Girls' Dormitory"" merchandise series.

Not to be confused with her similar [[Silver Wolf (Little Cat) (Honkai: Star Rail)|Little Cat]]  costume. In her Girls' Dormitory costume, she wears a [[sleep mask]] and [[headphones around neck|headphones around her neck]].",https://danbooru.donmai.us/media_assets/48627926,,,,,,b0db6019ef32075567ef08ff65bebacb
silver_wolf_(honkai:_star_rail),2026-09-26T08:01:00.589-04:00,asset_no_post_tags,asset,47859375,Silver Wolf (Cat-Maid Ensemble) (Honkai: Star Rail),Cat-Maid Ensemble,https://danbooru.donmai.us/wiki_pages/silver_wolf_(honkai%3A_star_rail),https://danbooru.donmai.us/wiki_pages/Silver_Wolf_(Cat-Maid_Ensemble)_(Honkai%3A_Star_Rail),found,2026-04-23T09:31:12.058-04:00,"An [[official alternate costume]] of [[Honkai: Star Rail|Honkai: Star Rail's]] [[Silver Wolf (Honkai: Star Rail)|]] that appears in her character trailer ""Solo Maxxing"":[https://www.youtube.com/watch?v=va-4BypzDQo].",https://danbooru.donmai.us/media_assets/47859375,,,,,,642acfb84e3c474ec168ccd9dec650d4
silver_wolf_(honkai:_star_rail),2026-09-26T08:01:00.589-04:00,asset_no_post_tags,asset,47859376,Silver Wolf (Wage-Slave Workwear) (Honkai: Star Rail),Wage-Slave Workwear,https://danbooru.donmai.us/wiki_pages/silver_wolf_(honkai%3A_star_rail),https://danbooru.donmai.us/wiki_pages/Silver_Wolf_(Wage-Slave_Workwear)_(Honkai%3A_Star_Rail),found,2026-04-21T06:53:37.278-04:00,"An [[official alternate costume]] of [[Honkai: Star Rail|Honkai: Star Rail's]] [[Silver Wolf (Honkai: Star Rail)|]] that appears in her character trailer ""Solo Maxxing"":[https://www.youtube.com/watch?v=va-4BypzDQo]. The coat was a modified version of miHoYo's employee uniform.",https://danbooru.donmai.us/media_assets/47859376,,,,,,f0b06f31efd8117263c50a2700cfdd83
silver_wolf_(honkai:_star_rail),2026-09-26T08:01:00.589-04:00,asset_no_post_tags,asset,47859377,Silver Wolf (Comfy Bunny Onesie) (Honkai: Star Rail),Comfy Bunny Onesie,https://danbooru.donmai.us/wiki_pages/silver_wolf_(honkai%3A_star_rail),https://danbooru.donmai.us/wiki_pages/Silver_Wolf_(Comfy_Bunny_Onesie)_(Honkai%3A_Star_Rail),found,2026-04-26T08:27:43.556-04:00,"An [[official alternate costume]] of [[Honkai: Star Rail|Honkai: Star Rail's]] [[Silver Wolf (Honkai: Star Rail)|]] that appears in her character trailer ""Solo Maxxing"":[https://www.youtube.com/watch?v=va-4BypzDQo]. Serving as her [[sleepwear]], it comes with a [[Homu (Honkai Impact)|]] plushie as a reference to [[Honkai Impact 3rd]].",https://danbooru.donmai.us/media_assets/47859377,,,,,,2f91aa1222aac7df2814cc59b3c2a417
silver_wolf_(honkai:_star_rail),2026-09-26T08:01:00.589-04:00,candidate,post,12227429,Silver Wolf (Mega Mgc Coffee) (Honkai: Star Rail),Mega Mgc Coffee,https://danbooru.donmai.us/wiki_pages/silver_wolf_(honkai%3A_star_rail),https://danbooru.donmai.us/wiki_pages/Silver_Wolf_(Mega_Mgc_Coffee)_(Honkai%3A_Star_Rail),found,2026-09-26T08:00:27.121-04:00,"An [[official alternate costume]] of [[Honkai: Star Rail]]'s [[Silver Wolf (Honkai: Star Rail)|]], from a collaboration with Mega MGC Coffee, a Korean coffee chain.",https://danbooru.donmai.us/posts/12227429,https://x.com/honkaisr_kr/status/2101657630938693719,blade_(honkai:_star_rail) mortenax_blade_(honkai:_star_rail) silver_wolf_(honkai:_star_rail) silver_wolf_(lv.999)_(honkai:_star_rail) silver_wolf_(mega_mgc_coffee)_(honkai:_star_rail),honkai:_star_rail honkai_(series),1boy 1girl adjusting_clothes adjusting_headwear asymmetrical_legwear belt black_gloves black_shoes black_socks bracelet brown_jacket closed_mouth crossed_bangs denim denim_skirt fingerless_gloves full_body gloves grey_eyes grey_hair hair_between_eyes hair_ornament hairclip hand_up hat jacket jewelry korean_text loafers long_hair looking_at_viewer midriff mismatched_legwear navel off_shoulder official_alternate_costume open_clothes open_jacket shirt shoes single_fingerless_glove single_glove skirt sleeveless sleeveless_shirt smile socks standing thigh_belt thigh_strap uneven_legwear very_long_hair white_shirt white_socks,commentary_request highres korean_commentary official_art,020283f6f56aa08958f89efec419f980
black_swan_(honkai:_star_rail),2026-09-08T14:43:24.626-04:00,candidate,post,7691426,,Default,https://danbooru.donmai.us/wiki_pages/black_swan_(honkai%3A_star_rail),,,,,https://danbooru.donmai.us/posts/7691426,assets/asbres/spriteoutput/avatardrawcard/1307,black_swan_(honkai:_star_rail),honkai:_star_rail honkai_(series),1girl black_boots black_gloves boots breasts candle detached_sleeves full_body gloves hair_spread_out hand_in_own_hair high_heels long_hair lying medium_breasts on_back purple_hair purple_sleeves skin_tight skull solo tarot transparent_background veil very_long_hair,game_asset highres non-web_source official_art,591f8231cd2ee9fcd8011ba1b6ebc9a5
black_swan_(honkai:_star_rail),2026-09-08T14:43:24.626-04:00,asset_no_post_tags,asset,40398965,Black Swan (Recollection) (Honkai: Star Rail),Recollection,https://danbooru.donmai.us/wiki_pages/black_swan_(honkai%3A_star_rail),https://danbooru.donmai.us/wiki_pages/Black_Swan_(Recollection)_(Honkai%3A_Star_Rail),found,2025-12-30T07:57:54.982-05:00,"An [[official alternate costume]] of [[Honkai: Star Rail]]'s [[Black Swan (Honkai: Star Rail)|]], exclusive to the 3.8 Nameless Honor set.

She is portrayed with a [[fur trim]] [[white dress]], [[white hat]] with a [[white ribbon]], [[blue rose]], and [[white gloves]].",https://danbooru.donmai.us/media_assets/40398965,,,,,,d6aeffeaeb700656c06e31ffb1527e2d
black_swan_(honkai:_star_rail),2026-09-08T14:43:24.626-04:00,candidate,post,7610066,Black Swan (Boundless Choreo) (Honkai: Star Rail),Boundless Choreo,https://danbooru.donmai.us/wiki_pages/black_swan_(honkai%3A_star_rail),https://danbooru.donmai.us/wiki_pages/Black_Swan_(Boundless_Choreo)_(Honkai%3A_Star_Rail),found,2025-12-01T09:31:05.953-05:00,"An [[official alternate costume|official costume]] of [[Honkai: Star Rail]]'s [[Black Swan (Honkai: Star Rail)|]] in the Light Cone, ""Boundless Choreo"":[https://honkai-star-rail.fandom.com/wiki/Boundless_Choreo].",https://danbooru.donmai.us/posts/7610066,https://static.wikia.nocookie.net/houkai-star-rail/images/3/30/Light_Cone_Boundless_Choreo_Artwork.png/revision/latest?cb=20240508030648&format=original,acheron_(boundless_choreo)_(honkai:_star_rail) acheron_(honkai:_star_rail) black_swan_(boundless_choreo)_(honkai:_star_rail) black_swan_(honkai:_star_rail),honkai:_star_rail honkai_(series),2girls backless_dress backless_outfit black_jacket black_pants collarbone dancing diamond-shaped_pupils diamond_(shape) dress earrings eyes_visible_through_hair facing_another hair_between_eyes hair_intakes hair_ornament hair_over_one_eye holding_another's_arm holding_hands jacket jewelry long_hair looking_at_another multicolored_hair multiple_girls official_alternate_costume pants purple_dress purple_eyes purple_hair streaked_hair symbol-shaped_pupils very_long_hair yuri,commentary highres official_art third-party_source,44f9594b48145cfb4cbc3b3f08b28241
black_swan_(honkai:_star_rail),2026-09-08T14:43:24.626-04:00,asset_no_post_tags,asset,48757830,Black Swan (Little Cat) (Honkai: Star Rail),Little Cat,https://danbooru.donmai.us/wiki_pages/black_swan_(honkai%3A_star_rail),https://danbooru.donmai.us/wiki_pages/Black_Swan_(Little_Cat)_(Honkai%3A_Star_Rail),found,2026-06-14T15:23:21.686-04:00,"An [[aged down]] [[official alternate costume]] of [[Honkai: Star Rail|Honkai: Star Rail's]] [[Black Swan (Honkai: Star Rail)|]], taken from the ""Little Cat Series"" of merchandise.

Extremely similar to her default outfit, but the dress is less revealing, and she has [[bare legs]] with regular boots instead of thigh boots.",https://danbooru.donmai.us/media_assets/48757830,,,,,,97c0b79aa1698cea728dda303f838b60
castorice_(honkai:_star_rail),2026-09-04T18:12:34.353-04:00,candidate,post,9118597,,Default,https://danbooru.donmai.us/wiki_pages/castorice_(honkai%3A_star_rail),,,,,https://danbooru.donmai.us/posts/9118597,assets/asbres/spriteoutput/avatardrawcard/1407,castorice_(honkai:_star_rail) pollux_(honkai:_star_rail),honkai:_star_rail honkai_(series),1girl 1other bare_shoulders bow breasts bug butterfly clothing_cutout dragon dress flower full_body gloves grass long_hair low_twintails medium_breasts memosprite purple_eyes purple_gloves purple_hair shoes short_dress thighhighs transparent_background twintails very_long_hair white_bow white_dress white_shoes white_thighhighs,game_asset highres non-web_source official_art,2a33f154742e08ff7d8c28a3cce845f0
castorice_(honkai:_star_rail),2026-09-04T18:12:34.353-04:00,candidate,post,11215514,Castorice_(Gossamer Flutter) (Honkai: Star Rail),Gossamer Flutter,https://danbooru.donmai.us/wiki_pages/castorice_(honkai%3A_star_rail),https://danbooru.donmai.us/wiki_pages/Castorice_(Gossamer_Flutter)_(Honkai%3A_Star_Rail),found,2026-04-23T01:14:26.306-04:00,"An [[official alternate costume]] of [[Honkai: Star Rail]]'s [[Castorice (Honkai: Star Rail)|]], released in version 4.2.

Her default white outfit is replaced with a [[backless dress|backless]] [[purple dress]] and darker [[purple gloves|purple]] [[elbow gloves]].

h4.Appearance

* !post #11215514",https://danbooru.donmai.us/posts/11215514,https://static.wikia.nocookie.net/houkai-star-rail/images/7/7b/Character_Castorice_Gossamer_Flutter_Splash_Art.png?format=original,castorice_(gossamer_flutter)_(honkai:_star_rail) castorice_(honkai:_star_rail),honkai:_star_rail honkai_(series),1girl backless_dress backless_outfit bare_back bare_legs bare_shoulders bug butterfly butterfly_hair_ornament champagne_flute cup detached_sleeves dress drinking_glass full_body hair_ornament holding holding_cup long_hair looking_at_viewer low_twintails official_alternate_costume purple_butterfly purple_dress purple_eyes purple_hair solo standing transparent_background twintails very_long_hair,commentary english_commentary highres official_art,eabe2953c9512c9e061152de4fc7cce6
castorice_(honkai:_star_rail),2026-09-04T18:12:34.353-04:00,asset_no_post_tags,asset,27451755,Castorice (The Flower Remembers) (Honkai: Star Rail),The Flower Remembers,https://danbooru.donmai.us/wiki_pages/castorice_(honkai%3A_star_rail),https://danbooru.donmai.us/wiki_pages/Castorice_(The_Flower_Remembers)_(Honkai%3A_Star_Rail),found,2026-05-27T20:08:58.084-04:00,"An [[official alternate costume]] worn by [[Castorice (Honkai: Star Rail)|]] in the Light Cone, ""The Flower Remembers"":[https://honkai-star-rail.fandom.com/wiki/The_Flower_Remembers].",https://danbooru.donmai.us/media_assets/27451755,,,,,,3fbb9927e75ded5bcb86024497253045
castorice_(honkai:_star_rail),2026-09-04T18:12:34.353-04:00,asset_no_post_tags,asset,33473181,Castorice (Ingenuity) (Honkai: Star Rail),Ingenuity,https://danbooru.donmai.us/wiki_pages/castorice_(honkai%3A_star_rail),https://danbooru.donmai.us/wiki_pages/Castorice_(Ingenuity)_(Honkai%3A_Star_Rail),found,2025-10-12T09:47:27.157-04:00,"[[Castorice_(honkai:_star_rail)|]] as she is portrayed in the 3.2 Nameless Honor icon.

She has a [[white hairband]], a white and/or purple [[dress]] of unclear design, and distinctive mismatched [[butterfly earrings]].",https://danbooru.donmai.us/media_assets/33473181,,,,,,172cbc897d301fe62673244145ea71b5
castorice_(honkai:_star_rail),2026-09-04T18:12:34.353-04:00,candidate,post,9062778,Castorice (Star Rail Live 2025) (Honkai: Star Rail),Star Rail Live 2025,https://danbooru.donmai.us/wiki_pages/castorice_(honkai%3A_star_rail),https://danbooru.donmai.us/wiki_pages/Castorice_(Star_Rail_Live_2025)_(Honkai%3A_Star_Rail),found,2025-03-28T12:11:56.808-04:00,"An [[official alternate costume]] for [[castorice (Honkai: Star Rail)|]] from [[Honkai: Star Rail]] (2025 Star Rail Live concert)

H4. Appearance

* !post #9062778",https://danbooru.donmai.us/posts/9062778,https://twitter.com/honkaistarrail/status/1905603278160670749,castorice_(honkai:_star_rail) castorice_(star_rail_live_2025)_(honkai:_star_rail),honkai:_star_rail honkai_(series),1girl bow bug butterfly copyright_name dress hair_between_eyes hair_intakes harp high_heels holding holding_harp holding_instrument instrument jewelry long_hair low-tied_long_hair necklace official_alternate_costume pointy_ears pumps purple_bow purple_eyes purple_hair purple_nails purple_shoes shoes sidelocks smile solo strapless strapless_dress tiara very_long_hair white_dress,commentary english_commentary highres official_art,86ea77b3ed0cdb391265f86b39a096d2
castorice_(honkai:_star_rail),2026-09-04T18:12:34.353-04:00,candidate,post,9130820,Castorice (Chrysos Chef) (Honkai: Star Rail),Chrysos Chef,https://danbooru.donmai.us/wiki_pages/castorice_(honkai%3A_star_rail),https://danbooru.donmai.us/wiki_pages/Castorice_(Chrysos_Chef)_(Honkai%3A_Star_Rail),found,2025-04-01T22:11:25.057-04:00,An [[official alternate costume]] for [[Castorice (Honkai: Star Rail)|]] from [[Honkai: Star Rail]] (The Grand Restaurant),https://danbooru.donmai.us/posts/9130820,https://i.pximg.net/img-original/img/2025/04/11/02/42/08/129174405_p0.jpg,castorice_(chrysos_chef)_(honkai:_star_rail) castorice_(honkai:_star_rail),honkai:_star_rail honkai_(series),1girl 1other ? breasts buttons cake chef_hat closed_mouth double-breasted film_grain food hat holding holding_plate holding_whisk indoors jacket long_hair looking_at_viewer medium_breasts official_alternate_costume plate pointy_ears pov pov_hands purple_eyes purple_hair purple_pupils sidelocks smile speech_bubble spoken_question_mark very_long_hair whisk white_jacket,chinese_commentary commentary_request english_commentary highres mixed-language_commentary revision,9b36a80225dd215bd53f357f1e0daf82
castorice_(honkai:_star_rail),2026-09-04T18:12:34.353-04:00,candidate,post,9132787,Castorice (Alternate Spacetime) (Honkai: Star Rail),Alternate Spacetime,https://danbooru.donmai.us/wiki_pages/castorice_(honkai%3A_star_rail),https://danbooru.donmai.us/wiki_pages/Castorice_(Alternate_Spacetime)_(Honkai%3A_Star_Rail),found,2025-10-12T09:08:52.587-04:00,"A costume of [[Castorice (Honkai: Star Rail)|]] from [[Honkai: Star Rail]] from the ""Alternate Spacetime Chronicles"":[/pools/26796] series of promotional arts.

Portrayed with a purple [[beret]] and a [[sleeveless]] [[white dress]].",https://danbooru.donmai.us/posts/9132787,https://www.weibo.com/7817290049/5154214709302690,castorice_(alternate_spacetime)_(honkai:_star_rail) castorice_(honkai:_star_rail),honkai:_star_rail honkai_(series),1girl alternate_costume beret book bookshelf bright_pupils bug butterfly closed_mouth curtains dress floating_hair hat holding holding_book long_hair pointy_ears purple_butterfly purple_eyes purple_hair purple_ribbon ribbon smile standing white_dress white_pupils,absurdres commentary_request highres official_art second-party_source,ce075bfc824a6dd2915c1c8d499f390d
castorice_(honkai:_star_rail),2026-09-04T18:12:34.353-04:00,asset_no_post_tags,asset,39904374,Castorice (Luckin Coffee) (Honkai: Star Rail),Luckin Coffee,https://danbooru.donmai.us/wiki_pages/castorice_(honkai%3A_star_rail),https://danbooru.donmai.us/wiki_pages/Castorice_(Luckin_Coffee)_(Honkai%3A_Star_Rail),found,2026-04-20T02:23:55.060-04:00,"[[Castorice_(Honkai:_Star_Rail)|]]'s [[official alternate costume]] from [[Honkai: Star Rail]]'s collaborations with ""Luckin Coffee (CN-only)"":[https://www.bilibili.com/opus/1103792868404756485] and [[Sushiro]] ""(JP-only)"":[https://x.com/akindosushiroco/status/2046047952276525539].

It consists of a [[turtleneck sweater|turtleneck]] [[white sweater]], [[blue hairband]], [[brown coat]], [[black belt]], and a [[grey skirt]] with a sideways [[plaid skirt|plaid]] pattern.",https://danbooru.donmai.us/media_assets/39904374,,,,,,1e271a58f54c2519940b154cbc2f301f
castorice_(honkai:_star_rail),2026-09-04T18:12:34.353-04:00,asset_no_post_tags,asset,37421673,Castorice (Chimerric Park Countdown) (Honkai: Star Rail),Chimerric Park Countdown,https://danbooru.donmai.us/wiki_pages/castorice_(honkai%3A_star_rail),https://danbooru.donmai.us/wiki_pages/Castorice_(Chimerric_Park_Countdown)_(Honkai%3A_Star_Rail),found,2025-11-21T12:24:01.523-05:00,"A costume of [[Castorice (Honkai: Star Rail)|]] from [[Honkai: Star Rail]] from the countdown art for the [[HoyoFair]] 2025 ""Chimerric Park"".

Portrayed in a white and purple [[kimono dress]].",https://danbooru.donmai.us/media_assets/37421673,,,,,,28727dd68e6036d71b11661ed42662d0
castorice_(honkai:_star_rail),2026-09-04T18:12:34.353-04:00,candidate,post,10532596,Chrysos Heirs School Uniform,[[Chrysos Heirs School Uniform]],https://danbooru.donmai.us/wiki_pages/castorice_(honkai%3A_star_rail),https://danbooru.donmai.us/wiki_pages/Chrysos_Heirs_School_Uniform,found,2026-05-27T19:51:23.958-04:00,"A [[school uniform]] worn by the [[Chrysos Heirs (honkai: star rail)|]] from [[Honkai: Star Rail]] in a piece of promotional art and ""animated video"":[https://www.bilibili.com/video/BV1tHyMBjETK/] for the end of the Amphoreus story.

The uniform consists of a white [[collared shirt]], a blue and grey [[striped necktie]], an optional [[brown sweater vest]], and a [[black skirt]] or [[black pants]].",https://danbooru.donmai.us/posts/10532596,https://t.bilibili.com/1152784563913621650,castorice_(honkai:_star_rail),honkai:_star_rail honkai_(series),1girl alternate_costume black_hat blue_necktie brown_vest chrysos_heirs_school_uniform closed_mouth collared_shirt flower hair_between_eyes hair_flower hair_intakes hair_ornament hand_up hands_up hat long_hair looking_at_viewer necktie pointy_ears purple_eyes purple_hair school_uniform shirt smile solo upper_body vest white_shirt,absurdres chinese_commentary commentary_request highres,b705f90e58d70bad90ee102acdc89a76
castorice_(honkai:_star_rail),2026-09-04T18:12:34.353-04:00,asset_no_post_tags,asset,48861989,Castorice (Little Cat) (Honkai: Star Rail),Little Cat,https://danbooru.donmai.us/wiki_pages/castorice_(honkai%3A_star_rail),https://danbooru.donmai.us/wiki_pages/Castorice_(Little_Cat)_(Honkai%3A_Star_Rail),found,2026-06-21T17:20:52.798-04:00,"An [[aged down]] [[official alternate costume]] of [[Honkai: Star Rail|Honkai: Star Rail's]] [[Castorice (Honkai: Star Rail)|]], taken from the ""Little Cat Series"" of merchandise.",https://danbooru.donmai.us/media_assets/48861989,,,,,,14065a16719824d4f6362e67609532f6
castorice_(honkai:_star_rail),2026-09-04T18:12:34.353-04:00,asset_no_post_tags,asset,40184486,Castorice (Butterfly Cake) (Honkai: Star Rail),Butterfly Cake,https://danbooru.donmai.us/wiki_pages/castorice_(honkai%3A_star_rail),https://danbooru.donmai.us/wiki_pages/Castorice_(Butterfly_Cake)_(Honkai%3A_Star_Rail),found,2026-05-08T21:02:53.531-04:00,"The [[chimera (honkai: star rail)|]] form of [[Castorice (Honkai: Star Rail)|]] in [[Honkai: Star Rail]]. Not to be confused with the similarly-named [[cake cat (Honkai: Star Rail)|]] form, [[Castorice (Butterfly Pea Mousse) (Honkai: Star Rail)|]].",https://danbooru.donmai.us/media_assets/40184486,,,,,,de78660bc31648122307a07b971631ed
castorice_(honkai:_star_rail),2026-09-04T18:12:34.353-04:00,asset_no_post_tags,asset,49479425,Castorice (Butterfly Pea Mousse) (Honkai: Star Rail),Pea Mousse,https://danbooru.donmai.us/wiki_pages/castorice_(honkai%3A_star_rail),https://danbooru.donmai.us/wiki_pages/Castorice_(Butterfly_Pea_Mousse)_(Honkai%3A_Star_Rail),found,2026-08-03T14:21:13.668-04:00,"The [[Cake Cat (honkai: star rail)|]] version of [[Castorice (Honkai: Star Rail)|]] from [[Honkai: Star Rail]]. Not to be confused with the similarly-named [[chimera (honkai: star rail)|]] form, [[Castorice (Butterfly Cake) (Honkai: Star Rail)|]].",https://danbooru.donmai.us/media_assets/49479425,,,,,,abf8737e573adbb60ed46ec294afc416
